-627.6902121872  0.0000000000  0.0000000000  0.0000000000  0.0000000000
-626.4335751258  0.0000000000  0.0000000000  0.0000000000  0.0000000000
-625.1769380644  0.0000000000  0.0000000000  0.0000000000  0.0000000000
-623.9203010029  0.0000000000  0.0000000000  0.0000000000  0.0000000000
-622.6636639415  0.0000000000  0.0000000000  0.0000000000  0.0000000000
-621.4070268801  0.0000000000  0.0000000000  0.0000000000  0.0000000000
-620.1503898186  0.0000000000  0.0000000000  0.0000000000  0.0000000000
-618.8937527572  0.0000000000  0.0000000000  0.0000000000  0.0000000000
-617.6371156958  0.0000000000  0.0000000000  0.0000000000  0.0000000000
-616.3804786343  0.0000000000  0.0000000000  0.0000000000  0.0000000000
-615.1238415729  0.0000000000  0.0000000000  0.0000000000  0.0000000000
-613.8672045114  0.0000000000  0.0000000000  0.0000000000  0.0000000000
-612.6105674500  0.0000000000  0.0000000000  0.0000000000  0.0000000000
-611.3539303886  0.0000000000  0.0000000000  0.0000000000  0.0000000000
-610.0972933271  0.0000000000  0.0000000000  0.0000000000  0.0000000000
-608.8406562657  0.0000000000  0.0000000000  0.0000000000  0.0000000000
-607.5840192043  0.0000000000  0.0000000000  0.0000000000  0.0000000000
-606.3273821428  0.0000000000  0.0000000000  0.0000000000  0.0000000000
-605.0707450814  0.0000000000  0.0000000000  0.0000000000  0.0000000000
-603.8141080200  0.0000000000  0.0000000000  0.0000000000  0.0000000000
-602.5574709585  0.0000000000  0.0000000000  0.0000000000  0.0000000000
-601.3008338971  0.0000000000  0.0000000000  0.0000000000  0.0000000000
-600.0441968357  0.0000000000  0.0000000000  0.0000000000  0.0000000000
-598.7875597742  0.0000000000  0.0000000000  0.0000000000  0.0000000000
-597.5309227128  0.0000000000  0.0000000000  0.0000000000  0.0000000000
-596.2742856513  0.0000000000  0.0000000000  0.0000000000  0.0000000000
-595.0176485899  0.0000000000  0.0000000000  0.0000000000  0.0000000000
-593.7610115285  0.0000000000  0.0000000000  0.0000000000  0.0000000000
-592.5043744670  0.0000000000  0.0000000000  0.0000000000  0.0000000000
-591.2477374056  0.0000000000  0.0000000000  0.0000000000  0.0000000000
-589.9911003442  0.0000000000  0.0000000000  0.0000000000  0.0000000000
-588.7344632827  0.0000000000  0.0000000000  0.0000000000  0.0000000000
-587.4778262213  0.0000000000  0.0000000000  0.0000000000  0.0000000000
-586.2211891599  0.0000000000  0.0000000000  0.0000000000  0.0000000000
-584.9645520984  0.0000000000  0.0000000000  0.0000000000  0.0000000000
-583.7079150370  0.0000000000  0.0000000000  0.0000000000  0.0000000000
-582.4512779755  0.0000000000  0.0000000000  0.0000000000  0.0000000000
-581.1946409141  0.0000000000  0.0000000000  0.0000000000  0.0000000000
-579.9380038527  0.0000000000  0.0000000000  0.0000000000  0.0000000000
-578.6813667912  0.0000000000  0.0000000000  0.0000000000  0.0000000000
-577.4247297298  0.0000000000  0.0000000000  0.0000000000  0.0000000000
-576.1680926684  0.0000000000  0.0000000000  0.0000000000  0.0000000000
-574.9114556069  0.0000000000  0.0000000000  0.0000000000  0.0000000000
-573.6548185455  0.0000000000  0.0000000000  0.0000000000  0.0000000000
-572.3981814841  0.0000000000  0.0000000000  0.0000000000  0.0000000000
-571.1415444226  0.0000000000  0.0000000000  0.0000000000  0.0000000000
-569.8849073612  0.0000000000  0.0000000000  0.0000000000  0.0000000000
-568.6282702998  0.0000000000  0.0000000000  0.0000000000  0.0000000000
-567.3716332383  0.0000000000  0.0000000000  0.0000000000  0.0000000000
-566.1149961769  0.0000000000  0.0000000000  0.0000000000  0.0000000000
-564.8583591154  0.0000000000  0.0000000000  0.0000000000  0.0000000000
-563.6017220540  0.0000000000  0.0000000000  0.0000000000  0.0000000000
-562.3450849926  0.0000000000  0.0000000000  0.0000000000  0.0000000000
-561.0884479311  0.0000000000  0.0000000000  0.0000000000  0.0000000000
-559.8318108697  0.0000000000  0.0000000000  0.0000000000  0.0000000000
-558.5751738083  0.0000000000  0.0000000000  0.0000000000  0.0000000000
-557.3185367468  0.0000000000  0.0000000000  0.0000000000  0.0000000000
-556.0618996854  0.0000000000  0.0000000000  0.0000000000  0.0000000000
-554.8052626240  0.0000000000  0.0000000000  0.0000000000  0.0000000000
-553.5486255625  0.0000000000  0.0000000000  0.0000000000  0.0000000000
-552.2919885011  0.0000000000  0.0000000000  0.0000000000  0.0000000000
-551.0353514396  0.0000000000  0.0000000000  0.0000000000  0.0000000000
-549.7787143782  0.0000000000  0.0000000000  0.0000000000  0.0000000000
-548.5220773168  0.0000000000  0.0000000000  0.0000000000  0.0000000000
-547.2654402553  0.0000000000  0.0000000000  0.0000000000  0.0000000000
-546.0088031939  0.0000000000  0.0000000000  0.0000000000  0.0000000000
-544.7521661325  0.0000000000  0.0000000000  0.0000000000  0.0000000000
-543.4955290710  0.0000000000  0.0000000000  0.0000000000  0.0000000000
-542.2388920096  0.0000000000  0.0000000000  0.0000000000  0.0000000000
-540.9822549482  0.0000000000  0.0000000000  0.0000000000  0.0000000000
-539.7256178867  0.0000000000  0.0000000000  0.0000000000  0.0000000000
-538.4689808253  0.0000000000  0.0000000000  0.0000000000  0.0000000000
-537.2123437639  0.0000000000  0.0000000000  0.0000000000  0.0000000000
-535.9557067024  0.0000000000  0.0000000000  0.0000000000  0.0000000000
-534.6990696410  0.0000000000  0.0000000000  0.0000000000  0.0000000000
-533.4424325795  0.0000000000  0.0000000000  0.0000000000  0.0000000000
-532.1857955181  0.0000000000  0.0000000000  0.0000000000  0.0000000000
-530.9291584567  0.0000000000  0.0000000000  0.0000000000  0.0000000000
-529.6725213952  0.0000000000  0.0000000000  0.0000000000  0.0000000000
-528.4158843338  0.0000000000  0.0000000000  0.0000000000  0.0000000000
-527.1592472724  0.0000000000  0.0000000000  0.0000000000  0.0000000000
-525.9026102109  0.0000000000  0.0000000000  0.0000000000  0.0000000000
-524.6459731495  0.0000000000  0.0000000000  0.0000000000  0.0000000000
-523.3893360881  0.0000000000  0.0000000000  0.0000000000  0.0000000000
-522.1326990266  0.0000000000  0.0000000000  0.0000000000  0.0000000000
-520.8760619652  0.0000000000  0.0000000000  0.0000000000  0.0000000000
-519.6194249038  0.0000000000  0.0000000000  0.0000000000  0.0000000000
-518.3627878423  0.0000000000  0.0000000000  0.0000000000  0.0000000000
-517.1061507809  0.0000000000  0.0000000000  0.0000000000  0.0000000000
-515.8495137194  0.0000000000  0.0000000000  0.0000000000  0.0000000000
-514.5928766580  0.0000000000  0.0000000000  0.0000000000  0.0000000000
-513.3362395966  0.0000000000  0.0000000000  0.0000000000  0.0000000000
-512.0796025351  0.0000000000  0.0000000000  0.0000000000  0.0000000000
-510.8229654737  0.0000000000  0.0000000000  0.0000000000  0.0000000000
-509.5663284123  0.0000000000  0.0000000000  0.0000000000  0.0000000000
-508.3096913508  0.0000000000  0.0000000000  0.0000000000  0.0000000000
-507.0530542894  0.0000000000  0.0000000000  0.0000000000  0.0000000000
-505.7964172280  0.0000000000  0.0000000000  0.0000000000  0.0000000000
-504.5397801665  0.0000000000  0.0000000000  0.0000000000  0.0000000000
-503.2831431051  0.0000000000  0.0000000000  0.0000000000  0.0000000000
-502.0265060436  0.0000000000  0.0000000000  0.0000000000  0.0000000000
-500.7698689822  0.0000000000  0.0000000000  0.0000000000  0.0000000000
-499.5132319208  0.0000000000  0.0000000000  0.0000000000  0.0000000000
-498.2565948593  0.0000000000  0.0000000000  0.0000000000  0.0000000000
-496.9999577979  0.0000000000  0.0000000000  0.0000000000  0.0000000000
-495.7433207365  0.0000000000  0.0000000000  0.0000000000  0.0000000000
-494.4866836750  0.0000000000  0.0000000000  0.0000000000  0.0000000000
-493.2300466136  0.0000000000  0.0000000000  0.0000000000  0.0000000000
-491.9734095522  0.0000000000  0.0000000000  0.0000000000  0.0000000000
-490.7167724907  0.0000000000  0.0000000000  0.0000000000  0.0000000000
-489.4601354293  0.0000000000  0.0000000000  0.0000000000  0.0000000000
-488.2034983679  0.0000000000  0.0000000000  0.0000000000  0.0000000000
-486.9468613064  0.0000000000  0.0000000000  0.0000000000  0.0000000000
-485.6902242450  0.0000000000  0.0000000000  0.0000000000  0.0000000000
-484.4335871835  0.0000000000  0.0000000000  0.0000000000  0.0000000000
-483.1769501221  0.0000000000  0.0000000000  0.0000000000  0.0000000000
-481.9203130607  0.0000000000  0.0000000000  0.0000000000  0.0000000000
-480.6636759992  0.0000000000  0.0000000000  0.0000000000  0.0000000000
-479.4070389378  0.0000000000  0.0000000000  0.0000000000  0.0000000000
-478.1504018764  0.0000000000  0.0000000000  0.0000000000  0.0000000000
-476.8937648149  0.0000000000  0.0000000000  0.0000000000  0.0000000000
-475.6371277535  0.0000000000  0.0000000000  0.0000000000  0.0000000000
-474.3804906921  0.0000000000  0.0000000000  0.0000000000  0.0000000000
-473.1238536306  0.0000000000  0.0000000000  0.0000000000  0.0000000000
-471.8672165692  0.0000000000  0.0000000000  0.0000000000  0.0000000000
-470.6105795078  0.0000000000  0.0000000000  0.0000000000  0.0000000000
-469.3539424463  0.0000000000  0.0000000000  0.0000000000  0.0000000000
-468.0973053849  0.0000000000  0.0000000000  0.0000000000  0.0000000000
-466.8406683234  0.0000000000  0.0000000000  0.0000000000  0.0000000000
-465.5840312620  0.0000000000  0.0000000000  0.0000000000  0.0000000000
-464.3273942006  0.0000000000  0.0000000000  0.0000000000  0.0000000000
-463.0707571391  0.0000000000  0.0000000000  0.0000000000  0.0000000000
-461.8141200777  0.0000000000  0.0000000000  0.0000000000  0.0000000000
-460.5574830163  0.0000000000  0.0000000000  0.0000000000  0.0000000000
-459.3008459548  0.0000000000  0.0000000000  0.0000000000  0.0000000000
-458.0442088934  0.0000000000  0.0000000000  0.0000000000  0.0000000000
-456.7875718320  0.0000000000  0.0000000000  0.0000000000  0.0000000000
-455.5309347705  0.0000000000  0.0000000000  0.0000000000  0.0000000000
-454.2742977091  0.0000000000  0.0000000000  0.0000000000  0.0000000000
-453.0176606476  0.0000000000  0.0000000000  0.0000000000  0.0000000000
-451.7610235862  0.0000000000  0.0000000000  0.0000000000  0.0000000000
-450.5043865248  0.0000000000  0.0000000000  0.0000000000  0.0000000000
-449.2477494633  0.0000000000  0.0000000000  0.0000000000  0.0000000000
-447.9911124019  0.0000000000  0.0000000000  0.0000000000  0.0000000000
-446.7344753405  0.0000000000  0.0000000000  0.0000000000  0.0000000000
-445.4778382790  0.0000000000  0.0000000000  0.0000000000  0.0000000000
-444.2212012176  0.0000000000  0.0000000000  0.0000000000  0.0000000000
-442.9645641562  0.0000000000  0.0000000000  0.0000000000  0.0000000000
-441.7079270947  0.0000000000  0.0000000000  0.0000000000  0.0000000000
-440.4512900333  0.0000000000  0.0000000000  0.0000000000  0.0000000000
-439.1946529719  0.0000000000  0.0000000000  0.0000000000  0.0000000000
-437.9380159104  0.0000000000  0.0000000000  0.0000000000  0.0000000000
-436.6813788490  0.0000000000  0.0000000000  0.0000000000  0.0000000000
-435.4247417875  0.0000000000  0.0000000000  0.0000000000  0.0000000000
-434.1681047261  0.0000000000  0.0000000000  0.0000000000  0.0000000000
-432.9114676647  0.0000000000  0.0000000000  0.0000000000  0.0000000000
-431.6548306032  0.0000000000  0.0000000000  0.0000000000  0.0000000000
-430.3981935418  0.0000000000  0.0000000000  0.0000000000  0.0000000000
-429.1415564804  0.0000000000  0.0000000000  0.0000000000  0.0000000000
-427.8849194189  0.0000000000  0.0000000000  0.0000000000  0.0000000000
-426.6282823575  0.0000000000  0.0000000000  0.0000000000  0.0000000000
-425.3716452961  0.0000000000  0.0000000000  0.0000000000  0.0000000000
-424.1150082346  0.0000000000  0.0000000000  0.0000000000  0.0000000000
-422.8583711732  0.0000000000  0.0000000000  0.0000000000  0.0000000000
-421.6017341118  0.0000000000  0.0000000000  0.0000000000  0.0000000000
-420.3450970503  0.0000000000  0.0000000000  0.0000000000  0.0000000000
-419.0884599889  0.0000000000  0.0000000000  0.0000000000  0.0000000000
-417.8318229274  0.0000000000  0.0000000000  0.0000000000  0.0000000000
-416.5751858660  0.0000000000  0.0000000000  0.0000000000  0.0000000000
-415.3185488046  0.0000000000  0.0000000000  0.0000000000  0.0000000000
-414.0619117431  0.0000000000  0.0000000000  0.0000000000  0.0000000000
-412.8052746817  0.0000000000  0.0000000000  0.0000000000  0.0000000000
-411.5486376203  0.0000000000  0.0000000000  0.0000000000  0.0000000000
-410.2920005588  0.0000000000  0.0000000000  0.0000000000  0.0000000000
-409.0353634974  0.0000000000  0.0000000000  0.0000000000  0.0000000000
-407.7787264360  0.0000000000  0.0000000000  0.0000000000  0.0000000000
-406.5220893745  0.0000000000  0.0000000000  0.0000000000  0.0000000000
-405.2654523131  0.0000000000  0.0000000000  0.0000000000  0.0000000000
-404.0088152516  0.0000000000  0.0000000000  0.0000000000  0.0000000000
-402.7521781902  0.0000000000  0.0000000000  0.0000000000  0.0000000000
-401.4955411288  0.0000000000  0.0000000000  0.0000000000  0.0000000000
-400.2389040673  0.0000000000  0.0000000000  0.0000000000  0.0000000000
-398.9822670059  0.0000000000  0.0000000000  0.0000000000  0.0000000000
-397.7256299445  0.0000000000  0.0000000000  0.0000000000  0.0000000000
-396.4689928830  0.0000000000  0.0000000000  0.0000000000  0.0000000000
-395.2123558216  0.0000000000  0.0000000000  0.0000000000  0.0000000000
-393.9557187602  0.0000000000  0.0000000000  0.0000000000  0.0000000000
-392.6990816987  0.0000000000  0.0000000000  0.0000000000  0.0000000000
-391.4424446373  0.0000000000  0.0000000000  0.0000000000  0.0000000000
-390.1858075759  0.0000000000  0.0000000000  0.0000000000  0.0000000000
-388.9291705144  0.0000000000  0.0000000000  0.0000000000  0.0000000000
-387.6725334530  0.0000000000  0.0000000000  0.0000000000  0.0000000000
-386.4158963915  0.0000000000  0.0000000000  0.0000000000  0.0000000000
-385.1592593301  0.0000000000  0.0000000000  0.0000000000  0.0000000000
-383.9026222687  0.0000000000  0.0000000000  0.0000000000  0.0000000000
-382.6459852072  0.0000000000  0.0000000000  0.0000000000  0.0000000000
-381.3893481458  0.0000000000  0.0000000000  0.0000000000  0.0000000000
-380.1327110844  0.0000000000  0.0000000000  0.0000000000  0.0000000000
-378.8760740229  0.0000000000  0.0000000000  0.0000000000  0.0000000000
-377.6194369615  0.0000000000  0.0000000000  0.0000000000  0.0000000000
-376.3627999001  0.0000000000  0.0000000000  0.0000000000  0.0000000000
-375.1061628386  0.0000000000  0.0000000000  0.0000000000  0.0000000000
-373.8495257772  0.0000000000  0.0000000000  0.0000000000  0.0000000000
-372.5928887157  0.0000000000  0.0000000000  0.0000000000  0.0000000000
-371.3362516543  0.0000000000  0.0000000000  0.0000000000  0.0000000000
-370.0796145929  0.0000000000  0.0000000000  0.0000000000  0.0000000000
-368.8229775314  0.0000000000  0.0000000000  0.0000000000  0.0000000000
-367.5663404700  0.0000000000  0.0000000000  0.0000000000  0.0000000000
-366.3097034086  0.0000000000  0.0000000000  0.0000000000  0.0000000000
-365.0530663471  0.0000000000  0.0000000000  0.0000000000  0.0000000000
-363.7964292857  0.0000000000  0.0000000000  0.0000000000  0.0000000000
-362.5397922243  0.0000000000  0.0000000000  0.0000000000  0.0000000000
-361.2831551628  0.0000000000  0.0000000000  0.0000000000  0.0000000000
-360.0265181014  0.0000000000  0.0000000000  0.0000000000  0.0000000000
-358.7698810400  0.0000000000  0.0000000000  0.0000000000  0.0000000000
-357.5132439785  0.0000000000  0.0000000000  0.0000000000  0.0000000000
-356.2566069171  0.0000000000  0.0000000000  0.0000000000  0.0000000000
-354.9999698556  0.0000000000  0.0000000000  0.0000000000  0.0000000000
-353.7433327942  0.0000000000  0.0000000000  0.0000000000  0.0000000000
-352.4866957328  0.0000000000  0.0000000000  0.0000000000  0.0000000000
-351.2300586713  0.0000000000  0.0000000000  0.0000000000  0.0000000000
-349.9734216099  0.0000000000  0.0000000000  0.0000000000  0.0000000000
-348.7167845485  0.0000000000  0.0000000000  0.0000000000  0.0000000000
-347.4601474870  0.0000000000  0.0000000000  0.0000000000  0.0000000000
-346.2035104256  0.0000000000  0.0000000000  0.0000000000  0.0000000000
-344.9468733642  0.0000000000  0.0000000000  0.0000000000  0.0000000000
-343.6902363027  0.0000000000  0.0000000000  0.0000000000  0.0000000000
-342.4335992413  0.0000000000  0.0000000000  0.0000000000  0.0000000000
-341.1769621799  0.0000000000  0.0000000000  0.0000000000  0.0000000000
-339.9203251184  0.0000000000  0.0000000000  0.0000000000  0.0000000000
-338.6636880570  0.0000000000  0.0000000000  0.0000000000  0.0000000000
-337.4070509955  0.0000000000  0.0000000000  0.0000000000  0.0000000000
-336.1504139341  0.0000000000  0.0000000000  0.0000000000  0.0000000000
-334.8937768727  0.0000000000  0.0000000000  0.0000000000  0.0000000000
-333.6371398112  0.0000000000  0.0000000000  0.0000000000  0.0000000000
-332.3805027498  0.0000000000  0.0000000000  0.0000000000  0.0000000000
-331.1238656884  0.0000000000  0.0000000000  0.0000000000  0.0000000000
-329.8672286269  0.0000000000  0.0000000000  0.0000000000  0.0000000000
-328.6105915655  0.0000000000  0.0000000000  0.0000000000  0.0000000000
-327.3539545041  0.0000000000  0.0000000000  0.0000000000  0.0000000000
-326.0973174426  0.0000000000  0.0000000000  0.0000000000  0.0000000000
-324.8406803812  0.0000000000  0.0000000000  0.0000000000  0.0000000000
-323.5840433197  0.0000000000  0.0000000000  0.0000000000  0.0000000000
-322.3274062583  0.0000000000  0.0000000000  0.0000000000  0.0000000000
-321.0707691969  0.0000000000  0.0000000000  0.0000000000  0.0000000000
-319.8141321354  0.0000000000  0.0000000000  0.0000000000  0.0000000000
-318.5574950740  0.0000000000  0.0000000000  0.0000000000  0.0000000000
-317.3008580126  0.0000000000  0.0000000000  0.0000000000  0.0000000000
-316.0442209511  0.0000000000  0.0000000000  0.0000000000  0.0000000000
-314.7875838897  0.0000000000  0.0000000000  0.0000000000  0.0000000000
-313.5309468283  0.0000000000  0.0000000000  0.0000000000  0.0000000000
-312.2743097668  0.0000000000  0.0000000000  0.0000000000  0.0000000000
-311.0176727054  0.0000000000  0.0000000000  0.0000000000  0.0000000000
-309.7610356440  0.0000000000  0.0000000000  0.0000000000  0.0000000000
-308.5043985825  0.0000000000  0.0000000000  0.0000000000  0.0000000000
-307.2477615211  0.0000000000  0.0000000000  0.0000000000  0.0000000000
-305.9911244596  0.0000000000  0.0000000000  0.0000000000  0.0000000000
-304.7344873982  0.0000000000  0.0000000000  0.0000000000  0.0000000000
-303.4778503368  0.0000000000  0.0000000000  0.0000000000  0.0000000000
-302.2212132753  0.0000000000  0.0000000000  0.0000000000  0.0000000000
-300.9645762139  0.0000000000  0.0000000000  0.0000000000  0.0000000000
-299.7079391525  0.0000000000  0.0000000000  0.0000000000  0.0000000000
-298.4513020910  0.0000000000  0.0000000000  0.0000000000  0.0000000000
-297.1946650296  0.0000000000  0.0000000000  0.0000000000  0.0000000000
-295.9380279682  0.0000000000  0.0000000000  0.0000000000  0.0000000000
-294.6813909067  0.0000000000  0.0000000000  0.0000000000  0.0000000000
-293.4247538453  0.0000000000  0.0000000000  0.0000000000  0.0000000000
-292.1681167839  0.0000000000  0.0000000000  0.0000000000  0.0000000000
-290.9114797224  0.0000000000  0.0000000000  0.0000000000  0.0000000000
-289.6548426610  0.0000000000  0.0000000000  0.0000000000  0.0000000000
-288.3982055995  0.0000000000  0.0000000000  0.0000000000  0.0000000000
-287.1415685381  0.0000000000  0.0000000000  0.0000000000  0.0000000000
-285.8849314767  0.0000000000  0.0000000000  0.0000000000  0.0000000000
-284.6282944152  0.0000000000  0.0000000000  0.0000000000  0.0000000000
-283.3716573538  0.0000000000  0.0000000000  0.0000000000  0.0000000000
-282.1150202924  0.0000000000  0.0000000000  0.0000000000  0.0000000000
-280.8583832309  0.0000000000  0.0000000000  0.0000000000  0.0000000000
-279.6017461695  0.0000000000  0.0000000000  0.0000000000  0.0000000000
-278.3451091081  0.0000000000  0.0000000000  0.0000000000  0.0000000000
-277.0884720466  0.0000000000  0.0000000000  0.0000000000  0.0000000000
-275.8318349852  0.0000000000  0.0000000000  0.0000000000  0.0000000000
-274.5751979237  0.0000000000  0.0000000000  0.0000000000  0.0000000000
-273.3185608623  0.0000000000  0.0000000000  0.0000000000  0.0000000000
-272.0619238009  0.0000000000  0.0000000000  0.0000000000  0.0000000000
-270.8052867394  0.0000000000  0.0000000000  0.0000000000  0.0000000000
-269.5486496780  0.0000000000  0.0000000000  0.0000000000  0.0000000000
-268.2920126166  0.0000000000  0.0000000000  0.0000000000  0.0000000000
-267.0353755551  0.0000000000  0.0000000000  0.0000000000  0.0000000000
-265.7787384937  0.0000000000  0.0000000000  0.0000000000  0.0000000000
-264.5221014323  0.0000000000  0.0000000000  0.0000000000  0.0000000000
-263.2654643708  0.0000000000  0.0000000000  0.0000000000  0.0000000000
-262.0088273094  0.0000000000  0.0000000000  0.0000000000  0.0000000000
-260.7521902480  0.0000000000  0.0000000000  0.0000000000  0.0000000000
-259.4955531865  0.0000000000  0.0000000000  0.0000000000  0.0000000000
-258.2389161251  0.0000000000  0.0000000000  0.0000000000  0.0000000000
-256.9822790636  0.0000000000  0.0000000000  0.0000000000  0.0000000000
-255.7256420022  0.0000000000  0.0000000000  0.0000000000  0.0000000000
-254.4690049408  0.0000000000  0.0000000000  0.0000000000  0.0000000000
-253.2123678793  0.0000000000  0.0000000000  0.0000000000  0.0000000000
-251.9557308179  0.0000000000  0.0000000000  0.0000000000  0.0000000000
-250.6990937565  0.0000000000  0.0000000000  0.0000000000  0.0000000000
-249.4424566950  0.0000000000  0.0000000000  0.0000000000  0.0000000000
-248.1858196336  0.0000000000  0.0000000000  0.0000000000  0.0000000000
-246.9291825722  0.0000000000  0.0000000000  0.0000000000  0.0000000000
-245.6725455107  0.0000000000  0.0000000000  0.0000000000  0.0000000000
-244.4159084493  0.0000000000  0.0000000000  0.0000000000  0.0000000000
-243.1592713878  0.0000000000  0.0000000000  0.0000000000  0.0000000000
-241.9026343264  0.0000000000  0.0000000000  0.0000000000  0.0000000000
-240.6459972650  0.0000000000  0.0000000000  0.0000000000  0.0000000000
-239.3893602035  0.0000000000  0.0000000000  0.0000000000  0.0000000000
-238.1327231421  0.0000000000  0.0000000000  0.0000000000  0.0000000000
-236.8760860807  0.0000000000  0.0000000000  0.0000000000  0.0000000000
-235.6194490192  0.0000000000  0.0000000000  0.0000000000  0.0000000000
-234.3628119578  0.0000000000  0.0000000000  0.0000000000  0.0000000000
-233.1061748964  0.0000000000  0.0000000000  0.0000000000  0.0000000000
-231.8495378349  0.0000000000  0.0000000000  0.0000000000  0.0000000000
-230.5929007735  0.0000000000  0.0000000000  0.0000000000  0.0000000000
-229.3362637121  0.0000000000  0.0000000000  0.0000000000  0.0000000000
-228.0796266506  0.0000000000  0.0000000000  0.0000000000  0.0000000000
-226.8229895892  0.0000000000  0.0000000000  0.0000000000  0.0000000000
-225.5663525277  0.0000000000  0.0000000000  0.0000000000  0.0000000000
-224.3097154663  0.0000000000  0.0000000000  0.0000000000  0.0000000000
-223.0530784049  0.0000000000  0.0000000000  0.0000000000  0.0000000000
-221.7964413434  0.0000000000  0.0000000000  0.0000000000  0.0000000000
-220.5398042820  0.0000000000  0.0000000000  0.0000000000  0.0000000000
-219.2831672206  0.0000000000  0.0000000000  0.0000000000  0.0000000000
-218.0265301591  0.0000000000  0.0000000000  0.0000000000  0.0000000000
-216.7698930977  0.0000000000  0.0000000000  0.0000000000  0.0000000000
-215.5132560363  0.0000000000  0.0000000000  0.0000000000  0.0000000000
-214.2566189748  0.0000000000  0.0000000000  0.0000000000  0.0000000000
-212.9999819134  0.0000000000  0.0000000000  0.0000000000  0.0000000000
-211.7433448520  0.0000000000  0.0000000000  0.0000000000  0.0000000000
-210.4867077905  0.0000000000  0.0000000000  0.0000000000  0.0000000000
-209.2300707291  0.0000000000  0.0000000000  0.0000000000  0.0000000000
-207.9734336676  0.0000000000  0.0000000000  0.0000000000  0.0000000000
-206.7167966062  0.0000000000  0.0000000000  0.0000000000  0.0000000000
-205.4601595448  0.0000000000  0.0000000000  0.0000000000  0.0000000000
-204.2035224833  0.0000000000  0.0000000000  0.0000000000  0.0000000000
-202.9468854219  0.0000000000  0.0000000000  0.0000000000  0.0000000000
-201.6902483605  0.0000000000  0.0000000000  0.0000000000  0.0000000000
-200.4336112990  0.0000000000  0.0000000000  0.0000000000  0.0000000000
-199.1769742376  0.0000000000  0.0000000000  0.0000000000  0.0000000000
-197.9203371762  0.0000000000  0.0000000000  0.0000000000  0.0000000000
-196.6637001147  0.0000000000  0.0000000000  0.0000000000  0.0000000000
-195.4070630533  0.0000000000  0.0000000000  0.0000000000  0.0000000000
-194.1504259918  0.0000000000  0.0000000000  0.0000000000  0.0000000000
-192.8937889304  0.0000000000  0.0000000000  0.0000000000  0.0000000000
-191.6371518690  0.0000000000  0.0000000000  0.0000000000  0.0000000000
-190.3805148075  0.0000000000  0.0000000000  0.0000000000  0.0000000000
-189.1238777461  0.0000000000  0.0000000000  0.0000000000  0.0000000000
-187.8672406847  0.0000000000  0.0000000000  0.0000000000  0.0000000000
-186.6106036232  0.0000000000  0.0000000000  0.0000000000  0.0000000000
-185.3539665618  0.0000000000  0.0000000000  0.0000000000  0.0000000000
-184.0973295004  0.0000000000  0.0000000000  0.0000000000  0.0000000000
-182.8406924389  0.0000000000  0.0000000000  0.0000000000  0.0000000000
-181.5840553775  0.0000000000  0.0000000000  0.0000000000  0.0000000000
-180.3274183161  0.0000000000  0.0000000000  0.0000000000  0.0000000000
-179.0707812546  0.0000000000  0.0000000000  0.0000000000  0.0000000000
-177.8141441932  0.0000000000  0.0000000000  0.0000000000  0.0000000000
-176.5575071317  0.0000000000  0.0000000000  0.0000000000  0.0000000000
-175.3008700703  0.0000000000  0.0000000000  0.0000000000  0.0000000000
-174.0442330089  0.0000000000  0.0000000000  0.0000000000  0.0000000000
-172.7875959474  0.0000000000  0.0000000000  0.0000000000  0.0000000000
-171.5309588860  0.0000000000  0.0000000000  0.0000000000  0.0000000000
-170.2743218246  0.0000000000  0.0000000000  0.0000000000  0.0000000000
-169.0176847631  0.0000000000  0.0000000000  0.0000000000  0.0000000000
-167.7610477017  0.0000000000  0.0000000000  0.0000000000  0.0000000000
-166.5044106403  0.0000000000  0.0000000000  0.0000000000  0.0000000000
-165.2477735788  0.0000000000  0.0000000000  0.0000000000  0.0000000000
-163.9911365174  0.0000000000  0.0000000000  0.0000000000  0.0000000000
-162.7344994560  0.0000000000  0.0000000000  0.0000000000  0.0000000000
-161.4778623945  0.0000000000  0.0000000000  0.0000000000  0.0000000000
-160.2212253331  0.0000000000  0.0000000000  0.0000000000  0.0000000000
-158.9645882716  0.0000000000  0.0000000000  0.0000000000  0.0000000000
-157.7079512102  0.0000000000  0.0000000000  0.0000000000  0.0000000000
-156.4513141488  0.0000000000  0.0000000000  0.0000000000  0.0000000000
-155.1946770873  0.0000000000  0.0000000000  0.0000000000  0.0000000000
-153.9380400259  0.0000000000  0.0000000000  0.0000000000  0.0000000000
-152.6814029645  0.0000000000  0.0000000000  0.0000000000  0.0000000000
-151.4247659030  0.0000000000  0.0000000000  0.0000000000  0.0000000000
-150.1681288416  0.0000000000  0.0000000000  0.0000000000  0.0000000000
-148.9114917802  0.0000000000  0.0000000000  0.0000000000  0.0000000000
-147.6548547187  0.0000000000  0.0000000000  0.0000000000  0.0000000000
-146.3982176573  0.0000000000  0.0000000000  0.0000000000  0.0000000000
-145.1415805958  0.0000000000  0.0000000000  0.0000000000  0.0000000000
-143.8849435344  0.0000000000  0.0000000000  0.0000000000  0.0000000000
-142.6283064730  0.0000000000  0.0000000000  0.0000000000  0.0000000000
-141.3716694115  0.0000000000  0.0000000000  0.0000000000  0.0000000000
-140.1150323501  0.0000000000  0.0000000000  0.0000000000  0.0000000000
-138.8583952887  0.0000000000  0.0000000000  0.0000000000  0.0000000000
-137.6017582272  0.0000000000  0.0000000000  0.0000000000  0.0000000000
-136.3451211658  0.0000000000  0.0000000000  0.0000000000  0.0000000000
-135.0884841044  0.0000000000  0.0000000000  0.0000000000  0.0000000000
-133.8318470429  0.0000000000  0.0000000000  0.0000000000  0.0000000000
-132.5752099815  0.0000000000  0.0000000000  0.0000000000  0.0000000000
-131.3185729201  0.0000000000  0.0000000000  0.0000000000  0.0000000000
-130.0619358586  0.0000000000  0.0000000000  0.0000000000  0.0000000000
-128.8052987972  0.0000000000  0.0000000000  0.0000000000  0.0000000000
-127.5486617357  0.0000000000  0.0000000000  0.0000000000  0.0000000000
-126.2920246743  0.0000000000  0.0000000000  0.0000000000  0.0000000000
-125.0353876129  0.0000000000  0.0000000000  0.0000000000  0.0000000000
-123.7787505514  0.0000000000  0.0000000000  0.0000000000  0.0000000000
-122.5221134900  0.0000000000  0.0000000000  0.0000000000  0.0000000000
-121.2654764286  0.0000000000  0.0000000000  0.0000000000  0.0000000000
-120.0088393671  0.0000000000  0.0000000000  0.0000000000  0.0000000000
-118.7522023057  0.0000000000  0.0000000000  0.0000000000  0.0000000000
-117.4955652443  0.0000000000  0.0000000000  0.0000000000  0.0000000000
-116.2389281828  0.0000000000  0.0000000000  0.0000000000  0.0000000000
-114.9822911214  0.0000000000  0.0000000000  0.0000000000  0.0000000000
-113.7256540600  0.0000000000  0.0000000000  0.0000000000  0.0000000000
-112.4690169985  0.0000000000  0.0000000000  0.0000000000  0.0000000000
-111.2123799371  0.0000000000  0.0000000000  0.0000000000  0.0000000000
-109.9557428756  0.0000000000  0.0000000000  0.0000000000  0.0000000000
-108.6991058142  0.0000000000  0.0000000000  0.0000000000  0.0000000000
-107.4424687528  0.0000000000  0.0000000000  0.0000000000  0.0000000000
-106.1858316913  0.0000000000  0.0000000000  0.0000000000  0.0000000000
-104.9291946299  0.0000000000  0.0000000000  0.0000000000  0.0000000000
-103.6725575685  0.0000000000  0.0000000000  0.0000000000  0.0000000000
-102.4159205070  0.0000000000  0.0000000000  0.0000000000  0.0000000000
-101.1592834456  0.0000000000  0.0000000000  0.0000000000  0.0000000000
-99.9026463842  0.0000000000  0.0000000000  0.0000000000  0.0000000000
-98.6460093227  0.0000000000  0.0000000000  0.0000000000  0.0000000000
-97.3893722613  0.0000000000  0.0000000000  0.0000000000  0.0000000000
-96.1327351998  0.0000000000  0.0000000000  0.0000000000  0.0000000000
-94.8760981384  0.0000000000  0.0000000000  0.0000000000  0.0000000000
-93.6194610770  0.0000000000  0.0000000000  0.0000000000  0.0000000000
-92.3628240155  0.0000000000  0.0000000000  0.0000000000  0.0000000000
-91.1061869541  0.0000000000  0.0000000000  0.0000000000  0.0000000000
-89.8495498927  0.0000000000  0.0000000000  0.0000000000  0.0000000000
-88.5929128312  0.0000000000  0.0000000000  0.0000000000  0.0000000000
-87.3362757698  0.0000000000  0.0000000000  0.0000000000  0.0000000000
-86.0796387084  0.0000000000  0.0000000000  0.0000000000  0.0000000000
-84.8230016469  0.0000000000  0.0000000000  0.0000000000  0.0000000000
-83.5663645855  0.0000000000  0.0000000000  0.0000000000  0.0000000000
-82.3097275241  0.0000000000  0.0000000000  0.0000000000  0.0000000000
-81.0530904626  0.0000000000  0.0000000000  0.0000000000  0.0000000000
-79.7964534012  0.0000000000  0.0000000000  0.0000000000  0.0000000000
-78.5398163397  0.0000000000  0.0000000000  0.0000000000  0.0000000000
-77.2831792783  0.0000000000  0.0000000000  0.0000000000  0.0000000000
-76.0265422169  0.0000000000  0.0000000000  0.0000000000  0.0000000000
-74.7699051554  0.0000000000  0.0000000000  0.0000000000  0.0000000000
-73.5132680940  0.0000000000  0.0000000000  0.0000000000  0.0000000000
-72.2566310326  0.0000000000  0.0000000000  0.0000000000  0.0000000000
-70.9999939711  0.0000000000  0.0000000000  0.0000000000  0.0000000000
-69.7433569097  0.0000000000  0.0000000000  0.0000000000  0.0000000000
-68.4867198483  0.0000000000  0.0000000000  0.0000000000  0.0000000000
-67.2300827868  0.0000000000  0.0000000000  0.0000000000  0.0000000000
-65.9734457254  0.0000000000  0.0000000000  0.0000000000  0.0000000000
-64.7168086639  0.0000000000  0.0000000000  0.0000000000  0.0000000000
-63.4601716025  0.0000000000  0.0000000000  0.0000000000  0.0000000000
-62.2035345411  0.0000000000  0.0000000000  0.0000000000  0.0000000000
-60.9468974796  0.0000000000  0.0000000000  0.0000000000  0.0000000000
-59.6902604182  0.0000000000  0.0000000000  0.0000000000  0.0000000000
-58.4336233568  0.0000000000  0.0000000000  0.0000000000  0.0000000000
-57.1769862953  0.0000000000  0.0000000000  0.0000000000  0.0000000000
-55.9203492339  0.0000000000  0.0000000000  0.0000000000  0.0000000000
-54.6637121725  0.0000000000  0.0000000000  0.0000000000  0.0000000000
-53.4070751110  0.0000000000  0.0000000000  0.0000000000  0.0000000000
-52.1504380496  0.0000000000  0.0000000000  0.0000000000  0.0000000000
-50.8938009882  0.0000000000  0.0000000000  0.0000000000  0.0000000000
-49.6371639267  0.0000000000  0.0000000000  0.0000000000  0.0000000000
-48.3805268653  0.0000000000  0.0000000000  0.0000000000  0.0000000000
-47.1238898038  0.0000000000  0.0000000000  0.0000000000  0.0000000000
-45.8672527424  0.0000000000  0.0000000000  0.0000000000  0.0000000000
-44.6106156810  0.0000000000  0.0000000000  0.0000000000  0.0000000000
-43.3539786195  0.0000000000  0.0000000000  0.0000000000  0.0000000000
-42.0973415581  0.0000000000  0.0000000000  0.0000000000  0.0000000000
-40.8407044967  0.0000000000  0.0000000000  0.0000000000  0.0000000000
-39.5840674352  0.0000000000  0.0000000000  0.0000000000  0.0000000000
-38.3274303738  0.0000000000  0.0000000000  0.0000000000  0.0000000000
-37.0707933124  0.0000000000  0.0000000000  0.0000000000  0.0000000000
-35.8141562509  0.0000000000  0.0000000000  0.0000000000  0.0000000000
-34.5575191895  0.0000000000  0.0000000000  0.0000000000  0.0000000000
-33.3008821281  0.0000000000  0.0000000000  0.0000000000  0.0000000000
-32.0442450666  0.0000000000  0.0000000000  0.0000000000  0.0000000000
-30.7876080052  0.0000000000  0.0000000000  0.0000000000  0.0000000000
-29.5309709437  0.0000000000  0.0000000000  0.0000000000  0.0000000000
-28.2743338823  0.0000000000  0.0000000000  0.0000000000  0.0000000000
-27.0176968209  0.0000000000  0.0000000000  0.0000000000  0.0000000000
-25.7610597594  0.0000000000  0.0000000000  0.0000000000  0.0000000000
-24.5044226980  0.0000000000  0.0000000000  0.0000000000  0.0000000000
-23.2477856366  0.0000000000  0.0000000000  0.0000000000  0.0000000000
-21.9911485751  0.0000000000  0.0000000000  0.0000000000  0.0000000000
-20.7345115137  0.0000000000  0.0000000000  0.0000000000  0.0000000000
-19.4778744523  0.0000000000  0.0000000000  0.0000000000  0.0000000000
-18.2212373908  0.0000000000  0.0000000000  0.0000000000  0.0000000000
-16.9646003294  0.0000000000  0.0000000000  0.0000000000  0.0000000000
-15.7079632679  0.0000000000  0.0000000000  0.0000000000  0.0000000000
-14.4513262065  0.0000000000  0.0000000000  0.0000000000  0.0000000000
-13.1946891451  0.0000000000  0.0000000000  0.0000000000  0.0000000000
-11.9380520836  0.0000000000  0.0000000000  0.0000000000  0.0000000000
-10.6814150222  0.0000000000  0.0000000000  0.0000000000  0.0000000000
-9.4247779608  0.0000000000  0.0000000000  0.0000000000  0.0000000000
-8.1681408993  0.0000000000  0.0000000000  0.0000000000  0.0000000000
-6.9115038379  0.0000000000  0.0000000000  0.0000000000  0.0000000000
-5.6548667765  0.0000000000  0.0000000000  0.0000000000  0.0000000000
-4.3982297150  0.0000000000  0.0000000000  0.0000000000  0.0000000000
-3.1415926536  0.0000000000  0.0000000000  0.0000000000  0.0000000000
-1.8849555922  0.0000000000  0.0000000000  0.0000000000  0.0000000000
-0.6283185307  0.0000000000  0.0000000000  0.0000000000  0.0000000000
0.6283185307  0.0000000000  0.0000000000  914.9819003168  3575.0015992652
1.8849555922  0.0000000000  0.0000000000  1358.2232663643  -231.3508146317
3.1415926536  0.0000000000  0.0000000000  -381.6230524622  843.4288998423
4.3982297150  0.0000000000  0.0000000000  -334.0132258514  467.6565332751
5.6548667765  0.0000000000  0.0000000000  -162.0910346042  -515.0925117573
6.9115038379  0.0000000000  0.0000000000  57.4596516327  -740.7526686514
8.1681408993  0.0000000000  0.0000000000  122.7858410102  -392.0937927769
9.4247779608  0.0000000000  0.0000000000  111.4252335817  -120.5360437027
10.6814150222  0.0000000000  0.0000000000  86.8760431339  -52.1699993829
11.9380520836  0.0000000000  0.0000000000  68.8256584451  -103.4997035170
13.1946891451  0.0000000000  0.0000000000  58.4434878256  -186.8776539696
14.4513262065  0.0000000000  0.0000000000  52.8420971522  -255.1986326159
15.7079632679  0.0000000000  0.0000000000  49.5402654138  -292.7861776409
16.9646003294  0.0000000000  0.0000000000  47.1117711633  -300.1521110509
18.2212373908  0.0000000000  0.0000000000  44.8956157566  -283.8874878904
19.4778744523  0.0000000000  0.0000000000  42.6522818662  -251.5842258999
20.7345115137  0.0000000000  0.0000000000  40.3386789971  -209.7936188367
21.9911485751  0.0000000000  0.0000000000  37.9873635980  -163.4854471034
23.2477856366  0.0000000000  0.0000000000  35.6495682906  -116.1360040302
24.5044226980  0.0000000000  0.0000000000  33.3718759098  -70.0192618136
25.7610597594  0.0000000000  0.0000000000  31.1889332234  -26.5177623469
27.0176968209  0.0000000000  0.0000000000  29.1230403584  13.6127753654
28.2743338823  0.0000000000  0.0000000000  27.1862111685  50.0395835320
29.5309709437  0.0000000000  0.0000000000  25.3827529424  82.7043146039
30.7876080052  0.0000000000  0.0000000000  23.7116002437  111.7187300741
32.0442450666  0.0000000000  0.0000000000  22.1681760815  137.2934520007
33.3008821281  0.0000000000  0.0000000000  20.7457772035  159.6904780859
34.5575191895  0.0000000000  0.0000000000  19.4365584704  179.1923330267
35.8141562509  0.0000000000  0.0000000000  18.2322065775  196.0826406614
37.0707933124  0.0000000000  0.0000000000  17.1243845252  210.6344079803
38.3274303738  0.0000000000  0.0000000000  16.1050123686  223.1034337607
39.5840674352  0.0000000000  0.0000000000  15.1664339736  233.7250623330
40.8407044967  0.0000000000  0.0000000000  14.3015061687  242.7130725949
42.0973415581  0.0000000000  0.0000000000  13.5036362888  250.2598883141
43.3539786195  0.0000000000  0.0000000000  12.7667863359  256.5375682134
44.6106156810  0.0000000000  0.0000000000  12.0854563491  261.6992202101
45.8672527424  0.0000000000  0.0000000000  11.4546555487  265.8806101888
47.1238898038  0.0000000000  0.0000000000  10.8698669961  269.2018203857
48.3805268653  0.0000000000  0.0000000000  10.3270095417  271.7688690582
49.6371639267  0.0000000000  0.0000000000  9.8223994774  273.6752404543
50.8938009882  0.0000000000  0.0000000000  9.3527133909  275.0032984907
52.1504380496  0.0000000000  0.0000000000  8.9149530899  275.8255731621
53.4070751110  0.0000000000  0.0000000000  8.5064130550  276.2059184766
54.6637121725  0.0000000000  0.0000000000  8.1246506062  276.2005465310
55.9203492339  0.0000000000  0.0000000000  7.7674587961  275.8589456828
57.1769862953  0.0000000000  0.0000000000  7.4328419373  275.2246923391
58.4336233568  0.0000000000  0.0000000000  7.1189936098  274.3361664854
59.6902604182  0.0000000000  0.0000000000  6.8242769613  273.2271809685
60.9468974796  0.0000000000  0.0000000000  6.5472071050  271.9275340764
62.2035345411  0.0000000000  0.0000000000  6.2864354133  270.4634942572
63.4601716025  0.0000000000  0.0000000000  6.0407355197  268.8582250572
64.7168086639  0.0000000000  0.0000000000  5.8089908489  267.1321575407
65.9734457254  0.0000000000  0.0000000000  5.5901835102  265.3033166666
67.2300827868  0.0000000000  0.0000000000  5.3833844037  263.3876073658
68.4867198483  0.0000000000  0.0000000000  5.1877444045  261.3990653799
69.7433569097  0.0000000000  0.0000000000  5.0024865034  259.3500773003
70.9999939711  0.0000000000  0.0000000000  4.8268987945  257.2515737006
72.2566310326  0.0000000000  0.0000000000  4.6603282145  255.1131987648
73.5132680940  0.0000000000  0.0000000000  4.5021749480  252.9434593704
74.7699051554  0.0000000000  0.0000000000  4.3518874227  250.7498562215
76.0265422169  0.0000000000  0.0000000000  4.2089578279  248.5389992791
77.2831792783  0.0000000000  0.0000000000  4.0729180981  246.3167094554
78.5398163397  0.0000000000  0.0000000000  3.9433363076  244.0881082792
79.7964534012  0.0000000000  0.0000000000  3.8198134327  241.8576970234
81.0530904626  0.0000000000  0.0000000000  3.7019804390  239.6294265891
82.3097275241  0.0000000000  0.0000000000  3.5894956587  237.4067592823
83.5663645855  0.0000000000  0.0000000000  3.4820424263  235.1927234673
84.8230016469  0.0000000000  0.0000000000  3.3793269451  232.9899619556
86.0796387084  0.0000000000  0.0000000000  3.2810763587  230.8007748882
87.3362757698  0.0000000000  0.0000000000  3.1870370074  228.6271577637
88.5929128312  0.0000000000  0.0000000000  3.0969728478  226.4708351890
89.8495498927  0.0000000000  0.0000000000  3.0106640212  224.3332908578
91.1061869541  0.0000000000  0.0000000000  2.9279055532  222.2157941950
92.3628240155  0.0000000000  0.0000000000  2.8485061720  220.1194240573
93.6194610770  0.0000000000  0.0000000000  2.7722872342  218.0450898275
94.8760981384  0.0000000000  0.0000000000  2.6990817453  215.9935502002
96.1327351998  0.0000000000  0.0000000000  2.6287334677  213.9654299267
97.3893722613  0.0000000000  0.0000000000  2.5610961057  211.9612347425
98.6460093227  0.0000000000  0.0000000000  2.4960325621  209.9813646874
99.9026463842  0.0000000000  0.0000000000  2.4334142567  208.0261259938
101.1592834456  0.0000000000  0.0000000000  2.3731205039  206.0957417065
102.4159205070  0.0000000000  0.0000000000  2.3150379414  204.1903611666
103.6725575685  0.0000000000  0.0000000000  2.2590600066  202.3100684913
104.9291946299  0.0000000000  0.0000000000  2.2050864556  200.4548901552
106.1858316913  0.0000000000  0.0000000000  2.1530229212  198.6248017679
107.4424687528  0.0000000000  0.0000000000  2.1027805064  196.8197341426
108.6991058142  0.0000000000  0.0000000000  2.0542754100  195.0395787194
109.9557428756  0.0000000000  0.0000000000  2.0074285819  193.2841924261
111.2123799371  0.0000000000  0.0000000000  1.9621654044  191.5534020210
112.4690169985  0.0000000000  0.0000000000  1.9184153988  189.8470079871
113.7256540600  0.0000000000  0.0000000000  1.8761119541  188.1647880119
114.9822911214  0.0000000000  0.0000000000  1.8351920756  186.5065001052
116.2389281828  0.0000000000  0.0000000000  1.7955961531  184.8718853870
117.4955652443  0.0000000000  0.0000000000  1.7572677454  183.2606705826
118.7522023057  0.0000000000  0.0000000000  1.7201533812  181.6725702535
120.0088393671  0.0000000000  0.0000000000  1.6842023738  180.1072887922
121.2654764286  0.0000000000  0.0000000000  1.6493666496  178.5645222033
122.5221134900  0.0000000000  0.0000000000  1.6156005884  177.0439596965
123.7787505514  0.0000000000  0.0000000000  1.5828608753  175.5452851045
125.0353876129  0.0000000000  0.0000000000  1.5511063623  174.0681781511
126.2920246743  0.0000000000  0.0000000000  1.5202979400  172.6123155770
127.5486617357  0.0000000000  0.0000000000  1.4903984181  171.1773721442
128.8052987972  0.0000000000  0.0000000000  1.4613724132  169.7630215262
130.0619358586  0.0000000000  0.0000000000  1.4331862452  168.3689370987
131.3185729201  0.0000000000  0.0000000000  1.4058078396  166.9947926406
132.5752099815  0.0000000000  0.0000000000  1.3792066372  165.6402629513
133.8318470429  0.0000000000  0.0000000000  1.3533535087  164.3050243968
135.0884841044  0.0000000000  0.0000000000  1.3282206755  162.9887553883
136.3451211658  0.0000000000  0.0000000000  1.3037816353  161.6911368031
137.6017582272  0.0000000000  0.0000000000  1.2800110925  160.4118523510
138.8583952887  0.0000000000  0.0000000000  1.2568848930  159.1505888929
140.1150323501  0.0000000000  0.0000000000  1.2343799629  157.9070367173
141.3716694115  0.0000000000  0.0000000000  1.2124742512  156.6808897764
142.6283064730  0.0000000000  0.0000000000  1.1911466761  155.4718458893
143.8849435344  0.0000000000  0.0000000000  1.1703770742  154.2796069122
145.1415805958  0.0000000000  0.0000000000  1.1501461528  153.1038788817
146.3982176573  0.0000000000  0.0000000000  1.1304354455  151.9443721329
147.6548547187  0.0000000000  0.0000000000  1.1112272701  150.8008013943
148.9114917802  0.0000000000  0.0000000000  1.0925046890  149.6728858633
150.1681288416  0.0000000000  0.0000000000  1.0742514717  148.5603492632
151.4247659030  0.0000000000  0.0000000000  1.0564520601  147.4629198846
152.6814029645  0.0000000000  0.0000000000  1.0390915349  146.3803306113
153.9380400259  0.0000000000  0.0000000000  1.0221555850  145.3123189347
155.1946770873  0.0000000000  0.0000000000  1.0056304775  144.2586269565
156.4513141488  0.0000000000  0.0000000000  0.9895030299  143.2190013808
157.7079512102  0.0000000000  0.0000000000  0.9737605845  142.1931934973
158.9645882716  0.0000000000  0.0000000000  0.9583909828  141.1809591576
160.2212253331  0.0000000000  0.0000000000  0.9433825423  140.1820587428
161.4778623945  0.0000000000  0.0000000000  0.9287240346  139.1962571270
162.7344994560  0.0000000000  0.0000000000  0.9144046641  138.2233236334
163.9911365174  0.0000000000  0.0000000000  0.9004140483  137.2630319879
165.2477735788  0.0000000000  0.0000000000  0.8867421988  136.3151602667
166.5044106403  0.0000000000  0.0000000000  0.8733795037  135.3794908418
167.7610477017  0.0000000000  0.0000000000  0.8603167107  134.4558103230
169.0176847631  0.0000000000  0.0000000000  0.8475449108  133.5439094971
170.2743218246  0.0000000000  0.0000000000  0.8350555236  132.6435832662
171.5309588860  0.0000000000  0.0000000000  0.8228402823  131.7546305827
172.7875959474  0.0000000000  0.0000000000  0.8108912206  130.8768543837
174.0442330089  0.0000000000  0.0000000000  0.7992006594  130.0100615253
175.3008700703  0.0000000000  0.0000000000  0.7877611944  129.1540627141
176.5575071317  0.0000000000  0.0000000000  0.7765656847  128.3086724390
177.8141441932  0.0000000000  0.0000000000  0.7656072412  127.4737089043
179.0707812546  0.0000000000  0.0000000000  0.7548792165  126.6489939592
180.3274183161  0.0000000000  0.0000000000  0.7443751944  125.8343530299
181.5840553775  0.0000000000  0.0000000000  0.7340889806  125.0296150519
182.8406924389  0.0000000000  0.0000000000  0.7240145933  124.2346124012
184.0973295004  0.0000000000  0.0000000000  0.7141462548  123.4491808255
185.3539665618  0.0000000000  0.0000000000  0.7044783831  122.6731593791
186.6106036232  0.0000000000  0.0000000000  0.6950055836  121.9063903544
187.8672406847  0.0000000000  0.0000000000  0.6857226425  121.1487192169
189.1238777461  0.0000000000  0.0000000000  0.6766245185  120.3999945393
190.3805148075  0.0000000000  0.0000000000  0.6677063369  119.6600679375
191.6371518690  0.0000000000  0.0000000000  0.6589633825  118.9287940071
192.8937889304  0.0000000000  0.0000000000  0.6503910936  118.2060302602
194.1504259918  0.0000000000  0.0000000000  0.6419850561  117.4916370640
195.4070630533  0.0000000000  0.0000000000  0.6337409975  116.7854775799
196.6637001147  0.0000000000  0.0000000000  0.6256547817  116.0874177043
197.9203371762  0.0000000000  0.0000000000  0.6177224040  115.3973260087
199.1769742376  0.0000000000  0.0000000000  0.6099399857  114.7150736829
200.4336112990  0.0000000000  0.0000000000  0.6023037698  114.0405344783
201.6902483605  0.0000000000  0.0000000000  0.5948101159  113.3735846514
202.9468854219  0.0000000000  0.0000000000  0.5874554966  112.7141029104
204.2035224833  0.0000000000  0.0000000000  0.5802364927  112.0619703608
205.4601595448  0.0000000000  0.0000000000  0.5731497895  111.4170704536
206.7167966062  0.0000000000  0.0000000000  0.5661921730  110.7792889334
207.9734336676  0.0000000000  0.0000000000  0.5593605263  110.1485137882
209.2300707291  0.0000000000  0.0000000000  0.5526518260  109.5246352003
210.4867077905  0.0000000000  0.0000000000  0.5460631386  108.9075454978
211.7433448520  0.0000000000  0.0000000000  0.5395916181  108.2971391077
212.9999819134  0.0000000000  0.0000000000  0.5332345018  107.6933125089
214.2566189748  0.0000000000  0.0000000000  0.5269891085  107.0959641885
215.5132560363  0.0000000000  0.0000000000  0.5208528347  106.5049945956
216.7698930977  0.0000000000  0.0000000000  0.5148231524  105.9203060999
218.0265301591  0.0000000000  0.0000000000  0.5088976066  105.3418029481
219.2831672206  0.0000000000  0.0000000000  0.5030738124  104.7693912231
220.5398042820  0.0000000000  0.0000000000  0.4973494527  104.2029788039
221.7964413434  0.0000000000  0.0000000000  0.4917222763  103.6424753255
223.0530784049  0.0000000000  0.0000000000  0.4861900951  103.0877921408
224.3097154663  0.0000000000  0.0000000000  0.4807507823  102.5388422824
225.5663525277  0.0000000000  0.0000000000  0.4754022704  101.9955404264
226.8229895892  0.0000000000  0.0000000000  0.4701425490  101.4578028558
228.0796266506  0.0000000000  0.0000000000  0.4649696632  100.9255474260
229.3362637121  0.0000000000  0.0000000000  0.4598817113  100.3986935294
230.5929007735  0.0000000000  0.0000000000  0.4548768438  99.8771620634
231.8495378349  0.0000000000  0.0000000000  0.4499532609  99.3608753961
233.1061748964  0.0000000000  0.0000000000  0.4451092116  98.8497573354
234.3628119578  0.0000000000  0.0000000000  0.4403429916  98.3437330973
235.6194490192  0.0000000000  0.0000000000  0.4356529420  97.8427292753
236.8760860807  0.0000000000  0.0000000000  0.4310374480  97.3466738110
238.1327231421  0.0000000000  0.0000000000  0.4264949374  96.8554959645
239.3893602035  0.0000000000  0.0000000000  0.4220238791  96.3691262867
240.6459972650  0.0000000000  0.0000000000  0.4176227819  95.8874965908
241.9026343264  0.0000000000  0.0000000000  0.4132901935  95.4105399255
243.1592713878  0.0000000000  0.0000000000  0.4090246989  94.9381905491
244.4159084493  0.0000000000  0.0000000000  0.4048249197  94.4703839028
245.6725455107  0.0000000000  0.0000000000  0.4006895125  94.0070565859
246.9291825722  0.0000000000  0.0000000000  0.3966171681  93.5481463315
248.1858196336  0.0000000000  0.0000000000  0.3926066105  93.0935919817
249.4424566950  0.0000000000  0.0000000000  0.3886565958  92.6433334650
250.6990937565  0.0000000000  0.0000000000  0.3847659111  92.1973117727
251.9557308179  0.0000000000  0.0000000000  0.3809333739  91.7554689369
253.2123678793  0.0000000000  0.0000000000  0.3771578311  91.3177480085
254.4690049408  0.0000000000  0.0000000000  0.3734381577  90.8840930359
255.7256420022  0.0000000000  0.0000000000  0.3697732567  90.4544490441
256.9822790636  0.0000000000  0.0000000000  0.3661620576  90.0287620146
258.2389161251  0.0000000000  0.0000000000  0.3626035162  89.6069788652
259.4955531865  0.0000000000  0.0000000000  0.3590966134  89.1890474308
260.7521902480  0.0000000000  0.0000000000  0.3556403547  88.7749164442
262.0088273094  0.0000000000  0.0000000000  0.3522337693  88.3645355181
263.2654643708  0.0000000000  0.0000000000  0.3488759097  87.9578551266
264.5221014323  0.0000000000  0.0000000000  0.3455658508  87.5548265874
265.7787384937  0.0000000000  0.0000000000  0.3423026895  87.1554020452
267.0353755551  0.0000000000  0.0000000000  0.3390855438  86.7595344541
268.2920126166  0.0000000000  0.0000000000  0.3359135523  86.3671775617
269.5486496780  0.0000000000  0.0000000000  0.3327858738  85.9782858927
270.8052867394  0.0000000000  0.0000000000  0.3297016866  85.5928147333
272.0619238009  0.0000000000  0.0000000000  0.3266601877  85.2107201161
273.3185608623  0.0000000000  0.0000000000  0.3236605930  84.8319588045
274.5751979237  0.0000000000  0.0000000000  0.3207021358  84.4564882789
275.8318349852  0.0000000000  0.0000000000  0.3177840674  84.0842667212
277.0884720466  0.0000000000  0.0000000000  0.3149056556  83.7152530023
278.3451091081  0.0000000000  0.0000000000  0.3120661850  83.3494066672
279.6017461695  0.0000000000  0.0000000000  0.3092649562  82.9866879222
280.8583832309  0.0000000000  0.0000000000  0.3065012853  82.6270576219
282.1150202924  0.0000000000  0.0000000000  0.3037745038  82.2704772561
283.3716573538  0.0000000000  0.0000000000  0.3010839580  81.9169089375
284.6282944152  0.0000000000  0.0000000000  0.2984290084  81.5663153898
285.8849314767  0.0000000000  0.0000000000  0.2958090299  81.2186599354
287.1415685381  0.0000000000  0.0000000000  0.2932234107  80.8739064837
288.3982055995  0.0000000000  0.0000000000  0.2906715526  80.5320195203
289.6548426610  0.0000000000  0.0000000000  0.2881528702  80.1929640950
290.9114797224  0.0000000000  0.0000000000  0.2856667908  79.8567058117
292.1681167839  0.0000000000  0.0000000000  0.2832127541  79.5232108175
293.4247538453  0.0000000000  0.0000000000  0.2807902116  79.1924457920
294.6813909067  0.0000000000  0.0000000000  0.2783986265  78.8643779375
295.9380279682  0.0000000000  0.0000000000  0.2760374736  78.5389749688
297.1946650296  0.0000000000  0.0000000000  0.2737062386  78.2162051040
298.4513020910  0.0000000000  0.0000000000  0.2714044181  77.8960370541
299.7079391525  0.0000000000  0.0000000000  0.2691315192  77.5784400144
300.9645762139  0.0000000000  0.0000000000  0.2668870593  77.2633836551
302.2212132753  0.0000000000  0.0000000000  0.2646705659  76.9508381125
303.4778503368  0.0000000000  0.0000000000  0.2624815761  76.6407739802
304.7344873982  0.0000000000  0.0000000000  0.2603196367  76.3331623007
305.9911244596  0.0000000000  0.0000000000  0.2581843038  76.0279745571
307.2477615211  0.0000000000  0.0000000000  0.2560751425  75.7251826644
308.5043985825  0.0000000000  0.0000000000  0.2539917266  75.4247589625
309.7610356440  0.0000000000  0.0000000000  0.2519336390  75.1266762073
311.0176727054  0.0000000000  0.0000000000  0.2499004704  74.8309075641
312.2743097668  0.0000000000  0.0000000000  0.2478918203  74.5374265992
313.5309468283  0.0000000000  0.0000000000  0.2459072959  74.2462072733
314.7875838897  0.0000000000  0.0000000000  0.2439465123  73.9572239339
316.0442209511  0.0000000000  0.0000000000  0.2420090922  73.6704513082
317.3008580126  0.0000000000  0.0000000000  0.2400946659  73.3858644968
318.5574950740  0.0000000000  0.0000000000  0.2382028709  73.1034389664
319.8141321354  0.0000000000  0.0000000000  0.2363333518  72.8231505436
321.0707691969  0.0000000000  0.0000000000  0.2344857602  72.5449754081
322.3274062583  0.0000000000  0.0000000000  0.2326597544  72.2688900867
323.5840433197  0.0000000000  0.0000000000  0.2308549994  71.9948714471
324.8406803812  0.0000000000  0.0000000000  0.2290711667  71.7228966916
326.0973174426  0.0000000000  0.0000000000  0.2273079341  71.4529433513
327.3539545041  0.0000000000  0.0000000000  0.2255649856  71.1849892808
328.6105915655  0.0000000000  0.0000000000  0.2238420111  70.9190126515
329.8672286269  0.0000000000  0.0000000000  0.2221387066  70.6549919468
331.1238656884  0.0000000000  0.0000000000  0.2204547737  70.3929059567
332.3805027498  0.0000000000  0.0000000000  0.2187899198  70.1327337718
333.6371398112  0.0000000000  0.0000000000  0.2171438576  69.8744547789
334.8937768727  0.0000000000  0.0000000000  0.2155163054  69.6180486551
336.1504139341  0.0000000000  0.0000000000  0.2139069866  69.3634953633
337.4070509955  0.0000000000  0.0000000000  0.2123156299  69.1107751472
338.6636880570  0.0000000000  0.0000000000  0.2107419689  68.8598685263
339.9203251184  0.0000000000  0.0000000000  0.2091857420  68.6107562914
341.1769621799  0.0000000000  0.0000000000  0.2076466929  68.3634194998
342.4335992413  0.0000000000  0.0000000000  0.2061245694  68.1178394707
343.6902363027  0.0000000000  0.0000000000  0.2046191242  67.8739977809
344.9468733642  0.0000000000  0.0000000000  0.2031301147  67.6318762608
346.2035104256  0.0000000000  0.0000000000  0.2016573022  67.3914569895
347.4601474870  0.0000000000  0.0000000000  0.2002004528  67.1527222906
348.7167845485  0.0000000000  0.0000000000  0.1987593366  66.9156547288
349.9734216099  0.0000000000  0.0000000000  0.1973337277  66.6802371053
351.2300586713  0.0000000000  0.0000000000  0.1959234044  66.4464524541
352.4866957328  0.0000000000  0.0000000000  0.1945281490  66.2142840377
353.7433327942  0.0000000000  0.0000000000  0.1931477475  65.9837153442
354.9999698556  0.0000000000  0.0000000000  0.1917819899  65.7547300825
356.2566069171  0.0000000000  0.0000000000  0.1904306696  65.5273121797
357.5132439785  0.0000000000  0.0000000000  0.1890935838  65.3014457767
358.7698810400  0.0000000000  0.0000000000  0.1877705334  65.0771152249
360.0265181014  0.0000000000  0.0000000000  0.1864613225  64.8543050834
361.2831551628  0.0000000000  0.0000000000  0.1851657588  64.6330001147
362.5397922243  0.0000000000  0.0000000000  0.1838836532  64.4131852819
363.7964292857  0.0000000000  0.0000000000  0.1826148199  64.1948457453
365.0530663471  0.0000000000  0.0000000000  0.1813590763  63.9779668594
366.3097034086  0.0000000000  0.0000000000  0.1801162429  63.7625341697
367.5663404700  0.0000000000  0.0000000000  0.1788861435  63.5485334096
368.8229775314  0.0000000000  0.0000000000  0.1776686045  63.3359504972
370.0796145929  0.0000000000  0.0000000000  0.1764634556  63.1247715326
371.3362516543  0.0000000000  0.0000000000  0.1752705291  62.9149827953
372.5928887157  0.0000000000  0.0000000000  0.1740896603  62.7065707406
373.8495257772  0.0000000000  0.0000000000  0.1729206873  62.4995219974
375.1061628386  0.0000000000  0.0000000000  0.1717634507  62.2938233652
376.3627999001  0.0000000000  0.0000000000  0.1706177940  62.0894618119
377.6194369615  0.0000000000  0.0000000000  0.1694835632  61.8864244704
378.8760740229  0.0000000000  0.0000000000  0.1683606067  61.6846986364
380.1327110844  0.0000000000  0.0000000000  0.1672487757  61.4842717662
381.3893481458  0.0000000000  0.0000000000  0.1661479237  61.2851314734
382.6459852072  0.0000000000  0.0000000000  0.1650579065  61.0872655276
383.9026222687  0.0000000000  0.0000000000  0.1639785824  60.8906618505
385.1592593301  0.0000000000  0.0000000000  0.1629098120  60.6953085151
386.4158963915  0.0000000000  0.0000000000  0.1618514581  60.5011937424
387.6725334530  0.0000000000  0.0000000000  0.1608033858  60.3083058993
388.9291705144  0.0000000000  0.0000000000  0.1597654623  60.1166334967
390.1858075759  0.0000000000  0.0000000000  0.1587375570  59.9261651867
391.4424446373  0.0000000000  0.0000000000  0.1577195414  59.7368897612
392.6990816987  0.0000000000  0.0000000000  0.1567112889  59.5487961494
393.9557187602  0.0000000000  0.0000000000  0.1557126751  59.3618734156
395.2123558216  0.0000000000  0.0000000000  0.1547235775  59.1761107571
396.4689928830  0.0000000000  0.0000000000  0.1537438757  58.9914975030
397.7256299445  0.0000000000  0.0000000000  0.1527734508  58.8080231110
398.9822670059  0.0000000000  0.0000000000  0.1518121863  58.6256771666
400.2389040673  0.0000000000  0.0000000000  0.1508599670  58.4444493804
401.4955411288  0.0000000000  0.0000000000  0.1499166799  58.2643295866
402.7521781902  0.0000000000  0.0000000000  0.1489822137  58.0853077415
404.0088152516  0.0000000000  0.0000000000  0.1480564585  57.9073739206
405.2654523131  0.0000000000  0.0000000000  0.1471393066  57.7305183184
406.5220893745  0.0000000000  0.0000000000  0.1462306515  57.5547312450
407.7787264360  0.0000000000  0.0000000000  0.1453303887  57.3800031259
409.0353634974  0.0000000000  0.0000000000  0.1444384151  57.2063244993
410.2920005588  0.0000000000  0.0000000000  0.1435546293  57.0336860147
411.5486376203  0.0000000000  0.0000000000  0.1426789313  56.8620784317
412.8052746817  0.0000000000  0.0000000000  0.1418112227  56.6914926177
414.0619117431  0.0000000000  0.0000000000  0.1409514067  56.5219195473
415.3185488046  0.0000000000  0.0000000000  0.1400993877  56.3533502995
416.5751858660  0.0000000000  0.0000000000  0.1392550718  56.1857760572
417.8318229274  0.0000000000  0.0000000000  0.1384183664  56.0191881056
419.0884599889  0.0000000000  0.0000000000  0.1375891803  55.8535778300
420.3450970503  0.0000000000  0.0000000000  0.1367674237  55.6889367154
421.6017341118  0.0000000000  0.0000000000  0.1359530080  55.5252563444
422.8583711732  0.0000000000  0.0000000000  0.1351458460  55.3625283959
424.1150082346  0.0000000000  0.0000000000  0.1343458520  55.2007446440
425.3716452961  0.0000000000  0.0000000000  0.1335529411  55.0398969562
426.6282823575  0.0000000000  0.0000000000  0.1327670301  54.8799772928
427.8849194189  0.0000000000  0.0000000000  0.1319880368  54.7209777048
429.1415564804  0.0000000000  0.0000000000  0.1312158802  54.5628903333
430.3981935418  0.0000000000  0.0000000000  0.1304504806  54.4057074078
431.6548306032  0.0000000000  0.0000000000  0.1296917593  54.2494212451
432.9114676647  0.0000000000  0.0000000000  0.1289396388  54.0940242480
434.1681047261  0.0000000000  0.0000000000  0.1281940429  53.9395089044
435.4247417875  0.0000000000  0.0000000000  0.1274548962  53.7858677860
436.6813788490  0.0000000000  0.0000000000  0.1267221245  53.6330935468
437.9380159104  0.0000000000  0.0000000000  0.1259956548  53.4811789225
439.1946529719  0.0000000000  0.0000000000  0.1252754150  53.3301167290
440.4512900333  0.0000000000  0.0000000000  0.1245613341  53.1798998615
441.7079270947  0.0000000000  0.0000000000  0.1238533420  53.0305212934
442.9645641562  0.0000000000  0.0000000000  0.1231513697  52.8819740749
444.2212012176  0.0000000000  0.0000000000  0.1224553491  52.7342513326
445.4778382790  0.0000000000  0.0000000000  0.1217652131  52.5873462680
446.7344753405  0.0000000000  0.0000000000  0.1210808957  52.4412521566
447.9911124019  0.0000000000  0.0000000000  0.1204023314  52.2959623468
449.2477494633  0.0000000000  0.0000000000  0.1197294561  52.1514702592
450.5043865248  0.0000000000  0.0000000000  0.1190622063  52.0077693853
451.7610235862  0.0000000000  0.0000000000  0.1184005194  51.8648532868
453.0176606476  0.0000000000  0.0000000000  0.1177443339  51.7227155946
454.2742977091  0.0000000000  0.0000000000  0.1170935888  51.5813500077
455.5309347705  0.0000000000  0.0000000000  0.1164482242  51.4407502928
456.7875718320  0.0000000000  0.0000000000  0.1158081809  51.3009102826
458.0442088934  0.0000000000  0.0000000000  0.1151734006  51.1618238758
459.3008459548  0.0000000000  0.0000000000  0.1145438257  51.0234850356
460.5574830163  0.0000000000  0.0000000000  0.1139193995  50.8858877890
461.8141200777  0.0000000000  0.0000000000  0.1133000659  50.7490262263
463.0707571391  0.0000000000  0.0000000000  0.1126857698  50.6128944998
464.3273942006  0.0000000000  0.0000000000  0.1120764566  50.4774868232
465.5840312620  0.0000000000  0.0000000000  0.1114720726  50.3427974709
466.8406683234  0.0000000000  0.0000000000  0.1108725648  50.2088207772
468.0973053849  0.0000000000  0.0000000000  0.1102778808  50.0755511353
469.3539424463  0.0000000000  0.0000000000  0.1096879690  49.9429829965
470.6105795078  0.0000000000  0.0000000000  0.1091027785  49.8111108701
471.8672165692  0.0000000000  0.0000000000  0.1085222591  49.6799293218
473.1238536306  0.0000000000  0.0000000000  0.1079463611  49.5494329735
474.3804906921  0.0000000000  0.0000000000  0.1073750356  49.4196165026
475.6371277535  0.0000000000  0.0000000000  0.1068082344  49.2904746408
476.8937648149  0.0000000000  0.0000000000  0.1062459098  49.1620021741
478.1504018764  0.0000000000  0.0000000000  0.1056880147  49.0341939415
479.4070389378  0.0000000000  0.0000000000  0.1051345029  48.9070448347
480.6636759992  0.0000000000  0.0000000000  0.1045853283  48.7805497974
481.9203130607  0.0000000000  0.0000000000  0.1040404460  48.6547038245
483.1769501221  0.0000000000  0.0000000000  0.1034998112  48.5295019616
484.4335871835  0.0000000000  0.0000000000  0.1029633799  48.4049393042
485.6902242450  0.0000000000  0.0000000000  0.1024311086  48.2810109970
486.9468613064  0.0000000000  0.0000000000  0.1019029544  48.1577122339
488.2034983679  0.0000000000  0.0000000000  0.1013788751  48.0350382565
489.4601354293  0.0000000000  0.0000000000  0.1008588287  47.9129843544
490.7167724907  0.0000000000  0.0000000000  0.1003427740  47.7915458637
491.9734095522  0.0000000000  0.0000000000  0.0998306702  47.6707181672
493.2300466136  0.0000000000  0.0000000000  0.0993224771  47.5504966934
494.4866836750  0.0000000000  0.0000000000  0.0988181550  47.4308769159
495.7433207365  0.0000000000  0.0000000000  0.0983176647  47.3118543534
496.9999577979  0.0000000000  0.0000000000  0.0978209674  47.1934245683
498.2565948593  0.0000000000  0.0000000000  0.0973280249  47.0755831669
499.5132319208  0.0000000000  0.0000000000  0.0968387994  46.9583257984
500.7698689822  0.0000000000  0.0000000000  0.0963532537  46.8416481546
502.0265060436  0.0000000000  0.0000000000  0.0958713510  46.7255459694
503.2831431051  0.0000000000  0.0000000000  0.0953930549  46.6100150182
504.5397801665  0.0000000000  0.0000000000  0.0949183295  46.4950511174
505.7964172280  0.0000000000  0.0000000000  0.0944471393  46.3806501239
507.0530542894  0.0000000000  0.0000000000  0.0939794493  46.2668079347
508.3096913508  0.0000000000  0.0000000000  0.0935152249  46.1535204863
509.5663284123  0.0000000000  0.0000000000  0.0930544321  46.0407837544
510.8229654737  0.0000000000  0.0000000000  0.0925970370  45.9285937533
512.0796025351  0.0000000000  0.0000000000  0.0921430062  45.8169465354
513.3362395966  0.0000000000  0.0000000000  0.0916923070  45.7058381908
514.5928766580  0.0000000000  0.0000000000  0.0912449068  45.5952648470
515.8495137194  0.0000000000  0.0000000000  0.0908007734  45.4852226681
517.1061507809  0.0000000000  0.0000000000  0.0903598751  45.3757078548
518.3627878423  0.0000000000  0.0000000000  0.0899221806  45.2667166437
519.6194249038  0.0000000000  0.0000000000  0.0894876589  45.1582453070
520.8760619652  0.0000000000  0.0000000000  0.0890562794  45.0502901518
522.1326990266  0.0000000000  0.0000000000  0.0886280119  44.9428475203
523.3893360881  0.0000000000  0.0000000000  0.0882028266  44.8359137885
524.6459731495  0.0000000000  0.0000000000  0.0877806938  44.7294853667
525.9026102109  0.0000000000  0.0000000000  0.0873615845  44.6235586988
527.1592472724  0.0000000000  0.0000000000  0.0869454699  44.5181302613
528.4158843338  0.0000000000  0.0000000000  0.0865323214  44.4131965640
529.6725213952  0.0000000000  0.0000000000  0.0861221111  44.3087541488
530.9291584567  0.0000000000  0.0000000000  0.0857148110  44.2047995896
532.1857955181  0.0000000000  0.0000000000  0.0853103937  44.1013294921
533.4424325795  0.0000000000  0.0000000000  0.0849088320  43.9983404930
534.6990696410  0.0000000000  0.0000000000  0.0845100992  43.8958292600
535.9557067024  0.0000000000  0.0000000000  0.0841141687  43.7937924916
537.2123437639  0.0000000000  0.0000000000  0.0837210143  43.6922269162
538.4689808253  0.0000000000  0.0000000000  0.0833306102  43.5911292921
539.7256178867  0.0000000000  0.0000000000  0.0829429307  43.4904964074
540.9822549482  0.0000000000  0.0000000000  0.0825579505  43.3903250790
542.2388920096  0.0000000000  0.0000000000  0.0821756447  43.2906121530
543.4955290710  0.0000000000  0.0000000000  0.0817959885  43.1913545038
544.7521661325  0.0000000000  0.0000000000  0.0814189575  43.0925490342
546.0088031939  0.0000000000  0.0000000000  0.0810445275  42.9941926747
547.2654402553  0.0000000000  0.0000000000  0.0806726747  42.8962823837
548.5220773168  0.0000000000  0.0000000000  0.0803033755  42.7988151466
549.7787143782  0.0000000000  0.0000000000  0.0799366065  42.7017879758
551.0353514396  0.0000000000  0.0000000000  0.0795723446  42.6051979105
552.2919885011  0.0000000000  0.0000000000  0.0792105672  42.5090420163
553.5486255625  0.0000000000  0.0000000000  0.0788512516  42.4133173848
554.8052626240  0.0000000000  0.0000000000  0.0784943755  42.3180211334
556.0618996854  0.0000000000  0.0000000000  0.0781399169  42.2231504050
557.3185367468  0.0000000000  0.0000000000  0.0777878541  42.1287023679
558.5751738083  0.0000000000  0.0000000000  0.0774381654  42.0346742152
559.8318108697  0.0000000000  0.0000000000  0.0770908296  41.9410631649
561.0884479311  0.0000000000  0.0000000000  0.0767458256  41.8478664589
562.3450849926  0.0000000000  0.0000000000  0.0764031327  41.7550813640
563.6017220540  0.0000000000  0.0000000000  0.0760627301  41.6627051702
564.8583591154  0.0000000000  0.0000000000  0.0757245975  41.5707351916
566.1149961769  0.0000000000  0.0000000000  0.0753887148  41.4791687656
567.3716332383  0.0000000000  0.0000000000  0.0750550621  41.3880032524
568.6282702998  0.0000000000  0.0000000000  0.0747236196  41.2972360355
569.8849073612  0.0000000000  0.0000000000  0.0743943680  41.2068645207
571.1415444226  0.0000000000  0.0000000000  0.0740672878  41.1168861364
572.3981814841  0.0000000000  0.0000000000  0.0737423602  41.0272983330
573.6548185455  0.0000000000  0.0000000000  0.0734195661  40.9380985830
574.9114556069  0.0000000000  0.0000000000  0.0730988870  40.8492843803
576.1680926684  0.0000000000  0.0000000000  0.0727803045  40.7608532404
577.4247297298  0.0000000000  0.0000000000  0.0724638003  40.6728027002
578.6813667912  0.0000000000  0.0000000000  0.0721493563  40.5851303172
579.9380038527  0.0000000000  0.0000000000  0.0718369548  40.4978336699
581.1946409141  0.0000000000  0.0000000000  0.0715265780  40.4109103573
582.4512779755  0.0000000000  0.0000000000  0.0712182086  40.3243579988
583.7079150370  0.0000000000  0.0000000000  0.0709118291  40.2381742338
584.9645520984  0.0000000000  0.0000000000  0.0706074226  40.1523567217
586.2211891599  0.0000000000  0.0000000000  0.0703049722  40.0669031416
587.4778262213  0.0000000000  0.0000000000  0.0700044611  39.9818111920
588.7344632827  0.0000000000  0.0000000000  0.0697058727  39.8970785907
589.9911003442  0.0000000000  0.0000000000  0.0694091908  39.8127030748
591.2477374056  0.0000000000  0.0000000000  0.0691143991  39.7286824000
592.5043744670  0.0000000000  0.0000000000  0.0688214815  39.6450143409
593.7610115285  0.0000000000  0.0000000000  0.0685304223  39.5616966904
595.0176485899  0.0000000000  0.0000000000  0.0682412057  39.4787272600
596.2742856513  0.0000000000  0.0000000000  0.0679538163  39.3961038790
597.5309227128  0.0000000000  0.0000000000  0.0676682386  39.3138243948
598.7875597742  0.0000000000  0.0000000000  0.0673844574  39.2318866726
600.0441968357  0.0000000000  0.0000000000  0.0671024578  39.1502885952
601.3008338971  0.0000000000  0.0000000000  0.0668222248  39.0690280624
602.5574709585  0.0000000000  0.0000000000  0.0665437438  38.9881029918
603.8141080200  0.0000000000  0.0000000000  0.0662670001  38.9075113176
605.0707450814  0.0000000000  0.0000000000  0.0659919793  38.8272509910
606.3273821428  0.0000000000  0.0000000000  0.0657186671  38.7473199799
607.5840192043  0.0000000000  0.0000000000  0.0654470495  38.6677162688
608.8406562657  0.0000000000  0.0000000000  0.0651771124  38.5884378583
610.0972933271  0.0000000000  0.0000000000  0.0649088420  38.5094827656
611.3539303886  0.0000000000  0.0000000000  0.0646422247  38.4308490234
612.6105674500  0.0000000000  0.0000000000  0.0643772468  38.3525346809
613.8672045114  0.0000000000  0.0000000000  0.0641138949  38.2745378024
615.1238415729  0.0000000000  0.0000000000  0.0638521558  38.1968564681
616.3804786343  0.0000000000  0.0000000000  0.0635920163  38.1194887735
617.6371156958  0.0000000000  0.0000000000  0.0633334634  38.0424328294
618.8937527572  0.0000000000  0.0000000000  0.0630764843  37.9656867616
620.1503898186  0.0000000000  0.0000000000  0.0628210661  37.8892487109
621.4070268801  0.0000000000  0.0000000000  0.0625671963  37.8131168329
622.6636639415  0.0000000000  0.0000000000  0.0623148625  37.7372892978
623.9203010029  0.0000000000  0.0000000000  0.0620640521  37.6617642903
625.1769380644  0.0000000000  0.0000000000  0.0618147530  37.5865400096
626.4335751258  0.0000000000  0.0000000000  0.0615669530  37.5116146688
627.6902121872  0.0000000000  0.0000000000  0.0613206402  37.4369864954
628.9468492487  0.0000000000  0.0000000000  0.0000000000  0.0000000000
-627.6902121872  0.0000000000  3.1415926536  0.0000000000  0.0000000000
-626.4335751258  0.0000000000  3.1415926536  0.0000000000  0.0000000000
-625.1769380644  0.0000000000  3.1415926536  0.0000000000  0.0000000000
-623.9203010029  0.0000000000  3.1415926536  0.0000000000  0.0000000000
-622.6636639415  0.0000000000  3.1415926536  0.0000000000  0.0000000000
-621.4070268801  0.0000000000  3.1415926536  0.0000000000  0.0000000000
-620.1503898186  0.0000000000  3.1415926536  0.0000000000  0.0000000000
-618.8937527572  0.0000000000  3.1415926536  0.0000000000  0.0000000000
-617.6371156958  0.0000000000  3.1415926536  0.0000000000  0.0000000000
-616.3804786343  0.0000000000  3.1415926536  0.0000000000  0.0000000000
-615.1238415729  0.0000000000  3.1415926536  0.0000000000  0.0000000000
-613.8672045114  0.0000000000  3.1415926536  0.0000000000  0.0000000000
-612.6105674500  0.0000000000  3.1415926536  0.0000000000  0.0000000000
-611.3539303886  0.0000000000  3.1415926536  0.0000000000  0.0000000000
-610.0972933271  0.0000000000  3.1415926536  0.0000000000  0.0000000000
-608.8406562657  0.0000000000  3.1415926536  0.0000000000  0.0000000000
-607.5840192043  0.0000000000  3.1415926536  0.0000000000  0.0000000000
-606.3273821428  0.0000000000  3.1415926536  0.0000000000  0.0000000000
-605.0707450814  0.0000000000  3.1415926536  0.0000000000  0.0000000000
-603.8141080200  0.0000000000  3.1415926536  0.0000000000  0.0000000000
-602.5574709585  0.0000000000  3.1415926536  0.0000000000  0.0000000000
-601.3008338971  0.0000000000  3.1415926536  0.0000000000  0.0000000000
-600.0441968357  0.0000000000  3.1415926536  0.0000000000  0.0000000000
-598.7875597742  0.0000000000  3.1415926536  0.0000000000  0.0000000000
-597.5309227128  0.0000000000  3.1415926536  0.0000000000  0.0000000000
-596.2742856513  0.0000000000  3.1415926536  0.0000000000  0.0000000000
-595.0176485899  0.0000000000  3.1415926536  0.0000000000  0.0000000000
-593.7610115285  0.0000000000  3.1415926536  0.0000000000  0.0000000000
-592.5043744670  0.0000000000  3.1415926536  0.0000000000  0.0000000000
-591.2477374056  0.0000000000  3.1415926536  0.0000000000  0.0000000000
-589.9911003442  0.0000000000  3.1415926536  0.0000000000  0.0000000000
-588.7344632827  0.0000000000  3.1415926536  0.0000000000  0.0000000000
-587.4778262213  0.0000000000  3.1415926536  0.0000000000  0.0000000000
-586.2211891599  0.0000000000  3.1415926536  0.0000000000  0.0000000000
-584.9645520984  0.0000000000  3.1415926536  0.0000000000  0.0000000000
-583.7079150370  0.0000000000  3.1415926536  0.0000000000  0.0000000000
-582.4512779755  0.0000000000  3.1415926536  0.0000000000  0.0000000000
-581.1946409141  0.0000000000  3.1415926536  0.0000000000  0.0000000000
-579.9380038527  0.0000000000  3.1415926536  0.0000000000  0.0000000000
-578.6813667912  0.0000000000  3.1415926536  0.0000000000  0.0000000000
-577.4247297298  0.0000000000  3.1415926536  0.0000000000  0.0000000000
-576.1680926684  0.0000000000  3.1415926536  0.0000000000  0.0000000000
-574.9114556069  0.0000000000  3.1415926536  0.0000000000  0.0000000000
-573.6548185455  0.0000000000  3.1415926536  0.0000000000  0.0000000000
-572.3981814841  0.0000000000  3.1415926536  0.0000000000  0.0000000000
-571.1415444226  0.0000000000  3.1415926536  0.0000000000  0.0000000000
-569.8849073612  0.0000000000  3.1415926536  0.0000000000  0.0000000000
-568.6282702998  0.0000000000  3.1415926536  0.0000000000  0.0000000000
-567.3716332383  0.0000000000  3.1415926536  0.0000000000  0.0000000000
-566.1149961769  0.0000000000  3.1415926536  0.0000000000  0.0000000000
-564.8583591154  0.0000000000  3.1415926536  0.0000000000  0.0000000000
-563.6017220540  0.0000000000  3.1415926536  0.0000000000  0.0000000000
-562.3450849926  0.0000000000  3.1415926536  0.0000000000  0.0000000000
-561.0884479311  0.0000000000  3.1415926536  0.0000000000  0.0000000000
-559.8318108697  0.0000000000  3.1415926536  0.0000000000  0.0000000000
-558.5751738083  0.0000000000  3.1415926536  0.0000000000  0.0000000000
-557.3185367468  0.0000000000  3.1415926536  0.0000000000  0.0000000000
-556.0618996854  0.0000000000  3.1415926536  0.0000000000  0.0000000000
-554.8052626240  0.0000000000  3.1415926536  0.0000000000  0.0000000000
-553.5486255625  0.0000000000  3.1415926536  0.0000000000  0.0000000000
-552.2919885011  0.0000000000  3.1415926536  0.0000000000  0.0000000000
-551.0353514396  0.0000000000  3.1415926536  0.0000000000  0.0000000000
-549.7787143782  0.0000000000  3.1415926536  0.0000000000  0.0000000000
-548.5220773168  0.0000000000  3.1415926536  0.0000000000  0.0000000000
-547.2654402553  0.0000000000  3.1415926536  0.0000000000  0.0000000000
-546.0088031939  0.0000000000  3.1415926536  0.0000000000  0.0000000000
-544.7521661325  0.0000000000  3.1415926536  0.0000000000  0.0000000000
-543.4955290710  0.0000000000  3.1415926536  0.0000000000  0.0000000000
-542.2388920096  0.0000000000  3.1415926536  0.0000000000  0.0000000000
-540.9822549482  0.0000000000  3.1415926536  0.0000000000  0.0000000000
-539.7256178867  0.0000000000  3.1415926536  0.0000000000  0.0000000000
-538.4689808253  0.0000000000  3.1415926536  0.0000000000  0.0000000000
-537.2123437639  0.0000000000  3.1415926536  0.0000000000  0.0000000000
-535.9557067024  0.0000000000  3.1415926536  0.0000000000  0.0000000000
-534.6990696410  0.0000000000  3.1415926536  0.0000000000  0.0000000000
-533.4424325795  0.0000000000  3.1415926536  0.0000000000  0.0000000000
-532.1857955181  0.0000000000  3.1415926536  0.0000000000  0.0000000000
-530.9291584567  0.0000000000  3.1415926536  0.0000000000  0.0000000000
-529.6725213952  0.0000000000  3.1415926536  0.0000000000  0.0000000000
-528.4158843338  0.0000000000  3.1415926536  0.0000000000  0.0000000000
-527.1592472724  0.0000000000  3.1415926536  0.0000000000  0.0000000000
-525.9026102109  0.0000000000  3.1415926536  0.0000000000  0.0000000000
-524.6459731495  0.0000000000  3.1415926536  0.0000000000  0.0000000000
-523.3893360881  0.0000000000  3.1415926536  0.0000000000  0.0000000000
-522.1326990266  0.0000000000  3.1415926536  0.0000000000  0.0000000000
-520.8760619652  0.0000000000  3.1415926536  0.0000000000  0.0000000000
-519.6194249038  0.0000000000  3.1415926536  0.0000000000  0.0000000000
-518.3627878423  0.0000000000  3.1415926536  0.0000000000  0.0000000000
-517.1061507809  0.0000000000  3.1415926536  0.0000000000  0.0000000000
-515.8495137194  0.0000000000  3.1415926536  0.0000000000  0.0000000000
-514.5928766580  0.0000000000  3.1415926536  0.0000000000  0.0000000000
-513.3362395966  0.0000000000  3.1415926536  0.0000000000  0.0000000000
-512.0796025351  0.0000000000  3.1415926536  0.0000000000  0.0000000000
-510.8229654737  0.0000000000  3.1415926536  0.0000000000  0.0000000000
-509.5663284123  0.0000000000  3.1415926536  0.0000000000  0.0000000000
-508.3096913508  0.0000000000  3.1415926536  0.0000000000  0.0000000000
-507.0530542894  0.0000000000  3.1415926536  0.0000000000  0.0000000000
-505.7964172280  0.0000000000  3.1415926536  0.0000000000  0.0000000000
-504.5397801665  0.0000000000  3.1415926536  0.0000000000  0.0000000000
-503.2831431051  0.0000000000  3.1415926536  0.0000000000  0.0000000000
-502.0265060436  0.0000000000  3.1415926536  0.0000000000  0.0000000000
-500.7698689822  0.0000000000  3.1415926536  0.0000000000  0.0000000000
-499.5132319208  0.0000000000  3.1415926536  0.0000000000  0.0000000000
-498.2565948593  0.0000000000  3.1415926536  0.0000000000  0.0000000000
-496.9999577979  0.0000000000  3.1415926536  0.0000000000  0.0000000000
-495.7433207365  0.0000000000  3.1415926536  0.0000000000  0.0000000000
-494.4866836750  0.0000000000  3.1415926536  0.0000000000  0.0000000000
-493.2300466136  0.0000000000  3.1415926536  0.0000000000  0.0000000000
-491.9734095522  0.0000000000  3.1415926536  0.0000000000  0.0000000000
-490.7167724907  0.0000000000  3.1415926536  0.0000000000  0.0000000000
-489.4601354293  0.0000000000  3.1415926536  0.0000000000  0.0000000000
-488.2034983679  0.0000000000  3.1415926536  0.0000000000  0.0000000000
-486.9468613064  0.0000000000  3.1415926536  0.0000000000  0.0000000000
-485.6902242450  0.0000000000  3.1415926536  0.0000000000  0.0000000000
-484.4335871835  0.0000000000  3.1415926536  0.0000000000  0.0000000000
-483.1769501221  0.0000000000  3.1415926536  0.0000000000  0.0000000000
-481.9203130607  0.0000000000  3.1415926536  0.0000000000  0.0000000000
-480.6636759992  0.0000000000  3.1415926536  0.0000000000  0.0000000000
-479.4070389378  0.0000000000  3.1415926536  0.0000000000  0.0000000000
-478.1504018764  0.0000000000  3.1415926536  0.0000000000  0.0000000000
-476.8937648149  0.0000000000  3.1415926536  0.0000000000  0.0000000000
-475.6371277535  0.0000000000  3.1415926536  0.0000000000  0.0000000000
-474.3804906921  0.0000000000  3.1415926536  0.0000000000  0.0000000000
-473.1238536306  0.0000000000  3.1415926536  0.0000000000  0.0000000000
-471.8672165692  0.0000000000  3.1415926536  0.0000000000  0.0000000000
-470.6105795078  0.0000000000  3.1415926536  0.0000000000  0.0000000000
-469.3539424463  0.0000000000  3.1415926536  0.0000000000  0.0000000000
-468.0973053849  0.0000000000  3.1415926536  0.0000000000  0.0000000000
-466.8406683234  0.0000000000  3.1415926536  0.0000000000  0.0000000000
-465.5840312620  0.0000000000  3.1415926536  0.0000000000  0.0000000000
-464.3273942006  0.0000000000  3.1415926536  0.0000000000  0.0000000000
-463.0707571391  0.0000000000  3.1415926536  0.0000000000  0.0000000000
-461.8141200777  0.0000000000  3.1415926536  0.0000000000  0.0000000000
-460.5574830163  0.0000000000  3.1415926536  0.0000000000  0.0000000000
-459.3008459548  0.0000000000  3.1415926536  0.0000000000  0.0000000000
-458.0442088934  0.0000000000  3.1415926536  0.0000000000  0.0000000000
-456.7875718320  0.0000000000  3.1415926536  0.0000000000  0.0000000000
-455.5309347705  0.0000000000  3.1415926536  0.0000000000  0.0000000000
-454.2742977091  0.0000000000  3.1415926536  0.0000000000  0.0000000000
-453.0176606476  0.0000000000  3.1415926536  0.0000000000  0.0000000000
-451.7610235862  0.0000000000  3.1415926536  0.0000000000  0.0000000000
-450.5043865248  0.0000000000  3.1415926536  0.0000000000  0.0000000000
-449.2477494633  0.0000000000  3.1415926536  0.0000000000  0.0000000000
-447.9911124019  0.0000000000  3.1415926536  0.0000000000  0.0000000000
-446.7344753405  0.0000000000  3.1415926536  0.0000000000  0.0000000000
-445.4778382790  0.0000000000  3.1415926536  0.0000000000  0.0000000000
-444.2212012176  0.0000000000  3.1415926536  0.0000000000  0.0000000000
-442.9645641562  0.0000000000  3.1415926536  0.0000000000  0.0000000000
-441.7079270947  0.0000000000  3.1415926536  0.0000000000  0.0000000000
-440.4512900333  0.0000000000  3.1415926536  0.0000000000  0.0000000000
-439.1946529719  0.0000000000  3.1415926536  0.0000000000  0.0000000000
-437.9380159104  0.0000000000  3.1415926536  0.0000000000  0.0000000000
-436.6813788490  0.0000000000  3.1415926536  0.0000000000  0.0000000000
-435.4247417875  0.0000000000  3.1415926536  0.0000000000  0.0000000000
-434.1681047261  0.0000000000  3.1415926536  0.0000000000  0.0000000000
-432.9114676647  0.0000000000  3.1415926536  0.0000000000  0.0000000000
-431.6548306032  0.0000000000  3.1415926536  0.0000000000  0.0000000000
-430.3981935418  0.0000000000  3.1415926536  0.0000000000  0.0000000000
-429.1415564804  0.0000000000  3.1415926536  0.0000000000  0.0000000000
-427.8849194189  0.0000000000  3.1415926536  0.0000000000  0.0000000000
-426.6282823575  0.0000000000  3.1415926536  0.0000000000  0.0000000000
-425.3716452961  0.0000000000  3.1415926536  0.0000000000  0.0000000000
-424.1150082346  0.0000000000  3.1415926536  0.0000000000  0.0000000000
-422.8583711732  0.0000000000  3.1415926536  0.0000000000  0.0000000000
-421.6017341118  0.0000000000  3.1415926536  0.0000000000  0.0000000000
-420.3450970503  0.0000000000  3.1415926536  0.0000000000  0.0000000000
-419.0884599889  0.0000000000  3.1415926536  0.0000000000  0.0000000000
-417.8318229274  0.0000000000  3.1415926536  0.0000000000  0.0000000000
-416.5751858660  0.0000000000  3.1415926536  0.0000000000  0.0000000000
-415.3185488046  0.0000000000  3.1415926536  0.0000000000  0.0000000000
-414.0619117431  0.0000000000  3.1415926536  0.0000000000  0.0000000000
-412.8052746817  0.0000000000  3.1415926536  0.0000000000  0.0000000000
-411.5486376203  0.0000000000  3.1415926536  0.0000000000  0.0000000000
-410.2920005588  0.0000000000  3.1415926536  0.0000000000  0.0000000000
-409.0353634974  0.0000000000  3.1415926536  0.0000000000  0.0000000000
-407.7787264360  0.0000000000  3.1415926536  0.0000000000  0.0000000000
-406.5220893745  0.0000000000  3.1415926536  0.0000000000  0.0000000000
-405.2654523131  0.0000000000  3.1415926536  0.0000000000  0.0000000000
-404.0088152516  0.0000000000  3.1415926536  0.0000000000  0.0000000000
-402.7521781902  0.0000000000  3.1415926536  0.0000000000  0.0000000000
-401.4955411288  0.0000000000  3.1415926536  0.0000000000  0.0000000000
-400.2389040673  0.0000000000  3.1415926536  0.0000000000  0.0000000000
-398.9822670059  0.0000000000  3.1415926536  0.0000000000  0.0000000000
-397.7256299445  0.0000000000  3.1415926536  0.0000000000  0.0000000000
-396.4689928830  0.0000000000  3.1415926536  0.0000000000  0.0000000000
-395.2123558216  0.0000000000  3.1415926536  0.0000000000  0.0000000000
-393.9557187602  0.0000000000  3.1415926536  0.0000000000  0.0000000000
-392.6990816987  0.0000000000  3.1415926536  0.0000000000  0.0000000000
-391.4424446373  0.0000000000  3.1415926536  0.0000000000  0.0000000000
-390.1858075759  0.0000000000  3.1415926536  0.0000000000  0.0000000000
-388.9291705144  0.0000000000  3.1415926536  0.0000000000  0.0000000000
-387.6725334530  0.0000000000  3.1415926536  0.0000000000  0.0000000000
-386.4158963915  0.0000000000  3.1415926536  0.0000000000  0.0000000000
-385.1592593301  0.0000000000  3.1415926536  0.0000000000  0.0000000000
-383.9026222687  0.0000000000  3.1415926536  0.0000000000  0.0000000000
-382.6459852072  0.0000000000  3.1415926536  0.0000000000  0.0000000000
-381.3893481458  0.0000000000  3.1415926536  0.0000000000  0.0000000000
-380.1327110844  0.0000000000  3.1415926536  0.0000000000  0.0000000000
-378.8760740229  0.0000000000  3.1415926536  0.0000000000  0.0000000000
-377.6194369615  0.0000000000  3.1415926536  0.0000000000  0.0000000000
-376.3627999001  0.0000000000  3.1415926536  0.0000000000  0.0000000000
-375.1061628386  0.0000000000  3.1415926536  0.0000000000  0.0000000000
-373.8495257772  0.0000000000  3.1415926536  0.0000000000  0.0000000000
-372.5928887157  0.0000000000  3.1415926536  0.0000000000  0.0000000000
-371.3362516543  0.0000000000  3.1415926536  0.0000000000  0.0000000000
-370.0796145929  0.0000000000  3.1415926536  0.0000000000  0.0000000000
-368.8229775314  0.0000000000  3.1415926536  0.0000000000  0.0000000000
-367.5663404700  0.0000000000  3.1415926536  0.0000000000  0.0000000000
-366.3097034086  0.0000000000  3.1415926536  0.0000000000  0.0000000000
-365.0530663471  0.0000000000  3.1415926536  0.0000000000  0.0000000000
-363.7964292857  0.0000000000  3.1415926536  0.0000000000  0.0000000000
-362.5397922243  0.0000000000  3.1415926536  0.0000000000  0.0000000000
-361.2831551628  0.0000000000  3.1415926536  0.0000000000  0.0000000000
-360.0265181014  0.0000000000  3.1415926536  0.0000000000  0.0000000000
-358.7698810400  0.0000000000  3.1415926536  0.0000000000  0.0000000000
-357.5132439785  0.0000000000  3.1415926536  0.0000000000  0.0000000000
-356.2566069171  0.0000000000  3.1415926536  0.0000000000  0.0000000000
-354.9999698556  0.0000000000  3.1415926536  0.0000000000  0.0000000000
-353.7433327942  0.0000000000  3.1415926536  0.0000000000  0.0000000000
-352.4866957328  0.0000000000  3.1415926536  0.0000000000  0.0000000000
-351.2300586713  0.0000000000  3.1415926536  0.0000000000  0.0000000000
-349.9734216099  0.0000000000  3.1415926536  0.0000000000  0.0000000000
-348.7167845485  0.0000000000  3.1415926536  0.0000000000  0.0000000000
-347.4601474870  0.0000000000  3.1415926536  0.0000000000  0.0000000000
-346.2035104256  0.0000000000  3.1415926536  0.0000000000  0.0000000000
-344.9468733642  0.0000000000  3.1415926536  0.0000000000  0.0000000000
-343.6902363027  0.0000000000  3.1415926536  0.0000000000  0.0000000000
-342.4335992413  0.0000000000  3.1415926536  0.0000000000  0.0000000000
-341.1769621799  0.0000000000  3.1415926536  0.0000000000  0.0000000000
-339.9203251184  0.0000000000  3.1415926536  0.0000000000  0.0000000000
-338.6636880570  0.0000000000  3.1415926536  0.0000000000  0.0000000000
-337.4070509955  0.0000000000  3.1415926536  0.0000000000  0.0000000000
-336.1504139341  0.0000000000  3.1415926536  0.0000000000  0.0000000000
-334.8937768727  0.0000000000  3.1415926536  0.0000000000  0.0000000000
-333.6371398112  0.0000000000  3.1415926536  0.0000000000  0.0000000000
-332.3805027498  0.0000000000  3.1415926536  0.0000000000  0.0000000000
-331.1238656884  0.0000000000  3.1415926536  0.0000000000  0.0000000000
-329.8672286269  0.0000000000  3.1415926536  0.0000000000  0.0000000000
-328.6105915655  0.0000000000  3.1415926536  0.0000000000  0.0000000000
-327.3539545041  0.0000000000  3.1415926536  0.0000000000  0.0000000000
-326.0973174426  0.0000000000  3.1415926536  0.0000000000  0.0000000000
-324.8406803812  0.0000000000  3.1415926536  0.0000000000  0.0000000000
-323.5840433197  0.0000000000  3.1415926536  0.0000000000  0.0000000000
-322.3274062583  0.0000000000  3.1415926536  0.0000000000  0.0000000000
-321.0707691969  0.0000000000  3.1415926536  0.0000000000  0.0000000000
-319.8141321354  0.0000000000  3.1415926536  0.0000000000  0.0000000000
-318.5574950740  0.0000000000  3.1415926536  0.0000000000  0.0000000000
-317.3008580126  0.0000000000  3.1415926536  0.0000000000  0.0000000000
-316.0442209511  0.0000000000  3.1415926536  0.0000000000  0.0000000000
-314.7875838897  0.0000000000  3.1415926536  0.0000000000  0.0000000000
-313.5309468283  0.0000000000  3.1415926536  0.0000000000  0.0000000000
-312.2743097668  0.0000000000  3.1415926536  0.0000000000  0.0000000000
-311.0176727054  0.0000000000  3.1415926536  0.0000000000  0.0000000000
-309.7610356440  0.0000000000  3.1415926536  0.0000000000  0.0000000000
-308.5043985825  0.0000000000  3.1415926536  0.0000000000  0.0000000000
-307.2477615211  0.0000000000  3.1415926536  0.0000000000  0.0000000000
-305.9911244596  0.0000000000  3.1415926536  0.0000000000  0.0000000000
-304.7344873982  0.0000000000  3.1415926536  0.0000000000  0.0000000000
-303.4778503368  0.0000000000  3.1415926536  0.0000000000  0.0000000000
-302.2212132753  0.0000000000  3.1415926536  0.0000000000  0.0000000000
-300.9645762139  0.0000000000  3.1415926536  0.0000000000  0.0000000000
-299.7079391525  0.0000000000  3.1415926536  0.0000000000  0.0000000000
-298.4513020910  0.0000000000  3.1415926536  0.0000000000  0.0000000000
-297.1946650296  0.0000000000  3.1415926536  0.0000000000  0.0000000000
-295.9380279682  0.0000000000  3.1415926536  0.0000000000  0.0000000000
-294.6813909067  0.0000000000  3.1415926536  0.0000000000  0.0000000000
-293.4247538453  0.0000000000  3.1415926536  0.0000000000  0.0000000000
-292.1681167839  0.0000000000  3.1415926536  0.0000000000  0.0000000000
-290.9114797224  0.0000000000  3.1415926536  0.0000000000  0.0000000000
-289.6548426610  0.0000000000  3.1415926536  0.0000000000  0.0000000000
-288.3982055995  0.0000000000  3.1415926536  0.0000000000  0.0000000000
-287.1415685381  0.0000000000  3.1415926536  0.0000000000  0.0000000000
-285.8849314767  0.0000000000  3.1415926536  0.0000000000  0.0000000000
-284.6282944152  0.0000000000  3.1415926536  0.0000000000  0.0000000000
-283.3716573538  0.0000000000  3.1415926536  0.0000000000  0.0000000000
-282.1150202924  0.0000000000  3.1415926536  0.0000000000  0.0000000000
-280.8583832309  0.0000000000  3.1415926536  0.0000000000  0.0000000000
-279.6017461695  0.0000000000  3.1415926536  0.0000000000  0.0000000000
-278.3451091081  0.0000000000  3.1415926536  0.0000000000  0.0000000000
-277.0884720466  0.0000000000  3.1415926536  0.0000000000  0.0000000000
-275.8318349852  0.0000000000  3.1415926536  0.0000000000  0.0000000000
-274.5751979237  0.0000000000  3.1415926536  0.0000000000  0.0000000000
-273.3185608623  0.0000000000  3.1415926536  0.0000000000  0.0000000000
-272.0619238009  0.0000000000  3.1415926536  0.0000000000  0.0000000000
-270.8052867394  0.0000000000  3.1415926536  0.0000000000  0.0000000000
-269.5486496780  0.0000000000  3.1415926536  0.0000000000  0.0000000000
-268.2920126166  0.0000000000  3.1415926536  0.0000000000  0.0000000000
-267.0353755551  0.0000000000  3.1415926536  0.0000000000  0.0000000000
-265.7787384937  0.0000000000  3.1415926536  0.0000000000  0.0000000000
-264.5221014323  0.0000000000  3.1415926536  0.0000000000  0.0000000000
-263.2654643708  0.0000000000  3.1415926536  0.0000000000  0.0000000000
-262.0088273094  0.0000000000  3.1415926536  0.0000000000  0.0000000000
-260.7521902480  0.0000000000  3.1415926536  0.0000000000  0.0000000000
-259.4955531865  0.0000000000  3.1415926536  0.0000000000  0.0000000000
-258.2389161251  0.0000000000  3.1415926536  0.0000000000  0.0000000000
-256.9822790636  0.0000000000  3.1415926536  0.0000000000  0.0000000000
-255.7256420022  0.0000000000  3.1415926536  0.0000000000  0.0000000000
-254.4690049408  0.0000000000  3.1415926536  0.0000000000  0.0000000000
-253.2123678793  0.0000000000  3.1415926536  0.0000000000  0.0000000000
-251.9557308179  0.0000000000  3.1415926536  0.0000000000  0.0000000000
-250.6990937565  0.0000000000  3.1415926536  0.0000000000  0.0000000000
-249.4424566950  0.0000000000  3.1415926536  0.0000000000  0.0000000000
-248.1858196336  0.0000000000  3.1415926536  0.0000000000  0.0000000000
-246.9291825722  0.0000000000  3.1415926536  0.0000000000  0.0000000000
-245.6725455107  0.0000000000  3.1415926536  0.0000000000  0.0000000000
-244.4159084493  0.0000000000  3.1415926536  0.0000000000  0.0000000000
-243.1592713878  0.0000000000  3.1415926536  0.0000000000  0.0000000000
-241.9026343264  0.0000000000  3.1415926536  0.0000000000  0.0000000000
-240.6459972650  0.0000000000  3.1415926536  0.0000000000  0.0000000000
-239.3893602035  0.0000000000  3.1415926536  0.0000000000  0.0000000000
-238.1327231421  0.0000000000  3.1415926536  0.0000000000  0.0000000000
-236.8760860807  0.0000000000  3.1415926536  0.0000000000  0.0000000000
-235.6194490192  0.0000000000  3.1415926536  0.0000000000  0.0000000000
-234.3628119578  0.0000000000  3.1415926536  0.0000000000  0.0000000000
-233.1061748964  0.0000000000  3.1415926536  0.0000000000  0.0000000000
-231.8495378349  0.0000000000  3.1415926536  0.0000000000  0.0000000000
-230.5929007735  0.0000000000  3.1415926536  0.0000000000  0.0000000000
-229.3362637121  0.0000000000  3.1415926536  0.0000000000  0.0000000000
-228.0796266506  0.0000000000  3.1415926536  0.0000000000  0.0000000000
-226.8229895892  0.0000000000  3.1415926536  0.0000000000  0.0000000000
-225.5663525277  0.0000000000  3.1415926536  0.0000000000  0.0000000000
-224.3097154663  0.0000000000  3.1415926536  0.0000000000  0.0000000000
-223.0530784049  0.0000000000  3.1415926536  0.0000000000  0.0000000000
-221.7964413434  0.0000000000  3.1415926536  0.0000000000  0.0000000000
-220.5398042820  0.0000000000  3.1415926536  0.0000000000  0.0000000000
-219.2831672206  0.0000000000  3.1415926536  0.0000000000  0.0000000000
-218.0265301591  0.0000000000  3.1415926536  0.0000000000  0.0000000000
-216.7698930977  0.0000000000  3.1415926536  0.0000000000  0.0000000000
-215.5132560363  0.0000000000  3.1415926536  0.0000000000  0.0000000000
-214.2566189748  0.0000000000  3.1415926536  0.0000000000  0.0000000000
-212.9999819134  0.0000000000  3.1415926536  0.0000000000  0.0000000000
-211.7433448520  0.0000000000  3.1415926536  0.0000000000  0.0000000000
-210.4867077905  0.0000000000  3.1415926536  0.0000000000  0.0000000000
-209.2300707291  0.0000000000  3.1415926536  0.0000000000  0.0000000000
-207.9734336676  0.0000000000  3.1415926536  0.0000000000  0.0000000000
-206.7167966062  0.0000000000  3.1415926536  0.0000000000  0.0000000000
-205.4601595448  0.0000000000  3.1415926536  0.0000000000  0.0000000000
-204.2035224833  0.0000000000  3.1415926536  0.0000000000  0.0000000000
-202.9468854219  0.0000000000  3.1415926536  0.0000000000  0.0000000000
-201.6902483605  0.0000000000  3.1415926536  0.0000000000  0.0000000000
-200.4336112990  0.0000000000  3.1415926536  0.0000000000  0.0000000000
-199.1769742376  0.0000000000  3.1415926536  0.0000000000  0.0000000000
-197.9203371762  0.0000000000  3.1415926536  0.0000000000  0.0000000000
-196.6637001147  0.0000000000  3.1415926536  0.0000000000  0.0000000000
-195.4070630533  0.0000000000  3.1415926536  0.0000000000  0.0000000000
-194.1504259918  0.0000000000  3.1415926536  0.0000000000  0.0000000000
-192.8937889304  0.0000000000  3.1415926536  0.0000000000  0.0000000000
-191.6371518690  0.0000000000  3.1415926536  0.0000000000  0.0000000000
-190.3805148075  0.0000000000  3.1415926536  0.0000000000  0.0000000000
-189.1238777461  0.0000000000  3.1415926536  0.0000000000  0.0000000000
-187.8672406847  0.0000000000  3.1415926536  0.0000000000  0.0000000000
-186.6106036232  0.0000000000  3.1415926536  0.0000000000  0.0000000000
-185.3539665618  0.0000000000  3.1415926536  0.0000000000  0.0000000000
-184.0973295004  0.0000000000  3.1415926536  0.0000000000  0.0000000000
-182.8406924389  0.0000000000  3.1415926536  0.0000000000  0.0000000000
-181.5840553775  0.0000000000  3.1415926536  0.0000000000  0.0000000000
-180.3274183161  0.0000000000  3.1415926536  0.0000000000  0.0000000000
-179.0707812546  0.0000000000  3.1415926536  0.0000000000  0.0000000000
-177.8141441932  0.0000000000  3.1415926536  0.0000000000  0.0000000000
-176.5575071317  0.0000000000  3.1415926536  0.0000000000  0.0000000000
-175.3008700703  0.0000000000  3.1415926536  0.0000000000  0.0000000000
-174.0442330089  0.0000000000  3.1415926536  0.0000000000  0.0000000000
-172.7875959474  0.0000000000  3.1415926536  0.0000000000  0.0000000000
-171.5309588860  0.0000000000  3.1415926536  0.0000000000  0.0000000000
-170.2743218246  0.0000000000  3.1415926536  0.0000000000  0.0000000000
-169.0176847631  0.0000000000  3.1415926536  0.0000000000  0.0000000000
-167.7610477017  0.0000000000  3.1415926536  0.0000000000  0.0000000000
-166.5044106403  0.0000000000  3.1415926536  0.0000000000  0.0000000000
-165.2477735788  0.0000000000  3.1415926536  0.0000000000  0.0000000000
-163.9911365174  0.0000000000  3.1415926536  0.0000000000  0.0000000000
-162.7344994560  0.0000000000  3.1415926536  0.0000000000  0.0000000000
-161.4778623945  0.0000000000  3.1415926536  0.0000000000  0.0000000000
-160.2212253331  0.0000000000  3.1415926536  0.0000000000  0.0000000000
-158.9645882716  0.0000000000  3.1415926536  0.0000000000  0.0000000000
-157.7079512102  0.0000000000  3.1415926536  0.0000000000  0.0000000000
-156.4513141488  0.0000000000  3.1415926536  0.0000000000  0.0000000000
-155.1946770873  0.0000000000  3.1415926536  0.0000000000  0.0000000000
-153.9380400259  0.0000000000  3.1415926536  0.0000000000  0.0000000000
-152.6814029645  0.0000000000  3.1415926536  0.0000000000  0.0000000000
-151.4247659030  0.0000000000  3.1415926536  0.0000000000  0.0000000000
-150.1681288416  0.0000000000  3.1415926536  0.0000000000  0.0000000000
-148.9114917802  0.0000000000  3.1415926536  0.0000000000  0.0000000000
-147.6548547187  0.0000000000  3.1415926536  0.0000000000  0.0000000000
-146.3982176573  0.0000000000  3.1415926536  0.0000000000  0.0000000000
-145.1415805958  0.0000000000  3.1415926536  0.0000000000  0.0000000000
-143.8849435344  0.0000000000  3.1415926536  0.0000000000  0.0000000000
-142.6283064730  0.0000000000  3.1415926536  0.0000000000  0.0000000000
-141.3716694115  0.0000000000  3.1415926536  0.0000000000  0.0000000000
-140.1150323501  0.0000000000  3.1415926536  0.0000000000  0.0000000000
-138.8583952887  0.0000000000  3.1415926536  0.0000000000  0.0000000000
-137.6017582272  0.0000000000  3.1415926536  0.0000000000  0.0000000000
-136.3451211658  0.0000000000  3.1415926536  0.0000000000  0.0000000000
-135.0884841044  0.0000000000  3.1415926536  0.0000000000  0.0000000000
-133.8318470429  0.0000000000  3.1415926536  0.0000000000  0.0000000000
-132.5752099815  0.0000000000  3.1415926536  0.0000000000  0.0000000000
-131.3185729201  0.0000000000  3.1415926536  0.0000000000  0.0000000000
-130.0619358586  0.0000000000  3.1415926536  0.0000000000  0.0000000000
-128.8052987972  0.0000000000  3.1415926536  0.0000000000  0.0000000000
-127.5486617357  0.0000000000  3.1415926536  0.0000000000  0.0000000000
-126.2920246743  0.0000000000  3.1415926536  0.0000000000  0.0000000000
-125.0353876129  0.0000000000  3.1415926536  0.0000000000  0.0000000000
-123.7787505514  0.0000000000  3.1415926536  0.0000000000  0.0000000000
-122.5221134900  0.0000000000  3.1415926536  0.0000000000  0.0000000000
-121.2654764286  0.0000000000  3.1415926536  0.0000000000  0.0000000000
-120.0088393671  0.0000000000  3.1415926536  0.0000000000  0.0000000000
-118.7522023057  0.0000000000  3.1415926536  0.0000000000  0.0000000000
-117.4955652443  0.0000000000  3.1415926536  0.0000000000  0.0000000000
-116.2389281828  0.0000000000  3.1415926536  0.0000000000  0.0000000000
-114.9822911214  0.0000000000  3.1415926536  0.0000000000  0.0000000000
-113.7256540600  0.0000000000  3.1415926536  0.0000000000  0.0000000000
-112.4690169985  0.0000000000  3.1415926536  0.0000000000  0.0000000000
-111.2123799371  0.0000000000  3.1415926536  0.0000000000  0.0000000000
-109.9557428756  0.0000000000  3.1415926536  0.0000000000  0.0000000000
-108.6991058142  0.0000000000  3.1415926536  0.0000000000  0.0000000000
-107.4424687528  0.0000000000  3.1415926536  0.0000000000  0.0000000000
-106.1858316913  0.0000000000  3.1415926536  0.0000000000  0.0000000000
-104.9291946299  0.0000000000  3.1415926536  0.0000000000  0.0000000000
-103.6725575685  0.0000000000  3.1415926536  0.0000000000  0.0000000000
-102.4159205070  0.0000000000  3.1415926536  0.0000000000  0.0000000000
-101.1592834456  0.0000000000  3.1415926536  0.0000000000  0.0000000000
-99.9026463842  0.0000000000  3.1415926536  0.0000000000  0.0000000000
-98.6460093227  0.0000000000  3.1415926536  0.0000000000  0.0000000000
-97.3893722613  0.0000000000  3.1415926536  0.0000000000  0.0000000000
-96.1327351998  0.0000000000  3.1415926536  0.0000000000  0.0000000000
-94.8760981384  0.0000000000  3.1415926536  0.0000000000  0.0000000000
-93.6194610770  0.0000000000  3.1415926536  0.0000000000  0.0000000000
-92.3628240155  0.0000000000  3.1415926536  0.0000000000  0.0000000000
-91.1061869541  0.0000000000  3.1415926536  0.0000000000  0.0000000000
-89.8495498927  0.0000000000  3.1415926536  0.0000000000  0.0000000000
-88.5929128312  0.0000000000  3.1415926536  0.0000000000  0.0000000000
-87.3362757698  0.0000000000  3.1415926536  0.0000000000  0.0000000000
-86.0796387084  0.0000000000  3.1415926536  0.0000000000  0.0000000000
-84.8230016469  0.0000000000  3.1415926536  0.0000000000  0.0000000000
-83.5663645855  0.0000000000  3.1415926536  0.0000000000  0.0000000000
-82.3097275241  0.0000000000  3.1415926536  0.0000000000  0.0000000000
-81.0530904626  0.0000000000  3.1415926536  0.0000000000  0.0000000000
-79.7964534012  0.0000000000  3.1415926536  0.0000000000  0.0000000000
-78.5398163397  0.0000000000  3.1415926536  0.0000000000  0.0000000000
-77.2831792783  0.0000000000  3.1415926536  0.0000000000  0.0000000000
-76.0265422169  0.0000000000  3.1415926536  0.0000000000  0.0000000000
-74.7699051554  0.0000000000  3.1415926536  0.0000000000  0.0000000000
-73.5132680940  0.0000000000  3.1415926536  0.0000000000  0.0000000000
-72.2566310326  0.0000000000  3.1415926536  0.0000000000  0.0000000000
-70.9999939711  0.0000000000  3.1415926536  0.0000000000  0.0000000000
-69.7433569097  0.0000000000  3.1415926536  0.0000000000  0.0000000000
-68.4867198483  0.0000000000  3.1415926536  0.0000000000  0.0000000000
-67.2300827868  0.0000000000  3.1415926536  0.0000000000  0.0000000000
-65.9734457254  0.0000000000  3.1415926536  0.0000000000  0.0000000000
-64.7168086639  0.0000000000  3.1415926536  0.0000000000  0.0000000000
-63.4601716025  0.0000000000  3.1415926536  0.0000000000  0.0000000000
-62.2035345411  0.0000000000  3.1415926536  0.0000000000  0.0000000000
-60.9468974796  0.0000000000  3.1415926536  0.0000000000  0.0000000000
-59.6902604182  0.0000000000  3.1415926536  0.0000000000  0.0000000000
-58.4336233568  0.0000000000  3.1415926536  0.0000000000  0.0000000000
-57.1769862953  0.0000000000  3.1415926536  0.0000000000  0.0000000000
-55.9203492339  0.0000000000  3.1415926536  0.0000000000  0.0000000000
-54.6637121725  0.0000000000  3.1415926536  0.0000000000  0.0000000000
-53.4070751110  0.0000000000  3.1415926536  0.0000000000  0.0000000000
-52.1504380496  0.0000000000  3.1415926536  0.0000000000  0.0000000000
-50.8938009882  0.0000000000  3.1415926536  0.0000000000  0.0000000000
-49.6371639267  0.0000000000  3.1415926536  0.0000000000  0.0000000000
-48.3805268653  0.0000000000  3.1415926536  0.0000000000  0.0000000000
-47.1238898038  0.0000000000  3.1415926536  0.0000000000  0.0000000000
-45.8672527424  0.0000000000  3.1415926536  0.0000000000  0.0000000000
-44.6106156810  0.0000000000  3.1415926536  0.0000000000  0.0000000000
-43.3539786195  0.0000000000  3.1415926536  0.0000000000  0.0000000000
-42.0973415581  0.0000000000  3.1415926536  0.0000000000  0.0000000000
-40.8407044967  0.0000000000  3.1415926536  0.0000000000  0.0000000000
-39.5840674352  0.0000000000  3.1415926536  0.0000000000  0.0000000000
-38.3274303738  0.0000000000  3.1415926536  0.0000000000  0.0000000000
-37.0707933124  0.0000000000  3.1415926536  0.0000000000  0.0000000000
-35.8141562509  0.0000000000  3.1415926536  0.0000000000  0.0000000000
-34.5575191895  0.0000000000  3.1415926536  0.0000000000  0.0000000000
-33.3008821281  0.0000000000  3.1415926536  0.0000000000  0.0000000000
-32.0442450666  0.0000000000  3.1415926536  0.0000000000  0.0000000000
-30.7876080052  0.0000000000  3.1415926536  0.0000000000  0.0000000000
-29.5309709437  0.0000000000  3.1415926536  0.0000000000  0.0000000000
-28.2743338823  0.0000000000  3.1415926536  0.0000000000  0.0000000000
-27.0176968209  0.0000000000  3.1415926536  0.0000000000  0.0000000000
-25.7610597594  0.0000000000  3.1415926536  0.0000000000  0.0000000000
-24.5044226980  0.0000000000  3.1415926536  0.0000000000  0.0000000000
-23.2477856366  0.0000000000  3.1415926536  0.0000000000  0.0000000000
-21.9911485751  0.0000000000  3.1415926536  0.0000000000  0.0000000000
-20.7345115137  0.0000000000  3.1415926536  0.0000000000  0.0000000000
-19.4778744523  0.0000000000  3.1415926536  0.0000000000  0.0000000000
-18.2212373908  0.0000000000  3.1415926536  0.0000000000  0.0000000000
-16.9646003294  0.0000000000  3.1415926536  0.0000000000  0.0000000000
-15.7079632679  0.0000000000  3.1415926536  0.0000000000  0.0000000000
-14.4513262065  0.0000000000  3.1415926536  0.0000000000  0.0000000000
-13.1946891451  0.0000000000  3.1415926536  0.0000000000  0.0000000000
-11.9380520836  0.0000000000  3.1415926536  0.0000000000  0.0000000000
-10.6814150222  0.0000000000  3.1415926536  0.0000000000  0.0000000000
-9.4247779608  0.0000000000  3.1415926536  0.0000000000  0.0000000000
-8.1681408993  0.0000000000  3.1415926536  0.0000000000  0.0000000000
-6.9115038379  0.0000000000  3.1415926536  0.0000000000  0.0000000000
-5.6548667765  0.0000000000  3.1415926536  0.0000000000  0.0000000000
-4.3982297150  0.0000000000  3.1415926536  0.0000000000  0.0000000000
-3.1415926536  0.0000000000  3.1415926536  0.0000000000  0.0000000000
-1.8849555922  0.0000000000  3.1415926536  0.0000000000  0.0000000000
-0.6283185307  0.0000000000  3.1415926536  0.0000000000  0.0000000000
0.6283185307  0.0000000000  3.1415926536  0.0000000029  -2343.2231506817
1.8849555922  0.0000000000  3.1415926536  -0.0000000001  94.7261392668
3.1415926536  0.0000000000  3.1415926536  0.0000000005  -517.2420810706
4.3982297150  0.0000000000  3.1415926536  0.0000000000  -270.3076298533
5.6548667765  0.0000000000  3.1415926536  -0.0000000003  343.4351060267
6.9115038379  0.0000000000  3.1415926536  -0.6952578399  393.9681509802
8.1681408993  0.0000000000  3.1415926536  0.0000000002  240.0403703436
9.4247779608  0.0000000000  3.1415926536  0.3253671057  141.3342673280
10.6814150222  0.0000000000  3.1415926536  0.0000000005  121.8894481490
11.9380520836  0.0000000000  3.1415926536  -0.3395152143  140.6492507460
13.1946891451  0.0000000000  3.1415926536  -0.3357986073  164.4420376377
14.4513262065  0.0000000000  3.1415926536  0.0000000002  178.1408489187
15.7079632679  0.0000000000  3.1415926536  0.5092541051  178.3733352009
16.9646003294  0.0000000000  3.1415926536  1.0364592820  167.0704858180
18.2212373908  0.0000000000  3.1415926536  1.4804482977  147.7113666461
19.4778744523  0.0000000000  3.1415926536  1.7940764363  123.6321884115
20.7345115137  0.0000000000  3.1415926536  1.9679582335  97.4580952860
21.9911485751  0.0000000000  3.1415926536  2.0141203796  71.0405906562
23.2477856366  0.0000000000  3.1415926536  1.9541907397  45.5795547129
24.5044226980  0.0000000000  3.1415926536  1.8121812751  21.7851286145
25.7610597594  0.0000000000  3.1415926536  1.6106496268  0.0237260687
27.0176968209  0.0000000000  3.1415926536  1.3690033989  -19.5673988488
28.2743338823  0.0000000000  3.1415926536  1.1030289015  -36.9965448350
29.5309709437  0.0000000000  3.1415926536  0.8250496755  -52.3592830262
30.7876080052  0.0000000000  3.1415926536  0.5443618790  -65.7991938349
32.0442450666  0.0000000000  3.1415926536  0.2677521785  -77.4822031193
33.3008821281  0.0000000000  3.1415926536  0.0000000000  -87.5803379740
34.5575191895  0.0000000000  3.1415926536  -0.2556790002  -96.2618543948
35.8141562509  0.0000000000  3.1415926536  -0.4972617395  -103.6855888844
37.0707933124  0.0000000000  3.1415926536  -0.7236174649  -109.9980542867
38.3274303738  0.0000000000  3.1415926536  -0.9342706098  -115.3322774999
39.5840674352  0.0000000000  3.1415926536  -1.1292167829  -119.8077095189
40.8407044967  0.0000000000  3.1415926536  -1.3087819947  -123.5307664987
42.0973415581  0.0000000000  3.1415926536  -1.4735162718  -126.5957151667
43.3539786195  0.0000000000  3.1415926536  -1.6241141761  -129.0857196523
44.6106156810  0.0000000000  3.1415926536  -1.7613561178  -131.0739357784
45.8672527424  0.0000000000  3.1415926536  -1.8860655830  -132.6245842782
47.1238898038  0.0000000000  3.1415926536  -1.9990784409  -133.7939639846
48.3805268653  0.0000000000  3.1415926536  -2.1012213546  -134.6313850315
49.6371639267  0.0000000000  3.1415926536  -2.1932969990  -135.1800140710
50.8938009882  0.0000000000  3.1415926536  -2.2760743342  -135.4776308274
52.1504380496  0.0000000000  3.1415926536  -2.3502825975  -135.5572995994
53.4070751110  0.0000000000  3.1415926536  -2.4166080060  -135.4479616521
54.6637121725  0.0000000000  3.1415926536  -2.4756924079  -135.1749555186
55.9203492339  0.0000000000  3.1415926536  -2.5281333129  -134.7604725440
57.1769862953  0.0000000000  3.1415926536  -2.5744848749  -134.2239548438
58.4336233568  0.0000000000  3.1415926536  -2.6152595132  -133.5824424348
59.6902604182  0.0000000000  3.1415926536  -2.6509299374  -132.8508757394
60.9468974796  0.0000000000  3.1415926536  -2.6819314091  -132.0423590643
62.2035345411  0.0000000000  3.1415926536  -2.7086641154  -131.1683900459
63.4601716025  0.0000000000  3.1415926536  -2.7314955684  -130.2390594747
64.7168086639  0.0000000000  3.1415926536  -2.7507629691  -129.2632253734
65.9734457254  0.0000000000  3.1415926536  -2.7667754948  -128.2486647171
67.2300827868  0.0000000000  3.1415926536  -2.7798164837  -127.2022057438
68.4867198483  0.0000000000  3.1415926536  -2.7901454988  -126.1298434189
69.7433569097  0.0000000000  3.1415926536  -2.7980002648  -125.0368402758
70.9999939711  0.0000000000  3.1415926536  -2.8035984730  -123.9278145581
72.2566310326  0.0000000000  3.1415926536  -2.8071394567  -122.8068173305
73.5132680940  0.0000000000  3.1415926536  -2.8088057388  -121.6773999979
74.7699051554  0.0000000000  3.1415926536  -2.8087644587  -120.5426734840
76.0265422169  0.0000000000  3.1415926536  -2.8071686836  -119.4053601447
77.2831792783  0.0000000000  3.1415926536  -2.8041586117  -118.2678393537
78.5398163397  0.0000000000  3.1415926536  -2.7998626743  -117.1321875687
79.7964534012  0.0000000000  3.1415926536  -2.7943985442  -116.0002135776
81.0530904626  0.0000000000  3.1415926536  -2.7878740574  -114.8734895356
82.3097275241  0.0000000000  3.1415926536  -2.7803880552  -113.7533783191
83.5663645855  0.0000000000  3.1415926536  -2.7720311526  -112.6410576542
84.8230016469  0.0000000000  3.1415926536  -2.7628864401  -111.5375414203
86.0796387084  0.0000000000  3.1415926536  -2.7530301231  -110.4436984738
87.3362757698  0.0000000000  3.1415926536  -2.7425321066  -109.3602692938
88.5929128312  0.0000000000  3.1415926536  -2.7314565269  -108.2878807150
89.8495498927  0.0000000000  3.1415926536  -2.7198622382  -107.2270589756
91.1061869541  0.0000000000  3.1415926536  -2.7078032553  -106.1782412817
92.3628240155  0.0000000000  3.1415926536  -2.6953291585  -105.1417860638
93.6194610770  0.0000000000  3.1415926536  -2.6824854628  -104.1179820801
94.8760981384  0.0000000000  3.1415926536  -2.6693139550  -103.1070564994
96.1327351998  0.0000000000  3.1415926536  -2.6558530013  -102.1091820831
97.3893722613  0.0000000000  3.1415926536  -2.6421378290  -101.1244835696
98.6460093227  0.0000000000  3.1415926536  -2.6282007832  -100.1530433535
99.9026463842  0.0000000000  3.1415926536  -2.6140715620  -99.1949065374
101.1592834456  0.0000000000  3.1415926536  -2.5997774313  -98.2500854297
102.4159205070  0.0000000000  3.1415926536  -2.5853434216  -97.3185635490
103.6725575685  0.0000000000  3.1415926536  -2.5707925080  -96.4002991906
104.9291946299  0.0000000000  3.1415926536  -2.5561457748  -95.4952286037
106.1858316913  0.0000000000  3.1415926536  -2.5414225671  -94.6032688230
107.4424687528  0.0000000000  3.1415926536  -2.5266406285  -93.7243201904
108.6991058142  0.0000000000  3.1415926536  -2.5118162288  -92.8582686038
109.9557428756  0.0000000000  3.1415926536  -2.4969642797  -92.0049875195
111.2123799371  0.0000000000  3.1415926536  -2.4820984424  -91.1643397374
112.4690169985  0.0000000000  3.1415926536  -2.4672312252  -90.3361789904
113.7256540600  0.0000000000  3.1415926536  -2.4523740739  -89.5203513607
114.9822911214  0.0000000000  3.1415926536  -2.4375374546  -88.7166965397
116.2389281828  0.0000000000  3.1415926536  -2.4227309298  -87.9250489498
117.4955652443  0.0000000000  3.1415926536  -2.4079632286  -87.1452387412
118.7522023057  0.0000000000  3.1415926536  -2.3932423110  -86.3770926784
120.0088393671  0.0000000000  3.1415926536  -2.3785754274  -85.6204349268
121.2654764286  0.0000000000  3.1415926536  -2.3639691730  -84.8750877506
122.5221134900  0.0000000000  3.1415926536  -2.3494295387  -84.1408721306
123.7787505514  0.0000000000  3.1415926536  -2.3349619567  -83.4176083115
125.0353876129  0.0000000000  3.1415926536  -2.3205713440  -82.7051162845
126.2920246743  0.0000000000  3.1415926536  -2.3062621415  -82.0032162133
127.5486617357  0.0000000000  3.1415926536  -2.2920383507  -81.3117288083
128.8052987972  0.0000000000  3.1415926536  -2.2779035669  -80.6304756556
130.0619358586  0.0000000000  3.1415926536  -2.2638610105  -79.9592795042
131.3185729201  0.0000000000  3.1415926536  -2.2499135559  -79.2979645168
132.5752099815  0.0000000000  3.1415926536  -2.2360637573  -78.6463564872
133.8318470429  0.0000000000  3.1415926536  -2.2223138741  -78.0042830291
135.0884841044  0.0000000000  3.1415926536  -2.2086658928  -77.3715737369
136.3451211658  0.0000000000  3.1415926536  -2.1951215482  -76.7480603244
137.6017582272  0.0000000000  3.1415926536  -2.1816823429  -76.1335767416
138.8583952887  0.0000000000  3.1415926536  -2.1683495650  -75.5279592723
140.1150323501  0.0000000000  3.1415926536  -2.1551243048  -74.9310466157
141.3716694115  0.0000000000  3.1415926536  -2.1420074703  -74.3426799520
142.6283064730  0.0000000000  3.1415926536  -2.1289998010  -73.7627029949
143.8849435344  0.0000000000  3.1415926536  -2.1161018816  -73.1909620326
145.1415805958  0.0000000000  3.1415926536  -2.1033141539  -72.6273059572
146.3982176573  0.0000000000  3.1415926536  -2.0906369282  -72.0715862852
147.6548547187  0.0000000000  3.1415926536  -2.0780703936  -71.5236571697
148.9114917802  0.0000000000  3.1415926536  -2.0656146281  -70.9833754047
150.1681288416  0.0000000000  3.1415926536  -2.0532696073  -70.4506004231
151.4247659030  0.0000000000  3.1415926536  -2.0410352129  -69.9251942889
152.6814029645  0.0000000000  3.1415926536  -2.0289112402  -69.4070216838
153.9380400259  0.0000000000  3.1415926536  -2.0168974058  -68.8959498904
155.1946770873  0.0000000000  3.1415926536  -2.0049933537  -68.3918487700
156.4513141488  0.0000000000  3.1415926536  -1.9931986618  -67.8945907385
157.7079512102  0.0000000000  3.1415926536  -1.9815128478  -67.4040507380
158.9645882716  0.0000000000  3.1415926536  -1.9699353738  -66.9201062068
160.2212253331  0.0000000000  3.1415926536  -1.9584656523  -66.4426370468
161.4778623945  0.0000000000  3.1415926536  -1.9471030499  -65.9715255889
162.7344994560  0.0000000000  3.1415926536  -1.9358468918  -65.5066565576
163.9911365174  0.0000000000  3.1415926536  -1.9246964661  -65.0479170331
165.2477735788  0.0000000000  3.1415926536  -1.9136510268  -64.5951964135
166.5044106403  0.0000000000  3.1415926536  -1.9027097979  -64.1483863755
167.7610477017  0.0000000000  3.1415926536  -1.8918719761  -63.7073808347
169.0176847631  0.0000000000  3.1415926536  -1.8811367337  -63.2720759051
170.2743218246  0.0000000000  3.1415926536  -1.8705032215  -62.8423698590
171.5309588860  0.0000000000  3.1415926536  -1.8599705714  -62.4181630858
172.7875959474  0.0000000000  3.1415926536  -1.8495378983  -61.9993580511
174.0442330089  0.0000000000  3.1415926536  -1.8392043028  -61.5858592563
175.3008700703  0.0000000000  3.1415926536  -1.8289688726  -61.1775731976
176.5575071317  0.0000000000  3.1415926536  -1.8188306848  -60.7744083252
177.8141441932  0.0000000000  3.1415926536  -1.8087888077  -60.3762750039
179.0707812546  0.0000000000  3.1415926536  -1.7988423017  -59.9830854722
180.3274183161  0.0000000000  3.1415926536  -1.7889902216  -59.5947538037
181.5840553775  0.0000000000  3.1415926536  -1.7792316174  -59.2111958675
182.8406924389  0.0000000000  3.1415926536  -1.7695655356  -58.8323292897
184.0973295004  0.0000000000  3.1415926536  -1.7599910208  -58.4580734156
185.3539665618  0.0000000000  3.1415926536  -1.7505071162  -58.0883492720
186.6106036232  0.0000000000  3.1415926536  -1.7411128647  -57.7230795302
187.8672406847  0.0000000000  3.1415926536  -1.7318073103  -57.3621884701
189.1238777461  0.0000000000  3.1415926536  -1.7225894981  -57.0056019438
190.3805148075  0.0000000000  3.1415926536  -1.7134584758  -56.6532473411
191.6371518690  0.0000000000  3.1415926536  -1.7044132942  -56.3050535549
192.8937889304  0.0000000000  3.1415926536  -1.6954530074  -55.9609509473
194.1504259918  0.0000000000  3.1415926536  -1.6865766740  -55.6208713164
195.4070630533  0.0000000000  3.1415926536  -1.6777833574  -55.2847478642
196.6637001147  0.0000000000  3.1415926536  -1.6690721262  -54.9525151641
197.9203371762  0.0000000000  3.1415926536  -1.6604420548  -54.6241091304
199.1769742376  0.0000000000  3.1415926536  -1.6518922236  -54.2994669873
200.4336112990  0.0000000000  3.1415926536  -1.6434217197  -53.9785272393
201.6902483605  0.0000000000  3.1415926536  -1.6350296368  -53.6612296418
202.9468854219  0.0000000000  3.1415926536  -1.6267150760  -53.3475151725
204.2035224833  0.0000000000  3.1415926536  -1.6184771456  -53.0373260037
205.4601595448  0.0000000000  3.1415926536  -1.6103149617  -52.7306054745
206.7167966062  0.0000000000  3.1415926536  -1.6022276483  -52.4272980647
207.9734336676  0.0000000000  3.1415926536  -1.5942143373  -52.1273493681
209.2300707291  0.0000000000  3.1415926536  -1.5862741689  -51.8307060675
210.4867077905  0.0000000000  3.1415926536  -1.5784062918  -51.5373159092
211.7433448520  0.0000000000  3.1415926536  -1.5706098631  -51.2471276796
212.9999819134  0.0000000000  3.1415926536  -1.5628840485  -50.9600911802
214.2566189748  0.0000000000  3.1415926536  -1.5552280226  -50.6761572057
215.5132560363  0.0000000000  3.1415926536  -1.5476409686  -50.3952775202
216.7698930977  0.0000000000  3.1415926536  -1.5401220785  -50.1174048362
218.0265301591  0.0000000000  3.1415926536  -1.5326705536  -49.8424927919
219.2831672206  0.0000000000  3.1415926536  -1.5252856036  -49.5704959311
220.5398042820  0.0000000000  3.1415926536  -1.5179664477  -49.3013696821
221.7964413434  0.0000000000  3.1415926536  -1.5107123136  -49.0350703378
223.0530784049  0.0000000000  3.1415926536  -1.5035224384  -48.7715550362
224.3097154663  0.0000000000  3.1415926536  -1.4963960680  -48.5107817412
225.5663525277  0.0000000000  3.1415926536  -1.4893324572  -48.2527092241
226.8229895892  0.0000000000  3.1415926536  -1.4823308699  -47.9972970452
228.0796266506  0.0000000000  3.1415926536  -1.4753905789  -47.7445055364
229.3362637121  0.0000000000  3.1415926536  -1.4685108658  -47.4942957837
230.5929007735  0.0000000000  3.1415926536  -1.4616910212  -47.2466296102
231.8495378349  0.0000000000  3.1415926536  -1.4549303444  -47.0014695599
233.1061748964  0.0000000000  3.1415926536  -1.4482281434  -46.7587788816
234.3628119578  0.0000000000  3.1415926536  -1.4415837351  -46.5185215132
235.6194490192  0.0000000000  3.1415926536  -1.4349964450  -46.2806620663
236.8760860807  0.0000000000  3.1415926536  -1.4284656069  -46.0451658114
238.1327231421  0.0000000000  3.1415926536  -1.4219905634  -45.8119986635
239.3893602035  0.0000000000  3.1415926536  -1.4155706656  -45.5811271676
240.6459972650  0.0000000000  3.1415926536  -1.4092052727  -45.3525184852
241.9026343264  0.0000000000  3.1415926536  -1.4028937524  -45.1261403805
243.1592713878  0.0000000000  3.1415926536  -1.3966354805  -44.9019612074
244.4159084493  0.0000000000  3.1415926536  -1.3904298411  -44.6799498968
245.6725455107  0.0000000000  3.1415926536  -1.3842762262  -44.4600759437
246.9291825722  0.0000000000  3.1415926536  -1.3781740359  -44.2423093953
248.1858196336  0.0000000000  3.1415926536  -1.3721226780  -44.0266208389
249.4424566950  0.0000000000  3.1415926536  -1.3661215684  -43.8129813902
250.6990937565  0.0000000000  3.1415926536  -1.3601701304  -43.6013626823
251.9557308179  0.0000000000  3.1415926536  -1.3542677952  -43.3917368540
253.2123678793  0.0000000000  3.1415926536  -1.3484140014  -43.1840765397
254.4690049408  0.0000000000  3.1415926536  -1.3426081951  -42.9783548584
255.7256420022  0.0000000000  3.1415926536  -1.3368498298  -42.7745454034
256.9822790636  0.0000000000  3.1415926536  -1.3311383662  -42.5726222324
258.2389161251  0.0000000000  3.1415926536  -1.3254732723  -42.3725598578
259.4955531865  0.0000000000  3.1415926536  -1.3198540231  -42.1743332367
260.7521902480  0.0000000000  3.1415926536  -1.3142801006  -41.9779177622
262.0088273094  0.0000000000  3.1415926536  -1.3087509940  -41.7832892535
263.2654643708  0.0000000000  3.1415926536  -1.3032661989  -41.5904239478
264.5221014323  0.0000000000  3.1415926536  -1.2978252179  -41.3992984911
265.7787384937  0.0000000000  3.1415926536  -1.2924275603  -41.2098899296
267.0353755551  0.0000000000  3.1415926536  -1.2870727418  -41.0221757022
268.2920126166  0.0000000000  3.1415926536  -1.2817602848  -40.8361336314
269.5486496780  0.0000000000  3.1415926536  -1.2764897179  -40.6517419160
270.8052867394  0.0000000000  3.1415926536  -1.2712605761  -40.4689791236
272.0619238009  0.0000000000  3.1415926536  -1.2660724005  -40.2878241823
273.3185608623  0.0000000000  3.1415926536  -1.2609247387  -40.1082563741
274.5751979237  0.0000000000  3.1415926536  -1.2558171439  -39.9302553274
275.8318349852  0.0000000000  3.1415926536  -1.2507491755  -39.7538010099
277.0884720466  0.0000000000  3.1415926536  -1.2457203988  -39.5788737220
278.3451091081  0.0000000000  3.1415926536  -1.2407303849  -39.4054540900
279.6017461695  0.0000000000  3.1415926536  -1.2357787106  -39.2335230594
280.8583832309  0.0000000000  3.1415926536  -1.2308649582  -39.0630618887
282.1150202924  0.0000000000  3.1415926536  -1.2259887158  -38.8940521434
283.3716573538  0.0000000000  3.1415926536  -1.2211495768  -38.7264756893
284.6282944152  0.0000000000  3.1415926536  -1.2163471402  -38.5603146872
285.8849314767  0.0000000000  3.1415926536  -1.2115810102  -38.3955515866
287.1415685381  0.0000000000  3.1415926536  -1.2068507962  -38.2321691201
288.3982055995  0.0000000000  3.1415926536  -1.2021561129  -38.0701502983
289.6548426610  0.0000000000  3.1415926536  -1.1974965800  -37.9094784038
290.9114797224  0.0000000000  3.1415926536  -1.1928718224  -37.7501369860
292.1681167839  0.0000000000  3.1415926536  -1.1882814696  -37.5921098562
293.4247538453  0.0000000000  3.1415926536  -1.1837251565  -37.4353810825
294.6813909067  0.0000000000  3.1415926536  -1.1792025223  -37.2799349845
295.9380279682  0.0000000000  3.1415926536  -1.1747132112  -37.1257561286
297.1946650296  0.0000000000  3.1415926536  -1.1702568722  -36.9728293236
298.4513020910  0.0000000000  3.1415926536  -1.1658331587  -36.8211396158
299.7079391525  0.0000000000  3.1415926536  -1.1614417286  -36.6706722842
300.9645762139  0.0000000000  3.1415926536  -1.1570822444  -36.5214128366
302.2212132753  0.0000000000  3.1415926536  -1.1527543730  -36.3733470050
303.4778503368  0.0000000000  3.1415926536  -1.1484577856  -36.2264607414
304.7344873982  0.0000000000  3.1415926536  -1.1441921576  -36.0807402136
305.9911244596  0.0000000000  3.1415926536  -1.1399571689  -35.9361718014
307.2477615211  0.0000000000  3.1415926536  -1.1357525032  -35.7927420922
308.5043985825  0.0000000000  3.1415926536  -1.1315778486  -35.6504378777
309.7610356440  0.0000000000  3.1415926536  -1.1274328969  -35.5092461493
311.0176727054  0.0000000000  3.1415926536  -1.1233173442  -35.3691540955
312.2743097668  0.0000000000  3.1415926536  -1.1192308903  -35.2301490973
313.5309468283  0.0000000000  3.1415926536  -1.1151732389  -35.0922187250
314.7875838897  0.0000000000  3.1415926536  -1.1111440977  -34.9553507349
316.0442209511  0.0000000000  3.1415926536  -1.1071431778  -34.8195330657
317.3008580126  0.0000000000  3.1415926536  -1.1031701942  -34.6847538351
318.5574950740  0.0000000000  3.1415926536  -1.0992248656  -34.5510013368
319.8141321354  0.0000000000  3.1415926536  -1.0953069141  -34.4182640372
321.0707691969  0.0000000000  3.1415926536  -1.0914160655  -34.2865305722
322.3274062583  0.0000000000  3.1415926536  -1.0875520488  -34.1557897442
323.5840433197  0.0000000000  3.1415926536  -1.0837145969  -34.0260305191
324.8406803812  0.0000000000  3.1415926536  -1.0799034456  -33.8972420235
326.0973174426  0.0000000000  3.1415926536  -1.0761183343  -33.7694135418
327.3539545041  0.0000000000  3.1415926536  -1.0723590056  -33.6425345130
328.6105915655  0.0000000000  3.1415926536  -1.0686252053  -33.5165945286
329.8672286269  0.0000000000  3.1415926536  -1.0649166825  -33.3915833296
331.1238656884  0.0000000000  3.1415926536  -1.0612331893  -33.2674908036
332.3805027498  0.0000000000  3.1415926536  -1.0575744810  -33.1443069829
333.6371398112  0.0000000000  3.1415926536  -1.0539403159  -33.0220220411
334.8937768727  0.0000000000  3.1415926536  -1.0503304552  -32.9006262915
336.1504139341  0.0000000000  3.1415926536  -1.0467446632  -32.7801101841
337.4070509955  0.0000000000  3.1415926536  -1.0431827072  -32.6604643033
338.6636880570  0.0000000000  3.1415926536  -1.0396443571  -32.5416793659
339.9203251184  0.0000000000  3.1415926536  -1.0361293859  -32.4237462184
341.1769621799  0.0000000000  3.1415926536  -1.0326375692  -32.3066558350
342.4335992413  0.0000000000  3.1415926536  -1.0291686854  -32.1903993155
343.6902363027  0.0000000000  3.1415926536  -1.0257225157  -32.0749678829
344.9468733642  0.0000000000  3.1415926536  -1.0222988439  -31.9603528815
346.2035104256  0.0000000000  3.1415926536  -1.0188974564  -31.8465457748
347.4601474870  0.0000000000  3.1415926536  -1.0155181423  -31.7335381435
348.7167845485  0.0000000000  3.1415926536  -1.0121606932  -31.6213216833
349.9734216099  0.0000000000  3.1415926536  -1.0088249031  -31.5098882034
351.2300586713  0.0000000000  3.1415926536  -1.0055105687  -31.3992296241
352.4866957328  0.0000000000  3.1415926536  -1.0022174891  -31.2893379755
353.7433327942  0.0000000000  3.1415926536  -0.9989454656  -31.1802053950
354.9999698556  0.0000000000  3.1415926536  -0.9956943022  -31.0718241263
356.2566069171  0.0000000000  3.1415926536  -0.9924638051  -30.9641865168
357.5132439785  0.0000000000  3.1415926536  -0.9892537828  -30.8572850167
358.7698810400  0.0000000000  3.1415926536  -0.9860640460  -30.7511121766
360.0265181014  0.0000000000  3.1415926536  -0.9828944078  -30.6456606464
361.2831551628  0.0000000000  3.1415926536  -0.9797446834  -30.5409231732
362.5397922243  0.0000000000  3.1415926536  -0.9766146904  -30.4368926003
363.7964292857  0.0000000000  3.1415926536  -0.9735042482  -30.3335618650
365.0530663471  0.0000000000  3.1415926536  -0.9704131787  -30.2309239975
366.3097034086  0.0000000000  3.1415926536  -0.9673413056  -30.1289721193
367.5663404700  0.0000000000  3.1415926536  -0.9642884549  -30.0276994415
368.8229775314  0.0000000000  3.1415926536  -0.9612544543  -29.9270992638
370.0796145929  0.0000000000  3.1415926536  -0.9582391340  -29.8271649728
371.3362516543  0.0000000000  3.1415926536  -0.9552423256  -29.7278900405
372.5928887157  0.0000000000  3.1415926536  -0.9522638633  -29.6292680232
373.8495257772  0.0000000000  3.1415926536  -0.9493035826  -29.5312925599
375.1061628386  0.0000000000  3.1415926536  -0.9463613213  -29.4339573715
376.3627999001  0.0000000000  3.1415926536  -0.9434369190  -29.3372562587
377.6194369615  0.0000000000  3.1415926536  -0.9405302169  -29.2411831014
378.8760740229  0.0000000000  3.1415926536  -0.9376410585  -29.1457318574
380.1327110844  0.0000000000  3.1415926536  -0.9347692886  -29.0508965607
381.3893481458  0.0000000000  3.1415926536  -0.9319147541  -28.9566713208
382.6459852072  0.0000000000  3.1415926536  -0.9290773035  -28.8630503214
383.9026222687  0.0000000000  3.1415926536  -0.9262567871  -28.7700278192
385.1592593301  0.0000000000  3.1415926536  -0.9234530568  -28.6775981426
386.4158963915  0.0000000000  3.1415926536  -0.9206659662  -28.5857556910
387.6725334530  0.0000000000  3.1415926536  -0.9178953706  -28.4944949334
388.9291705144  0.0000000000  3.1415926536  -0.9151411270  -28.4038104074
390.1858075759  0.0000000000  3.1415926536  -0.9124030938  -28.3136967180
391.4424446373  0.0000000000  3.1415926536  -0.9096811313  -28.2241485371
392.6990816987  0.0000000000  3.1415926536  -0.9069751009  -28.1351606018
393.9557187602  0.0000000000  3.1415926536  -0.9042848661  -28.0467277137
395.2123558216  0.0000000000  3.1415926536  -0.9016102915  -27.9588447383
396.4689928830  0.0000000000  3.1415926536  -0.8989512433  -27.8715066034
397.7256299445  0.0000000000  3.1415926536  -0.8963075893  -27.7847082984
398.9822670059  0.0000000000  3.1415926536  -0.8936791987  -27.6984448735
400.2389040673  0.0000000000  3.1415926536  -0.8910659422  -27.6127114389
401.4955411288  0.0000000000  3.1415926536  -0.8884676917  -27.5275031635
402.7521781902  0.0000000000  3.1415926536  -0.8858843208  -27.4428152744
404.0088152516  0.0000000000  3.1415926536  -0.8833157042  -27.3586430556
405.2654523131  0.0000000000  3.1415926536  -0.8807617183  -27.2749818477
406.5220893745  0.0000000000  3.1415926536  -0.8782222406  -27.1918270467
407.7787264360  0.0000000000  3.1415926536  -0.8756971500  -27.1091741035
409.0353634974  0.0000000000  3.1415926536  -0.8731863266  -27.0270185225
410.2920005588  0.0000000000  3.1415926536  -0.8706896521  -26.9453558615
411.5486376203  0.0000000000  3.1415926536  -0.8682070092  -26.8641817306
412.8052746817  0.0000000000  3.1415926536  -0.8657382820  -26.7834917912
414.0619117431  0.0000000000  3.1415926536  -0.8632833558  -26.7032817559
415.3185488046  0.0000000000  3.1415926536  -0.8608421170  -26.6235473872
416.5751858660  0.0000000000  3.1415926536  -0.8584144536  -26.5442844967
417.8318229274  0.0000000000  3.1415926536  -0.8560002543  -26.4654889452
419.0884599889  0.0000000000  3.1415926536  -0.8535994094  -26.3871566409
420.3450970503  0.0000000000  3.1415926536  -0.8512118102  -26.3092835396
421.6017341118  0.0000000000  3.1415926536  -0.8488373490  -26.2318656436
422.8583711732  0.0000000000  3.1415926536  -0.8464759196  -26.1548990011
424.1150082346  0.0000000000  3.1415926536  -0.8441274165  -26.0783797055
425.3716452961  0.0000000000  3.1415926536  -0.8417917357  -26.0023038949
426.6282823575  0.0000000000  3.1415926536  -0.8394687740  -25.9266677515
427.8849194189  0.0000000000  3.1415926536  -0.8371584295  -25.8514675008
429.1415564804  0.0000000000  3.1415926536  -0.8348606012  -25.7766994109
430.3981935418  0.0000000000  3.1415926536  -0.8325751893  -25.7023597924
431.6548306032  0.0000000000  3.1415926536  -0.8303020949  -25.6284449972
432.9114676647  0.0000000000  3.1415926536  -0.8280412201  -25.5549514183
434.1681047261  0.0000000000  3.1415926536  -0.8257924683  -25.4818754892
435.4247417875  0.0000000000  3.1415926536  -0.8235557435  -25.4092136831
436.6813788490  0.0000000000  3.1415926536  -0.8213309511  -25.3369625127
437.9380159104  0.0000000000  3.1415926536  -0.8191179971  -25.2651185294
439.1946529719  0.0000000000  3.1415926536  -0.8169167887  -25.1936783229
440.4512900333  0.0000000000  3.1415926536  -0.8147272340  -25.1226385204
441.7079270947  0.0000000000  3.1415926536  -0.8125492419  -25.0519957866
442.9645641562  0.0000000000  3.1415926536  -0.8103827226  -24.9817468227
444.2212012176  0.0000000000  3.1415926536  -0.8082275867  -24.9118883662
445.4778382790  0.0000000000  3.1415926536  -0.8060837462  -24.8424171903
446.7344753405  0.0000000000  3.1415926536  -0.8039511136  -24.7733301032
447.9911124019  0.0000000000  3.1415926536  -0.8018296025  -24.7046239482
449.2477494633  0.0000000000  3.1415926536  -0.7997191273  -24.6362956027
450.5043865248  0.0000000000  3.1415926536  -0.7976196034  -24.5683419778
451.7610235862  0.0000000000  3.1415926536  -0.7955309468  -24.5007600181
453.0176606476  0.0000000000  3.1415926536  -0.7934530746  -24.4335467012
454.2742977091  0.0000000000  3.1415926536  -0.7913859045  -24.3666990370
455.5309347705  0.0000000000  3.1415926536  -0.7893293551  -24.3002140674
456.7875718320  0.0000000000  3.1415926536  -0.7872833460  -24.2340888662
458.0442088934  0.0000000000  3.1415926536  -0.7852477972  -24.1683205382
459.3008459548  0.0000000000  3.1415926536  -0.7832226300  -24.1029062190
460.5574830163  0.0000000000  3.1415926536  -0.7812077660  -24.0378430745
461.8141200777  0.0000000000  3.1415926536  -0.7792031278  -23.9731283009
463.0707571391  0.0000000000  3.1415926536  -0.7772086388  -23.9087591237
464.3273942006  0.0000000000  3.1415926536  -0.7752242231  -23.8447327976
465.5840312620  0.0000000000  3.1415926536  -0.7732498055  -23.7810466063
466.8406683234  0.0000000000  3.1415926536  -0.7712853115  -23.7176978618
468.0973053849  0.0000000000  3.1415926536  -0.7693306676  -23.6546839043
469.3539424463  0.0000000000  3.1415926536  -0.7673858006  -23.5920021016
470.6105795078  0.0000000000  3.1415926536  -0.7654506383  -23.5296498490
471.8672165692  0.0000000000  3.1415926536  -0.7635251092  -23.4676245686
473.1238536306  0.0000000000  3.1415926536  -0.7616091423  -23.4059237094
474.3804906921  0.0000000000  3.1415926536  -0.7597026675  -23.3445447466
475.6371277535  0.0000000000  3.1415926536  -0.7578056152  -23.2834851813
476.8937648149  0.0000000000  3.1415926536  -0.7559179166  -23.2227425403
478.1504018764  0.0000000000  3.1415926536  -0.7540395034  -23.1623143758
479.4070389378  0.0000000000  3.1415926536  -0.7521703081  -23.1021982650
480.6636759992  0.0000000000  3.1415926536  -0.7503102639  -23.0423918098
481.9203130607  0.0000000000  3.1415926536  -0.7484593045  -22.9828926362
483.1769501221  0.0000000000  3.1415926536  -0.7466173641  -22.9236983947
484.4335871835  0.0000000000  3.1415926536  -0.7447843779  -22.8648067592
485.6902242450  0.0000000000  3.1415926536  -0.7429602814  -22.8062154273
486.9468613064  0.0000000000  3.1415926536  -0.7411450108  -22.7479221196
488.2034983679  0.0000000000  3.1415926536  -0.7393385030  -22.6899245798
489.4601354293  0.0000000000  3.1415926536  -0.7375406953  -22.6322205740
490.7167724907  0.0000000000  3.1415926536  -0.7357515258  -22.5748078907
491.9734095522  0.0000000000  3.1415926536  -0.7339709330  -22.5176843404
493.2300466136  0.0000000000  3.1415926536  -0.7321988560  -22.4608477554
494.4866836750  0.0000000000  3.1415926536  -0.7304352346  -22.4042959896
495.7433207365  0.0000000000  3.1415926536  -0.7286800091  -22.3480269180
496.9999577979  0.0000000000  3.1415926536  -0.7269331202  -22.2920384365
498.2565948593  0.0000000000  3.1415926536  -0.7251945094  -22.2363284620
499.5132319208  0.0000000000  3.1415926536  -0.7234641186  -22.1808949316
500.7698689822  0.0000000000  3.1415926536  -0.7217418902  -22.1257358027
502.0265060436  0.0000000000  3.1415926536  -0.7200277672  -22.0708490528
503.2831431051  0.0000000000  3.1415926536  -0.7183216931  -22.0162326790
504.5397801665  0.0000000000  3.1415926536  -0.7166236120  -21.9618846979
505.7964172280  0.0000000000  3.1415926536  -0.7149334683  -21.9078031453
507.0530542894  0.0000000000  3.1415926536  -0.7132512071  -21.8539860761
508.3096913508  0.0000000000  3.1415926536  -0.7115767740  -21.8004315641
509.5663284123  0.0000000000  3.1415926536  -0.7099101150  -21.7471377014
510.8229654737  0.0000000000  3.1415926536  -0.7082511766  -21.6941025987
512.0796025351  0.0000000000  3.1415926536  -0.7065999059  -21.6413243847
513.3362395966  0.0000000000  3.1415926536  -0.7049562502  -21.5888012061
514.5928766580  0.0000000000  3.1415926536  -0.7033201576  -21.5365312272
515.8495137194  0.0000000000  3.1415926536  -0.7016915766  -21.4845126299
517.1061507809  0.0000000000  3.1415926536  -0.7000704559  -21.4327436131
518.3627878423  0.0000000000  3.1415926536  -0.6984567449  -21.3812223933
519.6194249038  0.0000000000  3.1415926536  -0.6968503935  -21.3299472033
520.8760619652  0.0000000000  3.1415926536  -0.6952513519  -21.2789162931
522.1326990266  0.0000000000  3.1415926536  -0.6936595707  -21.2281279288
523.3893360881  0.0000000000  3.1415926536  -0.6920750012  -21.1775803930
524.6459731495  0.0000000000  3.1415926536  -0.6904975948  -21.1272719842
525.9026102109  0.0000000000  3.1415926536  -0.6889273036  -21.0772010171
527.1592472724  0.0000000000  3.1415926536  -0.6873640800  -21.0273658220
528.4158843338  0.0000000000  3.1415926536  -0.6858078767  -20.9777647446
529.6725213952  0.0000000000  3.1415926536  -0.6842586471  -20.9283961462
530.9291584567  0.0000000000  3.1415926536  -0.6827163448  -20.8792584032
532.1857955181  0.0000000000  3.1415926536  -0.6811809238  -20.8303499070
533.4424325795  0.0000000000  3.1415926536  -0.6796523387  -20.7816690637
534.6990696410  0.0000000000  3.1415926536  -0.6781305443  -20.7332142944
535.9557067024  0.0000000000  3.1415926536  -0.6766154957  -20.6849840345
537.2123437639  0.0000000000  3.1415926536  -0.6751071488  -20.6369767338
538.4689808253  0.0000000000  3.1415926536  -0.6736054595  -20.5891908561
539.7256178867  0.0000000000  3.1415926536  -0.6721103841  -20.5416248795
540.9822549482  0.0000000000  3.1415926536  -0.6706218796  -20.4942772959
542.2388920096  0.0000000000  3.1415926536  -0.6691399029  -20.4471466106
543.4955290710  0.0000000000  3.1415926536  -0.6676644117  -20.4002313428
544.7521661325  0.0000000000  3.1415926536  -0.6661953639  -20.3535300250
546.0088031939  0.0000000000  3.1415926536  -0.6647327176  -20.3070412029
547.2654402553  0.0000000000  3.1415926536  -0.6632764316  -20.2607634352
548.5220773168  0.0000000000  3.1415926536  -0.6618264646  -20.2146952938
549.7787143782  0.0000000000  3.1415926536  -0.6603827761  -20.1688353632
551.0353514396  0.0000000000  3.1415926536  -0.6589453257  -20.1231822405
552.2919885011  0.0000000000  3.1415926536  -0.6575140734  -20.0777345357
553.5486255625  0.0000000000  3.1415926536  -0.6560889794  -20.0324908707
554.8052626240  0.0000000000  3.1415926536  -0.6546700046  -19.9874498800
556.0618996854  0.0000000000  3.1415926536  -0.6532571098  -19.9426102101
557.3185367468  0.0000000000  3.1415926536  -0.6518502563  -19.8979705193
558.5751738083  0.0000000000  3.1415926536  -0.6504494060  -19.8535294780
559.8318108697  0.0000000000  3.1415926536  -0.6490545206  -19.8092857683
561.0884479311  0.0000000000  3.1415926536  -0.6476655625  -19.7652380836
562.3450849926  0.0000000000  3.1415926536  -0.6462824942  -19.7213851292
563.6017220540  0.0000000000  3.1415926536  -0.6449052788  -19.6777256214
564.8583591154  0.0000000000  3.1415926536  -0.6435338794  -19.6342582878
566.1149961769  0.0000000000  3.1415926536  -0.6421682595  -19.5909818671
567.3716332383  0.0000000000  3.1415926536  -0.6408083830  -19.5478951090
568.6282702998  0.0000000000  3.1415926536  -0.6394542139  -19.5049967741
569.8849073612  0.0000000000  3.1415926536  -0.6381057168  -19.4622856335
571.1415444226  0.0000000000  3.1415926536  -0.6367628563  -19.4197604692
572.3981814841  0.0000000000  3.1415926536  -0.6354255973  -19.3774200736
573.6548185455  0.0000000000  3.1415926536  -0.6340939053  -19.3352632495
574.9114556069  0.0000000000  3.1415926536  -0.6327677458  -19.2932888099
576.1680926684  0.0000000000  3.1415926536  -0.6314470846  -19.2514955780
577.4247297298  0.0000000000  3.1415926536  -0.6301318878  -19.2098823872
578.6813667912  0.0000000000  3.1415926536  -0.6288221219  -19.1684480808
579.9380038527  0.0000000000  3.1415926536  -0.6275177536  -19.1271915118
581.1946409141  0.0000000000  3.1415926536  -0.6262187497  -19.0861115430
582.4512779755  0.0000000000  3.1415926536  -0.6249250776  -19.0452070471
583.7079150370  0.0000000000  3.1415926536  -0.6236367046  -19.0044769060
584.9645520984  0.0000000000  3.1415926536  -0.6223535986  -18.9639200113
586.2211891599  0.0000000000  3.1415926536  -0.6210757275  -18.9235352637
587.4778262213  0.0000000000  3.1415926536  -0.6198030596  -18.8833215733
588.7344632827  0.0000000000  3.1415926536  -0.6185355633  -18.8432778594
589.9911003442  0.0000000000  3.1415926536  -0.6172732076  -18.8034030503
591.2477374056  0.0000000000  3.1415926536  -0.6160159613  -18.7636960831
592.5043744670  0.0000000000  3.1415926536  -0.6147637937  -18.7241559040
593.7610115285  0.0000000000  3.1415926536  -0.6135166744  -18.6847814679
595.0176485899  0.0000000000  3.1415926536  -0.6122745731  -18.6455717383
596.2742856513  0.0000000000  3.1415926536  -0.6110374597  -18.6065256873
597.5309227128  0.0000000000  3.1415926536  -0.6098053045  -18.5676422957
598.7875597742  0.0000000000  3.1415926536  -0.6085780779  -18.5289205525
600.0441968357  0.0000000000  3.1415926536  -0.6073557507  -18.4903594552
601.3008338971  0.0000000000  3.1415926536  -0.6061382937  -18.4519580093
602.5574709585  0.0000000000  3.1415926536  -0.6049256781  -18.4137152286
603.8141080200  0.0000000000  3.1415926536  -0.6037178752  -18.3756301352
605.0707450814  0.0000000000  3.1415926536  -0.6025148568  -18.3377017588
606.3273821428  0.0000000000  3.1415926536  -0.6013165944  -18.2999291374
607.5840192043  0.0000000000  3.1415926536  -0.6001230604  -18.2623113164
608.8406562657  0.0000000000  3.1415926536  -0.5989342267  -18.2248473493
610.0972933271  0.0000000000  3.1415926536  -0.5977500661  -18.1875362972
611.3539303886  0.0000000000  3.1415926536  -0.5965705510  -18.1503772288
612.6105674500  0.0000000000  3.1415926536  -0.5953956544  -18.1133692201
613.8672045114  0.0000000000  3.1415926536  -0.5942253495  -18.0765113550
615.1238415729  0.0000000000  3.1415926536  -0.5930596094  -18.0398027244
616.3804786343  0.0000000000  3.1415926536  -0.5918984078  -18.0032424265
617.6371156958  0.0000000000  3.1415926536  -0.5907417184  -17.9668295670
618.8937527572  0.0000000000  3.1415926536  -0.5895895150  -17.9305632586
620.1503898186  0.0000000000  3.1415926536  -0.5884417718  -17.8944426209
621.4070268801  0.0000000000  3.1415926536  -0.5872984631  -17.8584667809
622.6636639415  0.0000000000  3.1415926536  -0.5861595634  -17.8226348721
623.9203010029  0.0000000000  3.1415926536  -0.5850250475  -17.7869460353
625.1769380644  0.0000000000  3.1415926536  -0.5838948901  -17.7513994179
626.4335751258  0.0000000000  3.1415926536  -0.5827690664  -17.7159941739
627.6902121872  0.0000000000  3.1415926536  -0.5816475517  -17.6807294643
628.9468492487  0.0000000000  3.1415926536  0.0000000000  0.0000000000
-627.6902121872  3.1415926536  0.0000000000  0.0000000000  0.0000000000
-626.4335751258  3.1415926536  0.0000000000  0.0000000000  0.0000000000
-625.1769380644  3.1415926536  0.0000000000  0.0000000000  0.0000000000
-623.9203010029  3.1415926536  0.0000000000  0.0000000000  0.0000000000
-622.6636639415  3.1415926536  0.0000000000  0.0000000000  0.0000000000
-621.4070268801  3.1415926536  0.0000000000  0.0000000000  0.0000000000
-620.1503898186  3.1415926536  0.0000000000  0.0000000000  0.0000000000
-618.8937527572  3.1415926536  0.0000000000  0.0000000000  0.0000000000
-617.6371156958  3.1415926536  0.0000000000  0.0000000000  0.0000000000
-616.3804786343  3.1415926536  0.0000000000  0.0000000000  0.0000000000
-615.1238415729  3.1415926536  0.0000000000  0.0000000000  0.0000000000
-613.8672045114  3.1415926536  0.0000000000  0.0000000000  0.0000000000
-612.6105674500  3.1415926536  0.0000000000  0.0000000000  0.0000000000
-611.3539303886  3.1415926536  0.0000000000  0.0000000000  0.0000000000
-610.0972933271  3.1415926536  0.0000000000  0.0000000000  0.0000000000
-608.8406562657  3.1415926536  0.0000000000  0.0000000000  0.0000000000
-607.5840192043  3.1415926536  0.0000000000  0.0000000000  0.0000000000
-606.3273821428  3.1415926536  0.0000000000  0.0000000000  0.0000000000
-605.0707450814  3.1415926536  0.0000000000  0.0000000000  0.0000000000
-603.8141080200  3.1415926536  0.0000000000  0.0000000000  0.0000000000
-602.5574709585  3.1415926536  0.0000000000  0.0000000000  0.0000000000
-601.3008338971  3.1415926536  0.0000000000  0.0000000000  0.0000000000
-600.0441968357  3.1415926536  0.0000000000  0.0000000000  0.0000000000
-598.7875597742  3.1415926536  0.0000000000  0.0000000000  0.0000000000
-597.5309227128  3.1415926536  0.0000000000  0.0000000000  0.0000000000
-596.2742856513  3.1415926536  0.0000000000  0.0000000000  0.0000000000
-595.0176485899  3.1415926536  0.0000000000  0.0000000000  0.0000000000
-593.7610115285  3.1415926536  0.0000000000  0.0000000000  0.0000000000
-592.5043744670  3.1415926536  0.0000000000  0.0000000000  0.0000000000
-591.2477374056  3.1415926536  0.0000000000  0.0000000000  0.0000000000
-589.9911003442  3.1415926536  0.0000000000  0.0000000000  0.0000000000
-588.7344632827  3.1415926536  0.0000000000  0.0000000000  0.0000000000
-587.4778262213  3.1415926536  0.0000000000  0.0000000000  0.0000000000
-586.2211891599  3.1415926536  0.0000000000  0.0000000000  0.0000000000
-584.9645520984  3.1415926536  0.0000000000  0.0000000000  0.0000000000
-583.7079150370  3.1415926536  0.0000000000  0.0000000000  0.0000000000
-582.4512779755  3.1415926536  0.0000000000  0.0000000000  0.0000000000
-581.1946409141  3.1415926536  0.0000000000  0.0000000000  0.0000000000
-579.9380038527  3.1415926536  0.0000000000  0.0000000000  0.0000000000
-578.6813667912  3.1415926536  0.0000000000  0.0000000000  0.0000000000
-577.4247297298  3.1415926536  0.0000000000  0.0000000000  0.0000000000
-576.1680926684  3.1415926536  0.0000000000  0.0000000000  0.0000000000
-574.9114556069  3.1415926536  0.0000000000  0.0000000000  0.0000000000
-573.6548185455  3.1415926536  0.0000000000  0.0000000000  0.0000000000
-572.3981814841  3.1415926536  0.0000000000  0.0000000000  0.0000000000
-571.1415444226  3.1415926536  0.0000000000  0.0000000000  0.0000000000
-569.8849073612  3.1415926536  0.0000000000  0.0000000000  0.0000000000
-568.6282702998  3.1415926536  0.0000000000  0.0000000000  0.0000000000
-567.3716332383  3.1415926536  0.0000000000  0.0000000000  0.0000000000
-566.1149961769  3.1415926536  0.0000000000  0.0000000000  0.0000000000
-564.8583591154  3.1415926536  0.0000000000  0.0000000000  0.0000000000
-563.6017220540  3.1415926536  0.0000000000  0.0000000000  0.0000000000
-562.3450849926  3.1415926536  0.0000000000  0.0000000000  0.0000000000
-561.0884479311  3.1415926536  0.0000000000  0.0000000000  0.0000000000
-559.8318108697  3.1415926536  0.0000000000  0.0000000000  0.0000000000
-558.5751738083  3.1415926536  0.0000000000  0.0000000000  0.0000000000
-557.3185367468  3.1415926536  0.0000000000  0.0000000000  0.0000000000
-556.0618996854  3.1415926536  0.0000000000  0.0000000000  0.0000000000
-554.8052626240  3.1415926536  0.0000000000  0.0000000000  0.0000000000
-553.5486255625  3.1415926536  0.0000000000  0.0000000000  0.0000000000
-552.2919885011  3.1415926536  0.0000000000  0.0000000000  0.0000000000
-551.0353514396  3.1415926536  0.0000000000  0.0000000000  0.0000000000
-549.7787143782  3.1415926536  0.0000000000  0.0000000000  0.0000000000
-548.5220773168  3.1415926536  0.0000000000  0.0000000000  0.0000000000
-547.2654402553  3.1415926536  0.0000000000  0.0000000000  0.0000000000
-546.0088031939  3.1415926536  0.0000000000  0.0000000000  0.0000000000
-544.7521661325  3.1415926536  0.0000000000  0.0000000000  0.0000000000
-543.4955290710  3.1415926536  0.0000000000  0.0000000000  0.0000000000
-542.2388920096  3.1415926536  0.0000000000  0.0000000000  0.0000000000
-540.9822549482  3.1415926536  0.0000000000  0.0000000000  0.0000000000
-539.7256178867  3.1415926536  0.0000000000  0.0000000000  0.0000000000
-538.4689808253  3.1415926536  0.0000000000  0.0000000000  0.0000000000
-537.2123437639  3.1415926536  0.0000000000  0.0000000000  0.0000000000
-535.9557067024  3.1415926536  0.0000000000  0.0000000000  0.0000000000
-534.6990696410  3.1415926536  0.0000000000  0.0000000000  0.0000000000
-533.4424325795  3.1415926536  0.0000000000  0.0000000000  0.0000000000
-532.1857955181  3.1415926536  0.0000000000  0.0000000000  0.0000000000
-530.9291584567  3.1415926536  0.0000000000  0.0000000000  0.0000000000
-529.6725213952  3.1415926536  0.0000000000  0.0000000000  0.0000000000
-528.4158843338  3.1415926536  0.0000000000  0.0000000000  0.0000000000
-527.1592472724  3.1415926536  0.0000000000  0.0000000000  0.0000000000
-525.9026102109  3.1415926536  0.0000000000  0.0000000000  0.0000000000
-524.6459731495  3.1415926536  0.0000000000  0.0000000000  0.0000000000
-523.3893360881  3.1415926536  0.0000000000  0.0000000000  0.0000000000
-522.1326990266  3.1415926536  0.0000000000  0.0000000000  0.0000000000
-520.8760619652  3.1415926536  0.0000000000  0.0000000000  0.0000000000
-519.6194249038  3.1415926536  0.0000000000  0.0000000000  0.0000000000
-518.3627878423  3.1415926536  0.0000000000  0.0000000000  0.0000000000
-517.1061507809  3.1415926536  0.0000000000  0.0000000000  0.0000000000
-515.8495137194  3.1415926536  0.0000000000  0.0000000000  0.0000000000
-514.5928766580  3.1415926536  0.0000000000  0.0000000000  0.0000000000
-513.3362395966  3.1415926536  0.0000000000  0.0000000000  0.0000000000
-512.0796025351  3.1415926536  0.0000000000  0.0000000000  0.0000000000
-510.8229654737  3.1415926536  0.0000000000  0.0000000000  0.0000000000
-509.5663284123  3.1415926536  0.0000000000  0.0000000000  0.0000000000
-508.3096913508  3.1415926536  0.0000000000  0.0000000000  0.0000000000
-507.0530542894  3.1415926536  0.0000000000  0.0000000000  0.0000000000
-505.7964172280  3.1415926536  0.0000000000  0.0000000000  0.0000000000
-504.5397801665  3.1415926536  0.0000000000  0.0000000000  0.0000000000
-503.2831431051  3.1415926536  0.0000000000  0.0000000000  0.0000000000
-502.0265060436  3.1415926536  0.0000000000  0.0000000000  0.0000000000
-500.7698689822  3.1415926536  0.0000000000  0.0000000000  0.0000000000
-499.5132319208  3.1415926536  0.0000000000  0.0000000000  0.0000000000
-498.2565948593  3.1415926536  0.0000000000  0.0000000000  0.0000000000
-496.9999577979  3.1415926536  0.0000000000  0.0000000000  0.0000000000
-495.7433207365  3.1415926536  0.0000000000  0.0000000000  0.0000000000
-494.4866836750  3.1415926536  0.0000000000  0.0000000000  0.0000000000
-493.2300466136  3.1415926536  0.0000000000  0.0000000000  0.0000000000
-491.9734095522  3.1415926536  0.0000000000  0.0000000000  0.0000000000
-490.7167724907  3.1415926536  0.0000000000  0.0000000000  0.0000000000
-489.4601354293  3.1415926536  0.0000000000  0.0000000000  0.0000000000
-488.2034983679  3.1415926536  0.0000000000  0.0000000000  0.0000000000
-486.9468613064  3.1415926536  0.0000000000  0.0000000000  0.0000000000
-485.6902242450  3.1415926536  0.0000000000  0.0000000000  0.0000000000
-484.4335871835  3.1415926536  0.0000000000  0.0000000000  0.0000000000
-483.1769501221  3.1415926536  0.0000000000  0.0000000000  0.0000000000
-481.9203130607  3.1415926536  0.0000000000  0.0000000000  0.0000000000
-480.6636759992  3.1415926536  0.0000000000  0.0000000000  0.0000000000
-479.4070389378  3.1415926536  0.0000000000  0.0000000000  0.0000000000
-478.1504018764  3.1415926536  0.0000000000  0.0000000000  0.0000000000
-476.8937648149  3.1415926536  0.0000000000  0.0000000000  0.0000000000
-475.6371277535  3.1415926536  0.0000000000  0.0000000000  0.0000000000
-474.3804906921  3.1415926536  0.0000000000  0.0000000000  0.0000000000
-473.1238536306  3.1415926536  0.0000000000  0.0000000000  0.0000000000
-471.8672165692  3.1415926536  0.0000000000  0.0000000000  0.0000000000
-470.6105795078  3.1415926536  0.0000000000  0.0000000000  0.0000000000
-469.3539424463  3.1415926536  0.0000000000  0.0000000000  0.0000000000
-468.0973053849  3.1415926536  0.0000000000  0.0000000000  0.0000000000
-466.8406683234  3.1415926536  0.0000000000  0.0000000000  0.0000000000
-465.5840312620  3.1415926536  0.0000000000  0.0000000000  0.0000000000
-464.3273942006  3.1415926536  0.0000000000  0.0000000000  0.0000000000
-463.0707571391  3.1415926536  0.0000000000  0.0000000000  0.0000000000
-461.8141200777  3.1415926536  0.0000000000  0.0000000000  0.0000000000
-460.5574830163  3.1415926536  0.0000000000  0.0000000000  0.0000000000
-459.3008459548  3.1415926536  0.0000000000  0.0000000000  0.0000000000
-458.0442088934  3.1415926536  0.0000000000  0.0000000000  0.0000000000
-456.7875718320  3.1415926536  0.0000000000  0.0000000000  0.0000000000
-455.5309347705  3.1415926536  0.0000000000  0.0000000000  0.0000000000
-454.2742977091  3.1415926536  0.0000000000  0.0000000000  0.0000000000
-453.0176606476  3.1415926536  0.0000000000  0.0000000000  0.0000000000
-451.7610235862  3.1415926536  0.0000000000  0.0000000000  0.0000000000
-450.5043865248  3.1415926536  0.0000000000  0.0000000000  0.0000000000
-449.2477494633  3.1415926536  0.0000000000  0.0000000000  0.0000000000
-447.9911124019  3.1415926536  0.0000000000  0.0000000000  0.0000000000
-446.7344753405  3.1415926536  0.0000000000  0.0000000000  0.0000000000
-445.4778382790  3.1415926536  0.0000000000  0.0000000000  0.0000000000
-444.2212012176  3.1415926536  0.0000000000  0.0000000000  0.0000000000
-442.9645641562  3.1415926536  0.0000000000  0.0000000000  0.0000000000
-441.7079270947  3.1415926536  0.0000000000  0.0000000000  0.0000000000
-440.4512900333  3.1415926536  0.0000000000  0.0000000000  0.0000000000
-439.1946529719  3.1415926536  0.0000000000  0.0000000000  0.0000000000
-437.9380159104  3.1415926536  0.0000000000  0.0000000000  0.0000000000
-436.6813788490  3.1415926536  0.0000000000  0.0000000000  0.0000000000
-435.4247417875  3.1415926536  0.0000000000  0.0000000000  0.0000000000
-434.1681047261  3.1415926536  0.0000000000  0.0000000000  0.0000000000
-432.9114676647  3.1415926536  0.0000000000  0.0000000000  0.0000000000
-431.6548306032  3.1415926536  0.0000000000  0.0000000000  0.0000000000
-430.3981935418  3.1415926536  0.0000000000  0.0000000000  0.0000000000
-429.1415564804  3.1415926536  0.0000000000  0.0000000000  0.0000000000
-427.8849194189  3.1415926536  0.0000000000  0.0000000000  0.0000000000
-426.6282823575  3.1415926536  0.0000000000  0.0000000000  0.0000000000
-425.3716452961  3.1415926536  0.0000000000  0.0000000000  0.0000000000
-424.1150082346  3.1415926536  0.0000000000  0.0000000000  0.0000000000
-422.8583711732  3.1415926536  0.0000000000  0.0000000000  0.0000000000
-421.6017341118  3.1415926536  0.0000000000  0.0000000000  0.0000000000
-420.3450970503  3.1415926536  0.0000000000  0.0000000000  0.0000000000
-419.0884599889  3.1415926536  0.0000000000  0.0000000000  0.0000000000
-417.8318229274  3.1415926536  0.0000000000  0.0000000000  0.0000000000
-416.5751858660  3.1415926536  0.0000000000  0.0000000000  0.0000000000
-415.3185488046  3.1415926536  0.0000000000  0.0000000000  0.0000000000
-414.0619117431  3.1415926536  0.0000000000  0.0000000000  0.0000000000
-412.8052746817  3.1415926536  0.0000000000  0.0000000000  0.0000000000
-411.5486376203  3.1415926536  0.0000000000  0.0000000000  0.0000000000
-410.2920005588  3.1415926536  0.0000000000  0.0000000000  0.0000000000
-409.0353634974  3.1415926536  0.0000000000  0.0000000000  0.0000000000
-407.7787264360  3.1415926536  0.0000000000  0.0000000000  0.0000000000
-406.5220893745  3.1415926536  0.0000000000  0.0000000000  0.0000000000
-405.2654523131  3.1415926536  0.0000000000  0.0000000000  0.0000000000
-404.0088152516  3.1415926536  0.0000000000  0.0000000000  0.0000000000
-402.7521781902  3.1415926536  0.0000000000  0.0000000000  0.0000000000
-401.4955411288  3.1415926536  0.0000000000  0.0000000000  0.0000000000
-400.2389040673  3.1415926536  0.0000000000  0.0000000000  0.0000000000
-398.9822670059  3.1415926536  0.0000000000  0.0000000000  0.0000000000
-397.7256299445  3.1415926536  0.0000000000  0.0000000000  0.0000000000
-396.4689928830  3.1415926536  0.0000000000  0.0000000000  0.0000000000
-395.2123558216  3.1415926536  0.0000000000  0.0000000000  0.0000000000
-393.9557187602  3.1415926536  0.0000000000  0.0000000000  0.0000000000
-392.6990816987  3.1415926536  0.0000000000  0.0000000000  0.0000000000
-391.4424446373  3.1415926536  0.0000000000  0.0000000000  0.0000000000
-390.1858075759  3.1415926536  0.0000000000  0.0000000000  0.0000000000
-388.9291705144  3.1415926536  0.0000000000  0.0000000000  0.0000000000
-387.6725334530  3.1415926536  0.0000000000  0.0000000000  0.0000000000
-386.4158963915  3.1415926536  0.0000000000  0.0000000000  0.0000000000
-385.1592593301  3.1415926536  0.0000000000  0.0000000000  0.0000000000
-383.9026222687  3.1415926536  0.0000000000  0.0000000000  0.0000000000
-382.6459852072  3.1415926536  0.0000000000  0.0000000000  0.0000000000
-381.3893481458  3.1415926536  0.0000000000  0.0000000000  0.0000000000
-380.1327110844  3.1415926536  0.0000000000  0.0000000000  0.0000000000
-378.8760740229  3.1415926536  0.0000000000  0.0000000000  0.0000000000
-377.6194369615  3.1415926536  0.0000000000  0.0000000000  0.0000000000
-376.3627999001  3.1415926536  0.0000000000  0.0000000000  0.0000000000
-375.1061628386  3.1415926536  0.0000000000  0.0000000000  0.0000000000
-373.8495257772  3.1415926536  0.0000000000  0.0000000000  0.0000000000
-372.5928887157  3.1415926536  0.0000000000  0.0000000000  0.0000000000
-371.3362516543  3.1415926536  0.0000000000  0.0000000000  0.0000000000
-370.0796145929  3.1415926536  0.0000000000  0.0000000000  0.0000000000
-368.8229775314  3.1415926536  0.0000000000  0.0000000000  0.0000000000
-367.5663404700  3.1415926536  0.0000000000  0.0000000000  0.0000000000
-366.3097034086  3.1415926536  0.0000000000  0.0000000000  0.0000000000
-365.0530663471  3.1415926536  0.0000000000  0.0000000000  0.0000000000
-363.7964292857  3.1415926536  0.0000000000  0.0000000000  0.0000000000
-362.5397922243  3.1415926536  0.0000000000  0.0000000000  0.0000000000
-361.2831551628  3.1415926536  0.0000000000  0.0000000000  0.0000000000
-360.0265181014  3.1415926536  0.0000000000  0.0000000000  0.0000000000
-358.7698810400  3.1415926536  0.0000000000  0.0000000000  0.0000000000
-357.5132439785  3.1415926536  0.0000000000  0.0000000000  0.0000000000
-356.2566069171  3.1415926536  0.0000000000  0.0000000000  0.0000000000
-354.9999698556  3.1415926536  0.0000000000  0.0000000000  0.0000000000
-353.7433327942  3.1415926536  0.0000000000  0.0000000000  0.0000000000
-352.4866957328  3.1415926536  0.0000000000  0.0000000000  0.0000000000
-351.2300586713  3.1415926536  0.0000000000  0.0000000000  0.0000000000
-349.9734216099  3.1415926536  0.0000000000  0.0000000000  0.0000000000
-348.7167845485  3.1415926536  0.0000000000  0.0000000000  0.0000000000
-347.4601474870  3.1415926536  0.0000000000  0.0000000000  0.0000000000
-346.2035104256  3.1415926536  0.0000000000  0.0000000000  0.0000000000
-344.9468733642  3.1415926536  0.0000000000  0.0000000000  0.0000000000
-343.6902363027  3.1415926536  0.0000000000  0.0000000000  0.0000000000
-342.4335992413  3.1415926536  0.0000000000  0.0000000000  0.0000000000
-341.1769621799  3.1415926536  0.0000000000  0.0000000000  0.0000000000
-339.9203251184  3.1415926536  0.0000000000  0.0000000000  0.0000000000
-338.6636880570  3.1415926536  0.0000000000  0.0000000000  0.0000000000
-337.4070509955  3.1415926536  0.0000000000  0.0000000000  0.0000000000
-336.1504139341  3.1415926536  0.0000000000  0.0000000000  0.0000000000
-334.8937768727  3.1415926536  0.0000000000  0.0000000000  0.0000000000
-333.6371398112  3.1415926536  0.0000000000  0.0000000000  0.0000000000
-332.3805027498  3.1415926536  0.0000000000  0.0000000000  0.0000000000
-331.1238656884  3.1415926536  0.0000000000  0.0000000000  0.0000000000
-329.8672286269  3.1415926536  0.0000000000  0.0000000000  0.0000000000
-328.6105915655  3.1415926536  0.0000000000  0.0000000000  0.0000000000
-327.3539545041  3.1415926536  0.0000000000  0.0000000000  0.0000000000
-326.0973174426  3.1415926536  0.0000000000  0.0000000000  0.0000000000
-324.8406803812  3.1415926536  0.0000000000  0.0000000000  0.0000000000
-323.5840433197  3.1415926536  0.0000000000  0.0000000000  0.0000000000
-322.3274062583  3.1415926536  0.0000000000  0.0000000000  0.0000000000
-321.0707691969  3.1415926536  0.0000000000  0.0000000000  0.0000000000
-319.8141321354  3.1415926536  0.0000000000  0.0000000000  0.0000000000
-318.5574950740  3.1415926536  0.0000000000  0.0000000000  0.0000000000
-317.3008580126  3.1415926536  0.0000000000  0.0000000000  0.0000000000
-316.0442209511  3.1415926536  0.0000000000  0.0000000000  0.0000000000
-314.7875838897  3.1415926536  0.0000000000  0.0000000000  0.0000000000
-313.5309468283  3.1415926536  0.0000000000  0.0000000000  0.0000000000
-312.2743097668  3.1415926536  0.0000000000  0.0000000000  0.0000000000
-311.0176727054  3.1415926536  0.0000000000  0.0000000000  0.0000000000
-309.7610356440  3.1415926536  0.0000000000  0.0000000000  0.0000000000
-308.5043985825  3.1415926536  0.0000000000  0.0000000000  0.0000000000
-307.2477615211  3.1415926536  0.0000000000  0.0000000000  0.0000000000
-305.9911244596  3.1415926536  0.0000000000  0.0000000000  0.0000000000
-304.7344873982  3.1415926536  0.0000000000  0.0000000000  0.0000000000
-303.4778503368  3.1415926536  0.0000000000  0.0000000000  0.0000000000
-302.2212132753  3.1415926536  0.0000000000  0.0000000000  0.0000000000
-300.9645762139  3.1415926536  0.0000000000  0.0000000000  0.0000000000
-299.7079391525  3.1415926536  0.0000000000  0.0000000000  0.0000000000
-298.4513020910  3.1415926536  0.0000000000  0.0000000000  0.0000000000
-297.1946650296  3.1415926536  0.0000000000  0.0000000000  0.0000000000
-295.9380279682  3.1415926536  0.0000000000  0.0000000000  0.0000000000
-294.6813909067  3.1415926536  0.0000000000  0.0000000000  0.0000000000
-293.4247538453  3.1415926536  0.0000000000  0.0000000000  0.0000000000
-292.1681167839  3.1415926536  0.0000000000  0.0000000000  0.0000000000
-290.9114797224  3.1415926536  0.0000000000  0.0000000000  0.0000000000
-289.6548426610  3.1415926536  0.0000000000  0.0000000000  0.0000000000
-288.3982055995  3.1415926536  0.0000000000  0.0000000000  0.0000000000
-287.1415685381  3.1415926536  0.0000000000  0.0000000000  0.0000000000
-285.8849314767  3.1415926536  0.0000000000  0.0000000000  0.0000000000
-284.6282944152  3.1415926536  0.0000000000  0.0000000000  0.0000000000
-283.3716573538  3.1415926536  0.0000000000  0.0000000000  0.0000000000
-282.1150202924  3.1415926536  0.0000000000  0.0000000000  0.0000000000
-280.8583832309  3.1415926536  0.0000000000  0.0000000000  0.0000000000
-279.6017461695  3.1415926536  0.0000000000  0.0000000000  0.0000000000
-278.3451091081  3.1415926536  0.0000000000  0.0000000000  0.0000000000
-277.0884720466  3.1415926536  0.0000000000  0.0000000000  0.0000000000
-275.8318349852  3.1415926536  0.0000000000  0.0000000000  0.0000000000
-274.5751979237  3.1415926536  0.0000000000  0.0000000000  0.0000000000
-273.3185608623  3.1415926536  0.0000000000  0.0000000000  0.0000000000
-272.0619238009  3.1415926536  0.0000000000  0.0000000000  0.0000000000
-270.8052867394  3.1415926536  0.0000000000  0.0000000000  0.0000000000
-269.5486496780  3.1415926536  0.0000000000  0.0000000000  0.0000000000
-268.2920126166  3.1415926536  0.0000000000  0.0000000000  0.0000000000
-267.0353755551  3.1415926536  0.0000000000  0.0000000000  0.0000000000
-265.7787384937  3.1415926536  0.0000000000  0.0000000000  0.0000000000
-264.5221014323  3.1415926536  0.0000000000  0.0000000000  0.0000000000
-263.2654643708  3.1415926536  0.0000000000  0.0000000000  0.0000000000
-262.0088273094  3.1415926536  0.0000000000  0.0000000000  0.0000000000
-260.7521902480  3.1415926536  0.0000000000  0.0000000000  0.0000000000
-259.4955531865  3.1415926536  0.0000000000  0.0000000000  0.0000000000
-258.2389161251  3.1415926536  0.0000000000  0.0000000000  0.0000000000
-256.9822790636  3.1415926536  0.0000000000  0.0000000000  0.0000000000
-255.7256420022  3.1415926536  0.0000000000  0.0000000000  0.0000000000
-254.4690049408  3.1415926536  0.0000000000  0.0000000000  0.0000000000
-253.2123678793  3.1415926536  0.0000000000  0.0000000000  0.0000000000
-251.9557308179  3.1415926536  0.0000000000  0.0000000000  0.0000000000
-250.6990937565  3.1415926536  0.0000000000  0.0000000000  0.0000000000
-249.4424566950  3.1415926536  0.0000000000  0.0000000000  0.0000000000
-248.1858196336  3.1415926536  0.0000000000  0.0000000000  0.0000000000
-246.9291825722  3.1415926536  0.0000000000  0.0000000000  0.0000000000
-245.6725455107  3.1415926536  0.0000000000  0.0000000000  0.0000000000
-244.4159084493  3.1415926536  0.0000000000  0.0000000000  0.0000000000
-243.1592713878  3.1415926536  0.0000000000  0.0000000000  0.0000000000
-241.9026343264  3.1415926536  0.0000000000  0.0000000000  0.0000000000
-240.6459972650  3.1415926536  0.0000000000  0.0000000000  0.0000000000
-239.3893602035  3.1415926536  0.0000000000  0.0000000000  0.0000000000
-238.1327231421  3.1415926536  0.0000000000  0.0000000000  0.0000000000
-236.8760860807  3.1415926536  0.0000000000  0.0000000000  0.0000000000
-235.6194490192  3.1415926536  0.0000000000  0.0000000000  0.0000000000
-234.3628119578  3.1415926536  0.0000000000  0.0000000000  0.0000000000
-233.1061748964  3.1415926536  0.0000000000  0.0000000000  0.0000000000
-231.8495378349  3.1415926536  0.0000000000  0.0000000000  0.0000000000
-230.5929007735  3.1415926536  0.0000000000  0.0000000000  0.0000000000
-229.3362637121  3.1415926536  0.0000000000  0.0000000000  0.0000000000
-228.0796266506  3.1415926536  0.0000000000  0.0000000000  0.0000000000
-226.8229895892  3.1415926536  0.0000000000  0.0000000000  0.0000000000
-225.5663525277  3.1415926536  0.0000000000  0.0000000000  0.0000000000
-224.3097154663  3.1415926536  0.0000000000  0.0000000000  0.0000000000
-223.0530784049  3.1415926536  0.0000000000  0.0000000000  0.0000000000
-221.7964413434  3.1415926536  0.0000000000  0.0000000000  0.0000000000
-220.5398042820  3.1415926536  0.0000000000  0.0000000000  0.0000000000
-219.2831672206  3.1415926536  0.0000000000  0.0000000000  0.0000000000
-218.0265301591  3.1415926536  0.0000000000  0.0000000000  0.0000000000
-216.7698930977  3.1415926536  0.0000000000  0.0000000000  0.0000000000
-215.5132560363  3.1415926536  0.0000000000  0.0000000000  0.0000000000
-214.2566189748  3.1415926536  0.0000000000  0.0000000000  0.0000000000
-212.9999819134  3.1415926536  0.0000000000  0.0000000000  0.0000000000
-211.7433448520  3.1415926536  0.0000000000  0.0000000000  0.0000000000
-210.4867077905  3.1415926536  0.0000000000  0.0000000000  0.0000000000
-209.2300707291  3.1415926536  0.0000000000  0.0000000000  0.0000000000
-207.9734336676  3.1415926536  0.0000000000  0.0000000000  0.0000000000
-206.7167966062  3.1415926536  0.0000000000  0.0000000000  0.0000000000
-205.4601595448  3.1415926536  0.0000000000  0.0000000000  0.0000000000
-204.2035224833  3.1415926536  0.0000000000  0.0000000000  0.0000000000
-202.9468854219  3.1415926536  0.0000000000  0.0000000000  0.0000000000
-201.6902483605  3.1415926536  0.0000000000  0.0000000000  0.0000000000
-200.4336112990  3.1415926536  0.0000000000  0.0000000000  0.0000000000
-199.1769742376  3.1415926536  0.0000000000  0.0000000000  0.0000000000
-197.9203371762  3.1415926536  0.0000000000  0.0000000000  0.0000000000
-196.6637001147  3.1415926536  0.0000000000  0.0000000000  0.0000000000
-195.4070630533  3.1415926536  0.0000000000  0.0000000000  0.0000000000
-194.1504259918  3.1415926536  0.0000000000  0.0000000000  0.0000000000
-192.8937889304  3.1415926536  0.0000000000  0.0000000000  0.0000000000
-191.6371518690  3.1415926536  0.0000000000  0.0000000000  0.0000000000
-190.3805148075  3.1415926536  0.0000000000  0.0000000000  0.0000000000
-189.1238777461  3.1415926536  0.0000000000  0.0000000000  0.0000000000
-187.8672406847  3.1415926536  0.0000000000  0.0000000000  0.0000000000
-186.6106036232  3.1415926536  0.0000000000  0.0000000000  0.0000000000
-185.3539665618  3.1415926536  0.0000000000  0.0000000000  0.0000000000
-184.0973295004  3.1415926536  0.0000000000  0.0000000000  0.0000000000
-182.8406924389  3.1415926536  0.0000000000  0.0000000000  0.0000000000
-181.5840553775  3.1415926536  0.0000000000  0.0000000000  0.0000000000
-180.3274183161  3.1415926536  0.0000000000  0.0000000000  0.0000000000
-179.0707812546  3.1415926536  0.0000000000  0.0000000000  0.0000000000
-177.8141441932  3.1415926536  0.0000000000  0.0000000000  0.0000000000
-176.5575071317  3.1415926536  0.0000000000  0.0000000000  0.0000000000
-175.3008700703  3.1415926536  0.0000000000  0.0000000000  0.0000000000
-174.0442330089  3.1415926536  0.0000000000  0.0000000000  0.0000000000
-172.7875959474  3.1415926536  0.0000000000  0.0000000000  0.0000000000
-171.5309588860  3.1415926536  0.0000000000  0.0000000000  0.0000000000
-170.2743218246  3.1415926536  0.0000000000  0.0000000000  0.0000000000
-169.0176847631  3.1415926536  0.0000000000  0.0000000000  0.0000000000
-167.7610477017  3.1415926536  0.0000000000  0.0000000000  0.0000000000
-166.5044106403  3.1415926536  0.0000000000  0.0000000000  0.0000000000
-165.2477735788  3.1415926536  0.0000000000  0.0000000000  0.0000000000
-163.9911365174  3.1415926536  0.0000000000  0.0000000000  0.0000000000
-162.7344994560  3.1415926536  0.0000000000  0.0000000000  0.0000000000
-161.4778623945  3.1415926536  0.0000000000  0.0000000000  0.0000000000
-160.2212253331  3.1415926536  0.0000000000  0.0000000000  0.0000000000
-158.9645882716  3.1415926536  0.0000000000  0.0000000000  0.0000000000
-157.7079512102  3.1415926536  0.0000000000  0.0000000000  0.0000000000
-156.4513141488  3.1415926536  0.0000000000  0.0000000000  0.0000000000
-155.1946770873  3.1415926536  0.0000000000  0.0000000000  0.0000000000
-153.9380400259  3.1415926536  0.0000000000  0.0000000000  0.0000000000
-152.6814029645  3.1415926536  0.0000000000  0.0000000000  0.0000000000
-151.4247659030  3.1415926536  0.0000000000  0.0000000000  0.0000000000
-150.1681288416  3.1415926536  0.0000000000  0.0000000000  0.0000000000
-148.9114917802  3.1415926536  0.0000000000  0.0000000000  0.0000000000
-147.6548547187  3.1415926536  0.0000000000  0.0000000000  0.0000000000
-146.3982176573  3.1415926536  0.0000000000  0.0000000000  0.0000000000
-145.1415805958  3.1415926536  0.0000000000  0.0000000000  0.0000000000
-143.8849435344  3.1415926536  0.0000000000  0.0000000000  0.0000000000
-142.6283064730  3.1415926536  0.0000000000  0.0000000000  0.0000000000
-141.3716694115  3.1415926536  0.0000000000  0.0000000000  0.0000000000
-140.1150323501  3.1415926536  0.0000000000  0.0000000000  0.0000000000
-138.8583952887  3.1415926536  0.0000000000  0.0000000000  0.0000000000
-137.6017582272  3.1415926536  0.0000000000  0.0000000000  0.0000000000
-136.3451211658  3.1415926536  0.0000000000  0.0000000000  0.0000000000
-135.0884841044  3.1415926536  0.0000000000  0.0000000000  0.0000000000
-133.8318470429  3.1415926536  0.0000000000  0.0000000000  0.0000000000
-132.5752099815  3.1415926536  0.0000000000  0.0000000000  0.0000000000
-131.3185729201  3.1415926536  0.0000000000  0.0000000000  0.0000000000
-130.0619358586  3.1415926536  0.0000000000  0.0000000000  0.0000000000
-128.8052987972  3.1415926536  0.0000000000  0.0000000000  0.0000000000
-127.5486617357  3.1415926536  0.0000000000  0.0000000000  0.0000000000
-126.2920246743  3.1415926536  0.0000000000  0.0000000000  0.0000000000
-125.0353876129  3.1415926536  0.0000000000  0.0000000000  0.0000000000
-123.7787505514  3.1415926536  0.0000000000  0.0000000000  0.0000000000
-122.5221134900  3.1415926536  0.0000000000  0.0000000000  0.0000000000
-121.2654764286  3.1415926536  0.0000000000  0.0000000000  0.0000000000
-120.0088393671  3.1415926536  0.0000000000  0.0000000000  0.0000000000
-118.7522023057  3.1415926536  0.0000000000  0.0000000000  0.0000000000
-117.4955652443  3.1415926536  0.0000000000  0.0000000000  0.0000000000
-116.2389281828  3.1415926536  0.0000000000  0.0000000000  0.0000000000
-114.9822911214  3.1415926536  0.0000000000  0.0000000000  0.0000000000
-113.7256540600  3.1415926536  0.0000000000  0.0000000000  0.0000000000
-112.4690169985  3.1415926536  0.0000000000  0.0000000000  0.0000000000
-111.2123799371  3.1415926536  0.0000000000  0.0000000000  0.0000000000
-109.9557428756  3.1415926536  0.0000000000  0.0000000000  0.0000000000
-108.6991058142  3.1415926536  0.0000000000  0.0000000000  0.0000000000
-107.4424687528  3.1415926536  0.0000000000  0.0000000000  0.0000000000
-106.1858316913  3.1415926536  0.0000000000  0.0000000000  0.0000000000
-104.9291946299  3.1415926536  0.0000000000  0.0000000000  0.0000000000
-103.6725575685  3.1415926536  0.0000000000  0.0000000000  0.0000000000
-102.4159205070  3.1415926536  0.0000000000  0.0000000000  0.0000000000
-101.1592834456  3.1415926536  0.0000000000  0.0000000000  0.0000000000
-99.9026463842  3.1415926536  0.0000000000  0.0000000000  0.0000000000
-98.6460093227  3.1415926536  0.0000000000  0.0000000000  0.0000000000
-97.3893722613  3.1415926536  0.0000000000  0.0000000000  0.0000000000
-96.1327351998  3.1415926536  0.0000000000  0.0000000000  0.0000000000
-94.8760981384  3.1415926536  0.0000000000  0.0000000000  0.0000000000
-93.6194610770  3.1415926536  0.0000000000  0.0000000000  0.0000000000
-92.3628240155  3.1415926536  0.0000000000  0.0000000000  0.0000000000
-91.1061869541  3.1415926536  0.0000000000  0.0000000000  0.0000000000
-89.8495498927  3.1415926536  0.0000000000  0.0000000000  0.0000000000
-88.5929128312  3.1415926536  0.0000000000  0.0000000000  0.0000000000
-87.3362757698  3.1415926536  0.0000000000  0.0000000000  0.0000000000
-86.0796387084  3.1415926536  0.0000000000  0.0000000000  0.0000000000
-84.8230016469  3.1415926536  0.0000000000  0.0000000000  0.0000000000
-83.5663645855  3.1415926536  0.0000000000  0.0000000000  0.0000000000
-82.3097275241  3.1415926536  0.0000000000  0.0000000000  0.0000000000
-81.0530904626  3.1415926536  0.0000000000  0.0000000000  0.0000000000
-79.7964534012  3.1415926536  0.0000000000  0.0000000000  0.0000000000
-78.5398163397  3.1415926536  0.0000000000  0.0000000000  0.0000000000
-77.2831792783  3.1415926536  0.0000000000  0.0000000000  0.0000000000
-76.0265422169  3.1415926536  0.0000000000  0.0000000000  0.0000000000
-74.7699051554  3.1415926536  0.0000000000  0.0000000000  0.0000000000
-73.5132680940  3.1415926536  0.0000000000  0.0000000000  0.0000000000
-72.2566310326  3.1415926536  0.0000000000  0.0000000000  0.0000000000
-70.9999939711  3.1415926536  0.0000000000  0.0000000000  0.0000000000
-69.7433569097  3.1415926536  0.0000000000  0.0000000000  0.0000000000
-68.4867198483  3.1415926536  0.0000000000  0.0000000000  0.0000000000
-67.2300827868  3.1415926536  0.0000000000  0.0000000000  0.0000000000
-65.9734457254  3.1415926536  0.0000000000  0.0000000000  0.0000000000
-64.7168086639  3.1415926536  0.0000000000  0.0000000000  0.0000000000
-63.4601716025  3.1415926536  0.0000000000  0.0000000000  0.0000000000
-62.2035345411  3.1415926536  0.0000000000  0.0000000000  0.0000000000
-60.9468974796  3.1415926536  0.0000000000  0.0000000000  0.0000000000
-59.6902604182  3.1415926536  0.0000000000  0.0000000000  0.0000000000
-58.4336233568  3.1415926536  0.0000000000  0.0000000000  0.0000000000
-57.1769862953  3.1415926536  0.0000000000  0.0000000000  0.0000000000
-55.9203492339  3.1415926536  0.0000000000  0.0000000000  0.0000000000
-54.6637121725  3.1415926536  0.0000000000  0.0000000000  0.0000000000
-53.4070751110  3.1415926536  0.0000000000  0.0000000000  0.0000000000
-52.1504380496  3.1415926536  0.0000000000  0.0000000000  0.0000000000
-50.8938009882  3.1415926536  0.0000000000  0.0000000000  0.0000000000
-49.6371639267  3.1415926536  0.0000000000  0.0000000000  0.0000000000
-48.3805268653  3.1415926536  0.0000000000  0.0000000000  0.0000000000
-47.1238898038  3.1415926536  0.0000000000  0.0000000000  0.0000000000
-45.8672527424  3.1415926536  0.0000000000  0.0000000000  0.0000000000
-44.6106156810  3.1415926536  0.0000000000  0.0000000000  0.0000000000
-43.3539786195  3.1415926536  0.0000000000  0.0000000000  0.0000000000
-42.0973415581  3.1415926536  0.0000000000  0.0000000000  0.0000000000
-40.8407044967  3.1415926536  0.0000000000  0.0000000000  0.0000000000
-39.5840674352  3.1415926536  0.0000000000  0.0000000000  0.0000000000
-38.3274303738  3.1415926536  0.0000000000  0.0000000000  0.0000000000
-37.0707933124  3.1415926536  0.0000000000  0.0000000000  0.0000000000
-35.8141562509  3.1415926536  0.0000000000  0.0000000000  0.0000000000
-34.5575191895  3.1415926536  0.0000000000  0.0000000000  0.0000000000
-33.3008821281  3.1415926536  0.0000000000  0.0000000000  0.0000000000
-32.0442450666  3.1415926536  0.0000000000  0.0000000000  0.0000000000
-30.7876080052  3.1415926536  0.0000000000  0.0000000000  0.0000000000
-29.5309709437  3.1415926536  0.0000000000  0.0000000000  0.0000000000
-28.2743338823  3.1415926536  0.0000000000  0.0000000000  0.0000000000
-27.0176968209  3.1415926536  0.0000000000  0.0000000000  0.0000000000
-25.7610597594  3.1415926536  0.0000000000  0.0000000000  0.0000000000
-24.5044226980  3.1415926536  0.0000000000  0.0000000000  0.0000000000
-23.2477856366  3.1415926536  0.0000000000  0.0000000000  0.0000000000
-21.9911485751  3.1415926536  0.0000000000  0.0000000000  0.0000000000
-20.7345115137  3.1415926536  0.0000000000  0.0000000000  0.0000000000
-19.4778744523  3.1415926536  0.0000000000  0.0000000000  0.0000000000
-18.2212373908  3.1415926536  0.0000000000  0.0000000000  0.0000000000
-16.9646003294  3.1415926536  0.0000000000  0.0000000000  0.0000000000
-15.7079632679  3.1415926536  0.0000000000  0.0000000000  0.0000000000
-14.4513262065  3.1415926536  0.0000000000  0.0000000000  0.0000000000
-13.1946891451  3.1415926536  0.0000000000  0.0000000000  0.0000000000
-11.9380520836  3.1415926536  0.0000000000  0.0000000000  0.0000000000
-10.6814150222  3.1415926536  0.0000000000  0.0000000000  0.0000000000
-9.4247779608  3.1415926536  0.0000000000  0.0000000000  0.0000000000
-8.1681408993  3.1415926536  0.0000000000  0.0000000000  0.0000000000
-6.9115038379  3.1415926536  0.0000000000  0.0000000000  0.0000000000
-5.6548667765  3.1415926536  0.0000000000  0.0000000000  0.0000000000
-4.3982297150  3.1415926536  0.0000000000  0.0000000000  0.0000000000
-3.1415926536  3.1415926536  0.0000000000  0.0000000000  0.0000000000
-1.8849555922  3.1415926536  0.0000000000  0.0000000000  0.0000000000
-0.6283185307  3.1415926536  0.0000000000  0.0000000000  0.0000000000
0.6283185307  3.1415926536  0.0000000000  0.0000000029  -2343.2231506817
1.8849555922  3.1415926536  0.0000000000  -0.0000000001  94.7261392668
3.1415926536  3.1415926536  0.0000000000  0.0000000005  -517.2420810706
4.3982297150  3.1415926536  0.0000000000  0.0000000000  -270.3076298533
5.6548667765  3.1415926536  0.0000000000  -0.0000000003  343.4351060267
6.9115038379  3.1415926536  0.0000000000  -0.6952578399  393.9681509802
8.1681408993  3.1415926536  0.0000000000  0.0000000002  240.0403703436
9.4247779608  3.1415926536  0.0000000000  0.3253671057  141.3342673280
10.6814150222  3.1415926536  0.0000000000  0.0000000005  121.8894481490
11.9380520836  3.1415926536  0.0000000000  -0.3395152143  140.6492507460
13.1946891451  3.1415926536  0.0000000000  -0.3357986073  164.4420376377
14.4513262065  3.1415926536  0.0000000000  0.0000000002  178.1408489187
15.7079632679  3.1415926536  0.0000000000  0.5092541051  178.3733352009
16.9646003294  3.1415926536  0.0000000000  1.0364592820  167.0704858180
18.2212373908  3.1415926536  0.0000000000  1.4804482977  147.7113666461
19.4778744523  3.1415926536  0.0000000000  1.7940764363  123.6321884115
20.7345115137  3.1415926536  0.0000000000  1.9679582335  97.4580952860
21.9911485751  3.1415926536  0.0000000000  2.0141203796  71.0405906562
23.2477856366  3.1415926536  0.0000000000  1.9541907397  45.5795547129
24.5044226980  3.1415926536  0.0000000000  1.8121812751  21.7851286145
25.7610597594  3.1415926536  0.0000000000  1.6106496268  0.0237260687
27.0176968209  3.1415926536  0.0000000000  1.3690033989  -19.5673988488
28.2743338823  3.1415926536  0.0000000000  1.1030289015  -36.9965448350
29.5309709437  3.1415926536  0.0000000000  0.8250496755  -52.3592830262
30.7876080052  3.1415926536  0.0000000000  0.5443618790  -65.7991938349
32.0442450666  3.1415926536  0.0000000000  0.2677521785  -77.4822031193
33.3008821281  3.1415926536  0.0000000000  0.0000000000  -87.5803379740
34.5575191895  3.1415926536  0.0000000000  -0.2556790002  -96.2618543948
35.8141562509  3.1415926536  0.0000000000  -0.4972617395  -103.6855888844
37.0707933124  3.1415926536  0.0000000000  -0.7236174649  -109.9980542867
38.3274303738  3.1415926536  0.0000000000  -0.9342706098  -115.3322774999
39.5840674352  3.1415926536  0.0000000000  -1.1292167829  -119.8077095189
40.8407044967  3.1415926536  0.0000000000  -1.3087819947  -123.5307664987
42.0973415581  3.1415926536  0.0000000000  -1.4735162718  -126.5957151667
43.3539786195  3.1415926536  0.0000000000  -1.6241141761  -129.0857196523
44.6106156810  3.1415926536  0.0000000000  -1.7613561178  -131.0739357784
45.8672527424  3.1415926536  0.0000000000  -1.8860655830  -132.6245842782
47.1238898038  3.1415926536  0.0000000000  -1.9990784409  -133.7939639846
48.3805268653  3.1415926536  0.0000000000  -2.1012213546  -134.6313850315
49.6371639267  3.1415926536  0.0000000000  -2.1932969990  -135.1800140710
50.8938009882  3.1415926536  0.0000000000  -2.2760743342  -135.4776308274
52.1504380496  3.1415926536  0.0000000000  -2.3502825975  -135.5572995994
53.4070751110  3.1415926536  0.0000000000  -2.4166080060  -135.4479616521
54.6637121725  3.1415926536  0.0000000000  -2.4756924079  -135.1749555186
55.9203492339  3.1415926536  0.0000000000  -2.5281333129  -134.7604725440
57.1769862953  3.1415926536  0.0000000000  -2.5744848749  -134.2239548438
58.4336233568  3.1415926536  0.0000000000  -2.6152595132  -133.5824424348
59.6902604182  3.1415926536  0.0000000000  -2.6509299374  -132.8508757394
60.9468974796  3.1415926536  0.0000000000  -2.6819314091  -132.0423590643
62.2035345411  3.1415926536  0.0000000000  -2.7086641154  -131.1683900459
63.4601716025  3.1415926536  0.0000000000  -2.7314955684  -130.2390594747
64.7168086639  3.1415926536  0.0000000000  -2.7507629691  -129.2632253734
65.9734457254  3.1415926536  0.0000000000  -2.7667754948  -128.2486647171
67.2300827868  3.1415926536  0.0000000000  -2.7798164837  -127.2022057438
68.4867198483  3.1415926536  0.0000000000  -2.7901454988  -126.1298434189
69.7433569097  3.1415926536  0.0000000000  -2.7980002648  -125.0368402758
70.9999939711  3.1415926536  0.0000000000  -2.8035984730  -123.9278145581
72.2566310326  3.1415926536  0.0000000000  -2.8071394567  -122.8068173305
73.5132680940  3.1415926536  0.0000000000  -2.8088057388  -121.6773999979
74.7699051554  3.1415926536  0.0000000000  -2.8087644587  -120.5426734840
76.0265422169  3.1415926536  0.0000000000  -2.8071686836  -119.4053601447
77.2831792783  3.1415926536  0.0000000000  -2.8041586117  -118.2678393537
78.5398163397  3.1415926536  0.0000000000  -2.7998626743  -117.1321875687
79.7964534012  3.1415926536  0.0000000000  -2.7943985442  -116.0002135776
81.0530904626  3.1415926536  0.0000000000  -2.7878740574  -114.8734895356
82.3097275241  3.1415926536  0.0000000000  -2.7803880552  -113.7533783191
83.5663645855  3.1415926536  0.0000000000  -2.7720311526  -112.6410576542
84.8230016469  3.1415926536  0.0000000000  -2.7628864401  -111.5375414203
86.0796387084  3.1415926536  0.0000000000  -2.7530301231  -110.4436984738
87.3362757698  3.1415926536  0.0000000000  -2.7425321066  -109.3602692938
88.5929128312  3.1415926536  0.0000000000  -2.7314565269  -108.2878807150
89.8495498927  3.1415926536  0.0000000000  -2.7198622382  -107.2270589756
91.1061869541  3.1415926536  0.0000000000  -2.7078032553  -106.1782412817
92.3628240155  3.1415926536  0.0000000000  -2.6953291585  -105.1417860638
93.6194610770  3.1415926536  0.0000000000  -2.6824854628  -104.1179820801
94.8760981384  3.1415926536  0.0000000000  -2.6693139550  -103.1070564994
96.1327351998  3.1415926536  0.0000000000  -2.6558530013  -102.1091820831
97.3893722613  3.1415926536  0.0000000000  -2.6421378290  -101.1244835696
98.6460093227  3.1415926536  0.0000000000  -2.6282007832  -100.1530433535
99.9026463842  3.1415926536  0.0000000000  -2.6140715620  -99.1949065374
101.1592834456  3.1415926536  0.0000000000  -2.5997774313  -98.2500854297
102.4159205070  3.1415926536  0.0000000000  -2.5853434216  -97.3185635490
103.6725575685  3.1415926536  0.0000000000  -2.5707925080  -96.4002991906
104.9291946299  3.1415926536  0.0000000000  -2.5561457748  -95.4952286037
106.1858316913  3.1415926536  0.0000000000  -2.5414225671  -94.6032688230
107.4424687528  3.1415926536  0.0000000000  -2.5266406285  -93.7243201904
108.6991058142  3.1415926536  0.0000000000  -2.5118162288  -92.8582686038
109.9557428756  3.1415926536  0.0000000000  -2.4969642797  -92.0049875195
111.2123799371  3.1415926536  0.0000000000  -2.4820984424  -91.1643397374
112.4690169985  3.1415926536  0.0000000000  -2.4672312252  -90.3361789904
113.7256540600  3.1415926536  0.0000000000  -2.4523740739  -89.5203513607
114.9822911214  3.1415926536  0.0000000000  -2.4375374546  -88.7166965397
116.2389281828  3.1415926536  0.0000000000  -2.4227309298  -87.9250489498
117.4955652443  3.1415926536  0.0000000000  -2.4079632286  -87.1452387412
118.7522023057  3.1415926536  0.0000000000  -2.3932423110  -86.3770926784
120.0088393671  3.1415926536  0.0000000000  -2.3785754274  -85.6204349268
121.2654764286  3.1415926536  0.0000000000  -2.3639691730  -84.8750877506
122.5221134900  3.1415926536  0.0000000000  -2.3494295387  -84.1408721306
123.7787505514  3.1415926536  0.0000000000  -2.3349619567  -83.4176083115
125.0353876129  3.1415926536  0.0000000000  -2.3205713440  -82.7051162845
126.2920246743  3.1415926536  0.0000000000  -2.3062621415  -82.0032162133
127.5486617357  3.1415926536  0.0000000000  -2.2920383507  -81.3117288083
128.8052987972  3.1415926536  0.0000000000  -2.2779035669  -80.6304756556
130.0619358586  3.1415926536  0.0000000000  -2.2638610105  -79.9592795042
131.3185729201  3.1415926536  0.0000000000  -2.2499135559  -79.2979645168
132.5752099815  3.1415926536  0.0000000000  -2.2360637573  -78.6463564872
133.8318470429  3.1415926536  0.0000000000  -2.2223138741  -78.0042830291
135.0884841044  3.1415926536  0.0000000000  -2.2086658928  -77.3715737369
136.3451211658  3.1415926536  0.0000000000  -2.1951215482  -76.7480603244
137.6017582272  3.1415926536  0.0000000000  -2.1816823429  -76.1335767416
138.8583952887  3.1415926536  0.0000000000  -2.1683495650  -75.5279592723
140.1150323501  3.1415926536  0.0000000000  -2.1551243048  -74.9310466157
141.3716694115  3.1415926536  0.0000000000  -2.1420074703  -74.3426799520
142.6283064730  3.1415926536  0.0000000000  -2.1289998010  -73.7627029949
143.8849435344  3.1415926536  0.0000000000  -2.1161018816  -73.1909620326
145.1415805958  3.1415926536  0.0000000000  -2.1033141539  -72.6273059572
146.3982176573  3.1415926536  0.0000000000  -2.0906369282  -72.0715862852
147.6548547187  3.1415926536  0.0000000000  -2.0780703936  -71.5236571697
148.9114917802  3.1415926536  0.0000000000  -2.0656146281  -70.9833754047
150.1681288416  3.1415926536  0.0000000000  -2.0532696073  -70.4506004231
151.4247659030  3.1415926536  0.0000000000  -2.0410352129  -69.9251942889
152.6814029645  3.1415926536  0.0000000000  -2.0289112402  -69.4070216838
153.9380400259  3.1415926536  0.0000000000  -2.0168974058  -68.8959498904
155.1946770873  3.1415926536  0.0000000000  -2.0049933537  -68.3918487700
156.4513141488  3.1415926536  0.0000000000  -1.9931986618  -67.8945907385
157.7079512102  3.1415926536  0.0000000000  -1.9815128478  -67.4040507380
158.9645882716  3.1415926536  0.0000000000  -1.9699353738  -66.9201062068
160.2212253331  3.1415926536  0.0000000000  -1.9584656523  -66.4426370468
161.4778623945  3.1415926536  0.0000000000  -1.9471030499  -65.9715255889
162.7344994560  3.1415926536  0.0000000000  -1.9358468918  -65.5066565576
163.9911365174  3.1415926536  0.0000000000  -1.9246964661  -65.0479170331
165.2477735788  3.1415926536  0.0000000000  -1.9136510268  -64.5951964135
166.5044106403  3.1415926536  0.0000000000  -1.9027097979  -64.1483863755
167.7610477017  3.1415926536  0.0000000000  -1.8918719761  -63.7073808347
169.0176847631  3.1415926536  0.0000000000  -1.8811367337  -63.2720759051
170.2743218246  3.1415926536  0.0000000000  -1.8705032215  -62.8423698590
171.5309588860  3.1415926536  0.0000000000  -1.8599705714  -62.4181630858
172.7875959474  3.1415926536  0.0000000000  -1.8495378983  -61.9993580511
174.0442330089  3.1415926536  0.0000000000  -1.8392043028  -61.5858592563
175.3008700703  3.1415926536  0.0000000000  -1.8289688726  -61.1775731976
176.5575071317  3.1415926536  0.0000000000  -1.8188306848  -60.7744083252
177.8141441932  3.1415926536  0.0000000000  -1.8087888077  -60.3762750039
179.0707812546  3.1415926536  0.0000000000  -1.7988423017  -59.9830854722
180.3274183161  3.1415926536  0.0000000000  -1.7889902216  -59.5947538037
181.5840553775  3.1415926536  0.0000000000  -1.7792316174  -59.2111958675
182.8406924389  3.1415926536  0.0000000000  -1.7695655356  -58.8323292897
184.0973295004  3.1415926536  0.0000000000  -1.7599910208  -58.4580734156
185.3539665618  3.1415926536  0.0000000000  -1.7505071162  -58.0883492720
186.6106036232  3.1415926536  0.0000000000  -1.7411128647  -57.7230795302
187.8672406847  3.1415926536  0.0000000000  -1.7318073103  -57.3621884701
189.1238777461  3.1415926536  0.0000000000  -1.7225894981  -57.0056019438
190.3805148075  3.1415926536  0.0000000000  -1.7134584758  -56.6532473411
191.6371518690  3.1415926536  0.0000000000  -1.7044132942  -56.3050535549
192.8937889304  3.1415926536  0.0000000000  -1.6954530074  -55.9609509473
194.1504259918  3.1415926536  0.0000000000  -1.6865766740  -55.6208713164
195.4070630533  3.1415926536  0.0000000000  -1.6777833574  -55.2847478642
196.6637001147  3.1415926536  0.0000000000  -1.6690721262  -54.9525151641
197.9203371762  3.1415926536  0.0000000000  -1.6604420548  -54.6241091304
199.1769742376  3.1415926536  0.0000000000  -1.6518922236  -54.2994669873
200.4336112990  3.1415926536  0.0000000000  -1.6434217197  -53.9785272393
201.6902483605  3.1415926536  0.0000000000  -1.6350296368  -53.6612296418
202.9468854219  3.1415926536  0.0000000000  -1.6267150760  -53.3475151725
204.2035224833  3.1415926536  0.0000000000  -1.6184771456  -53.0373260037
205.4601595448  3.1415926536  0.0000000000  -1.6103149617  -52.7306054745
206.7167966062  3.1415926536  0.0000000000  -1.6022276483  -52.4272980647
207.9734336676  3.1415926536  0.0000000000  -1.5942143373  -52.1273493681
209.2300707291  3.1415926536  0.0000000000  -1.5862741689  -51.8307060675
210.4867077905  3.1415926536  0.0000000000  -1.5784062918  -51.5373159092
211.7433448520  3.1415926536  0.0000000000  -1.5706098631  -51.2471276796
212.9999819134  3.1415926536  0.0000000000  -1.5628840485  -50.9600911802
214.2566189748  3.1415926536  0.0000000000  -1.5552280226  -50.6761572057
215.5132560363  3.1415926536  0.0000000000  -1.5476409686  -50.3952775202
216.7698930977  3.1415926536  0.0000000000  -1.5401220785  -50.1174048362
218.0265301591  3.1415926536  0.0000000000  -1.5326705536  -49.8424927919
219.2831672206  3.1415926536  0.0000000000  -1.5252856036  -49.5704959311
220.5398042820  3.1415926536  0.0000000000  -1.5179664477  -49.3013696821
221.7964413434  3.1415926536  0.0000000000  -1.5107123136  -49.0350703378
223.0530784049  3.1415926536  0.0000000000  -1.5035224384  -48.7715550362
224.3097154663  3.1415926536  0.0000000000  -1.4963960680  -48.5107817412
225.5663525277  3.1415926536  0.0000000000  -1.4893324572  -48.2527092241
226.8229895892  3.1415926536  0.0000000000  -1.4823308699  -47.9972970452
228.0796266506  3.1415926536  0.0000000000  -1.4753905789  -47.7445055364
229.3362637121  3.1415926536  0.0000000000  -1.4685108658  -47.4942957837
230.5929007735  3.1415926536  0.0000000000  -1.4616910212  -47.2466296102
231.8495378349  3.1415926536  0.0000000000  -1.4549303444  -47.0014695599
233.1061748964  3.1415926536  0.0000000000  -1.4482281434  -46.7587788816
234.3628119578  3.1415926536  0.0000000000  -1.4415837351  -46.5185215132
235.6194490192  3.1415926536  0.0000000000  -1.4349964450  -46.2806620663
236.8760860807  3.1415926536  0.0000000000  -1.4284656069  -46.0451658114
238.1327231421  3.1415926536  0.0000000000  -1.4219905634  -45.8119986635
239.3893602035  3.1415926536  0.0000000000  -1.4155706656  -45.5811271676
240.6459972650  3.1415926536  0.0000000000  -1.4092052727  -45.3525184852
241.9026343264  3.1415926536  0.0000000000  -1.4028937524  -45.1261403805
243.1592713878  3.1415926536  0.0000000000  -1.3966354805  -44.9019612074
244.4159084493  3.1415926536  0.0000000000  -1.3904298411  -44.6799498968
245.6725455107  3.1415926536  0.0000000000  -1.3842762262  -44.4600759437
246.9291825722  3.1415926536  0.0000000000  -1.3781740359  -44.2423093953
248.1858196336  3.1415926536  0.0000000000  -1.3721226780  -44.0266208389
249.4424566950  3.1415926536  0.0000000000  -1.3661215684  -43.8129813902
250.6990937565  3.1415926536  0.0000000000  -1.3601701304  -43.6013626823
251.9557308179  3.1415926536  0.0000000000  -1.3542677952  -43.3917368540
253.2123678793  3.1415926536  0.0000000000  -1.3484140014  -43.1840765397
254.4690049408  3.1415926536  0.0000000000  -1.3426081951  -42.9783548584
255.7256420022  3.1415926536  0.0000000000  -1.3368498298  -42.7745454034
256.9822790636  3.1415926536  0.0000000000  -1.3311383662  -42.5726222324
258.2389161251  3.1415926536  0.0000000000  -1.3254732723  -42.3725598578
259.4955531865  3.1415926536  0.0000000000  -1.3198540231  -42.1743332367
260.7521902480  3.1415926536  0.0000000000  -1.3142801006  -41.9779177622
262.0088273094  3.1415926536  0.0000000000  -1.3087509940  -41.7832892535
263.2654643708  3.1415926536  0.0000000000  -1.3032661989  -41.5904239478
264.5221014323  3.1415926536  0.0000000000  -1.2978252179  -41.3992984911
265.7787384937  3.1415926536  0.0000000000  -1.2924275603  -41.2098899296
267.0353755551  3.1415926536  0.0000000000  -1.2870727418  -41.0221757022
268.2920126166  3.1415926536  0.0000000000  -1.2817602848  -40.8361336314
269.5486496780  3.1415926536  0.0000000000  -1.2764897179  -40.6517419160
270.8052867394  3.1415926536  0.0000000000  -1.2712605761  -40.4689791236
272.0619238009  3.1415926536  0.0000000000  -1.2660724005  -40.2878241823
273.3185608623  3.1415926536  0.0000000000  -1.2609247387  -40.1082563741
274.5751979237  3.1415926536  0.0000000000  -1.2558171439  -39.9302553274
275.8318349852  3.1415926536  0.0000000000  -1.2507491755  -39.7538010099
277.0884720466  3.1415926536  0.0000000000  -1.2457203988  -39.5788737220
278.3451091081  3.1415926536  0.0000000000  -1.2407303849  -39.4054540900
279.6017461695  3.1415926536  0.0000000000  -1.2357787106  -39.2335230594
280.8583832309  3.1415926536  0.0000000000  -1.2308649582  -39.0630618887
282.1150202924  3.1415926536  0.0000000000  -1.2259887158  -38.8940521434
283.3716573538  3.1415926536  0.0000000000  -1.2211495768  -38.7264756893
284.6282944152  3.1415926536  0.0000000000  -1.2163471402  -38.5603146872
285.8849314767  3.1415926536  0.0000000000  -1.2115810102  -38.3955515866
287.1415685381  3.1415926536  0.0000000000  -1.2068507962  -38.2321691201
288.3982055995  3.1415926536  0.0000000000  -1.2021561129  -38.0701502983
289.6548426610  3.1415926536  0.0000000000  -1.1974965800  -37.9094784038
290.9114797224  3.1415926536  0.0000000000  -1.1928718224  -37.7501369860
292.1681167839  3.1415926536  0.0000000000  -1.1882814696  -37.5921098562
293.4247538453  3.1415926536  0.0000000000  -1.1837251565  -37.4353810825
294.6813909067  3.1415926536  0.0000000000  -1.1792025223  -37.2799349845
295.9380279682  3.1415926536  0.0000000000  -1.1747132112  -37.1257561286
297.1946650296  3.1415926536  0.0000000000  -1.1702568722  -36.9728293236
298.4513020910  3.1415926536  0.0000000000  -1.1658331587  -36.8211396158
299.7079391525  3.1415926536  0.0000000000  -1.1614417286  -36.6706722842
300.9645762139  3.1415926536  0.0000000000  -1.1570822444  -36.5214128366
302.2212132753  3.1415926536  0.0000000000  -1.1527543730  -36.3733470050
303.4778503368  3.1415926536  0.0000000000  -1.1484577856  -36.2264607414
304.7344873982  3.1415926536  0.0000000000  -1.1441921576  -36.0807402136
305.9911244596  3.1415926536  0.0000000000  -1.1399571689  -35.9361718014
307.2477615211  3.1415926536  0.0000000000  -1.1357525032  -35.7927420922
308.5043985825  3.1415926536  0.0000000000  -1.1315778486  -35.6504378777
309.7610356440  3.1415926536  0.0000000000  -1.1274328969  -35.5092461493
311.0176727054  3.1415926536  0.0000000000  -1.1233173442  -35.3691540955
312.2743097668  3.1415926536  0.0000000000  -1.1192308903  -35.2301490973
313.5309468283  3.1415926536  0.0000000000  -1.1151732389  -35.0922187250
314.7875838897  3.1415926536  0.0000000000  -1.1111440977  -34.9553507349
316.0442209511  3.1415926536  0.0000000000  -1.1071431778  -34.8195330657
317.3008580126  3.1415926536  0.0000000000  -1.1031701942  -34.6847538351
318.5574950740  3.1415926536  0.0000000000  -1.0992248656  -34.5510013368
319.8141321354  3.1415926536  0.0000000000  -1.0953069141  -34.4182640372
321.0707691969  3.1415926536  0.0000000000  -1.0914160655  -34.2865305722
322.3274062583  3.1415926536  0.0000000000  -1.0875520488  -34.1557897442
323.5840433197  3.1415926536  0.0000000000  -1.0837145969  -34.0260305191
324.8406803812  3.1415926536  0.0000000000  -1.0799034456  -33.8972420235
326.0973174426  3.1415926536  0.0000000000  -1.0761183343  -33.7694135418
327.3539545041  3.1415926536  0.0000000000  -1.0723590056  -33.6425345130
328.6105915655  3.1415926536  0.0000000000  -1.0686252053  -33.5165945286
329.8672286269  3.1415926536  0.0000000000  -1.0649166825  -33.3915833296
331.1238656884  3.1415926536  0.0000000000  -1.0612331893  -33.2674908036
332.3805027498  3.1415926536  0.0000000000  -1.0575744810  -33.1443069829
333.6371398112  3.1415926536  0.0000000000  -1.0539403159  -33.0220220411
334.8937768727  3.1415926536  0.0000000000  -1.0503304552  -32.9006262915
336.1504139341  3.1415926536  0.0000000000  -1.0467446632  -32.7801101841
337.4070509955  3.1415926536  0.0000000000  -1.0431827072  -32.6604643033
338.6636880570  3.1415926536  0.0000000000  -1.0396443571  -32.5416793659
339.9203251184  3.1415926536  0.0000000000  -1.0361293859  -32.4237462184
341.1769621799  3.1415926536  0.0000000000  -1.0326375692  -32.3066558350
342.4335992413  3.1415926536  0.0000000000  -1.0291686854  -32.1903993155
343.6902363027  3.1415926536  0.0000000000  -1.0257225157  -32.0749678829
344.9468733642  3.1415926536  0.0000000000  -1.0222988439  -31.9603528815
346.2035104256  3.1415926536  0.0000000000  -1.0188974564  -31.8465457748
347.4601474870  3.1415926536  0.0000000000  -1.0155181423  -31.7335381435
348.7167845485  3.1415926536  0.0000000000  -1.0121606932  -31.6213216833
349.9734216099  3.1415926536  0.0000000000  -1.0088249031  -31.5098882034
351.2300586713  3.1415926536  0.0000000000  -1.0055105687  -31.3992296241
352.4866957328  3.1415926536  0.0000000000  -1.0022174891  -31.2893379755
353.7433327942  3.1415926536  0.0000000000  -0.9989454656  -31.1802053950
354.9999698556  3.1415926536  0.0000000000  -0.9956943022  -31.0718241263
356.2566069171  3.1415926536  0.0000000000  -0.9924638051  -30.9641865168
357.5132439785  3.1415926536  0.0000000000  -0.9892537828  -30.8572850167
358.7698810400  3.1415926536  0.0000000000  -0.9860640460  -30.7511121766
360.0265181014  3.1415926536  0.0000000000  -0.9828944078  -30.6456606464
361.2831551628  3.1415926536  0.0000000000  -0.9797446834  -30.5409231732
362.5397922243  3.1415926536  0.0000000000  -0.9766146904  -30.4368926003
363.7964292857  3.1415926536  0.0000000000  -0.9735042482  -30.3335618650
365.0530663471  3.1415926536  0.0000000000  -0.9704131787  -30.2309239975
366.3097034086  3.1415926536  0.0000000000  -0.9673413056  -30.1289721193
367.5663404700  3.1415926536  0.0000000000  -0.9642884549  -30.0276994415
368.8229775314  3.1415926536  0.0000000000  -0.9612544543  -29.9270992638
370.0796145929  3.1415926536  0.0000000000  -0.9582391340  -29.8271649728
371.3362516543  3.1415926536  0.0000000000  -0.9552423256  -29.7278900405
372.5928887157  3.1415926536  0.0000000000  -0.9522638633  -29.6292680232
373.8495257772  3.1415926536  0.0000000000  -0.9493035826  -29.5312925599
375.1061628386  3.1415926536  0.0000000000  -0.9463613213  -29.4339573715
376.3627999001  3.1415926536  0.0000000000  -0.9434369190  -29.3372562587
377.6194369615  3.1415926536  0.0000000000  -0.9405302169  -29.2411831014
378.8760740229  3.1415926536  0.0000000000  -0.9376410585  -29.1457318574
380.1327110844  3.1415926536  0.0000000000  -0.9347692886  -29.0508965607
381.3893481458  3.1415926536  0.0000000000  -0.9319147541  -28.9566713208
382.6459852072  3.1415926536  0.0000000000  -0.9290773035  -28.8630503214
383.9026222687  3.1415926536  0.0000000000  -0.9262567871  -28.7700278192
385.1592593301  3.1415926536  0.0000000000  -0.9234530568  -28.6775981426
386.4158963915  3.1415926536  0.0000000000  -0.9206659662  -28.5857556910
387.6725334530  3.1415926536  0.0000000000  -0.9178953706  -28.4944949334
388.9291705144  3.1415926536  0.0000000000  -0.9151411270  -28.4038104074
390.1858075759  3.1415926536  0.0000000000  -0.9124030938  -28.3136967180
391.4424446373  3.1415926536  0.0000000000  -0.9096811313  -28.2241485371
392.6990816987  3.1415926536  0.0000000000  -0.9069751009  -28.1351606018
393.9557187602  3.1415926536  0.0000000000  -0.9042848661  -28.0467277137
395.2123558216  3.1415926536  0.0000000000  -0.9016102915  -27.9588447383
396.4689928830  3.1415926536  0.0000000000  -0.8989512433  -27.8715066034
397.7256299445  3.1415926536  0.0000000000  -0.8963075893  -27.7847082984
398.9822670059  3.1415926536  0.0000000000  -0.8936791987  -27.6984448735
400.2389040673  3.1415926536  0.0000000000  -0.8910659422  -27.6127114389
401.4955411288  3.1415926536  0.0000000000  -0.8884676917  -27.5275031635
402.7521781902  3.1415926536  0.0000000000  -0.8858843208  -27.4428152744
404.0088152516  3.1415926536  0.0000000000  -0.8833157042  -27.3586430556
405.2654523131  3.1415926536  0.0000000000  -0.8807617183  -27.2749818477
406.5220893745  3.1415926536  0.0000000000  -0.8782222406  -27.1918270467
407.7787264360  3.1415926536  0.0000000000  -0.8756971500  -27.1091741035
409.0353634974  3.1415926536  0.0000000000  -0.8731863266  -27.0270185225
410.2920005588  3.1415926536  0.0000000000  -0.8706896521  -26.9453558615
411.5486376203  3.1415926536  0.0000000000  -0.8682070092  -26.8641817306
412.8052746817  3.1415926536  0.0000000000  -0.8657382820  -26.7834917912
414.0619117431  3.1415926536  0.0000000000  -0.8632833558  -26.7032817559
415.3185488046  3.1415926536  0.0000000000  -0.8608421170  -26.6235473872
416.5751858660  3.1415926536  0.0000000000  -0.8584144536  -26.5442844967
417.8318229274  3.1415926536  0.0000000000  -0.8560002543  -26.4654889452
419.0884599889  3.1415926536  0.0000000000  -0.8535994094  -26.3871566409
420.3450970503  3.1415926536  0.0000000000  -0.8512118102  -26.3092835396
421.6017341118  3.1415926536  0.0000000000  -0.8488373490  -26.2318656436
422.8583711732  3.1415926536  0.0000000000  -0.8464759196  -26.1548990011
424.1150082346  3.1415926536  0.0000000000  -0.8441274165  -26.0783797055
425.3716452961  3.1415926536  0.0000000000  -0.8417917357  -26.0023038949
426.6282823575  3.1415926536  0.0000000000  -0.8394687740  -25.9266677515
427.8849194189  3.1415926536  0.0000000000  -0.8371584295  -25.8514675008
429.1415564804  3.1415926536  0.0000000000  -0.8348606012  -25.7766994109
430.3981935418  3.1415926536  0.0000000000  -0.8325751893  -25.7023597924
431.6548306032  3.1415926536  0.0000000000  -0.8303020949  -25.6284449972
432.9114676647  3.1415926536  0.0000000000  -0.8280412201  -25.5549514183
434.1681047261  3.1415926536  0.0000000000  -0.8257924683  -25.4818754892
435.4247417875  3.1415926536  0.0000000000  -0.8235557435  -25.4092136831
436.6813788490  3.1415926536  0.0000000000  -0.8213309511  -25.3369625127
437.9380159104  3.1415926536  0.0000000000  -0.8191179971  -25.2651185294
439.1946529719  3.1415926536  0.0000000000  -0.8169167887  -25.1936783229
440.4512900333  3.1415926536  0.0000000000  -0.8147272340  -25.1226385204
441.7079270947  3.1415926536  0.0000000000  -0.8125492419  -25.0519957866
442.9645641562  3.1415926536  0.0000000000  -0.8103827226  -24.9817468227
444.2212012176  3.1415926536  0.0000000000  -0.8082275867  -24.9118883662
445.4778382790  3.1415926536  0.0000000000  -0.8060837462  -24.8424171903
446.7344753405  3.1415926536  0.0000000000  -0.8039511136  -24.7733301032
447.9911124019  3.1415926536  0.0000000000  -0.8018296025  -24.7046239482
449.2477494633  3.1415926536  0.0000000000  -0.7997191273  -24.6362956027
450.5043865248  3.1415926536  0.0000000000  -0.7976196034  -24.5683419778
451.7610235862  3.1415926536  0.0000000000  -0.7955309468  -24.5007600181
453.0176606476  3.1415926536  0.0000000000  -0.7934530746  -24.4335467012
454.2742977091  3.1415926536  0.0000000000  -0.7913859045  -24.3666990370
455.5309347705  3.1415926536  0.0000000000  -0.7893293551  -24.3002140674
456.7875718320  3.1415926536  0.0000000000  -0.7872833460  -24.2340888662
458.0442088934  3.1415926536  0.0000000000  -0.7852477972  -24.1683205382
459.3008459548  3.1415926536  0.0000000000  -0.7832226300  -24.1029062190
460.5574830163  3.1415926536  0.0000000000  -0.7812077660  -24.0378430745
461.8141200777  3.1415926536  0.0000000000  -0.7792031278  -23.9731283009
463.0707571391  3.1415926536  0.0000000000  -0.7772086388  -23.9087591237
464.3273942006  3.1415926536  0.0000000000  -0.7752242231  -23.8447327976
465.5840312620  3.1415926536  0.0000000000  -0.7732498055  -23.7810466063
466.8406683234  3.1415926536  0.0000000000  -0.7712853115  -23.7176978618
468.0973053849  3.1415926536  0.0000000000  -0.7693306676  -23.6546839043
469.3539424463  3.1415926536  0.0000000000  -0.7673858006  -23.5920021016
470.6105795078  3.1415926536  0.0000000000  -0.7654506383  -23.5296498490
471.8672165692  3.1415926536  0.0000000000  -0.7635251092  -23.4676245686
473.1238536306  3.1415926536  0.0000000000  -0.7616091423  -23.4059237094
474.3804906921  3.1415926536  0.0000000000  -0.7597026675  -23.3445447466
475.6371277535  3.1415926536  0.0000000000  -0.7578056152  -23.2834851813
476.8937648149  3.1415926536  0.0000000000  -0.7559179166  -23.2227425403
478.1504018764  3.1415926536  0.0000000000  -0.7540395034  -23.1623143758
479.4070389378  3.1415926536  0.0000000000  -0.7521703081  -23.1021982650
480.6636759992  3.1415926536  0.0000000000  -0.7503102639  -23.0423918098
481.9203130607  3.1415926536  0.0000000000  -0.7484593045  -22.9828926362
483.1769501221  3.1415926536  0.0000000000  -0.7466173641  -22.9236983947
484.4335871835  3.1415926536  0.0000000000  -0.7447843779  -22.8648067592
485.6902242450  3.1415926536  0.0000000000  -0.7429602814  -22.8062154273
486.9468613064  3.1415926536  0.0000000000  -0.7411450108  -22.7479221196
488.2034983679  3.1415926536  0.0000000000  -0.7393385030  -22.6899245798
489.4601354293  3.1415926536  0.0000000000  -0.7375406953  -22.6322205740
490.7167724907  3.1415926536  0.0000000000  -0.7357515258  -22.5748078907
491.9734095522  3.1415926536  0.0000000000  -0.7339709330  -22.5176843404
493.2300466136  3.1415926536  0.0000000000  -0.7321988560  -22.4608477554
494.4866836750  3.1415926536  0.0000000000  -0.7304352346  -22.4042959896
495.7433207365  3.1415926536  0.0000000000  -0.7286800091  -22.3480269180
496.9999577979  3.1415926536  0.0000000000  -0.7269331202  -22.2920384365
498.2565948593  3.1415926536  0.0000000000  -0.7251945094  -22.2363284620
499.5132319208  3.1415926536  0.0000000000  -0.7234641186  -22.1808949316
500.7698689822  3.1415926536  0.0000000000  -0.7217418902  -22.1257358027
502.0265060436  3.1415926536  0.0000000000  -0.7200277672  -22.0708490528
503.2831431051  3.1415926536  0.0000000000  -0.7183216931  -22.0162326790
504.5397801665  3.1415926536  0.0000000000  -0.7166236120  -21.9618846979
505.7964172280  3.1415926536  0.0000000000  -0.7149334683  -21.9078031453
507.0530542894  3.1415926536  0.0000000000  -0.7132512071  -21.8539860761
508.3096913508  3.1415926536  0.0000000000  -0.7115767740  -21.8004315641
509.5663284123  3.1415926536  0.0000000000  -0.7099101150  -21.7471377014
510.8229654737  3.1415926536  0.0000000000  -0.7082511766  -21.6941025987
512.0796025351  3.1415926536  0.0000000000  -0.7065999059  -21.6413243847
513.3362395966  3.1415926536  0.0000000000  -0.7049562502  -21.5888012061
514.5928766580  3.1415926536  0.0000000000  -0.7033201576  -21.5365312272
515.8495137194  3.1415926536  0.0000000000  -0.7016915766  -21.4845126299
517.1061507809  3.1415926536  0.0000000000  -0.7000704559  -21.4327436131
518.3627878423  3.1415926536  0.0000000000  -0.6984567449  -21.3812223933
519.6194249038  3.1415926536  0.0000000000  -0.6968503935  -21.3299472033
520.8760619652  3.1415926536  0.0000000000  -0.6952513519  -21.2789162931
522.1326990266  3.1415926536  0.0000000000  -0.6936595707  -21.2281279288
523.3893360881  3.1415926536  0.0000000000  -0.6920750012  -21.1775803930
524.6459731495  3.1415926536  0.0000000000  -0.6904975948  -21.1272719842
525.9026102109  3.1415926536  0.0000000000  -0.6889273036  -21.0772010171
527.1592472724  3.1415926536  0.0000000000  -0.6873640800  -21.0273658220
528.4158843338  3.1415926536  0.0000000000  -0.6858078767  -20.9777647446
529.6725213952  3.1415926536  0.0000000000  -0.6842586471  -20.9283961462
530.9291584567  3.1415926536  0.0000000000  -0.6827163448  -20.8792584032
532.1857955181  3.1415926536  0.0000000000  -0.6811809238  -20.8303499070
533.4424325795  3.1415926536  0.0000000000  -0.6796523387  -20.7816690637
534.6990696410  3.1415926536  0.0000000000  -0.6781305443  -20.7332142944
535.9557067024  3.1415926536  0.0000000000  -0.6766154957  -20.6849840345
537.2123437639  3.1415926536  0.0000000000  -0.6751071488  -20.6369767338
538.4689808253  3.1415926536  0.0000000000  -0.6736054595  -20.5891908561
539.7256178867  3.1415926536  0.0000000000  -0.6721103841  -20.5416248795
540.9822549482  3.1415926536  0.0000000000  -0.6706218796  -20.4942772959
542.2388920096  3.1415926536  0.0000000000  -0.6691399029  -20.4471466106
543.4955290710  3.1415926536  0.0000000000  -0.6676644117  -20.4002313428
544.7521661325  3.1415926536  0.0000000000  -0.6661953639  -20.3535300250
546.0088031939  3.1415926536  0.0000000000  -0.6647327176  -20.3070412029
547.2654402553  3.1415926536  0.0000000000  -0.6632764316  -20.2607634352
548.5220773168  3.1415926536  0.0000000000  -0.6618264646  -20.2146952938
549.7787143782  3.1415926536  0.0000000000  -0.6603827761  -20.1688353632
551.0353514396  3.1415926536  0.0000000000  -0.6589453257  -20.1231822405
552.2919885011  3.1415926536  0.0000000000  -0.6575140734  -20.0777345357
553.5486255625  3.1415926536  0.0000000000  -0.6560889794  -20.0324908707
554.8052626240  3.1415926536  0.0000000000  -0.6546700046  -19.9874498800
556.0618996854  3.1415926536  0.0000000000  -0.6532571098  -19.9426102101
557.3185367468  3.1415926536  0.0000000000  -0.6518502563  -19.8979705193
558.5751738083  3.1415926536  0.0000000000  -0.6504494060  -19.8535294780
559.8318108697  3.1415926536  0.0000000000  -0.6490545206  -19.8092857683
561.0884479311  3.1415926536  0.0000000000  -0.6476655625  -19.7652380836
562.3450849926  3.1415926536  0.0000000000  -0.6462824942  -19.7213851292
563.6017220540  3.1415926536  0.0000000000  -0.6449052788  -19.6777256214
564.8583591154  3.1415926536  0.0000000000  -0.6435338794  -19.6342582878
566.1149961769  3.1415926536  0.0000000000  -0.6421682595  -19.5909818671
567.3716332383  3.1415926536  0.0000000000  -0.6408083830  -19.5478951090
568.6282702998  3.1415926536  0.0000000000  -0.6394542139  -19.5049967741
569.8849073612  3.1415926536  0.0000000000  -0.6381057168  -19.4622856335
571.1415444226  3.1415926536  0.0000000000  -0.6367628563  -19.4197604692
572.3981814841  3.1415926536  0.0000000000  -0.6354255973  -19.3774200736
573.6548185455  3.1415926536  0.0000000000  -0.6340939053  -19.3352632495
574.9114556069  3.1415926536  0.0000000000  -0.6327677458  -19.2932888099
576.1680926684  3.1415926536  0.0000000000  -0.6314470846  -19.2514955780
577.4247297298  3.1415926536  0.0000000000  -0.6301318878  -19.2098823872
578.6813667912  3.1415926536  0.0000000000  -0.6288221219  -19.1684480808
579.9380038527  3.1415926536  0.0000000000  -0.6275177536  -19.1271915118
581.1946409141  3.1415926536  0.0000000000  -0.6262187497  -19.0861115430
582.4512779755  3.1415926536  0.0000000000  -0.6249250776  -19.0452070471
583.7079150370  3.1415926536  0.0000000000  -0.6236367046  -19.0044769060
584.9645520984  3.1415926536  0.0000000000  -0.6223535986  -18.9639200113
586.2211891599  3.1415926536  0.0000000000  -0.6210757275  -18.9235352637
587.4778262213  3.1415926536  0.0000000000  -0.6198030596  -18.8833215733
588.7344632827  3.1415926536  0.0000000000  -0.6185355633  -18.8432778594
589.9911003442  3.1415926536  0.0000000000  -0.6172732076  -18.8034030503
591.2477374056  3.1415926536  0.0000000000  -0.6160159613  -18.7636960831
592.5043744670  3.1415926536  0.0000000000  -0.6147637937  -18.7241559040
593.7610115285  3.1415926536  0.0000000000  -0.6135166744  -18.6847814679
595.0176485899  3.1415926536  0.0000000000  -0.6122745731  -18.6455717383
596.2742856513  3.1415926536  0.0000000000  -0.6110374597  -18.6065256873
597.5309227128  3.1415926536  0.0000000000  -0.6098053045  -18.5676422957
598.7875597742  3.1415926536  0.0000000000  -0.6085780779  -18.5289205525
600.0441968357  3.1415926536  0.0000000000  -0.6073557507  -18.4903594552
601.3008338971  3.1415926536  0.0000000000  -0.6061382937  -18.4519580093
602.5574709585  3.1415926536  0.0000000000  -0.6049256781  -18.4137152286
603.8141080200  3.1415926536  0.0000000000  -0.6037178752  -18.3756301352
605.0707450814  3.1415926536  0.0000000000  -0.6025148568  -18.3377017588
606.3273821428  3.1415926536  0.0000000000  -0.6013165944  -18.2999291374
607.5840192043  3.1415926536  0.0000000000  -0.6001230604  -18.2623113164
608.8406562657  3.1415926536  0.0000000000  -0.5989342267  -18.2248473493
610.0972933271  3.1415926536  0.0000000000  -0.5977500661  -18.1875362972
611.3539303886  3.1415926536  0.0000000000  -0.5965705510  -18.1503772288
612.6105674500  3.1415926536  0.0000000000  -0.5953956544  -18.1133692201
613.8672045114  3.1415926536  0.0000000000  -0.5942253495  -18.0765113550
615.1238415729  3.1415926536  0.0000000000  -0.5930596094  -18.0398027244
616.3804786343  3.1415926536  0.0000000000  -0.5918984078  -18.0032424265
617.6371156958  3.1415926536  0.0000000000  -0.5907417184  -17.9668295670
618.8937527572  3.1415926536  0.0000000000  -0.5895895150  -17.9305632586
620.1503898186  3.1415926536  0.0000000000  -0.5884417718  -17.8944426209
621.4070268801  3.1415926536  0.0000000000  -0.5872984631  -17.8584667809
622.6636639415  3.1415926536  0.0000000000  -0.5861595634  -17.8226348721
623.9203010029  3.1415926536  0.0000000000  -0.5850250475  -17.7869460353
625.1769380644  3.1415926536  0.0000000000  -0.5838948901  -17.7513994179
626.4335751258  3.1415926536  0.0000000000  -0.5827690664  -17.7159941739
627.6902121872  3.1415926536  0.0000000000  -0.5816475517  -17.6807294643
628.9468492487  3.1415926536  0.0000000000  0.0000000000  0.0000000000
-627.6902121872  3.1415926536  3.1415926536  0.0000000000  0.0000000000
-626.4335751258  3.1415926536  3.1415926536  0.0000000000  0.0000000000
-625.1769380644  3.1415926536  3.1415926536  0.0000000000  0.0000000000
-623.9203010029  3.1415926536  3.1415926536  0.0000000000  0.0000000000
-622.6636639415  3.1415926536  3.1415926536  0.0000000000  0.0000000000
-621.4070268801  3.1415926536  3.1415926536  0.0000000000  0.0000000000
-620.1503898186  3.1415926536  3.1415926536  0.0000000000  0.0000000000
-618.8937527572  3.1415926536  3.1415926536  0.0000000000  0.0000000000
-617.6371156958  3.1415926536  3.1415926536  0.0000000000  0.0000000000
-616.3804786343  3.1415926536  3.1415926536  0.0000000000  0.0000000000
-615.1238415729  3.1415926536  3.1415926536  0.0000000000  0.0000000000
-613.8672045114  3.1415926536  3.1415926536  0.0000000000  0.0000000000
-612.6105674500  3.1415926536  3.1415926536  0.0000000000  0.0000000000
-611.3539303886  3.1415926536  3.1415926536  0.0000000000  0.0000000000
-610.0972933271  3.1415926536  3.1415926536  0.0000000000  0.0000000000
-608.8406562657  3.1415926536  3.1415926536  0.0000000000  0.0000000000
-607.5840192043  3.1415926536  3.1415926536  0.0000000000  0.0000000000
-606.3273821428  3.1415926536  3.1415926536  0.0000000000  0.0000000000
-605.0707450814  3.1415926536  3.1415926536  0.0000000000  0.0000000000
-603.8141080200  3.1415926536  3.1415926536  0.0000000000  0.0000000000
-602.5574709585  3.1415926536  3.1415926536  0.0000000000  0.0000000000
-601.3008338971  3.1415926536  3.1415926536  0.0000000000  0.0000000000
-600.0441968357  3.1415926536  3.1415926536  0.0000000000  0.0000000000
-598.7875597742  3.1415926536  3.1415926536  0.0000000000  0.0000000000
-597.5309227128  3.1415926536  3.1415926536  0.0000000000  0.0000000000
-596.2742856513  3.1415926536  3.1415926536  0.0000000000  0.0000000000
-595.0176485899  3.1415926536  3.1415926536  0.0000000000  0.0000000000
-593.7610115285  3.1415926536  3.1415926536  0.0000000000  0.0000000000
-592.5043744670  3.1415926536  3.1415926536  0.0000000000  0.0000000000
-591.2477374056  3.1415926536  3.1415926536  0.0000000000  0.0000000000
-589.9911003442  3.1415926536  3.1415926536  0.0000000000  0.0000000000
-588.7344632827  3.1415926536  3.1415926536  0.0000000000  0.0000000000
-587.4778262213  3.1415926536  3.1415926536  0.0000000000  0.0000000000
-586.2211891599  3.1415926536  3.1415926536  0.0000000000  0.0000000000
-584.9645520984  3.1415926536  3.1415926536  0.0000000000  0.0000000000
-583.7079150370  3.1415926536  3.1415926536  0.0000000000  0.0000000000
-582.4512779755  3.1415926536  3.1415926536  0.0000000000  0.0000000000
-581.1946409141  3.1415926536  3.1415926536  0.0000000000  0.0000000000
-579.9380038527  3.1415926536  3.1415926536  0.0000000000  0.0000000000
-578.6813667912  3.1415926536  3.1415926536  0.0000000000  0.0000000000
-577.4247297298  3.1415926536  3.1415926536  0.0000000000  0.0000000000
-576.1680926684  3.1415926536  3.1415926536  0.0000000000  0.0000000000
-574.9114556069  3.1415926536  3.1415926536  0.0000000000  0.0000000000
-573.6548185455  3.1415926536  3.1415926536  0.0000000000  0.0000000000
-572.3981814841  3.1415926536  3.1415926536  0.0000000000  0.0000000000
-571.1415444226  3.1415926536  3.1415926536  0.0000000000  0.0000000000
-569.8849073612  3.1415926536  3.1415926536  0.0000000000  0.0000000000
-568.6282702998  3.1415926536  3.1415926536  0.0000000000  0.0000000000
-567.3716332383  3.1415926536  3.1415926536  0.0000000000  0.0000000000
-566.1149961769  3.1415926536  3.1415926536  0.0000000000  0.0000000000
-564.8583591154  3.1415926536  3.1415926536  0.0000000000  0.0000000000
-563.6017220540  3.1415926536  3.1415926536  0.0000000000  0.0000000000
-562.3450849926  3.1415926536  3.1415926536  0.0000000000  0.0000000000
-561.0884479311  3.1415926536  3.1415926536  0.0000000000  0.0000000000
-559.8318108697  3.1415926536  3.1415926536  0.0000000000  0.0000000000
-558.5751738083  3.1415926536  3.1415926536  0.0000000000  0.0000000000
-557.3185367468  3.1415926536  3.1415926536  0.0000000000  0.0000000000
-556.0618996854  3.1415926536  3.1415926536  0.0000000000  0.0000000000
-554.8052626240  3.1415926536  3.1415926536  0.0000000000  0.0000000000
-553.5486255625  3.1415926536  3.1415926536  0.0000000000  0.0000000000
-552.2919885011  3.1415926536  3.1415926536  0.0000000000  0.0000000000
-551.0353514396  3.1415926536  3.1415926536  0.0000000000  0.0000000000
-549.7787143782  3.1415926536  3.1415926536  0.0000000000  0.0000000000
-548.5220773168  3.1415926536  3.1415926536  0.0000000000  0.0000000000
-547.2654402553  3.1415926536  3.1415926536  0.0000000000  0.0000000000
-546.0088031939  3.1415926536  3.1415926536  0.0000000000  0.0000000000
-544.7521661325  3.1415926536  3.1415926536  0.0000000000  0.0000000000
-543.4955290710  3.1415926536  3.1415926536  0.0000000000  0.0000000000
-542.2388920096  3.1415926536  3.1415926536  0.0000000000  0.0000000000
-540.9822549482  3.1415926536  3.1415926536  0.0000000000  0.0000000000
-539.7256178867  3.1415926536  3.1415926536  0.0000000000  0.0000000000
-538.4689808253  3.1415926536  3.1415926536  0.0000000000  0.0000000000
-537.2123437639  3.1415926536  3.1415926536  0.0000000000  0.0000000000
-535.9557067024  3.1415926536  3.1415926536  0.0000000000  0.0000000000
-534.6990696410  3.1415926536  3.1415926536  0.0000000000  0.0000000000
-533.4424325795  3.1415926536  3.1415926536  0.0000000000  0.0000000000
-532.1857955181  3.1415926536  3.1415926536  0.0000000000  0.0000000000
-530.9291584567  3.1415926536  3.1415926536  0.0000000000  0.0000000000
-529.6725213952  3.1415926536  3.1415926536  0.0000000000  0.0000000000
-528.4158843338  3.1415926536  3.1415926536  0.0000000000  0.0000000000
-527.1592472724  3.1415926536  3.1415926536  0.0000000000  0.0000000000
-525.9026102109  3.1415926536  3.1415926536  0.0000000000  0.0000000000
-524.6459731495  3.1415926536  3.1415926536  0.0000000000  0.0000000000
-523.3893360881  3.1415926536  3.1415926536  0.0000000000  0.0000000000
-522.1326990266  3.1415926536  3.1415926536  0.0000000000  0.0000000000
-520.8760619652  3.1415926536  3.1415926536  0.0000000000  0.0000000000
-519.6194249038  3.1415926536  3.1415926536  0.0000000000  0.0000000000
-518.3627878423  3.1415926536  3.1415926536  0.0000000000  0.0000000000
-517.1061507809  3.1415926536  3.1415926536  0.0000000000  0.0000000000
-515.8495137194  3.1415926536  3.1415926536  0.0000000000  0.0000000000
-514.5928766580  3.1415926536  3.1415926536  0.0000000000  0.0000000000
-513.3362395966  3.1415926536  3.1415926536  0.0000000000  0.0000000000
-512.0796025351  3.1415926536  3.1415926536  0.0000000000  0.0000000000
-510.8229654737  3.1415926536  3.1415926536  0.0000000000  0.0000000000
-509.5663284123  3.1415926536  3.1415926536  0.0000000000  0.0000000000
-508.3096913508  3.1415926536  3.1415926536  0.0000000000  0.0000000000
-507.0530542894  3.1415926536  3.1415926536  0.0000000000  0.0000000000
-505.7964172280  3.1415926536  3.1415926536  0.0000000000  0.0000000000
-504.5397801665  3.1415926536  3.1415926536  0.0000000000  0.0000000000
-503.2831431051  3.1415926536  3.1415926536  0.0000000000  0.0000000000
-502.0265060436  3.1415926536  3.1415926536  0.0000000000  0.0000000000
-500.7698689822  3.1415926536  3.1415926536  0.0000000000  0.0000000000
-499.5132319208  3.1415926536  3.1415926536  0.0000000000  0.0000000000
-498.2565948593  3.1415926536  3.1415926536  0.0000000000  0.0000000000
-496.9999577979  3.1415926536  3.1415926536  0.0000000000  0.0000000000
-495.7433207365  3.1415926536  3.1415926536  0.0000000000  0.0000000000
-494.4866836750  3.1415926536  3.1415926536  0.0000000000  0.0000000000
-493.2300466136  3.1415926536  3.1415926536  0.0000000000  0.0000000000
-491.9734095522  3.1415926536  3.1415926536  0.0000000000  0.0000000000
-490.7167724907  3.1415926536  3.1415926536  0.0000000000  0.0000000000
-489.4601354293  3.1415926536  3.1415926536  0.0000000000  0.0000000000
-488.2034983679  3.1415926536  3.1415926536  0.0000000000  0.0000000000
-486.9468613064  3.1415926536  3.1415926536  0.0000000000  0.0000000000
-485.6902242450  3.1415926536  3.1415926536  0.0000000000  0.0000000000
-484.4335871835  3.1415926536  3.1415926536  0.0000000000  0.0000000000
-483.1769501221  3.1415926536  3.1415926536  0.0000000000  0.0000000000
-481.9203130607  3.1415926536  3.1415926536  0.0000000000  0.0000000000
-480.6636759992  3.1415926536  3.1415926536  0.0000000000  0.0000000000
-479.4070389378  3.1415926536  3.1415926536  0.0000000000  0.0000000000
-478.1504018764  3.1415926536  3.1415926536  0.0000000000  0.0000000000
-476.8937648149  3.1415926536  3.1415926536  0.0000000000  0.0000000000
-475.6371277535  3.1415926536  3.1415926536  0.0000000000  0.0000000000
-474.3804906921  3.1415926536  3.1415926536  0.0000000000  0.0000000000
-473.1238536306  3.1415926536  3.1415926536  0.0000000000  0.0000000000
-471.8672165692  3.1415926536  3.1415926536  0.0000000000  0.0000000000
-470.6105795078  3.1415926536  3.1415926536  0.0000000000  0.0000000000
-469.3539424463  3.1415926536  3.1415926536  0.0000000000  0.0000000000
-468.0973053849  3.1415926536  3.1415926536  0.0000000000  0.0000000000
-466.8406683234  3.1415926536  3.1415926536  0.0000000000  0.0000000000
-465.5840312620  3.1415926536  3.1415926536  0.0000000000  0.0000000000
-464.3273942006  3.1415926536  3.1415926536  0.0000000000  0.0000000000
-463.0707571391  3.1415926536  3.1415926536  0.0000000000  0.0000000000
-461.8141200777  3.1415926536  3.1415926536  0.0000000000  0.0000000000
-460.5574830163  3.1415926536  3.1415926536  0.0000000000  0.0000000000
-459.3008459548  3.1415926536  3.1415926536  0.0000000000  0.0000000000
-458.0442088934  3.1415926536  3.1415926536  0.0000000000  0.0000000000
-456.7875718320  3.1415926536  3.1415926536  0.0000000000  0.0000000000
-455.5309347705  3.1415926536  3.1415926536  0.0000000000  0.0000000000
-454.2742977091  3.1415926536  3.1415926536  0.0000000000  0.0000000000
-453.0176606476  3.1415926536  3.1415926536  0.0000000000  0.0000000000
-451.7610235862  3.1415926536  3.1415926536  0.0000000000  0.0000000000
-450.5043865248  3.1415926536  3.1415926536  0.0000000000  0.0000000000
-449.2477494633  3.1415926536  3.1415926536  0.0000000000  0.0000000000
-447.9911124019  3.1415926536  3.1415926536  0.0000000000  0.0000000000
-446.7344753405  3.1415926536  3.1415926536  0.0000000000  0.0000000000
-445.4778382790  3.1415926536  3.1415926536  0.0000000000  0.0000000000
-444.2212012176  3.1415926536  3.1415926536  0.0000000000  0.0000000000
-442.9645641562  3.1415926536  3.1415926536  0.0000000000  0.0000000000
-441.7079270947  3.1415926536  3.1415926536  0.0000000000  0.0000000000
-440.4512900333  3.1415926536  3.1415926536  0.0000000000  0.0000000000
-439.1946529719  3.1415926536  3.1415926536  0.0000000000  0.0000000000
-437.9380159104  3.1415926536  3.1415926536  0.0000000000  0.0000000000
-436.6813788490  3.1415926536  3.1415926536  0.0000000000  0.0000000000
-435.4247417875  3.1415926536  3.1415926536  0.0000000000  0.0000000000
-434.1681047261  3.1415926536  3.1415926536  0.0000000000  0.0000000000
-432.9114676647  3.1415926536  3.1415926536  0.0000000000  0.0000000000
-431.6548306032  3.1415926536  3.1415926536  0.0000000000  0.0000000000
-430.3981935418  3.1415926536  3.1415926536  0.0000000000  0.0000000000
-429.1415564804  3.1415926536  3.1415926536  0.0000000000  0.0000000000
-427.8849194189  3.1415926536  3.1415926536  0.0000000000  0.0000000000
-426.6282823575  3.1415926536  3.1415926536  0.0000000000  0.0000000000
-425.3716452961  3.1415926536  3.1415926536  0.0000000000  0.0000000000
-424.1150082346  3.1415926536  3.1415926536  0.0000000000  0.0000000000
-422.8583711732  3.1415926536  3.1415926536  0.0000000000  0.0000000000
-421.6017341118  3.1415926536  3.1415926536  0.0000000000  0.0000000000
-420.3450970503  3.1415926536  3.1415926536  0.0000000000  0.0000000000
-419.0884599889  3.1415926536  3.1415926536  0.0000000000  0.0000000000
-417.8318229274  3.1415926536  3.1415926536  0.0000000000  0.0000000000
-416.5751858660  3.1415926536  3.1415926536  0.0000000000  0.0000000000
-415.3185488046  3.1415926536  3.1415926536  0.0000000000  0.0000000000
-414.0619117431  3.1415926536  3.1415926536  0.0000000000  0.0000000000
-412.8052746817  3.1415926536  3.1415926536  0.0000000000  0.0000000000
-411.5486376203  3.1415926536  3.1415926536  0.0000000000  0.0000000000
-410.2920005588  3.1415926536  3.1415926536  0.0000000000  0.0000000000
-409.0353634974  3.1415926536  3.1415926536  0.0000000000  0.0000000000
-407.7787264360  3.1415926536  3.1415926536  0.0000000000  0.0000000000
-406.5220893745  3.1415926536  3.1415926536  0.0000000000  0.0000000000
-405.2654523131  3.1415926536  3.1415926536  0.0000000000  0.0000000000
-404.0088152516  3.1415926536  3.1415926536  0.0000000000  0.0000000000
-402.7521781902  3.1415926536  3.1415926536  0.0000000000  0.0000000000
-401.4955411288  3.1415926536  3.1415926536  0.0000000000  0.0000000000
-400.2389040673  3.1415926536  3.1415926536  0.0000000000  0.0000000000
-398.9822670059  3.1415926536  3.1415926536  0.0000000000  0.0000000000
-397.7256299445  3.1415926536  3.1415926536  0.0000000000  0.0000000000
-396.4689928830  3.1415926536  3.1415926536  0.0000000000  0.0000000000
-395.2123558216  3.1415926536  3.1415926536  0.0000000000  0.0000000000
-393.9557187602  3.1415926536  3.1415926536  0.0000000000  0.0000000000
-392.6990816987  3.1415926536  3.1415926536  0.0000000000  0.0000000000
-391.4424446373  3.1415926536  3.1415926536  0.0000000000  0.0000000000
-390.1858075759  3.1415926536  3.1415926536  0.0000000000  0.0000000000
-388.9291705144  3.1415926536  3.1415926536  0.0000000000  0.0000000000
-387.6725334530  3.1415926536  3.1415926536  0.0000000000  0.0000000000
-386.4158963915  3.1415926536  3.1415926536  0.0000000000  0.0000000000
-385.1592593301  3.1415926536  3.1415926536  0.0000000000  0.0000000000
-383.9026222687  3.1415926536  3.1415926536  0.0000000000  0.0000000000
-382.6459852072  3.1415926536  3.1415926536  0.0000000000  0.0000000000
-381.3893481458  3.1415926536  3.1415926536  0.0000000000  0.0000000000
-380.1327110844  3.1415926536  3.1415926536  0.0000000000  0.0000000000
-378.8760740229  3.1415926536  3.1415926536  0.0000000000  0.0000000000
-377.6194369615  3.1415926536  3.1415926536  0.0000000000  0.0000000000
-376.3627999001  3.1415926536  3.1415926536  0.0000000000  0.0000000000
-375.1061628386  3.1415926536  3.1415926536  0.0000000000  0.0000000000
-373.8495257772  3.1415926536  3.1415926536  0.0000000000  0.0000000000
-372.5928887157  3.1415926536  3.1415926536  0.0000000000  0.0000000000
-371.3362516543  3.1415926536  3.1415926536  0.0000000000  0.0000000000
-370.0796145929  3.1415926536  3.1415926536  0.0000000000  0.0000000000
-368.8229775314  3.1415926536  3.1415926536  0.0000000000  0.0000000000
-367.5663404700  3.1415926536  3.1415926536  0.0000000000  0.0000000000
-366.3097034086  3.1415926536  3.1415926536  0.0000000000  0.0000000000
-365.0530663471  3.1415926536  3.1415926536  0.0000000000  0.0000000000
-363.7964292857  3.1415926536  3.1415926536  0.0000000000  0.0000000000
-362.5397922243  3.1415926536  3.1415926536  0.0000000000  0.0000000000
-361.2831551628  3.1415926536  3.1415926536  0.0000000000  0.0000000000
-360.0265181014  3.1415926536  3.1415926536  0.0000000000  0.0000000000
-358.7698810400  3.1415926536  3.1415926536  0.0000000000  0.0000000000
-357.5132439785  3.1415926536  3.1415926536  0.0000000000  0.0000000000
-356.2566069171  3.1415926536  3.1415926536  0.0000000000  0.0000000000
-354.9999698556  3.1415926536  3.1415926536  0.0000000000  0.0000000000
-353.7433327942  3.1415926536  3.1415926536  0.0000000000  0.0000000000
-352.4866957328  3.1415926536  3.1415926536  0.0000000000  0.0000000000
-351.2300586713  3.1415926536  3.1415926536  0.0000000000  0.0000000000
-349.9734216099  3.1415926536  3.1415926536  0.0000000000  0.0000000000
-348.7167845485  3.1415926536  3.1415926536  0.0000000000  0.0000000000
-347.4601474870  3.1415926536  3.1415926536  0.0000000000  0.0000000000
-346.2035104256  3.1415926536  3.1415926536  0.0000000000  0.0000000000
-344.9468733642  3.1415926536  3.1415926536  0.0000000000  0.0000000000
-343.6902363027  3.1415926536  3.1415926536  0.0000000000  0.0000000000
-342.4335992413  3.1415926536  3.1415926536  0.0000000000  0.0000000000
-341.1769621799  3.1415926536  3.1415926536  0.0000000000  0.0000000000
-339.9203251184  3.1415926536  3.1415926536  0.0000000000  0.0000000000
-338.6636880570  3.1415926536  3.1415926536  0.0000000000  0.0000000000
-337.4070509955  3.1415926536  3.1415926536  0.0000000000  0.0000000000
-336.1504139341  3.1415926536  3.1415926536  0.0000000000  0.0000000000
-334.8937768727  3.1415926536  3.1415926536  0.0000000000  0.0000000000
-333.6371398112  3.1415926536  3.1415926536  0.0000000000  0.0000000000
-332.3805027498  3.1415926536  3.1415926536  0.0000000000  0.0000000000
-331.1238656884  3.1415926536  3.1415926536  0.0000000000  0.0000000000
-329.8672286269  3.1415926536  3.1415926536  0.0000000000  0.0000000000
-328.6105915655  3.1415926536  3.1415926536  0.0000000000  0.0000000000
-327.3539545041  3.1415926536  3.1415926536  0.0000000000  0.0000000000
-326.0973174426  3.1415926536  3.1415926536  0.0000000000  0.0000000000
-324.8406803812  3.1415926536  3.1415926536  0.0000000000  0.0000000000
-323.5840433197  3.1415926536  3.1415926536  0.0000000000  0.0000000000
-322.3274062583  3.1415926536  3.1415926536  0.0000000000  0.0000000000
-321.0707691969  3.1415926536  3.1415926536  0.0000000000  0.0000000000
-319.8141321354  3.1415926536  3.1415926536  0.0000000000  0.0000000000
-318.5574950740  3.1415926536  3.1415926536  0.0000000000  0.0000000000
-317.3008580126  3.1415926536  3.1415926536  0.0000000000  0.0000000000
-316.0442209511  3.1415926536  3.1415926536  0.0000000000  0.0000000000
-314.7875838897  3.1415926536  3.1415926536  0.0000000000  0.0000000000
-313.5309468283  3.1415926536  3.1415926536  0.0000000000  0.0000000000
-312.2743097668  3.1415926536  3.1415926536  0.0000000000  0.0000000000
-311.0176727054  3.1415926536  3.1415926536  0.0000000000  0.0000000000
-309.7610356440  3.1415926536  3.1415926536  0.0000000000  0.0000000000
-308.5043985825  3.1415926536  3.1415926536  0.0000000000  0.0000000000
-307.2477615211  3.1415926536  3.1415926536  0.0000000000  0.0000000000
-305.9911244596  3.1415926536  3.1415926536  0.0000000000  0.0000000000
-304.7344873982  3.1415926536  3.1415926536  0.0000000000  0.0000000000
-303.4778503368  3.1415926536  3.1415926536  0.0000000000  0.0000000000
-302.2212132753  3.1415926536  3.1415926536  0.0000000000  0.0000000000
-300.9645762139  3.1415926536  3.1415926536  0.0000000000  0.0000000000
-299.7079391525  3.1415926536  3.1415926536  0.0000000000  0.0000000000
-298.4513020910  3.1415926536  3.1415926536  0.0000000000  0.0000000000
-297.1946650296  3.1415926536  3.1415926536  0.0000000000  0.0000000000
-295.9380279682  3.1415926536  3.1415926536  0.0000000000  0.0000000000
-294.6813909067  3.1415926536  3.1415926536  0.0000000000  0.0000000000
-293.4247538453  3.1415926536  3.1415926536  0.0000000000  0.0000000000
-292.1681167839  3.1415926536  3.1415926536  0.0000000000  0.0000000000
-290.9114797224  3.1415926536  3.1415926536  0.0000000000  0.0000000000
-289.6548426610  3.1415926536  3.1415926536  0.0000000000  0.0000000000
-288.3982055995  3.1415926536  3.1415926536  0.0000000000  0.0000000000
-287.1415685381  3.1415926536  3.1415926536  0.0000000000  0.0000000000
-285.8849314767  3.1415926536  3.1415926536  0.0000000000  0.0000000000
-284.6282944152  3.1415926536  3.1415926536  0.0000000000  0.0000000000
-283.3716573538  3.1415926536  3.1415926536  0.0000000000  0.0000000000
-282.1150202924  3.1415926536  3.1415926536  0.0000000000  0.0000000000
-280.8583832309  3.1415926536  3.1415926536  0.0000000000  0.0000000000
-279.6017461695  3.1415926536  3.1415926536  0.0000000000  0.0000000000
-278.3451091081  3.1415926536  3.1415926536  0.0000000000  0.0000000000
-277.0884720466  3.1415926536  3.1415926536  0.0000000000  0.0000000000
-275.8318349852  3.1415926536  3.1415926536  0.0000000000  0.0000000000
-274.5751979237  3.1415926536  3.1415926536  0.0000000000  0.0000000000
-273.3185608623  3.1415926536  3.1415926536  0.0000000000  0.0000000000
-272.0619238009  3.1415926536  3.1415926536  0.0000000000  0.0000000000
-270.8052867394  3.1415926536  3.1415926536  0.0000000000  0.0000000000
-269.5486496780  3.1415926536  3.1415926536  0.0000000000  0.0000000000
-268.2920126166  3.1415926536  3.1415926536  0.0000000000  0.0000000000
-267.0353755551  3.1415926536  3.1415926536  0.0000000000  0.0000000000
-265.7787384937  3.1415926536  3.1415926536  0.0000000000  0.0000000000
-264.5221014323  3.1415926536  3.1415926536  0.0000000000  0.0000000000
-263.2654643708  3.1415926536  3.1415926536  0.0000000000  0.0000000000
-262.0088273094  3.1415926536  3.1415926536  0.0000000000  0.0000000000
-260.7521902480  3.1415926536  3.1415926536  0.0000000000  0.0000000000
-259.4955531865  3.1415926536  3.1415926536  0.0000000000  0.0000000000
-258.2389161251  3.1415926536  3.1415926536  0.0000000000  0.0000000000
-256.9822790636  3.1415926536  3.1415926536  0.0000000000  0.0000000000
-255.7256420022  3.1415926536  3.1415926536  0.0000000000  0.0000000000
-254.4690049408  3.1415926536  3.1415926536  0.0000000000  0.0000000000
-253.2123678793  3.1415926536  3.1415926536  0.0000000000  0.0000000000
-251.9557308179  3.1415926536  3.1415926536  0.0000000000  0.0000000000
-250.6990937565  3.1415926536  3.1415926536  0.0000000000  0.0000000000
-249.4424566950  3.1415926536  3.1415926536  0.0000000000  0.0000000000
-248.1858196336  3.1415926536  3.1415926536  0.0000000000  0.0000000000
-246.9291825722  3.1415926536  3.1415926536  0.0000000000  0.0000000000
-245.6725455107  3.1415926536  3.1415926536  0.0000000000  0.0000000000
-244.4159084493  3.1415926536  3.1415926536  0.0000000000  0.0000000000
-243.1592713878  3.1415926536  3.1415926536  0.0000000000  0.0000000000
-241.9026343264  3.1415926536  3.1415926536  0.0000000000  0.0000000000
-240.6459972650  3.1415926536  3.1415926536  0.0000000000  0.0000000000
-239.3893602035  3.1415926536  3.1415926536  0.0000000000  0.0000000000
-238.1327231421  3.1415926536  3.1415926536  0.0000000000  0.0000000000
-236.8760860807  3.1415926536  3.1415926536  0.0000000000  0.0000000000
-235.6194490192  3.1415926536  3.1415926536  0.0000000000  0.0000000000
-234.3628119578  3.1415926536  3.1415926536  0.0000000000  0.0000000000
-233.1061748964  3.1415926536  3.1415926536  0.0000000000  0.0000000000
-231.8495378349  3.1415926536  3.1415926536  0.0000000000  0.0000000000
-230.5929007735  3.1415926536  3.1415926536  0.0000000000  0.0000000000
-229.3362637121  3.1415926536  3.1415926536  0.0000000000  0.0000000000
-228.0796266506  3.1415926536  3.1415926536  0.0000000000  0.0000000000
-226.8229895892  3.1415926536  3.1415926536  0.0000000000  0.0000000000
-225.5663525277  3.1415926536  3.1415926536  0.0000000000  0.0000000000
-224.3097154663  3.1415926536  3.1415926536  0.0000000000  0.0000000000
-223.0530784049  3.1415926536  3.1415926536  0.0000000000  0.0000000000
-221.7964413434  3.1415926536  3.1415926536  0.0000000000  0.0000000000
-220.5398042820  3.1415926536  3.1415926536  0.0000000000  0.0000000000
-219.2831672206  3.1415926536  3.1415926536  0.0000000000  0.0000000000
-218.0265301591  3.1415926536  3.1415926536  0.0000000000  0.0000000000
-216.7698930977  3.1415926536  3.1415926536  0.0000000000  0.0000000000
-215.5132560363  3.1415926536  3.1415926536  0.0000000000  0.0000000000
-214.2566189748  3.1415926536  3.1415926536  0.0000000000  0.0000000000
-212.9999819134  3.1415926536  3.1415926536  0.0000000000  0.0000000000
-211.7433448520  3.1415926536  3.1415926536  0.0000000000  0.0000000000
-210.4867077905  3.1415926536  3.1415926536  0.0000000000  0.0000000000
-209.2300707291  3.1415926536  3.1415926536  0.0000000000  0.0000000000
-207.9734336676  3.1415926536  3.1415926536  0.0000000000  0.0000000000
-206.7167966062  3.1415926536  3.1415926536  0.0000000000  0.0000000000
-205.4601595448  3.1415926536  3.1415926536  0.0000000000  0.0000000000
-204.2035224833  3.1415926536  3.1415926536  0.0000000000  0.0000000000
-202.9468854219  3.1415926536  3.1415926536  0.0000000000  0.0000000000
-201.6902483605  3.1415926536  3.1415926536  0.0000000000  0.0000000000
-200.4336112990  3.1415926536  3.1415926536  0.0000000000  0.0000000000
-199.1769742376  3.1415926536  3.1415926536  0.0000000000  0.0000000000
-197.9203371762  3.1415926536  3.1415926536  0.0000000000  0.0000000000
-196.6637001147  3.1415926536  3.1415926536  0.0000000000  0.0000000000
-195.4070630533  3.1415926536  3.1415926536  0.0000000000  0.0000000000
-194.1504259918  3.1415926536  3.1415926536  0.0000000000  0.0000000000
-192.8937889304  3.1415926536  3.1415926536  0.0000000000  0.0000000000
-191.6371518690  3.1415926536  3.1415926536  0.0000000000  0.0000000000
-190.3805148075  3.1415926536  3.1415926536  0.0000000000  0.0000000000
-189.1238777461  3.1415926536  3.1415926536  0.0000000000  0.0000000000
-187.8672406847  3.1415926536  3.1415926536  0.0000000000  0.0000000000
-186.6106036232  3.1415926536  3.1415926536  0.0000000000  0.0000000000
-185.3539665618  3.1415926536  3.1415926536  0.0000000000  0.0000000000
-184.0973295004  3.1415926536  3.1415926536  0.0000000000  0.0000000000
-182.8406924389  3.1415926536  3.1415926536  0.0000000000  0.0000000000
-181.5840553775  3.1415926536  3.1415926536  0.0000000000  0.0000000000
-180.3274183161  3.1415926536  3.1415926536  0.0000000000  0.0000000000
-179.0707812546  3.1415926536  3.1415926536  0.0000000000  0.0000000000
-177.8141441932  3.1415926536  3.1415926536  0.0000000000  0.0000000000
-176.5575071317  3.1415926536  3.1415926536  0.0000000000  0.0000000000
-175.3008700703  3.1415926536  3.1415926536  0.0000000000  0.0000000000
-174.0442330089  3.1415926536  3.1415926536  0.0000000000  0.0000000000
-172.7875959474  3.1415926536  3.1415926536  0.0000000000  0.0000000000
-171.5309588860  3.1415926536  3.1415926536  0.0000000000  0.0000000000
-170.2743218246  3.1415926536  3.1415926536  0.0000000000  0.0000000000
-169.0176847631  3.1415926536  3.1415926536  0.0000000000  0.0000000000
-167.7610477017  3.1415926536  3.1415926536  0.0000000000  0.0000000000
-166.5044106403  3.1415926536  3.1415926536  0.0000000000  0.0000000000
-165.2477735788  3.1415926536  3.1415926536  0.0000000000  0.0000000000
-163.9911365174  3.1415926536  3.1415926536  0.0000000000  0.0000000000
-162.7344994560  3.1415926536  3.1415926536  0.0000000000  0.0000000000
-161.4778623945  3.1415926536  3.1415926536  0.0000000000  0.0000000000
-160.2212253331  3.1415926536  3.1415926536  0.0000000000  0.0000000000
-158.9645882716  3.1415926536  3.1415926536  0.0000000000  0.0000000000
-157.7079512102  3.1415926536  3.1415926536  0.0000000000  0.0000000000
-156.4513141488  3.1415926536  3.1415926536  0.0000000000  0.0000000000
-155.1946770873  3.1415926536  3.1415926536  0.0000000000  0.0000000000
-153.9380400259  3.1415926536  3.1415926536  0.0000000000  0.0000000000
-152.6814029645  3.1415926536  3.1415926536  0.0000000000  0.0000000000
-151.4247659030  3.1415926536  3.1415926536  0.0000000000  0.0000000000
-150.1681288416  3.1415926536  3.1415926536  0.0000000000  0.0000000000
-148.9114917802  3.1415926536  3.1415926536  0.0000000000  0.0000000000
-147.6548547187  3.1415926536  3.1415926536  0.0000000000  0.0000000000
-146.3982176573  3.1415926536  3.1415926536  0.0000000000  0.0000000000
-145.1415805958  3.1415926536  3.1415926536  0.0000000000  0.0000000000
-143.8849435344  3.1415926536  3.1415926536  0.0000000000  0.0000000000
-142.6283064730  3.1415926536  3.1415926536  0.0000000000  0.0000000000
-141.3716694115  3.1415926536  3.1415926536  0.0000000000  0.0000000000
-140.1150323501  3.1415926536  3.1415926536  0.0000000000  0.0000000000
-138.8583952887  3.1415926536  3.1415926536  0.0000000000  0.0000000000
-137.6017582272  3.1415926536  3.1415926536  0.0000000000  0.0000000000
-136.3451211658  3.1415926536  3.1415926536  0.0000000000  0.0000000000
-135.0884841044  3.1415926536  3.1415926536  0.0000000000  0.0000000000
-133.8318470429  3.1415926536  3.1415926536  0.0000000000  0.0000000000
-132.5752099815  3.1415926536  3.1415926536  0.0000000000  0.0000000000
-131.3185729201  3.1415926536  3.1415926536  0.0000000000  0.0000000000
-130.0619358586  3.1415926536  3.1415926536  0.0000000000  0.0000000000
-128.8052987972  3.1415926536  3.1415926536  0.0000000000  0.0000000000
-127.5486617357  3.1415926536  3.1415926536  0.0000000000  0.0000000000
-126.2920246743  3.1415926536  3.1415926536  0.0000000000  0.0000000000
-125.0353876129  3.1415926536  3.1415926536  0.0000000000  0.0000000000
-123.7787505514  3.1415926536  3.1415926536  0.0000000000  0.0000000000
-122.5221134900  3.1415926536  3.1415926536  0.0000000000  0.0000000000
-121.2654764286  3.1415926536  3.1415926536  0.0000000000  0.0000000000
-120.0088393671  3.1415926536  3.1415926536  0.0000000000  0.0000000000
-118.7522023057  3.1415926536  3.1415926536  0.0000000000  0.0000000000
-117.4955652443  3.1415926536  3.1415926536  0.0000000000  0.0000000000
-116.2389281828  3.1415926536  3.1415926536  0.0000000000  0.0000000000
-114.9822911214  3.1415926536  3.1415926536  0.0000000000  0.0000000000
-113.7256540600  3.1415926536  3.1415926536  0.0000000000  0.0000000000
-112.4690169985  3.1415926536  3.1415926536  0.0000000000  0.0000000000
-111.2123799371  3.1415926536  3.1415926536  0.0000000000  0.0000000000
-109.9557428756  3.1415926536  3.1415926536  0.0000000000  0.0000000000
-108.6991058142  3.1415926536  3.1415926536  0.0000000000  0.0000000000
-107.4424687528  3.1415926536  3.1415926536  0.0000000000  0.0000000000
-106.1858316913  3.1415926536  3.1415926536  0.0000000000  0.0000000000
-104.9291946299  3.1415926536  3.1415926536  0.0000000000  0.0000000000
-103.6725575685  3.1415926536  3.1415926536  0.0000000000  0.0000000000
-102.4159205070  3.1415926536  3.1415926536  0.0000000000  0.0000000000
-101.1592834456  3.1415926536  3.1415926536  0.0000000000  0.0000000000
-99.9026463842  3.1415926536  3.1415926536  0.0000000000  0.0000000000
-98.6460093227  3.1415926536  3.1415926536  0.0000000000  0.0000000000
-97.3893722613  3.1415926536  3.1415926536  0.0000000000  0.0000000000
-96.1327351998  3.1415926536  3.1415926536  0.0000000000  0.0000000000
-94.8760981384  3.1415926536  3.1415926536  0.0000000000  0.0000000000
-93.6194610770  3.1415926536  3.1415926536  0.0000000000  0.0000000000
-92.3628240155  3.1415926536  3.1415926536  0.0000000000  0.0000000000
-91.1061869541  3.1415926536  3.1415926536  0.0000000000  0.0000000000
-89.8495498927  3.1415926536  3.1415926536  0.0000000000  0.0000000000
-88.5929128312  3.1415926536  3.1415926536  0.0000000000  0.0000000000
-87.3362757698  3.1415926536  3.1415926536  0.0000000000  0.0000000000
-86.0796387084  3.1415926536  3.1415926536  0.0000000000  0.0000000000
-84.8230016469  3.1415926536  3.1415926536  0.0000000000  0.0000000000
-83.5663645855  3.1415926536  3.1415926536  0.0000000000  0.0000000000
-82.3097275241  3.1415926536  3.1415926536  0.0000000000  0.0000000000
-81.0530904626  3.1415926536  3.1415926536  0.0000000000  0.0000000000
-79.7964534012  3.1415926536  3.1415926536  0.0000000000  0.0000000000
-78.5398163397  3.1415926536  3.1415926536  0.0000000000  0.0000000000
-77.2831792783  3.1415926536  3.1415926536  0.0000000000  0.0000000000
-76.0265422169  3.1415926536  3.1415926536  0.0000000000  0.0000000000
-74.7699051554  3.1415926536  3.1415926536  0.0000000000  0.0000000000
-73.5132680940  3.1415926536  3.1415926536  0.0000000000  0.0000000000
-72.2566310326  3.1415926536  3.1415926536  0.0000000000  0.0000000000
-70.9999939711  3.1415926536  3.1415926536  0.0000000000  0.0000000000
-69.7433569097  3.1415926536  3.1415926536  0.0000000000  0.0000000000
-68.4867198483  3.1415926536  3.1415926536  0.0000000000  0.0000000000
-67.2300827868  3.1415926536  3.1415926536  0.0000000000  0.0000000000
-65.9734457254  3.1415926536  3.1415926536  0.0000000000  0.0000000000
-64.7168086639  3.1415926536  3.1415926536  0.0000000000  0.0000000000
-63.4601716025  3.1415926536  3.1415926536  0.0000000000  0.0000000000
-62.2035345411  3.1415926536  3.1415926536  0.0000000000  0.0000000000
-60.9468974796  3.1415926536  3.1415926536  0.0000000000  0.0000000000
-59.6902604182  3.1415926536  3.1415926536  0.0000000000  0.0000000000
-58.4336233568  3.1415926536  3.1415926536  0.0000000000  0.0000000000
-57.1769862953  3.1415926536  3.1415926536  0.0000000000  0.0000000000
-55.9203492339  3.1415926536  3.1415926536  0.0000000000  0.0000000000
-54.6637121725  3.1415926536  3.1415926536  0.0000000000  0.0000000000
-53.4070751110  3.1415926536  3.1415926536  0.0000000000  0.0000000000
-52.1504380496  3.1415926536  3.1415926536  0.0000000000  0.0000000000
-50.8938009882  3.1415926536  3.1415926536  0.0000000000  0.0000000000
-49.6371639267  3.1415926536  3.1415926536  0.0000000000  0.0000000000
-48.3805268653  3.1415926536  3.1415926536  0.0000000000  0.0000000000
-47.1238898038  3.1415926536  3.1415926536  0.0000000000  0.0000000000
-45.8672527424  3.1415926536  3.1415926536  0.0000000000  0.0000000000
-44.6106156810  3.1415926536  3.1415926536  0.0000000000  0.0000000000
-43.3539786195  3.1415926536  3.1415926536  0.0000000000  0.0000000000
-42.0973415581  3.1415926536  3.1415926536  0.0000000000  0.0000000000
-40.8407044967  3.1415926536  3.1415926536  0.0000000000  0.0000000000
-39.5840674352  3.1415926536  3.1415926536  0.0000000000  0.0000000000
-38.3274303738  3.1415926536  3.1415926536  0.0000000000  0.0000000000
-37.0707933124  3.1415926536  3.1415926536  0.0000000000  0.0000000000
-35.8141562509  3.1415926536  3.1415926536  0.0000000000  0.0000000000
-34.5575191895  3.1415926536  3.1415926536  0.0000000000  0.0000000000
-33.3008821281  3.1415926536  3.1415926536  0.0000000000  0.0000000000
-32.0442450666  3.1415926536  3.1415926536  0.0000000000  0.0000000000
-30.7876080052  3.1415926536  3.1415926536  0.0000000000  0.0000000000
-29.5309709437  3.1415926536  3.1415926536  0.0000000000  0.0000000000
-28.2743338823  3.1415926536  3.1415926536  0.0000000000  0.0000000000
-27.0176968209  3.1415926536  3.1415926536  0.0000000000  0.0000000000
-25.7610597594  3.1415926536  3.1415926536  0.0000000000  0.0000000000
-24.5044226980  3.1415926536  3.1415926536  0.0000000000  0.0000000000
-23.2477856366  3.1415926536  3.1415926536  0.0000000000  0.0000000000
-21.9911485751  3.1415926536  3.1415926536  0.0000000000  0.0000000000
-20.7345115137  3.1415926536  3.1415926536  0.0000000000  0.0000000000
-19.4778744523  3.1415926536  3.1415926536  0.0000000000  0.0000000000
-18.2212373908  3.1415926536  3.1415926536  0.0000000000  0.0000000000
-16.9646003294  3.1415926536  3.1415926536  0.0000000000  0.0000000000
-15.7079632679  3.1415926536  3.1415926536  0.0000000000  0.0000000000
-14.4513262065  3.1415926536  3.1415926536  0.0000000000  0.0000000000
-13.1946891451  3.1415926536  3.1415926536  0.0000000000  0.0000000000
-11.9380520836  3.1415926536  3.1415926536  0.0000000000  0.0000000000
-10.6814150222  3.1415926536  3.1415926536  0.0000000000  0.0000000000
-9.4247779608  3.1415926536  3.1415926536  0.0000000000  0.0000000000
-8.1681408993  3.1415926536  3.1415926536  0.0000000000  0.0000000000
-6.9115038379  3.1415926536  3.1415926536  0.0000000000  0.0000000000
-5.6548667765  3.1415926536  3.1415926536  0.0000000000  0.0000000000
-4.3982297150  3.1415926536  3.1415926536  0.0000000000  0.0000000000
-3.1415926536  3.1415926536  3.1415926536  0.0000000000  0.0000000000
-1.8849555922  3.1415926536  3.1415926536  0.0000000000  0.0000000000
-0.6283185307  3.1415926536  3.1415926536  0.0000000000  0.0000000000
0.6283185307  3.1415926536  3.1415926536  1415.0794454874  4875.0521884361
1.8849555922  3.1415926536  3.1415926536  1732.5876314486  -634.8507841691
3.1415926536  3.1415926536  3.1415926536  -654.7873210446  1420.8555889413
4.3982297150  3.1415926536  3.1415926536  -570.8849921422  878.9630056618
5.6548667765  3.1415926536  3.1415926536  -208.3974409930  -841.8256486505
6.9115038379  3.1415926536  3.1415926536  217.2511366762  -2078.0245878305
8.1681408993  3.1415926536  3.1415926536  142.2634563069  -827.5476965266
9.4247779608  3.1415926536  3.1415926536  -42.0335570695  348.9749898748
10.6814150222  3.1415926536  3.1415926536  -125.8010300589  703.5087457504
11.9380520836  3.1415926536  3.1415926536  -101.7268776444  490.6799268452
13.1946891451  3.1415926536  3.1415926536  -19.0166729359  73.8198104857
14.4513262065  3.1415926536  3.1415926536  80.2530188733  -325.2316715259
15.7079632679  3.1415926536  3.1415926536  172.4305679682  -616.1102914431
16.9646003294  3.1415926536  3.1415926536  247.7312402402  -783.5713017208
18.2212373908  3.1415926536  3.1415926536  304.1749644175  -844.9785810744
19.4778744523  3.1415926536  3.1415926536  343.4005736319  -827.0223328476
20.7345115137  3.1415926536  3.1415926536  368.3283712582  -755.2556019255
21.9911485751  3.1415926536  3.1415926536  382.0216304183  -650.4487748196
23.2477856366  3.1415926536  3.1415926536  387.2107784604  -528.0716678232
24.5044226980  3.1415926536  3.1415926536  386.1483944193  -398.9815692079
25.7610597594  3.1415926536  3.1415926536  380.6134691847  -270.4242261886
27.0176968209  3.1415926536  3.1415926536  371.9730949085  -146.9819887943
28.2743338823  3.1415926536  3.1415926536  361.2583617995  -31.3504689181
29.5309709437  3.1415926536  3.1415926536  349.2360091420  75.0696199982
30.7876080052  3.1415926536  3.1415926536  336.4693375689  171.7403699008
32.0442450666  3.1415926536  3.1415926536  323.3672976008  258.6801481097
33.3008821281  3.1415926536  3.1415926536  310.2228607497  336.2508166817
34.5575191895  3.1415926536  3.1415926536  297.2424638835  405.0127793857
35.8141562509  3.1415926536  3.1415926536  284.5683438618  465.6280750179
37.0707933124  3.1415926536  3.1415926536  272.2953547070  518.7969792933
38.3274303738  3.1415926536  3.1415926536  260.4835698166  565.2176794490
39.5840674352  3.1415926536  3.1415926536  249.1676952744  605.5616484622
40.8407044967  3.1415926536  3.1415926536  238.3640847878  640.4595682016
42.0973415581  3.1415926536  3.1415926536  228.0759571260  670.4942360243
43.3539786195  3.1415926536  3.1415926536  218.2972690585  696.1980055739
44.6106156810  3.1415926536  3.1415926536  209.0155836106  718.0530925361
45.8672527424  3.1415926536  3.1415926536  200.2141879006  736.4936176336
47.1238898038  3.1415926536  3.1415926536  191.8736505477  751.9086327305
48.3805268653  3.1415926536  3.1415926536  183.9729606055  764.6456329047
49.6371639267  3.1415926536  3.1415926536  176.4903540892  775.0142329226
50.8938009882  3.1415926536  3.1415926536  169.4039074446  783.2898057020
52.1504380496  3.1415926536  3.1415926536  162.6919573413  789.7169608701
53.4070751110  3.1415926536  3.1415926536  156.3333912921  794.5127951376
54.6637121725  3.1415926536  3.1415926536  150.3078424674  797.8698815661
55.9203492339  3.1415926536  3.1415926536  144.5958137432  799.9589875400
57.1769862953  3.1415926536  3.1415926536  139.1787497809  800.9315256323
58.4336233568  3.1415926536  3.1415926536  134.0390712434  800.9217500378
59.6902604182  3.1415926536  3.1415926536  129.1601817310  800.0487160163
60.9468974796  3.1415926536  3.1415926536  124.5264553643  798.4180219453
62.2035345411  3.1415926536  3.1415926536  120.1232109399  796.1233543102
63.4601716025  3.1415926536  3.1415926536  115.9366770752  793.2478553595
64.7168086639  3.1415926536  3.1415926536  111.9539516201  789.8653322863
65.9734457254  3.1415926536  3.1415926536  108.1629577497  786.0413253892
67.2300827868  3.1415926536  3.1415926536  104.5523985047  781.8340511632
68.4867198483  3.1415926536  3.1415926536  101.1117110568  777.2952347940
69.7433569097  3.1415926536  3.1415926536  97.8310216039  772.4708449813
70.9999939711  3.1415926536  3.1415926536  94.7011015286  767.4017426912
72.2566310326  3.1415926536  3.1415926536  91.7133252397  762.1242540388
73.5132680940  3.1415926536  3.1415926536  88.8596299668  756.6706764392
74.7699051554  3.1415926536  3.1415926536  86.1324776618  751.0697259695
76.0265422169  3.1415926536  3.1415926536  83.5248190788  745.3469330372
77.2831792783  3.1415926536  3.1415926536  81.0300600400  739.5249925404
78.5398163397  3.1415926536  3.1415926536  78.6420298564  733.6240739450
79.7964534012  3.1415926536  3.1415926536  76.3549518392  727.6620960837
81.0530904626  3.1415926536  3.1415926536  74.1634158177  721.6549708607
82.3097275241  3.1415926536  3.1415926536  72.0623525694  715.6168195414
83.5663645855  3.1415926536  3.1415926536  70.0470100568  709.5601648674
84.8230016469  3.1415926536  3.1415926536  68.1129313660  703.4961018091
86.0796387084  3.1415926536  3.1415926536  66.2559342393  697.4344494717
87.3362757698  3.1415926536  3.1415926536  64.4720920973  691.3838863292
88.5929128312  3.1415926536  3.1415926536  62.7577164483  685.3520706894
89.8495498927  3.1415926536  3.1415926536  61.1093405878  679.3457481263
91.1061869541  3.1415926536  3.1415926536  59.5237044944  673.3708473037
92.3628240155  3.1415926536  3.1415926536  57.9977408363  667.4325655652
93.6194610770  3.1415926536  3.1415926536  56.5285620041  661.5354453846
94.8760981384  3.1415926536  3.1415926536  55.1134480941  655.6834427392
96.1327351998  3.1415926536  3.1415926536  53.7498357698  649.8799882765
97.3893722613  3.1415926536  3.1415926536  52.4353079355  644.1280420771
98.6460093227  3.1415926536  3.1415926536  51.1675841587  638.4301427228
99.9026463842  3.1415926536  3.1415926536  49.9445117862  632.7884512660
101.1592834456  3.1415926536  3.1415926536  48.7640576979  627.2047906864
102.4159205070  3.1415926536  3.1415926536  47.6243006524  621.6806812752
103.6725575685  3.1415926536  3.1415926536  46.5234241767  616.2173724261
104.9291946299  3.1415926536  3.1415926536  45.4597099602  610.8158711832
106.1858316913  3.1415926536  3.1415926536  44.4315317132  605.4769678999
107.4424687528  3.1415926536  3.1415926536  43.4373494551  600.2012593054
108.6991058142  3.1415926536  3.1415926536  42.4757042002  594.9891692617
109.9557428756  3.1415926536  3.1415926536  41.5452130101  589.8409674261
111.2123799371  3.1415926536  3.1415926536  40.6445643859  584.7567860644
112.4690169985  3.1415926536  3.1415926536  39.7725139745  579.7366351721
113.7256540600  3.1415926536  3.1415926536  38.9278805651  574.7804161107
114.9822911214  3.1415926536  3.1415926536  38.1095423555  569.8879338767
116.2389281828  3.1415926536  3.1415926536  37.3164334672  565.0589081552
117.4955652443  3.1415926536  3.1415926536  36.5475406916  560.2929832890
118.7522023057  3.1415926536  3.1415926536  35.8019004501  555.5897372560
120.0088393671  3.1415926536  3.1415926536  35.0785959532  550.9486897569
121.2654764286  3.1415926536  3.1415926536  34.3767545437  546.3693095084
122.5221134900  3.1415926536  3.1415926536  33.6955452106  541.8510208087
123.7787505514  3.1415926536  3.1415926536  33.0341762624  537.3932094610
125.0353876129  3.1415926536  3.1415926536  32.3918931479  532.9952280967
126.2920246743  3.1415926536  3.1415926536  31.7679764140  528.6564009824
127.5486617357  3.1415926536  3.1415926536  31.1617397913  524.3760283409
128.8052987972  3.1415926536  3.1415926536  30.5725283988  520.1533902332
130.0619358586  3.1415926536  3.1415926536  29.9997170585  515.9877500635
131.3185729201  3.1415926536  3.1415926536  29.4427087139  511.8783577162
132.5752099815  3.1415926536  3.1415926536  28.9009329440  507.8244523873
133.8318470429  3.1415926536  3.1415926536  28.3738445666  503.8252651084
135.0884841044  3.1415926536  3.1415926536  27.8609223258  499.8800210249
136.3451211658  3.1415926536  3.1415926536  27.3616676571  495.9879414332
137.6017582272  3.1415926536  3.1415926536  26.8756035247  492.1482455967
138.8583952887  3.1415926536  3.1415926536  26.4022733280  488.3601523707
140.1150323501  3.1415926536  3.1415926536  25.9412398709  484.6228816595
141.3716694115  3.1415926536  3.1415926536  25.4920843903  480.9356557016
142.6283064730  3.1415926536  3.1415926536  25.0544056407  477.2977002173
143.8849435344  3.1415926536  3.1415926536  24.6278190307  473.7082454309
145.1415805958  3.1415926536  3.1415926536  24.2119558082  470.1665269620
146.3982176573  3.1415926536  3.1415926536  23.8064622911  466.6717866191
147.6548547187  3.1415926536  3.1415926536  23.4109991410  463.2232730968
148.9114917802  3.1415926536  3.1415926536  23.0252406768  459.8202425798
150.1681288416  3.1415926536  3.1415926536  22.6488742264  456.4619592707
151.4247659030  3.1415926536  3.1415926536  22.2815995129  453.1476958480
152.6814029645  3.1415926536  3.1415926536  21.9231280746  449.8767338545
153.9380400259  3.1415926536  3.1415926536  21.5731827162  446.6483640339
155.1946770873  3.1415926536  3.1415926536  21.2314969887  443.4618866044
156.4513141488  3.1415926536  3.1415926536  20.8978146976  440.3166114976
157.7079512102  3.1415926536  3.1415926536  20.5718894359  437.2118585437
158.9645882716  3.1415926536  3.1415926536  20.2534841428  434.1469576207
160.2212253331  3.1415926536  3.1415926536  19.9423706842  431.1212487743
161.4778623945  3.1415926536  3.1415926536  19.6383294554  428.1340822961
162.7344994560  3.1415926536  3.1415926536  19.3411490038  425.1848187812
163.9911365174  3.1415926536  3.1415926536  19.0506256711  422.2728291636
165.2477735788  3.1415926536  3.1415926536  18.7665632531  419.3974947165
166.5044106403  3.1415926536  3.1415926536  18.4887726773  416.5582070434
167.7610477017  3.1415926536  3.1415926536  18.2170716956  413.7543680455
169.0176847631  3.1415926536  3.1415926536  17.9512845929  410.9853898795
170.2743218246  3.1415926536  3.1415926536  17.6912419102  408.2506948917
171.5309588860  3.1415926536  3.1415926536  17.4367801800  405.5497155445
172.7875959474  3.1415926536  3.1415926536  17.1877416764  402.8818943347
174.0442330089  3.1415926536  3.1415926536  16.9439741754  400.2466836962
175.3008700703  3.1415926536  3.1415926536  16.7053307280  397.6435458949
176.5575071317  3.1415926536  3.1415926536  16.4716694434  395.0719529224
177.8141441932  3.1415926536  3.1415926536  16.2428532827  392.5313863752
179.0707812546  3.1415926536  3.1415926536  16.0187498625  390.0213373323
180.3274183161  3.1415926536  3.1415926536  15.7992312669  387.5413062260
181.5840553775  3.1415926536  3.1415926536  15.5841738694  385.0908027139
182.8406924389  3.1415926536  3.1415926536  15.3734581617  382.6693455396
184.0973295004  3.1415926536  3.1415926536  15.1669685915  380.2764623969
185.3539665618  3.1415926536  3.1415926536  14.9645934072  377.9116897887
186.6106036232  3.1415926536  3.1415926536  14.7662245090  375.5745728867
187.8672406847  3.1415926536  3.1415926536  14.5717573081  373.2646653855
189.1238777461  3.1415926536  3.1415926536  14.3810905912  370.9815293626
190.3805148075  3.1415926536  3.1415926536  14.1941263906  368.7247351313
191.6371518690  3.1415926536  3.1415926536  14.0107698618  366.4938610972
192.8937889304  3.1415926536  3.1415926536  13.8309291642  364.2884936158
194.1504259918  3.1415926536  3.1415926536  13.6545153490  362.1082268435
195.4070630533  3.1415926536  3.1415926536  13.4814422507  359.9526625994
196.6637001147  3.1415926536  3.1415926536  13.3116263838  357.8214102224
197.9203371762  3.1415926536  3.1415926536  13.1449868439  355.7140864289
199.1769742376  3.1415926536  3.1415926536  12.9814452127  353.6303151697
200.4336112990  3.1415926536  3.1415926536  12.8209254675  351.5697275001
201.6902483605  3.1415926536  3.1415926536  12.6633538943  349.5319614326
202.9468854219  3.1415926536  3.1415926536  12.5086590043  347.5166618080
204.2035224833  3.1415926536  3.1415926536  12.3567714543  345.5234801598
205.4601595448  3.1415926536  3.1415926536  12.2076239701  343.5520745816
206.7167966062  3.1415926536  3.1415926536  12.0611512731  341.6021095968
207.9734336676  3.1415926536  3.1415926536  11.9172900102  339.6732560303
209.2300707291  3.1415926536  3.1415926536  11.7759786859  337.7651908847
210.4867077905  3.1415926536  3.1415926536  11.6371575980  335.8775972109
211.7433448520  3.1415926536  3.1415926536  11.5007687752  334.0101639903
212.9999819134  3.1415926536  3.1415926536  11.3667559173  332.1625860131
214.2566189748  3.1415926536  3.1415926536  11.2350643383  330.3345637585
215.5132560363  3.1415926536  3.1415926536  11.1056409113  328.5258032808
216.7698930977  3.1415926536  3.1415926536  10.9784340152  326.7360160955
218.0265301591  3.1415926536  3.1415926536  10.8533934847  324.9649190637
219.2831672206  3.1415926536  3.1415926536  10.7304705607  323.2122342870
220.5398042820  3.1415926536  3.1415926536  10.6096178440  321.4776889977
221.7964413434  3.1415926536  3.1415926536  10.4907892500  319.7610154528
223.0530784049  3.1415926536  3.1415926536  10.3739399653  318.0619508288
224.3097154663  3.1415926536  3.1415926536  10.2590264059  316.3802371249
225.5663525277  3.1415926536  3.1415926536  10.1460061774  314.7156210583
226.8229895892  3.1415926536  3.1415926536  10.0348380358  313.0678539697
228.0796266506  3.1415926536  3.1415926536  9.9254818512  311.4366917264
229.3362637121  3.1415926536  3.1415926536  9.8178985711  309.8218946315
230.5929007735  3.1415926536  3.1415926536  9.7120501865  308.2232273257
231.8495378349  3.1415926536  3.1415926536  9.6078996988  306.6404587044
233.1061748964  3.1415926536  3.1415926536  9.5054110874  305.0733618282
234.3628119578  3.1415926536  3.1415926536  9.4045492792  303.5217138341
235.6194490192  3.1415926536  3.1415926536  9.3052801192  301.9852958526
236.8760860807  3.1415926536  3.1415926536  9.2075703411  300.4638929273
238.1327231421  3.1415926536  3.1415926536  9.1113875408  298.9572939326
239.3893602035  3.1415926536  3.1415926536  9.0167001489  297.4652914944
240.6459972650  3.1415926536  3.1415926536  8.9234774057  295.9876819136
241.9026343264  3.1415926536  3.1415926536  8.8316893361  294.5242650904
243.1592713878  3.1415926536  3.1415926536  8.7413067260  293.0748444514
244.4159084493  3.1415926536  3.1415926536  8.6523010993  291.6392268747
245.6725455107  3.1415926536  3.1415926536  8.5646446954  290.2172226221
246.9291825722  3.1415926536  3.1415926536  8.4783104481  288.8086452688
248.1858196336  3.1415926536  3.1415926536  8.3932719650  287.4133116354
249.4424566950  3.1415926536  3.1415926536  8.3095035072  286.0310417227
250.6990937565  3.1415926536  3.1415926536  8.2269799701  284.6616586447
251.9557308179  3.1415926536  3.1415926536  8.1456768649  283.3049885696
253.2123678793  3.1415926536  3.1415926536  8.0655703007  281.9608606536
254.4690049408  3.1415926536  3.1415926536  7.9866369667  280.6291069832
255.7256420022  3.1415926536  3.1415926536  7.9088541161  279.3095625146
256.9822790636  3.1415926536  3.1415926536  7.8321995490  278.0020650168
258.2389161251  3.1415926536  3.1415926536  7.7566515973  276.7064550138
259.4955531865  3.1415926536  3.1415926536  7.6821891097  275.4225757304
260.7521902480  3.1415926536  3.1415926536  7.6087914363  274.1502730375
262.0088273094  3.1415926536  3.1415926536  7.5364384149  272.8893954005
263.2654643708  3.1415926536  3.1415926536  7.4651103575  271.6397938256
264.5221014323  3.1415926536  3.1415926536  7.3947880364  270.4013218104
265.7787384937  3.1415926536  3.1415926536  7.3254526718  269.1738352947
267.0353755551  3.1415926536  3.1415926536  7.2570859194  267.9571926097
268.2920126166  3.1415926536  3.1415926536  7.1896698581  266.7512544358
269.5486496780  3.1415926536  3.1415926536  7.1231869784  265.5558837502
270.8052867394  3.1415926536  3.1415926536  7.0576201715  264.3709457864
272.0619238009  3.1415926536  3.1415926536  6.9929527178  263.1963079874
273.3185608623  3.1415926536  3.1415926536  6.9291682768  262.0318399648
274.5751979237  3.1415926536  3.1415926536  6.8662508767  260.8774134520
275.8318349852  3.1415926536  3.1415926536  6.8041849044  259.7329022683
277.0884720466  3.1415926536  3.1415926536  6.7429550959  258.5981822754
278.3451091081  3.1415926536  3.1415926536  6.6825465273  257.4731313370
279.6017461695  3.1415926536  3.1415926536  6.6229446053  256.3576292837
280.8583832309  3.1415926536  3.1415926536  6.5641350588  255.2515578699
282.1150202924  3.1415926536  3.1415926536  6.5061039303  254.1548007422
283.3716573538  3.1415926536  3.1415926536  6.4488375677  253.0672433999
284.6282944152  3.1415926536  3.1415926536  6.3923226163  251.9887731592
285.8849314767  3.1415926536  3.1415926536  6.3365460112  250.9192791205
287.1415685381  3.1415926536  3.1415926536  6.2814949695  249.8586521338
288.3982055995  3.1415926536  3.1415926536  6.2271569835  248.8067847658
289.6548426610  3.1415926536  3.1415926536  6.1735198131  247.7635712647
290.9114797224  3.1415926536  3.1415926536  6.1205714795  246.7289075329
292.1681167839  3.1415926536  3.1415926536  6.0683002582  245.7026910921
293.4247538453  3.1415926536  3.1415926536  6.0166946726  244.6848210563
294.6813909067  3.1415926536  3.1415926536  5.9657434878  243.6751980979
295.9380279682  3.1415926536  3.1415926536  5.9154357046  242.6737244222
297.1946650296  3.1415926536  3.1415926536  5.8657605535  241.6803037372
298.4513020910  3.1415926536  3.1415926536  5.8167074891  240.6948412267
299.7079391525  3.1415926536  3.1415926536  5.7682661844  239.7172435210
300.9645762139  3.1415926536  3.1415926536  5.7204265253  238.7474186726
302.2212132753  3.1415926536  3.1415926536  5.6731786056  237.7852761281
303.4778503368  3.1415926536  3.1415926536  5.6265127220  236.8307267042
304.7344873982  3.1415926536  3.1415926536  5.5804193687  235.8836825624
305.9911244596  3.1415926536  3.1415926536  5.5348892331  234.9440571819
307.2477615211  3.1415926536  3.1415926536  5.4899131906  234.0117653399
308.5043985825  3.1415926536  3.1415926536  5.4454823005  233.0867230841
309.7610356440  3.1415926536  3.1415926536  5.4015878015  232.1688477120
311.0176727054  3.1415926536  3.1415926536  5.3582211073  231.2580577485
312.2743097668  3.1415926536  3.1415926536  5.3153738022  230.3542729221
313.5309468283  3.1415926536  3.1415926536  5.2730376377  229.4574141450
314.7875838897  3.1415926536  3.1415926536  5.2312045280  228.5674034900
316.0442209511  3.1415926536  3.1415926536  5.1898665461  227.6841641726
317.3008580126  3.1415926536  3.1415926536  5.1490159206  226.8076205275
318.5574950740  3.1415926536  3.1415926536  5.1086450316  225.9376979914
319.8141321354  3.1415926536  3.1415926536  5.0687464074  225.0743230825
321.0707691969  3.1415926536  3.1415926536  5.0293127209  224.2174233807
322.3274062583  3.1415926536  3.1415926536  4.9903367864  223.3669275097
323.5840433197  3.1415926536  3.1415926536  4.9518115563  222.5227651185
324.8406803812  3.1415926536  3.1415926536  4.9137301178  221.6848668652
326.0973174426  3.1415926536  3.1415926536  4.8760856902  220.8531643938
327.3539545041  3.1415926536  3.1415926536  4.8388716214  220.0275903258
328.6105915655  3.1415926536  3.1415926536  4.8020813852  219.2080782347
329.8672286269  3.1415926536  3.1415926536  4.7657085787  218.3945626356
331.1238656884  3.1415926536  3.1415926536  4.7297469191  217.5869789660
332.3805027498  3.1415926536  3.1415926536  4.6941902412  216.7852635703
333.6371398112  3.1415926536  3.1415926536  4.6590324949  215.9893536848
334.8937768727  3.1415926536  3.1415926536  4.6242677423  215.1991874224
336.1504139341  3.1415926536  3.1415926536  4.5898901558  214.4147037573
337.4070509955  3.1415926536  3.1415926536  4.5558940148  213.6358425104
338.6636880570  3.1415926536  3.1415926536  4.5222737042  212.8625443361
339.9203251184  3.1415926536  3.1415926536  4.4890237115  212.0947507063
341.1769621799  3.1415926536  3.1415926536  4.4561386249  211.3324038977
342.4335992413  3.1415926536  3.1415926536  4.4236131310  210.5754469786
343.6902363027  3.1415926536  3.1415926536  4.3914420124  209.8238237953
344.9468733642  3.1415926536  3.1415926536  4.3596201461  209.0774789580
346.2035104256  3.1415926536  3.1415926536  4.3281425012  208.3363578304
347.4601474870  3.1415926536  3.1415926536  4.2970041369  207.6004065150
348.7167845485  3.1415926536  3.1415926536  4.2662002005  206.8695718422
349.9734216099  3.1415926536  3.1415926536  4.2357259259  206.1438013575
351.2300586713  3.1415926536  3.1415926536  4.2055766314  205.4230433111
352.4866957328  3.1415926536  3.1415926536  4.1757477178  204.7072466435
353.7433327942  3.1415926536  3.1415926536  4.1462346673  203.9963609771
354.9999698556  3.1415926536  3.1415926536  4.1170330410  203.2903366043
356.2566069171  3.1415926536  3.1415926536  4.0881384777  202.5891244762
357.5132439785  3.1415926536  3.1415926536  4.0595466924  201.8926761907
358.7698810400  3.1415926536  3.1415926536  4.0312534741  201.2009439848
360.0265181014  3.1415926536  3.1415926536  4.0032546851  200.5138807220
361.2831551628  3.1415926536  3.1415926536  3.9755462587  199.8314398837
362.5397922243  3.1415926536  3.1415926536  3.9481241984  199.1535755572
363.7964292857  3.1415926536  3.1415926536  3.9209845758  198.4802424296
365.0530663471  3.1415926536  3.1415926536  3.8941235298  197.8113957740
366.3097034086  3.1415926536  3.1415926536  3.8675372650  197.1469914429
367.5663404700  3.1415926536  3.1415926536  3.8412220503  196.4869858584
368.8229775314  3.1415926536  3.1415926536  3.8151742175  195.8313360035
370.0796145929  3.1415926536  3.1415926536  3.7893901603  195.1799994123
371.3362516543  3.1415926536  3.1415926536  3.7638663330  194.5329341618
372.5928887157  3.1415926536  3.1415926536  3.7385992490  193.8900988638
373.8495257772  3.1415926536  3.1415926536  3.7135854802  193.2514526557
375.1061628386  3.1415926536  3.1415926536  3.6888216551  192.6169551937
376.3627999001  3.1415926536  3.1415926536  3.6643044581  191.9865666432
377.6194369615  3.1415926536  3.1415926536  3.6400306286  191.3602476708
378.8760740229  3.1415926536  3.1415926536  3.6159969594  190.7379594392
380.1327110844  3.1415926536  3.1415926536  3.5922002960  190.1196635961
381.3893481458  3.1415926536  3.1415926536  3.5686375355  189.5053222681
382.6459852072  3.1415926536  3.1415926536  3.5453056254  188.8948980540
383.9026222687  3.1415926536  3.1415926536  3.5222015629  188.2883540173
385.1592593301  3.1415926536  3.1415926536  3.4993223939  187.6856536789
386.4158963915  3.1415926536  3.1415926536  3.4766652119  187.0867610089
387.6725334530  3.1415926536  3.1415926536  3.4542271571  186.4916404229
388.9291705144  3.1415926536  3.1415926536  3.4320054157  185.9002567719
390.1858075759  3.1415926536  3.1415926536  3.4099972186  185.3125753375
391.4424446373  3.1415926536  3.1415926536  3.3881998411  184.7285618251
392.6990816987  3.1415926536  3.1415926536  3.3666106018  184.1481823581
393.9557187602  3.1415926536  3.1415926536  3.3452268614  183.5714034703
395.2123558216  3.1415926536  3.1415926536  3.3240460228  182.9981921007
396.4689928830  3.1415926536  3.1415926536  3.3030655292  182.4285155879
397.7256299445  3.1415926536  3.1415926536  3.2822828643  181.8623416628
398.9822670059  3.1415926536  3.1415926536  3.2616955510  181.2996384442
400.2389040673  3.1415926536  3.1415926536  3.2413011509  180.7403744317
401.4955411288  3.1415926536  3.1415926536  3.2210972633  180.1845185020
402.7521781902  3.1415926536  3.1415926536  3.2010815250  179.6320399001
404.0088152516  3.1415926536  3.1415926536  3.1812516089  179.0829082388
405.2654523131  3.1415926536  3.1415926536  3.1616052241  178.5370934879
406.5220893745  3.1415926536  3.1415926536  3.1421401147  177.9945659735
407.7787264360  3.1415926536  3.1415926536  3.1228540592  177.4552963696
409.0353634974  3.1415926536  3.1415926536  3.1037448704  176.9192556958
410.2920005588  3.1415926536  3.1415926536  3.0848103939  176.3864153090
411.5486376203  3.1415926536  3.1415926536  3.0660485082  175.8567469021
412.8052746817  3.1415926536  3.1415926536  3.0474571239  175.3302224968
414.0619117431  3.1415926536  3.1415926536  3.0290341831  174.8068144395
415.3185488046  3.1415926536  3.1415926536  3.0107776586  174.2864953966
416.5751858660  3.1415926536  3.1415926536  2.9926855540  173.7692383509
417.8318229274  3.1415926536  3.1415926536  2.9747559023  173.2550165955
419.0884599889  3.1415926536  3.1415926536  2.9569867660  172.7438037303
420.3450970503  3.1415926536  3.1415926536  2.9393762364  172.2355736577
421.6017341118  3.1415926536  3.1415926536  2.9219224330  171.7303005779
422.8583711732  3.1415926536  3.1415926536  2.9046235032  171.2279589850
424.1150082346  3.1415926536  3.1415926536  2.8874776213  170.7285236629
425.3716452961  3.1415926536  3.1415926536  2.8704829889  170.2319696813
426.6282823575  3.1415926536  3.1415926536  2.8536378336  169.7382723909
427.8849194189  3.1415926536  3.1415926536  2.8369404088  169.2474074216
429.1415564804  3.1415926536  3.1415926536  2.8203889937  168.7593506753
430.3981935418  3.1415926536  3.1415926536  2.8039818920  168.2740783255
431.6548306032  3.1415926536  3.1415926536  2.7877174323  167.7915668111
432.9114676647  3.1415926536  3.1415926536  2.7715939671  167.3117928342
434.1681047261  3.1415926536  3.1415926536  2.7556098727  166.8347333563
435.4247417875  3.1415926536  3.1415926536  2.7397635486  166.3603655932
436.6813788490  3.1415926536  3.1415926536  2.7240534173  165.8886670141
437.9380159104  3.1415926536  3.1415926536  2.7084779237  165.4196153354
439.1946529719  3.1415926536  3.1415926536  2.6930355350  164.9531885195
440.4512900333  3.1415926536  3.1415926536  2.6777247398  164.4893647711
441.7079270947  3.1415926536  3.1415926536  2.6625440483  164.0281225321
442.9645641562  3.1415926536  3.1415926536  2.6474919918  163.5694404814
444.2212012176  3.1415926536  3.1415926536  2.6325671221  163.1132975285
445.4778382790  3.1415926536  3.1415926536  2.6177680112  162.6596728132
446.7344753405  3.1415926536  3.1415926536  2.6030932514  162.2085457005
447.9911124019  3.1415926536  3.1415926536  2.5885414543  161.7598957789
449.2477494633  3.1415926536  3.1415926536  2.5741112509  161.3137028563
450.5043865248  3.1415926536  3.1415926536  2.5598012914  160.8699469578
451.7610235862  3.1415926536  3.1415926536  2.5456102443  160.4286083234
453.0176606476  3.1415926536  3.1415926536  2.5315367969  159.9896674036
454.2742977091  3.1415926536  3.1415926536  2.5175796540  159.5531048577
455.5309347705  3.1415926536  3.1415926536  2.5037375388  159.1189015506
456.7875718320  3.1415926536  3.1415926536  2.4900091914  158.6870385510
458.0442088934  3.1415926536  3.1415926536  2.4763933694  158.2574971270
459.3008459548  3.1415926536  3.1415926536  2.4628888473  157.8302587453
460.5574830163  3.1415926536  3.1415926536  2.4494944161  157.4053050671
461.8141200777  3.1415926536  3.1415926536  2.4362088833  156.9826179475
463.0707571391  3.1415926536  3.1415926536  2.4230310723  156.5621794302
464.3273942006  3.1415926536  3.1415926536  2.4099598224  156.1439717478
465.5840312620  3.1415926536  3.1415926536  2.3969939887  155.7279773179
466.8406683234  3.1415926536  3.1415926536  2.3841324414  155.3141787404
468.0973053849  3.1415926536  3.1415926536  2.3713740658  154.9025587965
469.3539424463  3.1415926536  3.1415926536  2.3587177621  154.4931004453
470.6105795078  3.1415926536  3.1415926536  2.3461624451  154.0857868220
471.8672165692  3.1415926536  3.1415926536  2.3337070439  153.6806012349
473.1238536306  3.1415926536  3.1415926536  2.3213505019  153.2775271649
474.3804906921  3.1415926536  3.1415926536  2.3090917763  152.8765482609
475.6371277535  3.1415926536  3.1415926536  2.2969298381  152.4776483402
476.8937648149  3.1415926536  3.1415926536  2.2848636716  152.0808113845
478.1504018764  3.1415926536  3.1415926536  2.2728922745  151.6860215379
479.4070389378  3.1415926536  3.1415926536  2.2610146577  151.2932631071
480.6636759992  3.1415926536  3.1415926536  2.2492298448  150.9025205558
481.9203130607  3.1415926536  3.1415926536  2.2375368721  150.5137785056
483.1769501221  3.1415926536  3.1415926536  2.2259347883  150.1270217328
484.4335871835  3.1415926536  3.1415926536  2.2144226545  149.7422351674
485.6902242450  3.1415926536  3.1415926536  2.2029995438  149.3594038887
486.9468613064  3.1415926536  3.1415926536  2.1916645413  148.9785131278
488.2034983679  3.1415926536  3.1415926536  2.1804167438  148.5995482608
489.4601354293  3.1415926536  3.1415926536  2.1692552594  148.2224948107
490.7167724907  3.1415926536  3.1415926536  2.1581792079  147.8473384440
491.9734095522  3.1415926536  3.1415926536  2.1471877202  147.4740649690
493.2300466136  3.1415926536  3.1415926536  2.1362799379  147.1026603345
494.4866836750  3.1415926536  3.1415926536  2.1254550140  146.7331106277
495.7433207365  3.1415926536  3.1415926536  2.1147121117  146.3654020726
496.9999577979  3.1415926536  3.1415926536  2.1040504051  145.9995210283
498.2565948593  3.1415926536  3.1415926536  2.0934690783  145.6354539880
499.5132319208  3.1415926536  3.1415926536  2.0829673259  145.2731875762
500.7698689822  3.1415926536  3.1415926536  2.0725443524  144.9127085480
502.0265060436  3.1415926536  3.1415926536  2.0621993724  144.5540037876
503.2831431051  3.1415926536  3.1415926536  2.0519316100  144.1970603053
504.5397801665  3.1415926536  3.1415926536  2.0417402991  143.8418652384
505.7964172280  3.1415926536  3.1415926536  2.0316246831  143.4884058476
507.0530542894  3.1415926536  3.1415926536  2.0215840145  143.1366695163
508.3096913508  3.1415926536  3.1415926536  2.0116175552  142.7866437495
509.5663284123  3.1415926536  3.1415926536  2.0017245762  142.4383161718
510.8229654737  3.1415926536  3.1415926536  1.9919043572  142.0916745260
512.0796025351  3.1415926536  3.1415926536  1.9821561870  141.7467066719
513.3362395966  3.1415926536  3.1415926536  1.9724793627  141.4034005853
514.5928766580  3.1415926536  3.1415926536  1.9628731903  141.0617443552
515.8495137194  3.1415926536  3.1415926536  1.9533369840  140.7217261849
517.1061507809  3.1415926536  3.1415926536  1.9438700663  140.3833343882
518.3627878423  3.1415926536  3.1415926536  1.9344717680  140.0465573894
519.6194249038  3.1415926536  3.1415926536  1.9251414279  139.7113837215
520.8760619652  3.1415926536  3.1415926536  1.9158783927  139.3778020260
522.1326990266  3.1415926536  3.1415926536  1.9066820169  139.0458010498
523.3893360881  3.1415926536  3.1415926536  1.8975516629  138.7153696453
524.6459731495  3.1415926536  3.1415926536  1.8884867004  138.3864967695
525.9026102109  3.1415926536  3.1415926536  1.8794865069  138.0591714815
527.1592472724  3.1415926536  3.1415926536  1.8705504671  137.7333829419
528.4158843338  3.1415926536  3.1415926536  1.8616779731  137.4091204122
529.6725213952  3.1415926536  3.1415926536  1.8528684240  137.0863732530
530.9291584567  3.1415926536  3.1415926536  1.8441212262  136.7651309226
532.1857955181  3.1415926536  3.1415926536  1.8354357930  136.4453829774
533.4424325795  3.1415926536  3.1415926536  1.8268115444  136.1271190682
534.6990696410  3.1415926536  3.1415926536  1.8182479076  135.8103289414
535.9557067024  3.1415926536  3.1415926536  1.8097443160  135.4950024374
537.2123437639  3.1415926536  3.1415926536  1.8013002100  135.1811294886
538.4689808253  3.1415926536  3.1415926536  1.7929150363  134.8687001198
539.7256178867  3.1415926536  3.1415926536  1.7845882480  134.5577044457
540.9822549482  3.1415926536  3.1415926536  1.7763193046  134.2481326704
542.2388920096  3.1415926536  3.1415926536  1.7681076719  133.9399750876
543.4955290710  3.1415926536  3.1415926536  1.7599528216  133.6332220776
544.7521661325  3.1415926536  3.1415926536  1.7518542317  133.3278641073
546.0088031939  3.1415926536  3.1415926536  1.7438113862  133.0238917300
547.2654402553  3.1415926536  3.1415926536  1.7358237749  132.7212955826
548.5220773168  3.1415926536  3.1415926536  1.7278908933  132.4200663868
549.7787143782  3.1415926536  3.1415926536  1.7200122429  132.1201949469
551.0353514396  3.1415926536  3.1415926536  1.7121873308  131.8216721478
552.2919885011  3.1415926536  3.1415926536  1.7044156694  131.5244889567
553.5486255625  3.1415926536  3.1415926536  1.6966967771  131.2286364211
554.8052626240  3.1415926536  3.1415926536  1.6890301773  130.9341056662
556.0618996854  3.1415926536  3.1415926536  1.6814153990  130.6408878971
557.3185367468  3.1415926536  3.1415926536  1.6738519764  130.3489743953
558.5751738083  3.1415926536  3.1415926536  1.6663394490  130.0583565197
559.8318108697  3.1415926536  3.1415926536  1.6588773613  129.7690257044
561.0884479311  3.1415926536  3.1415926536  1.6514652631  129.4809734588
562.3450849926  3.1415926536  3.1415926536  1.6441027089  129.1941913663
563.6017220540  3.1415926536  3.1415926536  1.6367892585  128.9086710835
564.8583591154  3.1415926536  3.1415926536  1.6295244764  128.6244043399
566.1149961769  3.1415926536  3.1415926536  1.6223079318  128.3413829369
567.3716332383  3.1415926536  3.1415926536  1.6151391989  128.0595987464
568.6282702998  3.1415926536  3.1415926536  1.6080178564  127.7790437106
569.8849073612  3.1415926536  3.1415926536  1.6009434878  127.4997098414
571.1415444226  3.1415926536  3.1415926536  1.5939156809  127.2215892197
572.3981814841  3.1415926536  3.1415926536  1.5869340282  126.9446739937
573.6548185455  3.1415926536  3.1415926536  1.5799981267  126.6689563797
574.9114556069  3.1415926536  3.1415926536  1.5731075776  126.3944286594
576.1680926684  3.1415926536  3.1415926536  1.5662619866  126.1210831818
577.4247297298  3.1415926536  3.1415926536  1.5594609635  125.8489123601
578.6813667912  3.1415926536  3.1415926536  1.5527041226  125.5779086723
579.9380038527  3.1415926536  3.1415926536  1.5459910821  125.3080646599
581.1946409141  3.1415926536  3.1415926536  1.5393214644  125.0393729278
582.4512779755  3.1415926536  3.1415926536  1.5326948959  124.7718261434
583.7079150370  3.1415926536  3.1415926536  1.5261110072  124.5054170357
584.9645520984  3.1415926536  3.1415926536  1.5195694327  124.2401383953
586.2211891599  3.1415926536  3.1415926536  1.5130698106  123.9759830726
587.4778262213  3.1415926536  3.1415926536  1.5066117832  123.7129439781
588.7344632827  3.1415926536  3.1415926536  1.5001949964  123.4510140822
589.9911003442  3.1415926536  3.1415926536  1.4938191001  123.1901864133
591.2477374056  3.1415926536  3.1415926536  1.4874837476  122.9304540577
592.5043744670  3.1415926536  3.1415926536  1.4811885961  122.6718101600
593.7610115285  3.1415926536  3.1415926536  1.4749333062  122.4142479206
595.0176485899  3.1415926536  3.1415926536  1.4687175424  122.1577605971
596.2742856513  3.1415926536  3.1415926536  1.4625409724  121.9023415021
597.5309227128  3.1415926536  3.1415926536  1.4564032675  121.6479840035
598.7875597742  3.1415926536  3.1415926536  1.4503041025  121.3946815238
600.0441968357  3.1415926536  3.1415926536  1.4442431555  121.1424275400
601.3008338971  3.1415926536  3.1415926536  1.4382201080  120.8912155813
602.5574709585  3.1415926536  3.1415926536  1.4322346448  120.6410392312
603.8141080200  3.1415926536  3.1415926536  1.4262864539  120.3918921247
605.0707450814  3.1415926536  3.1415926536  1.4203752267  120.1437679486
606.3273821428  3.1415926536  3.1415926536  1.4145006577  119.8966604417
607.5840192043  3.1415926536  3.1415926536  1.4086624444  119.6505633927
608.8406562657  3.1415926536  3.1415926536  1.4028602877  119.4054706413
610.0972933271  3.1415926536  3.1415926536  1.3970938913  119.1613760766
611.3539303886  3.1415926536  3.1415926536  1.3913629621  118.9182736370
612.6105674500  3.1415926536  3.1415926536  1.3856672099  118.6761573099
613.8672045114  3.1415926536  3.1415926536  1.3800063475  118.4350211308
615.1238415729  3.1415926536  3.1415926536  1.3743800907  118.1948591829
616.3804786343  3.1415926536  3.1415926536  1.3687881580  117.9556655971
617.6371156958  3.1415926536  3.1415926536  1.3632302710  117.7174345506
618.8937527572  3.1415926536  3.1415926536  1.3577061540  117.4801602679
620.1503898186  3.1415926536  3.1415926536  1.3522155339  117.2438370185
621.4070268801  3.1415926536  3.1415926536  1.3467581407  117.0084591176
622.6636639415  3.1415926536  3.1415926536  1.3413337068  116.7740209261
623.9203010029  3.1415926536  3.1415926536  1.3359419676  116.5405168484
625.1769380644  3.1415926536  3.1415926536  1.3305826608  116.3079413341
626.4335751258  3.1415926536  3.1415926536  1.3252555269  116.0762888760
627.6902121872  3.1415926536  3.1415926536  1.3199603092  115.8455540099
628.9468492487  3.1415926536  3.1415926536  0.0000000000  0.0000000000
