-627.6902121872  0.0000000000  0.0000000000  0.0000000000  0.0000000000
-626.4335751258  0.0000000000  0.0000000000  0.0000000000  0.0000000000
-625.1769380644  0.0000000000  0.0000000000  0.0000000000  0.0000000000
-623.9203010029  0.0000000000  0.0000000000  0.0000000000  0.0000000000
-622.6636639415  0.0000000000  0.0000000000  0.0000000000  0.0000000000
-621.4070268801  0.0000000000  0.0000000000  0.0000000000  0.0000000000
-620.1503898186  0.0000000000  0.0000000000  0.0000000000  0.0000000000
-618.8937527572  0.0000000000  0.0000000000  0.0000000000  0.0000000000
-617.6371156958  0.0000000000  0.0000000000  0.0000000000  0.0000000000
-616.3804786343  0.0000000000  0.0000000000  0.0000000000  0.0000000000
-615.1238415729  0.0000000000  0.0000000000  0.0000000000  0.0000000000
-613.8672045114  0.0000000000  0.0000000000  0.0000000000  0.0000000000
-612.6105674500  0.0000000000  0.0000000000  0.0000000000  0.0000000000
-611.3539303886  0.0000000000  0.0000000000  0.0000000000  0.0000000000
-610.0972933271  0.0000000000  0.0000000000  0.0000000000  0.0000000000
-608.8406562657  0.0000000000  0.0000000000  0.0000000000  0.0000000000
-607.5840192043  0.0000000000  0.0000000000  0.0000000000  0.0000000000
-606.3273821428  0.0000000000  0.0000000000  0.0000000000  0.0000000000
-605.0707450814  0.0000000000  0.0000000000  0.0000000000  0.0000000000
-603.8141080200  0.0000000000  0.0000000000  0.0000000000  0.0000000000
-602.5574709585  0.0000000000  0.0000000000  0.0000000000  0.0000000000
-601.3008338971  0.0000000000  0.0000000000  0.0000000000  0.0000000000
-600.0441968357  0.0000000000  0.0000000000  0.0000000000  0.0000000000
-598.7875597742  0.0000000000  0.0000000000  0.0000000000  0.0000000000
-597.5309227128  0.0000000000  0.0000000000  0.0000000000  0.0000000000
-596.2742856513  0.0000000000  0.0000000000  0.0000000000  0.0000000000
-595.0176485899  0.0000000000  0.0000000000  0.0000000000  0.0000000000
-593.7610115285  0.0000000000  0.0000000000  0.0000000000  0.0000000000
-592.5043744670  0.0000000000  0.0000000000  0.0000000000  0.0000000000
-591.2477374056  0.0000000000  0.0000000000  0.0000000000  0.0000000000
-589.9911003442  0.0000000000  0.0000000000  0.0000000000  0.0000000000
-588.7344632827  0.0000000000  0.0000000000  0.0000000000  0.0000000000
-587.4778262213  0.0000000000  0.0000000000  0.0000000000  0.0000000000
-586.2211891599  0.0000000000  0.0000000000  0.0000000000  0.0000000000
-584.9645520984  0.0000000000  0.0000000000  0.0000000000  0.0000000000
-583.7079150370  0.0000000000  0.0000000000  0.0000000000  0.0000000000
-582.4512779755  0.0000000000  0.0000000000  0.0000000000  0.0000000000
-581.1946409141  0.0000000000  0.0000000000  0.0000000000  0.0000000000
-579.9380038527  0.0000000000  0.0000000000  0.0000000000  0.0000000000
-578.6813667912  0.0000000000  0.0000000000  0.0000000000  0.0000000000
-577.4247297298  0.0000000000  0.0000000000  0.0000000000  0.0000000000
-576.1680926684  0.0000000000  0.0000000000  0.0000000000  0.0000000000
-574.9114556069  0.0000000000  0.0000000000  0.0000000000  0.0000000000
-573.6548185455  0.0000000000  0.0000000000  0.0000000000  0.0000000000
-572.3981814841  0.0000000000  0.0000000000  0.0000000000  0.0000000000
-571.1415444226  0.0000000000  0.0000000000  0.0000000000  0.0000000000
-569.8849073612  0.0000000000  0.0000000000  0.0000000000  0.0000000000
-568.6282702998  0.0000000000  0.0000000000  0.0000000000  0.0000000000
-567.3716332383  0.0000000000  0.0000000000  0.0000000000  0.0000000000
-566.1149961769  0.0000000000  0.0000000000  0.0000000000  0.0000000000
-564.8583591154  0.0000000000  0.0000000000  0.0000000000  0.0000000000
-563.6017220540  0.0000000000  0.0000000000  0.0000000000  0.0000000000
-562.3450849926  0.0000000000  0.0000000000  0.0000000000  0.0000000000
-561.0884479311  0.0000000000  0.0000000000  0.0000000000  0.0000000000
-559.8318108697  0.0000000000  0.0000000000  0.0000000000  0.0000000000
-558.5751738083  0.0000000000  0.0000000000  0.0000000000  0.0000000000
-557.3185367468  0.0000000000  0.0000000000  0.0000000000  0.0000000000
-556.0618996854  0.0000000000  0.0000000000  0.0000000000  0.0000000000
-554.8052626240  0.0000000000  0.0000000000  0.0000000000  0.0000000000
-553.5486255625  0.0000000000  0.0000000000  0.0000000000  0.0000000000
-552.2919885011  0.0000000000  0.0000000000  0.0000000000  0.0000000000
-551.0353514396  0.0000000000  0.0000000000  0.0000000000  0.0000000000
-549.7787143782  0.0000000000  0.0000000000  0.0000000000  0.0000000000
-548.5220773168  0.0000000000  0.0000000000  0.0000000000  0.0000000000
-547.2654402553  0.0000000000  0.0000000000  0.0000000000  0.0000000000
-546.0088031939  0.0000000000  0.0000000000  0.0000000000  0.0000000000
-544.7521661325  0.0000000000  0.0000000000  0.0000000000  0.0000000000
-543.4955290710  0.0000000000  0.0000000000  0.0000000000  0.0000000000
-542.2388920096  0.0000000000  0.0000000000  0.0000000000  0.0000000000
-540.9822549482  0.0000000000  0.0000000000  0.0000000000  0.0000000000
-539.7256178867  0.0000000000  0.0000000000  0.0000000000  0.0000000000
-538.4689808253  0.0000000000  0.0000000000  0.0000000000  0.0000000000
-537.2123437639  0.0000000000  0.0000000000  0.0000000000  0.0000000000
-535.9557067024  0.0000000000  0.0000000000  0.0000000000  0.0000000000
-534.6990696410  0.0000000000  0.0000000000  0.0000000000  0.0000000000
-533.4424325795  0.0000000000  0.0000000000  0.0000000000  0.0000000000
-532.1857955181  0.0000000000  0.0000000000  0.0000000000  0.0000000000
-530.9291584567  0.0000000000  0.0000000000  0.0000000000  0.0000000000
-529.6725213952  0.0000000000  0.0000000000  0.0000000000  0.0000000000
-528.4158843338  0.0000000000  0.0000000000  0.0000000000  0.0000000000
-527.1592472724  0.0000000000  0.0000000000  0.0000000000  0.0000000000
-525.9026102109  0.0000000000  0.0000000000  0.0000000000  0.0000000000
-524.6459731495  0.0000000000  0.0000000000  0.0000000000  0.0000000000
-523.3893360881  0.0000000000  0.0000000000  0.0000000000  0.0000000000
-522.1326990266  0.0000000000  0.0000000000  0.0000000000  0.0000000000
-520.8760619652  0.0000000000  0.0000000000  0.0000000000  0.0000000000
-519.6194249038  0.0000000000  0.0000000000  0.0000000000  0.0000000000
-518.3627878423  0.0000000000  0.0000000000  0.0000000000  0.0000000000
-517.1061507809  0.0000000000  0.0000000000  0.0000000000  0.0000000000
-515.8495137194  0.0000000000  0.0000000000  0.0000000000  0.0000000000
-514.5928766580  0.0000000000  0.0000000000  0.0000000000  0.0000000000
-513.3362395966  0.0000000000  0.0000000000  0.0000000000  0.0000000000
-512.0796025351  0.0000000000  0.0000000000  0.0000000000  0.0000000000
-510.8229654737  0.0000000000  0.0000000000  0.0000000000  0.0000000000
-509.5663284123  0.0000000000  0.0000000000  0.0000000000  0.0000000000
-508.3096913508  0.0000000000  0.0000000000  0.0000000000  0.0000000000
-507.0530542894  0.0000000000  0.0000000000  0.0000000000  0.0000000000
-505.7964172280  0.0000000000  0.0000000000  0.0000000000  0.0000000000
-504.5397801665  0.0000000000  0.0000000000  0.0000000000  0.0000000000
-503.2831431051  0.0000000000  0.0000000000  0.0000000000  0.0000000000
-502.0265060436  0.0000000000  0.0000000000  0.0000000000  0.0000000000
-500.7698689822  0.0000000000  0.0000000000  0.0000000000  0.0000000000
-499.5132319208  0.0000000000  0.0000000000  0.0000000000  0.0000000000
-498.2565948593  0.0000000000  0.0000000000  0.0000000000  0.0000000000
-496.9999577979  0.0000000000  0.0000000000  0.0000000000  0.0000000000
-495.7433207365  0.0000000000  0.0000000000  0.0000000000  0.0000000000
-494.4866836750  0.0000000000  0.0000000000  0.0000000000  0.0000000000
-493.2300466136  0.0000000000  0.0000000000  0.0000000000  0.0000000000
-491.9734095522  0.0000000000  0.0000000000  0.0000000000  0.0000000000
-490.7167724907  0.0000000000  0.0000000000  0.0000000000  0.0000000000
-489.4601354293  0.0000000000  0.0000000000  0.0000000000  0.0000000000
-488.2034983679  0.0000000000  0.0000000000  0.0000000000  0.0000000000
-486.9468613064  0.0000000000  0.0000000000  0.0000000000  0.0000000000
-485.6902242450  0.0000000000  0.0000000000  0.0000000000  0.0000000000
-484.4335871835  0.0000000000  0.0000000000  0.0000000000  0.0000000000
-483.1769501221  0.0000000000  0.0000000000  0.0000000000  0.0000000000
-481.9203130607  0.0000000000  0.0000000000  0.0000000000  0.0000000000
-480.6636759992  0.0000000000  0.0000000000  0.0000000000  0.0000000000
-479.4070389378  0.0000000000  0.0000000000  0.0000000000  0.0000000000
-478.1504018764  0.0000000000  0.0000000000  0.0000000000  0.0000000000
-476.8937648149  0.0000000000  0.0000000000  0.0000000000  0.0000000000
-475.6371277535  0.0000000000  0.0000000000  0.0000000000  0.0000000000
-474.3804906921  0.0000000000  0.0000000000  0.0000000000  0.0000000000
-473.1238536306  0.0000000000  0.0000000000  0.0000000000  0.0000000000
-471.8672165692  0.0000000000  0.0000000000  0.0000000000  0.0000000000
-470.6105795078  0.0000000000  0.0000000000  0.0000000000  0.0000000000
-469.3539424463  0.0000000000  0.0000000000  0.0000000000  0.0000000000
-468.0973053849  0.0000000000  0.0000000000  0.0000000000  0.0000000000
-466.8406683234  0.0000000000  0.0000000000  0.0000000000  0.0000000000
-465.5840312620  0.0000000000  0.0000000000  0.0000000000  0.0000000000
-464.3273942006  0.0000000000  0.0000000000  0.0000000000  0.0000000000
-463.0707571391  0.0000000000  0.0000000000  0.0000000000  0.0000000000
-461.8141200777  0.0000000000  0.0000000000  0.0000000000  0.0000000000
-460.5574830163  0.0000000000  0.0000000000  0.0000000000  0.0000000000
-459.3008459548  0.0000000000  0.0000000000  0.0000000000  0.0000000000
-458.0442088934  0.0000000000  0.0000000000  0.0000000000  0.0000000000
-456.7875718320  0.0000000000  0.0000000000  0.0000000000  0.0000000000
-455.5309347705  0.0000000000  0.0000000000  0.0000000000  0.0000000000
-454.2742977091  0.0000000000  0.0000000000  0.0000000000  0.0000000000
-453.0176606476  0.0000000000  0.0000000000  0.0000000000  0.0000000000
-451.7610235862  0.0000000000  0.0000000000  0.0000000000  0.0000000000
-450.5043865248  0.0000000000  0.0000000000  0.0000000000  0.0000000000
-449.2477494633  0.0000000000  0.0000000000  0.0000000000  0.0000000000
-447.9911124019  0.0000000000  0.0000000000  0.0000000000  0.0000000000
-446.7344753405  0.0000000000  0.0000000000  0.0000000000  0.0000000000
-445.4778382790  0.0000000000  0.0000000000  0.0000000000  0.0000000000
-444.2212012176  0.0000000000  0.0000000000  0.0000000000  0.0000000000
-442.9645641562  0.0000000000  0.0000000000  0.0000000000  0.0000000000
-441.7079270947  0.0000000000  0.0000000000  0.0000000000  0.0000000000
-440.4512900333  0.0000000000  0.0000000000  0.0000000000  0.0000000000
-439.1946529719  0.0000000000  0.0000000000  0.0000000000  0.0000000000
-437.9380159104  0.0000000000  0.0000000000  0.0000000000  0.0000000000
-436.6813788490  0.0000000000  0.0000000000  0.0000000000  0.0000000000
-435.4247417875  0.0000000000  0.0000000000  0.0000000000  0.0000000000
-434.1681047261  0.0000000000  0.0000000000  0.0000000000  0.0000000000
-432.9114676647  0.0000000000  0.0000000000  0.0000000000  0.0000000000
-431.6548306032  0.0000000000  0.0000000000  0.0000000000  0.0000000000
-430.3981935418  0.0000000000  0.0000000000  0.0000000000  0.0000000000
-429.1415564804  0.0000000000  0.0000000000  0.0000000000  0.0000000000
-427.8849194189  0.0000000000  0.0000000000  0.0000000000  0.0000000000
-426.6282823575  0.0000000000  0.0000000000  0.0000000000  0.0000000000
-425.3716452961  0.0000000000  0.0000000000  0.0000000000  0.0000000000
-424.1150082346  0.0000000000  0.0000000000  0.0000000000  0.0000000000
-422.8583711732  0.0000000000  0.0000000000  0.0000000000  0.0000000000
-421.6017341118  0.0000000000  0.0000000000  0.0000000000  0.0000000000
-420.3450970503  0.0000000000  0.0000000000  0.0000000000  0.0000000000
-419.0884599889  0.0000000000  0.0000000000  0.0000000000  0.0000000000
-417.8318229274  0.0000000000  0.0000000000  0.0000000000  0.0000000000
-416.5751858660  0.0000000000  0.0000000000  0.0000000000  0.0000000000
-415.3185488046  0.0000000000  0.0000000000  0.0000000000  0.0000000000
-414.0619117431  0.0000000000  0.0000000000  0.0000000000  0.0000000000
-412.8052746817  0.0000000000  0.0000000000  0.0000000000  0.0000000000
-411.5486376203  0.0000000000  0.0000000000  0.0000000000  0.0000000000
-410.2920005588  0.0000000000  0.0000000000  0.0000000000  0.0000000000
-409.0353634974  0.0000000000  0.0000000000  0.0000000000  0.0000000000
-407.7787264360  0.0000000000  0.0000000000  0.0000000000  0.0000000000
-406.5220893745  0.0000000000  0.0000000000  0.0000000000  0.0000000000
-405.2654523131  0.0000000000  0.0000000000  0.0000000000  0.0000000000
-404.0088152516  0.0000000000  0.0000000000  0.0000000000  0.0000000000
-402.7521781902  0.0000000000  0.0000000000  0.0000000000  0.0000000000
-401.4955411288  0.0000000000  0.0000000000  0.0000000000  0.0000000000
-400.2389040673  0.0000000000  0.0000000000  0.0000000000  0.0000000000
-398.9822670059  0.0000000000  0.0000000000  0.0000000000  0.0000000000
-397.7256299445  0.0000000000  0.0000000000  0.0000000000  0.0000000000
-396.4689928830  0.0000000000  0.0000000000  0.0000000000  0.0000000000
-395.2123558216  0.0000000000  0.0000000000  0.0000000000  0.0000000000
-393.9557187602  0.0000000000  0.0000000000  0.0000000000  0.0000000000
-392.6990816987  0.0000000000  0.0000000000  0.0000000000  0.0000000000
-391.4424446373  0.0000000000  0.0000000000  0.0000000000  0.0000000000
-390.1858075759  0.0000000000  0.0000000000  0.0000000000  0.0000000000
-388.9291705144  0.0000000000  0.0000000000  0.0000000000  0.0000000000
-387.6725334530  0.0000000000  0.0000000000  0.0000000000  0.0000000000
-386.4158963915  0.0000000000  0.0000000000  0.0000000000  0.0000000000
-385.1592593301  0.0000000000  0.0000000000  0.0000000000  0.0000000000
-383.9026222687  0.0000000000  0.0000000000  0.0000000000  0.0000000000
-382.6459852072  0.0000000000  0.0000000000  0.0000000000  0.0000000000
-381.3893481458  0.0000000000  0.0000000000  0.0000000000  0.0000000000
-380.1327110844  0.0000000000  0.0000000000  0.0000000000  0.0000000000
-378.8760740229  0.0000000000  0.0000000000  0.0000000000  0.0000000000
-377.6194369615  0.0000000000  0.0000000000  0.0000000000  0.0000000000
-376.3627999001  0.0000000000  0.0000000000  0.0000000000  0.0000000000
-375.1061628386  0.0000000000  0.0000000000  0.0000000000  0.0000000000
-373.8495257772  0.0000000000  0.0000000000  0.0000000000  0.0000000000
-372.5928887157  0.0000000000  0.0000000000  0.0000000000  0.0000000000
-371.3362516543  0.0000000000  0.0000000000  0.0000000000  0.0000000000
-370.0796145929  0.0000000000  0.0000000000  0.0000000000  0.0000000000
-368.8229775314  0.0000000000  0.0000000000  0.0000000000  0.0000000000
-367.5663404700  0.0000000000  0.0000000000  0.0000000000  0.0000000000
-366.3097034086  0.0000000000  0.0000000000  0.0000000000  0.0000000000
-365.0530663471  0.0000000000  0.0000000000  0.0000000000  0.0000000000
-363.7964292857  0.0000000000  0.0000000000  0.0000000000  0.0000000000
-362.5397922243  0.0000000000  0.0000000000  0.0000000000  0.0000000000
-361.2831551628  0.0000000000  0.0000000000  0.0000000000  0.0000000000
-360.0265181014  0.0000000000  0.0000000000  0.0000000000  0.0000000000
-358.7698810400  0.0000000000  0.0000000000  0.0000000000  0.0000000000
-357.5132439785  0.0000000000  0.0000000000  0.0000000000  0.0000000000
-356.2566069171  0.0000000000  0.0000000000  0.0000000000  0.0000000000
-354.9999698556  0.0000000000  0.0000000000  0.0000000000  0.0000000000
-353.7433327942  0.0000000000  0.0000000000  0.0000000000  0.0000000000
-352.4866957328  0.0000000000  0.0000000000  0.0000000000  0.0000000000
-351.2300586713  0.0000000000  0.0000000000  0.0000000000  0.0000000000
-349.9734216099  0.0000000000  0.0000000000  0.0000000000  0.0000000000
-348.7167845485  0.0000000000  0.0000000000  0.0000000000  0.0000000000
-347.4601474870  0.0000000000  0.0000000000  0.0000000000  0.0000000000
-346.2035104256  0.0000000000  0.0000000000  0.0000000000  0.0000000000
-344.9468733642  0.0000000000  0.0000000000  0.0000000000  0.0000000000
-343.6902363027  0.0000000000  0.0000000000  0.0000000000  0.0000000000
-342.4335992413  0.0000000000  0.0000000000  0.0000000000  0.0000000000
-341.1769621799  0.0000000000  0.0000000000  0.0000000000  0.0000000000
-339.9203251184  0.0000000000  0.0000000000  0.0000000000  0.0000000000
-338.6636880570  0.0000000000  0.0000000000  0.0000000000  0.0000000000
-337.4070509955  0.0000000000  0.0000000000  0.0000000000  0.0000000000
-336.1504139341  0.0000000000  0.0000000000  0.0000000000  0.0000000000
-334.8937768727  0.0000000000  0.0000000000  0.0000000000  0.0000000000
-333.6371398112  0.0000000000  0.0000000000  0.0000000000  0.0000000000
-332.3805027498  0.0000000000  0.0000000000  0.0000000000  0.0000000000
-331.1238656884  0.0000000000  0.0000000000  0.0000000000  0.0000000000
-329.8672286269  0.0000000000  0.0000000000  0.0000000000  0.0000000000
-328.6105915655  0.0000000000  0.0000000000  0.0000000000  0.0000000000
-327.3539545041  0.0000000000  0.0000000000  0.0000000000  0.0000000000
-326.0973174426  0.0000000000  0.0000000000  0.0000000000  0.0000000000
-324.8406803812  0.0000000000  0.0000000000  0.0000000000  0.0000000000
-323.5840433197  0.0000000000  0.0000000000  0.0000000000  0.0000000000
-322.3274062583  0.0000000000  0.0000000000  0.0000000000  0.0000000000
-321.0707691969  0.0000000000  0.0000000000  0.0000000000  0.0000000000
-319.8141321354  0.0000000000  0.0000000000  0.0000000000  0.0000000000
-318.5574950740  0.0000000000  0.0000000000  0.0000000000  0.0000000000
-317.3008580126  0.0000000000  0.0000000000  0.0000000000  0.0000000000
-316.0442209511  0.0000000000  0.0000000000  0.0000000000  0.0000000000
-314.7875838897  0.0000000000  0.0000000000  0.0000000000  0.0000000000
-313.5309468283  0.0000000000  0.0000000000  0.0000000000  0.0000000000
-312.2743097668  0.0000000000  0.0000000000  0.0000000000  0.0000000000
-311.0176727054  0.0000000000  0.0000000000  0.0000000000  0.0000000000
-309.7610356440  0.0000000000  0.0000000000  0.0000000000  0.0000000000
-308.5043985825  0.0000000000  0.0000000000  0.0000000000  0.0000000000
-307.2477615211  0.0000000000  0.0000000000  0.0000000000  0.0000000000
-305.9911244596  0.0000000000  0.0000000000  0.0000000000  0.0000000000
-304.7344873982  0.0000000000  0.0000000000  0.0000000000  0.0000000000
-303.4778503368  0.0000000000  0.0000000000  0.0000000000  0.0000000000
-302.2212132753  0.0000000000  0.0000000000  0.0000000000  0.0000000000
-300.9645762139  0.0000000000  0.0000000000  0.0000000000  0.0000000000
-299.7079391525  0.0000000000  0.0000000000  0.0000000000  0.0000000000
-298.4513020910  0.0000000000  0.0000000000  0.0000000000  0.0000000000
-297.1946650296  0.0000000000  0.0000000000  0.0000000000  0.0000000000
-295.9380279682  0.0000000000  0.0000000000  0.0000000000  0.0000000000
-294.6813909067  0.0000000000  0.0000000000  0.0000000000  0.0000000000
-293.4247538453  0.0000000000  0.0000000000  0.0000000000  0.0000000000
-292.1681167839  0.0000000000  0.0000000000  0.0000000000  0.0000000000
-290.9114797224  0.0000000000  0.0000000000  0.0000000000  0.0000000000
-289.6548426610  0.0000000000  0.0000000000  0.0000000000  0.0000000000
-288.3982055995  0.0000000000  0.0000000000  0.0000000000  0.0000000000
-287.1415685381  0.0000000000  0.0000000000  0.0000000000  0.0000000000
-285.8849314767  0.0000000000  0.0000000000  0.0000000000  0.0000000000
-284.6282944152  0.0000000000  0.0000000000  0.0000000000  0.0000000000
-283.3716573538  0.0000000000  0.0000000000  0.0000000000  0.0000000000
-282.1150202924  0.0000000000  0.0000000000  0.0000000000  0.0000000000
-280.8583832309  0.0000000000  0.0000000000  0.0000000000  0.0000000000
-279.6017461695  0.0000000000  0.0000000000  0.0000000000  0.0000000000
-278.3451091081  0.0000000000  0.0000000000  0.0000000000  0.0000000000
-277.0884720466  0.0000000000  0.0000000000  0.0000000000  0.0000000000
-275.8318349852  0.0000000000  0.0000000000  0.0000000000  0.0000000000
-274.5751979237  0.0000000000  0.0000000000  0.0000000000  0.0000000000
-273.3185608623  0.0000000000  0.0000000000  0.0000000000  0.0000000000
-272.0619238009  0.0000000000  0.0000000000  0.0000000000  0.0000000000
-270.8052867394  0.0000000000  0.0000000000  0.0000000000  0.0000000000
-269.5486496780  0.0000000000  0.0000000000  0.0000000000  0.0000000000
-268.2920126166  0.0000000000  0.0000000000  0.0000000000  0.0000000000
-267.0353755551  0.0000000000  0.0000000000  0.0000000000  0.0000000000
-265.7787384937  0.0000000000  0.0000000000  0.0000000000  0.0000000000
-264.5221014323  0.0000000000  0.0000000000  0.0000000000  0.0000000000
-263.2654643708  0.0000000000  0.0000000000  0.0000000000  0.0000000000
-262.0088273094  0.0000000000  0.0000000000  0.0000000000  0.0000000000
-260.7521902480  0.0000000000  0.0000000000  0.0000000000  0.0000000000
-259.4955531865  0.0000000000  0.0000000000  0.0000000000  0.0000000000
-258.2389161251  0.0000000000  0.0000000000  0.0000000000  0.0000000000
-256.9822790636  0.0000000000  0.0000000000  0.0000000000  0.0000000000
-255.7256420022  0.0000000000  0.0000000000  0.0000000000  0.0000000000
-254.4690049408  0.0000000000  0.0000000000  0.0000000000  0.0000000000
-253.2123678793  0.0000000000  0.0000000000  0.0000000000  0.0000000000
-251.9557308179  0.0000000000  0.0000000000  0.0000000000  0.0000000000
-250.6990937565  0.0000000000  0.0000000000  0.0000000000  0.0000000000
-249.4424566950  0.0000000000  0.0000000000  0.0000000000  0.0000000000
-248.1858196336  0.0000000000  0.0000000000  0.0000000000  0.0000000000
-246.9291825722  0.0000000000  0.0000000000  0.0000000000  0.0000000000
-245.6725455107  0.0000000000  0.0000000000  0.0000000000  0.0000000000
-244.4159084493  0.0000000000  0.0000000000  0.0000000000  0.0000000000
-243.1592713878  0.0000000000  0.0000000000  0.0000000000  0.0000000000
-241.9026343264  0.0000000000  0.0000000000  0.0000000000  0.0000000000
-240.6459972650  0.0000000000  0.0000000000  0.0000000000  0.0000000000
-239.3893602035  0.0000000000  0.0000000000  0.0000000000  0.0000000000
-238.1327231421  0.0000000000  0.0000000000  0.0000000000  0.0000000000
-236.8760860807  0.0000000000  0.0000000000  0.0000000000  0.0000000000
-235.6194490192  0.0000000000  0.0000000000  0.0000000000  0.0000000000
-234.3628119578  0.0000000000  0.0000000000  0.0000000000  0.0000000000
-233.1061748964  0.0000000000  0.0000000000  0.0000000000  0.0000000000
-231.8495378349  0.0000000000  0.0000000000  0.0000000000  0.0000000000
-230.5929007735  0.0000000000  0.0000000000  0.0000000000  0.0000000000
-229.3362637121  0.0000000000  0.0000000000  0.0000000000  0.0000000000
-228.0796266506  0.0000000000  0.0000000000  0.0000000000  0.0000000000
-226.8229895892  0.0000000000  0.0000000000  0.0000000000  0.0000000000
-225.5663525277  0.0000000000  0.0000000000  0.0000000000  0.0000000000
-224.3097154663  0.0000000000  0.0000000000  0.0000000000  0.0000000000
-223.0530784049  0.0000000000  0.0000000000  0.0000000000  0.0000000000
-221.7964413434  0.0000000000  0.0000000000  0.0000000000  0.0000000000
-220.5398042820  0.0000000000  0.0000000000  0.0000000000  0.0000000000
-219.2831672206  0.0000000000  0.0000000000  0.0000000000  0.0000000000
-218.0265301591  0.0000000000  0.0000000000  0.0000000000  0.0000000000
-216.7698930977  0.0000000000  0.0000000000  0.0000000000  0.0000000000
-215.5132560363  0.0000000000  0.0000000000  0.0000000000  0.0000000000
-214.2566189748  0.0000000000  0.0000000000  0.0000000000  0.0000000000
-212.9999819134  0.0000000000  0.0000000000  0.0000000000  0.0000000000
-211.7433448520  0.0000000000  0.0000000000  0.0000000000  0.0000000000
-210.4867077905  0.0000000000  0.0000000000  0.0000000000  0.0000000000
-209.2300707291  0.0000000000  0.0000000000  0.0000000000  0.0000000000
-207.9734336676  0.0000000000  0.0000000000  0.0000000000  0.0000000000
-206.7167966062  0.0000000000  0.0000000000  0.0000000000  0.0000000000
-205.4601595448  0.0000000000  0.0000000000  0.0000000000  0.0000000000
-204.2035224833  0.0000000000  0.0000000000  0.0000000000  0.0000000000
-202.9468854219  0.0000000000  0.0000000000  0.0000000000  0.0000000000
-201.6902483605  0.0000000000  0.0000000000  0.0000000000  0.0000000000
-200.4336112990  0.0000000000  0.0000000000  0.0000000000  0.0000000000
-199.1769742376  0.0000000000  0.0000000000  0.0000000000  0.0000000000
-197.9203371762  0.0000000000  0.0000000000  0.0000000000  0.0000000000
-196.6637001147  0.0000000000  0.0000000000  0.0000000000  0.0000000000
-195.4070630533  0.0000000000  0.0000000000  0.0000000000  0.0000000000
-194.1504259918  0.0000000000  0.0000000000  0.0000000000  0.0000000000
-192.8937889304  0.0000000000  0.0000000000  0.0000000000  0.0000000000
-191.6371518690  0.0000000000  0.0000000000  0.0000000000  0.0000000000
-190.3805148075  0.0000000000  0.0000000000  0.0000000000  0.0000000000
-189.1238777461  0.0000000000  0.0000000000  0.0000000000  0.0000000000
-187.8672406847  0.0000000000  0.0000000000  0.0000000000  0.0000000000
-186.6106036232  0.0000000000  0.0000000000  0.0000000000  0.0000000000
-185.3539665618  0.0000000000  0.0000000000  0.0000000000  0.0000000000
-184.0973295004  0.0000000000  0.0000000000  0.0000000000  0.0000000000
-182.8406924389  0.0000000000  0.0000000000  0.0000000000  0.0000000000
-181.5840553775  0.0000000000  0.0000000000  0.0000000000  0.0000000000
-180.3274183161  0.0000000000  0.0000000000  0.0000000000  0.0000000000
-179.0707812546  0.0000000000  0.0000000000  0.0000000000  0.0000000000
-177.8141441932  0.0000000000  0.0000000000  0.0000000000  0.0000000000
-176.5575071317  0.0000000000  0.0000000000  0.0000000000  0.0000000000
-175.3008700703  0.0000000000  0.0000000000  0.0000000000  0.0000000000
-174.0442330089  0.0000000000  0.0000000000  0.0000000000  0.0000000000
-172.7875959474  0.0000000000  0.0000000000  0.0000000000  0.0000000000
-171.5309588860  0.0000000000  0.0000000000  0.0000000000  0.0000000000
-170.2743218246  0.0000000000  0.0000000000  0.0000000000  0.0000000000
-169.0176847631  0.0000000000  0.0000000000  0.0000000000  0.0000000000
-167.7610477017  0.0000000000  0.0000000000  0.0000000000  0.0000000000
-166.5044106403  0.0000000000  0.0000000000  0.0000000000  0.0000000000
-165.2477735788  0.0000000000  0.0000000000  0.0000000000  0.0000000000
-163.9911365174  0.0000000000  0.0000000000  0.0000000000  0.0000000000
-162.7344994560  0.0000000000  0.0000000000  0.0000000000  0.0000000000
-161.4778623945  0.0000000000  0.0000000000  0.0000000000  0.0000000000
-160.2212253331  0.0000000000  0.0000000000  0.0000000000  0.0000000000
-158.9645882716  0.0000000000  0.0000000000  0.0000000000  0.0000000000
-157.7079512102  0.0000000000  0.0000000000  0.0000000000  0.0000000000
-156.4513141488  0.0000000000  0.0000000000  0.0000000000  0.0000000000
-155.1946770873  0.0000000000  0.0000000000  0.0000000000  0.0000000000
-153.9380400259  0.0000000000  0.0000000000  0.0000000000  0.0000000000
-152.6814029645  0.0000000000  0.0000000000  0.0000000000  0.0000000000
-151.4247659030  0.0000000000  0.0000000000  0.0000000000  0.0000000000
-150.1681288416  0.0000000000  0.0000000000  0.0000000000  0.0000000000
-148.9114917802  0.0000000000  0.0000000000  0.0000000000  0.0000000000
-147.6548547187  0.0000000000  0.0000000000  0.0000000000  0.0000000000
-146.3982176573  0.0000000000  0.0000000000  0.0000000000  0.0000000000
-145.1415805958  0.0000000000  0.0000000000  0.0000000000  0.0000000000
-143.8849435344  0.0000000000  0.0000000000  0.0000000000  0.0000000000
-142.6283064730  0.0000000000  0.0000000000  0.0000000000  0.0000000000
-141.3716694115  0.0000000000  0.0000000000  0.0000000000  0.0000000000
-140.1150323501  0.0000000000  0.0000000000  0.0000000000  0.0000000000
-138.8583952887  0.0000000000  0.0000000000  0.0000000000  0.0000000000
-137.6017582272  0.0000000000  0.0000000000  0.0000000000  0.0000000000
-136.3451211658  0.0000000000  0.0000000000  0.0000000000  0.0000000000
-135.0884841044  0.0000000000  0.0000000000  0.0000000000  0.0000000000
-133.8318470429  0.0000000000  0.0000000000  0.0000000000  0.0000000000
-132.5752099815  0.0000000000  0.0000000000  0.0000000000  0.0000000000
-131.3185729201  0.0000000000  0.0000000000  0.0000000000  0.0000000000
-130.0619358586  0.0000000000  0.0000000000  0.0000000000  0.0000000000
-128.8052987972  0.0000000000  0.0000000000  0.0000000000  0.0000000000
-127.5486617357  0.0000000000  0.0000000000  0.0000000000  0.0000000000
-126.2920246743  0.0000000000  0.0000000000  0.0000000000  0.0000000000
-125.0353876129  0.0000000000  0.0000000000  0.0000000000  0.0000000000
-123.7787505514  0.0000000000  0.0000000000  0.0000000000  0.0000000000
-122.5221134900  0.0000000000  0.0000000000  0.0000000000  0.0000000000
-121.2654764286  0.0000000000  0.0000000000  0.0000000000  0.0000000000
-120.0088393671  0.0000000000  0.0000000000  0.0000000000  0.0000000000
-118.7522023057  0.0000000000  0.0000000000  0.0000000000  0.0000000000
-117.4955652443  0.0000000000  0.0000000000  0.0000000000  0.0000000000
-116.2389281828  0.0000000000  0.0000000000  0.0000000000  0.0000000000
-114.9822911214  0.0000000000  0.0000000000  0.0000000000  0.0000000000
-113.7256540600  0.0000000000  0.0000000000  0.0000000000  0.0000000000
-112.4690169985  0.0000000000  0.0000000000  0.0000000000  0.0000000000
-111.2123799371  0.0000000000  0.0000000000  0.0000000000  0.0000000000
-109.9557428756  0.0000000000  0.0000000000  0.0000000000  0.0000000000
-108.6991058142  0.0000000000  0.0000000000  0.0000000000  0.0000000000
-107.4424687528  0.0000000000  0.0000000000  0.0000000000  0.0000000000
-106.1858316913  0.0000000000  0.0000000000  0.0000000000  0.0000000000
-104.9291946299  0.0000000000  0.0000000000  0.0000000000  0.0000000000
-103.6725575685  0.0000000000  0.0000000000  0.0000000000  0.0000000000
-102.4159205070  0.0000000000  0.0000000000  0.0000000000  0.0000000000
-101.1592834456  0.0000000000  0.0000000000  0.0000000000  0.0000000000
-99.9026463842  0.0000000000  0.0000000000  0.0000000000  0.0000000000
-98.6460093227  0.0000000000  0.0000000000  0.0000000000  0.0000000000
-97.3893722613  0.0000000000  0.0000000000  0.0000000000  0.0000000000
-96.1327351998  0.0000000000  0.0000000000  0.0000000000  0.0000000000
-94.8760981384  0.0000000000  0.0000000000  0.0000000000  0.0000000000
-93.6194610770  0.0000000000  0.0000000000  0.0000000000  0.0000000000
-92.3628240155  0.0000000000  0.0000000000  0.0000000000  0.0000000000
-91.1061869541  0.0000000000  0.0000000000  0.0000000000  0.0000000000
-89.8495498927  0.0000000000  0.0000000000  0.0000000000  0.0000000000
-88.5929128312  0.0000000000  0.0000000000  0.0000000000  0.0000000000
-87.3362757698  0.0000000000  0.0000000000  0.0000000000  0.0000000000
-86.0796387084  0.0000000000  0.0000000000  0.0000000000  0.0000000000
-84.8230016469  0.0000000000  0.0000000000  0.0000000000  0.0000000000
-83.5663645855  0.0000000000  0.0000000000  0.0000000000  0.0000000000
-82.3097275241  0.0000000000  0.0000000000  0.0000000000  0.0000000000
-81.0530904626  0.0000000000  0.0000000000  0.0000000000  0.0000000000
-79.7964534012  0.0000000000  0.0000000000  0.0000000000  0.0000000000
-78.5398163397  0.0000000000  0.0000000000  0.0000000000  0.0000000000
-77.2831792783  0.0000000000  0.0000000000  0.0000000000  0.0000000000
-76.0265422169  0.0000000000  0.0000000000  0.0000000000  0.0000000000
-74.7699051554  0.0000000000  0.0000000000  0.0000000000  0.0000000000
-73.5132680940  0.0000000000  0.0000000000  0.0000000000  0.0000000000
-72.2566310326  0.0000000000  0.0000000000  0.0000000000  0.0000000000
-70.9999939711  0.0000000000  0.0000000000  0.0000000000  0.0000000000
-69.7433569097  0.0000000000  0.0000000000  0.0000000000  0.0000000000
-68.4867198483  0.0000000000  0.0000000000  0.0000000000  0.0000000000
-67.2300827868  0.0000000000  0.0000000000  0.0000000000  0.0000000000
-65.9734457254  0.0000000000  0.0000000000  0.0000000000  0.0000000000
-64.7168086639  0.0000000000  0.0000000000  0.0000000000  0.0000000000
-63.4601716025  0.0000000000  0.0000000000  0.0000000000  0.0000000000
-62.2035345411  0.0000000000  0.0000000000  0.0000000000  0.0000000000
-60.9468974796  0.0000000000  0.0000000000  0.0000000000  0.0000000000
-59.6902604182  0.0000000000  0.0000000000  0.0000000000  0.0000000000
-58.4336233568  0.0000000000  0.0000000000  0.0000000000  0.0000000000
-57.1769862953  0.0000000000  0.0000000000  0.0000000000  0.0000000000
-55.9203492339  0.0000000000  0.0000000000  0.0000000000  0.0000000000
-54.6637121725  0.0000000000  0.0000000000  0.0000000000  0.0000000000
-53.4070751110  0.0000000000  0.0000000000  0.0000000000  0.0000000000
-52.1504380496  0.0000000000  0.0000000000  0.0000000000  0.0000000000
-50.8938009882  0.0000000000  0.0000000000  0.0000000000  0.0000000000
-49.6371639267  0.0000000000  0.0000000000  0.0000000000  0.0000000000
-48.3805268653  0.0000000000  0.0000000000  0.0000000000  0.0000000000
-47.1238898038  0.0000000000  0.0000000000  0.0000000000  0.0000000000
-45.8672527424  0.0000000000  0.0000000000  0.0000000000  0.0000000000
-44.6106156810  0.0000000000  0.0000000000  0.0000000000  0.0000000000
-43.3539786195  0.0000000000  0.0000000000  0.0000000000  0.0000000000
-42.0973415581  0.0000000000  0.0000000000  0.0000000000  0.0000000000
-40.8407044967  0.0000000000  0.0000000000  0.0000000000  0.0000000000
-39.5840674352  0.0000000000  0.0000000000  0.0000000000  0.0000000000
-38.3274303738  0.0000000000  0.0000000000  0.0000000000  0.0000000000
-37.0707933124  0.0000000000  0.0000000000  0.0000000000  0.0000000000
-35.8141562509  0.0000000000  0.0000000000  0.0000000000  0.0000000000
-34.5575191895  0.0000000000  0.0000000000  0.0000000000  0.0000000000
-33.3008821281  0.0000000000  0.0000000000  0.0000000000  0.0000000000
-32.0442450666  0.0000000000  0.0000000000  0.0000000000  0.0000000000
-30.7876080052  0.0000000000  0.0000000000  0.0000000000  0.0000000000
-29.5309709437  0.0000000000  0.0000000000  0.0000000000  0.0000000000
-28.2743338823  0.0000000000  0.0000000000  0.0000000000  0.0000000000
-27.0176968209  0.0000000000  0.0000000000  0.0000000000  0.0000000000
-25.7610597594  0.0000000000  0.0000000000  0.0000000000  0.0000000000
-24.5044226980  0.0000000000  0.0000000000  0.0000000000  0.0000000000
-23.2477856366  0.0000000000  0.0000000000  0.0000000000  0.0000000000
-21.9911485751  0.0000000000  0.0000000000  0.0000000000  0.0000000000
-20.7345115137  0.0000000000  0.0000000000  0.0000000000  0.0000000000
-19.4778744523  0.0000000000  0.0000000000  0.0000000000  0.0000000000
-18.2212373908  0.0000000000  0.0000000000  0.0000000000  0.0000000000
-16.9646003294  0.0000000000  0.0000000000  0.0000000000  0.0000000000
-15.7079632679  0.0000000000  0.0000000000  0.0000000000  0.0000000000
-14.4513262065  0.0000000000  0.0000000000  0.0000000000  0.0000000000
-13.1946891451  0.0000000000  0.0000000000  0.0000000000  0.0000000000
-11.9380520836  0.0000000000  0.0000000000  0.0000000000  0.0000000000
-10.6814150222  0.0000000000  0.0000000000  0.0000000000  0.0000000000
-9.4247779608  0.0000000000  0.0000000000  0.0000000000  0.0000000000
-8.1681408993  0.0000000000  0.0000000000  0.0000000000  0.0000000000
-6.9115038379  0.0000000000  0.0000000000  0.0000000000  0.0000000000
-5.6548667765  0.0000000000  0.0000000000  0.0000000000  0.0000000000
-4.3982297150  0.0000000000  0.0000000000  0.0000000000  0.0000000000
-3.1415926536  0.0000000000  0.0000000000  0.0000000000  0.0000000000
-1.8849555922  0.0000000000  0.0000000000  0.0000000000  -0.0000014329
-0.6283185307  0.0000000000  0.0000000000  0.0000044705  0.0000000000
0.6283185307  0.0000000000  0.0000000000  0.3986456861  -0.1446795522
1.8849555922  0.0000000000  0.0000000000  0.2392363664  -0.2082455184
3.1415926536  0.0000000000  0.0000000000  0.1449918777  -0.1954688963
4.3982297150  0.0000000000  0.0000000000  0.0930078918  -0.1697111884
5.6548667765  0.0000000000  0.0000000000  0.0633183746  -0.1458980965
6.9115038379  0.0000000000  0.0000000000  0.0453596807  -0.1264033465
8.1681408993  0.0000000000  0.0000000000  0.0338720115  -0.1108143197
9.4247779608  0.0000000000  0.0000000000  0.0261570407  -0.0983040716
10.6814150222  0.0000000000  0.0000000000  0.0207585400  -0.0881457117
11.9380520836  0.0000000000  0.0000000000  0.0168486176  -0.0797827486
13.1946891451  0.0000000000  0.0000000000  0.0139335402  -0.0728038969
14.4513262065  0.0000000000  0.0000000000  0.0117061146  -0.0669063472
15.7079632679  0.0000000000  0.0000000000  0.0099679917  -0.0618654183
16.9646003294  0.0000000000  0.0000000000  0.0085868862  -0.0575123638
18.2212373908  0.0000000000  0.0000000000  0.0074720370  -0.0537187237
19.4778744523  0.0000000000  0.0000000000  0.0065596016  -0.0503853714
20.7345115137  0.0000000000  0.0000000000  0.0058036725  -0.0474348121
21.9911485751  0.0000000000  0.0000000000  0.0051705872  -0.0448057148
23.2477856366  0.0000000000  0.0000000000  0.0046352266  -0.0424489842
24.5044226980  0.0000000000  0.0000000000  0.0041785512  -0.0403249025
25.7610597594  0.0000000000  0.0000000000  0.0037859239  -0.0384010227
27.0176968209  0.0000000000  0.0000000000  0.0034459471  -0.0366505984
28.2743338823  0.0000000000  0.0000000000  0.0031496419  -0.0350513979
29.5309709437  0.0000000000  0.0000000000  0.0028898592  -0.0335847992
30.7876080052  0.0000000000  0.0000000000  0.0026608508  -0.0322350926
32.0442450666  0.0000000000  0.0000000000  0.0024579537  -0.0309889373
33.3008821281  0.0000000000  0.0000000000  0.0022773536  -0.0298349343
34.5575191895  0.0000000000  0.0000000000  0.0021159066  -0.0287632881
35.8141562509  0.0000000000  0.0000000000  0.0019710025  -0.0277655357
37.0707933124  0.0000000000  0.0000000000  0.0018404607  -0.0268343289
38.3274303738  0.0000000000  0.0000000000  0.0017224473  -0.0259632578
39.5840674352  0.0000000000  0.0000000000  0.0016154117  -0.0251467062
40.8407044967  0.0000000000  0.0000000000  0.0015180357  -0.0243797329
42.0973415581  0.0000000000  0.0000000000  0.0014291927  -0.0236579739
43.3539786195  0.0000000000  0.0000000000  0.0013479155  -0.0229775607
44.6106156810  0.0000000000  0.0000000000  0.0012733701  -0.0223350524
45.8672527424  0.0000000000  0.0000000000  0.0012048338  -0.0217273781
47.1238898038  0.0000000000  0.0000000000  0.0011416787  -0.0211517890
48.3805268653  0.0000000000  0.0000000000  0.0010833565  -0.0206058169
49.6371639267  0.0000000000  0.0000000000  0.0010293868  -0.0200872401
50.8938009882  0.0000000000  0.0000000000  0.0009793475  -0.0195940527
52.1504380496  0.0000000000  0.0000000000  0.0009328665  -0.0191244395
53.4070751110  0.0000000000  0.0000000000  0.0008896146  -0.0186767541
54.6637121725  0.0000000000  0.0000000000  0.0008492996  -0.0182494994
55.9203492339  0.0000000000  0.0000000000  0.0008116618  -0.0178413111
57.1769862953  0.0000000000  0.0000000000  0.0007764696  -0.0174509437
58.4336233568  0.0000000000  0.0000000000  0.0007435156  -0.0170772574
59.6902604182  0.0000000000  0.0000000000  0.0007126143  -0.0167192076
60.9468974796  0.0000000000  0.0000000000  0.0006835987  -0.0163758349
62.2035345411  0.0000000000  0.0000000000  0.0006563185  -0.0160462565
63.4601716025  0.0000000000  0.0000000000  0.0006306382  -0.0157296591
64.7168086639  0.0000000000  0.0000000000  0.0006064352  -0.0154252919
65.9734457254  0.0000000000  0.0000000000  0.0005835983  -0.0151324608
67.2300827868  0.0000000000  0.0000000000  0.0005620268  -0.0148505232
68.4867198483  0.0000000000  0.0000000000  0.0005416288  -0.0145788832
69.7433569097  0.0000000000  0.0000000000  0.0005223208  -0.0143169876
70.9999939711  0.0000000000  0.0000000000  0.0005040266  -0.0140643221
72.2566310326  0.0000000000  0.0000000000  0.0004866764  -0.0138204078
73.5132680940  0.0000000000  0.0000000000  0.0004702065  -0.0135847984
74.7699051554  0.0000000000  0.0000000000  0.0004545583  -0.0133570775
76.0265422169  0.0000000000  0.0000000000  0.0004396780  -0.0131368558
77.2831792783  0.0000000000  0.0000000000  0.0004255163  -0.0129237693
78.5398163397  0.0000000000  0.0000000000  0.0004120276  -0.0127174773
79.7964534012  0.0000000000  0.0000000000  0.0003991700  -0.0125176602
81.0530904626  0.0000000000  0.0000000000  0.0003869048  -0.0123240182
82.3097275241  0.0000000000  0.0000000000  0.0003751960  -0.0121362697
83.5663645855  0.0000000000  0.0000000000  0.0003640106  -0.0119541499
84.8230016469  0.0000000000  0.0000000000  0.0003533179  -0.0117774098
86.0796387084  0.0000000000  0.0000000000  0.0003430893  -0.0116058147
87.3362757698  0.0000000000  0.0000000000  0.0003332983  -0.0114391433
88.5929128312  0.0000000000  0.0000000000  0.0003239204  -0.0112771869
89.8495498927  0.0000000000  0.0000000000  0.0003149327  -0.0111197485
91.1061869541  0.0000000000  0.0000000000  0.0003063138  -0.0109666416
92.3628240155  0.0000000000  0.0000000000  0.0002980438  -0.0108176902
93.6194610770  0.0000000000  0.0000000000  0.0002901042  -0.0106727274
94.8760981384  0.0000000000  0.0000000000  0.0002824775  -0.0105315954
96.1327351998  0.0000000000  0.0000000000  0.0002751476  -0.0103941443
97.3893722613  0.0000000000  0.0000000000  0.0002680993  -0.0102602321
98.6460093227  0.0000000000  0.0000000000  0.0002613183  -0.0101297239
99.9026463842  0.0000000000  0.0000000000  0.0002547912  -0.0100024918
101.1592834456  0.0000000000  0.0000000000  0.0002485056  -0.0098784139
102.4159205070  0.0000000000  0.0000000000  0.0002424497  -0.0097573745
103.6725575685  0.0000000000  0.0000000000  0.0002366125  -0.0096392634
104.9291946299  0.0000000000  0.0000000000  0.0002309835  -0.0095239757
106.1858316913  0.0000000000  0.0000000000  0.0002255529  -0.0094114114
107.4424687528  0.0000000000  0.0000000000  0.0002203116  -0.0093014751
108.6991058142  0.0000000000  0.0000000000  0.0002152508  -0.0091940760
109.9557428756  0.0000000000  0.0000000000  0.0002103624  -0.0090891272
111.2123799371  0.0000000000  0.0000000000  0.0002056386  -0.0089865460
112.4690169985  0.0000000000  0.0000000000  0.0002010721  -0.0088862531
113.7256540600  0.0000000000  0.0000000000  0.0001966561  -0.0087881729
114.9822911214  0.0000000000  0.0000000000  0.0001923838  -0.0086922330
116.2389281828  0.0000000000  0.0000000000  0.0001882493  -0.0085983640
117.4955652443  0.0000000000  0.0000000000  0.0001842466  -0.0085064998
118.7522023057  0.0000000000  0.0000000000  0.0001803702  -0.0084165768
120.0088393671  0.0000000000  0.0000000000  0.0001766149  -0.0083285341
121.2654764286  0.0000000000  0.0000000000  0.0001729756  -0.0082423133
122.5221134900  0.0000000000  0.0000000000  0.0001694476  -0.0081578587
123.7787505514  0.0000000000  0.0000000000  0.0001660264  -0.0080751164
125.0353876129  0.0000000000  0.0000000000  0.0001627078  -0.0079940349
126.2920246743  0.0000000000  0.0000000000  0.0001594877  -0.0079145648
127.5486617357  0.0000000000  0.0000000000  0.0001563622  -0.0078366585
128.8052987972  0.0000000000  0.0000000000  0.0001533277  -0.0077602702
130.0619358586  0.0000000000  0.0000000000  0.0001503807  -0.0076853562
131.3185729201  0.0000000000  0.0000000000  0.0001475178  -0.0076118741
132.5752099815  0.0000000000  0.0000000000  0.0001447359  -0.0075397834
133.8318470429  0.0000000000  0.0000000000  0.0001420319  -0.0074690447
135.0884841044  0.0000000000  0.0000000000  0.0001394029  -0.0073996206
136.3451211658  0.0000000000  0.0000000000  0.0001368463  -0.0073314746
137.6017582272  0.0000000000  0.0000000000  0.0001343594  -0.0072645719
138.8583952887  0.0000000000  0.0000000000  0.0001319396  -0.0071988787
140.1150323501  0.0000000000  0.0000000000  0.0001295847  -0.0071343626
141.3716694115  0.0000000000  0.0000000000  0.0001272922  -0.0070709922
142.6283064730  0.0000000000  0.0000000000  0.0001250600  -0.0070087372
143.8849435344  0.0000000000  0.0000000000  0.0001228859  -0.0069475685
145.1415805958  0.0000000000  0.0000000000  0.0001207681  -0.0068874579
146.3982176573  0.0000000000  0.0000000000  0.0001187046  -0.0068283781
147.6548547187  0.0000000000  0.0000000000  0.0001166935  -0.0067703030
148.9114917802  0.0000000000  0.0000000000  0.0001147330  -0.0067132071
150.1681288416  0.0000000000  0.0000000000  0.0001128216  -0.0066570658
151.4247659030  0.0000000000  0.0000000000  0.0001109575  -0.0066018555
152.6814029645  0.0000000000  0.0000000000  0.0001091392  -0.0065475531
153.9380400259  0.0000000000  0.0000000000  0.0001073653  -0.0064941365
155.1946770873  0.0000000000  0.0000000000  0.0001056342  -0.0064415841
156.4513141488  0.0000000000  0.0000000000  0.0001039447  -0.0063898752
157.7079512102  0.0000000000  0.0000000000  0.0001022954  -0.0063389896
158.9645882716  0.0000000000  0.0000000000  0.0001006850  -0.0062889078
160.2212253331  0.0000000000  0.0000000000  0.0000991124  -0.0062396109
161.4778623945  0.0000000000  0.0000000000  0.0000975763  -0.0061910807
162.7344994560  0.0000000000  0.0000000000  0.0000960756  -0.0061432993
163.9911365174  0.0000000000  0.0000000000  0.0000946093  -0.0060962497
165.2477735788  0.0000000000  0.0000000000  0.0000931763  -0.0060499150
166.5044106403  0.0000000000  0.0000000000  0.0000917756  -0.0060042792
167.7610477017  0.0000000000  0.0000000000  0.0000904062  -0.0059593266
169.0176847631  0.0000000000  0.0000000000  0.0000890673  -0.0059150418
170.2743218246  0.0000000000  0.0000000000  0.0000877579  -0.0058714103
171.5309588860  0.0000000000  0.0000000000  0.0000864772  -0.0058284175
172.7875959474  0.0000000000  0.0000000000  0.0000852242  -0.0057860496
174.0442330089  0.0000000000  0.0000000000  0.0000839984  -0.0057442931
175.3008700703  0.0000000000  0.0000000000  0.0000827987  -0.0057031349
176.5575071317  0.0000000000  0.0000000000  0.0000816246  -0.0056625621
177.8141441932  0.0000000000  0.0000000000  0.0000804753  -0.0056225623
179.0707812546  0.0000000000  0.0000000000  0.0000793501  -0.0055831236
180.3274183161  0.0000000000  0.0000000000  0.0000782483  -0.0055442342
181.5840553775  0.0000000000  0.0000000000  0.0000771693  -0.0055058827
182.8406924389  0.0000000000  0.0000000000  0.0000761125  -0.0054680580
184.0973295004  0.0000000000  0.0000000000  0.0000750772  -0.0054307494
185.3539665618  0.0000000000  0.0000000000  0.0000740629  -0.0053939463
186.6106036232  0.0000000000  0.0000000000  0.0000730690  -0.0053576386
187.8672406847  0.0000000000  0.0000000000  0.0000720950  -0.0053218163
189.1238777461  0.0000000000  0.0000000000  0.0000711404  -0.0052864697
190.3805148075  0.0000000000  0.0000000000  0.0000702045  -0.0052515895
191.6371518690  0.0000000000  0.0000000000  0.0000692871  -0.0052171665
192.8937889304  0.0000000000  0.0000000000  0.0000683874  -0.0051831917
194.1504259918  0.0000000000  0.0000000000  0.0000675052  -0.0051496565
195.4070630533  0.0000000000  0.0000000000  0.0000666400  -0.0051165523
196.6637001147  0.0000000000  0.0000000000  0.0000657913  -0.0050838709
197.9203371762  0.0000000000  0.0000000000  0.0000649587  -0.0050516044
199.1769742376  0.0000000000  0.0000000000  0.0000641418  -0.0050197447
200.4336112990  0.0000000000  0.0000000000  0.0000633402  -0.0049882843
201.6902483605  0.0000000000  0.0000000000  0.0000625535  -0.0049572158
202.9468854219  0.0000000000  0.0000000000  0.0000617814  -0.0049265318
204.2035224833  0.0000000000  0.0000000000  0.0000610235  -0.0048962252
205.4601595448  0.0000000000  0.0000000000  0.0000602795  -0.0048662892
206.7167966062  0.0000000000  0.0000000000  0.0000595490  -0.0048367169
207.9734336676  0.0000000000  0.0000000000  0.0000588317  -0.0048075018
209.2300707291  0.0000000000  0.0000000000  0.0000581272  -0.0047786375
210.4867077905  0.0000000000  0.0000000000  0.0000574354  -0.0047501177
211.7433448520  0.0000000000  0.0000000000  0.0000567558  -0.0047219362
212.9999819134  0.0000000000  0.0000000000  0.0000560882  -0.0046940871
214.2566189748  0.0000000000  0.0000000000  0.0000554323  -0.0046665645
215.5132560363  0.0000000000  0.0000000000  0.0000547879  -0.0046393627
216.7698930977  0.0000000000  0.0000000000  0.0000541546  -0.0046124762
218.0265301591  0.0000000000  0.0000000000  0.0000535323  -0.0045858994
219.2831672206  0.0000000000  0.0000000000  0.0000529206  -0.0045596271
220.5398042820  0.0000000000  0.0000000000  0.0000523193  -0.0045336541
221.7964413434  0.0000000000  0.0000000000  0.0000517283  -0.0045079752
223.0530784049  0.0000000000  0.0000000000  0.0000511472  -0.0044825856
224.3097154663  0.0000000000  0.0000000000  0.0000505758  -0.0044574803
225.5663525277  0.0000000000  0.0000000000  0.0000500139  -0.0044326547
226.8229895892  0.0000000000  0.0000000000  0.0000494614  -0.0044081039
228.0796266506  0.0000000000  0.0000000000  0.0000489180  -0.0043838236
229.3362637121  0.0000000000  0.0000000000  0.0000483834  -0.0043598093
230.5929007735  0.0000000000  0.0000000000  0.0000478576  -0.0043360566
231.8495378349  0.0000000000  0.0000000000  0.0000473403  -0.0043125613
233.1061748964  0.0000000000  0.0000000000  0.0000468314  -0.0042893192
234.3628119578  0.0000000000  0.0000000000  0.0000463306  -0.0042663263
235.6194490192  0.0000000000  0.0000000000  0.0000458378  -0.0042435785
236.8760860807  0.0000000000  0.0000000000  0.0000453528  -0.0042210719
238.1327231421  0.0000000000  0.0000000000  0.0000448755  -0.0041988029
239.3893602035  0.0000000000  0.0000000000  0.0000444056  -0.0041767675
240.6459972650  0.0000000000  0.0000000000  0.0000439431  -0.0041549621
241.9026343264  0.0000000000  0.0000000000  0.0000434878  -0.0041333833
243.1592713878  0.0000000000  0.0000000000  0.0000430396  -0.0041120274
244.4159084493  0.0000000000  0.0000000000  0.0000425982  -0.0040908910
245.6725455107  0.0000000000  0.0000000000  0.0000421636  -0.0040699707
246.9291825722  0.0000000000  0.0000000000  0.0000417356  -0.0040492633
248.1858196336  0.0000000000  0.0000000000  0.0000413141  -0.0040287656
249.4424566950  0.0000000000  0.0000000000  0.0000408989  -0.0040084743
250.6990937565  0.0000000000  0.0000000000  0.0000404900  -0.0039883863
251.9557308179  0.0000000000  0.0000000000  0.0000400872  -0.0039684986
253.2123678793  0.0000000000  0.0000000000  0.0000396903  -0.0039488083
254.4690049408  0.0000000000  0.0000000000  0.0000392993  -0.0039293124
255.7256420022  0.0000000000  0.0000000000  0.0000389141  -0.0039100080
256.9822790636  0.0000000000  0.0000000000  0.0000385345  -0.0038908924
258.2389161251  0.0000000000  0.0000000000  0.0000381604  -0.0038719627
259.4955531865  0.0000000000  0.0000000000  0.0000377918  -0.0038532163
260.7521902480  0.0000000000  0.0000000000  0.0000374285  -0.0038346506
262.0088273094  0.0000000000  0.0000000000  0.0000370703  -0.0038162629
263.2654643708  0.0000000000  0.0000000000  0.0000367173  -0.0037980506
264.5221014323  0.0000000000  0.0000000000  0.0000363693  -0.0037800114
265.7787384937  0.0000000000  0.0000000000  0.0000360263  -0.0037621426
267.0353755551  0.0000000000  0.0000000000  0.0000356880  -0.0037444420
268.2920126166  0.0000000000  0.0000000000  0.0000353545  -0.0037269072
269.5486496780  0.0000000000  0.0000000000  0.0000350257  -0.0037095358
270.8052867394  0.0000000000  0.0000000000  0.0000347014  -0.0036923256
272.0619238009  0.0000000000  0.0000000000  0.0000343816  -0.0036752743
273.3185608623  0.0000000000  0.0000000000  0.0000340663  -0.0036583798
274.5751979237  0.0000000000  0.0000000000  0.0000337552  -0.0036416399
275.8318349852  0.0000000000  0.0000000000  0.0000334484  -0.0036250524
277.0884720466  0.0000000000  0.0000000000  0.0000331457  -0.0036086154
278.3451091081  0.0000000000  0.0000000000  0.0000328471  -0.0035923267
279.6017461695  0.0000000000  0.0000000000  0.0000325526  -0.0035761844
280.8583832309  0.0000000000  0.0000000000  0.0000322619  -0.0035601865
282.1150202924  0.0000000000  0.0000000000  0.0000319752  -0.0035443311
283.3716573538  0.0000000000  0.0000000000  0.0000316923  -0.0035286163
284.6282944152  0.0000000000  0.0000000000  0.0000314131  -0.0035130402
285.8849314767  0.0000000000  0.0000000000  0.0000311375  -0.0034976010
287.1415685381  0.0000000000  0.0000000000  0.0000308656  -0.0034822969
288.3982055995  0.0000000000  0.0000000000  0.0000305973  -0.0034671262
289.6548426610  0.0000000000  0.0000000000  0.0000303324  -0.0034520870
290.9114797224  0.0000000000  0.0000000000  0.0000300709  -0.0034371777
292.1681167839  0.0000000000  0.0000000000  0.0000298128  -0.0034223967
293.4247538453  0.0000000000  0.0000000000  0.0000295580  -0.0034077422
294.6813909067  0.0000000000  0.0000000000  0.0000293065  -0.0033932127
295.9380279682  0.0000000000  0.0000000000  0.0000290582  -0.0033788065
297.1946650296  0.0000000000  0.0000000000  0.0000288130  -0.0033645222
298.4513020910  0.0000000000  0.0000000000  0.0000285709  -0.0033503581
299.7079391525  0.0000000000  0.0000000000  0.0000283318  -0.0033363127
300.9645762139  0.0000000000  0.0000000000  0.0000280957  -0.0033223846
302.2212132753  0.0000000000  0.0000000000  0.0000278626  -0.0033085723
303.4778503368  0.0000000000  0.0000000000  0.0000276323  -0.0032948744
304.7344873982  0.0000000000  0.0000000000  0.0000274049  -0.0032812894
305.9911244596  0.0000000000  0.0000000000  0.0000271803  -0.0032678160
307.2477615211  0.0000000000  0.0000000000  0.0000269585  -0.0032544527
308.5043985825  0.0000000000  0.0000000000  0.0000267393  -0.0032411983
309.7610356440  0.0000000000  0.0000000000  0.0000265228  -0.0032280514
311.0176727054  0.0000000000  0.0000000000  0.0000263089  -0.0032150108
312.2743097668  0.0000000000  0.0000000000  0.0000260977  -0.0032020750
313.5309468283  0.0000000000  0.0000000000  0.0000258889  -0.0031892429
314.7875838897  0.0000000000  0.0000000000  0.0000256826  -0.0031765133
316.0442209511  0.0000000000  0.0000000000  0.0000254788  -0.0031638848
317.3008580126  0.0000000000  0.0000000000  0.0000252774  -0.0031513564
318.5574950740  0.0000000000  0.0000000000  0.0000250784  -0.0031389268
319.8141321354  0.0000000000  0.0000000000  0.0000248817  -0.0031265949
321.0707691969  0.0000000000  0.0000000000  0.0000246873  -0.0031143594
322.3274062583  0.0000000000  0.0000000000  0.0000244952  -0.0031022194
323.5840433197  0.0000000000  0.0000000000  0.0000243054  -0.0030901736
324.8406803812  0.0000000000  0.0000000000  0.0000241177  -0.0030782210
326.0973174426  0.0000000000  0.0000000000  0.0000239322  -0.0030663605
327.3539545041  0.0000000000  0.0000000000  0.0000237488  -0.0030545910
328.6105915655  0.0000000000  0.0000000000  0.0000235675  -0.0030429115
329.8672286269  0.0000000000  0.0000000000  0.0000233883  -0.0030313210
331.1238656884  0.0000000000  0.0000000000  0.0000232112  -0.0030198185
332.3805027498  0.0000000000  0.0000000000  0.0000230360  -0.0030084029
333.6371398112  0.0000000000  0.0000000000  0.0000228628  -0.0029970733
334.8937768727  0.0000000000  0.0000000000  0.0000226916  -0.0029858287
336.1504139341  0.0000000000  0.0000000000  0.0000225222  -0.0029746682
337.4070509955  0.0000000000  0.0000000000  0.0000223548  -0.0029635907
338.6636880570  0.0000000000  0.0000000000  0.0000221892  -0.0029525955
339.9203251184  0.0000000000  0.0000000000  0.0000220255  -0.0029416815
341.1769621799  0.0000000000  0.0000000000  0.0000218635  -0.0029308480
342.4335992413  0.0000000000  0.0000000000  0.0000217034  -0.0029200939
343.6902363027  0.0000000000  0.0000000000  0.0000215450  -0.0029094184
344.9468733642  0.0000000000  0.0000000000  0.0000213883  -0.0028988208
346.2035104256  0.0000000000  0.0000000000  0.0000212333  -0.0028883000
347.4601474870  0.0000000000  0.0000000000  0.0000210800  -0.0028778553
348.7167845485  0.0000000000  0.0000000000  0.0000209284  -0.0028674859
349.9734216099  0.0000000000  0.0000000000  0.0000207784  -0.0028571909
351.2300586713  0.0000000000  0.0000000000  0.0000206300  -0.0028469696
352.4866957328  0.0000000000  0.0000000000  0.0000204831  -0.0028368212
353.7433327942  0.0000000000  0.0000000000  0.0000203379  -0.0028267448
354.9999698556  0.0000000000  0.0000000000  0.0000201941  -0.0028167398
356.2566069171  0.0000000000  0.0000000000  0.0000200519  -0.0028068054
357.5132439785  0.0000000000  0.0000000000  0.0000199112  -0.0027969407
358.7698810400  0.0000000000  0.0000000000  0.0000197720  -0.0027871452
360.0265181014  0.0000000000  0.0000000000  0.0000196342  -0.0027774180
361.2831551628  0.0000000000  0.0000000000  0.0000194979  -0.0027677585
362.5397922243  0.0000000000  0.0000000000  0.0000193630  -0.0027581660
363.7964292857  0.0000000000  0.0000000000  0.0000192294  -0.0027486397
365.0530663471  0.0000000000  0.0000000000  0.0000190973  -0.0027391789
366.3097034086  0.0000000000  0.0000000000  0.0000189665  -0.0027297831
367.5663404700  0.0000000000  0.0000000000  0.0000188370  -0.0027204515
368.8229775314  0.0000000000  0.0000000000  0.0000187089  -0.0027111835
370.0796145929  0.0000000000  0.0000000000  0.0000185821  -0.0027019784
371.3362516543  0.0000000000  0.0000000000  0.0000184565  -0.0026928356
372.5928887157  0.0000000000  0.0000000000  0.0000183322  -0.0026837545
373.8495257772  0.0000000000  0.0000000000  0.0000182092  -0.0026747344
375.1061628386  0.0000000000  0.0000000000  0.0000180874  -0.0026657748
376.3627999001  0.0000000000  0.0000000000  0.0000179668  -0.0026568749
377.6194369615  0.0000000000  0.0000000000  0.0000178475  -0.0026480343
378.8760740229  0.0000000000  0.0000000000  0.0000177293  -0.0026392523
380.1327110844  0.0000000000  0.0000000000  0.0000176123  -0.0026305284
381.3893481458  0.0000000000  0.0000000000  0.0000174964  -0.0026218620
382.6459852072  0.0000000000  0.0000000000  0.0000173817  -0.0026132524
383.9026222687  0.0000000000  0.0000000000  0.0000172681  -0.0026046993
385.1592593301  0.0000000000  0.0000000000  0.0000171556  -0.0025962019
386.4158963915  0.0000000000  0.0000000000  0.0000170442  -0.0025877598
387.6725334530  0.0000000000  0.0000000000  0.0000169339  -0.0025793724
388.9291705144  0.0000000000  0.0000000000  0.0000168246  -0.0025710392
390.1858075759  0.0000000000  0.0000000000  0.0000167164  -0.0025627597
391.4424446373  0.0000000000  0.0000000000  0.0000166093  -0.0025545333
392.6990816987  0.0000000000  0.0000000000  0.0000165032  -0.0025463595
393.9557187602  0.0000000000  0.0000000000  0.0000163981  -0.0025382379
395.2123558216  0.0000000000  0.0000000000  0.0000162940  -0.0025301680
396.4689928830  0.0000000000  0.0000000000  0.0000161908  -0.0025221492
397.7256299445  0.0000000000  0.0000000000  0.0000160887  -0.0025141810
398.9822670059  0.0000000000  0.0000000000  0.0000159875  -0.0025062631
400.2389040673  0.0000000000  0.0000000000  0.0000158873  -0.0024983948
401.4955411288  0.0000000000  0.0000000000  0.0000157880  -0.0024905758
402.7521781902  0.0000000000  0.0000000000  0.0000156896  -0.0024828056
404.0088152516  0.0000000000  0.0000000000  0.0000155922  -0.0024750837
405.2654523131  0.0000000000  0.0000000000  0.0000154956  -0.0024674097
406.5220893745  0.0000000000  0.0000000000  0.0000154000  -0.0024597832
407.7787264360  0.0000000000  0.0000000000  0.0000153052  -0.0024522036
409.0353634974  0.0000000000  0.0000000000  0.0000152113  -0.0024446706
410.2920005588  0.0000000000  0.0000000000  0.0000151183  -0.0024371837
411.5486376203  0.0000000000  0.0000000000  0.0000150261  -0.0024297426
412.8052746817  0.0000000000  0.0000000000  0.0000149348  -0.0024223467
414.0619117431  0.0000000000  0.0000000000  0.0000148443  -0.0024149958
415.3185488046  0.0000000000  0.0000000000  0.0000147546  -0.0024076893
416.5751858660  0.0000000000  0.0000000000  0.0000146657  -0.0024004269
417.8318229274  0.0000000000  0.0000000000  0.0000145776  -0.0023932082
419.0884599889  0.0000000000  0.0000000000  0.0000144903  -0.0023860327
420.3450970503  0.0000000000  0.0000000000  0.0000144038  -0.0023789002
421.6017341118  0.0000000000  0.0000000000  0.0000143181  -0.0023718101
422.8583711732  0.0000000000  0.0000000000  0.0000142331  -0.0023647622
424.1150082346  0.0000000000  0.0000000000  0.0000141489  -0.0023577561
425.3716452961  0.0000000000  0.0000000000  0.0000140654  -0.0023507913
426.6282823575  0.0000000000  0.0000000000  0.0000139827  -0.0023438676
427.8849194189  0.0000000000  0.0000000000  0.0000139007  -0.0023369846
429.1415564804  0.0000000000  0.0000000000  0.0000138194  -0.0023301418
430.3981935418  0.0000000000  0.0000000000  0.0000137388  -0.0023233390
431.6548306032  0.0000000000  0.0000000000  0.0000136590  -0.0023165758
432.9114676647  0.0000000000  0.0000000000  0.0000135798  -0.0023098519
434.1681047261  0.0000000000  0.0000000000  0.0000135013  -0.0023031669
435.4247417875  0.0000000000  0.0000000000  0.0000134235  -0.0022965204
436.6813788490  0.0000000000  0.0000000000  0.0000133463  -0.0022899122
437.9380159104  0.0000000000  0.0000000000  0.0000132699  -0.0022833420
439.1946529719  0.0000000000  0.0000000000  0.0000131940  -0.0022768093
440.4512900333  0.0000000000  0.0000000000  0.0000131189  -0.0022703139
441.7079270947  0.0000000000  0.0000000000  0.0000130443  -0.0022638554
442.9645641562  0.0000000000  0.0000000000  0.0000129704  -0.0022574336
444.2212012176  0.0000000000  0.0000000000  0.0000128971  -0.0022510481
445.4778382790  0.0000000000  0.0000000000  0.0000128245  -0.0022446987
446.7344753405  0.0000000000  0.0000000000  0.0000127524  -0.0022383849
447.9911124019  0.0000000000  0.0000000000  0.0000126810  -0.0022321066
449.2477494633  0.0000000000  0.0000000000  0.0000126102  -0.0022258634
450.5043865248  0.0000000000  0.0000000000  0.0000125399  -0.0022196550
451.7610235862  0.0000000000  0.0000000000  0.0000124702  -0.0022134812
453.0176606476  0.0000000000  0.0000000000  0.0000124012  -0.0022073416
454.2742977091  0.0000000000  0.0000000000  0.0000123326  -0.0022012359
455.5309347705  0.0000000000  0.0000000000  0.0000122647  -0.0021951640
456.7875718320  0.0000000000  0.0000000000  0.0000121973  -0.0021891254
458.0442088934  0.0000000000  0.0000000000  0.0000121305  -0.0021831200
459.3008459548  0.0000000000  0.0000000000  0.0000120642  -0.0021771475
460.5574830163  0.0000000000  0.0000000000  0.0000119985  -0.0021712075
461.8141200777  0.0000000000  0.0000000000  0.0000119332  -0.0021652999
463.0707571391  0.0000000000  0.0000000000  0.0000118686  -0.0021594243
464.3273942006  0.0000000000  0.0000000000  0.0000118044  -0.0021535805
465.5840312620  0.0000000000  0.0000000000  0.0000117408  -0.0021477682
466.8406683234  0.0000000000  0.0000000000  0.0000116777  -0.0021419873
468.0973053849  0.0000000000  0.0000000000  0.0000116151  -0.0021362374
469.3539424463  0.0000000000  0.0000000000  0.0000115529  -0.0021305182
470.6105795078  0.0000000000  0.0000000000  0.0000114913  -0.0021248296
471.8672165692  0.0000000000  0.0000000000  0.0000114302  -0.0021191713
473.1238536306  0.0000000000  0.0000000000  0.0000113696  -0.0021135431
474.3804906921  0.0000000000  0.0000000000  0.0000113094  -0.0021079447
475.6371277535  0.0000000000  0.0000000000  0.0000112497  -0.0021023758
476.8937648149  0.0000000000  0.0000000000  0.0000111905  -0.0020968363
478.1504018764  0.0000000000  0.0000000000  0.0000111318  -0.0020913259
479.4070389378  0.0000000000  0.0000000000  0.0000110735  -0.0020858444
480.6636759992  0.0000000000  0.0000000000  0.0000110157  -0.0020803916
481.9203130607  0.0000000000  0.0000000000  0.0000109583  -0.0020749672
483.1769501221  0.0000000000  0.0000000000  0.0000109014  -0.0020695710
484.4335871835  0.0000000000  0.0000000000  0.0000108449  -0.0020642028
485.6902242450  0.0000000000  0.0000000000  0.0000107889  -0.0020588623
486.9468613064  0.0000000000  0.0000000000  0.0000107333  -0.0020535495
488.2034983679  0.0000000000  0.0000000000  0.0000106781  -0.0020482639
489.4601354293  0.0000000000  0.0000000000  0.0000106233  -0.0020430056
490.7167724907  0.0000000000  0.0000000000  0.0000105690  -0.0020377741
491.9734095522  0.0000000000  0.0000000000  0.0000105151  -0.0020325694
493.2300466136  0.0000000000  0.0000000000  0.0000104615  -0.0020273912
494.4866836750  0.0000000000  0.0000000000  0.0000104084  -0.0020222393
495.7433207365  0.0000000000  0.0000000000  0.0000103557  -0.0020171135
496.9999577979  0.0000000000  0.0000000000  0.0000103034  -0.0020120136
498.2565948593  0.0000000000  0.0000000000  0.0000102515  -0.0020069395
499.5132319208  0.0000000000  0.0000000000  0.0000102000  -0.0020018909
500.7698689822  0.0000000000  0.0000000000  0.0000101489  -0.0019968676
502.0265060436  0.0000000000  0.0000000000  0.0000100982  -0.0019918695
503.2831431051  0.0000000000  0.0000000000  0.0000100478  -0.0019868963
504.5397801665  0.0000000000  0.0000000000  0.0000099978  -0.0019819479
505.7964172280  0.0000000000  0.0000000000  0.0000099482  -0.0019770241
507.0530542894  0.0000000000  0.0000000000  0.0000098989  -0.0019721247
508.3096913508  0.0000000000  0.0000000000  0.0000098501  -0.0019672495
509.5663284123  0.0000000000  0.0000000000  0.0000098015  -0.0019623983
510.8229654737  0.0000000000  0.0000000000  0.0000097534  -0.0019575710
512.0796025351  0.0000000000  0.0000000000  0.0000097056  -0.0019527675
513.3362395966  0.0000000000  0.0000000000  0.0000096581  -0.0019479874
514.5928766580  0.0000000000  0.0000000000  0.0000096110  -0.0019432307
515.8495137194  0.0000000000  0.0000000000  0.0000095642  -0.0019384971
517.1061507809  0.0000000000  0.0000000000  0.0000095178  -0.0019337865
518.3627878423  0.0000000000  0.0000000000  0.0000094717  -0.0019290988
519.6194249038  0.0000000000  0.0000000000  0.0000094260  -0.0019244338
520.8760619652  0.0000000000  0.0000000000  0.0000093805  -0.0019197913
522.1326990266  0.0000000000  0.0000000000  0.0000093354  -0.0019151711
523.3893360881  0.0000000000  0.0000000000  0.0000092907  -0.0019105731
524.6459731495  0.0000000000  0.0000000000  0.0000092462  -0.0019059971
525.9026102109  0.0000000000  0.0000000000  0.0000092021  -0.0019014430
527.1592472724  0.0000000000  0.0000000000  0.0000091583  -0.0018969106
528.4158843338  0.0000000000  0.0000000000  0.0000091147  -0.0018923997
529.6725213952  0.0000000000  0.0000000000  0.0000090716  -0.0018879103
530.9291584567  0.0000000000  0.0000000000  0.0000090287  -0.0018834421
532.1857955181  0.0000000000  0.0000000000  0.0000089861  -0.0018789950
533.4424325795  0.0000000000  0.0000000000  0.0000089438  -0.0018745688
534.6990696410  0.0000000000  0.0000000000  0.0000089018  -0.0018701635
535.9557067024  0.0000000000  0.0000000000  0.0000088601  -0.0018657788
537.2123437639  0.0000000000  0.0000000000  0.0000088187  -0.0018614146
538.4689808253  0.0000000000  0.0000000000  0.0000087776  -0.0018570708
539.7256178867  0.0000000000  0.0000000000  0.0000087368  -0.0018527472
540.9822549482  0.0000000000  0.0000000000  0.0000086962  -0.0018484437
542.2388920096  0.0000000000  0.0000000000  0.0000086560  -0.0018441602
543.4955290710  0.0000000000  0.0000000000  0.0000086160  -0.0018398964
544.7521661325  0.0000000000  0.0000000000  0.0000085763  -0.0018356524
546.0088031939  0.0000000000  0.0000000000  0.0000085369  -0.0018314278
547.2654402553  0.0000000000  0.0000000000  0.0000084977  -0.0018272227
548.5220773168  0.0000000000  0.0000000000  0.0000084588  -0.0018230368
549.7787143782  0.0000000000  0.0000000000  0.0000084202  -0.0018188701
551.0353514396  0.0000000000  0.0000000000  0.0000083818  -0.0018147223
552.2919885011  0.0000000000  0.0000000000  0.0000083437  -0.0018105935
553.5486255625  0.0000000000  0.0000000000  0.0000083059  -0.0018064833
554.8052626240  0.0000000000  0.0000000000  0.0000082683  -0.0018023918
556.0618996854  0.0000000000  0.0000000000  0.0000082310  -0.0017983188
557.3185367468  0.0000000000  0.0000000000  0.0000081939  -0.0017942642
558.5751738083  0.0000000000  0.0000000000  0.0000081571  -0.0017902278
559.8318108697  0.0000000000  0.0000000000  0.0000081205  -0.0017862095
561.0884479311  0.0000000000  0.0000000000  0.0000080842  -0.0017822092
562.3450849926  0.0000000000  0.0000000000  0.0000080481  -0.0017782268
563.6017220540  0.0000000000  0.0000000000  0.0000080122  -0.0017742621
564.8583591154  0.0000000000  0.0000000000  0.0000079766  -0.0017703151
566.1149961769  0.0000000000  0.0000000000  0.0000079412  -0.0017663856
567.3716332383  0.0000000000  0.0000000000  0.0000079061  -0.0017624736
568.6282702998  0.0000000000  0.0000000000  0.0000078712  -0.0017585788
569.8849073612  0.0000000000  0.0000000000  0.0000078365  -0.0017547011
571.1415444226  0.0000000000  0.0000000000  0.0000078021  -0.0017508406
572.3981814841  0.0000000000  0.0000000000  0.0000077679  -0.0017469970
573.6548185455  0.0000000000  0.0000000000  0.0000077339  -0.0017431702
574.9114556069  0.0000000000  0.0000000000  0.0000077001  -0.0017393602
576.1680926684  0.0000000000  0.0000000000  0.0000076665  -0.0017355667
577.4247297298  0.0000000000  0.0000000000  0.0000076332  -0.0017317898
578.6813667912  0.0000000000  0.0000000000  0.0000076001  -0.0017280293
579.9380038527  0.0000000000  0.0000000000  0.0000075672  -0.0017242851
581.1946409141  0.0000000000  0.0000000000  0.0000075345  -0.0017205571
582.4512779755  0.0000000000  0.0000000000  0.0000075020  -0.0017168451
583.7079150370  0.0000000000  0.0000000000  0.0000074698  -0.0017131492
584.9645520984  0.0000000000  0.0000000000  0.0000074377  -0.0017094691
586.2211891599  0.0000000000  0.0000000000  0.0000074059  -0.0017058048
587.4778262213  0.0000000000  0.0000000000  0.0000073742  -0.0017021562
588.7344632827  0.0000000000  0.0000000000  0.0000073428  -0.0016985231
589.9911003442  0.0000000000  0.0000000000  0.0000073115  -0.0016949056
591.2477374056  0.0000000000  0.0000000000  0.0000072805  -0.0016913034
592.5043744670  0.0000000000  0.0000000000  0.0000072496  -0.0016877164
593.7610115285  0.0000000000  0.0000000000  0.0000072190  -0.0016841447
595.0176485899  0.0000000000  0.0000000000  0.0000071885  -0.0016805880
596.2742856513  0.0000000000  0.0000000000  0.0000071582  -0.0016770464
597.5309227128  0.0000000000  0.0000000000  0.0000071282  -0.0016735196
598.7875597742  0.0000000000  0.0000000000  0.0000070983  -0.0016700076
600.0441968357  0.0000000000  0.0000000000  0.0000070686  -0.0016665104
601.3008338971  0.0000000000  0.0000000000  0.0000070391  -0.0016630277
602.5574709585  0.0000000000  0.0000000000  0.0000070097  -0.0016595596
603.8141080200  0.0000000000  0.0000000000  0.0000069806  -0.0016561059
605.0707450814  0.0000000000  0.0000000000  0.0000069516  -0.0016526666
606.3273821428  0.0000000000  0.0000000000  0.0000069228  -0.0016492415
607.5840192043  0.0000000000  0.0000000000  0.0000068942  -0.0016458306
608.8406562657  0.0000000000  0.0000000000  0.0000068658  -0.0016424338
610.0972933271  0.0000000000  0.0000000000  0.0000068376  -0.0016390509
611.3539303886  0.0000000000  0.0000000000  0.0000068095  -0.0016356820
612.6105674500  0.0000000000  0.0000000000  0.0000067816  -0.0016323269
613.8672045114  0.0000000000  0.0000000000  0.0000067538  -0.0016289855
615.1238415729  0.0000000000  0.0000000000  0.0000067263  -0.0016256578
616.3804786343  0.0000000000  0.0000000000  0.0000066989  -0.0016223436
617.6371156958  0.0000000000  0.0000000000  0.0000066716  -0.0016190429
618.8937527572  0.0000000000  0.0000000000  0.0000066446  -0.0016157557
620.1503898186  0.0000000000  0.0000000000  0.0000066177  -0.0016124817
621.4070268801  0.0000000000  0.0000000000  0.0000065909  -0.0016092210
622.6636639415  0.0000000000  0.0000000000  0.0000065644  -0.0016059735
623.9203010029  0.0000000000  0.0000000000  0.0000065379  -0.0016027390
625.1769380644  0.0000000000  0.0000000000  0.0000065117  -0.0015995175
626.4335751258  0.0000000000  0.0000000000  0.0000064856  -0.0015963090
627.6902121872  0.0000000000  0.0000000000  0.0000064596  -0.0015931133
628.9468492487  0.0000000000  0.0000000000  0.0000000000  0.0000000000
-627.6902121872  0.0000000000  3.1415926536  0.0000000000  0.0000000000
-626.4335751258  0.0000000000  3.1415926536  0.0000000000  0.0000000000
-625.1769380644  0.0000000000  3.1415926536  0.0000000000  0.0000000000
-623.9203010029  0.0000000000  3.1415926536  0.0000000000  0.0000000000
-622.6636639415  0.0000000000  3.1415926536  0.0000000000  0.0000000000
-621.4070268801  0.0000000000  3.1415926536  0.0000000000  0.0000000000
-620.1503898186  0.0000000000  3.1415926536  0.0000000000  0.0000000000
-618.8937527572  0.0000000000  3.1415926536  0.0000000000  0.0000000000
-617.6371156958  0.0000000000  3.1415926536  0.0000000000  0.0000000000
-616.3804786343  0.0000000000  3.1415926536  0.0000000000  0.0000000000
-615.1238415729  0.0000000000  3.1415926536  0.0000000000  0.0000000000
-613.8672045114  0.0000000000  3.1415926536  0.0000000000  0.0000000000
-612.6105674500  0.0000000000  3.1415926536  0.0000000000  0.0000000000
-611.3539303886  0.0000000000  3.1415926536  0.0000000000  0.0000000000
-610.0972933271  0.0000000000  3.1415926536  0.0000000000  0.0000000000
-608.8406562657  0.0000000000  3.1415926536  0.0000000000  0.0000000000
-607.5840192043  0.0000000000  3.1415926536  0.0000000000  0.0000000000
-606.3273821428  0.0000000000  3.1415926536  0.0000000000  0.0000000000
-605.0707450814  0.0000000000  3.1415926536  0.0000000000  0.0000000000
-603.8141080200  0.0000000000  3.1415926536  0.0000000000  0.0000000000
-602.5574709585  0.0000000000  3.1415926536  0.0000000000  0.0000000000
-601.3008338971  0.0000000000  3.1415926536  0.0000000000  0.0000000000
-600.0441968357  0.0000000000  3.1415926536  0.0000000000  0.0000000000
-598.7875597742  0.0000000000  3.1415926536  0.0000000000  0.0000000000
-597.5309227128  0.0000000000  3.1415926536  0.0000000000  0.0000000000
-596.2742856513  0.0000000000  3.1415926536  0.0000000000  0.0000000000
-595.0176485899  0.0000000000  3.1415926536  0.0000000000  0.0000000000
-593.7610115285  0.0000000000  3.1415926536  0.0000000000  0.0000000000
-592.5043744670  0.0000000000  3.1415926536  0.0000000000  0.0000000000
-591.2477374056  0.0000000000  3.1415926536  0.0000000000  0.0000000000
-589.9911003442  0.0000000000  3.1415926536  0.0000000000  0.0000000000
-588.7344632827  0.0000000000  3.1415926536  0.0000000000  0.0000000000
-587.4778262213  0.0000000000  3.1415926536  0.0000000000  0.0000000000
-586.2211891599  0.0000000000  3.1415926536  0.0000000000  0.0000000000
-584.9645520984  0.0000000000  3.1415926536  0.0000000000  0.0000000000
-583.7079150370  0.0000000000  3.1415926536  0.0000000000  0.0000000000
-582.4512779755  0.0000000000  3.1415926536  0.0000000000  0.0000000000
-581.1946409141  0.0000000000  3.1415926536  0.0000000000  0.0000000000
-579.9380038527  0.0000000000  3.1415926536  0.0000000000  0.0000000000
-578.6813667912  0.0000000000  3.1415926536  0.0000000000  0.0000000000
-577.4247297298  0.0000000000  3.1415926536  0.0000000000  0.0000000000
-576.1680926684  0.0000000000  3.1415926536  0.0000000000  0.0000000000
-574.9114556069  0.0000000000  3.1415926536  0.0000000000  0.0000000000
-573.6548185455  0.0000000000  3.1415926536  0.0000000000  0.0000000000
-572.3981814841  0.0000000000  3.1415926536  0.0000000000  0.0000000000
-571.1415444226  0.0000000000  3.1415926536  0.0000000000  0.0000000000
-569.8849073612  0.0000000000  3.1415926536  0.0000000000  0.0000000000
-568.6282702998  0.0000000000  3.1415926536  0.0000000000  0.0000000000
-567.3716332383  0.0000000000  3.1415926536  0.0000000000  0.0000000000
-566.1149961769  0.0000000000  3.1415926536  0.0000000000  0.0000000000
-564.8583591154  0.0000000000  3.1415926536  0.0000000000  0.0000000000
-563.6017220540  0.0000000000  3.1415926536  0.0000000000  0.0000000000
-562.3450849926  0.0000000000  3.1415926536  0.0000000000  0.0000000000
-561.0884479311  0.0000000000  3.1415926536  0.0000000000  0.0000000000
-559.8318108697  0.0000000000  3.1415926536  0.0000000000  0.0000000000
-558.5751738083  0.0000000000  3.1415926536  0.0000000000  0.0000000000
-557.3185367468  0.0000000000  3.1415926536  0.0000000000  0.0000000000
-556.0618996854  0.0000000000  3.1415926536  0.0000000000  0.0000000000
-554.8052626240  0.0000000000  3.1415926536  0.0000000000  0.0000000000
-553.5486255625  0.0000000000  3.1415926536  0.0000000000  0.0000000000
-552.2919885011  0.0000000000  3.1415926536  0.0000000000  0.0000000000
-551.0353514396  0.0000000000  3.1415926536  0.0000000000  0.0000000000
-549.7787143782  0.0000000000  3.1415926536  0.0000000000  0.0000000000
-548.5220773168  0.0000000000  3.1415926536  0.0000000000  0.0000000000
-547.2654402553  0.0000000000  3.1415926536  0.0000000000  0.0000000000
-546.0088031939  0.0000000000  3.1415926536  0.0000000000  0.0000000000
-544.7521661325  0.0000000000  3.1415926536  0.0000000000  0.0000000000
-543.4955290710  0.0000000000  3.1415926536  0.0000000000  0.0000000000
-542.2388920096  0.0000000000  3.1415926536  0.0000000000  0.0000000000
-540.9822549482  0.0000000000  3.1415926536  0.0000000000  0.0000000000
-539.7256178867  0.0000000000  3.1415926536  0.0000000000  0.0000000000
-538.4689808253  0.0000000000  3.1415926536  0.0000000000  0.0000000000
-537.2123437639  0.0000000000  3.1415926536  0.0000000000  0.0000000000
-535.9557067024  0.0000000000  3.1415926536  0.0000000000  0.0000000000
-534.6990696410  0.0000000000  3.1415926536  0.0000000000  0.0000000000
-533.4424325795  0.0000000000  3.1415926536  0.0000000000  0.0000000000
-532.1857955181  0.0000000000  3.1415926536  0.0000000000  0.0000000000
-530.9291584567  0.0000000000  3.1415926536  0.0000000000  0.0000000000
-529.6725213952  0.0000000000  3.1415926536  0.0000000000  0.0000000000
-528.4158843338  0.0000000000  3.1415926536  0.0000000000  0.0000000000
-527.1592472724  0.0000000000  3.1415926536  0.0000000000  0.0000000000
-525.9026102109  0.0000000000  3.1415926536  0.0000000000  0.0000000000
-524.6459731495  0.0000000000  3.1415926536  0.0000000000  0.0000000000
-523.3893360881  0.0000000000  3.1415926536  0.0000000000  0.0000000000
-522.1326990266  0.0000000000  3.1415926536  0.0000000000  0.0000000000
-520.8760619652  0.0000000000  3.1415926536  0.0000000000  0.0000000000
-519.6194249038  0.0000000000  3.1415926536  0.0000000000  0.0000000000
-518.3627878423  0.0000000000  3.1415926536  0.0000000000  0.0000000000
-517.1061507809  0.0000000000  3.1415926536  0.0000000000  0.0000000000
-515.8495137194  0.0000000000  3.1415926536  0.0000000000  0.0000000000
-514.5928766580  0.0000000000  3.1415926536  0.0000000000  0.0000000000
-513.3362395966  0.0000000000  3.1415926536  0.0000000000  0.0000000000
-512.0796025351  0.0000000000  3.1415926536  0.0000000000  0.0000000000
-510.8229654737  0.0000000000  3.1415926536  0.0000000000  0.0000000000
-509.5663284123  0.0000000000  3.1415926536  0.0000000000  0.0000000000
-508.3096913508  0.0000000000  3.1415926536  0.0000000000  0.0000000000
-507.0530542894  0.0000000000  3.1415926536  0.0000000000  0.0000000000
-505.7964172280  0.0000000000  3.1415926536  0.0000000000  0.0000000000
-504.5397801665  0.0000000000  3.1415926536  0.0000000000  0.0000000000
-503.2831431051  0.0000000000  3.1415926536  0.0000000000  0.0000000000
-502.0265060436  0.0000000000  3.1415926536  0.0000000000  0.0000000000
-500.7698689822  0.0000000000  3.1415926536  0.0000000000  0.0000000000
-499.5132319208  0.0000000000  3.1415926536  0.0000000000  0.0000000000
-498.2565948593  0.0000000000  3.1415926536  0.0000000000  0.0000000000
-496.9999577979  0.0000000000  3.1415926536  0.0000000000  0.0000000000
-495.7433207365  0.0000000000  3.1415926536  0.0000000000  0.0000000000
-494.4866836750  0.0000000000  3.1415926536  0.0000000000  0.0000000000
-493.2300466136  0.0000000000  3.1415926536  0.0000000000  0.0000000000
-491.9734095522  0.0000000000  3.1415926536  0.0000000000  0.0000000000
-490.7167724907  0.0000000000  3.1415926536  0.0000000000  0.0000000000
-489.4601354293  0.0000000000  3.1415926536  0.0000000000  0.0000000000
-488.2034983679  0.0000000000  3.1415926536  0.0000000000  0.0000000000
-486.9468613064  0.0000000000  3.1415926536  0.0000000000  0.0000000000
-485.6902242450  0.0000000000  3.1415926536  0.0000000000  0.0000000000
-484.4335871835  0.0000000000  3.1415926536  0.0000000000  0.0000000000
-483.1769501221  0.0000000000  3.1415926536  0.0000000000  0.0000000000
-481.9203130607  0.0000000000  3.1415926536  0.0000000000  0.0000000000
-480.6636759992  0.0000000000  3.1415926536  0.0000000000  0.0000000000
-479.4070389378  0.0000000000  3.1415926536  0.0000000000  0.0000000000
-478.1504018764  0.0000000000  3.1415926536  0.0000000000  0.0000000000
-476.8937648149  0.0000000000  3.1415926536  0.0000000000  0.0000000000
-475.6371277535  0.0000000000  3.1415926536  0.0000000000  0.0000000000
-474.3804906921  0.0000000000  3.1415926536  0.0000000000  0.0000000000
-473.1238536306  0.0000000000  3.1415926536  0.0000000000  0.0000000000
-471.8672165692  0.0000000000  3.1415926536  0.0000000000  0.0000000000
-470.6105795078  0.0000000000  3.1415926536  0.0000000000  0.0000000000
-469.3539424463  0.0000000000  3.1415926536  0.0000000000  0.0000000000
-468.0973053849  0.0000000000  3.1415926536  0.0000000000  0.0000000000
-466.8406683234  0.0000000000  3.1415926536  0.0000000000  0.0000000000
-465.5840312620  0.0000000000  3.1415926536  0.0000000000  0.0000000000
-464.3273942006  0.0000000000  3.1415926536  0.0000000000  0.0000000000
-463.0707571391  0.0000000000  3.1415926536  0.0000000000  0.0000000000
-461.8141200777  0.0000000000  3.1415926536  0.0000000000  0.0000000000
-460.5574830163  0.0000000000  3.1415926536  0.0000000000  0.0000000000
-459.3008459548  0.0000000000  3.1415926536  0.0000000000  0.0000000000
-458.0442088934  0.0000000000  3.1415926536  0.0000000000  0.0000000000
-456.7875718320  0.0000000000  3.1415926536  0.0000000000  0.0000000000
-455.5309347705  0.0000000000  3.1415926536  0.0000000000  0.0000000000
-454.2742977091  0.0000000000  3.1415926536  0.0000000000  0.0000000000
-453.0176606476  0.0000000000  3.1415926536  0.0000000000  0.0000000000
-451.7610235862  0.0000000000  3.1415926536  0.0000000000  0.0000000000
-450.5043865248  0.0000000000  3.1415926536  0.0000000000  0.0000000000
-449.2477494633  0.0000000000  3.1415926536  0.0000000000  0.0000000000
-447.9911124019  0.0000000000  3.1415926536  0.0000000000  0.0000000000
-446.7344753405  0.0000000000  3.1415926536  0.0000000000  0.0000000000
-445.4778382790  0.0000000000  3.1415926536  0.0000000000  0.0000000000
-444.2212012176  0.0000000000  3.1415926536  0.0000000000  0.0000000000
-442.9645641562  0.0000000000  3.1415926536  0.0000000000  0.0000000000
-441.7079270947  0.0000000000  3.1415926536  0.0000000000  0.0000000000
-440.4512900333  0.0000000000  3.1415926536  0.0000000000  0.0000000000
-439.1946529719  0.0000000000  3.1415926536  0.0000000000  0.0000000000
-437.9380159104  0.0000000000  3.1415926536  0.0000000000  0.0000000000
-436.6813788490  0.0000000000  3.1415926536  0.0000000000  0.0000000000
-435.4247417875  0.0000000000  3.1415926536  0.0000000000  0.0000000000
-434.1681047261  0.0000000000  3.1415926536  0.0000000000  0.0000000000
-432.9114676647  0.0000000000  3.1415926536  0.0000000000  0.0000000000
-431.6548306032  0.0000000000  3.1415926536  0.0000000000  0.0000000000
-430.3981935418  0.0000000000  3.1415926536  0.0000000000  0.0000000000
-429.1415564804  0.0000000000  3.1415926536  0.0000000000  0.0000000000
-427.8849194189  0.0000000000  3.1415926536  0.0000000000  0.0000000000
-426.6282823575  0.0000000000  3.1415926536  0.0000000000  0.0000000000
-425.3716452961  0.0000000000  3.1415926536  0.0000000000  0.0000000000
-424.1150082346  0.0000000000  3.1415926536  0.0000000000  0.0000000000
-422.8583711732  0.0000000000  3.1415926536  0.0000000000  0.0000000000
-421.6017341118  0.0000000000  3.1415926536  0.0000000000  0.0000000000
-420.3450970503  0.0000000000  3.1415926536  0.0000000000  0.0000000000
-419.0884599889  0.0000000000  3.1415926536  0.0000000000  0.0000000000
-417.8318229274  0.0000000000  3.1415926536  0.0000000000  0.0000000000
-416.5751858660  0.0000000000  3.1415926536  0.0000000000  0.0000000000
-415.3185488046  0.0000000000  3.1415926536  0.0000000000  0.0000000000
-414.0619117431  0.0000000000  3.1415926536  0.0000000000  0.0000000000
-412.8052746817  0.0000000000  3.1415926536  0.0000000000  0.0000000000
-411.5486376203  0.0000000000  3.1415926536  0.0000000000  0.0000000000
-410.2920005588  0.0000000000  3.1415926536  0.0000000000  0.0000000000
-409.0353634974  0.0000000000  3.1415926536  0.0000000000  0.0000000000
-407.7787264360  0.0000000000  3.1415926536  0.0000000000  0.0000000000
-406.5220893745  0.0000000000  3.1415926536  0.0000000000  0.0000000000
-405.2654523131  0.0000000000  3.1415926536  0.0000000000  0.0000000000
-404.0088152516  0.0000000000  3.1415926536  0.0000000000  0.0000000000
-402.7521781902  0.0000000000  3.1415926536  0.0000000000  0.0000000000
-401.4955411288  0.0000000000  3.1415926536  0.0000000000  0.0000000000
-400.2389040673  0.0000000000  3.1415926536  0.0000000000  0.0000000000
-398.9822670059  0.0000000000  3.1415926536  0.0000000000  0.0000000000
-397.7256299445  0.0000000000  3.1415926536  0.0000000000  0.0000000000
-396.4689928830  0.0000000000  3.1415926536  0.0000000000  0.0000000000
-395.2123558216  0.0000000000  3.1415926536  0.0000000000  0.0000000000
-393.9557187602  0.0000000000  3.1415926536  0.0000000000  0.0000000000
-392.6990816987  0.0000000000  3.1415926536  0.0000000000  0.0000000000
-391.4424446373  0.0000000000  3.1415926536  0.0000000000  0.0000000000
-390.1858075759  0.0000000000  3.1415926536  0.0000000000  0.0000000000
-388.9291705144  0.0000000000  3.1415926536  0.0000000000  0.0000000000
-387.6725334530  0.0000000000  3.1415926536  0.0000000000  0.0000000000
-386.4158963915  0.0000000000  3.1415926536  0.0000000000  0.0000000000
-385.1592593301  0.0000000000  3.1415926536  0.0000000000  0.0000000000
-383.9026222687  0.0000000000  3.1415926536  0.0000000000  0.0000000000
-382.6459852072  0.0000000000  3.1415926536  0.0000000000  0.0000000000
-381.3893481458  0.0000000000  3.1415926536  0.0000000000  0.0000000000
-380.1327110844  0.0000000000  3.1415926536  0.0000000000  0.0000000000
-378.8760740229  0.0000000000  3.1415926536  0.0000000000  0.0000000000
-377.6194369615  0.0000000000  3.1415926536  0.0000000000  0.0000000000
-376.3627999001  0.0000000000  3.1415926536  0.0000000000  0.0000000000
-375.1061628386  0.0000000000  3.1415926536  0.0000000000  0.0000000000
-373.8495257772  0.0000000000  3.1415926536  0.0000000000  0.0000000000
-372.5928887157  0.0000000000  3.1415926536  0.0000000000  0.0000000000
-371.3362516543  0.0000000000  3.1415926536  0.0000000000  0.0000000000
-370.0796145929  0.0000000000  3.1415926536  0.0000000000  0.0000000000
-368.8229775314  0.0000000000  3.1415926536  0.0000000000  0.0000000000
-367.5663404700  0.0000000000  3.1415926536  0.0000000000  0.0000000000
-366.3097034086  0.0000000000  3.1415926536  0.0000000000  0.0000000000
-365.0530663471  0.0000000000  3.1415926536  0.0000000000  0.0000000000
-363.7964292857  0.0000000000  3.1415926536  0.0000000000  0.0000000000
-362.5397922243  0.0000000000  3.1415926536  0.0000000000  0.0000000000
-361.2831551628  0.0000000000  3.1415926536  0.0000000000  0.0000000000
-360.0265181014  0.0000000000  3.1415926536  0.0000000000  0.0000000000
-358.7698810400  0.0000000000  3.1415926536  0.0000000000  0.0000000000
-357.5132439785  0.0000000000  3.1415926536  0.0000000000  0.0000000000
-356.2566069171  0.0000000000  3.1415926536  0.0000000000  0.0000000000
-354.9999698556  0.0000000000  3.1415926536  0.0000000000  0.0000000000
-353.7433327942  0.0000000000  3.1415926536  0.0000000000  0.0000000000
-352.4866957328  0.0000000000  3.1415926536  0.0000000000  0.0000000000
-351.2300586713  0.0000000000  3.1415926536  0.0000000000  0.0000000000
-349.9734216099  0.0000000000  3.1415926536  0.0000000000  0.0000000000
-348.7167845485  0.0000000000  3.1415926536  0.0000000000  0.0000000000
-347.4601474870  0.0000000000  3.1415926536  0.0000000000  0.0000000000
-346.2035104256  0.0000000000  3.1415926536  0.0000000000  0.0000000000
-344.9468733642  0.0000000000  3.1415926536  0.0000000000  0.0000000000
-343.6902363027  0.0000000000  3.1415926536  0.0000000000  0.0000000000
-342.4335992413  0.0000000000  3.1415926536  0.0000000000  0.0000000000
-341.1769621799  0.0000000000  3.1415926536  0.0000000000  0.0000000000
-339.9203251184  0.0000000000  3.1415926536  0.0000000000  0.0000000000
-338.6636880570  0.0000000000  3.1415926536  0.0000000000  0.0000000000
-337.4070509955  0.0000000000  3.1415926536  0.0000000000  0.0000000000
-336.1504139341  0.0000000000  3.1415926536  0.0000000000  0.0000000000
-334.8937768727  0.0000000000  3.1415926536  0.0000000000  0.0000000000
-333.6371398112  0.0000000000  3.1415926536  0.0000000000  0.0000000000
-332.3805027498  0.0000000000  3.1415926536  0.0000000000  0.0000000000
-331.1238656884  0.0000000000  3.1415926536  0.0000000000  0.0000000000
-329.8672286269  0.0000000000  3.1415926536  0.0000000000  0.0000000000
-328.6105915655  0.0000000000  3.1415926536  0.0000000000  0.0000000000
-327.3539545041  0.0000000000  3.1415926536  0.0000000000  0.0000000000
-326.0973174426  0.0000000000  3.1415926536  0.0000000000  0.0000000000
-324.8406803812  0.0000000000  3.1415926536  0.0000000000  0.0000000000
-323.5840433197  0.0000000000  3.1415926536  0.0000000000  0.0000000000
-322.3274062583  0.0000000000  3.1415926536  0.0000000000  0.0000000000
-321.0707691969  0.0000000000  3.1415926536  0.0000000000  0.0000000000
-319.8141321354  0.0000000000  3.1415926536  0.0000000000  0.0000000000
-318.5574950740  0.0000000000  3.1415926536  0.0000000000  0.0000000000
-317.3008580126  0.0000000000  3.1415926536  0.0000000000  0.0000000000
-316.0442209511  0.0000000000  3.1415926536  0.0000000000  0.0000000000
-314.7875838897  0.0000000000  3.1415926536  0.0000000000  0.0000000000
-313.5309468283  0.0000000000  3.1415926536  0.0000000000  0.0000000000
-312.2743097668  0.0000000000  3.1415926536  0.0000000000  0.0000000000
-311.0176727054  0.0000000000  3.1415926536  0.0000000000  0.0000000000
-309.7610356440  0.0000000000  3.1415926536  0.0000000000  0.0000000000
-308.5043985825  0.0000000000  3.1415926536  0.0000000000  0.0000000000
-307.2477615211  0.0000000000  3.1415926536  0.0000000000  0.0000000000
-305.9911244596  0.0000000000  3.1415926536  0.0000000000  0.0000000000
-304.7344873982  0.0000000000  3.1415926536  0.0000000000  0.0000000000
-303.4778503368  0.0000000000  3.1415926536  0.0000000000  0.0000000000
-302.2212132753  0.0000000000  3.1415926536  0.0000000000  0.0000000000
-300.9645762139  0.0000000000  3.1415926536  0.0000000000  0.0000000000
-299.7079391525  0.0000000000  3.1415926536  0.0000000000  0.0000000000
-298.4513020910  0.0000000000  3.1415926536  0.0000000000  0.0000000000
-297.1946650296  0.0000000000  3.1415926536  0.0000000000  0.0000000000
-295.9380279682  0.0000000000  3.1415926536  0.0000000000  0.0000000000
-294.6813909067  0.0000000000  3.1415926536  0.0000000000  0.0000000000
-293.4247538453  0.0000000000  3.1415926536  0.0000000000  0.0000000000
-292.1681167839  0.0000000000  3.1415926536  0.0000000000  0.0000000000
-290.9114797224  0.0000000000  3.1415926536  0.0000000000  0.0000000000
-289.6548426610  0.0000000000  3.1415926536  0.0000000000  0.0000000000
-288.3982055995  0.0000000000  3.1415926536  0.0000000000  0.0000000000
-287.1415685381  0.0000000000  3.1415926536  0.0000000000  0.0000000000
-285.8849314767  0.0000000000  3.1415926536  0.0000000000  0.0000000000
-284.6282944152  0.0000000000  3.1415926536  0.0000000000  0.0000000000
-283.3716573538  0.0000000000  3.1415926536  0.0000000000  0.0000000000
-282.1150202924  0.0000000000  3.1415926536  0.0000000000  0.0000000000
-280.8583832309  0.0000000000  3.1415926536  0.0000000000  0.0000000000
-279.6017461695  0.0000000000  3.1415926536  0.0000000000  0.0000000000
-278.3451091081  0.0000000000  3.1415926536  0.0000000000  0.0000000000
-277.0884720466  0.0000000000  3.1415926536  0.0000000000  0.0000000000
-275.8318349852  0.0000000000  3.1415926536  0.0000000000  0.0000000000
-274.5751979237  0.0000000000  3.1415926536  0.0000000000  0.0000000000
-273.3185608623  0.0000000000  3.1415926536  0.0000000000  0.0000000000
-272.0619238009  0.0000000000  3.1415926536  0.0000000000  0.0000000000
-270.8052867394  0.0000000000  3.1415926536  0.0000000000  0.0000000000
-269.5486496780  0.0000000000  3.1415926536  0.0000000000  0.0000000000
-268.2920126166  0.0000000000  3.1415926536  0.0000000000  0.0000000000
-267.0353755551  0.0000000000  3.1415926536  0.0000000000  0.0000000000
-265.7787384937  0.0000000000  3.1415926536  0.0000000000  0.0000000000
-264.5221014323  0.0000000000  3.1415926536  0.0000000000  0.0000000000
-263.2654643708  0.0000000000  3.1415926536  0.0000000000  0.0000000000
-262.0088273094  0.0000000000  3.1415926536  0.0000000000  0.0000000000
-260.7521902480  0.0000000000  3.1415926536  0.0000000000  0.0000000000
-259.4955531865  0.0000000000  3.1415926536  0.0000000000  0.0000000000
-258.2389161251  0.0000000000  3.1415926536  0.0000000000  0.0000000000
-256.9822790636  0.0000000000  3.1415926536  0.0000000000  0.0000000000
-255.7256420022  0.0000000000  3.1415926536  0.0000000000  0.0000000000
-254.4690049408  0.0000000000  3.1415926536  0.0000000000  0.0000000000
-253.2123678793  0.0000000000  3.1415926536  0.0000000000  0.0000000000
-251.9557308179  0.0000000000  3.1415926536  0.0000000000  0.0000000000
-250.6990937565  0.0000000000  3.1415926536  0.0000000000  0.0000000000
-249.4424566950  0.0000000000  3.1415926536  0.0000000000  0.0000000000
-248.1858196336  0.0000000000  3.1415926536  0.0000000000  0.0000000000
-246.9291825722  0.0000000000  3.1415926536  0.0000000000  0.0000000000
-245.6725455107  0.0000000000  3.1415926536  0.0000000000  0.0000000000
-244.4159084493  0.0000000000  3.1415926536  0.0000000000  0.0000000000
-243.1592713878  0.0000000000  3.1415926536  0.0000000000  0.0000000000
-241.9026343264  0.0000000000  3.1415926536  0.0000000000  0.0000000000
-240.6459972650  0.0000000000  3.1415926536  0.0000000000  0.0000000000
-239.3893602035  0.0000000000  3.1415926536  0.0000000000  0.0000000000
-238.1327231421  0.0000000000  3.1415926536  0.0000000000  0.0000000000
-236.8760860807  0.0000000000  3.1415926536  0.0000000000  0.0000000000
-235.6194490192  0.0000000000  3.1415926536  0.0000000000  0.0000000000
-234.3628119578  0.0000000000  3.1415926536  0.0000000000  0.0000000000
-233.1061748964  0.0000000000  3.1415926536  0.0000000000  0.0000000000
-231.8495378349  0.0000000000  3.1415926536  0.0000000000  0.0000000000
-230.5929007735  0.0000000000  3.1415926536  0.0000000000  0.0000000000
-229.3362637121  0.0000000000  3.1415926536  0.0000000000  0.0000000000
-228.0796266506  0.0000000000  3.1415926536  0.0000000000  0.0000000000
-226.8229895892  0.0000000000  3.1415926536  0.0000000000  0.0000000000
-225.5663525277  0.0000000000  3.1415926536  0.0000000000  0.0000000000
-224.3097154663  0.0000000000  3.1415926536  0.0000000000  0.0000000000
-223.0530784049  0.0000000000  3.1415926536  0.0000000000  0.0000000000
-221.7964413434  0.0000000000  3.1415926536  0.0000000000  0.0000000000
-220.5398042820  0.0000000000  3.1415926536  0.0000000000  0.0000000000
-219.2831672206  0.0000000000  3.1415926536  0.0000000000  0.0000000000
-218.0265301591  0.0000000000  3.1415926536  0.0000000000  0.0000000000
-216.7698930977  0.0000000000  3.1415926536  0.0000000000  0.0000000000
-215.5132560363  0.0000000000  3.1415926536  0.0000000000  0.0000000000
-214.2566189748  0.0000000000  3.1415926536  0.0000000000  0.0000000000
-212.9999819134  0.0000000000  3.1415926536  0.0000000000  0.0000000000
-211.7433448520  0.0000000000  3.1415926536  0.0000000000  0.0000000000
-210.4867077905  0.0000000000  3.1415926536  0.0000000000  0.0000000000
-209.2300707291  0.0000000000  3.1415926536  0.0000000000  0.0000000000
-207.9734336676  0.0000000000  3.1415926536  0.0000000000  0.0000000000
-206.7167966062  0.0000000000  3.1415926536  0.0000000000  0.0000000000
-205.4601595448  0.0000000000  3.1415926536  0.0000000000  0.0000000000
-204.2035224833  0.0000000000  3.1415926536  0.0000000000  0.0000000000
-202.9468854219  0.0000000000  3.1415926536  0.0000000000  0.0000000000
-201.6902483605  0.0000000000  3.1415926536  0.0000000000  0.0000000000
-200.4336112990  0.0000000000  3.1415926536  0.0000000000  0.0000000000
-199.1769742376  0.0000000000  3.1415926536  0.0000000000  0.0000000000
-197.9203371762  0.0000000000  3.1415926536  0.0000000000  0.0000000000
-196.6637001147  0.0000000000  3.1415926536  0.0000000000  0.0000000000
-195.4070630533  0.0000000000  3.1415926536  0.0000000000  0.0000000000
-194.1504259918  0.0000000000  3.1415926536  0.0000000000  0.0000000000
-192.8937889304  0.0000000000  3.1415926536  0.0000000000  0.0000000000
-191.6371518690  0.0000000000  3.1415926536  0.0000000000  0.0000000000
-190.3805148075  0.0000000000  3.1415926536  0.0000000000  0.0000000000
-189.1238777461  0.0000000000  3.1415926536  0.0000000000  0.0000000000
-187.8672406847  0.0000000000  3.1415926536  0.0000000000  0.0000000000
-186.6106036232  0.0000000000  3.1415926536  0.0000000000  0.0000000000
-185.3539665618  0.0000000000  3.1415926536  0.0000000000  0.0000000000
-184.0973295004  0.0000000000  3.1415926536  0.0000000000  0.0000000000
-182.8406924389  0.0000000000  3.1415926536  0.0000000000  0.0000000000
-181.5840553775  0.0000000000  3.1415926536  0.0000000000  0.0000000000
-180.3274183161  0.0000000000  3.1415926536  0.0000000000  0.0000000000
-179.0707812546  0.0000000000  3.1415926536  0.0000000000  0.0000000000
-177.8141441932  0.0000000000  3.1415926536  0.0000000000  0.0000000000
-176.5575071317  0.0000000000  3.1415926536  0.0000000000  0.0000000000
-175.3008700703  0.0000000000  3.1415926536  0.0000000000  0.0000000000
-174.0442330089  0.0000000000  3.1415926536  0.0000000000  0.0000000000
-172.7875959474  0.0000000000  3.1415926536  0.0000000000  0.0000000000
-171.5309588860  0.0000000000  3.1415926536  0.0000000000  0.0000000000
-170.2743218246  0.0000000000  3.1415926536  0.0000000000  0.0000000000
-169.0176847631  0.0000000000  3.1415926536  0.0000000000  0.0000000000
-167.7610477017  0.0000000000  3.1415926536  0.0000000000  0.0000000000
-166.5044106403  0.0000000000  3.1415926536  0.0000000000  0.0000000000
-165.2477735788  0.0000000000  3.1415926536  0.0000000000  0.0000000000
-163.9911365174  0.0000000000  3.1415926536  0.0000000000  0.0000000000
-162.7344994560  0.0000000000  3.1415926536  0.0000000000  0.0000000000
-161.4778623945  0.0000000000  3.1415926536  0.0000000000  0.0000000000
-160.2212253331  0.0000000000  3.1415926536  0.0000000000  0.0000000000
-158.9645882716  0.0000000000  3.1415926536  0.0000000000  0.0000000000
-157.7079512102  0.0000000000  3.1415926536  0.0000000000  0.0000000000
-156.4513141488  0.0000000000  3.1415926536  0.0000000000  0.0000000000
-155.1946770873  0.0000000000  3.1415926536  0.0000000000  0.0000000000
-153.9380400259  0.0000000000  3.1415926536  0.0000000000  0.0000000000
-152.6814029645  0.0000000000  3.1415926536  0.0000000000  0.0000000000
-151.4247659030  0.0000000000  3.1415926536  0.0000000000  0.0000000000
-150.1681288416  0.0000000000  3.1415926536  0.0000000000  0.0000000000
-148.9114917802  0.0000000000  3.1415926536  0.0000000000  0.0000000000
-147.6548547187  0.0000000000  3.1415926536  0.0000000000  0.0000000000
-146.3982176573  0.0000000000  3.1415926536  0.0000000000  0.0000000000
-145.1415805958  0.0000000000  3.1415926536  0.0000000000  0.0000000000
-143.8849435344  0.0000000000  3.1415926536  0.0000000000  0.0000000000
-142.6283064730  0.0000000000  3.1415926536  0.0000000000  0.0000000000
-141.3716694115  0.0000000000  3.1415926536  0.0000000000  0.0000000000
-140.1150323501  0.0000000000  3.1415926536  0.0000000000  0.0000000000
-138.8583952887  0.0000000000  3.1415926536  0.0000000000  0.0000000000
-137.6017582272  0.0000000000  3.1415926536  0.0000000000  0.0000000000
-136.3451211658  0.0000000000  3.1415926536  0.0000000000  0.0000000000
-135.0884841044  0.0000000000  3.1415926536  0.0000000000  0.0000000000
-133.8318470429  0.0000000000  3.1415926536  0.0000000000  0.0000000000
-132.5752099815  0.0000000000  3.1415926536  0.0000000000  0.0000000000
-131.3185729201  0.0000000000  3.1415926536  0.0000000000  0.0000000000
-130.0619358586  0.0000000000  3.1415926536  0.0000000000  0.0000000000
-128.8052987972  0.0000000000  3.1415926536  0.0000000000  0.0000000000
-127.5486617357  0.0000000000  3.1415926536  0.0000000000  0.0000000000
-126.2920246743  0.0000000000  3.1415926536  0.0000000000  0.0000000000
-125.0353876129  0.0000000000  3.1415926536  0.0000000000  0.0000000000
-123.7787505514  0.0000000000  3.1415926536  0.0000000000  0.0000000000
-122.5221134900  0.0000000000  3.1415926536  0.0000000000  0.0000000000
-121.2654764286  0.0000000000  3.1415926536  0.0000000000  0.0000000000
-120.0088393671  0.0000000000  3.1415926536  0.0000000000  0.0000000000
-118.7522023057  0.0000000000  3.1415926536  0.0000000000  0.0000000000
-117.4955652443  0.0000000000  3.1415926536  0.0000000000  0.0000000000
-116.2389281828  0.0000000000  3.1415926536  0.0000000000  0.0000000000
-114.9822911214  0.0000000000  3.1415926536  0.0000000000  0.0000000000
-113.7256540600  0.0000000000  3.1415926536  0.0000000000  0.0000000000
-112.4690169985  0.0000000000  3.1415926536  0.0000000000  0.0000000000
-111.2123799371  0.0000000000  3.1415926536  0.0000000000  0.0000000000
-109.9557428756  0.0000000000  3.1415926536  0.0000000000  0.0000000000
-108.6991058142  0.0000000000  3.1415926536  0.0000000000  0.0000000000
-107.4424687528  0.0000000000  3.1415926536  0.0000000000  0.0000000000
-106.1858316913  0.0000000000  3.1415926536  0.0000000000  0.0000000000
-104.9291946299  0.0000000000  3.1415926536  0.0000000000  0.0000000000
-103.6725575685  0.0000000000  3.1415926536  0.0000000000  0.0000000000
-102.4159205070  0.0000000000  3.1415926536  0.0000000000  0.0000000000
-101.1592834456  0.0000000000  3.1415926536  0.0000000000  0.0000000000
-99.9026463842  0.0000000000  3.1415926536  0.0000000000  0.0000000000
-98.6460093227  0.0000000000  3.1415926536  0.0000000000  0.0000000000
-97.3893722613  0.0000000000  3.1415926536  0.0000000000  0.0000000000
-96.1327351998  0.0000000000  3.1415926536  0.0000000000  0.0000000000
-94.8760981384  0.0000000000  3.1415926536  0.0000000000  0.0000000000
-93.6194610770  0.0000000000  3.1415926536  0.0000000000  0.0000000000
-92.3628240155  0.0000000000  3.1415926536  0.0000000000  0.0000000000
-91.1061869541  0.0000000000  3.1415926536  0.0000000000  0.0000000000
-89.8495498927  0.0000000000  3.1415926536  0.0000000000  0.0000000000
-88.5929128312  0.0000000000  3.1415926536  0.0000000000  0.0000000000
-87.3362757698  0.0000000000  3.1415926536  0.0000000000  0.0000000000
-86.0796387084  0.0000000000  3.1415926536  0.0000000000  0.0000000000
-84.8230016469  0.0000000000  3.1415926536  0.0000000000  0.0000000000
-83.5663645855  0.0000000000  3.1415926536  0.0000000000  0.0000000000
-82.3097275241  0.0000000000  3.1415926536  0.0000000000  0.0000000000
-81.0530904626  0.0000000000  3.1415926536  0.0000000000  0.0000000000
-79.7964534012  0.0000000000  3.1415926536  0.0000000000  0.0000000000
-78.5398163397  0.0000000000  3.1415926536  0.0000000000  0.0000000000
-77.2831792783  0.0000000000  3.1415926536  0.0000000000  0.0000000000
-76.0265422169  0.0000000000  3.1415926536  0.0000000000  0.0000000000
-74.7699051554  0.0000000000  3.1415926536  0.0000000000  0.0000000000
-73.5132680940  0.0000000000  3.1415926536  0.0000000000  0.0000000000
-72.2566310326  0.0000000000  3.1415926536  0.0000000000  0.0000000000
-70.9999939711  0.0000000000  3.1415926536  0.0000000000  0.0000000000
-69.7433569097  0.0000000000  3.1415926536  0.0000000000  0.0000000000
-68.4867198483  0.0000000000  3.1415926536  0.0000000000  0.0000000000
-67.2300827868  0.0000000000  3.1415926536  0.0000000000  0.0000000000
-65.9734457254  0.0000000000  3.1415926536  0.0000000000  0.0000000000
-64.7168086639  0.0000000000  3.1415926536  0.0000000000  0.0000000000
-63.4601716025  0.0000000000  3.1415926536  0.0000000000  0.0000000000
-62.2035345411  0.0000000000  3.1415926536  0.0000000000  0.0000000000
-60.9468974796  0.0000000000  3.1415926536  0.0000000000  0.0000000000
-59.6902604182  0.0000000000  3.1415926536  0.0000000000  0.0000000000
-58.4336233568  0.0000000000  3.1415926536  0.0000000000  0.0000000000
-57.1769862953  0.0000000000  3.1415926536  0.0000000000  0.0000000000
-55.9203492339  0.0000000000  3.1415926536  0.0000000000  0.0000000000
-54.6637121725  0.0000000000  3.1415926536  0.0000000000  0.0000000000
-53.4070751110  0.0000000000  3.1415926536  0.0000000000  0.0000000000
-52.1504380496  0.0000000000  3.1415926536  0.0000000000  0.0000000000
-50.8938009882  0.0000000000  3.1415926536  0.0000000000  0.0000000000
-49.6371639267  0.0000000000  3.1415926536  0.0000000000  0.0000000000
-48.3805268653  0.0000000000  3.1415926536  0.0000000000  0.0000000000
-47.1238898038  0.0000000000  3.1415926536  0.0000000000  0.0000000000
-45.8672527424  0.0000000000  3.1415926536  0.0000000000  0.0000000000
-44.6106156810  0.0000000000  3.1415926536  0.0000000000  0.0000000000
-43.3539786195  0.0000000000  3.1415926536  0.0000000000  0.0000000000
-42.0973415581  0.0000000000  3.1415926536  0.0000000000  0.0000000000
-40.8407044967  0.0000000000  3.1415926536  0.0000000000  0.0000000000
-39.5840674352  0.0000000000  3.1415926536  0.0000000000  0.0000000000
-38.3274303738  0.0000000000  3.1415926536  0.0000000000  0.0000000000
-37.0707933124  0.0000000000  3.1415926536  0.0000000000  0.0000000000
-35.8141562509  0.0000000000  3.1415926536  0.0000000000  0.0000000000
-34.5575191895  0.0000000000  3.1415926536  0.0000000000  0.0000000000
-33.3008821281  0.0000000000  3.1415926536  0.0000000000  0.0000000000
-32.0442450666  0.0000000000  3.1415926536  0.0000000000  0.0000000000
-30.7876080052  0.0000000000  3.1415926536  0.0000000000  0.0000000000
-29.5309709437  0.0000000000  3.1415926536  0.0000000000  0.0000000000
-28.2743338823  0.0000000000  3.1415926536  0.0000000000  0.0000000000
-27.0176968209  0.0000000000  3.1415926536  0.0000000000  0.0000000000
-25.7610597594  0.0000000000  3.1415926536  0.0000000000  0.0000000000
-24.5044226980  0.0000000000  3.1415926536  0.0000000000  0.0000000000
-23.2477856366  0.0000000000  3.1415926536  0.0000000000  0.0000000000
-21.9911485751  0.0000000000  3.1415926536  0.0000000000  0.0000000000
-20.7345115137  0.0000000000  3.1415926536  0.0000000000  0.0000000000
-19.4778744523  0.0000000000  3.1415926536  0.0000000000  0.0000000000
-18.2212373908  0.0000000000  3.1415926536  0.0000000000  0.0000000000
-16.9646003294  0.0000000000  3.1415926536  0.0000000000  0.0000000000
-15.7079632679  0.0000000000  3.1415926536  0.0000000000  0.0000000000
-14.4513262065  0.0000000000  3.1415926536  0.0000000000  0.0000000000
-13.1946891451  0.0000000000  3.1415926536  0.0000000000  0.0000000000
-11.9380520836  0.0000000000  3.1415926536  0.0000000000  0.0000000000
-10.6814150222  0.0000000000  3.1415926536  0.0000000000  0.0000000000
-9.4247779608  0.0000000000  3.1415926536  0.0000000000  0.0000000000
-8.1681408993  0.0000000000  3.1415926536  0.0000000000  0.0000000000
-6.9115038379  0.0000000000  3.1415926536  0.0000000000  0.0000000000
-5.6548667765  0.0000000000  3.1415926536  0.0000000000  0.0000000000
-4.3982297150  0.0000000000  3.1415926536  0.0000000000  0.0000000000
-3.1415926536  0.0000000000  3.1415926536  0.0000000000  0.0000000000
-1.8849555922  0.0000000000  3.1415926536  0.0000000000  -0.0000014380
-0.6283185307  0.0000000000  3.1415926536  0.0000044705  0.0000000000
0.6283185307  0.0000000000  3.1415926536  -0.0000000000  -0.8935090648
1.8849555922  0.0000000000  3.1415926536  -0.0000000000  -0.4561657639
3.1415926536  0.0000000000  3.1415926536  -0.0000000000  -0.2981514853
4.3982297150  0.0000000000  3.1415926536  -0.0000000000  -0.2193784709
5.6548667765  0.0000000000  3.1415926536  -0.0000000000  -0.1729295031
6.9115038379  0.0000000000  3.1415926536  0.0000000000  -0.1424975673
8.1681408993  0.0000000000  3.1415926536  -0.0000000000  -0.1210829045
9.4247779608  0.0000000000  3.1415926536  0.0000000009  -0.1052206408
10.6814150222  0.0000000000  3.1415926536  -0.0000000000  -0.0930104879
11.9380520836  0.0000000000  3.1415926536  -0.0000000012  -0.0833268463
13.1946891451  0.0000000000  3.1415926536  -0.0000000015  -0.0754619269
14.4513262065  0.0000000000  3.1415926536  -0.0000000010  -0.0689489343
15.7079632679  0.0000000000  3.1415926536  0.0000000000  -0.0634678085
16.9646003294  0.0000000000  3.1415926536  0.0000000010  -0.0587918983
18.2212373908  0.0000000000  3.1415926536  0.0000000018  -0.0547562695
19.4778744523  0.0000000000  3.1415926536  0.0000000024  -0.0512380739
20.7345115137  0.0000000000  3.1415926536  0.0000000027  -0.0481439517
21.9911485751  0.0000000000  3.1415926536  0.0000000027  -0.0454016966
23.2477856366  0.0000000000  3.1415926536  0.0000000026  -0.0429545934
24.5044226980  0.0000000000  3.1415926536  0.0000000023  -0.0407574801
25.7610597594  0.0000000000  3.1415926536  0.0000000020  -0.0387739516
27.0176968209  0.0000000000  3.1415926536  0.0000000017  -0.0369743375
28.2743338823  0.0000000000  3.1415926536  0.0000000013  -0.0353342149
29.5309709437  0.0000000000  3.1415926536  0.0000000010  -0.0338332984
30.7876080052  0.0000000000  3.1415926536  0.0000000006  -0.0324546001
32.0442450666  0.0000000000  3.1415926536  0.0000000003  -0.0311837863
33.3008821281  0.0000000000  3.1415926536  -0.0000000000  -0.0300086789
34.5575191895  0.0000000000  3.1415926536  -0.0000000003  -0.0289188653
35.8141562509  0.0000000000  3.1415926536  -0.0000000005  -0.0279053895
37.0707933124  0.0000000000  3.1415926536  -0.0000000007  -0.0269605063
38.3274303738  0.0000000000  3.1415926536  -0.0000000009  -0.0260774835
39.5840674352  0.0000000000  3.1415926536  -0.0000000011  -0.0252504416
40.8407044967  0.0000000000  3.1415926536  -0.0000000012  -0.0244742230
42.0973415581  0.0000000000  3.1415926536  -0.0000000014  -0.0237442845
43.3539786195  0.0000000000  3.1415926536  -0.0000000015  -0.0230566085
44.6106156810  0.0000000000  3.1415926536  -0.0000000016  -0.0224076292
45.8672527424  0.0000000000  3.1415926536  -0.0000000017  -0.0217941709
47.1238898038  0.0000000000  3.1415926536  -0.0000000017  -0.0212133959
48.3805268653  0.0000000000  3.1415926536  -0.0000000018  -0.0206627609
49.6371639267  0.0000000000  3.1415926536  -0.0000000018  -0.0201399798
50.8938009882  0.0000000000  3.1415926536  -0.0000000019  -0.0196429916
52.1504380496  0.0000000000  3.1415926536  -0.0000000019  -0.0191699342
53.4070751110  0.0000000000  3.1415926536  -0.0000000019  -0.0187191201
54.6637121725  0.0000000000  3.1415926536  -0.0000000020  -0.0182890169
55.9203492339  0.0000000000  3.1415926536  -0.0000000020  -0.0178782298
57.1769862953  0.0000000000  3.1415926536  -0.0000000020  -0.0174854864
58.4336233568  0.0000000000  3.1415926536  -0.0000000020  -0.0171096236
59.6902604182  0.0000000000  3.1415926536  -0.0000000020  -0.0167495763
60.9468974796  0.0000000000  3.1415926536  -0.0000000020  -0.0164043671
62.2035345411  0.0000000000  3.1415926536  -0.0000000020  -0.0160730972
63.4601716025  0.0000000000  3.1415926536  -0.0000000020  -0.0157549394
64.7168086639  0.0000000000  3.1415926536  -0.0000000020  -0.0154491304
65.9734457254  0.0000000000  3.1415926536  -0.0000000020  -0.0151549651
67.2300827868  0.0000000000  3.1415926536  -0.0000000019  -0.0148717909
68.4867198483  0.0000000000  3.1415926536  -0.0000000019  -0.0145990033
69.7433569097  0.0000000000  3.1415926536  -0.0000000019  -0.0143360411
70.9999939711  0.0000000000  3.1415926536  -0.0000000019  -0.0140823831
72.2566310326  0.0000000000  3.1415926536  -0.0000000019  -0.0138375441
73.5132680940  0.0000000000  3.1415926536  -0.0000000019  -0.0136010720
74.7699051554  0.0000000000  3.1415926536  -0.0000000019  -0.0133725453
76.0265422169  0.0000000000  3.1415926536  -0.0000000018  -0.0131515701
77.2831792783  0.0000000000  3.1415926536  -0.0000000018  -0.0129377783
78.5398163397  0.0000000000  3.1415926536  -0.0000000018  -0.0127308253
79.7964534012  0.0000000000  3.1415926536  -0.0000000018  -0.0125303882
81.0530904626  0.0000000000  3.1415926536  -0.0000000018  -0.0123361639
82.3097275241  0.0000000000  3.1415926536  -0.0000000018  -0.0121478681
83.5663645855  0.0000000000  3.1415926536  -0.0000000017  -0.0119652335
84.8230016469  0.0000000000  3.1415926536  -0.0000000017  -0.0117880086
86.0796387084  0.0000000000  3.1415926536  -0.0000000017  -0.0116159564
87.3362757698  0.0000000000  3.1415926536  -0.0000000017  -0.0114488539
88.5929128312  0.0000000000  3.1415926536  -0.0000000017  -0.0112864905
89.8495498927  0.0000000000  3.1415926536  -0.0000000016  -0.0111286675
91.1061869541  0.0000000000  3.1415926536  -0.0000000016  -0.0109751969
92.3628240155  0.0000000000  3.1415926536  -0.0000000016  -0.0108259013
93.6194610770  0.0000000000  3.1415926536  -0.0000000016  -0.0106806126
94.8760981384  0.0000000000  3.1415926536  -0.0000000016  -0.0105391716
96.1327351998  0.0000000000  3.1415926536  -0.0000000016  -0.0104014275
97.3893722613  0.0000000000  3.1415926536  -0.0000000015  -0.0102672372
98.6460093227  0.0000000000  3.1415926536  -0.0000000015  -0.0101364650
99.9026463842  0.0000000000  3.1415926536  -0.0000000015  -0.0100089818
101.1592834456  0.0000000000  3.1415926536  -0.0000000015  -0.0098846652
102.4159205070  0.0000000000  3.1415926536  -0.0000000015  -0.0097633987
103.6725575685  0.0000000000  3.1415926536  -0.0000000015  -0.0096450713
104.9291946299  0.0000000000  3.1415926536  -0.0000000014  -0.0095295775
106.1858316913  0.0000000000  3.1415926536  -0.0000000014  -0.0094168168
107.4424687528  0.0000000000  3.1415926536  -0.0000000014  -0.0093066932
108.6991058142  0.0000000000  3.1415926536  -0.0000000014  -0.0091991153
109.9557428756  0.0000000000  3.1415926536  -0.0000000014  -0.0090939958
111.2123799371  0.0000000000  3.1415926536  -0.0000000014  -0.0089912515
112.4690169985  0.0000000000  3.1415926536  -0.0000000014  -0.0088908028
113.7256540600  0.0000000000  3.1415926536  -0.0000000013  -0.0087925735
114.9822911214  0.0000000000  3.1415926536  -0.0000000013  -0.0086964909
116.2389281828  0.0000000000  3.1415926536  -0.0000000013  -0.0086024854
117.4955652443  0.0000000000  3.1415926536  -0.0000000013  -0.0085104904
118.7522023057  0.0000000000  3.1415926536  -0.0000000013  -0.0084204421
120.0088393671  0.0000000000  3.1415926536  -0.0000000013  -0.0083322793
121.2654764286  0.0000000000  3.1415926536  -0.0000000013  -0.0082459434
122.5221134900  0.0000000000  3.1415926536  -0.0000000012  -0.0081613783
123.7787505514  0.0000000000  3.1415926536  -0.0000000012  -0.0080785299
125.0353876129  0.0000000000  3.1415926536  -0.0000000012  -0.0079973466
126.2920246743  0.0000000000  3.1415926536  -0.0000000012  -0.0079177786
127.5486617357  0.0000000000  3.1415926536  -0.0000000012  -0.0078397783
128.8052987972  0.0000000000  3.1415926536  -0.0000000012  -0.0077632997
130.0619358586  0.0000000000  3.1415926536  -0.0000000012  -0.0076882987
131.3185729201  0.0000000000  3.1415926536  -0.0000000012  -0.0076147330
132.5752099815  0.0000000000  3.1415926536  -0.0000000012  -0.0075425617
133.8318470429  0.0000000000  3.1415926536  -0.0000000011  -0.0074717456
135.0884841044  0.0000000000  3.1415926536  -0.0000000011  -0.0074022468
136.3451211658  0.0000000000  3.1415926536  -0.0000000011  -0.0073340290
137.6017582272  0.0000000000  3.1415926536  -0.0000000011  -0.0072670569
138.8583952887  0.0000000000  3.1415926536  -0.0000000011  -0.0072012969
140.1150323501  0.0000000000  3.1415926536  -0.0000000011  -0.0071367163
141.3716694115  0.0000000000  3.1415926536  -0.0000000011  -0.0070732837
142.6283064730  0.0000000000  3.1415926536  -0.0000000011  -0.0070109687
143.8849435344  0.0000000000  3.1415926536  -0.0000000011  -0.0069497421
145.1415805958  0.0000000000  3.1415926536  -0.0000000011  -0.0068895755
146.3982176573  0.0000000000  3.1415926536  -0.0000000010  -0.0068304417
147.6548547187  0.0000000000  3.1415926536  -0.0000000010  -0.0067723144
148.9114917802  0.0000000000  3.1415926536  -0.0000000010  -0.0067151680
150.1681288416  0.0000000000  3.1415926536  -0.0000000010  -0.0066589779
151.4247659030  0.0000000000  3.1415926536  -0.0000000010  -0.0066037204
152.6814029645  0.0000000000  3.1415926536  -0.0000000010  -0.0065493723
153.9380400259  0.0000000000  3.1415926536  -0.0000000010  -0.0064959115
155.1946770873  0.0000000000  3.1415926536  -0.0000000010  -0.0064433164
156.4513141488  0.0000000000  3.1415926536  -0.0000000010  -0.0063915661
157.7079512102  0.0000000000  3.1415926536  -0.0000000010  -0.0063406404
158.9645882716  0.0000000000  3.1415926536  -0.0000000010  -0.0062905198
160.2212253331  0.0000000000  3.1415926536  -0.0000000010  -0.0062411853
161.4778623945  0.0000000000  3.1415926536  -0.0000000009  -0.0061926186
162.7344994560  0.0000000000  3.1415926536  -0.0000000009  -0.0061448019
163.9911365174  0.0000000000  3.1415926536  -0.0000000009  -0.0060977180
165.2477735788  0.0000000000  3.1415926536  -0.0000000009  -0.0060513501
166.5044106403  0.0000000000  3.1415926536  -0.0000000009  -0.0060056821
167.7610477017  0.0000000000  3.1415926536  -0.0000000009  -0.0059606981
169.0176847631  0.0000000000  3.1415926536  -0.0000000009  -0.0059163830
170.2743218246  0.0000000000  3.1415926536  -0.0000000009  -0.0058727220
171.5309588860  0.0000000000  3.1415926536  -0.0000000009  -0.0058297006
172.7875959474  0.0000000000  3.1415926536  -0.0000000009  -0.0057873050
174.0442330089  0.0000000000  3.1415926536  -0.0000000009  -0.0057455215
175.3008700703  0.0000000000  3.1415926536  -0.0000000009  -0.0057043370
176.5575071317  0.0000000000  3.1415926536  -0.0000000009  -0.0056637387
177.8141441932  0.0000000000  3.1415926536  -0.0000000009  -0.0056237142
179.0707812546  0.0000000000  3.1415926536  -0.0000000008  -0.0055842514
180.3274183161  0.0000000000  3.1415926536  -0.0000000008  -0.0055453386
181.5840553775  0.0000000000  3.1415926536  -0.0000000008  -0.0055069644
182.8406924389  0.0000000000  3.1415926536  -0.0000000008  -0.0054691175
184.0973295004  0.0000000000  3.1415926536  -0.0000000008  -0.0054317873
185.3539665618  0.0000000000  3.1415926536  -0.0000000008  -0.0053949633
186.6106036232  0.0000000000  3.1415926536  -0.0000000008  -0.0053586352
187.8672406847  0.0000000000  3.1415926536  -0.0000000008  -0.0053227930
189.1238777461  0.0000000000  3.1415926536  -0.0000000008  -0.0052874271
190.3805148075  0.0000000000  3.1415926536  -0.0000000008  -0.0052525281
191.6371518690  0.0000000000  3.1415926536  -0.0000000008  -0.0052180867
192.8937889304  0.0000000000  3.1415926536  -0.0000000008  -0.0051840941
194.1504259918  0.0000000000  3.1415926536  -0.0000000008  -0.0051505414
195.4070630533  0.0000000000  3.1415926536  -0.0000000008  -0.0051174203
196.6637001147  0.0000000000  3.1415926536  -0.0000000008  -0.0050847224
197.9203371762  0.0000000000  3.1415926536  -0.0000000008  -0.0050524397
199.1769742376  0.0000000000  3.1415926536  -0.0000000008  -0.0050205643
200.4336112990  0.0000000000  3.1415926536  -0.0000000007  -0.0049890887
201.6902483605  0.0000000000  3.1415926536  -0.0000000007  -0.0049580052
202.9468854219  0.0000000000  3.1415926536  -0.0000000007  -0.0049273066
204.2035224833  0.0000000000  3.1415926536  -0.0000000007  -0.0048969858
205.4601595448  0.0000000000  3.1415926536  -0.0000000007  -0.0048670359
206.7167966062  0.0000000000  3.1415926536  -0.0000000007  -0.0048374501
207.9734336676  0.0000000000  3.1415926536  -0.0000000007  -0.0048082218
209.2300707291  0.0000000000  3.1415926536  -0.0000000007  -0.0047793446
210.4867077905  0.0000000000  3.1415926536  -0.0000000007  -0.0047508122
211.7433448520  0.0000000000  3.1415926536  -0.0000000007  -0.0047226184
212.9999819134  0.0000000000  3.1415926536  -0.0000000007  -0.0046947573
214.2566189748  0.0000000000  3.1415926536  -0.0000000007  -0.0046672230
215.5132560363  0.0000000000  3.1415926536  -0.0000000007  -0.0046400098
216.7698930977  0.0000000000  3.1415926536  -0.0000000007  -0.0046131120
218.0265301591  0.0000000000  3.1415926536  -0.0000000007  -0.0045865243
219.2831672206  0.0000000000  3.1415926536  -0.0000000007  -0.0045602414
220.5398042820  0.0000000000  3.1415926536  -0.0000000007  -0.0045342579
221.7964413434  0.0000000000  3.1415926536  -0.0000000007  -0.0045085689
223.0530784049  0.0000000000  3.1415926536  -0.0000000007  -0.0044831693
224.3097154663  0.0000000000  3.1415926536  -0.0000000007  -0.0044580542
225.5663525277  0.0000000000  3.1415926536  -0.0000000007  -0.0044332190
226.8229895892  0.0000000000  3.1415926536  -0.0000000007  -0.0044086590
228.0796266506  0.0000000000  3.1415926536  -0.0000000007  -0.0043843695
229.3362637121  0.0000000000  3.1415926536  -0.0000000006  -0.0043603463
230.5929007735  0.0000000000  3.1415926536  -0.0000000006  -0.0043365849
231.8495378349  0.0000000000  3.1415926536  -0.0000000006  -0.0043130810
233.1061748964  0.0000000000  3.1415926536  -0.0000000006  -0.0042898306
234.3628119578  0.0000000000  3.1415926536  -0.0000000006  -0.0042668294
235.6194490192  0.0000000000  3.1415926536  -0.0000000006  -0.0042440736
236.8760860807  0.0000000000  3.1415926536  -0.0000000006  -0.0042215593
238.1327231421  0.0000000000  3.1415926536  -0.0000000006  -0.0041992825
239.3893602035  0.0000000000  3.1415926536  -0.0000000006  -0.0041772396
240.6459972650  0.0000000000  3.1415926536  -0.0000000006  -0.0041554269
241.9026343264  0.0000000000  3.1415926536  -0.0000000006  -0.0041338409
243.1592713878  0.0000000000  3.1415926536  -0.0000000006  -0.0041124779
244.4159084493  0.0000000000  3.1415926536  -0.0000000006  -0.0040913346
245.6725455107  0.0000000000  3.1415926536  -0.0000000006  -0.0040704076
246.9291825722  0.0000000000  3.1415926536  -0.0000000006  -0.0040496935
248.1858196336  0.0000000000  3.1415926536  -0.0000000006  -0.0040291893
249.4424566950  0.0000000000  3.1415926536  -0.0000000006  -0.0040088916
250.6990937565  0.0000000000  3.1415926536  -0.0000000006  -0.0039887974
251.9557308179  0.0000000000  3.1415926536  -0.0000000006  -0.0039689036
253.2123678793  0.0000000000  3.1415926536  -0.0000000006  -0.0039492073
254.4690049408  0.0000000000  3.1415926536  -0.0000000006  -0.0039297055
255.7256420022  0.0000000000  3.1415926536  -0.0000000006  -0.0039103953
256.9822790636  0.0000000000  3.1415926536  -0.0000000006  -0.0038912741
258.2389161251  0.0000000000  3.1415926536  -0.0000000006  -0.0038723388
259.4955531865  0.0000000000  3.1415926536  -0.0000000006  -0.0038535870
260.7521902480  0.0000000000  3.1415926536  -0.0000000006  -0.0038350159
262.0088273094  0.0000000000  3.1415926536  -0.0000000006  -0.0038166230
263.2654643708  0.0000000000  3.1415926536  -0.0000000006  -0.0037984056
264.5221014323  0.0000000000  3.1415926536  -0.0000000006  -0.0037803613
265.7787384937  0.0000000000  3.1415926536  -0.0000000006  -0.0037624877
267.0353755551  0.0000000000  3.1415926536  -0.0000000005  -0.0037447822
268.2920126166  0.0000000000  3.1415926536  -0.0000000005  -0.0037272426
269.5486496780  0.0000000000  3.1415926536  -0.0000000005  -0.0037098666
270.8052867394  0.0000000000  3.1415926536  -0.0000000005  -0.0036926518
272.0619238009  0.0000000000  3.1415926536  -0.0000000005  -0.0036755960
273.3185608623  0.0000000000  3.1415926536  -0.0000000005  -0.0036586970
274.5751979237  0.0000000000  3.1415926536  -0.0000000005  -0.0036419528
275.8318349852  0.0000000000  3.1415926536  -0.0000000005  -0.0036253611
277.0884720466  0.0000000000  3.1415926536  -0.0000000005  -0.0036089198
278.3451091081  0.0000000000  3.1415926536  -0.0000000005  -0.0035926271
279.6017461695  0.0000000000  3.1415926536  -0.0000000005  -0.0035764808
280.8583832309  0.0000000000  3.1415926536  -0.0000000005  -0.0035604789
282.1150202924  0.0000000000  3.1415926536  -0.0000000005  -0.0035446196
283.3716573538  0.0000000000  3.1415926536  -0.0000000005  -0.0035289010
284.6282944152  0.0000000000  3.1415926536  -0.0000000005  -0.0035133211
285.8849314767  0.0000000000  3.1415926536  -0.0000000005  -0.0034978783
287.1415685381  0.0000000000  3.1415926536  -0.0000000005  -0.0034825705
288.3982055995  0.0000000000  3.1415926536  -0.0000000005  -0.0034673962
289.6548426610  0.0000000000  3.1415926536  -0.0000000005  -0.0034523536
290.9114797224  0.0000000000  3.1415926536  -0.0000000005  -0.0034374409
292.1681167839  0.0000000000  3.1415926536  -0.0000000005  -0.0034226564
293.4247538453  0.0000000000  3.1415926536  -0.0000000005  -0.0034079986
294.6813909067  0.0000000000  3.1415926536  -0.0000000005  -0.0033934658
295.9380279682  0.0000000000  3.1415926536  -0.0000000005  -0.0033790565
297.1946650296  0.0000000000  3.1415926536  -0.0000000005  -0.0033647690
298.4513020910  0.0000000000  3.1415926536  -0.0000000005  -0.0033506017
299.7079391525  0.0000000000  3.1415926536  -0.0000000005  -0.0033365533
300.9645762139  0.0000000000  3.1415926536  -0.0000000005  -0.0033226222
302.2212132753  0.0000000000  3.1415926536  -0.0000000005  -0.0033088070
303.4778503368  0.0000000000  3.1415926536  -0.0000000005  -0.0032951062
304.7344873982  0.0000000000  3.1415926536  -0.0000000005  -0.0032815183
305.9911244596  0.0000000000  3.1415926536  -0.0000000005  -0.0032680421
307.2477615211  0.0000000000  3.1415926536  -0.0000000005  -0.0032546761
308.5043985825  0.0000000000  3.1415926536  -0.0000000005  -0.0032414189
309.7610356440  0.0000000000  3.1415926536  -0.0000000005  -0.0032282694
311.0176727054  0.0000000000  3.1415926536  -0.0000000005  -0.0032152261
312.2743097668  0.0000000000  3.1415926536  -0.0000000005  -0.0032022877
313.5309468283  0.0000000000  3.1415926536  -0.0000000005  -0.0031894531
314.7875838897  0.0000000000  3.1415926536  -0.0000000005  -0.0031767210
316.0442209511  0.0000000000  3.1415926536  -0.0000000005  -0.0031640901
317.3008580126  0.0000000000  3.1415926536  -0.0000000005  -0.0031515592
318.5574950740  0.0000000000  3.1415926536  -0.0000000005  -0.0031391272
319.8141321354  0.0000000000  3.1415926536  -0.0000000005  -0.0031267929
321.0707691969  0.0000000000  3.1415926536  -0.0000000004  -0.0031145551
322.3274062583  0.0000000000  3.1415926536  -0.0000000004  -0.0031024128
323.5840433197  0.0000000000  3.1415926536  -0.0000000004  -0.0030903648
324.8406803812  0.0000000000  3.1415926536  -0.0000000004  -0.0030784100
326.0973174426  0.0000000000  3.1415926536  -0.0000000004  -0.0030665473
327.3539545041  0.0000000000  3.1415926536  -0.0000000004  -0.0030547757
328.6105915655  0.0000000000  3.1415926536  -0.0000000004  -0.0030430941
329.8672286269  0.0000000000  3.1415926536  -0.0000000004  -0.0030315015
331.1238656884  0.0000000000  3.1415926536  -0.0000000004  -0.0030199969
332.3805027498  0.0000000000  3.1415926536  -0.0000000004  -0.0030085793
333.6371398112  0.0000000000  3.1415926536  -0.0000000004  -0.0029972477
334.8937768727  0.0000000000  3.1415926536  -0.0000000004  -0.0029860012
336.1504139341  0.0000000000  3.1415926536  -0.0000000004  -0.0029748387
337.4070509955  0.0000000000  3.1415926536  -0.0000000004  -0.0029637594
338.6636880570  0.0000000000  3.1415926536  -0.0000000004  -0.0029527623
339.9203251184  0.0000000000  3.1415926536  -0.0000000004  -0.0029418465
341.1769621799  0.0000000000  3.1415926536  -0.0000000004  -0.0029310111
342.4335992413  0.0000000000  3.1415926536  -0.0000000004  -0.0029202552
343.6902363027  0.0000000000  3.1415926536  -0.0000000004  -0.0029095780
344.9468733642  0.0000000000  3.1415926536  -0.0000000004  -0.0028989786
346.2035104256  0.0000000000  3.1415926536  -0.0000000004  -0.0028884561
347.4601474870  0.0000000000  3.1415926536  -0.0000000004  -0.0028780098
348.7167845485  0.0000000000  3.1415926536  -0.0000000004  -0.0028676387
349.9734216099  0.0000000000  3.1415926536  -0.0000000004  -0.0028573421
351.2300586713  0.0000000000  3.1415926536  -0.0000000004  -0.0028471192
352.4866957328  0.0000000000  3.1415926536  -0.0000000004  -0.0028369691
353.7433327942  0.0000000000  3.1415926536  -0.0000000004  -0.0028268912
354.9999698556  0.0000000000  3.1415926536  -0.0000000004  -0.0028168846
356.2566069171  0.0000000000  3.1415926536  -0.0000000004  -0.0028069486
357.5132439785  0.0000000000  3.1415926536  -0.0000000004  -0.0027970825
358.7698810400  0.0000000000  3.1415926536  -0.0000000004  -0.0027872855
360.0265181014  0.0000000000  3.1415926536  -0.0000000004  -0.0027775569
361.2831551628  0.0000000000  3.1415926536  -0.0000000004  -0.0027678959
362.5397922243  0.0000000000  3.1415926536  -0.0000000004  -0.0027583019
363.7964292857  0.0000000000  3.1415926536  -0.0000000004  -0.0027487742
365.0530663471  0.0000000000  3.1415926536  -0.0000000004  -0.0027393121
366.3097034086  0.0000000000  3.1415926536  -0.0000000004  -0.0027299149
367.5663404700  0.0000000000  3.1415926536  -0.0000000004  -0.0027205820
368.8229775314  0.0000000000  3.1415926536  -0.0000000004  -0.0027113126
370.0796145929  0.0000000000  3.1415926536  -0.0000000004  -0.0027021063
371.3362516543  0.0000000000  3.1415926536  -0.0000000004  -0.0026929622
372.5928887157  0.0000000000  3.1415926536  -0.0000000004  -0.0026838798
373.8495257772  0.0000000000  3.1415926536  -0.0000000004  -0.0026748584
375.1061628386  0.0000000000  3.1415926536  -0.0000000004  -0.0026658975
376.3627999001  0.0000000000  3.1415926536  -0.0000000004  -0.0026569965
377.6194369615  0.0000000000  3.1415926536  -0.0000000004  -0.0026481546
378.8760740229  0.0000000000  3.1415926536  -0.0000000004  -0.0026393715
380.1327110844  0.0000000000  3.1415926536  -0.0000000004  -0.0026306464
381.3893481458  0.0000000000  3.1415926536  -0.0000000004  -0.0026219787
382.6459852072  0.0000000000  3.1415926536  -0.0000000004  -0.0026133681
383.9026222687  0.0000000000  3.1415926536  -0.0000000004  -0.0026048138
385.1592593301  0.0000000000  3.1415926536  -0.0000000004  -0.0025963153
386.4158963915  0.0000000000  3.1415926536  -0.0000000004  -0.0025878721
387.6725334530  0.0000000000  3.1415926536  -0.0000000004  -0.0025794836
388.9291705144  0.0000000000  3.1415926536  -0.0000000004  -0.0025711493
390.1858075759  0.0000000000  3.1415926536  -0.0000000004  -0.0025628687
391.4424446373  0.0000000000  3.1415926536  -0.0000000004  -0.0025546413
392.6990816987  0.0000000000  3.1415926536  -0.0000000004  -0.0025464665
393.9557187602  0.0000000000  3.1415926536  -0.0000000004  -0.0025383439
395.2123558216  0.0000000000  3.1415926536  -0.0000000004  -0.0025302729
396.4689928830  0.0000000000  3.1415926536  -0.0000000004  -0.0025222531
397.7256299445  0.0000000000  3.1415926536  -0.0000000004  -0.0025142840
398.9822670059  0.0000000000  3.1415926536  -0.0000000004  -0.0025063651
400.2389040673  0.0000000000  3.1415926536  -0.0000000004  -0.0024984959
401.4955411288  0.0000000000  3.1415926536  -0.0000000004  -0.0024906759
402.7521781902  0.0000000000  3.1415926536  -0.0000000004  -0.0024829048
404.0088152516  0.0000000000  3.1415926536  -0.0000000004  -0.0024751820
405.2654523131  0.0000000000  3.1415926536  -0.0000000003  -0.0024675071
406.5220893745  0.0000000000  3.1415926536  -0.0000000003  -0.0024598796
407.7787264360  0.0000000000  3.1415926536  -0.0000000003  -0.0024522991
409.0353634974  0.0000000000  3.1415926536  -0.0000000003  -0.0024447653
410.2920005588  0.0000000000  3.1415926536  -0.0000000003  -0.0024372775
411.5486376203  0.0000000000  3.1415926536  -0.0000000003  -0.0024298355
412.8052746817  0.0000000000  3.1415926536  -0.0000000003  -0.0024224388
414.0619117431  0.0000000000  3.1415926536  -0.0000000003  -0.0024150870
415.3185488046  0.0000000000  3.1415926536  -0.0000000003  -0.0024077797
416.5751858660  0.0000000000  3.1415926536  -0.0000000003  -0.0024005165
417.8318229274  0.0000000000  3.1415926536  -0.0000000003  -0.0023932970
419.0884599889  0.0000000000  3.1415926536  -0.0000000003  -0.0023861207
420.3450970503  0.0000000000  3.1415926536  -0.0000000003  -0.0023789874
421.6017341118  0.0000000000  3.1415926536  -0.0000000003  -0.0023718966
422.8583711732  0.0000000000  3.1415926536  -0.0000000003  -0.0023648479
424.1150082346  0.0000000000  3.1415926536  -0.0000000003  -0.0023578410
425.3716452961  0.0000000000  3.1415926536  -0.0000000003  -0.0023508755
426.6282823575  0.0000000000  3.1415926536  -0.0000000003  -0.0023439511
427.8849194189  0.0000000000  3.1415926536  -0.0000000003  -0.0023370673
429.1415564804  0.0000000000  3.1415926536  -0.0000000003  -0.0023302238
430.3981935418  0.0000000000  3.1415926536  -0.0000000003  -0.0023234203
431.6548306032  0.0000000000  3.1415926536  -0.0000000003  -0.0023166564
432.9114676647  0.0000000000  3.1415926536  -0.0000000003  -0.0023099317
434.1681047261  0.0000000000  3.1415926536  -0.0000000003  -0.0023032460
435.4247417875  0.0000000000  3.1415926536  -0.0000000003  -0.0022965989
436.6813788490  0.0000000000  3.1415926536  -0.0000000003  -0.0022899900
437.9380159104  0.0000000000  3.1415926536  -0.0000000003  -0.0022834191
439.1946529719  0.0000000000  3.1415926536  -0.0000000003  -0.0022768858
440.4512900333  0.0000000000  3.1415926536  -0.0000000003  -0.0022703897
441.7079270947  0.0000000000  3.1415926536  -0.0000000003  -0.0022639306
442.9645641562  0.0000000000  3.1415926536  -0.0000000003  -0.0022575082
444.2212012176  0.0000000000  3.1415926536  -0.0000000003  -0.0022511220
445.4778382790  0.0000000000  3.1415926536  -0.0000000003  -0.0022447720
446.7344753405  0.0000000000  3.1415926536  -0.0000000003  -0.0022384576
447.9911124019  0.0000000000  3.1415926536  -0.0000000003  -0.0022321787
449.2477494633  0.0000000000  3.1415926536  -0.0000000003  -0.0022259349
450.5043865248  0.0000000000  3.1415926536  -0.0000000003  -0.0022197259
451.7610235862  0.0000000000  3.1415926536  -0.0000000003  -0.0022135514
453.0176606476  0.0000000000  3.1415926536  -0.0000000003  -0.0022074113
454.2742977091  0.0000000000  3.1415926536  -0.0000000003  -0.0022013051
455.5309347705  0.0000000000  3.1415926536  -0.0000000003  -0.0021952325
456.7875718320  0.0000000000  3.1415926536  -0.0000000003  -0.0021891934
458.0442088934  0.0000000000  3.1415926536  -0.0000000003  -0.0021831875
459.3008459548  0.0000000000  3.1415926536  -0.0000000003  -0.0021772143
460.5574830163  0.0000000000  3.1415926536  -0.0000000003  -0.0021712738
461.8141200777  0.0000000000  3.1415926536  -0.0000000003  -0.0021653656
463.0707571391  0.0000000000  3.1415926536  -0.0000000003  -0.0021594895
464.3273942006  0.0000000000  3.1415926536  -0.0000000003  -0.0021536452
465.5840312620  0.0000000000  3.1415926536  -0.0000000003  -0.0021478324
466.8406683234  0.0000000000  3.1415926536  -0.0000000003  -0.0021420510
468.0973053849  0.0000000000  3.1415926536  -0.0000000003  -0.0021363005
469.3539424463  0.0000000000  3.1415926536  -0.0000000003  -0.0021305809
470.6105795078  0.0000000000  3.1415926536  -0.0000000003  -0.0021248918
471.8672165692  0.0000000000  3.1415926536  -0.0000000003  -0.0021192330
473.1238536306  0.0000000000  3.1415926536  -0.0000000003  -0.0021136043
474.3804906921  0.0000000000  3.1415926536  -0.0000000003  -0.0021080054
475.6371277535  0.0000000000  3.1415926536  -0.0000000003  -0.0021024360
476.8937648149  0.0000000000  3.1415926536  -0.0000000003  -0.0020968960
478.1504018764  0.0000000000  3.1415926536  -0.0000000003  -0.0020913852
479.4070389378  0.0000000000  3.1415926536  -0.0000000003  -0.0020859032
480.6636759992  0.0000000000  3.1415926536  -0.0000000003  -0.0020804499
481.9203130607  0.0000000000  3.1415926536  -0.0000000003  -0.0020750250
483.1769501221  0.0000000000  3.1415926536  -0.0000000003  -0.0020696284
484.4335871835  0.0000000000  3.1415926536  -0.0000000003  -0.0020642597
485.6902242450  0.0000000000  3.1415926536  -0.0000000003  -0.0020589189
486.9468613064  0.0000000000  3.1415926536  -0.0000000003  -0.0020536056
488.2034983679  0.0000000000  3.1415926536  -0.0000000003  -0.0020483196
489.4601354293  0.0000000000  3.1415926536  -0.0000000003  -0.0020430608
490.7167724907  0.0000000000  3.1415926536  -0.0000000003  -0.0020378289
491.9734095522  0.0000000000  3.1415926536  -0.0000000003  -0.0020326238
493.2300466136  0.0000000000  3.1415926536  -0.0000000003  -0.0020274452
494.4866836750  0.0000000000  3.1415926536  -0.0000000003  -0.0020222928
495.7433207365  0.0000000000  3.1415926536  -0.0000000003  -0.0020171667
496.9999577979  0.0000000000  3.1415926536  -0.0000000003  -0.0020120664
498.2565948593  0.0000000000  3.1415926536  -0.0000000003  -0.0020069919
499.5132319208  0.0000000000  3.1415926536  -0.0000000003  -0.0020019429
500.7698689822  0.0000000000  3.1415926536  -0.0000000003  -0.0019969192
502.0265060436  0.0000000000  3.1415926536  -0.0000000003  -0.0019919207
503.2831431051  0.0000000000  3.1415926536  -0.0000000003  -0.0019869471
504.5397801665  0.0000000000  3.1415926536  -0.0000000003  -0.0019819983
505.7964172280  0.0000000000  3.1415926536  -0.0000000003  -0.0019770742
507.0530542894  0.0000000000  3.1415926536  -0.0000000003  -0.0019721744
508.3096913508  0.0000000000  3.1415926536  -0.0000000003  -0.0019672988
509.5663284123  0.0000000000  3.1415926536  -0.0000000003  -0.0019624473
510.8229654737  0.0000000000  3.1415926536  -0.0000000003  -0.0019576197
512.0796025351  0.0000000000  3.1415926536  -0.0000000003  -0.0019528157
513.3362395966  0.0000000000  3.1415926536  -0.0000000003  -0.0019480353
514.5928766580  0.0000000000  3.1415926536  -0.0000000003  -0.0019432782
515.8495137194  0.0000000000  3.1415926536  -0.0000000003  -0.0019385443
517.1061507809  0.0000000000  3.1415926536  -0.0000000003  -0.0019338334
518.3627878423  0.0000000000  3.1415926536  -0.0000000003  -0.0019291454
519.6194249038  0.0000000000  3.1415926536  -0.0000000003  -0.0019244800
520.8760619652  0.0000000000  3.1415926536  -0.0000000003  -0.0019198371
522.1326990266  0.0000000000  3.1415926536  -0.0000000003  -0.0019152166
523.3893360881  0.0000000000  3.1415926536  -0.0000000003  -0.0019106183
524.6459731495  0.0000000000  3.1415926536  -0.0000000003  -0.0019060419
525.9026102109  0.0000000000  3.1415926536  -0.0000000003  -0.0019014875
527.1592472724  0.0000000000  3.1415926536  -0.0000000003  -0.0018969548
528.4158843338  0.0000000000  3.1415926536  -0.0000000003  -0.0018924436
529.6725213952  0.0000000000  3.1415926536  -0.0000000003  -0.0018879539
530.9291584567  0.0000000000  3.1415926536  -0.0000000003  -0.0018834854
532.1857955181  0.0000000000  3.1415926536  -0.0000000003  -0.0018790380
533.4424325795  0.0000000000  3.1415926536  -0.0000000003  -0.0018746115
534.6990696410  0.0000000000  3.1415926536  -0.0000000003  -0.0018702059
535.9557067024  0.0000000000  3.1415926536  -0.0000000003  -0.0018658209
537.2123437639  0.0000000000  3.1415926536  -0.0000000003  -0.0018614564
538.4689808253  0.0000000000  3.1415926536  -0.0000000003  -0.0018571123
539.7256178867  0.0000000000  3.1415926536  -0.0000000003  -0.0018527884
540.9822549482  0.0000000000  3.1415926536  -0.0000000003  -0.0018484847
542.2388920096  0.0000000000  3.1415926536  -0.0000000003  -0.0018442008
543.4955290710  0.0000000000  3.1415926536  -0.0000000003  -0.0018399368
544.7521661325  0.0000000000  3.1415926536  -0.0000000003  -0.0018356924
546.0088031939  0.0000000000  3.1415926536  -0.0000000003  -0.0018314676
547.2654402553  0.0000000000  3.1415926536  -0.0000000003  -0.0018272622
548.5220773168  0.0000000000  3.1415926536  -0.0000000003  -0.0018230761
549.7787143782  0.0000000000  3.1415926536  -0.0000000003  -0.0018189090
551.0353514396  0.0000000000  3.1415926536  -0.0000000003  -0.0018147610
552.2919885011  0.0000000000  3.1415926536  -0.0000000003  -0.0018106319
553.5486255625  0.0000000000  3.1415926536  -0.0000000003  -0.0018065215
554.8052626240  0.0000000000  3.1415926536  -0.0000000002  -0.0018024298
556.0618996854  0.0000000000  3.1415926536  -0.0000000002  -0.0017983565
557.3185367468  0.0000000000  3.1415926536  -0.0000000002  -0.0017943016
558.5751738083  0.0000000000  3.1415926536  -0.0000000002  -0.0017902650
559.8318108697  0.0000000000  3.1415926536  -0.0000000002  -0.0017862464
561.0884479311  0.0000000000  3.1415926536  -0.0000000002  -0.0017822459
562.3450849926  0.0000000000  3.1415926536  -0.0000000002  -0.0017782632
563.6017220540  0.0000000000  3.1415926536  -0.0000000002  -0.0017742983
564.8583591154  0.0000000000  3.1415926536  -0.0000000002  -0.0017703511
566.1149961769  0.0000000000  3.1415926536  -0.0000000002  -0.0017664214
567.3716332383  0.0000000000  3.1415926536  -0.0000000002  -0.0017625090
568.6282702998  0.0000000000  3.1415926536  -0.0000000002  -0.0017586140
569.8849073612  0.0000000000  3.1415926536  -0.0000000002  -0.0017547362
571.1415444226  0.0000000000  3.1415926536  -0.0000000002  -0.0017508754
572.3981814841  0.0000000000  3.1415926536  -0.0000000002  -0.0017470315
573.6548185455  0.0000000000  3.1415926536  -0.0000000002  -0.0017432045
574.9114556069  0.0000000000  3.1415926536  -0.0000000002  -0.0017393943
576.1680926684  0.0000000000  3.1415926536  -0.0000000002  -0.0017356006
577.4247297298  0.0000000000  3.1415926536  -0.0000000002  -0.0017318235
578.6813667912  0.0000000000  3.1415926536  -0.0000000002  -0.0017280628
579.9380038527  0.0000000000  3.1415926536  -0.0000000002  -0.0017243183
581.1946409141  0.0000000000  3.1415926536  -0.0000000002  -0.0017205901
582.4512779755  0.0000000000  3.1415926536  -0.0000000002  -0.0017168779
583.7079150370  0.0000000000  3.1415926536  -0.0000000002  -0.0017131818
584.9645520984  0.0000000000  3.1415926536  -0.0000000002  -0.0017095015
586.2211891599  0.0000000000  3.1415926536  -0.0000000002  -0.0017058370
587.4778262213  0.0000000000  3.1415926536  -0.0000000002  -0.0017021881
588.7344632827  0.0000000000  3.1415926536  -0.0000000002  -0.0016985549
589.9911003442  0.0000000000  3.1415926536  -0.0000000002  -0.0016949371
591.2477374056  0.0000000000  3.1415926536  -0.0000000002  -0.0016913347
592.5043744670  0.0000000000  3.1415926536  -0.0000000002  -0.0016877476
593.7610115285  0.0000000000  3.1415926536  -0.0000000002  -0.0016841757
595.0176485899  0.0000000000  3.1415926536  -0.0000000002  -0.0016806188
596.2742856513  0.0000000000  3.1415926536  -0.0000000002  -0.0016770769
597.5309227128  0.0000000000  3.1415926536  -0.0000000002  -0.0016735500
598.7875597742  0.0000000000  3.1415926536  -0.0000000002  -0.0016700378
600.0441968357  0.0000000000  3.1415926536  -0.0000000002  -0.0016665404
601.3008338971  0.0000000000  3.1415926536  -0.0000000002  -0.0016630575
602.5574709585  0.0000000000  3.1415926536  -0.0000000002  -0.0016595892
603.8141080200  0.0000000000  3.1415926536  -0.0000000002  -0.0016561354
605.0707450814  0.0000000000  3.1415926536  -0.0000000002  -0.0016526959
606.3273821428  0.0000000000  3.1415926536  -0.0000000002  -0.0016492706
607.5840192043  0.0000000000  3.1415926536  -0.0000000002  -0.0016458595
608.8406562657  0.0000000000  3.1415926536  -0.0000000002  -0.0016424625
610.0972933271  0.0000000000  3.1415926536  -0.0000000002  -0.0016390795
611.3539303886  0.0000000000  3.1415926536  -0.0000000002  -0.0016357104
612.6105674500  0.0000000000  3.1415926536  -0.0000000002  -0.0016323551
613.8672045114  0.0000000000  3.1415926536  -0.0000000002  -0.0016290135
615.1238415729  0.0000000000  3.1415926536  -0.0000000002  -0.0016256856
616.3804786343  0.0000000000  3.1415926536  -0.0000000002  -0.0016223713
617.6371156958  0.0000000000  3.1415926536  -0.0000000002  -0.0016190704
618.8937527572  0.0000000000  3.1415926536  -0.0000000002  -0.0016157830
620.1503898186  0.0000000000  3.1415926536  -0.0000000002  -0.0016125089
621.4070268801  0.0000000000  3.1415926536  -0.0000000002  -0.0016092480
622.6636639415  0.0000000000  3.1415926536  -0.0000000002  -0.0016060003
623.9203010029  0.0000000000  3.1415926536  -0.0000000002  -0.0016027657
625.1769380644  0.0000000000  3.1415926536  -0.0000000002  -0.0015995440
626.4335751258  0.0000000000  3.1415926536  -0.0000000002  -0.0015963353
627.6902121872  0.0000000000  3.1415926536  -0.0000000002  -0.0015931395
628.9468492487  0.0000000000  3.1415926536  0.0000000000  0.0000000000
-627.6902121872  3.1415926536  0.0000000000  0.0000000000  0.0000000000
-626.4335751258  3.1415926536  0.0000000000  0.0000000000  0.0000000000
-625.1769380644  3.1415926536  0.0000000000  0.0000000000  0.0000000000
-623.9203010029  3.1415926536  0.0000000000  0.0000000000  0.0000000000
-622.6636639415  3.1415926536  0.0000000000  0.0000000000  0.0000000000
-621.4070268801  3.1415926536  0.0000000000  0.0000000000  0.0000000000
-620.1503898186  3.1415926536  0.0000000000  0.0000000000  0.0000000000
-618.8937527572  3.1415926536  0.0000000000  0.0000000000  0.0000000000
-617.6371156958  3.1415926536  0.0000000000  0.0000000000  0.0000000000
-616.3804786343  3.1415926536  0.0000000000  0.0000000000  0.0000000000
-615.1238415729  3.1415926536  0.0000000000  0.0000000000  0.0000000000
-613.8672045114  3.1415926536  0.0000000000  0.0000000000  0.0000000000
-612.6105674500  3.1415926536  0.0000000000  0.0000000000  0.0000000000
-611.3539303886  3.1415926536  0.0000000000  0.0000000000  0.0000000000
-610.0972933271  3.1415926536  0.0000000000  0.0000000000  0.0000000000
-608.8406562657  3.1415926536  0.0000000000  0.0000000000  0.0000000000
-607.5840192043  3.1415926536  0.0000000000  0.0000000000  0.0000000000
-606.3273821428  3.1415926536  0.0000000000  0.0000000000  0.0000000000
-605.0707450814  3.1415926536  0.0000000000  0.0000000000  0.0000000000
-603.8141080200  3.1415926536  0.0000000000  0.0000000000  0.0000000000
-602.5574709585  3.1415926536  0.0000000000  0.0000000000  0.0000000000
-601.3008338971  3.1415926536  0.0000000000  0.0000000000  0.0000000000
-600.0441968357  3.1415926536  0.0000000000  0.0000000000  0.0000000000
-598.7875597742  3.1415926536  0.0000000000  0.0000000000  0.0000000000
-597.5309227128  3.1415926536  0.0000000000  0.0000000000  0.0000000000
-596.2742856513  3.1415926536  0.0000000000  0.0000000000  0.0000000000
-595.0176485899  3.1415926536  0.0000000000  0.0000000000  0.0000000000
-593.7610115285  3.1415926536  0.0000000000  0.0000000000  0.0000000000
-592.5043744670  3.1415926536  0.0000000000  0.0000000000  0.0000000000
-591.2477374056  3.1415926536  0.0000000000  0.0000000000  0.0000000000
-589.9911003442  3.1415926536  0.0000000000  0.0000000000  0.0000000000
-588.7344632827  3.1415926536  0.0000000000  0.0000000000  0.0000000000
-587.4778262213  3.1415926536  0.0000000000  0.0000000000  0.0000000000
-586.2211891599  3.1415926536  0.0000000000  0.0000000000  0.0000000000
-584.9645520984  3.1415926536  0.0000000000  0.0000000000  0.0000000000
-583.7079150370  3.1415926536  0.0000000000  0.0000000000  0.0000000000
-582.4512779755  3.1415926536  0.0000000000  0.0000000000  0.0000000000
-581.1946409141  3.1415926536  0.0000000000  0.0000000000  0.0000000000
-579.9380038527  3.1415926536  0.0000000000  0.0000000000  0.0000000000
-578.6813667912  3.1415926536  0.0000000000  0.0000000000  0.0000000000
-577.4247297298  3.1415926536  0.0000000000  0.0000000000  0.0000000000
-576.1680926684  3.1415926536  0.0000000000  0.0000000000  0.0000000000
-574.9114556069  3.1415926536  0.0000000000  0.0000000000  0.0000000000
-573.6548185455  3.1415926536  0.0000000000  0.0000000000  0.0000000000
-572.3981814841  3.1415926536  0.0000000000  0.0000000000  0.0000000000
-571.1415444226  3.1415926536  0.0000000000  0.0000000000  0.0000000000
-569.8849073612  3.1415926536  0.0000000000  0.0000000000  0.0000000000
-568.6282702998  3.1415926536  0.0000000000  0.0000000000  0.0000000000
-567.3716332383  3.1415926536  0.0000000000  0.0000000000  0.0000000000
-566.1149961769  3.1415926536  0.0000000000  0.0000000000  0.0000000000
-564.8583591154  3.1415926536  0.0000000000  0.0000000000  0.0000000000
-563.6017220540  3.1415926536  0.0000000000  0.0000000000  0.0000000000
-562.3450849926  3.1415926536  0.0000000000  0.0000000000  0.0000000000
-561.0884479311  3.1415926536  0.0000000000  0.0000000000  0.0000000000
-559.8318108697  3.1415926536  0.0000000000  0.0000000000  0.0000000000
-558.5751738083  3.1415926536  0.0000000000  0.0000000000  0.0000000000
-557.3185367468  3.1415926536  0.0000000000  0.0000000000  0.0000000000
-556.0618996854  3.1415926536  0.0000000000  0.0000000000  0.0000000000
-554.8052626240  3.1415926536  0.0000000000  0.0000000000  0.0000000000
-553.5486255625  3.1415926536  0.0000000000  0.0000000000  0.0000000000
-552.2919885011  3.1415926536  0.0000000000  0.0000000000  0.0000000000
-551.0353514396  3.1415926536  0.0000000000  0.0000000000  0.0000000000
-549.7787143782  3.1415926536  0.0000000000  0.0000000000  0.0000000000
-548.5220773168  3.1415926536  0.0000000000  0.0000000000  0.0000000000
-547.2654402553  3.1415926536  0.0000000000  0.0000000000  0.0000000000
-546.0088031939  3.1415926536  0.0000000000  0.0000000000  0.0000000000
-544.7521661325  3.1415926536  0.0000000000  0.0000000000  0.0000000000
-543.4955290710  3.1415926536  0.0000000000  0.0000000000  0.0000000000
-542.2388920096  3.1415926536  0.0000000000  0.0000000000  0.0000000000
-540.9822549482  3.1415926536  0.0000000000  0.0000000000  0.0000000000
-539.7256178867  3.1415926536  0.0000000000  0.0000000000  0.0000000000
-538.4689808253  3.1415926536  0.0000000000  0.0000000000  0.0000000000
-537.2123437639  3.1415926536  0.0000000000  0.0000000000  0.0000000000
-535.9557067024  3.1415926536  0.0000000000  0.0000000000  0.0000000000
-534.6990696410  3.1415926536  0.0000000000  0.0000000000  0.0000000000
-533.4424325795  3.1415926536  0.0000000000  0.0000000000  0.0000000000
-532.1857955181  3.1415926536  0.0000000000  0.0000000000  0.0000000000
-530.9291584567  3.1415926536  0.0000000000  0.0000000000  0.0000000000
-529.6725213952  3.1415926536  0.0000000000  0.0000000000  0.0000000000
-528.4158843338  3.1415926536  0.0000000000  0.0000000000  0.0000000000
-527.1592472724  3.1415926536  0.0000000000  0.0000000000  0.0000000000
-525.9026102109  3.1415926536  0.0000000000  0.0000000000  0.0000000000
-524.6459731495  3.1415926536  0.0000000000  0.0000000000  0.0000000000
-523.3893360881  3.1415926536  0.0000000000  0.0000000000  0.0000000000
-522.1326990266  3.1415926536  0.0000000000  0.0000000000  0.0000000000
-520.8760619652  3.1415926536  0.0000000000  0.0000000000  0.0000000000
-519.6194249038  3.1415926536  0.0000000000  0.0000000000  0.0000000000
-518.3627878423  3.1415926536  0.0000000000  0.0000000000  0.0000000000
-517.1061507809  3.1415926536  0.0000000000  0.0000000000  0.0000000000
-515.8495137194  3.1415926536  0.0000000000  0.0000000000  0.0000000000
-514.5928766580  3.1415926536  0.0000000000  0.0000000000  0.0000000000
-513.3362395966  3.1415926536  0.0000000000  0.0000000000  0.0000000000
-512.0796025351  3.1415926536  0.0000000000  0.0000000000  0.0000000000
-510.8229654737  3.1415926536  0.0000000000  0.0000000000  0.0000000000
-509.5663284123  3.1415926536  0.0000000000  0.0000000000  0.0000000000
-508.3096913508  3.1415926536  0.0000000000  0.0000000000  0.0000000000
-507.0530542894  3.1415926536  0.0000000000  0.0000000000  0.0000000000
-505.7964172280  3.1415926536  0.0000000000  0.0000000000  0.0000000000
-504.5397801665  3.1415926536  0.0000000000  0.0000000000  0.0000000000
-503.2831431051  3.1415926536  0.0000000000  0.0000000000  0.0000000000
-502.0265060436  3.1415926536  0.0000000000  0.0000000000  0.0000000000
-500.7698689822  3.1415926536  0.0000000000  0.0000000000  0.0000000000
-499.5132319208  3.1415926536  0.0000000000  0.0000000000  0.0000000000
-498.2565948593  3.1415926536  0.0000000000  0.0000000000  0.0000000000
-496.9999577979  3.1415926536  0.0000000000  0.0000000000  0.0000000000
-495.7433207365  3.1415926536  0.0000000000  0.0000000000  0.0000000000
-494.4866836750  3.1415926536  0.0000000000  0.0000000000  0.0000000000
-493.2300466136  3.1415926536  0.0000000000  0.0000000000  0.0000000000
-491.9734095522  3.1415926536  0.0000000000  0.0000000000  0.0000000000
-490.7167724907  3.1415926536  0.0000000000  0.0000000000  0.0000000000
-489.4601354293  3.1415926536  0.0000000000  0.0000000000  0.0000000000
-488.2034983679  3.1415926536  0.0000000000  0.0000000000  0.0000000000
-486.9468613064  3.1415926536  0.0000000000  0.0000000000  0.0000000000
-485.6902242450  3.1415926536  0.0000000000  0.0000000000  0.0000000000
-484.4335871835  3.1415926536  0.0000000000  0.0000000000  0.0000000000
-483.1769501221  3.1415926536  0.0000000000  0.0000000000  0.0000000000
-481.9203130607  3.1415926536  0.0000000000  0.0000000000  0.0000000000
-480.6636759992  3.1415926536  0.0000000000  0.0000000000  0.0000000000
-479.4070389378  3.1415926536  0.0000000000  0.0000000000  0.0000000000
-478.1504018764  3.1415926536  0.0000000000  0.0000000000  0.0000000000
-476.8937648149  3.1415926536  0.0000000000  0.0000000000  0.0000000000
-475.6371277535  3.1415926536  0.0000000000  0.0000000000  0.0000000000
-474.3804906921  3.1415926536  0.0000000000  0.0000000000  0.0000000000
-473.1238536306  3.1415926536  0.0000000000  0.0000000000  0.0000000000
-471.8672165692  3.1415926536  0.0000000000  0.0000000000  0.0000000000
-470.6105795078  3.1415926536  0.0000000000  0.0000000000  0.0000000000
-469.3539424463  3.1415926536  0.0000000000  0.0000000000  0.0000000000
-468.0973053849  3.1415926536  0.0000000000  0.0000000000  0.0000000000
-466.8406683234  3.1415926536  0.0000000000  0.0000000000  0.0000000000
-465.5840312620  3.1415926536  0.0000000000  0.0000000000  0.0000000000
-464.3273942006  3.1415926536  0.0000000000  0.0000000000  0.0000000000
-463.0707571391  3.1415926536  0.0000000000  0.0000000000  0.0000000000
-461.8141200777  3.1415926536  0.0000000000  0.0000000000  0.0000000000
-460.5574830163  3.1415926536  0.0000000000  0.0000000000  0.0000000000
-459.3008459548  3.1415926536  0.0000000000  0.0000000000  0.0000000000
-458.0442088934  3.1415926536  0.0000000000  0.0000000000  0.0000000000
-456.7875718320  3.1415926536  0.0000000000  0.0000000000  0.0000000000
-455.5309347705  3.1415926536  0.0000000000  0.0000000000  0.0000000000
-454.2742977091  3.1415926536  0.0000000000  0.0000000000  0.0000000000
-453.0176606476  3.1415926536  0.0000000000  0.0000000000  0.0000000000
-451.7610235862  3.1415926536  0.0000000000  0.0000000000  0.0000000000
-450.5043865248  3.1415926536  0.0000000000  0.0000000000  0.0000000000
-449.2477494633  3.1415926536  0.0000000000  0.0000000000  0.0000000000
-447.9911124019  3.1415926536  0.0000000000  0.0000000000  0.0000000000
-446.7344753405  3.1415926536  0.0000000000  0.0000000000  0.0000000000
-445.4778382790  3.1415926536  0.0000000000  0.0000000000  0.0000000000
-444.2212012176  3.1415926536  0.0000000000  0.0000000000  0.0000000000
-442.9645641562  3.1415926536  0.0000000000  0.0000000000  0.0000000000
-441.7079270947  3.1415926536  0.0000000000  0.0000000000  0.0000000000
-440.4512900333  3.1415926536  0.0000000000  0.0000000000  0.0000000000
-439.1946529719  3.1415926536  0.0000000000  0.0000000000  0.0000000000
-437.9380159104  3.1415926536  0.0000000000  0.0000000000  0.0000000000
-436.6813788490  3.1415926536  0.0000000000  0.0000000000  0.0000000000
-435.4247417875  3.1415926536  0.0000000000  0.0000000000  0.0000000000
-434.1681047261  3.1415926536  0.0000000000  0.0000000000  0.0000000000
-432.9114676647  3.1415926536  0.0000000000  0.0000000000  0.0000000000
-431.6548306032  3.1415926536  0.0000000000  0.0000000000  0.0000000000
-430.3981935418  3.1415926536  0.0000000000  0.0000000000  0.0000000000
-429.1415564804  3.1415926536  0.0000000000  0.0000000000  0.0000000000
-427.8849194189  3.1415926536  0.0000000000  0.0000000000  0.0000000000
-426.6282823575  3.1415926536  0.0000000000  0.0000000000  0.0000000000
-425.3716452961  3.1415926536  0.0000000000  0.0000000000  0.0000000000
-424.1150082346  3.1415926536  0.0000000000  0.0000000000  0.0000000000
-422.8583711732  3.1415926536  0.0000000000  0.0000000000  0.0000000000
-421.6017341118  3.1415926536  0.0000000000  0.0000000000  0.0000000000
-420.3450970503  3.1415926536  0.0000000000  0.0000000000  0.0000000000
-419.0884599889  3.1415926536  0.0000000000  0.0000000000  0.0000000000
-417.8318229274  3.1415926536  0.0000000000  0.0000000000  0.0000000000
-416.5751858660  3.1415926536  0.0000000000  0.0000000000  0.0000000000
-415.3185488046  3.1415926536  0.0000000000  0.0000000000  0.0000000000
-414.0619117431  3.1415926536  0.0000000000  0.0000000000  0.0000000000
-412.8052746817  3.1415926536  0.0000000000  0.0000000000  0.0000000000
-411.5486376203  3.1415926536  0.0000000000  0.0000000000  0.0000000000
-410.2920005588  3.1415926536  0.0000000000  0.0000000000  0.0000000000
-409.0353634974  3.1415926536  0.0000000000  0.0000000000  0.0000000000
-407.7787264360  3.1415926536  0.0000000000  0.0000000000  0.0000000000
-406.5220893745  3.1415926536  0.0000000000  0.0000000000  0.0000000000
-405.2654523131  3.1415926536  0.0000000000  0.0000000000  0.0000000000
-404.0088152516  3.1415926536  0.0000000000  0.0000000000  0.0000000000
-402.7521781902  3.1415926536  0.0000000000  0.0000000000  0.0000000000
-401.4955411288  3.1415926536  0.0000000000  0.0000000000  0.0000000000
-400.2389040673  3.1415926536  0.0000000000  0.0000000000  0.0000000000
-398.9822670059  3.1415926536  0.0000000000  0.0000000000  0.0000000000
-397.7256299445  3.1415926536  0.0000000000  0.0000000000  0.0000000000
-396.4689928830  3.1415926536  0.0000000000  0.0000000000  0.0000000000
-395.2123558216  3.1415926536  0.0000000000  0.0000000000  0.0000000000
-393.9557187602  3.1415926536  0.0000000000  0.0000000000  0.0000000000
-392.6990816987  3.1415926536  0.0000000000  0.0000000000  0.0000000000
-391.4424446373  3.1415926536  0.0000000000  0.0000000000  0.0000000000
-390.1858075759  3.1415926536  0.0000000000  0.0000000000  0.0000000000
-388.9291705144  3.1415926536  0.0000000000  0.0000000000  0.0000000000
-387.6725334530  3.1415926536  0.0000000000  0.0000000000  0.0000000000
-386.4158963915  3.1415926536  0.0000000000  0.0000000000  0.0000000000
-385.1592593301  3.1415926536  0.0000000000  0.0000000000  0.0000000000
-383.9026222687  3.1415926536  0.0000000000  0.0000000000  0.0000000000
-382.6459852072  3.1415926536  0.0000000000  0.0000000000  0.0000000000
-381.3893481458  3.1415926536  0.0000000000  0.0000000000  0.0000000000
-380.1327110844  3.1415926536  0.0000000000  0.0000000000  0.0000000000
-378.8760740229  3.1415926536  0.0000000000  0.0000000000  0.0000000000
-377.6194369615  3.1415926536  0.0000000000  0.0000000000  0.0000000000
-376.3627999001  3.1415926536  0.0000000000  0.0000000000  0.0000000000
-375.1061628386  3.1415926536  0.0000000000  0.0000000000  0.0000000000
-373.8495257772  3.1415926536  0.0000000000  0.0000000000  0.0000000000
-372.5928887157  3.1415926536  0.0000000000  0.0000000000  0.0000000000
-371.3362516543  3.1415926536  0.0000000000  0.0000000000  0.0000000000
-370.0796145929  3.1415926536  0.0000000000  0.0000000000  0.0000000000
-368.8229775314  3.1415926536  0.0000000000  0.0000000000  0.0000000000
-367.5663404700  3.1415926536  0.0000000000  0.0000000000  0.0000000000
-366.3097034086  3.1415926536  0.0000000000  0.0000000000  0.0000000000
-365.0530663471  3.1415926536  0.0000000000  0.0000000000  0.0000000000
-363.7964292857  3.1415926536  0.0000000000  0.0000000000  0.0000000000
-362.5397922243  3.1415926536  0.0000000000  0.0000000000  0.0000000000
-361.2831551628  3.1415926536  0.0000000000  0.0000000000  0.0000000000
-360.0265181014  3.1415926536  0.0000000000  0.0000000000  0.0000000000
-358.7698810400  3.1415926536  0.0000000000  0.0000000000  0.0000000000
-357.5132439785  3.1415926536  0.0000000000  0.0000000000  0.0000000000
-356.2566069171  3.1415926536  0.0000000000  0.0000000000  0.0000000000
-354.9999698556  3.1415926536  0.0000000000  0.0000000000  0.0000000000
-353.7433327942  3.1415926536  0.0000000000  0.0000000000  0.0000000000
-352.4866957328  3.1415926536  0.0000000000  0.0000000000  0.0000000000
-351.2300586713  3.1415926536  0.0000000000  0.0000000000  0.0000000000
-349.9734216099  3.1415926536  0.0000000000  0.0000000000  0.0000000000
-348.7167845485  3.1415926536  0.0000000000  0.0000000000  0.0000000000
-347.4601474870  3.1415926536  0.0000000000  0.0000000000  0.0000000000
-346.2035104256  3.1415926536  0.0000000000  0.0000000000  0.0000000000
-344.9468733642  3.1415926536  0.0000000000  0.0000000000  0.0000000000
-343.6902363027  3.1415926536  0.0000000000  0.0000000000  0.0000000000
-342.4335992413  3.1415926536  0.0000000000  0.0000000000  0.0000000000
-341.1769621799  3.1415926536  0.0000000000  0.0000000000  0.0000000000
-339.9203251184  3.1415926536  0.0000000000  0.0000000000  0.0000000000
-338.6636880570  3.1415926536  0.0000000000  0.0000000000  0.0000000000
-337.4070509955  3.1415926536  0.0000000000  0.0000000000  0.0000000000
-336.1504139341  3.1415926536  0.0000000000  0.0000000000  0.0000000000
-334.8937768727  3.1415926536  0.0000000000  0.0000000000  0.0000000000
-333.6371398112  3.1415926536  0.0000000000  0.0000000000  0.0000000000
-332.3805027498  3.1415926536  0.0000000000  0.0000000000  0.0000000000
-331.1238656884  3.1415926536  0.0000000000  0.0000000000  0.0000000000
-329.8672286269  3.1415926536  0.0000000000  0.0000000000  0.0000000000
-328.6105915655  3.1415926536  0.0000000000  0.0000000000  0.0000000000
-327.3539545041  3.1415926536  0.0000000000  0.0000000000  0.0000000000
-326.0973174426  3.1415926536  0.0000000000  0.0000000000  0.0000000000
-324.8406803812  3.1415926536  0.0000000000  0.0000000000  0.0000000000
-323.5840433197  3.1415926536  0.0000000000  0.0000000000  0.0000000000
-322.3274062583  3.1415926536  0.0000000000  0.0000000000  0.0000000000
-321.0707691969  3.1415926536  0.0000000000  0.0000000000  0.0000000000
-319.8141321354  3.1415926536  0.0000000000  0.0000000000  0.0000000000
-318.5574950740  3.1415926536  0.0000000000  0.0000000000  0.0000000000
-317.3008580126  3.1415926536  0.0000000000  0.0000000000  0.0000000000
-316.0442209511  3.1415926536  0.0000000000  0.0000000000  0.0000000000
-314.7875838897  3.1415926536  0.0000000000  0.0000000000  0.0000000000
-313.5309468283  3.1415926536  0.0000000000  0.0000000000  0.0000000000
-312.2743097668  3.1415926536  0.0000000000  0.0000000000  0.0000000000
-311.0176727054  3.1415926536  0.0000000000  0.0000000000  0.0000000000
-309.7610356440  3.1415926536  0.0000000000  0.0000000000  0.0000000000
-308.5043985825  3.1415926536  0.0000000000  0.0000000000  0.0000000000
-307.2477615211  3.1415926536  0.0000000000  0.0000000000  0.0000000000
-305.9911244596  3.1415926536  0.0000000000  0.0000000000  0.0000000000
-304.7344873982  3.1415926536  0.0000000000  0.0000000000  0.0000000000
-303.4778503368  3.1415926536  0.0000000000  0.0000000000  0.0000000000
-302.2212132753  3.1415926536  0.0000000000  0.0000000000  0.0000000000
-300.9645762139  3.1415926536  0.0000000000  0.0000000000  0.0000000000
-299.7079391525  3.1415926536  0.0000000000  0.0000000000  0.0000000000
-298.4513020910  3.1415926536  0.0000000000  0.0000000000  0.0000000000
-297.1946650296  3.1415926536  0.0000000000  0.0000000000  0.0000000000
-295.9380279682  3.1415926536  0.0000000000  0.0000000000  0.0000000000
-294.6813909067  3.1415926536  0.0000000000  0.0000000000  0.0000000000
-293.4247538453  3.1415926536  0.0000000000  0.0000000000  0.0000000000
-292.1681167839  3.1415926536  0.0000000000  0.0000000000  0.0000000000
-290.9114797224  3.1415926536  0.0000000000  0.0000000000  0.0000000000
-289.6548426610  3.1415926536  0.0000000000  0.0000000000  0.0000000000
-288.3982055995  3.1415926536  0.0000000000  0.0000000000  0.0000000000
-287.1415685381  3.1415926536  0.0000000000  0.0000000000  0.0000000000
-285.8849314767  3.1415926536  0.0000000000  0.0000000000  0.0000000000
-284.6282944152  3.1415926536  0.0000000000  0.0000000000  0.0000000000
-283.3716573538  3.1415926536  0.0000000000  0.0000000000  0.0000000000
-282.1150202924  3.1415926536  0.0000000000  0.0000000000  0.0000000000
-280.8583832309  3.1415926536  0.0000000000  0.0000000000  0.0000000000
-279.6017461695  3.1415926536  0.0000000000  0.0000000000  0.0000000000
-278.3451091081  3.1415926536  0.0000000000  0.0000000000  0.0000000000
-277.0884720466  3.1415926536  0.0000000000  0.0000000000  0.0000000000
-275.8318349852  3.1415926536  0.0000000000  0.0000000000  0.0000000000
-274.5751979237  3.1415926536  0.0000000000  0.0000000000  0.0000000000
-273.3185608623  3.1415926536  0.0000000000  0.0000000000  0.0000000000
-272.0619238009  3.1415926536  0.0000000000  0.0000000000  0.0000000000
-270.8052867394  3.1415926536  0.0000000000  0.0000000000  0.0000000000
-269.5486496780  3.1415926536  0.0000000000  0.0000000000  0.0000000000
-268.2920126166  3.1415926536  0.0000000000  0.0000000000  0.0000000000
-267.0353755551  3.1415926536  0.0000000000  0.0000000000  0.0000000000
-265.7787384937  3.1415926536  0.0000000000  0.0000000000  0.0000000000
-264.5221014323  3.1415926536  0.0000000000  0.0000000000  0.0000000000
-263.2654643708  3.1415926536  0.0000000000  0.0000000000  0.0000000000
-262.0088273094  3.1415926536  0.0000000000  0.0000000000  0.0000000000
-260.7521902480  3.1415926536  0.0000000000  0.0000000000  0.0000000000
-259.4955531865  3.1415926536  0.0000000000  0.0000000000  0.0000000000
-258.2389161251  3.1415926536  0.0000000000  0.0000000000  0.0000000000
-256.9822790636  3.1415926536  0.0000000000  0.0000000000  0.0000000000
-255.7256420022  3.1415926536  0.0000000000  0.0000000000  0.0000000000
-254.4690049408  3.1415926536  0.0000000000  0.0000000000  0.0000000000
-253.2123678793  3.1415926536  0.0000000000  0.0000000000  0.0000000000
-251.9557308179  3.1415926536  0.0000000000  0.0000000000  0.0000000000
-250.6990937565  3.1415926536  0.0000000000  0.0000000000  0.0000000000
-249.4424566950  3.1415926536  0.0000000000  0.0000000000  0.0000000000
-248.1858196336  3.1415926536  0.0000000000  0.0000000000  0.0000000000
-246.9291825722  3.1415926536  0.0000000000  0.0000000000  0.0000000000
-245.6725455107  3.1415926536  0.0000000000  0.0000000000  0.0000000000
-244.4159084493  3.1415926536  0.0000000000  0.0000000000  0.0000000000
-243.1592713878  3.1415926536  0.0000000000  0.0000000000  0.0000000000
-241.9026343264  3.1415926536  0.0000000000  0.0000000000  0.0000000000
-240.6459972650  3.1415926536  0.0000000000  0.0000000000  0.0000000000
-239.3893602035  3.1415926536  0.0000000000  0.0000000000  0.0000000000
-238.1327231421  3.1415926536  0.0000000000  0.0000000000  0.0000000000
-236.8760860807  3.1415926536  0.0000000000  0.0000000000  0.0000000000
-235.6194490192  3.1415926536  0.0000000000  0.0000000000  0.0000000000
-234.3628119578  3.1415926536  0.0000000000  0.0000000000  0.0000000000
-233.1061748964  3.1415926536  0.0000000000  0.0000000000  0.0000000000
-231.8495378349  3.1415926536  0.0000000000  0.0000000000  0.0000000000
-230.5929007735  3.1415926536  0.0000000000  0.0000000000  0.0000000000
-229.3362637121  3.1415926536  0.0000000000  0.0000000000  0.0000000000
-228.0796266506  3.1415926536  0.0000000000  0.0000000000  0.0000000000
-226.8229895892  3.1415926536  0.0000000000  0.0000000000  0.0000000000
-225.5663525277  3.1415926536  0.0000000000  0.0000000000  0.0000000000
-224.3097154663  3.1415926536  0.0000000000  0.0000000000  0.0000000000
-223.0530784049  3.1415926536  0.0000000000  0.0000000000  0.0000000000
-221.7964413434  3.1415926536  0.0000000000  0.0000000000  0.0000000000
-220.5398042820  3.1415926536  0.0000000000  0.0000000000  0.0000000000
-219.2831672206  3.1415926536  0.0000000000  0.0000000000  0.0000000000
-218.0265301591  3.1415926536  0.0000000000  0.0000000000  0.0000000000
-216.7698930977  3.1415926536  0.0000000000  0.0000000000  0.0000000000
-215.5132560363  3.1415926536  0.0000000000  0.0000000000  0.0000000000
-214.2566189748  3.1415926536  0.0000000000  0.0000000000  0.0000000000
-212.9999819134  3.1415926536  0.0000000000  0.0000000000  0.0000000000
-211.7433448520  3.1415926536  0.0000000000  0.0000000000  0.0000000000
-210.4867077905  3.1415926536  0.0000000000  0.0000000000  0.0000000000
-209.2300707291  3.1415926536  0.0000000000  0.0000000000  0.0000000000
-207.9734336676  3.1415926536  0.0000000000  0.0000000000  0.0000000000
-206.7167966062  3.1415926536  0.0000000000  0.0000000000  0.0000000000
-205.4601595448  3.1415926536  0.0000000000  0.0000000000  0.0000000000
-204.2035224833  3.1415926536  0.0000000000  0.0000000000  0.0000000000
-202.9468854219  3.1415926536  0.0000000000  0.0000000000  0.0000000000
-201.6902483605  3.1415926536  0.0000000000  0.0000000000  0.0000000000
-200.4336112990  3.1415926536  0.0000000000  0.0000000000  0.0000000000
-199.1769742376  3.1415926536  0.0000000000  0.0000000000  0.0000000000
-197.9203371762  3.1415926536  0.0000000000  0.0000000000  0.0000000000
-196.6637001147  3.1415926536  0.0000000000  0.0000000000  0.0000000000
-195.4070630533  3.1415926536  0.0000000000  0.0000000000  0.0000000000
-194.1504259918  3.1415926536  0.0000000000  0.0000000000  0.0000000000
-192.8937889304  3.1415926536  0.0000000000  0.0000000000  0.0000000000
-191.6371518690  3.1415926536  0.0000000000  0.0000000000  0.0000000000
-190.3805148075  3.1415926536  0.0000000000  0.0000000000  0.0000000000
-189.1238777461  3.1415926536  0.0000000000  0.0000000000  0.0000000000
-187.8672406847  3.1415926536  0.0000000000  0.0000000000  0.0000000000
-186.6106036232  3.1415926536  0.0000000000  0.0000000000  0.0000000000
-185.3539665618  3.1415926536  0.0000000000  0.0000000000  0.0000000000
-184.0973295004  3.1415926536  0.0000000000  0.0000000000  0.0000000000
-182.8406924389  3.1415926536  0.0000000000  0.0000000000  0.0000000000
-181.5840553775  3.1415926536  0.0000000000  0.0000000000  0.0000000000
-180.3274183161  3.1415926536  0.0000000000  0.0000000000  0.0000000000
-179.0707812546  3.1415926536  0.0000000000  0.0000000000  0.0000000000
-177.8141441932  3.1415926536  0.0000000000  0.0000000000  0.0000000000
-176.5575071317  3.1415926536  0.0000000000  0.0000000000  0.0000000000
-175.3008700703  3.1415926536  0.0000000000  0.0000000000  0.0000000000
-174.0442330089  3.1415926536  0.0000000000  0.0000000000  0.0000000000
-172.7875959474  3.1415926536  0.0000000000  0.0000000000  0.0000000000
-171.5309588860  3.1415926536  0.0000000000  0.0000000000  0.0000000000
-170.2743218246  3.1415926536  0.0000000000  0.0000000000  0.0000000000
-169.0176847631  3.1415926536  0.0000000000  0.0000000000  0.0000000000
-167.7610477017  3.1415926536  0.0000000000  0.0000000000  0.0000000000
-166.5044106403  3.1415926536  0.0000000000  0.0000000000  0.0000000000
-165.2477735788  3.1415926536  0.0000000000  0.0000000000  0.0000000000
-163.9911365174  3.1415926536  0.0000000000  0.0000000000  0.0000000000
-162.7344994560  3.1415926536  0.0000000000  0.0000000000  0.0000000000
-161.4778623945  3.1415926536  0.0000000000  0.0000000000  0.0000000000
-160.2212253331  3.1415926536  0.0000000000  0.0000000000  0.0000000000
-158.9645882716  3.1415926536  0.0000000000  0.0000000000  0.0000000000
-157.7079512102  3.1415926536  0.0000000000  0.0000000000  0.0000000000
-156.4513141488  3.1415926536  0.0000000000  0.0000000000  0.0000000000
-155.1946770873  3.1415926536  0.0000000000  0.0000000000  0.0000000000
-153.9380400259  3.1415926536  0.0000000000  0.0000000000  0.0000000000
-152.6814029645  3.1415926536  0.0000000000  0.0000000000  0.0000000000
-151.4247659030  3.1415926536  0.0000000000  0.0000000000  0.0000000000
-150.1681288416  3.1415926536  0.0000000000  0.0000000000  0.0000000000
-148.9114917802  3.1415926536  0.0000000000  0.0000000000  0.0000000000
-147.6548547187  3.1415926536  0.0000000000  0.0000000000  0.0000000000
-146.3982176573  3.1415926536  0.0000000000  0.0000000000  0.0000000000
-145.1415805958  3.1415926536  0.0000000000  0.0000000000  0.0000000000
-143.8849435344  3.1415926536  0.0000000000  0.0000000000  0.0000000000
-142.6283064730  3.1415926536  0.0000000000  0.0000000000  0.0000000000
-141.3716694115  3.1415926536  0.0000000000  0.0000000000  0.0000000000
-140.1150323501  3.1415926536  0.0000000000  0.0000000000  0.0000000000
-138.8583952887  3.1415926536  0.0000000000  0.0000000000  0.0000000000
-137.6017582272  3.1415926536  0.0000000000  0.0000000000  0.0000000000
-136.3451211658  3.1415926536  0.0000000000  0.0000000000  0.0000000000
-135.0884841044  3.1415926536  0.0000000000  0.0000000000  0.0000000000
-133.8318470429  3.1415926536  0.0000000000  0.0000000000  0.0000000000
-132.5752099815  3.1415926536  0.0000000000  0.0000000000  0.0000000000
-131.3185729201  3.1415926536  0.0000000000  0.0000000000  0.0000000000
-130.0619358586  3.1415926536  0.0000000000  0.0000000000  0.0000000000
-128.8052987972  3.1415926536  0.0000000000  0.0000000000  0.0000000000
-127.5486617357  3.1415926536  0.0000000000  0.0000000000  0.0000000000
-126.2920246743  3.1415926536  0.0000000000  0.0000000000  0.0000000000
-125.0353876129  3.1415926536  0.0000000000  0.0000000000  0.0000000000
-123.7787505514  3.1415926536  0.0000000000  0.0000000000  0.0000000000
-122.5221134900  3.1415926536  0.0000000000  0.0000000000  0.0000000000
-121.2654764286  3.1415926536  0.0000000000  0.0000000000  0.0000000000
-120.0088393671  3.1415926536  0.0000000000  0.0000000000  0.0000000000
-118.7522023057  3.1415926536  0.0000000000  0.0000000000  0.0000000000
-117.4955652443  3.1415926536  0.0000000000  0.0000000000  0.0000000000
-116.2389281828  3.1415926536  0.0000000000  0.0000000000  0.0000000000
-114.9822911214  3.1415926536  0.0000000000  0.0000000000  0.0000000000
-113.7256540600  3.1415926536  0.0000000000  0.0000000000  0.0000000000
-112.4690169985  3.1415926536  0.0000000000  0.0000000000  0.0000000000
-111.2123799371  3.1415926536  0.0000000000  0.0000000000  0.0000000000
-109.9557428756  3.1415926536  0.0000000000  0.0000000000  0.0000000000
-108.6991058142  3.1415926536  0.0000000000  0.0000000000  0.0000000000
-107.4424687528  3.1415926536  0.0000000000  0.0000000000  0.0000000000
-106.1858316913  3.1415926536  0.0000000000  0.0000000000  0.0000000000
-104.9291946299  3.1415926536  0.0000000000  0.0000000000  0.0000000000
-103.6725575685  3.1415926536  0.0000000000  0.0000000000  0.0000000000
-102.4159205070  3.1415926536  0.0000000000  0.0000000000  0.0000000000
-101.1592834456  3.1415926536  0.0000000000  0.0000000000  0.0000000000
-99.9026463842  3.1415926536  0.0000000000  0.0000000000  0.0000000000
-98.6460093227  3.1415926536  0.0000000000  0.0000000000  0.0000000000
-97.3893722613  3.1415926536  0.0000000000  0.0000000000  0.0000000000
-96.1327351998  3.1415926536  0.0000000000  0.0000000000  0.0000000000
-94.8760981384  3.1415926536  0.0000000000  0.0000000000  0.0000000000
-93.6194610770  3.1415926536  0.0000000000  0.0000000000  0.0000000000
-92.3628240155  3.1415926536  0.0000000000  0.0000000000  0.0000000000
-91.1061869541  3.1415926536  0.0000000000  0.0000000000  0.0000000000
-89.8495498927  3.1415926536  0.0000000000  0.0000000000  0.0000000000
-88.5929128312  3.1415926536  0.0000000000  0.0000000000  0.0000000000
-87.3362757698  3.1415926536  0.0000000000  0.0000000000  0.0000000000
-86.0796387084  3.1415926536  0.0000000000  0.0000000000  0.0000000000
-84.8230016469  3.1415926536  0.0000000000  0.0000000000  0.0000000000
-83.5663645855  3.1415926536  0.0000000000  0.0000000000  0.0000000000
-82.3097275241  3.1415926536  0.0000000000  0.0000000000  0.0000000000
-81.0530904626  3.1415926536  0.0000000000  0.0000000000  0.0000000000
-79.7964534012  3.1415926536  0.0000000000  0.0000000000  0.0000000000
-78.5398163397  3.1415926536  0.0000000000  0.0000000000  0.0000000000
-77.2831792783  3.1415926536  0.0000000000  0.0000000000  0.0000000000
-76.0265422169  3.1415926536  0.0000000000  0.0000000000  0.0000000000
-74.7699051554  3.1415926536  0.0000000000  0.0000000000  0.0000000000
-73.5132680940  3.1415926536  0.0000000000  0.0000000000  0.0000000000
-72.2566310326  3.1415926536  0.0000000000  0.0000000000  0.0000000000
-70.9999939711  3.1415926536  0.0000000000  0.0000000000  0.0000000000
-69.7433569097  3.1415926536  0.0000000000  0.0000000000  0.0000000000
-68.4867198483  3.1415926536  0.0000000000  0.0000000000  0.0000000000
-67.2300827868  3.1415926536  0.0000000000  0.0000000000  0.0000000000
-65.9734457254  3.1415926536  0.0000000000  0.0000000000  0.0000000000
-64.7168086639  3.1415926536  0.0000000000  0.0000000000  0.0000000000
-63.4601716025  3.1415926536  0.0000000000  0.0000000000  0.0000000000
-62.2035345411  3.1415926536  0.0000000000  0.0000000000  0.0000000000
-60.9468974796  3.1415926536  0.0000000000  0.0000000000  0.0000000000
-59.6902604182  3.1415926536  0.0000000000  0.0000000000  0.0000000000
-58.4336233568  3.1415926536  0.0000000000  0.0000000000  0.0000000000
-57.1769862953  3.1415926536  0.0000000000  0.0000000000  0.0000000000
-55.9203492339  3.1415926536  0.0000000000  0.0000000000  0.0000000000
-54.6637121725  3.1415926536  0.0000000000  0.0000000000  0.0000000000
-53.4070751110  3.1415926536  0.0000000000  0.0000000000  0.0000000000
-52.1504380496  3.1415926536  0.0000000000  0.0000000000  0.0000000000
-50.8938009882  3.1415926536  0.0000000000  0.0000000000  0.0000000000
-49.6371639267  3.1415926536  0.0000000000  0.0000000000  0.0000000000
-48.3805268653  3.1415926536  0.0000000000  0.0000000000  0.0000000000
-47.1238898038  3.1415926536  0.0000000000  0.0000000000  0.0000000000
-45.8672527424  3.1415926536  0.0000000000  0.0000000000  0.0000000000
-44.6106156810  3.1415926536  0.0000000000  0.0000000000  0.0000000000
-43.3539786195  3.1415926536  0.0000000000  0.0000000000  0.0000000000
-42.0973415581  3.1415926536  0.0000000000  0.0000000000  0.0000000000
-40.8407044967  3.1415926536  0.0000000000  0.0000000000  0.0000000000
-39.5840674352  3.1415926536  0.0000000000  0.0000000000  0.0000000000
-38.3274303738  3.1415926536  0.0000000000  0.0000000000  0.0000000000
-37.0707933124  3.1415926536  0.0000000000  0.0000000000  0.0000000000
-35.8141562509  3.1415926536  0.0000000000  0.0000000000  0.0000000000
-34.5575191895  3.1415926536  0.0000000000  0.0000000000  0.0000000000
-33.3008821281  3.1415926536  0.0000000000  0.0000000000  0.0000000000
-32.0442450666  3.1415926536  0.0000000000  0.0000000000  0.0000000000
-30.7876080052  3.1415926536  0.0000000000  0.0000000000  0.0000000000
-29.5309709437  3.1415926536  0.0000000000  0.0000000000  0.0000000000
-28.2743338823  3.1415926536  0.0000000000  0.0000000000  0.0000000000
-27.0176968209  3.1415926536  0.0000000000  0.0000000000  0.0000000000
-25.7610597594  3.1415926536  0.0000000000  0.0000000000  0.0000000000
-24.5044226980  3.1415926536  0.0000000000  0.0000000000  0.0000000000
-23.2477856366  3.1415926536  0.0000000000  0.0000000000  0.0000000000
-21.9911485751  3.1415926536  0.0000000000  0.0000000000  0.0000000000
-20.7345115137  3.1415926536  0.0000000000  0.0000000000  0.0000000000
-19.4778744523  3.1415926536  0.0000000000  0.0000000000  0.0000000000
-18.2212373908  3.1415926536  0.0000000000  0.0000000000  0.0000000000
-16.9646003294  3.1415926536  0.0000000000  0.0000000000  0.0000000000
-15.7079632679  3.1415926536  0.0000000000  0.0000000000  0.0000000000
-14.4513262065  3.1415926536  0.0000000000  0.0000000000  0.0000000000
-13.1946891451  3.1415926536  0.0000000000  0.0000000000  0.0000000000
-11.9380520836  3.1415926536  0.0000000000  0.0000000000  0.0000000000
-10.6814150222  3.1415926536  0.0000000000  0.0000000000  0.0000000000
-9.4247779608  3.1415926536  0.0000000000  0.0000000000  0.0000000000
-8.1681408993  3.1415926536  0.0000000000  0.0000000000  0.0000000000
-6.9115038379  3.1415926536  0.0000000000  0.0000000000  0.0000000000
-5.6548667765  3.1415926536  0.0000000000  0.0000000000  0.0000000000
-4.3982297150  3.1415926536  0.0000000000  0.0000000000  0.0000000000
-3.1415926536  3.1415926536  0.0000000000  0.0000000000  0.0000000000
-1.8849555922  3.1415926536  0.0000000000  0.0000000000  -0.0000014380
-0.6283185307  3.1415926536  0.0000000000  0.0000044705  0.0000000000
0.6283185307  3.1415926536  0.0000000000  -0.0000000000  -0.8935090648
1.8849555922  3.1415926536  0.0000000000  0.0000000000  -0.4561657639
3.1415926536  3.1415926536  0.0000000000  -0.0000000000  -0.2981514853
4.3982297150  3.1415926536  0.0000000000  0.0000000000  -0.2193784709
5.6548667765  3.1415926536  0.0000000000  0.0000000000  -0.1729295031
6.9115038379  3.1415926536  0.0000000000  0.0000000000  -0.1424975673
8.1681408993  3.1415926536  0.0000000000  0.0000000000  -0.1210829045
9.4247779608  3.1415926536  0.0000000000  0.0000000009  -0.1052206408
10.6814150222  3.1415926536  0.0000000000  0.0000000000  -0.0930104879
11.9380520836  3.1415926536  0.0000000000  -0.0000000012  -0.0833268463
13.1946891451  3.1415926536  0.0000000000  -0.0000000015  -0.0754619269
14.4513262065  3.1415926536  0.0000000000  -0.0000000010  -0.0689489343
15.7079632679  3.1415926536  0.0000000000  0.0000000000  -0.0634678085
16.9646003294  3.1415926536  0.0000000000  0.0000000010  -0.0587918983
18.2212373908  3.1415926536  0.0000000000  0.0000000018  -0.0547562695
19.4778744523  3.1415926536  0.0000000000  0.0000000024  -0.0512380739
20.7345115137  3.1415926536  0.0000000000  0.0000000027  -0.0481439517
21.9911485751  3.1415926536  0.0000000000  0.0000000027  -0.0454016966
23.2477856366  3.1415926536  0.0000000000  0.0000000026  -0.0429545934
24.5044226980  3.1415926536  0.0000000000  0.0000000023  -0.0407574801
25.7610597594  3.1415926536  0.0000000000  0.0000000020  -0.0387739516
27.0176968209  3.1415926536  0.0000000000  0.0000000017  -0.0369743375
28.2743338823  3.1415926536  0.0000000000  0.0000000013  -0.0353342149
29.5309709437  3.1415926536  0.0000000000  0.0000000010  -0.0338332984
30.7876080052  3.1415926536  0.0000000000  0.0000000006  -0.0324546001
32.0442450666  3.1415926536  0.0000000000  0.0000000003  -0.0311837863
33.3008821281  3.1415926536  0.0000000000  -0.0000000000  -0.0300086789
34.5575191895  3.1415926536  0.0000000000  -0.0000000003  -0.0289188653
35.8141562509  3.1415926536  0.0000000000  -0.0000000005  -0.0279053895
37.0707933124  3.1415926536  0.0000000000  -0.0000000007  -0.0269605063
38.3274303738  3.1415926536  0.0000000000  -0.0000000009  -0.0260774835
39.5840674352  3.1415926536  0.0000000000  -0.0000000011  -0.0252504416
40.8407044967  3.1415926536  0.0000000000  -0.0000000012  -0.0244742230
42.0973415581  3.1415926536  0.0000000000  -0.0000000014  -0.0237442845
43.3539786195  3.1415926536  0.0000000000  -0.0000000015  -0.0230566085
44.6106156810  3.1415926536  0.0000000000  -0.0000000016  -0.0224076292
45.8672527424  3.1415926536  0.0000000000  -0.0000000017  -0.0217941709
47.1238898038  3.1415926536  0.0000000000  -0.0000000017  -0.0212133959
48.3805268653  3.1415926536  0.0000000000  -0.0000000018  -0.0206627609
49.6371639267  3.1415926536  0.0000000000  -0.0000000018  -0.0201399798
50.8938009882  3.1415926536  0.0000000000  -0.0000000019  -0.0196429916
52.1504380496  3.1415926536  0.0000000000  -0.0000000019  -0.0191699342
53.4070751110  3.1415926536  0.0000000000  -0.0000000019  -0.0187191201
54.6637121725  3.1415926536  0.0000000000  -0.0000000020  -0.0182890169
55.9203492339  3.1415926536  0.0000000000  -0.0000000020  -0.0178782298
57.1769862953  3.1415926536  0.0000000000  -0.0000000020  -0.0174854864
58.4336233568  3.1415926536  0.0000000000  -0.0000000020  -0.0171096236
59.6902604182  3.1415926536  0.0000000000  -0.0000000020  -0.0167495763
60.9468974796  3.1415926536  0.0000000000  -0.0000000020  -0.0164043671
62.2035345411  3.1415926536  0.0000000000  -0.0000000020  -0.0160730972
63.4601716025  3.1415926536  0.0000000000  -0.0000000020  -0.0157549394
64.7168086639  3.1415926536  0.0000000000  -0.0000000020  -0.0154491304
65.9734457254  3.1415926536  0.0000000000  -0.0000000020  -0.0151549651
67.2300827868  3.1415926536  0.0000000000  -0.0000000019  -0.0148717909
68.4867198483  3.1415926536  0.0000000000  -0.0000000019  -0.0145990033
69.7433569097  3.1415926536  0.0000000000  -0.0000000019  -0.0143360411
70.9999939711  3.1415926536  0.0000000000  -0.0000000019  -0.0140823831
72.2566310326  3.1415926536  0.0000000000  -0.0000000019  -0.0138375441
73.5132680940  3.1415926536  0.0000000000  -0.0000000019  -0.0136010720
74.7699051554  3.1415926536  0.0000000000  -0.0000000019  -0.0133725453
76.0265422169  3.1415926536  0.0000000000  -0.0000000018  -0.0131515701
77.2831792783  3.1415926536  0.0000000000  -0.0000000018  -0.0129377783
78.5398163397  3.1415926536  0.0000000000  -0.0000000018  -0.0127308253
79.7964534012  3.1415926536  0.0000000000  -0.0000000018  -0.0125303882
81.0530904626  3.1415926536  0.0000000000  -0.0000000018  -0.0123361639
82.3097275241  3.1415926536  0.0000000000  -0.0000000018  -0.0121478681
83.5663645855  3.1415926536  0.0000000000  -0.0000000017  -0.0119652335
84.8230016469  3.1415926536  0.0000000000  -0.0000000017  -0.0117880086
86.0796387084  3.1415926536  0.0000000000  -0.0000000017  -0.0116159564
87.3362757698  3.1415926536  0.0000000000  -0.0000000017  -0.0114488539
88.5929128312  3.1415926536  0.0000000000  -0.0000000017  -0.0112864905
89.8495498927  3.1415926536  0.0000000000  -0.0000000016  -0.0111286675
91.1061869541  3.1415926536  0.0000000000  -0.0000000016  -0.0109751969
92.3628240155  3.1415926536  0.0000000000  -0.0000000016  -0.0108259013
93.6194610770  3.1415926536  0.0000000000  -0.0000000016  -0.0106806126
94.8760981384  3.1415926536  0.0000000000  -0.0000000016  -0.0105391716
96.1327351998  3.1415926536  0.0000000000  -0.0000000016  -0.0104014275
97.3893722613  3.1415926536  0.0000000000  -0.0000000015  -0.0102672372
98.6460093227  3.1415926536  0.0000000000  -0.0000000015  -0.0101364650
99.9026463842  3.1415926536  0.0000000000  -0.0000000015  -0.0100089818
101.1592834456  3.1415926536  0.0000000000  -0.0000000015  -0.0098846652
102.4159205070  3.1415926536  0.0000000000  -0.0000000015  -0.0097633987
103.6725575685  3.1415926536  0.0000000000  -0.0000000015  -0.0096450713
104.9291946299  3.1415926536  0.0000000000  -0.0000000014  -0.0095295775
106.1858316913  3.1415926536  0.0000000000  -0.0000000014  -0.0094168168
107.4424687528  3.1415926536  0.0000000000  -0.0000000014  -0.0093066932
108.6991058142  3.1415926536  0.0000000000  -0.0000000014  -0.0091991153
109.9557428756  3.1415926536  0.0000000000  -0.0000000014  -0.0090939958
111.2123799371  3.1415926536  0.0000000000  -0.0000000014  -0.0089912515
112.4690169985  3.1415926536  0.0000000000  -0.0000000014  -0.0088908028
113.7256540600  3.1415926536  0.0000000000  -0.0000000013  -0.0087925735
114.9822911214  3.1415926536  0.0000000000  -0.0000000013  -0.0086964909
116.2389281828  3.1415926536  0.0000000000  -0.0000000013  -0.0086024854
117.4955652443  3.1415926536  0.0000000000  -0.0000000013  -0.0085104904
118.7522023057  3.1415926536  0.0000000000  -0.0000000013  -0.0084204421
120.0088393671  3.1415926536  0.0000000000  -0.0000000013  -0.0083322793
121.2654764286  3.1415926536  0.0000000000  -0.0000000013  -0.0082459434
122.5221134900  3.1415926536  0.0000000000  -0.0000000012  -0.0081613783
123.7787505514  3.1415926536  0.0000000000  -0.0000000012  -0.0080785299
125.0353876129  3.1415926536  0.0000000000  -0.0000000012  -0.0079973466
126.2920246743  3.1415926536  0.0000000000  -0.0000000012  -0.0079177786
127.5486617357  3.1415926536  0.0000000000  -0.0000000012  -0.0078397783
128.8052987972  3.1415926536  0.0000000000  -0.0000000012  -0.0077632997
130.0619358586  3.1415926536  0.0000000000  -0.0000000012  -0.0076882987
131.3185729201  3.1415926536  0.0000000000  -0.0000000012  -0.0076147330
132.5752099815  3.1415926536  0.0000000000  -0.0000000012  -0.0075425617
133.8318470429  3.1415926536  0.0000000000  -0.0000000011  -0.0074717456
135.0884841044  3.1415926536  0.0000000000  -0.0000000011  -0.0074022468
136.3451211658  3.1415926536  0.0000000000  -0.0000000011  -0.0073340290
137.6017582272  3.1415926536  0.0000000000  -0.0000000011  -0.0072670569
138.8583952887  3.1415926536  0.0000000000  -0.0000000011  -0.0072012969
140.1150323501  3.1415926536  0.0000000000  -0.0000000011  -0.0071367163
141.3716694115  3.1415926536  0.0000000000  -0.0000000011  -0.0070732837
142.6283064730  3.1415926536  0.0000000000  -0.0000000011  -0.0070109687
143.8849435344  3.1415926536  0.0000000000  -0.0000000011  -0.0069497421
145.1415805958  3.1415926536  0.0000000000  -0.0000000011  -0.0068895755
146.3982176573  3.1415926536  0.0000000000  -0.0000000010  -0.0068304417
147.6548547187  3.1415926536  0.0000000000  -0.0000000010  -0.0067723144
148.9114917802  3.1415926536  0.0000000000  -0.0000000010  -0.0067151680
150.1681288416  3.1415926536  0.0000000000  -0.0000000010  -0.0066589779
151.4247659030  3.1415926536  0.0000000000  -0.0000000010  -0.0066037204
152.6814029645  3.1415926536  0.0000000000  -0.0000000010  -0.0065493723
153.9380400259  3.1415926536  0.0000000000  -0.0000000010  -0.0064959115
155.1946770873  3.1415926536  0.0000000000  -0.0000000010  -0.0064433164
156.4513141488  3.1415926536  0.0000000000  -0.0000000010  -0.0063915661
157.7079512102  3.1415926536  0.0000000000  -0.0000000010  -0.0063406404
158.9645882716  3.1415926536  0.0000000000  -0.0000000010  -0.0062905198
160.2212253331  3.1415926536  0.0000000000  -0.0000000010  -0.0062411853
161.4778623945  3.1415926536  0.0000000000  -0.0000000009  -0.0061926186
162.7344994560  3.1415926536  0.0000000000  -0.0000000009  -0.0061448019
163.9911365174  3.1415926536  0.0000000000  -0.0000000009  -0.0060977180
165.2477735788  3.1415926536  0.0000000000  -0.0000000009  -0.0060513501
166.5044106403  3.1415926536  0.0000000000  -0.0000000009  -0.0060056821
167.7610477017  3.1415926536  0.0000000000  -0.0000000009  -0.0059606981
169.0176847631  3.1415926536  0.0000000000  -0.0000000009  -0.0059163830
170.2743218246  3.1415926536  0.0000000000  -0.0000000009  -0.0058727220
171.5309588860  3.1415926536  0.0000000000  -0.0000000009  -0.0058297006
172.7875959474  3.1415926536  0.0000000000  -0.0000000009  -0.0057873050
174.0442330089  3.1415926536  0.0000000000  -0.0000000009  -0.0057455215
175.3008700703  3.1415926536  0.0000000000  -0.0000000009  -0.0057043370
176.5575071317  3.1415926536  0.0000000000  -0.0000000009  -0.0056637387
177.8141441932  3.1415926536  0.0000000000  -0.0000000009  -0.0056237142
179.0707812546  3.1415926536  0.0000000000  -0.0000000008  -0.0055842514
180.3274183161  3.1415926536  0.0000000000  -0.0000000008  -0.0055453386
181.5840553775  3.1415926536  0.0000000000  -0.0000000008  -0.0055069644
182.8406924389  3.1415926536  0.0000000000  -0.0000000008  -0.0054691175
184.0973295004  3.1415926536  0.0000000000  -0.0000000008  -0.0054317873
185.3539665618  3.1415926536  0.0000000000  -0.0000000008  -0.0053949633
186.6106036232  3.1415926536  0.0000000000  -0.0000000008  -0.0053586352
187.8672406847  3.1415926536  0.0000000000  -0.0000000008  -0.0053227930
189.1238777461  3.1415926536  0.0000000000  -0.0000000008  -0.0052874271
190.3805148075  3.1415926536  0.0000000000  -0.0000000008  -0.0052525281
191.6371518690  3.1415926536  0.0000000000  -0.0000000008  -0.0052180867
192.8937889304  3.1415926536  0.0000000000  -0.0000000008  -0.0051840941
194.1504259918  3.1415926536  0.0000000000  -0.0000000008  -0.0051505414
195.4070630533  3.1415926536  0.0000000000  -0.0000000008  -0.0051174203
196.6637001147  3.1415926536  0.0000000000  -0.0000000008  -0.0050847224
197.9203371762  3.1415926536  0.0000000000  -0.0000000008  -0.0050524397
199.1769742376  3.1415926536  0.0000000000  -0.0000000008  -0.0050205643
200.4336112990  3.1415926536  0.0000000000  -0.0000000007  -0.0049890887
201.6902483605  3.1415926536  0.0000000000  -0.0000000007  -0.0049580052
202.9468854219  3.1415926536  0.0000000000  -0.0000000007  -0.0049273066
204.2035224833  3.1415926536  0.0000000000  -0.0000000007  -0.0048969858
205.4601595448  3.1415926536  0.0000000000  -0.0000000007  -0.0048670359
206.7167966062  3.1415926536  0.0000000000  -0.0000000007  -0.0048374501
207.9734336676  3.1415926536  0.0000000000  -0.0000000007  -0.0048082218
209.2300707291  3.1415926536  0.0000000000  -0.0000000007  -0.0047793446
210.4867077905  3.1415926536  0.0000000000  -0.0000000007  -0.0047508122
211.7433448520  3.1415926536  0.0000000000  -0.0000000007  -0.0047226184
212.9999819134  3.1415926536  0.0000000000  -0.0000000007  -0.0046947573
214.2566189748  3.1415926536  0.0000000000  -0.0000000007  -0.0046672230
215.5132560363  3.1415926536  0.0000000000  -0.0000000007  -0.0046400098
216.7698930977  3.1415926536  0.0000000000  -0.0000000007  -0.0046131120
218.0265301591  3.1415926536  0.0000000000  -0.0000000007  -0.0045865243
219.2831672206  3.1415926536  0.0000000000  -0.0000000007  -0.0045602414
220.5398042820  3.1415926536  0.0000000000  -0.0000000007  -0.0045342579
221.7964413434  3.1415926536  0.0000000000  -0.0000000007  -0.0045085689
223.0530784049  3.1415926536  0.0000000000  -0.0000000007  -0.0044831693
224.3097154663  3.1415926536  0.0000000000  -0.0000000007  -0.0044580542
225.5663525277  3.1415926536  0.0000000000  -0.0000000007  -0.0044332190
226.8229895892  3.1415926536  0.0000000000  -0.0000000007  -0.0044086590
228.0796266506  3.1415926536  0.0000000000  -0.0000000007  -0.0043843695
229.3362637121  3.1415926536  0.0000000000  -0.0000000006  -0.0043603463
230.5929007735  3.1415926536  0.0000000000  -0.0000000006  -0.0043365849
231.8495378349  3.1415926536  0.0000000000  -0.0000000006  -0.0043130810
233.1061748964  3.1415926536  0.0000000000  -0.0000000006  -0.0042898306
234.3628119578  3.1415926536  0.0000000000  -0.0000000006  -0.0042668294
235.6194490192  3.1415926536  0.0000000000  -0.0000000006  -0.0042440736
236.8760860807  3.1415926536  0.0000000000  -0.0000000006  -0.0042215593
238.1327231421  3.1415926536  0.0000000000  -0.0000000006  -0.0041992825
239.3893602035  3.1415926536  0.0000000000  -0.0000000006  -0.0041772396
240.6459972650  3.1415926536  0.0000000000  -0.0000000006  -0.0041554269
241.9026343264  3.1415926536  0.0000000000  -0.0000000006  -0.0041338409
243.1592713878  3.1415926536  0.0000000000  -0.0000000006  -0.0041124779
244.4159084493  3.1415926536  0.0000000000  -0.0000000006  -0.0040913346
245.6725455107  3.1415926536  0.0000000000  -0.0000000006  -0.0040704076
246.9291825722  3.1415926536  0.0000000000  -0.0000000006  -0.0040496935
248.1858196336  3.1415926536  0.0000000000  -0.0000000006  -0.0040291893
249.4424566950  3.1415926536  0.0000000000  -0.0000000006  -0.0040088916
250.6990937565  3.1415926536  0.0000000000  -0.0000000006  -0.0039887974
251.9557308179  3.1415926536  0.0000000000  -0.0000000006  -0.0039689036
253.2123678793  3.1415926536  0.0000000000  -0.0000000006  -0.0039492073
254.4690049408  3.1415926536  0.0000000000  -0.0000000006  -0.0039297055
255.7256420022  3.1415926536  0.0000000000  -0.0000000006  -0.0039103953
256.9822790636  3.1415926536  0.0000000000  -0.0000000006  -0.0038912741
258.2389161251  3.1415926536  0.0000000000  -0.0000000006  -0.0038723388
259.4955531865  3.1415926536  0.0000000000  -0.0000000006  -0.0038535870
260.7521902480  3.1415926536  0.0000000000  -0.0000000006  -0.0038350159
262.0088273094  3.1415926536  0.0000000000  -0.0000000006  -0.0038166230
263.2654643708  3.1415926536  0.0000000000  -0.0000000006  -0.0037984056
264.5221014323  3.1415926536  0.0000000000  -0.0000000006  -0.0037803613
265.7787384937  3.1415926536  0.0000000000  -0.0000000006  -0.0037624877
267.0353755551  3.1415926536  0.0000000000  -0.0000000005  -0.0037447822
268.2920126166  3.1415926536  0.0000000000  -0.0000000005  -0.0037272426
269.5486496780  3.1415926536  0.0000000000  -0.0000000005  -0.0037098666
270.8052867394  3.1415926536  0.0000000000  -0.0000000005  -0.0036926518
272.0619238009  3.1415926536  0.0000000000  -0.0000000005  -0.0036755960
273.3185608623  3.1415926536  0.0000000000  -0.0000000005  -0.0036586970
274.5751979237  3.1415926536  0.0000000000  -0.0000000005  -0.0036419528
275.8318349852  3.1415926536  0.0000000000  -0.0000000005  -0.0036253611
277.0884720466  3.1415926536  0.0000000000  -0.0000000005  -0.0036089198
278.3451091081  3.1415926536  0.0000000000  -0.0000000005  -0.0035926271
279.6017461695  3.1415926536  0.0000000000  -0.0000000005  -0.0035764808
280.8583832309  3.1415926536  0.0000000000  -0.0000000005  -0.0035604789
282.1150202924  3.1415926536  0.0000000000  -0.0000000005  -0.0035446196
283.3716573538  3.1415926536  0.0000000000  -0.0000000005  -0.0035289010
284.6282944152  3.1415926536  0.0000000000  -0.0000000005  -0.0035133211
285.8849314767  3.1415926536  0.0000000000  -0.0000000005  -0.0034978783
287.1415685381  3.1415926536  0.0000000000  -0.0000000005  -0.0034825705
288.3982055995  3.1415926536  0.0000000000  -0.0000000005  -0.0034673962
289.6548426610  3.1415926536  0.0000000000  -0.0000000005  -0.0034523536
290.9114797224  3.1415926536  0.0000000000  -0.0000000005  -0.0034374409
292.1681167839  3.1415926536  0.0000000000  -0.0000000005  -0.0034226564
293.4247538453  3.1415926536  0.0000000000  -0.0000000005  -0.0034079986
294.6813909067  3.1415926536  0.0000000000  -0.0000000005  -0.0033934658
295.9380279682  3.1415926536  0.0000000000  -0.0000000005  -0.0033790565
297.1946650296  3.1415926536  0.0000000000  -0.0000000005  -0.0033647690
298.4513020910  3.1415926536  0.0000000000  -0.0000000005  -0.0033506017
299.7079391525  3.1415926536  0.0000000000  -0.0000000005  -0.0033365533
300.9645762139  3.1415926536  0.0000000000  -0.0000000005  -0.0033226222
302.2212132753  3.1415926536  0.0000000000  -0.0000000005  -0.0033088070
303.4778503368  3.1415926536  0.0000000000  -0.0000000005  -0.0032951062
304.7344873982  3.1415926536  0.0000000000  -0.0000000005  -0.0032815183
305.9911244596  3.1415926536  0.0000000000  -0.0000000005  -0.0032680421
307.2477615211  3.1415926536  0.0000000000  -0.0000000005  -0.0032546761
308.5043985825  3.1415926536  0.0000000000  -0.0000000005  -0.0032414189
309.7610356440  3.1415926536  0.0000000000  -0.0000000005  -0.0032282694
311.0176727054  3.1415926536  0.0000000000  -0.0000000005  -0.0032152261
312.2743097668  3.1415926536  0.0000000000  -0.0000000005  -0.0032022877
313.5309468283  3.1415926536  0.0000000000  -0.0000000005  -0.0031894531
314.7875838897  3.1415926536  0.0000000000  -0.0000000005  -0.0031767210
316.0442209511  3.1415926536  0.0000000000  -0.0000000005  -0.0031640901
317.3008580126  3.1415926536  0.0000000000  -0.0000000005  -0.0031515592
318.5574950740  3.1415926536  0.0000000000  -0.0000000005  -0.0031391272
319.8141321354  3.1415926536  0.0000000000  -0.0000000005  -0.0031267929
321.0707691969  3.1415926536  0.0000000000  -0.0000000004  -0.0031145551
322.3274062583  3.1415926536  0.0000000000  -0.0000000004  -0.0031024128
323.5840433197  3.1415926536  0.0000000000  -0.0000000004  -0.0030903648
324.8406803812  3.1415926536  0.0000000000  -0.0000000004  -0.0030784100
326.0973174426  3.1415926536  0.0000000000  -0.0000000004  -0.0030665473
327.3539545041  3.1415926536  0.0000000000  -0.0000000004  -0.0030547757
328.6105915655  3.1415926536  0.0000000000  -0.0000000004  -0.0030430941
329.8672286269  3.1415926536  0.0000000000  -0.0000000004  -0.0030315015
331.1238656884  3.1415926536  0.0000000000  -0.0000000004  -0.0030199969
332.3805027498  3.1415926536  0.0000000000  -0.0000000004  -0.0030085793
333.6371398112  3.1415926536  0.0000000000  -0.0000000004  -0.0029972477
334.8937768727  3.1415926536  0.0000000000  -0.0000000004  -0.0029860012
336.1504139341  3.1415926536  0.0000000000  -0.0000000004  -0.0029748387
337.4070509955  3.1415926536  0.0000000000  -0.0000000004  -0.0029637594
338.6636880570  3.1415926536  0.0000000000  -0.0000000004  -0.0029527623
339.9203251184  3.1415926536  0.0000000000  -0.0000000004  -0.0029418465
341.1769621799  3.1415926536  0.0000000000  -0.0000000004  -0.0029310111
342.4335992413  3.1415926536  0.0000000000  -0.0000000004  -0.0029202552
343.6902363027  3.1415926536  0.0000000000  -0.0000000004  -0.0029095780
344.9468733642  3.1415926536  0.0000000000  -0.0000000004  -0.0028989786
346.2035104256  3.1415926536  0.0000000000  -0.0000000004  -0.0028884561
347.4601474870  3.1415926536  0.0000000000  -0.0000000004  -0.0028780098
348.7167845485  3.1415926536  0.0000000000  -0.0000000004  -0.0028676387
349.9734216099  3.1415926536  0.0000000000  -0.0000000004  -0.0028573421
351.2300586713  3.1415926536  0.0000000000  -0.0000000004  -0.0028471192
352.4866957328  3.1415926536  0.0000000000  -0.0000000004  -0.0028369691
353.7433327942  3.1415926536  0.0000000000  -0.0000000004  -0.0028268912
354.9999698556  3.1415926536  0.0000000000  -0.0000000004  -0.0028168846
356.2566069171  3.1415926536  0.0000000000  -0.0000000004  -0.0028069486
357.5132439785  3.1415926536  0.0000000000  -0.0000000004  -0.0027970825
358.7698810400  3.1415926536  0.0000000000  -0.0000000004  -0.0027872855
360.0265181014  3.1415926536  0.0000000000  -0.0000000004  -0.0027775569
361.2831551628  3.1415926536  0.0000000000  -0.0000000004  -0.0027678959
362.5397922243  3.1415926536  0.0000000000  -0.0000000004  -0.0027583019
363.7964292857  3.1415926536  0.0000000000  -0.0000000004  -0.0027487742
365.0530663471  3.1415926536  0.0000000000  -0.0000000004  -0.0027393121
366.3097034086  3.1415926536  0.0000000000  -0.0000000004  -0.0027299149
367.5663404700  3.1415926536  0.0000000000  -0.0000000004  -0.0027205820
368.8229775314  3.1415926536  0.0000000000  -0.0000000004  -0.0027113126
370.0796145929  3.1415926536  0.0000000000  -0.0000000004  -0.0027021063
371.3362516543  3.1415926536  0.0000000000  -0.0000000004  -0.0026929622
372.5928887157  3.1415926536  0.0000000000  -0.0000000004  -0.0026838798
373.8495257772  3.1415926536  0.0000000000  -0.0000000004  -0.0026748584
375.1061628386  3.1415926536  0.0000000000  -0.0000000004  -0.0026658975
376.3627999001  3.1415926536  0.0000000000  -0.0000000004  -0.0026569965
377.6194369615  3.1415926536  0.0000000000  -0.0000000004  -0.0026481546
378.8760740229  3.1415926536  0.0000000000  -0.0000000004  -0.0026393715
380.1327110844  3.1415926536  0.0000000000  -0.0000000004  -0.0026306464
381.3893481458  3.1415926536  0.0000000000  -0.0000000004  -0.0026219787
382.6459852072  3.1415926536  0.0000000000  -0.0000000004  -0.0026133681
383.9026222687  3.1415926536  0.0000000000  -0.0000000004  -0.0026048138
385.1592593301  3.1415926536  0.0000000000  -0.0000000004  -0.0025963153
386.4158963915  3.1415926536  0.0000000000  -0.0000000004  -0.0025878721
387.6725334530  3.1415926536  0.0000000000  -0.0000000004  -0.0025794836
388.9291705144  3.1415926536  0.0000000000  -0.0000000004  -0.0025711493
390.1858075759  3.1415926536  0.0000000000  -0.0000000004  -0.0025628687
391.4424446373  3.1415926536  0.0000000000  -0.0000000004  -0.0025546413
392.6990816987  3.1415926536  0.0000000000  -0.0000000004  -0.0025464665
393.9557187602  3.1415926536  0.0000000000  -0.0000000004  -0.0025383439
395.2123558216  3.1415926536  0.0000000000  -0.0000000004  -0.0025302729
396.4689928830  3.1415926536  0.0000000000  -0.0000000004  -0.0025222531
397.7256299445  3.1415926536  0.0000000000  -0.0000000004  -0.0025142840
398.9822670059  3.1415926536  0.0000000000  -0.0000000004  -0.0025063651
400.2389040673  3.1415926536  0.0000000000  -0.0000000004  -0.0024984959
401.4955411288  3.1415926536  0.0000000000  -0.0000000004  -0.0024906759
402.7521781902  3.1415926536  0.0000000000  -0.0000000004  -0.0024829048
404.0088152516  3.1415926536  0.0000000000  -0.0000000004  -0.0024751820
405.2654523131  3.1415926536  0.0000000000  -0.0000000003  -0.0024675071
406.5220893745  3.1415926536  0.0000000000  -0.0000000003  -0.0024598796
407.7787264360  3.1415926536  0.0000000000  -0.0000000003  -0.0024522991
409.0353634974  3.1415926536  0.0000000000  -0.0000000003  -0.0024447653
410.2920005588  3.1415926536  0.0000000000  -0.0000000003  -0.0024372775
411.5486376203  3.1415926536  0.0000000000  -0.0000000003  -0.0024298355
412.8052746817  3.1415926536  0.0000000000  -0.0000000003  -0.0024224388
414.0619117431  3.1415926536  0.0000000000  -0.0000000003  -0.0024150870
415.3185488046  3.1415926536  0.0000000000  -0.0000000003  -0.0024077797
416.5751858660  3.1415926536  0.0000000000  -0.0000000003  -0.0024005165
417.8318229274  3.1415926536  0.0000000000  -0.0000000003  -0.0023932970
419.0884599889  3.1415926536  0.0000000000  -0.0000000003  -0.0023861207
420.3450970503  3.1415926536  0.0000000000  -0.0000000003  -0.0023789874
421.6017341118  3.1415926536  0.0000000000  -0.0000000003  -0.0023718966
422.8583711732  3.1415926536  0.0000000000  -0.0000000003  -0.0023648479
424.1150082346  3.1415926536  0.0000000000  -0.0000000003  -0.0023578410
425.3716452961  3.1415926536  0.0000000000  -0.0000000003  -0.0023508755
426.6282823575  3.1415926536  0.0000000000  -0.0000000003  -0.0023439511
427.8849194189  3.1415926536  0.0000000000  -0.0000000003  -0.0023370673
429.1415564804  3.1415926536  0.0000000000  -0.0000000003  -0.0023302238
430.3981935418  3.1415926536  0.0000000000  -0.0000000003  -0.0023234203
431.6548306032  3.1415926536  0.0000000000  -0.0000000003  -0.0023166564
432.9114676647  3.1415926536  0.0000000000  -0.0000000003  -0.0023099317
434.1681047261  3.1415926536  0.0000000000  -0.0000000003  -0.0023032460
435.4247417875  3.1415926536  0.0000000000  -0.0000000003  -0.0022965989
436.6813788490  3.1415926536  0.0000000000  -0.0000000003  -0.0022899900
437.9380159104  3.1415926536  0.0000000000  -0.0000000003  -0.0022834191
439.1946529719  3.1415926536  0.0000000000  -0.0000000003  -0.0022768858
440.4512900333  3.1415926536  0.0000000000  -0.0000000003  -0.0022703897
441.7079270947  3.1415926536  0.0000000000  -0.0000000003  -0.0022639306
442.9645641562  3.1415926536  0.0000000000  -0.0000000003  -0.0022575082
444.2212012176  3.1415926536  0.0000000000  -0.0000000003  -0.0022511220
445.4778382790  3.1415926536  0.0000000000  -0.0000000003  -0.0022447720
446.7344753405  3.1415926536  0.0000000000  -0.0000000003  -0.0022384576
447.9911124019  3.1415926536  0.0000000000  -0.0000000003  -0.0022321787
449.2477494633  3.1415926536  0.0000000000  -0.0000000003  -0.0022259349
450.5043865248  3.1415926536  0.0000000000  -0.0000000003  -0.0022197259
451.7610235862  3.1415926536  0.0000000000  -0.0000000003  -0.0022135514
453.0176606476  3.1415926536  0.0000000000  -0.0000000003  -0.0022074113
454.2742977091  3.1415926536  0.0000000000  -0.0000000003  -0.0022013051
455.5309347705  3.1415926536  0.0000000000  -0.0000000003  -0.0021952325
456.7875718320  3.1415926536  0.0000000000  -0.0000000003  -0.0021891934
458.0442088934  3.1415926536  0.0000000000  -0.0000000003  -0.0021831875
459.3008459548  3.1415926536  0.0000000000  -0.0000000003  -0.0021772143
460.5574830163  3.1415926536  0.0000000000  -0.0000000003  -0.0021712738
461.8141200777  3.1415926536  0.0000000000  -0.0000000003  -0.0021653656
463.0707571391  3.1415926536  0.0000000000  -0.0000000003  -0.0021594895
464.3273942006  3.1415926536  0.0000000000  -0.0000000003  -0.0021536452
465.5840312620  3.1415926536  0.0000000000  -0.0000000003  -0.0021478324
466.8406683234  3.1415926536  0.0000000000  -0.0000000003  -0.0021420510
468.0973053849  3.1415926536  0.0000000000  -0.0000000003  -0.0021363005
469.3539424463  3.1415926536  0.0000000000  -0.0000000003  -0.0021305809
470.6105795078  3.1415926536  0.0000000000  -0.0000000003  -0.0021248918
471.8672165692  3.1415926536  0.0000000000  -0.0000000003  -0.0021192330
473.1238536306  3.1415926536  0.0000000000  -0.0000000003  -0.0021136043
474.3804906921  3.1415926536  0.0000000000  -0.0000000003  -0.0021080054
475.6371277535  3.1415926536  0.0000000000  -0.0000000003  -0.0021024360
476.8937648149  3.1415926536  0.0000000000  -0.0000000003  -0.0020968960
478.1504018764  3.1415926536  0.0000000000  -0.0000000003  -0.0020913852
479.4070389378  3.1415926536  0.0000000000  -0.0000000003  -0.0020859032
480.6636759992  3.1415926536  0.0000000000  -0.0000000003  -0.0020804499
481.9203130607  3.1415926536  0.0000000000  -0.0000000003  -0.0020750250
483.1769501221  3.1415926536  0.0000000000  -0.0000000003  -0.0020696284
484.4335871835  3.1415926536  0.0000000000  -0.0000000003  -0.0020642597
485.6902242450  3.1415926536  0.0000000000  -0.0000000003  -0.0020589189
486.9468613064  3.1415926536  0.0000000000  -0.0000000003  -0.0020536056
488.2034983679  3.1415926536  0.0000000000  -0.0000000003  -0.0020483196
489.4601354293  3.1415926536  0.0000000000  -0.0000000003  -0.0020430608
490.7167724907  3.1415926536  0.0000000000  -0.0000000003  -0.0020378289
491.9734095522  3.1415926536  0.0000000000  -0.0000000003  -0.0020326238
493.2300466136  3.1415926536  0.0000000000  -0.0000000003  -0.0020274452
494.4866836750  3.1415926536  0.0000000000  -0.0000000003  -0.0020222928
495.7433207365  3.1415926536  0.0000000000  -0.0000000003  -0.0020171667
496.9999577979  3.1415926536  0.0000000000  -0.0000000003  -0.0020120664
498.2565948593  3.1415926536  0.0000000000  -0.0000000003  -0.0020069919
499.5132319208  3.1415926536  0.0000000000  -0.0000000003  -0.0020019429
500.7698689822  3.1415926536  0.0000000000  -0.0000000003  -0.0019969192
502.0265060436  3.1415926536  0.0000000000  -0.0000000003  -0.0019919207
503.2831431051  3.1415926536  0.0000000000  -0.0000000003  -0.0019869471
504.5397801665  3.1415926536  0.0000000000  -0.0000000003  -0.0019819983
505.7964172280  3.1415926536  0.0000000000  -0.0000000003  -0.0019770742
507.0530542894  3.1415926536  0.0000000000  -0.0000000003  -0.0019721744
508.3096913508  3.1415926536  0.0000000000  -0.0000000003  -0.0019672988
509.5663284123  3.1415926536  0.0000000000  -0.0000000003  -0.0019624473
510.8229654737  3.1415926536  0.0000000000  -0.0000000003  -0.0019576197
512.0796025351  3.1415926536  0.0000000000  -0.0000000003  -0.0019528157
513.3362395966  3.1415926536  0.0000000000  -0.0000000003  -0.0019480353
514.5928766580  3.1415926536  0.0000000000  -0.0000000003  -0.0019432782
515.8495137194  3.1415926536  0.0000000000  -0.0000000003  -0.0019385443
517.1061507809  3.1415926536  0.0000000000  -0.0000000003  -0.0019338334
518.3627878423  3.1415926536  0.0000000000  -0.0000000003  -0.0019291454
519.6194249038  3.1415926536  0.0000000000  -0.0000000003  -0.0019244800
520.8760619652  3.1415926536  0.0000000000  -0.0000000003  -0.0019198371
522.1326990266  3.1415926536  0.0000000000  -0.0000000003  -0.0019152166
523.3893360881  3.1415926536  0.0000000000  -0.0000000003  -0.0019106183
524.6459731495  3.1415926536  0.0000000000  -0.0000000003  -0.0019060419
525.9026102109  3.1415926536  0.0000000000  -0.0000000003  -0.0019014875
527.1592472724  3.1415926536  0.0000000000  -0.0000000003  -0.0018969548
528.4158843338  3.1415926536  0.0000000000  -0.0000000003  -0.0018924436
529.6725213952  3.1415926536  0.0000000000  -0.0000000003  -0.0018879539
530.9291584567  3.1415926536  0.0000000000  -0.0000000003  -0.0018834854
532.1857955181  3.1415926536  0.0000000000  -0.0000000003  -0.0018790380
533.4424325795  3.1415926536  0.0000000000  -0.0000000003  -0.0018746115
534.6990696410  3.1415926536  0.0000000000  -0.0000000003  -0.0018702059
535.9557067024  3.1415926536  0.0000000000  -0.0000000003  -0.0018658209
537.2123437639  3.1415926536  0.0000000000  -0.0000000003  -0.0018614564
538.4689808253  3.1415926536  0.0000000000  -0.0000000003  -0.0018571123
539.7256178867  3.1415926536  0.0000000000  -0.0000000003  -0.0018527884
540.9822549482  3.1415926536  0.0000000000  -0.0000000003  -0.0018484847
542.2388920096  3.1415926536  0.0000000000  -0.0000000003  -0.0018442008
543.4955290710  3.1415926536  0.0000000000  -0.0000000003  -0.0018399368
544.7521661325  3.1415926536  0.0000000000  -0.0000000003  -0.0018356924
546.0088031939  3.1415926536  0.0000000000  -0.0000000003  -0.0018314676
547.2654402553  3.1415926536  0.0000000000  -0.0000000003  -0.0018272622
548.5220773168  3.1415926536  0.0000000000  -0.0000000003  -0.0018230761
549.7787143782  3.1415926536  0.0000000000  -0.0000000003  -0.0018189090
551.0353514396  3.1415926536  0.0000000000  -0.0000000003  -0.0018147610
552.2919885011  3.1415926536  0.0000000000  -0.0000000003  -0.0018106319
553.5486255625  3.1415926536  0.0000000000  -0.0000000003  -0.0018065215
554.8052626240  3.1415926536  0.0000000000  -0.0000000002  -0.0018024298
556.0618996854  3.1415926536  0.0000000000  -0.0000000002  -0.0017983565
557.3185367468  3.1415926536  0.0000000000  -0.0000000002  -0.0017943016
558.5751738083  3.1415926536  0.0000000000  -0.0000000002  -0.0017902650
559.8318108697  3.1415926536  0.0000000000  -0.0000000002  -0.0017862464
561.0884479311  3.1415926536  0.0000000000  -0.0000000002  -0.0017822459
562.3450849926  3.1415926536  0.0000000000  -0.0000000002  -0.0017782632
563.6017220540  3.1415926536  0.0000000000  -0.0000000002  -0.0017742983
564.8583591154  3.1415926536  0.0000000000  -0.0000000002  -0.0017703511
566.1149961769  3.1415926536  0.0000000000  -0.0000000002  -0.0017664214
567.3716332383  3.1415926536  0.0000000000  -0.0000000002  -0.0017625090
568.6282702998  3.1415926536  0.0000000000  -0.0000000002  -0.0017586140
569.8849073612  3.1415926536  0.0000000000  -0.0000000002  -0.0017547362
571.1415444226  3.1415926536  0.0000000000  -0.0000000002  -0.0017508754
572.3981814841  3.1415926536  0.0000000000  -0.0000000002  -0.0017470315
573.6548185455  3.1415926536  0.0000000000  -0.0000000002  -0.0017432045
574.9114556069  3.1415926536  0.0000000000  -0.0000000002  -0.0017393943
576.1680926684  3.1415926536  0.0000000000  -0.0000000002  -0.0017356006
577.4247297298  3.1415926536  0.0000000000  -0.0000000002  -0.0017318235
578.6813667912  3.1415926536  0.0000000000  -0.0000000002  -0.0017280628
579.9380038527  3.1415926536  0.0000000000  -0.0000000002  -0.0017243183
581.1946409141  3.1415926536  0.0000000000  -0.0000000002  -0.0017205901
582.4512779755  3.1415926536  0.0000000000  -0.0000000002  -0.0017168779
583.7079150370  3.1415926536  0.0000000000  -0.0000000002  -0.0017131818
584.9645520984  3.1415926536  0.0000000000  -0.0000000002  -0.0017095015
586.2211891599  3.1415926536  0.0000000000  -0.0000000002  -0.0017058370
587.4778262213  3.1415926536  0.0000000000  -0.0000000002  -0.0017021881
588.7344632827  3.1415926536  0.0000000000  -0.0000000002  -0.0016985549
589.9911003442  3.1415926536  0.0000000000  -0.0000000002  -0.0016949371
591.2477374056  3.1415926536  0.0000000000  -0.0000000002  -0.0016913347
592.5043744670  3.1415926536  0.0000000000  -0.0000000002  -0.0016877476
593.7610115285  3.1415926536  0.0000000000  -0.0000000002  -0.0016841757
595.0176485899  3.1415926536  0.0000000000  -0.0000000002  -0.0016806188
596.2742856513  3.1415926536  0.0000000000  -0.0000000002  -0.0016770769
597.5309227128  3.1415926536  0.0000000000  -0.0000000002  -0.0016735500
598.7875597742  3.1415926536  0.0000000000  -0.0000000002  -0.0016700378
600.0441968357  3.1415926536  0.0000000000  -0.0000000002  -0.0016665404
601.3008338971  3.1415926536  0.0000000000  -0.0000000002  -0.0016630575
602.5574709585  3.1415926536  0.0000000000  -0.0000000002  -0.0016595892
603.8141080200  3.1415926536  0.0000000000  -0.0000000002  -0.0016561354
605.0707450814  3.1415926536  0.0000000000  -0.0000000002  -0.0016526959
606.3273821428  3.1415926536  0.0000000000  -0.0000000002  -0.0016492706
607.5840192043  3.1415926536  0.0000000000  -0.0000000002  -0.0016458595
608.8406562657  3.1415926536  0.0000000000  -0.0000000002  -0.0016424625
610.0972933271  3.1415926536  0.0000000000  -0.0000000002  -0.0016390795
611.3539303886  3.1415926536  0.0000000000  -0.0000000002  -0.0016357104
612.6105674500  3.1415926536  0.0000000000  -0.0000000002  -0.0016323551
613.8672045114  3.1415926536  0.0000000000  -0.0000000002  -0.0016290135
615.1238415729  3.1415926536  0.0000000000  -0.0000000002  -0.0016256856
616.3804786343  3.1415926536  0.0000000000  -0.0000000002  -0.0016223713
617.6371156958  3.1415926536  0.0000000000  -0.0000000002  -0.0016190704
618.8937527572  3.1415926536  0.0000000000  -0.0000000002  -0.0016157830
620.1503898186  3.1415926536  0.0000000000  -0.0000000002  -0.0016125089
621.4070268801  3.1415926536  0.0000000000  -0.0000000002  -0.0016092480
622.6636639415  3.1415926536  0.0000000000  -0.0000000002  -0.0016060003
623.9203010029  3.1415926536  0.0000000000  -0.0000000002  -0.0016027657
625.1769380644  3.1415926536  0.0000000000  -0.0000000002  -0.0015995440
626.4335751258  3.1415926536  0.0000000000  -0.0000000002  -0.0015963353
627.6902121872  3.1415926536  0.0000000000  -0.0000000002  -0.0015931395
628.9468492487  3.1415926536  0.0000000000  0.0000000000  0.0000000000
-627.6902121872  3.1415926536  3.1415926536  0.0000000000  0.0000000000
-626.4335751258  3.1415926536  3.1415926536  0.0000000000  0.0000000000
-625.1769380644  3.1415926536  3.1415926536  0.0000000000  0.0000000000
-623.9203010029  3.1415926536  3.1415926536  0.0000000000  0.0000000000
-622.6636639415  3.1415926536  3.1415926536  0.0000000000  0.0000000000
-621.4070268801  3.1415926536  3.1415926536  0.0000000000  0.0000000000
-620.1503898186  3.1415926536  3.1415926536  0.0000000000  0.0000000000
-618.8937527572  3.1415926536  3.1415926536  0.0000000000  0.0000000000
-617.6371156958  3.1415926536  3.1415926536  0.0000000000  0.0000000000
-616.3804786343  3.1415926536  3.1415926536  0.0000000000  0.0000000000
-615.1238415729  3.1415926536  3.1415926536  0.0000000000  0.0000000000
-613.8672045114  3.1415926536  3.1415926536  0.0000000000  0.0000000000
-612.6105674500  3.1415926536  3.1415926536  0.0000000000  0.0000000000
-611.3539303886  3.1415926536  3.1415926536  0.0000000000  0.0000000000
-610.0972933271  3.1415926536  3.1415926536  0.0000000000  0.0000000000
-608.8406562657  3.1415926536  3.1415926536  0.0000000000  0.0000000000
-607.5840192043  3.1415926536  3.1415926536  0.0000000000  0.0000000000
-606.3273821428  3.1415926536  3.1415926536  0.0000000000  0.0000000000
-605.0707450814  3.1415926536  3.1415926536  0.0000000000  0.0000000000
-603.8141080200  3.1415926536  3.1415926536  0.0000000000  0.0000000000
-602.5574709585  3.1415926536  3.1415926536  0.0000000000  0.0000000000
-601.3008338971  3.1415926536  3.1415926536  0.0000000000  0.0000000000
-600.0441968357  3.1415926536  3.1415926536  0.0000000000  0.0000000000
-598.7875597742  3.1415926536  3.1415926536  0.0000000000  0.0000000000
-597.5309227128  3.1415926536  3.1415926536  0.0000000000  0.0000000000
-596.2742856513  3.1415926536  3.1415926536  0.0000000000  0.0000000000
-595.0176485899  3.1415926536  3.1415926536  0.0000000000  0.0000000000
-593.7610115285  3.1415926536  3.1415926536  0.0000000000  0.0000000000
-592.5043744670  3.1415926536  3.1415926536  0.0000000000  0.0000000000
-591.2477374056  3.1415926536  3.1415926536  0.0000000000  0.0000000000
-589.9911003442  3.1415926536  3.1415926536  0.0000000000  0.0000000000
-588.7344632827  3.1415926536  3.1415926536  0.0000000000  0.0000000000
-587.4778262213  3.1415926536  3.1415926536  0.0000000000  0.0000000000
-586.2211891599  3.1415926536  3.1415926536  0.0000000000  0.0000000000
-584.9645520984  3.1415926536  3.1415926536  0.0000000000  0.0000000000
-583.7079150370  3.1415926536  3.1415926536  0.0000000000  0.0000000000
-582.4512779755  3.1415926536  3.1415926536  0.0000000000  0.0000000000
-581.1946409141  3.1415926536  3.1415926536  0.0000000000  0.0000000000
-579.9380038527  3.1415926536  3.1415926536  0.0000000000  0.0000000000
-578.6813667912  3.1415926536  3.1415926536  0.0000000000  0.0000000000
-577.4247297298  3.1415926536  3.1415926536  0.0000000000  0.0000000000
-576.1680926684  3.1415926536  3.1415926536  0.0000000000  0.0000000000
-574.9114556069  3.1415926536  3.1415926536  0.0000000000  0.0000000000
-573.6548185455  3.1415926536  3.1415926536  0.0000000000  0.0000000000
-572.3981814841  3.1415926536  3.1415926536  0.0000000000  0.0000000000
-571.1415444226  3.1415926536  3.1415926536  0.0000000000  0.0000000000
-569.8849073612  3.1415926536  3.1415926536  0.0000000000  0.0000000000
-568.6282702998  3.1415926536  3.1415926536  0.0000000000  0.0000000000
-567.3716332383  3.1415926536  3.1415926536  0.0000000000  0.0000000000
-566.1149961769  3.1415926536  3.1415926536  0.0000000000  0.0000000000
-564.8583591154  3.1415926536  3.1415926536  0.0000000000  0.0000000000
-563.6017220540  3.1415926536  3.1415926536  0.0000000000  0.0000000000
-562.3450849926  3.1415926536  3.1415926536  0.0000000000  0.0000000000
-561.0884479311  3.1415926536  3.1415926536  0.0000000000  0.0000000000
-559.8318108697  3.1415926536  3.1415926536  0.0000000000  0.0000000000
-558.5751738083  3.1415926536  3.1415926536  0.0000000000  0.0000000000
-557.3185367468  3.1415926536  3.1415926536  0.0000000000  0.0000000000
-556.0618996854  3.1415926536  3.1415926536  0.0000000000  0.0000000000
-554.8052626240  3.1415926536  3.1415926536  0.0000000000  0.0000000000
-553.5486255625  3.1415926536  3.1415926536  0.0000000000  0.0000000000
-552.2919885011  3.1415926536  3.1415926536  0.0000000000  0.0000000000
-551.0353514396  3.1415926536  3.1415926536  0.0000000000  0.0000000000
-549.7787143782  3.1415926536  3.1415926536  0.0000000000  0.0000000000
-548.5220773168  3.1415926536  3.1415926536  0.0000000000  0.0000000000
-547.2654402553  3.1415926536  3.1415926536  0.0000000000  0.0000000000
-546.0088031939  3.1415926536  3.1415926536  0.0000000000  0.0000000000
-544.7521661325  3.1415926536  3.1415926536  0.0000000000  0.0000000000
-543.4955290710  3.1415926536  3.1415926536  0.0000000000  0.0000000000
-542.2388920096  3.1415926536  3.1415926536  0.0000000000  0.0000000000
-540.9822549482  3.1415926536  3.1415926536  0.0000000000  0.0000000000
-539.7256178867  3.1415926536  3.1415926536  0.0000000000  0.0000000000
-538.4689808253  3.1415926536  3.1415926536  0.0000000000  0.0000000000
-537.2123437639  3.1415926536  3.1415926536  0.0000000000  0.0000000000
-535.9557067024  3.1415926536  3.1415926536  0.0000000000  0.0000000000
-534.6990696410  3.1415926536  3.1415926536  0.0000000000  0.0000000000
-533.4424325795  3.1415926536  3.1415926536  0.0000000000  0.0000000000
-532.1857955181  3.1415926536  3.1415926536  0.0000000000  0.0000000000
-530.9291584567  3.1415926536  3.1415926536  0.0000000000  0.0000000000
-529.6725213952  3.1415926536  3.1415926536  0.0000000000  0.0000000000
-528.4158843338  3.1415926536  3.1415926536  0.0000000000  0.0000000000
-527.1592472724  3.1415926536  3.1415926536  0.0000000000  0.0000000000
-525.9026102109  3.1415926536  3.1415926536  0.0000000000  0.0000000000
-524.6459731495  3.1415926536  3.1415926536  0.0000000000  0.0000000000
-523.3893360881  3.1415926536  3.1415926536  0.0000000000  0.0000000000
-522.1326990266  3.1415926536  3.1415926536  0.0000000000  0.0000000000
-520.8760619652  3.1415926536  3.1415926536  0.0000000000  0.0000000000
-519.6194249038  3.1415926536  3.1415926536  0.0000000000  0.0000000000
-518.3627878423  3.1415926536  3.1415926536  0.0000000000  0.0000000000
-517.1061507809  3.1415926536  3.1415926536  0.0000000000  0.0000000000
-515.8495137194  3.1415926536  3.1415926536  0.0000000000  0.0000000000
-514.5928766580  3.1415926536  3.1415926536  0.0000000000  0.0000000000
-513.3362395966  3.1415926536  3.1415926536  0.0000000000  0.0000000000
-512.0796025351  3.1415926536  3.1415926536  0.0000000000  0.0000000000
-510.8229654737  3.1415926536  3.1415926536  0.0000000000  0.0000000000
-509.5663284123  3.1415926536  3.1415926536  0.0000000000  0.0000000000
-508.3096913508  3.1415926536  3.1415926536  0.0000000000  0.0000000000
-507.0530542894  3.1415926536  3.1415926536  0.0000000000  0.0000000000
-505.7964172280  3.1415926536  3.1415926536  0.0000000000  0.0000000000
-504.5397801665  3.1415926536  3.1415926536  0.0000000000  0.0000000000
-503.2831431051  3.1415926536  3.1415926536  0.0000000000  0.0000000000
-502.0265060436  3.1415926536  3.1415926536  0.0000000000  0.0000000000
-500.7698689822  3.1415926536  3.1415926536  0.0000000000  0.0000000000
-499.5132319208  3.1415926536  3.1415926536  0.0000000000  0.0000000000
-498.2565948593  3.1415926536  3.1415926536  0.0000000000  0.0000000000
-496.9999577979  3.1415926536  3.1415926536  0.0000000000  0.0000000000
-495.7433207365  3.1415926536  3.1415926536  0.0000000000  0.0000000000
-494.4866836750  3.1415926536  3.1415926536  0.0000000000  0.0000000000
-493.2300466136  3.1415926536  3.1415926536  0.0000000000  0.0000000000
-491.9734095522  3.1415926536  3.1415926536  0.0000000000  0.0000000000
-490.7167724907  3.1415926536  3.1415926536  0.0000000000  0.0000000000
-489.4601354293  3.1415926536  3.1415926536  0.0000000000  0.0000000000
-488.2034983679  3.1415926536  3.1415926536  0.0000000000  0.0000000000
-486.9468613064  3.1415926536  3.1415926536  0.0000000000  0.0000000000
-485.6902242450  3.1415926536  3.1415926536  0.0000000000  0.0000000000
-484.4335871835  3.1415926536  3.1415926536  0.0000000000  0.0000000000
-483.1769501221  3.1415926536  3.1415926536  0.0000000000  0.0000000000
-481.9203130607  3.1415926536  3.1415926536  0.0000000000  0.0000000000
-480.6636759992  3.1415926536  3.1415926536  0.0000000000  0.0000000000
-479.4070389378  3.1415926536  3.1415926536  0.0000000000  0.0000000000
-478.1504018764  3.1415926536  3.1415926536  0.0000000000  0.0000000000
-476.8937648149  3.1415926536  3.1415926536  0.0000000000  0.0000000000
-475.6371277535  3.1415926536  3.1415926536  0.0000000000  0.0000000000
-474.3804906921  3.1415926536  3.1415926536  0.0000000000  0.0000000000
-473.1238536306  3.1415926536  3.1415926536  0.0000000000  0.0000000000
-471.8672165692  3.1415926536  3.1415926536  0.0000000000  0.0000000000
-470.6105795078  3.1415926536  3.1415926536  0.0000000000  0.0000000000
-469.3539424463  3.1415926536  3.1415926536  0.0000000000  0.0000000000
-468.0973053849  3.1415926536  3.1415926536  0.0000000000  0.0000000000
-466.8406683234  3.1415926536  3.1415926536  0.0000000000  0.0000000000
-465.5840312620  3.1415926536  3.1415926536  0.0000000000  0.0000000000
-464.3273942006  3.1415926536  3.1415926536  0.0000000000  0.0000000000
-463.0707571391  3.1415926536  3.1415926536  0.0000000000  0.0000000000
-461.8141200777  3.1415926536  3.1415926536  0.0000000000  0.0000000000
-460.5574830163  3.1415926536  3.1415926536  0.0000000000  0.0000000000
-459.3008459548  3.1415926536  3.1415926536  0.0000000000  0.0000000000
-458.0442088934  3.1415926536  3.1415926536  0.0000000000  0.0000000000
-456.7875718320  3.1415926536  3.1415926536  0.0000000000  0.0000000000
-455.5309347705  3.1415926536  3.1415926536  0.0000000000  0.0000000000
-454.2742977091  3.1415926536  3.1415926536  0.0000000000  0.0000000000
-453.0176606476  3.1415926536  3.1415926536  0.0000000000  0.0000000000
-451.7610235862  3.1415926536  3.1415926536  0.0000000000  0.0000000000
-450.5043865248  3.1415926536  3.1415926536  0.0000000000  0.0000000000
-449.2477494633  3.1415926536  3.1415926536  0.0000000000  0.0000000000
-447.9911124019  3.1415926536  3.1415926536  0.0000000000  0.0000000000
-446.7344753405  3.1415926536  3.1415926536  0.0000000000  0.0000000000
-445.4778382790  3.1415926536  3.1415926536  0.0000000000  0.0000000000
-444.2212012176  3.1415926536  3.1415926536  0.0000000000  0.0000000000
-442.9645641562  3.1415926536  3.1415926536  0.0000000000  0.0000000000
-441.7079270947  3.1415926536  3.1415926536  0.0000000000  0.0000000000
-440.4512900333  3.1415926536  3.1415926536  0.0000000000  0.0000000000
-439.1946529719  3.1415926536  3.1415926536  0.0000000000  0.0000000000
-437.9380159104  3.1415926536  3.1415926536  0.0000000000  0.0000000000
-436.6813788490  3.1415926536  3.1415926536  0.0000000000  0.0000000000
-435.4247417875  3.1415926536  3.1415926536  0.0000000000  0.0000000000
-434.1681047261  3.1415926536  3.1415926536  0.0000000000  0.0000000000
-432.9114676647  3.1415926536  3.1415926536  0.0000000000  0.0000000000
-431.6548306032  3.1415926536  3.1415926536  0.0000000000  0.0000000000
-430.3981935418  3.1415926536  3.1415926536  0.0000000000  0.0000000000
-429.1415564804  3.1415926536  3.1415926536  0.0000000000  0.0000000000
-427.8849194189  3.1415926536  3.1415926536  0.0000000000  0.0000000000
-426.6282823575  3.1415926536  3.1415926536  0.0000000000  0.0000000000
-425.3716452961  3.1415926536  3.1415926536  0.0000000000  0.0000000000
-424.1150082346  3.1415926536  3.1415926536  0.0000000000  0.0000000000
-422.8583711732  3.1415926536  3.1415926536  0.0000000000  0.0000000000
-421.6017341118  3.1415926536  3.1415926536  0.0000000000  0.0000000000
-420.3450970503  3.1415926536  3.1415926536  0.0000000000  0.0000000000
-419.0884599889  3.1415926536  3.1415926536  0.0000000000  0.0000000000
-417.8318229274  3.1415926536  3.1415926536  0.0000000000  0.0000000000
-416.5751858660  3.1415926536  3.1415926536  0.0000000000  0.0000000000
-415.3185488046  3.1415926536  3.1415926536  0.0000000000  0.0000000000
-414.0619117431  3.1415926536  3.1415926536  0.0000000000  0.0000000000
-412.8052746817  3.1415926536  3.1415926536  0.0000000000  0.0000000000
-411.5486376203  3.1415926536  3.1415926536  0.0000000000  0.0000000000
-410.2920005588  3.1415926536  3.1415926536  0.0000000000  0.0000000000
-409.0353634974  3.1415926536  3.1415926536  0.0000000000  0.0000000000
-407.7787264360  3.1415926536  3.1415926536  0.0000000000  0.0000000000
-406.5220893745  3.1415926536  3.1415926536  0.0000000000  0.0000000000
-405.2654523131  3.1415926536  3.1415926536  0.0000000000  0.0000000000
-404.0088152516  3.1415926536  3.1415926536  0.0000000000  0.0000000000
-402.7521781902  3.1415926536  3.1415926536  0.0000000000  0.0000000000
-401.4955411288  3.1415926536  3.1415926536  0.0000000000  0.0000000000
-400.2389040673  3.1415926536  3.1415926536  0.0000000000  0.0000000000
-398.9822670059  3.1415926536  3.1415926536  0.0000000000  0.0000000000
-397.7256299445  3.1415926536  3.1415926536  0.0000000000  0.0000000000
-396.4689928830  3.1415926536  3.1415926536  0.0000000000  0.0000000000
-395.2123558216  3.1415926536  3.1415926536  0.0000000000  0.0000000000
-393.9557187602  3.1415926536  3.1415926536  0.0000000000  0.0000000000
-392.6990816987  3.1415926536  3.1415926536  0.0000000000  0.0000000000
-391.4424446373  3.1415926536  3.1415926536  0.0000000000  0.0000000000
-390.1858075759  3.1415926536  3.1415926536  0.0000000000  0.0000000000
-388.9291705144  3.1415926536  3.1415926536  0.0000000000  0.0000000000
-387.6725334530  3.1415926536  3.1415926536  0.0000000000  0.0000000000
-386.4158963915  3.1415926536  3.1415926536  0.0000000000  0.0000000000
-385.1592593301  3.1415926536  3.1415926536  0.0000000000  0.0000000000
-383.9026222687  3.1415926536  3.1415926536  0.0000000000  0.0000000000
-382.6459852072  3.1415926536  3.1415926536  0.0000000000  0.0000000000
-381.3893481458  3.1415926536  3.1415926536  0.0000000000  0.0000000000
-380.1327110844  3.1415926536  3.1415926536  0.0000000000  0.0000000000
-378.8760740229  3.1415926536  3.1415926536  0.0000000000  0.0000000000
-377.6194369615  3.1415926536  3.1415926536  0.0000000000  0.0000000000
-376.3627999001  3.1415926536  3.1415926536  0.0000000000  0.0000000000
-375.1061628386  3.1415926536  3.1415926536  0.0000000000  0.0000000000
-373.8495257772  3.1415926536  3.1415926536  0.0000000000  0.0000000000
-372.5928887157  3.1415926536  3.1415926536  0.0000000000  0.0000000000
-371.3362516543  3.1415926536  3.1415926536  0.0000000000  0.0000000000
-370.0796145929  3.1415926536  3.1415926536  0.0000000000  0.0000000000
-368.8229775314  3.1415926536  3.1415926536  0.0000000000  0.0000000000
-367.5663404700  3.1415926536  3.1415926536  0.0000000000  0.0000000000
-366.3097034086  3.1415926536  3.1415926536  0.0000000000  0.0000000000
-365.0530663471  3.1415926536  3.1415926536  0.0000000000  0.0000000000
-363.7964292857  3.1415926536  3.1415926536  0.0000000000  0.0000000000
-362.5397922243  3.1415926536  3.1415926536  0.0000000000  0.0000000000
-361.2831551628  3.1415926536  3.1415926536  0.0000000000  0.0000000000
-360.0265181014  3.1415926536  3.1415926536  0.0000000000  0.0000000000
-358.7698810400  3.1415926536  3.1415926536  0.0000000000  0.0000000000
-357.5132439785  3.1415926536  3.1415926536  0.0000000000  0.0000000000
-356.2566069171  3.1415926536  3.1415926536  0.0000000000  0.0000000000
-354.9999698556  3.1415926536  3.1415926536  0.0000000000  0.0000000000
-353.7433327942  3.1415926536  3.1415926536  0.0000000000  0.0000000000
-352.4866957328  3.1415926536  3.1415926536  0.0000000000  0.0000000000
-351.2300586713  3.1415926536  3.1415926536  0.0000000000  0.0000000000
-349.9734216099  3.1415926536  3.1415926536  0.0000000000  0.0000000000
-348.7167845485  3.1415926536  3.1415926536  0.0000000000  0.0000000000
-347.4601474870  3.1415926536  3.1415926536  0.0000000000  0.0000000000
-346.2035104256  3.1415926536  3.1415926536  0.0000000000  0.0000000000
-344.9468733642  3.1415926536  3.1415926536  0.0000000000  0.0000000000
-343.6902363027  3.1415926536  3.1415926536  0.0000000000  0.0000000000
-342.4335992413  3.1415926536  3.1415926536  0.0000000000  0.0000000000
-341.1769621799  3.1415926536  3.1415926536  0.0000000000  0.0000000000
-339.9203251184  3.1415926536  3.1415926536  0.0000000000  0.0000000000
-338.6636880570  3.1415926536  3.1415926536  0.0000000000  0.0000000000
-337.4070509955  3.1415926536  3.1415926536  0.0000000000  0.0000000000
-336.1504139341  3.1415926536  3.1415926536  0.0000000000  0.0000000000
-334.8937768727  3.1415926536  3.1415926536  0.0000000000  0.0000000000
-333.6371398112  3.1415926536  3.1415926536  0.0000000000  0.0000000000
-332.3805027498  3.1415926536  3.1415926536  0.0000000000  0.0000000000
-331.1238656884  3.1415926536  3.1415926536  0.0000000000  0.0000000000
-329.8672286269  3.1415926536  3.1415926536  0.0000000000  0.0000000000
-328.6105915655  3.1415926536  3.1415926536  0.0000000000  0.0000000000
-327.3539545041  3.1415926536  3.1415926536  0.0000000000  0.0000000000
-326.0973174426  3.1415926536  3.1415926536  0.0000000000  0.0000000000
-324.8406803812  3.1415926536  3.1415926536  0.0000000000  0.0000000000
-323.5840433197  3.1415926536  3.1415926536  0.0000000000  0.0000000000
-322.3274062583  3.1415926536  3.1415926536  0.0000000000  0.0000000000
-321.0707691969  3.1415926536  3.1415926536  0.0000000000  0.0000000000
-319.8141321354  3.1415926536  3.1415926536  0.0000000000  0.0000000000
-318.5574950740  3.1415926536  3.1415926536  0.0000000000  0.0000000000
-317.3008580126  3.1415926536  3.1415926536  0.0000000000  0.0000000000
-316.0442209511  3.1415926536  3.1415926536  0.0000000000  0.0000000000
-314.7875838897  3.1415926536  3.1415926536  0.0000000000  0.0000000000
-313.5309468283  3.1415926536  3.1415926536  0.0000000000  0.0000000000
-312.2743097668  3.1415926536  3.1415926536  0.0000000000  0.0000000000
-311.0176727054  3.1415926536  3.1415926536  0.0000000000  0.0000000000
-309.7610356440  3.1415926536  3.1415926536  0.0000000000  0.0000000000
-308.5043985825  3.1415926536  3.1415926536  0.0000000000  0.0000000000
-307.2477615211  3.1415926536  3.1415926536  0.0000000000  0.0000000000
-305.9911244596  3.1415926536  3.1415926536  0.0000000000  0.0000000000
-304.7344873982  3.1415926536  3.1415926536  0.0000000000  0.0000000000
-303.4778503368  3.1415926536  3.1415926536  0.0000000000  0.0000000000
-302.2212132753  3.1415926536  3.1415926536  0.0000000000  0.0000000000
-300.9645762139  3.1415926536  3.1415926536  0.0000000000  0.0000000000
-299.7079391525  3.1415926536  3.1415926536  0.0000000000  0.0000000000
-298.4513020910  3.1415926536  3.1415926536  0.0000000000  0.0000000000
-297.1946650296  3.1415926536  3.1415926536  0.0000000000  0.0000000000
-295.9380279682  3.1415926536  3.1415926536  0.0000000000  0.0000000000
-294.6813909067  3.1415926536  3.1415926536  0.0000000000  0.0000000000
-293.4247538453  3.1415926536  3.1415926536  0.0000000000  0.0000000000
-292.1681167839  3.1415926536  3.1415926536  0.0000000000  0.0000000000
-290.9114797224  3.1415926536  3.1415926536  0.0000000000  0.0000000000
-289.6548426610  3.1415926536  3.1415926536  0.0000000000  0.0000000000
-288.3982055995  3.1415926536  3.1415926536  0.0000000000  0.0000000000
-287.1415685381  3.1415926536  3.1415926536  0.0000000000  0.0000000000
-285.8849314767  3.1415926536  3.1415926536  0.0000000000  0.0000000000
-284.6282944152  3.1415926536  3.1415926536  0.0000000000  0.0000000000
-283.3716573538  3.1415926536  3.1415926536  0.0000000000  0.0000000000
-282.1150202924  3.1415926536  3.1415926536  0.0000000000  0.0000000000
-280.8583832309  3.1415926536  3.1415926536  0.0000000000  0.0000000000
-279.6017461695  3.1415926536  3.1415926536  0.0000000000  0.0000000000
-278.3451091081  3.1415926536  3.1415926536  0.0000000000  0.0000000000
-277.0884720466  3.1415926536  3.1415926536  0.0000000000  0.0000000000
-275.8318349852  3.1415926536  3.1415926536  0.0000000000  0.0000000000
-274.5751979237  3.1415926536  3.1415926536  0.0000000000  0.0000000000
-273.3185608623  3.1415926536  3.1415926536  0.0000000000  0.0000000000
-272.0619238009  3.1415926536  3.1415926536  0.0000000000  0.0000000000
-270.8052867394  3.1415926536  3.1415926536  0.0000000000  0.0000000000
-269.5486496780  3.1415926536  3.1415926536  0.0000000000  0.0000000000
-268.2920126166  3.1415926536  3.1415926536  0.0000000000  0.0000000000
-267.0353755551  3.1415926536  3.1415926536  0.0000000000  0.0000000000
-265.7787384937  3.1415926536  3.1415926536  0.0000000000  0.0000000000
-264.5221014323  3.1415926536  3.1415926536  0.0000000000  0.0000000000
-263.2654643708  3.1415926536  3.1415926536  0.0000000000  0.0000000000
-262.0088273094  3.1415926536  3.1415926536  0.0000000000  0.0000000000
-260.7521902480  3.1415926536  3.1415926536  0.0000000000  0.0000000000
-259.4955531865  3.1415926536  3.1415926536  0.0000000000  0.0000000000
-258.2389161251  3.1415926536  3.1415926536  0.0000000000  0.0000000000
-256.9822790636  3.1415926536  3.1415926536  0.0000000000  0.0000000000
-255.7256420022  3.1415926536  3.1415926536  0.0000000000  0.0000000000
-254.4690049408  3.1415926536  3.1415926536  0.0000000000  0.0000000000
-253.2123678793  3.1415926536  3.1415926536  0.0000000000  0.0000000000
-251.9557308179  3.1415926536  3.1415926536  0.0000000000  0.0000000000
-250.6990937565  3.1415926536  3.1415926536  0.0000000000  0.0000000000
-249.4424566950  3.1415926536  3.1415926536  0.0000000000  0.0000000000
-248.1858196336  3.1415926536  3.1415926536  0.0000000000  0.0000000000
-246.9291825722  3.1415926536  3.1415926536  0.0000000000  0.0000000000
-245.6725455107  3.1415926536  3.1415926536  0.0000000000  0.0000000000
-244.4159084493  3.1415926536  3.1415926536  0.0000000000  0.0000000000
-243.1592713878  3.1415926536  3.1415926536  0.0000000000  0.0000000000
-241.9026343264  3.1415926536  3.1415926536  0.0000000000  0.0000000000
-240.6459972650  3.1415926536  3.1415926536  0.0000000000  0.0000000000
-239.3893602035  3.1415926536  3.1415926536  0.0000000000  0.0000000000
-238.1327231421  3.1415926536  3.1415926536  0.0000000000  0.0000000000
-236.8760860807  3.1415926536  3.1415926536  0.0000000000  0.0000000000
-235.6194490192  3.1415926536  3.1415926536  0.0000000000  0.0000000000
-234.3628119578  3.1415926536  3.1415926536  0.0000000000  0.0000000000
-233.1061748964  3.1415926536  3.1415926536  0.0000000000  0.0000000000
-231.8495378349  3.1415926536  3.1415926536  0.0000000000  0.0000000000
-230.5929007735  3.1415926536  3.1415926536  0.0000000000  0.0000000000
-229.3362637121  3.1415926536  3.1415926536  0.0000000000  0.0000000000
-228.0796266506  3.1415926536  3.1415926536  0.0000000000  0.0000000000
-226.8229895892  3.1415926536  3.1415926536  0.0000000000  0.0000000000
-225.5663525277  3.1415926536  3.1415926536  0.0000000000  0.0000000000
-224.3097154663  3.1415926536  3.1415926536  0.0000000000  0.0000000000
-223.0530784049  3.1415926536  3.1415926536  0.0000000000  0.0000000000
-221.7964413434  3.1415926536  3.1415926536  0.0000000000  0.0000000000
-220.5398042820  3.1415926536  3.1415926536  0.0000000000  0.0000000000
-219.2831672206  3.1415926536  3.1415926536  0.0000000000  0.0000000000
-218.0265301591  3.1415926536  3.1415926536  0.0000000000  0.0000000000
-216.7698930977  3.1415926536  3.1415926536  0.0000000000  0.0000000000
-215.5132560363  3.1415926536  3.1415926536  0.0000000000  0.0000000000
-214.2566189748  3.1415926536  3.1415926536  0.0000000000  0.0000000000
-212.9999819134  3.1415926536  3.1415926536  0.0000000000  0.0000000000
-211.7433448520  3.1415926536  3.1415926536  0.0000000000  0.0000000000
-210.4867077905  3.1415926536  3.1415926536  0.0000000000  0.0000000000
-209.2300707291  3.1415926536  3.1415926536  0.0000000000  0.0000000000
-207.9734336676  3.1415926536  3.1415926536  0.0000000000  0.0000000000
-206.7167966062  3.1415926536  3.1415926536  0.0000000000  0.0000000000
-205.4601595448  3.1415926536  3.1415926536  0.0000000000  0.0000000000
-204.2035224833  3.1415926536  3.1415926536  0.0000000000  0.0000000000
-202.9468854219  3.1415926536  3.1415926536  0.0000000000  0.0000000000
-201.6902483605  3.1415926536  3.1415926536  0.0000000000  0.0000000000
-200.4336112990  3.1415926536  3.1415926536  0.0000000000  0.0000000000
-199.1769742376  3.1415926536  3.1415926536  0.0000000000  0.0000000000
-197.9203371762  3.1415926536  3.1415926536  0.0000000000  0.0000000000
-196.6637001147  3.1415926536  3.1415926536  0.0000000000  0.0000000000
-195.4070630533  3.1415926536  3.1415926536  0.0000000000  0.0000000000
-194.1504259918  3.1415926536  3.1415926536  0.0000000000  0.0000000000
-192.8937889304  3.1415926536  3.1415926536  0.0000000000  0.0000000000
-191.6371518690  3.1415926536  3.1415926536  0.0000000000  0.0000000000
-190.3805148075  3.1415926536  3.1415926536  0.0000000000  0.0000000000
-189.1238777461  3.1415926536  3.1415926536  0.0000000000  0.0000000000
-187.8672406847  3.1415926536  3.1415926536  0.0000000000  0.0000000000
-186.6106036232  3.1415926536  3.1415926536  0.0000000000  0.0000000000
-185.3539665618  3.1415926536  3.1415926536  0.0000000000  0.0000000000
-184.0973295004  3.1415926536  3.1415926536  0.0000000000  0.0000000000
-182.8406924389  3.1415926536  3.1415926536  0.0000000000  0.0000000000
-181.5840553775  3.1415926536  3.1415926536  0.0000000000  0.0000000000
-180.3274183161  3.1415926536  3.1415926536  0.0000000000  0.0000000000
-179.0707812546  3.1415926536  3.1415926536  0.0000000000  0.0000000000
-177.8141441932  3.1415926536  3.1415926536  0.0000000000  0.0000000000
-176.5575071317  3.1415926536  3.1415926536  0.0000000000  0.0000000000
-175.3008700703  3.1415926536  3.1415926536  0.0000000000  0.0000000000
-174.0442330089  3.1415926536  3.1415926536  0.0000000000  0.0000000000
-172.7875959474  3.1415926536  3.1415926536  0.0000000000  0.0000000000
-171.5309588860  3.1415926536  3.1415926536  0.0000000000  0.0000000000
-170.2743218246  3.1415926536  3.1415926536  0.0000000000  0.0000000000
-169.0176847631  3.1415926536  3.1415926536  0.0000000000  0.0000000000
-167.7610477017  3.1415926536  3.1415926536  0.0000000000  0.0000000000
-166.5044106403  3.1415926536  3.1415926536  0.0000000000  0.0000000000
-165.2477735788  3.1415926536  3.1415926536  0.0000000000  0.0000000000
-163.9911365174  3.1415926536  3.1415926536  0.0000000000  0.0000000000
-162.7344994560  3.1415926536  3.1415926536  0.0000000000  0.0000000000
-161.4778623945  3.1415926536  3.1415926536  0.0000000000  0.0000000000
-160.2212253331  3.1415926536  3.1415926536  0.0000000000  0.0000000000
-158.9645882716  3.1415926536  3.1415926536  0.0000000000  0.0000000000
-157.7079512102  3.1415926536  3.1415926536  0.0000000000  0.0000000000
-156.4513141488  3.1415926536  3.1415926536  0.0000000000  0.0000000000
-155.1946770873  3.1415926536  3.1415926536  0.0000000000  0.0000000000
-153.9380400259  3.1415926536  3.1415926536  0.0000000000  0.0000000000
-152.6814029645  3.1415926536  3.1415926536  0.0000000000  0.0000000000
-151.4247659030  3.1415926536  3.1415926536  0.0000000000  0.0000000000
-150.1681288416  3.1415926536  3.1415926536  0.0000000000  0.0000000000
-148.9114917802  3.1415926536  3.1415926536  0.0000000000  0.0000000000
-147.6548547187  3.1415926536  3.1415926536  0.0000000000  0.0000000000
-146.3982176573  3.1415926536  3.1415926536  0.0000000000  0.0000000000
-145.1415805958  3.1415926536  3.1415926536  0.0000000000  0.0000000000
-143.8849435344  3.1415926536  3.1415926536  0.0000000000  0.0000000000
-142.6283064730  3.1415926536  3.1415926536  0.0000000000  0.0000000000
-141.3716694115  3.1415926536  3.1415926536  0.0000000000  0.0000000000
-140.1150323501  3.1415926536  3.1415926536  0.0000000000  0.0000000000
-138.8583952887  3.1415926536  3.1415926536  0.0000000000  0.0000000000
-137.6017582272  3.1415926536  3.1415926536  0.0000000000  0.0000000000
-136.3451211658  3.1415926536  3.1415926536  0.0000000000  0.0000000000
-135.0884841044  3.1415926536  3.1415926536  0.0000000000  0.0000000000
-133.8318470429  3.1415926536  3.1415926536  0.0000000000  0.0000000000
-132.5752099815  3.1415926536  3.1415926536  0.0000000000  0.0000000000
-131.3185729201  3.1415926536  3.1415926536  0.0000000000  0.0000000000
-130.0619358586  3.1415926536  3.1415926536  0.0000000000  0.0000000000
-128.8052987972  3.1415926536  3.1415926536  0.0000000000  0.0000000000
-127.5486617357  3.1415926536  3.1415926536  0.0000000000  0.0000000000
-126.2920246743  3.1415926536  3.1415926536  0.0000000000  0.0000000000
-125.0353876129  3.1415926536  3.1415926536  0.0000000000  0.0000000000
-123.7787505514  3.1415926536  3.1415926536  0.0000000000  0.0000000000
-122.5221134900  3.1415926536  3.1415926536  0.0000000000  0.0000000000
-121.2654764286  3.1415926536  3.1415926536  0.0000000000  0.0000000000
-120.0088393671  3.1415926536  3.1415926536  0.0000000000  0.0000000000
-118.7522023057  3.1415926536  3.1415926536  0.0000000000  0.0000000000
-117.4955652443  3.1415926536  3.1415926536  0.0000000000  0.0000000000
-116.2389281828  3.1415926536  3.1415926536  0.0000000000  0.0000000000
-114.9822911214  3.1415926536  3.1415926536  0.0000000000  0.0000000000
-113.7256540600  3.1415926536  3.1415926536  0.0000000000  0.0000000000
-112.4690169985  3.1415926536  3.1415926536  0.0000000000  0.0000000000
-111.2123799371  3.1415926536  3.1415926536  0.0000000000  0.0000000000
-109.9557428756  3.1415926536  3.1415926536  0.0000000000  0.0000000000
-108.6991058142  3.1415926536  3.1415926536  0.0000000000  0.0000000000
-107.4424687528  3.1415926536  3.1415926536  0.0000000000  0.0000000000
-106.1858316913  3.1415926536  3.1415926536  0.0000000000  0.0000000000
-104.9291946299  3.1415926536  3.1415926536  0.0000000000  0.0000000000
-103.6725575685  3.1415926536  3.1415926536  0.0000000000  0.0000000000
-102.4159205070  3.1415926536  3.1415926536  0.0000000000  0.0000000000
-101.1592834456  3.1415926536  3.1415926536  0.0000000000  0.0000000000
-99.9026463842  3.1415926536  3.1415926536  0.0000000000  0.0000000000
-98.6460093227  3.1415926536  3.1415926536  0.0000000000  0.0000000000
-97.3893722613  3.1415926536  3.1415926536  0.0000000000  0.0000000000
-96.1327351998  3.1415926536  3.1415926536  0.0000000000  0.0000000000
-94.8760981384  3.1415926536  3.1415926536  0.0000000000  0.0000000000
-93.6194610770  3.1415926536  3.1415926536  0.0000000000  0.0000000000
-92.3628240155  3.1415926536  3.1415926536  0.0000000000  0.0000000000
-91.1061869541  3.1415926536  3.1415926536  0.0000000000  0.0000000000
-89.8495498927  3.1415926536  3.1415926536  0.0000000000  0.0000000000
-88.5929128312  3.1415926536  3.1415926536  0.0000000000  0.0000000000
-87.3362757698  3.1415926536  3.1415926536  0.0000000000  0.0000000000
-86.0796387084  3.1415926536  3.1415926536  0.0000000000  0.0000000000
-84.8230016469  3.1415926536  3.1415926536  0.0000000000  0.0000000000
-83.5663645855  3.1415926536  3.1415926536  0.0000000000  0.0000000000
-82.3097275241  3.1415926536  3.1415926536  0.0000000000  0.0000000000
-81.0530904626  3.1415926536  3.1415926536  0.0000000000  0.0000000000
-79.7964534012  3.1415926536  3.1415926536  0.0000000000  0.0000000000
-78.5398163397  3.1415926536  3.1415926536  0.0000000000  0.0000000000
-77.2831792783  3.1415926536  3.1415926536  0.0000000000  0.0000000000
-76.0265422169  3.1415926536  3.1415926536  0.0000000000  0.0000000000
-74.7699051554  3.1415926536  3.1415926536  0.0000000000  0.0000000000
-73.5132680940  3.1415926536  3.1415926536  0.0000000000  0.0000000000
-72.2566310326  3.1415926536  3.1415926536  0.0000000000  0.0000000000
-70.9999939711  3.1415926536  3.1415926536  0.0000000000  0.0000000000
-69.7433569097  3.1415926536  3.1415926536  0.0000000000  0.0000000000
-68.4867198483  3.1415926536  3.1415926536  0.0000000000  0.0000000000
-67.2300827868  3.1415926536  3.1415926536  0.0000000000  0.0000000000
-65.9734457254  3.1415926536  3.1415926536  0.0000000000  0.0000000000
-64.7168086639  3.1415926536  3.1415926536  0.0000000000  0.0000000000
-63.4601716025  3.1415926536  3.1415926536  0.0000000000  0.0000000000
-62.2035345411  3.1415926536  3.1415926536  0.0000000000  0.0000000000
-60.9468974796  3.1415926536  3.1415926536  0.0000000000  0.0000000000
-59.6902604182  3.1415926536  3.1415926536  0.0000000000  0.0000000000
-58.4336233568  3.1415926536  3.1415926536  0.0000000000  0.0000000000
-57.1769862953  3.1415926536  3.1415926536  0.0000000000  0.0000000000
-55.9203492339  3.1415926536  3.1415926536  0.0000000000  0.0000000000
-54.6637121725  3.1415926536  3.1415926536  0.0000000000  0.0000000000
-53.4070751110  3.1415926536  3.1415926536  0.0000000000  0.0000000000
-52.1504380496  3.1415926536  3.1415926536  0.0000000000  0.0000000000
-50.8938009882  3.1415926536  3.1415926536  0.0000000000  0.0000000000
-49.6371639267  3.1415926536  3.1415926536  0.0000000000  0.0000000000
-48.3805268653  3.1415926536  3.1415926536  0.0000000000  0.0000000000
-47.1238898038  3.1415926536  3.1415926536  0.0000000000  0.0000000000
-45.8672527424  3.1415926536  3.1415926536  0.0000000000  0.0000000000
-44.6106156810  3.1415926536  3.1415926536  0.0000000000  0.0000000000
-43.3539786195  3.1415926536  3.1415926536  0.0000000000  0.0000000000
-42.0973415581  3.1415926536  3.1415926536  0.0000000000  0.0000000000
-40.8407044967  3.1415926536  3.1415926536  0.0000000000  0.0000000000
-39.5840674352  3.1415926536  3.1415926536  0.0000000000  0.0000000000
-38.3274303738  3.1415926536  3.1415926536  0.0000000000  0.0000000000
-37.0707933124  3.1415926536  3.1415926536  0.0000000000  0.0000000000
-35.8141562509  3.1415926536  3.1415926536  0.0000000000  0.0000000000
-34.5575191895  3.1415926536  3.1415926536  0.0000000000  0.0000000000
-33.3008821281  3.1415926536  3.1415926536  0.0000000000  0.0000000000
-32.0442450666  3.1415926536  3.1415926536  0.0000000000  0.0000000000
-30.7876080052  3.1415926536  3.1415926536  0.0000000000  0.0000000000
-29.5309709437  3.1415926536  3.1415926536  0.0000000000  0.0000000000
-28.2743338823  3.1415926536  3.1415926536  0.0000000000  0.0000000000
-27.0176968209  3.1415926536  3.1415926536  0.0000000000  0.0000000000
-25.7610597594  3.1415926536  3.1415926536  0.0000000000  0.0000000000
-24.5044226980  3.1415926536  3.1415926536  0.0000000000  0.0000000000
-23.2477856366  3.1415926536  3.1415926536  0.0000000000  0.0000000000
-21.9911485751  3.1415926536  3.1415926536  0.0000000000  0.0000000000
-20.7345115137  3.1415926536  3.1415926536  0.0000000000  0.0000000000
-19.4778744523  3.1415926536  3.1415926536  0.0000000000  0.0000000000
-18.2212373908  3.1415926536  3.1415926536  0.0000000000  0.0000000000
-16.9646003294  3.1415926536  3.1415926536  0.0000000000  0.0000000000
-15.7079632679  3.1415926536  3.1415926536  0.0000000000  0.0000000000
-14.4513262065  3.1415926536  3.1415926536  0.0000000000  0.0000000000
-13.1946891451  3.1415926536  3.1415926536  0.0000000000  0.0000000000
-11.9380520836  3.1415926536  3.1415926536  0.0000000000  0.0000000000
-10.6814150222  3.1415926536  3.1415926536  0.0000000000  0.0000000000
-9.4247779608  3.1415926536  3.1415926536  0.0000000000  0.0000000000
-8.1681408993  3.1415926536  3.1415926536  0.0000000000  0.0000000000
-6.9115038379  3.1415926536  3.1415926536  0.0000000000  0.0000000000
-5.6548667765  3.1415926536  3.1415926536  0.0000000000  0.0000000000
-4.3982297150  3.1415926536  3.1415926536  0.0000000000  0.0000000000
-3.1415926536  3.1415926536  3.1415926536  0.0000000000  0.0000000000
-1.8849555922  3.1415926536  3.1415926536  0.0000000000  -0.0000014380
-0.6283185307  3.1415926536  3.1415926536  0.0000044705  0.0000000000
0.6283185307  3.1415926536  3.1415926536  -0.3986456880  -0.1446795477
1.8849555922  3.1415926536  3.1415926536  -0.2392363678  -0.2082455185
3.1415926536  3.1415926536  3.1415926536  -0.1449918780  -0.1954688966
4.3982297150  3.1415926536  3.1415926536  -0.0930078918  -0.1697111884
5.6548667765  3.1415926536  3.1415926536  -0.0633183746  -0.1458980965
6.9115038379  3.1415926536  3.1415926536  -0.0453596807  -0.1264033465
8.1681408993  3.1415926536  3.1415926536  -0.0338720115  -0.1108143197
9.4247779608  3.1415926536  3.1415926536  -0.0261570411  -0.0983040719
10.6814150222  3.1415926536  3.1415926536  -0.0207585400  -0.0881457117
11.9380520836  3.1415926536  3.1415926536  -0.0168486171  -0.0797827483
13.1946891451  3.1415926536  3.1415926536  -0.0139335395  -0.0728038964
14.4513262065  3.1415926536  3.1415926536  -0.0117061142  -0.0669063470
15.7079632679  3.1415926536  3.1415926536  -0.0099679917  -0.0618654183
16.9646003294  3.1415926536  3.1415926536  -0.0085868866  -0.0575123640
18.2212373908  3.1415926536  3.1415926536  -0.0074720378  -0.0537187242
19.4778744523  3.1415926536  3.1415926536  -0.0065596026  -0.0503853720
20.7345115137  3.1415926536  3.1415926536  -0.0058036736  -0.0474348127
21.9911485751  3.1415926536  3.1415926536  -0.0051705883  -0.0448057154
23.2477856366  3.1415926536  3.1415926536  -0.0046352277  -0.0424489848
24.5044226980  3.1415926536  3.1415926536  -0.0041785522  -0.0403249030
25.7610597594  3.1415926536  3.1415926536  -0.0037859247  -0.0384010231
27.0176968209  3.1415926536  3.1415926536  -0.0034459478  -0.0366505988
28.2743338823  3.1415926536  3.1415926536  -0.0031496425  -0.0350513981
29.5309709437  3.1415926536  3.1415926536  -0.0028898596  -0.0335847993
30.7876080052  3.1415926536  3.1415926536  -0.0026608510  -0.0322350927
32.0442450666  3.1415926536  3.1415926536  -0.0024579538  -0.0309889373
33.3008821281  3.1415926536  3.1415926536  -0.0022773536  -0.0298349343
34.5575191895  3.1415926536  3.1415926536  -0.0021159064  -0.0287632881
35.8141562509  3.1415926536  3.1415926536  -0.0019710023  -0.0277655356
37.0707933124  3.1415926536  3.1415926536  -0.0018404604  -0.0268343288
38.3274303738  3.1415926536  3.1415926536  -0.0017224469  -0.0259632577
39.5840674352  3.1415926536  3.1415926536  -0.0016154113  -0.0251467060
40.8407044967  3.1415926536  3.1415926536  -0.0015180352  -0.0243797327
42.0973415581  3.1415926536  3.1415926536  -0.0014291922  -0.0236579737
43.3539786195  3.1415926536  3.1415926536  -0.0013479150  -0.0229775605
44.6106156810  3.1415926536  3.1415926536  -0.0012733694  -0.0223350522
45.8672527424  3.1415926536  3.1415926536  -0.0012048332  -0.0217273779
47.1238898038  3.1415926536  3.1415926536  -0.0011416781  -0.0211517887
48.3805268653  3.1415926536  3.1415926536  -0.0010833558  -0.0206058167
49.6371639267  3.1415926536  3.1415926536  -0.0010293860  -0.0200872398
50.8938009882  3.1415926536  3.1415926536  -0.0009793468  -0.0195940524
52.1504380496  3.1415926536  3.1415926536  -0.0009328658  -0.0191244393
53.4070751110  3.1415926536  3.1415926536  -0.0008896138  -0.0186767539
54.6637121725  3.1415926536  3.1415926536  -0.0008492988  -0.0182494992
55.9203492339  3.1415926536  3.1415926536  -0.0008116611  -0.0178413109
57.1769862953  3.1415926536  3.1415926536  -0.0007764688  -0.0174509434
58.4336233568  3.1415926536  3.1415926536  -0.0007435149  -0.0170772572
59.6902604182  3.1415926536  3.1415926536  -0.0007126135  -0.0167192074
60.9468974796  3.1415926536  3.1415926536  -0.0006835979  -0.0163758347
62.2035345411  3.1415926536  3.1415926536  -0.0006563177  -0.0160462563
63.4601716025  3.1415926536  3.1415926536  -0.0006306374  -0.0157296589
64.7168086639  3.1415926536  3.1415926536  -0.0006064344  -0.0154252917
65.9734457254  3.1415926536  3.1415926536  -0.0005835975  -0.0151324606
67.2300827868  3.1415926536  3.1415926536  -0.0005620260  -0.0148505230
68.4867198483  3.1415926536  3.1415926536  -0.0005416280  -0.0145788830
69.7433569097  3.1415926536  3.1415926536  -0.0005223200  -0.0143169874
70.9999939711  3.1415926536  3.1415926536  -0.0005040258  -0.0140643219
72.2566310326  3.1415926536  3.1415926536  -0.0004866757  -0.0138204076
73.5132680940  3.1415926536  3.1415926536  -0.0004702057  -0.0135847982
74.7699051554  3.1415926536  3.1415926536  -0.0004545575  -0.0133570773
76.0265422169  3.1415926536  3.1415926536  -0.0004396773  -0.0131368556
77.2831792783  3.1415926536  3.1415926536  -0.0004255156  -0.0129237692
78.5398163397  3.1415926536  3.1415926536  -0.0004120269  -0.0127174771
79.7964534012  3.1415926536  3.1415926536  -0.0003991693  -0.0125176600
81.0530904626  3.1415926536  3.1415926536  -0.0003869041  -0.0123240180
82.3097275241  3.1415926536  3.1415926536  -0.0003751953  -0.0121362695
83.5663645855  3.1415926536  3.1415926536  -0.0003640099  -0.0119541498
84.8230016469  3.1415926536  3.1415926536  -0.0003533172  -0.0117774097
86.0796387084  3.1415926536  3.1415926536  -0.0003430886  -0.0116058145
87.3362757698  3.1415926536  3.1415926536  -0.0003332977  -0.0114391432
88.5929128312  3.1415926536  3.1415926536  -0.0003239198  -0.0112771868
89.8495498927  3.1415926536  3.1415926536  -0.0003149321  -0.0111197483
91.1061869541  3.1415926536  3.1415926536  -0.0003063132  -0.0109666415
92.3628240155  3.1415926536  3.1415926536  -0.0002980432  -0.0108176901
93.6194610770  3.1415926536  3.1415926536  -0.0002901036  -0.0106727273
94.8760981384  3.1415926536  3.1415926536  -0.0002824769  -0.0105315952
96.1327351998  3.1415926536  3.1415926536  -0.0002751470  -0.0103941441
97.3893722613  3.1415926536  3.1415926536  -0.0002680987  -0.0102602319
98.6460093227  3.1415926536  3.1415926536  -0.0002613176  -0.0101297238
99.9026463842  3.1415926536  3.1415926536  -0.0002547906  -0.0100024917
101.1592834456  3.1415926536  3.1415926536  -0.0002485050  -0.0098784138
102.4159205070  3.1415926536  3.1415926536  -0.0002424491  -0.0097573744
103.6725575685  3.1415926536  3.1415926536  -0.0002366119  -0.0096392633
104.9291946299  3.1415926536  3.1415926536  -0.0002309829  -0.0095239756
106.1858316913  3.1415926536  3.1415926536  -0.0002255523  -0.0094114112
107.4424687528  3.1415926536  3.1415926536  -0.0002203110  -0.0093014750
108.6991058142  3.1415926536  3.1415926536  -0.0002152503  -0.0091940759
109.9557428756  3.1415926536  3.1415926536  -0.0002103619  -0.0090891271
111.2123799371  3.1415926536  3.1415926536  -0.0002056381  -0.0089865459
112.4690169985  3.1415926536  3.1415926536  -0.0002010716  -0.0088862530
113.7256540600  3.1415926536  3.1415926536  -0.0001966555  -0.0087881728
114.9822911214  3.1415926536  3.1415926536  -0.0001923833  -0.0086922329
116.2389281828  3.1415926536  3.1415926536  -0.0001882488  -0.0085983639
117.4955652443  3.1415926536  3.1415926536  -0.0001842461  -0.0085064997
118.7522023057  3.1415926536  3.1415926536  -0.0001803697  -0.0084165767
120.0088393671  3.1415926536  3.1415926536  -0.0001766144  -0.0083285340
121.2654764286  3.1415926536  3.1415926536  -0.0001729751  -0.0082423132
122.5221134900  3.1415926536  3.1415926536  -0.0001694471  -0.0081578586
123.7787505514  3.1415926536  3.1415926536  -0.0001660259  -0.0080751163
125.0353876129  3.1415926536  3.1415926536  -0.0001627073  -0.0079940348
126.2920246743  3.1415926536  3.1415926536  -0.0001594872  -0.0079145647
127.5486617357  3.1415926536  3.1415926536  -0.0001563617  -0.0078366584
128.8052987972  3.1415926536  3.1415926536  -0.0001533272  -0.0077602702
130.0619358586  3.1415926536  3.1415926536  -0.0001503802  -0.0076853561
131.3185729201  3.1415926536  3.1415926536  -0.0001475173  -0.0076118741
132.5752099815  3.1415926536  3.1415926536  -0.0001447354  -0.0075397833
133.8318470429  3.1415926536  3.1415926536  -0.0001420314  -0.0074690446
135.0884841044  3.1415926536  3.1415926536  -0.0001394025  -0.0073996205
136.3451211658  3.1415926536  3.1415926536  -0.0001368459  -0.0073314746
137.6017582272  3.1415926536  3.1415926536  -0.0001343590  -0.0072645718
138.8583952887  3.1415926536  3.1415926536  -0.0001319392  -0.0071988787
140.1150323501  3.1415926536  3.1415926536  -0.0001295842  -0.0071343625
141.3716694115  3.1415926536  3.1415926536  -0.0001272917  -0.0070709921
142.6283064730  3.1415926536  3.1415926536  -0.0001250595  -0.0070087371
143.8849435344  3.1415926536  3.1415926536  -0.0001228855  -0.0069475684
145.1415805958  3.1415926536  3.1415926536  -0.0001207677  -0.0068874578
146.3982176573  3.1415926536  3.1415926536  -0.0001187042  -0.0068283781
147.6548547187  3.1415926536  3.1415926536  -0.0001166931  -0.0067703029
148.9114917802  3.1415926536  3.1415926536  -0.0001147326  -0.0067132070
150.1681288416  3.1415926536  3.1415926536  -0.0001128212  -0.0066570658
151.4247659030  3.1415926536  3.1415926536  -0.0001109571  -0.0066018554
152.6814029645  3.1415926536  3.1415926536  -0.0001091388  -0.0065475530
153.9380400259  3.1415926536  3.1415926536  -0.0001073649  -0.0064941364
155.1946770873  3.1415926536  3.1415926536  -0.0001056338  -0.0064415840
156.4513141488  3.1415926536  3.1415926536  -0.0001039443  -0.0063898751
157.7079512102  3.1415926536  3.1415926536  -0.0001022950  -0.0063389895
158.9645882716  3.1415926536  3.1415926536  -0.0001006846  -0.0062889077
160.2212253331  3.1415926536  3.1415926536  -0.0000991120  -0.0062396109
161.4778623945  3.1415926536  3.1415926536  -0.0000975759  -0.0061910806
162.7344994560  3.1415926536  3.1415926536  -0.0000960752  -0.0061432993
163.9911365174  3.1415926536  3.1415926536  -0.0000946089  -0.0060962496
165.2477735788  3.1415926536  3.1415926536  -0.0000931759  -0.0060499150
166.5044106403  3.1415926536  3.1415926536  -0.0000917752  -0.0060042792
167.7610477017  3.1415926536  3.1415926536  -0.0000904059  -0.0059593265
169.0176847631  3.1415926536  3.1415926536  -0.0000890669  -0.0059150418
170.2743218246  3.1415926536  3.1415926536  -0.0000877575  -0.0058714102
171.5309588860  3.1415926536  3.1415926536  -0.0000864768  -0.0058284174
172.7875959474  3.1415926536  3.1415926536  -0.0000852239  -0.0057860496
174.0442330089  3.1415926536  3.1415926536  -0.0000839980  -0.0057442931
175.3008700703  3.1415926536  3.1415926536  -0.0000827984  -0.0057031348
176.5575071317  3.1415926536  3.1415926536  -0.0000816243  -0.0056625620
177.8141441932  3.1415926536  3.1415926536  -0.0000804750  -0.0056225623
179.0707812546  3.1415926536  3.1415926536  -0.0000793497  -0.0055831236
180.3274183161  3.1415926536  3.1415926536  -0.0000782480  -0.0055442342
181.5840553775  3.1415926536  3.1415926536  -0.0000771690  -0.0055058827
182.8406924389  3.1415926536  3.1415926536  -0.0000761122  -0.0054680580
184.0973295004  3.1415926536  3.1415926536  -0.0000750769  -0.0054307494
185.3539665618  3.1415926536  3.1415926536  -0.0000740626  -0.0053939463
186.6106036232  3.1415926536  3.1415926536  -0.0000730687  -0.0053576386
187.8672406847  3.1415926536  3.1415926536  -0.0000720947  -0.0053218162
189.1238777461  3.1415926536  3.1415926536  -0.0000711401  -0.0052864697
190.3805148075  3.1415926536  3.1415926536  -0.0000702042  -0.0052515895
191.6371518690  3.1415926536  3.1415926536  -0.0000692868  -0.0052171665
192.8937889304  3.1415926536  3.1415926536  -0.0000683871  -0.0051831917
194.1504259918  3.1415926536  3.1415926536  -0.0000675049  -0.0051496564
195.4070630533  3.1415926536  3.1415926536  -0.0000666397  -0.0051165523
196.6637001147  3.1415926536  3.1415926536  -0.0000657910  -0.0050838709
197.9203371762  3.1415926536  3.1415926536  -0.0000649584  -0.0050516043
199.1769742376  3.1415926536  3.1415926536  -0.0000641415  -0.0050197447
200.4336112990  3.1415926536  3.1415926536  -0.0000633399  -0.0049882843
201.6902483605  3.1415926536  3.1415926536  -0.0000625532  -0.0049572157
202.9468854219  3.1415926536  3.1415926536  -0.0000617811  -0.0049265317
204.2035224833  3.1415926536  3.1415926536  -0.0000610232  -0.0048962251
205.4601595448  3.1415926536  3.1415926536  -0.0000602792  -0.0048662891
206.7167966062  3.1415926536  3.1415926536  -0.0000595487  -0.0048367169
207.9734336676  3.1415926536  3.1415926536  -0.0000588314  -0.0048075018
209.2300707291  3.1415926536  3.1415926536  -0.0000581269  -0.0047786375
210.4867077905  3.1415926536  3.1415926536  -0.0000574351  -0.0047501177
211.7433448520  3.1415926536  3.1415926536  -0.0000567555  -0.0047219362
212.9999819134  3.1415926536  3.1415926536  -0.0000560879  -0.0046940871
214.2566189748  3.1415926536  3.1415926536  -0.0000554321  -0.0046665645
215.5132560363  3.1415926536  3.1415926536  -0.0000547876  -0.0046393627
216.7698930977  3.1415926536  3.1415926536  -0.0000541544  -0.0046124761
218.0265301591  3.1415926536  3.1415926536  -0.0000535320  -0.0045858994
219.2831672206  3.1415926536  3.1415926536  -0.0000529203  -0.0045596271
220.5398042820  3.1415926536  3.1415926536  -0.0000523191  -0.0045336541
221.7964413434  3.1415926536  3.1415926536  -0.0000517280  -0.0045079752
223.0530784049  3.1415926536  3.1415926536  -0.0000511469  -0.0044825856
224.3097154663  3.1415926536  3.1415926536  -0.0000505755  -0.0044574803
225.5663525277  3.1415926536  3.1415926536  -0.0000500137  -0.0044326546
226.8229895892  3.1415926536  3.1415926536  -0.0000494611  -0.0044081039
228.0796266506  3.1415926536  3.1415926536  -0.0000489177  -0.0043838236
229.3362637121  3.1415926536  3.1415926536  -0.0000483832  -0.0043598093
230.5929007735  3.1415926536  3.1415926536  -0.0000478573  -0.0043360566
231.8495378349  3.1415926536  3.1415926536  -0.0000473401  -0.0043125613
233.1061748964  3.1415926536  3.1415926536  -0.0000468311  -0.0042893192
234.3628119578  3.1415926536  3.1415926536  -0.0000463303  -0.0042663262
235.6194490192  3.1415926536  3.1415926536  -0.0000458375  -0.0042435784
236.8760860807  3.1415926536  3.1415926536  -0.0000453525  -0.0042210719
238.1327231421  3.1415926536  3.1415926536  -0.0000448752  -0.0041988028
239.3893602035  3.1415926536  3.1415926536  -0.0000444054  -0.0041767674
240.6459972650  3.1415926536  3.1415926536  -0.0000439429  -0.0041549621
241.9026343264  3.1415926536  3.1415926536  -0.0000434876  -0.0041333832
243.1592713878  3.1415926536  3.1415926536  -0.0000430393  -0.0041120273
244.4159084493  3.1415926536  3.1415926536  -0.0000425980  -0.0040908909
245.6725455107  3.1415926536  3.1415926536  -0.0000421634  -0.0040699707
246.9291825722  3.1415926536  3.1415926536  -0.0000417354  -0.0040492633
248.1858196336  3.1415926536  3.1415926536  -0.0000413139  -0.0040287655
249.4424566950  3.1415926536  3.1415926536  -0.0000408987  -0.0040084742
250.6990937565  3.1415926536  3.1415926536  -0.0000404898  -0.0039883863
251.9557308179  3.1415926536  3.1415926536  -0.0000400869  -0.0039684986
253.2123678793  3.1415926536  3.1415926536  -0.0000396901  -0.0039488083
254.4690049408  3.1415926536  3.1415926536  -0.0000392991  -0.0039293124
255.7256420022  3.1415926536  3.1415926536  -0.0000389139  -0.0039100080
256.9822790636  3.1415926536  3.1415926536  -0.0000385343  -0.0038908923
258.2389161251  3.1415926536  3.1415926536  -0.0000381602  -0.0038719627
259.4955531865  3.1415926536  3.1415926536  -0.0000377916  -0.0038532163
260.7521902480  3.1415926536  3.1415926536  -0.0000374282  -0.0038346505
262.0088273094  3.1415926536  3.1415926536  -0.0000370701  -0.0038162628
263.2654643708  3.1415926536  3.1415926536  -0.0000367171  -0.0037980506
264.5221014323  3.1415926536  3.1415926536  -0.0000363691  -0.0037800113
265.7787384937  3.1415926536  3.1415926536  -0.0000360261  -0.0037621426
267.0353755551  3.1415926536  3.1415926536  -0.0000356878  -0.0037444420
268.2920126166  3.1415926536  3.1415926536  -0.0000353543  -0.0037269072
269.5486496780  3.1415926536  3.1415926536  -0.0000350255  -0.0037095358
270.8052867394  3.1415926536  3.1415926536  -0.0000347012  -0.0036923256
272.0619238009  3.1415926536  3.1415926536  -0.0000343814  -0.0036752743
273.3185608623  3.1415926536  3.1415926536  -0.0000340660  -0.0036583798
274.5751979237  3.1415926536  3.1415926536  -0.0000337550  -0.0036416398
275.8318349852  3.1415926536  3.1415926536  -0.0000334481  -0.0036250524
277.0884720466  3.1415926536  3.1415926536  -0.0000331455  -0.0036086153
278.3451091081  3.1415926536  3.1415926536  -0.0000328469  -0.0035923267
279.6017461695  3.1415926536  3.1415926536  -0.0000325523  -0.0035761844
280.8583832309  3.1415926536  3.1415926536  -0.0000322617  -0.0035601865
282.1150202924  3.1415926536  3.1415926536  -0.0000319750  -0.0035443311
283.3716573538  3.1415926536  3.1415926536  -0.0000316921  -0.0035286163
284.6282944152  3.1415926536  3.1415926536  -0.0000314129  -0.0035130402
285.8849314767  3.1415926536  3.1415926536  -0.0000311373  -0.0034976010
287.1415685381  3.1415926536  3.1415926536  -0.0000308654  -0.0034822969
288.3982055995  3.1415926536  3.1415926536  -0.0000305971  -0.0034671261
289.6548426610  3.1415926536  3.1415926536  -0.0000303322  -0.0034520870
290.9114797224  3.1415926536  3.1415926536  -0.0000300707  -0.0034371777
292.1681167839  3.1415926536  3.1415926536  -0.0000298126  -0.0034223967
293.4247538453  3.1415926536  3.1415926536  -0.0000295578  -0.0034077422
294.6813909067  3.1415926536  3.1415926536  -0.0000293063  -0.0033932127
295.9380279682  3.1415926536  3.1415926536  -0.0000290580  -0.0033788065
297.1946650296  3.1415926536  3.1415926536  -0.0000288128  -0.0033645221
298.4513020910  3.1415926536  3.1415926536  -0.0000285707  -0.0033503580
299.7079391525  3.1415926536  3.1415926536  -0.0000283316  -0.0033363127
300.9645762139  3.1415926536  3.1415926536  -0.0000280955  -0.0033223846
302.2212132753  3.1415926536  3.1415926536  -0.0000278624  -0.0033085723
303.4778503368  3.1415926536  3.1415926536  -0.0000276322  -0.0032948744
304.7344873982  3.1415926536  3.1415926536  -0.0000274048  -0.0032812894
305.9911244596  3.1415926536  3.1415926536  -0.0000271801  -0.0032678159
307.2477615211  3.1415926536  3.1415926536  -0.0000269583  -0.0032544527
308.5043985825  3.1415926536  3.1415926536  -0.0000267391  -0.0032411983
309.7610356440  3.1415926536  3.1415926536  -0.0000265226  -0.0032280514
311.0176727054  3.1415926536  3.1415926536  -0.0000263088  -0.0032150107
312.2743097668  3.1415926536  3.1415926536  -0.0000260975  -0.0032020750
313.5309468283  3.1415926536  3.1415926536  -0.0000258887  -0.0031892429
314.7875838897  3.1415926536  3.1415926536  -0.0000256824  -0.0031765133
316.0442209511  3.1415926536  3.1415926536  -0.0000254786  -0.0031638848
317.3008580126  3.1415926536  3.1415926536  -0.0000252772  -0.0031513564
318.5574950740  3.1415926536  3.1415926536  -0.0000250782  -0.0031389268
319.8141321354  3.1415926536  3.1415926536  -0.0000248815  -0.0031265948
321.0707691969  3.1415926536  3.1415926536  -0.0000246872  -0.0031143594
322.3274062583  3.1415926536  3.1415926536  -0.0000244951  -0.0031022193
323.5840433197  3.1415926536  3.1415926536  -0.0000243052  -0.0030901736
324.8406803812  3.1415926536  3.1415926536  -0.0000241175  -0.0030782209
326.0973174426  3.1415926536  3.1415926536  -0.0000239320  -0.0030663604
327.3539545041  3.1415926536  3.1415926536  -0.0000237486  -0.0030545910
328.6105915655  3.1415926536  3.1415926536  -0.0000235674  -0.0030429115
329.8672286269  3.1415926536  3.1415926536  -0.0000233882  -0.0030313210
331.1238656884  3.1415926536  3.1415926536  -0.0000232110  -0.0030198185
332.3805027498  3.1415926536  3.1415926536  -0.0000230358  -0.0030084029
333.6371398112  3.1415926536  3.1415926536  -0.0000228626  -0.0029970733
334.8937768727  3.1415926536  3.1415926536  -0.0000226914  -0.0029858287
336.1504139341  3.1415926536  3.1415926536  -0.0000225221  -0.0029746681
337.4070509955  3.1415926536  3.1415926536  -0.0000223546  -0.0029635907
338.6636880570  3.1415926536  3.1415926536  -0.0000221891  -0.0029525955
339.9203251184  3.1415926536  3.1415926536  -0.0000220253  -0.0029416815
341.1769621799  3.1415926536  3.1415926536  -0.0000218634  -0.0029308479
342.4335992413  3.1415926536  3.1415926536  -0.0000217032  -0.0029200939
343.6902363027  3.1415926536  3.1415926536  -0.0000215448  -0.0029094184
344.9468733642  3.1415926536  3.1415926536  -0.0000213881  -0.0028988207
346.2035104256  3.1415926536  3.1415926536  -0.0000212331  -0.0028883000
347.4601474870  3.1415926536  3.1415926536  -0.0000210799  -0.0028778553
348.7167845485  3.1415926536  3.1415926536  -0.0000209282  -0.0028674859
349.9734216099  3.1415926536  3.1415926536  -0.0000207782  -0.0028571909
351.2300586713  3.1415926536  3.1415926536  -0.0000206298  -0.0028469696
352.4866957328  3.1415926536  3.1415926536  -0.0000204830  -0.0028368212
353.7433327942  3.1415926536  3.1415926536  -0.0000203377  -0.0028267448
354.9999698556  3.1415926536  3.1415926536  -0.0000201940  -0.0028167398
356.2566069171  3.1415926536  3.1415926536  -0.0000200518  -0.0028068053
357.5132439785  3.1415926536  3.1415926536  -0.0000199111  -0.0027969407
358.7698810400  3.1415926536  3.1415926536  -0.0000197718  -0.0027871452
360.0265181014  3.1415926536  3.1415926536  -0.0000196341  -0.0027774180
361.2831551628  3.1415926536  3.1415926536  -0.0000194977  -0.0027677585
362.5397922243  3.1415926536  3.1415926536  -0.0000193628  -0.0027581659
363.7964292857  3.1415926536  3.1415926536  -0.0000192293  -0.0027486396
365.0530663471  3.1415926536  3.1415926536  -0.0000190971  -0.0027391789
366.3097034086  3.1415926536  3.1415926536  -0.0000189663  -0.0027297831
367.5663404700  3.1415926536  3.1415926536  -0.0000188369  -0.0027204515
368.8229775314  3.1415926536  3.1415926536  -0.0000187087  -0.0027111835
370.0796145929  3.1415926536  3.1415926536  -0.0000185819  -0.0027019784
371.3362516543  3.1415926536  3.1415926536  -0.0000184564  -0.0026928356
372.5928887157  3.1415926536  3.1415926536  -0.0000183321  -0.0026837545
373.8495257772  3.1415926536  3.1415926536  -0.0000182091  -0.0026747344
375.1061628386  3.1415926536  3.1415926536  -0.0000180873  -0.0026657747
376.3627999001  3.1415926536  3.1415926536  -0.0000179667  -0.0026568749
377.6194369615  3.1415926536  3.1415926536  -0.0000178473  -0.0026480343
378.8760740229  3.1415926536  3.1415926536  -0.0000177291  -0.0026392523
380.1327110844  3.1415926536  3.1415926536  -0.0000176121  -0.0026305284
381.3893481458  3.1415926536  3.1415926536  -0.0000174963  -0.0026218619
382.6459852072  3.1415926536  3.1415926536  -0.0000173815  -0.0026132524
383.9026222687  3.1415926536  3.1415926536  -0.0000172679  -0.0026046992
385.1592593301  3.1415926536  3.1415926536  -0.0000171554  -0.0025962019
386.4158963915  3.1415926536  3.1415926536  -0.0000170440  -0.0025877598
387.6725334530  3.1415926536  3.1415926536  -0.0000169337  -0.0025793724
388.9291705144  3.1415926536  3.1415926536  -0.0000168245  -0.0025710392
390.1858075759  3.1415926536  3.1415926536  -0.0000167163  -0.0025627596
391.4424446373  3.1415926536  3.1415926536  -0.0000166091  -0.0025545333
392.6990816987  3.1415926536  3.1415926536  -0.0000165030  -0.0025463595
393.9557187602  3.1415926536  3.1415926536  -0.0000163979  -0.0025382379
395.2123558216  3.1415926536  3.1415926536  -0.0000162938  -0.0025301680
396.4689928830  3.1415926536  3.1415926536  -0.0000161907  -0.0025221491
397.7256299445  3.1415926536  3.1415926536  -0.0000160885  -0.0025141810
398.9822670059  3.1415926536  3.1415926536  -0.0000159874  -0.0025062630
400.2389040673  3.1415926536  3.1415926536  -0.0000158871  -0.0024983948
401.4955411288  3.1415926536  3.1415926536  -0.0000157878  -0.0024905758
402.7521781902  3.1415926536  3.1415926536  -0.0000156895  -0.0024828056
404.0088152516  3.1415926536  3.1415926536  -0.0000155920  -0.0024750837
405.2654523131  3.1415926536  3.1415926536  -0.0000154955  -0.0024674097
406.5220893745  3.1415926536  3.1415926536  -0.0000153998  -0.0024597831
407.7787264360  3.1415926536  3.1415926536  -0.0000153051  -0.0024522036
409.0353634974  3.1415926536  3.1415926536  -0.0000152112  -0.0024446706
410.2920005588  3.1415926536  3.1415926536  -0.0000151182  -0.0024371837
411.5486376203  3.1415926536  3.1415926536  -0.0000150260  -0.0024297426
412.8052746817  3.1415926536  3.1415926536  -0.0000149346  -0.0024223467
414.0619117431  3.1415926536  3.1415926536  -0.0000148441  -0.0024149958
415.3185488046  3.1415926536  3.1415926536  -0.0000147544  -0.0024076893
416.5751858660  3.1415926536  3.1415926536  -0.0000146656  -0.0024004269
417.8318229274  3.1415926536  3.1415926536  -0.0000145775  -0.0023932081
419.0884599889  3.1415926536  3.1415926536  -0.0000144902  -0.0023860327
420.3450970503  3.1415926536  3.1415926536  -0.0000144037  -0.0023789001
421.6017341118  3.1415926536  3.1415926536  -0.0000143180  -0.0023718101
422.8583711732  3.1415926536  3.1415926536  -0.0000142330  -0.0023647622
424.1150082346  3.1415926536  3.1415926536  -0.0000141488  -0.0023577561
425.3716452961  3.1415926536  3.1415926536  -0.0000140653  -0.0023507913
426.6282823575  3.1415926536  3.1415926536  -0.0000139826  -0.0023438676
427.8849194189  3.1415926536  3.1415926536  -0.0000139006  -0.0023369845
429.1415564804  3.1415926536  3.1415926536  -0.0000138193  -0.0023301418
430.3981935418  3.1415926536  3.1415926536  -0.0000137387  -0.0023233390
431.6548306032  3.1415926536  3.1415926536  -0.0000136588  -0.0023165758
432.9114676647  3.1415926536  3.1415926536  -0.0000135797  -0.0023098519
434.1681047261  3.1415926536  3.1415926536  -0.0000135012  -0.0023031668
435.4247417875  3.1415926536  3.1415926536  -0.0000134233  -0.0022965204
436.6813788490  3.1415926536  3.1415926536  -0.0000133462  -0.0022899122
437.9380159104  3.1415926536  3.1415926536  -0.0000132697  -0.0022833419
439.1946529719  3.1415926536  3.1415926536  -0.0000131939  -0.0022768093
440.4512900333  3.1415926536  3.1415926536  -0.0000131187  -0.0022703139
441.7079270947  3.1415926536  3.1415926536  -0.0000130442  -0.0022638554
442.9645641562  3.1415926536  3.1415926536  -0.0000129703  -0.0022574336
444.2212012176  3.1415926536  3.1415926536  -0.0000128970  -0.0022510481
445.4778382790  3.1415926536  3.1415926536  -0.0000128244  -0.0022446987
446.7344753405  3.1415926536  3.1415926536  -0.0000127523  -0.0022383849
447.9911124019  3.1415926536  3.1415926536  -0.0000126809  -0.0022321066
449.2477494633  3.1415926536  3.1415926536  -0.0000126100  -0.0022258634
450.5043865248  3.1415926536  3.1415926536  -0.0000125398  -0.0022196550
451.7610235862  3.1415926536  3.1415926536  -0.0000124701  -0.0022134812
453.0176606476  3.1415926536  3.1415926536  -0.0000124010  -0.0022073416
454.2742977091  3.1415926536  3.1415926536  -0.0000123325  -0.0022012359
455.5309347705  3.1415926536  3.1415926536  -0.0000122646  -0.0021951640
456.7875718320  3.1415926536  3.1415926536  -0.0000121972  -0.0021891254
458.0442088934  3.1415926536  3.1415926536  -0.0000121304  -0.0021831200
459.3008459548  3.1415926536  3.1415926536  -0.0000120641  -0.0021771475
460.5574830163  3.1415926536  3.1415926536  -0.0000119983  -0.0021712075
461.8141200777  3.1415926536  3.1415926536  -0.0000119331  -0.0021652998
463.0707571391  3.1415926536  3.1415926536  -0.0000118684  -0.0021594243
464.3273942006  3.1415926536  3.1415926536  -0.0000118043  -0.0021535805
465.5840312620  3.1415926536  3.1415926536  -0.0000117407  -0.0021477682
466.8406683234  3.1415926536  3.1415926536  -0.0000116775  -0.0021419873
468.0973053849  3.1415926536  3.1415926536  -0.0000116149  -0.0021362373
469.3539424463  3.1415926536  3.1415926536  -0.0000115528  -0.0021305182
470.6105795078  3.1415926536  3.1415926536  -0.0000114912  -0.0021248296
471.8672165692  3.1415926536  3.1415926536  -0.0000114301  -0.0021191713
473.1238536306  3.1415926536  3.1415926536  -0.0000113695  -0.0021135431
474.3804906921  3.1415926536  3.1415926536  -0.0000113093  -0.0021079446
475.6371277535  3.1415926536  3.1415926536  -0.0000112496  -0.0021023758
476.8937648149  3.1415926536  3.1415926536  -0.0000111904  -0.0020968363
478.1504018764  3.1415926536  3.1415926536  -0.0000111317  -0.0020913259
479.4070389378  3.1415926536  3.1415926536  -0.0000110734  -0.0020858444
480.6636759992  3.1415926536  3.1415926536  -0.0000110156  -0.0020803916
481.9203130607  3.1415926536  3.1415926536  -0.0000109582  -0.0020749671
483.1769501221  3.1415926536  3.1415926536  -0.0000109013  -0.0020695709
484.4335871835  3.1415926536  3.1415926536  -0.0000108448  -0.0020642027
485.6902242450  3.1415926536  3.1415926536  -0.0000107887  -0.0020588623
486.9468613064  3.1415926536  3.1415926536  -0.0000107331  -0.0020535494
488.2034983679  3.1415926536  3.1415926536  -0.0000106780  -0.0020482639
489.4601354293  3.1415926536  3.1415926536  -0.0000106232  -0.0020430055
490.7167724907  3.1415926536  3.1415926536  -0.0000105689  -0.0020377741
491.9734095522  3.1415926536  3.1415926536  -0.0000105149  -0.0020325694
493.2300466136  3.1415926536  3.1415926536  -0.0000104614  -0.0020273911
494.4866836750  3.1415926536  3.1415926536  -0.0000104083  -0.0020222392
495.7433207365  3.1415926536  3.1415926536  -0.0000103556  -0.0020171135
496.9999577979  3.1415926536  3.1415926536  -0.0000103033  -0.0020120136
498.2565948593  3.1415926536  3.1415926536  -0.0000102514  -0.0020069395
499.5132319208  3.1415926536  3.1415926536  -0.0000101999  -0.0020018909
500.7698689822  3.1415926536  3.1415926536  -0.0000101488  -0.0019968676
502.0265060436  3.1415926536  3.1415926536  -0.0000100980  -0.0019918695
503.2831431051  3.1415926536  3.1415926536  -0.0000100477  -0.0019868963
504.5397801665  3.1415926536  3.1415926536  -0.0000099977  -0.0019819479
505.7964172280  3.1415926536  3.1415926536  -0.0000099481  -0.0019770241
507.0530542894  3.1415926536  3.1415926536  -0.0000098988  -0.0019721247
508.3096913508  3.1415926536  3.1415926536  -0.0000098499  -0.0019672495
509.5663284123  3.1415926536  3.1415926536  -0.0000098014  -0.0019623983
510.8229654737  3.1415926536  3.1415926536  -0.0000097533  -0.0019575710
512.0796025351  3.1415926536  3.1415926536  -0.0000097055  -0.0019527674
513.3362395966  3.1415926536  3.1415926536  -0.0000096580  -0.0019479874
514.5928766580  3.1415926536  3.1415926536  -0.0000096109  -0.0019432306
515.8495137194  3.1415926536  3.1415926536  -0.0000095641  -0.0019384971
517.1061507809  3.1415926536  3.1415926536  -0.0000095177  -0.0019337865
518.3627878423  3.1415926536  3.1415926536  -0.0000094716  -0.0019290988
519.6194249038  3.1415926536  3.1415926536  -0.0000094258  -0.0019244338
520.8760619652  3.1415926536  3.1415926536  -0.0000093804  -0.0019197912
522.1326990266  3.1415926536  3.1415926536  -0.0000093353  -0.0019151711
523.3893360881  3.1415926536  3.1415926536  -0.0000092906  -0.0019105730
524.6459731495  3.1415926536  3.1415926536  -0.0000092461  -0.0019059971
525.9026102109  3.1415926536  3.1415926536  -0.0000092020  -0.0019014429
527.1592472724  3.1415926536  3.1415926536  -0.0000091581  -0.0018969105
528.4158843338  3.1415926536  3.1415926536  -0.0000091146  -0.0018923997
529.6725213952  3.1415926536  3.1415926536  -0.0000090714  -0.0018879102
530.9291584567  3.1415926536  3.1415926536  -0.0000090286  -0.0018834420
532.1857955181  3.1415926536  3.1415926536  -0.0000089860  -0.0018789950
533.4424325795  3.1415926536  3.1415926536  -0.0000089437  -0.0018745688
534.6990696410  3.1415926536  3.1415926536  -0.0000089017  -0.0018701635
535.9557067024  3.1415926536  3.1415926536  -0.0000088600  -0.0018657788
537.2123437639  3.1415926536  3.1415926536  -0.0000088186  -0.0018614146
538.4689808253  3.1415926536  3.1415926536  -0.0000087775  -0.0018570708
539.7256178867  3.1415926536  3.1415926536  -0.0000087367  -0.0018527472
540.9822549482  3.1415926536  3.1415926536  -0.0000086961  -0.0018484437
542.2388920096  3.1415926536  3.1415926536  -0.0000086559  -0.0018441602
543.4955290710  3.1415926536  3.1415926536  -0.0000086159  -0.0018398964
544.7521661325  3.1415926536  3.1415926536  -0.0000085762  -0.0018356523
546.0088031939  3.1415926536  3.1415926536  -0.0000085368  -0.0018314278
547.2654402553  3.1415926536  3.1415926536  -0.0000084976  -0.0018272227
548.5220773168  3.1415926536  3.1415926536  -0.0000084587  -0.0018230368
549.7787143782  3.1415926536  3.1415926536  -0.0000084201  -0.0018188700
551.0353514396  3.1415926536  3.1415926536  -0.0000083817  -0.0018147223
552.2919885011  3.1415926536  3.1415926536  -0.0000083436  -0.0018105934
553.5486255625  3.1415926536  3.1415926536  -0.0000083058  -0.0018064833
554.8052626240  3.1415926536  3.1415926536  -0.0000082682  -0.0018023918
556.0618996854  3.1415926536  3.1415926536  -0.0000082309  -0.0017983188
557.3185367468  3.1415926536  3.1415926536  -0.0000081938  -0.0017942642
558.5751738083  3.1415926536  3.1415926536  -0.0000081570  -0.0017902278
559.8318108697  3.1415926536  3.1415926536  -0.0000081204  -0.0017862095
561.0884479311  3.1415926536  3.1415926536  -0.0000080841  -0.0017822092
562.3450849926  3.1415926536  3.1415926536  -0.0000080480  -0.0017782268
563.6017220540  3.1415926536  3.1415926536  -0.0000080121  -0.0017742621
564.8583591154  3.1415926536  3.1415926536  -0.0000079765  -0.0017703151
566.1149961769  3.1415926536  3.1415926536  -0.0000079411  -0.0017663856
567.3716332383  3.1415926536  3.1415926536  -0.0000079060  -0.0017624735
568.6282702998  3.1415926536  3.1415926536  -0.0000078711  -0.0017585788
569.8849073612  3.1415926536  3.1415926536  -0.0000078364  -0.0017547011
571.1415444226  3.1415926536  3.1415926536  -0.0000078020  -0.0017508406
572.3981814841  3.1415926536  3.1415926536  -0.0000077678  -0.0017469970
573.6548185455  3.1415926536  3.1415926536  -0.0000077338  -0.0017431702
574.9114556069  3.1415926536  3.1415926536  -0.0000077000  -0.0017393602
576.1680926684  3.1415926536  3.1415926536  -0.0000076664  -0.0017355667
577.4247297298  3.1415926536  3.1415926536  -0.0000076331  -0.0017317898
578.6813667912  3.1415926536  3.1415926536  -0.0000076000  -0.0017280293
579.9380038527  3.1415926536  3.1415926536  -0.0000075671  -0.0017242851
581.1946409141  3.1415926536  3.1415926536  -0.0000075344  -0.0017205571
582.4512779755  3.1415926536  3.1415926536  -0.0000075019  -0.0017168451
583.7079150370  3.1415926536  3.1415926536  -0.0000074697  -0.0017131492
584.9645520984  3.1415926536  3.1415926536  -0.0000074376  -0.0017094691
586.2211891599  3.1415926536  3.1415926536  -0.0000074058  -0.0017058048
587.4778262213  3.1415926536  3.1415926536  -0.0000073741  -0.0017021562
588.7344632827  3.1415926536  3.1415926536  -0.0000073427  -0.0016985231
589.9911003442  3.1415926536  3.1415926536  -0.0000073114  -0.0016949055
591.2477374056  3.1415926536  3.1415926536  -0.0000072804  -0.0016913033
592.5043744670  3.1415926536  3.1415926536  -0.0000072495  -0.0016877164
593.7610115285  3.1415926536  3.1415926536  -0.0000072189  -0.0016841447
595.0176485899  3.1415926536  3.1415926536  -0.0000071884  -0.0016805880
596.2742856513  3.1415926536  3.1415926536  -0.0000071581  -0.0016770464
597.5309227128  3.1415926536  3.1415926536  -0.0000071281  -0.0016735196
598.7875597742  3.1415926536  3.1415926536  -0.0000070982  -0.0016700076
600.0441968357  3.1415926536  3.1415926536  -0.0000070685  -0.0016665104
601.3008338971  3.1415926536  3.1415926536  -0.0000070390  -0.0016630277
602.5574709585  3.1415926536  3.1415926536  -0.0000070096  -0.0016595596
603.8141080200  3.1415926536  3.1415926536  -0.0000069805  -0.0016561059
605.0707450814  3.1415926536  3.1415926536  -0.0000069515  -0.0016526666
606.3273821428  3.1415926536  3.1415926536  -0.0000069227  -0.0016492415
607.5840192043  3.1415926536  3.1415926536  -0.0000068941  -0.0016458306
608.8406562657  3.1415926536  3.1415926536  -0.0000068657  -0.0016424338
610.0972933271  3.1415926536  3.1415926536  -0.0000068375  -0.0016390509
611.3539303886  3.1415926536  3.1415926536  -0.0000068094  -0.0016356820
612.6105674500  3.1415926536  3.1415926536  -0.0000067815  -0.0016323269
613.8672045114  3.1415926536  3.1415926536  -0.0000067537  -0.0016289855
615.1238415729  3.1415926536  3.1415926536  -0.0000067262  -0.0016256578
616.3804786343  3.1415926536  3.1415926536  -0.0000066988  -0.0016223436
617.6371156958  3.1415926536  3.1415926536  -0.0000066715  -0.0016190429
618.8937527572  3.1415926536  3.1415926536  -0.0000066445  -0.0016157557
620.1503898186  3.1415926536  3.1415926536  -0.0000066176  -0.0016124817
621.4070268801  3.1415926536  3.1415926536  -0.0000065908  -0.0016092210
622.6636639415  3.1415926536  3.1415926536  -0.0000065643  -0.0016059734
623.9203010029  3.1415926536  3.1415926536  -0.0000065378  -0.0016027390
625.1769380644  3.1415926536  3.1415926536  -0.0000065116  -0.0015995175
626.4335751258  3.1415926536  3.1415926536  -0.0000064855  -0.0015963090
627.6902121872  3.1415926536  3.1415926536  -0.0000064596  -0.0015931133
628.9468492487  3.1415926536  3.1415926536  0.0000000000  0.0000000000
