-627.6902121872  0.0000000000  0.0000000000  32.7400000000  0.0000000000
-626.4335751258  0.0000000000  0.0000000000  0.0000000000  0.0000000000
-625.1769380644  0.0000000000  0.0000000000  0.0000000000  0.0000000000
-623.9203010029  0.0000000000  0.0000000000  0.0000000000  0.0000000000
-622.6636639415  0.0000000000  0.0000000000  0.0000000000  0.0000000000
-621.4070268801  0.0000000000  0.0000000000  0.0000000000  0.0000000000
-620.1503898186  0.0000000000  0.0000000000  0.0000000000  0.0000000000
-618.8937527572  0.0000000000  0.0000000000  0.0000000000  0.0000000000
-617.6371156958  0.0000000000  0.0000000000  0.0000000000  0.0000000000
-616.3804786343  0.0000000000  0.0000000000  0.0000000000  0.0000000000
-615.1238415729  0.0000000000  0.0000000000  0.0000000000  0.0000000000
-613.8672045114  0.0000000000  0.0000000000  0.0000000000  0.0000000000
-612.6105674500  0.0000000000  0.0000000000  0.0000000000  0.0000000000
-611.3539303886  0.0000000000  0.0000000000  0.0000000000  0.0000000000
-610.0972933271  0.0000000000  0.0000000000  0.0000000000  0.0000000000
-608.8406562657  0.0000000000  0.0000000000  0.0000000000  0.0000000000
-607.5840192043  0.0000000000  0.0000000000  0.0000000000  0.0000000000
-606.3273821428  0.0000000000  0.0000000000  0.0000000000  0.0000000000
-605.0707450814  0.0000000000  0.0000000000  0.0000000000  0.0000000000
-603.8141080200  0.0000000000  0.0000000000  0.0000000000  0.0000000000
-602.5574709585  0.0000000000  0.0000000000  0.0000000000  0.0000000000
-601.3008338971  0.0000000000  0.0000000000  0.0000000000  0.0000000000
-600.0441968357  0.0000000000  0.0000000000  0.0000000000  0.0000000000
-598.7875597742  0.0000000000  0.0000000000  0.0000000000  0.0000000000
-597.5309227128  0.0000000000  0.0000000000  0.0000000000  0.0000000000
-596.2742856513  0.0000000000  0.0000000000  -nan  0.0163524598
-595.0176485899  0.0000000000  0.0000000000  0.0000000000  0.0000000000
-593.7610115285  0.0000000000  0.0000000000  0.0000000000  0.0000000000
-592.5043744670  0.0000000000  0.0000000000  0.0000000000  0.0000000000
-591.2477374056  0.0000000000  0.0000000000  30.1100000000  0.0000000000
-589.9911003442  0.0000000000  0.0000000000  0.0066470914  0.0000000000
-588.7344632827  0.0000000000  0.0000000000  0.0000000000  0.0000000000
-587.4778262213  0.0000000000  0.0000000000  0.0000000000  0.0000000000
-586.2211891599  0.0000000000  0.0000000000  0.0000000000  0.0000000000
-584.9645520984  0.0000000000  0.0000000000  0.0000000000  0.0000000000
-583.7079150370  0.0000000000  0.0000000000  0.0000000000  0.0000000000
-582.4512779755  0.0000000000  0.0000000000  0.0000000000  0.0000000000
-581.1946409141  0.0000000000  0.0000000000  0.0000000000  0.0000000000
-579.9380038527  0.0000000000  0.0000000000  0.0000000000  0.0000000000
-578.6813667912  0.0000000000  0.0000000000  0.0000000000  0.0000000000
-577.4247297298  0.0000000000  0.0000000000  0.0000000000  0.0000000000
-576.1680926684  0.0000000000  0.0000000000  0.0000000000  0.0000000000
-574.9114556069  0.0000000000  0.0000000000  0.0000000000  0.0000000000
-573.6548185455  0.0000000000  0.0000000000  0.0000000000  0.0000000000
-572.3981814841  0.0000000000  0.0000000000  0.0000000000  0.0000000000
-571.1415444226  0.0000000000  0.0000000000  0.0000000000  0.0000000000
-569.8849073612  0.0000000000  0.0000000000  0.0000000000  0.0000000000
-568.6282702998  0.0000000000  0.0000000000  0.0000000000  0.0000000000
-567.3716332383  0.0000000000  0.0000000000  0.0000000000  0.0000000000
-566.1149961769  0.0000000000  0.0000000000  0.0000000000  0.0000000000
-564.8583591154  0.0000000000  0.0000000000  0.0000000000  0.0000000000
-563.6017220540  0.0000000000  0.0000000000  0.0000000000  0.0000000000
-562.3450849926  0.0000000000  0.0000000000  0.0000000000  0.0000000000
-561.0884479311  0.0000000000  0.0000000000  0.0000000000  0.0000000000
-559.8318108697  0.0000000000  0.0000000000  -nan  0.0307417065
-558.5751738083  0.0000000000  0.0000000000  0.0000000000  0.0000000000
-557.3185367468  0.0000000000  0.0000000000  0.0000000000  0.0000000000
-556.0618996854  0.0000000000  0.0000000000  0.0000000000  0.0000000000
-554.8052626240  0.0000000000  0.0000000000  28.3950000000  0.0000000000
-553.5486255625  0.0000000000  0.0000000000  -0.0074582286  0.0000000000
-552.2919885011  0.0000000000  0.0000000000  0.0000000000  0.0000000000
-551.0353514396  0.0000000000  0.0000000000  0.0000000000  0.0000000000
-549.7787143782  0.0000000000  0.0000000000  0.0000000000  0.0000000000
-548.5220773168  0.0000000000  0.0000000000  0.0000000000  0.0000000000
-547.2654402553  0.0000000000  0.0000000000  0.0000000000  0.0000000000
-546.0088031939  0.0000000000  0.0000000000  0.0000000000  0.0000000000
-544.7521661325  0.0000000000  0.0000000000  0.0000000000  0.0000000000
-543.4955290710  0.0000000000  0.0000000000  0.0000000000  0.0000000000
-542.2388920096  0.0000000000  0.0000000000  0.0000000000  0.0000000000
-540.9822549482  0.0000000000  0.0000000000  0.0000000000  0.0000000000
-539.7256178867  0.0000000000  0.0000000000  0.0000000000  0.0000000000
-538.4689808253  0.0000000000  0.0000000000  0.0000000000  0.0000000000
-537.2123437639  0.0000000000  0.0000000000  0.0000000000  0.0000000000
-535.9557067024  0.0000000000  0.0000000000  0.0000000000  0.0000000000
-534.6990696410  0.0000000000  0.0000000000  0.0000000000  0.0000000000
-533.4424325795  0.0000000000  0.0000000000  0.0000000000  0.0000000000
-532.1857955181  0.0000000000  0.0000000000  0.0000000000  0.0000000000
-530.9291584567  0.0000000000  0.0000000000  0.0000000000  0.0000000000
-529.6725213952  0.0000000000  0.0000000000  0.0000000000  0.0000000000
-528.4158843338  0.0000000000  0.0000000000  0.0000000000  0.0000000000
-527.1592472724  0.0000000000  0.0000000000  0.0000000000  0.0000000000
-525.9026102109  0.0000000000  0.0000000000  0.0000000000  0.0000000000
-524.6459731495  0.0000000000  0.0000000000  0.0000000000  0.0000000000
-523.3893360881  0.0000000000  0.0000000000  -nan  0.2244293690
-522.1326990266  0.0000000000  0.0000000000  0.0000000000  0.0000000000
-520.8760619652  0.0000000000  0.0000000000  0.0000000000  0.0000000000
-519.6194249038  0.0000000000  0.0000000000  0.0000000000  0.0000000000
-518.3627878423  0.0000000000  0.0000000000  -0.0964436958  0.0000000000
-517.1061507809  0.0000000000  0.0000000000  -6.4611246220  -5.6350265859
-515.8495137194  0.0000000000  0.0000000000  -4.5916371429  -2.8175132929
-514.5928766580  0.0000000000  0.0000000000  -1.9158254503  -1.1479092857
-513.3362395966  0.0000000000  0.0000000000  -0.4437355306  -0.0002190589
-512.0796025351  0.0000000000  0.0000000000  0.3743968187  0.7677202206
-510.8229654737  0.0000000000  0.0000000000  1.9158254503  3.0708808824
-509.5663284123  0.0000000000  0.0000000000  4.5916371429  5.8204684715
-508.3096913508  0.0000000000  0.0000000000  6.5444950573  0.0000000000
-507.0530542894  0.0000000000  0.0000000000  0.0000000000  0.0000000000
-505.7964172280  0.0000000000  0.0000000000  0.0000000000  0.0000000000
-504.5397801665  0.0000000000  0.0000000000  0.0000000000  0.0000000000
-503.2831431051  0.0000000000  0.0000000000  0.0000000000  0.0000000000
-502.0265060436  0.0000000000  0.0000000000  0.0000000000  0.0000000000
-500.7698689822  0.0000000000  0.0000000000  0.0000000000  0.0000000000
-499.5132319208  0.0000000000  0.0000000000  0.0000000000  0.0000000000
-498.2565948593  0.0000000000  0.0000000000  0.0000000000  0.0000000000
-496.9999577979  0.0000000000  0.0000000000  0.0000000000  0.0000000000
-495.7433207365  0.0000000000  0.0000000000  0.0000000000  0.0000000000
-494.4866836750  0.0000000000  0.0000000000  0.0000000000  0.0000000000
-493.2300466136  0.0000000000  0.0000000000  0.0000000000  0.0000000000
-491.9734095522  0.0000000000  0.0000000000  0.0000000000  0.0000000000
-490.7167724907  0.0000000000  0.0000000000  0.0000000000  0.0000000000
-489.4601354293  0.0000000000  0.0000000000  0.0000000000  0.0000000000
-488.2034983679  0.0000000000  0.0000000000  0.0000000000  0.0000000000
-486.9468613064  0.0000000000  0.0000000000  0.0000000000  0.0000000000
-485.6902242450  0.0000000000  0.0000000000  0.0000000000  0.0000000000
-484.4335871835  0.0000000000  0.0000000000  0.0000000000  0.0000000000
-483.1769501221  0.0000000000  0.0000000000  0.0000000000  0.0000000000
-481.9203130607  0.0000000000  0.0000000000  0.0000000000  0.0000000000
-480.6636759992  0.0000000000  0.0000000000  0.0000000000  0.0000000000
-479.4070389378  0.0000000000  0.0000000000  0.0000000000  0.0000000000
-478.1504018764  0.0000000000  0.0000000000  0.0000000000  0.0000000000
-476.8937648149  0.0000000000  0.0000000000  0.0000000000  0.0000000000
-475.6371277535  0.0000000000  0.0000000000  0.0000000000  0.0000000000
-474.3804906921  0.0000000000  0.0000000000  0.0000000000  0.0000000000
-473.1238536306  0.0000000000  0.0000000000  6.4611246220  -0.0000000000
-471.8672165692  0.0000000000  0.0000000000  -0.0000000000  -0.0000000000
-470.6105795078  0.0000000000  0.0000000000  -0.0000000000  0.0000000000
-469.3539424463  0.0000000000  0.0000000000  5.6350265859  -0.0000000000
-468.0973053849  0.0000000000  0.0000000000  -0.0000000000  -0.0000000000
-466.8406683234  0.0000000000  0.0000000000  -0.0000000000  0.0000000000
-465.5840312620  0.0000000000  0.0000000000  4.5916371429  -0.0000000000
-464.3273942006  0.0000000000  0.0000000000  -0.0000000000  -0.0000000000
-463.0707571391  0.0000000000  0.0000000000  -0.0000000000  0.0000000000
-461.8141200777  0.0000000000  0.0000000000  2.8175132929  -0.0000000000
-460.5574830163  0.0000000000  0.0000000000  -0.0000000000  -0.0000000000
-459.3008459548  0.0000000000  0.0000000000  -0.0000000000  0.0000000000
-458.0442088934  0.0000000000  0.0000000000  1.9158254503  -0.0000000000
-456.7875718320  0.0000000000  0.0000000000  -0.0000000000  -0.0000000000
-455.5309347705  0.0000000000  0.0000000000  -0.0000000000  0.0000000000
-454.2742977091  0.0000000000  0.0000000000  1.1479092857  -0.0000000000
-453.0176606476  0.0000000000  0.0000000000  -0.0000000000  -0.0000000000
-451.7610235862  0.0000000000  0.0000000000  -0.0000000000  0.0000000000
-450.5043865248  0.0000000000  0.0000000000  0.4437355306  -0.0000000000
-449.2477494633  0.0000000000  0.0000000000  -0.0000000000  -0.0000000000
-447.9911124019  0.0000000000  0.0000000000  -0.0000000000  0.0000000000
-446.7344753405  0.0000000000  0.0000000000  0.0002190589  -0.0000000000
-445.4778382790  0.0000000000  0.0000000000  -0.0000000000  -0.0000000000
-444.2212012176  0.0000000000  0.0000000000  -0.0000000000  0.0000000000
-442.9645641562  0.0000000000  0.0000000000  -0.3743968187  0.0000000000
-441.7079270947  0.0000000000  0.0000000000  0.0000000000  0.0000000000
-440.4512900333  0.0000000000  0.0000000000  0.0000000000  0.0000000000
-439.1946529719  0.0000000000  0.0000000000  -0.7677202206  0.0000000000
-437.9380159104  0.0000000000  0.0000000000  0.0000000000  0.0000000000
-436.6813788490  0.0000000000  0.0000000000  0.0000000000  0.0000000000
-435.4247417875  0.0000000000  0.0000000000  -1.9158254503  0.0000000000
-434.1681047261  0.0000000000  0.0000000000  0.0000000000  0.0000000000
-432.9114676647  0.0000000000  0.0000000000  0.0000000000  0.0000000000
-431.6548306032  0.0000000000  0.0000000000  -3.0708808824  0.0000000000
-430.3981935418  0.0000000000  0.0000000000  0.0000000000  0.0000000000
-429.1415564804  0.0000000000  0.0000000000  0.0000000000  0.0000000000
-427.8849194189  0.0000000000  0.0000000000  -4.5916371429  0.0000000000
-426.6282823575  0.0000000000  0.0000000000  0.0000000000  0.0000000000
-425.3716452961  0.0000000000  0.0000000000  0.0000000000  0.0000000000
-424.1150082346  0.0000000000  0.0000000000  -5.8204684715  0.0000000000
-422.8583711732  0.0000000000  0.0000000000  0.0000000000  0.0000000000
-421.6017341118  0.0000000000  0.0000000000  0.0000000000  0.0000000000
-420.3450970503  0.0000000000  0.0000000000  -6.5444950573  0.0000000000
-419.0884599889  0.0000000000  0.0000000000  0.0000000000  0.0000000000
-417.8318229274  0.0000000000  0.0000000000  0.0000000000  0.0000000000
-416.5751858660  0.0000000000  0.0000000000  0.0000000000  0.0000000000
-415.3185488046  0.0000000000  0.0000000000  0.0000000000  0.0000000000
-414.0619117431  0.0000000000  0.0000000000  0.0014606005  0.0083473988
-412.8052746817  0.0000000000  0.0000000000  0.9405853785  0.3395572791
-411.5486376203  0.0000000000  0.0000000000  1.0060380014  0.1272344946
-410.2920005588  0.0000000000  0.0000000000  0.9797050690  0.2534319103
-409.0353634974  0.0000000000  0.0000000000  0.9969337685  0.1909825353
-407.7787264360  0.0000000000  0.0000000000  1.0075312695  0.0793505335
-406.5220893745  0.0000000000  0.0000000000  1.0000020495  0.1749650138
-405.2654523131  0.0000000000  0.0000000000  0.9616614973  0.2984928086
-404.0088152516  0.0000000000  0.0000000000  1.0027522275  0.1574484350
-402.7521781902  0.0000000000  0.0000000000  1.0048191255  0.0344613490
-401.4955411288  0.0000000000  0.0000000000  0.9930138837  0.2082837455
-400.2389040673  0.0000000000  0.0000000000  0.9497695577  0.3227787350
-398.9822670059  0.0000000000  0.0000000000  1.0023135814  0.0144453644
-397.7256299445  0.0000000000  0.0000000000  0.0062275379  0.0163524671
-396.4689928830  0.0000000000  0.0000000000  -0.0065324697  -0.0011430302
-395.2123558216  0.0000000000  0.0000000000  0.3039802285  -0.2495791901
-393.9557187602  0.0000000000  0.0000000000  0.7462148941  -0.2183209765
-392.6990816987  0.0000000000  0.0000000000  0.5239144613  -0.2768399280
-391.4424446373  0.0000000000  0.0000000000  0.1625553428  -0.1796933776
-390.1858075759  0.0000000000  0.0000000000  0.4666400757  -0.2779029732
-388.9291705144  0.0000000000  0.0000000000  0.8912936495  -0.1226658930
-387.6725334530  0.0000000000  0.0000000000  0.4051811446  -0.2728208057
-386.4158963915  0.0000000000  0.0000000000  0.0582881594  -0.0853264871
-385.1592593301  0.0000000000  0.0000000000  0.5862752435  -0.2693717611
-383.9026222687  0.0000000000  0.0000000000  0.9589169621  -0.0538936684
-382.6459852072  0.0000000000  0.0000000000  0.0220277546  -0.0367917584
-381.3893481458  0.0000000000  0.0000000000  0.0167659865  0.0233071734
-380.1327110844  0.0000000000  0.0000000000  -0.0246217079  -0.0043082259
-378.8760740229  0.0000000000  0.0000000000  0.0013051058  0.0036543819
-377.6194369615  0.0000000000  0.0000000000  0.4986424942  0.6461315467
-376.3627999001  0.0000000000  0.0000000000  0.9806221572  0.4857353165
-375.1061628386  0.0000000000  0.0000000000  0.6718355331  -0.2281255142
-373.8495257772  0.0000000000  0.0000000000  1.0423927839  0.3721740656
-372.5928887157  0.0000000000  0.0000000000  0.1444561245  0.4062646453
-371.3362516543  0.0000000000  0.0000000000  1.0666965067  0.2338026310
-370.0796145929  0.0000000000  0.0000000000  0.2686248255  -0.1890047021
-368.8229775314  0.0000000000  0.0000000000  0.8768744488  0.5826131635
-367.5663404700  0.0000000000  0.0000000000  0.0322366202  0.1795180661
-366.3097034086  0.0000000000  0.0000000000  0.1038398309  -0.0935835888
-365.0530663471  0.0000000000  0.0000000000  0.0226672642  0.0245084098
-363.7964292857  0.0000000000  0.0000000000  -0.0356657526  -0.0062406767
-362.5397922243  0.0000000000  0.0000000000  0.0034445019  0.0082362471
-361.2831551628  0.0000000000  0.0000000000  -0.0007383531  -0.0006543583
-360.0265181014  0.0000000000  0.0000000000  0.5189733920  -0.5026047967
-358.7698810400  0.0000000000  0.0000000000  0.1601981735  0.2700148653
-357.5132439785  0.0000000000  0.0000000000  0.3091990125  -0.4522249812
-356.2566069171  0.0000000000  0.0000000000  0.5707791133  0.3205048586
-354.9999698556  0.0000000000  0.0000000000  0.1262814683  -0.3157182396
-353.7433327942  0.0000000000  0.0000000000  0.2132156342  0.1390778418
-352.4866957328  0.0000000000  0.0000000000  0.7458071741  -0.4593453767
-351.2300586713  0.0000000000  0.0000000000  0.2147479219  0.2072023388
-349.9734216099  0.0000000000  0.0000000000  0.1159434929  0.0478840581
-348.7167845485  0.0000000000  0.0000000000  0.0307972592  0.0237848304
-347.4601474870  0.0000000000  0.0000000000  -0.0516883986  -0.0090442668
-346.2035104256  0.0000000000  0.0000000000  0.0099145153  0.0186749740
-344.9468733642  0.0000000000  0.0000000000  -0.0043973397  -0.0042448132
-343.6902363027  0.0000000000  0.0000000000  -0.0002701913  0.0004751531
-342.4335992413  0.0000000000  0.0000000000  0.4663869712  0.8605595733
-341.1769621799  0.0000000000  0.0000000000  0.9067316650  -0.3005191179
-339.9203251184  0.0000000000  0.0000000000  0.1722240561  -0.4689298233
-338.6636880570  0.0000000000  0.0000000000  0.5623949903  -0.4435687501
-337.4070509955  0.0000000000  0.0000000000  0.7710702515  0.3504546692
-336.1504139341  0.0000000000  0.0000000000  0.8113501655  0.2891805584
-334.8937768727  0.0000000000  0.0000000000  0.2081687455  -0.2453600364
-333.6371398112  0.0000000000  0.0000000000  0.4167956322  0.0727641837
-332.3805027498  0.0000000000  0.0000000000  0.0404753743  0.0187555634
-331.1238656884  0.0000000000  0.0000000000  -0.0721773315  -0.0126293533
-329.8672286269  0.0000000000  0.0000000000  0.0330146330  0.0408369752
-328.6105915655  0.0000000000  0.0000000000  -0.0214076168  -0.0229507019
-327.3539545041  0.0000000000  0.0000000000  -0.0055690800  0.0073762806
-326.0973174426  0.0000000000  0.0000000000  0.0017918501  0.0026444614
-324.8406803812  0.0000000000  0.0000000000  0.1876404447  -0.1100700477
-323.5840433197  0.0000000000  0.0000000000  -0.3876279623  0.1737779239
-322.3274062583  0.0000000000  0.0000000000  0.1537830492  -0.2951667225
-321.0707691969  0.0000000000  0.0000000000  0.6341885752  -0.6921773763
-319.8141321354  0.0000000000  0.0000000000  -0.1707782603  -0.0987575925
-318.5574950740  0.0000000000  0.0000000000  -0.2940971484  -0.0038015360
-317.3008580126  0.0000000000  0.0000000000  0.1994776534  -0.4336402501
-316.0442209511  0.0000000000  0.0000000000  0.0480206838  0.0074173082
-314.7875838897  0.0000000000  0.0000000000  -0.0906696358  -0.0158650762
-313.5309468283  0.0000000000  0.0000000000  0.1210394628  0.0465803438
-312.2743097668  0.0000000000  0.0000000000  -0.1007456990  -0.0962778159
-311.0176727054  0.0000000000  0.0000000000  -0.1297227114  0.0967880921
-309.7610356440  0.0000000000  0.0000000000  0.0956302489  0.1043155182
-308.5043985825  0.0000000000  0.0000000000  0.0250999218  0.0395102360
-307.2477615211  0.0000000000  0.0000000000  -0.0925052833  -0.9418239218
-305.9911244596  0.0000000000  0.0000000000  0.4437634658  -0.9496191174
-304.7344873982  0.0000000000  0.0000000000  0.0414942053  0.3854698639
-303.4778503368  0.0000000000  0.0000000000  0.2835088708  -0.7160829805
-302.2212132753  0.0000000000  0.0000000000  0.2219428758  -0.5689962911
-300.9645762139  0.0000000000  0.0000000000  0.1072718986  0.2269550595
-299.7079391525  0.0000000000  0.0000000000  0.0480206838  -0.0074173082
-298.4513020910  0.0000000000  0.0000000000  -0.0957068378  -0.0167464693
-297.1946650296  0.0000000000  0.0000000000  0.1209031751  -0.0954025430
-295.9380279682  0.0000000000  0.0000000000  -0.1922256658  -0.0763987518
-294.6813909067  0.0000000000  0.0000000000  -0.1610208963  -0.2769193279
-293.4247538453  0.0000000000  0.0000000000  -0.1590660651  0.3888500386
-292.1681167839  0.0000000000  0.0000000000  0.1488531890  -0.2347047550
-290.9114797224  0.0000000000  0.0000000000  0.4021542972  0.3214053835
-289.6548426610  0.0000000000  0.0000000000  0.4818072364  -0.3809603239
-288.3982055995  0.0000000000  0.0000000000  -0.3772913581  0.1629258946
-287.1415685381  0.0000000000  0.0000000000  0.3790184623  0.5252736140
-285.8849314767  0.0000000000  0.0000000000  0.5894249494  0.2734493542
-284.6282944152  0.0000000000  0.0000000000  -0.2012328875  0.1758561431
-283.3716573538  0.0000000000  0.0000000000  0.0404753743  -0.0187555634
-282.1150202924  0.0000000000  0.0000000000  -0.0849145076  -0.0148580627
-280.8583832309  0.0000000000  0.0000000000  0.0326700129  -0.0819879258
-279.6017461695  0.0000000000  0.0000000000  -0.1001120898  -0.0332710347
-278.3451091081  0.0000000000  0.0000000000  -0.0187327376  -0.0753753189
-277.0884720466  0.0000000000  0.0000000000  -0.0257143291  0.1042487051
-275.8318349852  0.0000000000  0.0000000000  0.0144313819  -0.0324512267
-274.5751979237  0.0000000000  0.0000000000  0.0721591920  0.0878604521
-273.3185608623  0.0000000000  0.0000000000  -0.0407661034  -0.0299677129
-272.0619238009  0.0000000000  0.0000000000  -0.2894512949  -0.5609296750
-270.8052867394  0.0000000000  0.0000000000  0.3446997401  0.5490803895
-269.5486496780  0.0000000000  0.0000000000  -0.0912893306  0.0184480702
-268.2920126166  0.0000000000  0.0000000000  -0.2651903638  -0.2962476984
-267.0353755551  0.0000000000  0.0000000000  0.0307972592  -0.0237848304
-265.7787384937  0.0000000000  0.0000000000  -0.0678410232  -0.0118706002
-264.5221014323  0.0000000000  0.0000000000  0.0094774860  -0.0499862717
-263.2654643708  0.0000000000  0.0000000000  -0.0479289083  -0.0187706383
-262.0088273094  0.0000000000  0.0000000000  -0.0031402863  -0.0274413896
-260.7521902480  0.0000000000  0.0000000000  -0.0043178995  0.0358209912
-259.4955531865  0.0000000000  0.0000000000  0.0027896174  -0.0091306746
-258.2389161251  0.0000000000  0.0000000000  0.0198979321  0.0316091902
-256.9822790636  0.0000000000  0.0000000000  -0.0157858452  -0.0126604855
-255.7256420022  0.0000000000  0.0000000000  0.0018272132  0.0049085447
-254.4690049408  0.0000000000  0.0000000000  0.2552021056  -0.5409826929
-253.2123678793  0.0000000000  0.0000000000  0.1934193593  0.0371053173
-251.9557308179  0.0000000000  0.0000000000  0.6698286982  -0.1262691606
-250.6990937565  0.0000000000  0.0000000000  0.0226672642  -0.0245084098
-249.4424566950  0.0000000000  0.0000000000  -0.0523097705  -0.0091529925
-248.1858196336  0.0000000000  0.0000000000  0.0029941774  -0.0312818517
-246.9291825722  0.0000000000  0.0000000000  -0.0254142850  -0.0112234909
-245.6725455107  0.0000000000  0.0000000000  -0.0004705588  -0.0124568920
-244.4159084493  0.0000000000  0.0000000000  -0.0007442011  0.0152271551
-243.1592713878  0.0000000000  0.0000000000  0.0008048748  -0.0035108054
-241.9026343264  0.0000000000  0.0000000000  0.0069292107  0.0136613960
-240.6459972650  0.0000000000  0.0000000000  -0.0066415499  -0.0059662928
-239.3893602035  0.0000000000  0.0000000000  0.0017179124  0.0034121448
-238.1327231421  0.0000000000  0.0000000000  -0.0003242954  0.0004725911
-236.8760860807  0.0000000000  0.0000000000  0.3044942580  0.3177328528
-235.6194490192  0.0000000000  0.0000000000  0.0256964314  -0.1002771391
-234.3628119578  0.0000000000  0.0000000000  0.0167659865  -0.0233071734
-233.1061748964  0.0000000000  0.0000000000  -0.0404499486  -0.0070777996
-231.8495378349  0.0000000000  0.0000000000  0.0008768531  -0.0207002102
-230.5929007735  0.0000000000  0.0000000000  -0.0149203632  -0.0071182158
-229.3362637121  0.0000000000  0.0000000000  0.0000678361  -0.0066023695
-228.0796266506  0.0000000000  0.0000000000  -0.0000297943  0.0076368144
-226.8229895892  0.0000000000  0.0000000000  0.0003021761  -0.0016566800
-225.5663525277  0.0000000000  0.0000000000  0.0029237377  0.0068437286
-224.3097154663  0.0000000000  0.0000000000  -0.0032121344  -0.0031595909
-223.0530784049  0.0000000000  0.0000000000  0.0012382261  0.0020848922
-221.7964413434  0.0000000000  0.0000000000  -0.0003074120  0.0004792444
-220.5398042820  0.0000000000  0.0000000000  -0.0000240377  -0.0000176147
-219.2831672206  0.0000000000  0.0000000000  -0.2076128048  0.3063392264
-218.0265301591  0.0000000000  0.0000000000  0.0062275379  -0.0163524671
-216.7698930977  0.0000000000  0.0000000000  -0.0176376682  -0.0030861815
-215.5132560363  0.0000000000  0.0000000000  -0.0003004649  -0.0063314820
-214.2566189748  0.0000000000  0.0000000000  -0.0035185245  -0.0019261752
-212.9999819134  0.0000000000  0.0000000000  0.0001233883  -0.0012682717
-211.7433448520  0.0000000000  0.0000000000  0.0001000576  0.0012850673
-210.4867077905  0.0000000000  0.0000000000  0.0000247343  -0.0002495675
-209.2300707291  0.0000000000  0.0000000000  0.0003091802  0.0011079184
-207.9734336676  0.0000000000  0.0000000000  -0.0004734947  -0.0005670224
-206.7167966062  0.0000000000  0.0000000000  0.0003341320  0.0004266851
-205.4601595448  0.0000000000  0.0000000000  -0.0000986345  0.0001779691
-204.2035224833  0.0000000000  0.0000000000  -0.0000218392  -0.0000229739
-202.9468854219  0.0000000000  0.0000000000  -0.0000022103  -0.0000052542
-201.6902483605  0.0000000000  0.0000000000  0.0000000000  0.0000000000
-200.4336112990  0.0000000000  0.0000000000  0.0000000000  0.0000000000
-199.1769742376  0.0000000000  0.0000000000  0.0000000000  0.0000000000
-197.9203371762  0.0000000000  0.0000000000  0.0000000000  0.0000000000
-196.6637001147  0.0000000000  0.0000000000  0.0000000000  0.0000000000
-195.4070630533  0.0000000000  0.0000000000  0.0000000000  0.0000000000
-194.1504259918  0.0000000000  0.0000000000  0.0000000000  0.0000000000
-192.8937889304  0.0000000000  0.0000000000  0.0000000000  0.0000000000
-191.6371518690  0.0000000000  0.0000000000  0.0000000000  0.0000000000
-190.3805148075  0.0000000000  0.0000000000  0.0000000000  0.0000000000
-189.1238777461  0.0000000000  0.0000000000  0.0000000000  0.0000000000
-187.8672406847  0.0000000000  0.0000000000  0.0000000000  0.0000000000
-186.6106036232  0.0000000000  0.0000000000  0.0000000000  0.0000000000
-185.3539665618  0.0000000000  0.0000000000  0.0000000000  0.0000000000
-184.0973295004  0.0000000000  0.0000000000  0.0000000000  0.0000000000
-182.8406924389  0.0000000000  0.0000000000  0.0000000000  0.0000000000
-181.5840553775  0.0000000000  0.0000000000  0.0000000000  0.0000000000
-180.3274183161  0.0000000000  0.0000000000  0.0000000000  0.0000000000
-179.0707812546  0.0000000000  0.0000000000  0.0000000000  0.0000000000
-177.8141441932  0.0000000000  0.0000000000  0.0000000000  0.0000000000
-176.5575071317  0.0000000000  0.0000000000  0.0000000000  0.0000000000
-175.3008700703  0.0000000000  0.0000000000  0.0000000000  0.0000000000
-174.0442330089  0.0000000000  0.0000000000  0.0000000000  0.0000000000
-172.7875959474  0.0000000000  0.0000000000  0.0000000000  0.0000000000
-171.5309588860  0.0000000000  0.0000000000  0.0000000000  0.0000000000
-170.2743218246  0.0000000000  0.0000000000  0.0000000000  0.0000000000
-169.0176847631  0.0000000000  0.0000000000  0.0000000000  0.0000000000
-167.7610477017  0.0000000000  0.0000000000  0.0000000000  0.0000000000
-166.5044106403  0.0000000000  0.0000000000  0.0000000000  0.0000000000
-165.2477735788  0.0000000000  0.0000000000  -0.7797619210  0.0000000000
-163.9911365174  0.0000000000  0.0000000000  0.0000000000  0.0000000000
-162.7344994560  0.0000000000  0.0000000000  0.0000000000  0.0000000000
-161.4778623945  0.0000000000  0.0000000000  0.0000000000  0.0000000000
-160.2212253331  0.0000000000  0.0000000000  -1.8616921834  0.0000000000
-158.9645882716  0.0000000000  0.0000000000  0.0000000000  0.0000000000
-157.7079512102  0.0000000000  0.0000000000  0.0000000000  0.0000000000
-156.4513141488  0.0000000000  0.0000000000  0.0000000000  0.0000000000
-155.1946770873  0.0000000000  0.0000000000  -2.9859523160  0.0000000000
-153.9380400259  0.0000000000  0.0000000000  0.0000000000  0.0000000000
-152.6814029645  0.0000000000  0.0000000000  0.0000000000  0.0000000000
-151.4247659030  0.0000000000  0.0000000000  0.0000000000  0.0000000000
-150.1681288416  0.0000000000  0.0000000000  -3.6177927121  0.0000000000
-148.9114917802  0.0000000000  0.0000000000  0.0000000000  0.0000000000
-147.6548547187  0.0000000000  0.0000000000  0.0000000000  0.0000000000
-146.3982176573  0.0000000000  0.0000000000  0.0000000000  0.0000000000
-145.1415805958  0.0000000000  0.0000000000  -4.0678214544  0.0000000000
-143.8849435344  0.0000000000  0.0000000000  0.0000000000  0.0000000000
-142.6283064730  0.0000000000  0.0000000000  0.0000000000  0.0000000000
-141.3716694115  0.0000000000  0.0000000000  0.0000000000  0.0000000000
-140.1150323501  0.0000000000  0.0000000000  0.4063755503  0.0000000000
-138.8583952887  0.0000000000  0.0000000000  0.0000000000  0.0000000000
-137.6017582272  0.0000000000  0.0000000000  0.0000000000  0.0000000000
-136.3451211658  0.0000000000  0.0000000000  0.0000000000  0.0000000000
-135.0884841044  0.0000000000  0.0000000000  0.0002723182  0.0000000000
-133.8318470429  0.0000000000  0.0000000000  0.0000000000  0.0000000000
-132.5752099815  0.0000000000  0.0000000000  0.0000000000  0.0000000000
-131.3185729201  0.0000000000  0.0000000000  0.0000000000  0.0000000000
-130.0619358586  0.0000000000  0.0000000000  -0.0000000000  0.0000000000
-128.8052987972  0.0000000000  0.0000000000  0.0000000000  0.0000000000
-127.5486617357  0.0000000000  0.0000000000  -nan  0.0000000000
-126.2920246743  0.0000000000  0.0000000000  0.0000000000  0.0000000000
-125.0353876129  0.0000000000  0.0000000000  0.0000000000  0.0000000000
-123.7787505514  0.0000000000  0.0000000000  0.0000000000  0.0000000000
-122.5221134900  0.0000000000  0.0000000000  0.0000000000  0.0000000000
-121.2654764286  0.0000000000  0.0000000000  0.0000000000  0.0000000000
-120.0088393671  0.0000000000  0.0000000000  -0.3732440395  0.0000000000
-118.7522023057  0.0000000000  0.0000000000  0.0000000000  0.0000000000
-117.4955652443  0.0000000000  0.0000000000  0.0000000000  0.0000000000
-116.2389281828  0.0000000000  0.0000000000  0.0000000000  0.0000000000
-114.9822911214  0.0000000000  0.0000000000  -0.7797619210  0.0000000000
-113.7256540600  0.0000000000  0.0000000000  0.0000000000  0.0000000000
-112.4690169985  0.0000000000  0.0000000000  0.0000000000  0.0000000000
-111.2123799371  0.0000000000  0.0000000000  0.0000000000  0.0000000000
-109.9557428756  0.0000000000  0.0000000000  -1.8616921834  0.0000000000
-108.6991058142  0.0000000000  0.0000000000  0.0000000000  0.0000000000
-107.4424687528  0.0000000000  0.0000000000  0.0000000000  0.0000000000
-106.1858316913  0.0000000000  0.0000000000  0.0000000000  0.0000000000
-104.9291946299  0.0000000000  0.0000000000  -2.9859523160  0.0000000000
-103.6725575685  0.0000000000  0.0000000000  0.0000000000  0.0000000000
-102.4159205070  0.0000000000  0.0000000000  0.0000000000  0.0000000000
-101.1592834456  0.0000000000  0.0000000000  0.0000000000  0.0000000000
-99.9026463842  0.0000000000  0.0000000000  -3.6177927121  0.0000000000
-98.6460093227  0.0000000000  0.0000000000  0.0000000000  0.0000000000
-97.3893722613  0.0000000000  0.0000000000  0.0000000000  0.0000000000
-96.1327351998  0.0000000000  0.0000000000  0.0000000000  0.0000000000
-94.8760981384  0.0000000000  0.0000000000  0.0000000000  0.0000000000
-93.6194610770  0.0000000000  0.0000000000  -9.9946473081  -8.8889255825
-92.3628240155  0.0000000000  0.0000000000  -7.3364921769  -4.5741822689
-91.1061869541  0.0000000000  0.0000000000  -2.9258177311  -1.8341230442
-89.8495498927  0.0000000000  0.0000000000  -0.7638843022  -0.3512750301
-88.5929128312  0.0000000000  0.0000000000  0.0003345432  0.4185250835
-87.3362757698  0.0000000000  0.0000000000  1.1435455672  1.8341230442
-86.0796387084  0.0000000000  0.0000000000  2.6289090731  4.3028608628
-84.8230016469  0.0000000000  0.0000000000  6.3942782745  8.6057217255
-83.5663645855  0.0000000000  0.0000000000  9.9946473081  0.0000000000
-82.3097275241  0.0000000000  0.0000000000  1.0000000000  0.0000000000
-81.0530904626  0.0000000000  0.0000000000  1.0000000000  0.0000000000
-79.7964534012  0.0000000000  0.0000000000  1.0000000000  0.0000000000
-78.5398163397  0.0000000000  0.0000000000  0.9999999999  0.0000000000
-77.2831792783  0.0000000000  0.0000000000  0.9999995567  0.0000000000
-76.0265422169  0.0000000000  0.0000000000  0.9998959584  0.0000000000
-74.7699051554  0.0000000000  0.0000000000  0.9785305605  0.0000000000
-73.5132680940  0.0000000000  0.0000000000  0.8527550919  0.0000000000
-72.2566310326  0.0000000000  0.0000000000  0.4995818210  0.0000000000
-70.9999939711  0.0000000000  0.0000000000  0.1098156605  0.0000000000
-69.7433569097  0.0000000000  0.0000000000  0.0032764013  0.0000000000
-68.4867198483  0.0000000000  0.0000000000  0.0001040416  0.0000000000
-67.2300827868  0.0000000000  0.0000000000  0.0000019561  0.0000000000
-65.9734457254  0.0000000000  0.0000000000  0.0000000005  0.0000000000
-64.7168086639  0.0000000000  0.0000000000  0.0000000000  0.0000000000
-63.4601716025  0.0000000000  0.0000000000  0.0000000000  0.0000000000
-62.2035345411  0.0000000000  0.0000000000  0.0000000000  0.0000000000
-60.9468974796  0.0000000000  0.0000000000  0.0000000000  0.0000000000
-59.6902604182  0.0000000000  0.0000000000  0.0000000000  0.0000000000
-58.4336233568  0.0000000000  0.0000000000  0.0000000000  0.0000000000
-57.1769862953  0.0000000000  0.0000000000  -49.9732365405  -44.4446279127
-55.9203492339  0.0000000000  0.0000000000  -36.6824608846  -22.8709113444
-54.6637121725  0.0000000000  0.0000000000  -14.6290886556  -9.1706152212
-53.4070751110  0.0000000000  0.0000000000  -3.8194215109  -1.7563751504
-52.1504380496  0.0000000000  0.0000000000  0.0016727162  2.0926254177
-50.8938009882  0.0000000000  0.0000000000  5.7177278361  9.1706152212
-49.6371639267  0.0000000000  0.0000000000  13.1445453654  21.5143043139
-48.3805268653  0.0000000000  0.0000000000  31.9713913723  43.0286086277
-47.1238898038  0.0000000000  0.0000000000  49.9732365405  0.0000000000
-45.8672527424  0.0000000000  0.0000000000  -nan  -nan
-44.6106156810  0.0000000000  0.0000000000  -nan  -nan
-43.3539786195  0.0000000000  0.0000000000  0.0000000000  0.0000000000
-42.0973415581  0.0000000000  0.0000000000  0.0000000000  0.0000000000
-40.8407044967  0.0000000000  0.0000000000  0.0000000000  0.0000000000
-39.5840674352  0.0000000000  0.0000000000  0.0000000000  0.0000000000
-38.3274303738  0.0000000000  0.0000000000  0.0000000000  0.0000000000
-37.0707933124  0.0000000000  0.0000000000  0.0000000000  0.0000000000
-35.8141562509  0.0000000000  0.0000000000  0.0000000000  0.0000000000
-34.5575191895  0.0000000000  0.0000000000  0.0000000000  0.0000000000
-33.3008821281  0.0000000000  0.0000000000  6.2543345948  5.8857366633
-32.0442450666  0.0000000000  0.0000000000  5.6178131419  0.0000000000
-30.7876080052  0.0000000000  0.0000000000  0.0000000000  0.0000000000
-29.5309709437  0.0000000000  0.0000000000  0.0000000000  0.0000000000
-28.2743338823  0.0000000000  0.0000000000  0.0000000000  0.0000000000
-27.0176968209  0.0000000000  0.0000000000  0.0000000000  0.0000000000
-25.7610597594  0.0000000000  0.0000000000  0.0000000000  3.1415926536
-24.5044226980  0.0000000000  0.0000000000  0.0000000000  0.0000000000
-23.2477856366  0.0000000000  0.0000000000  -9.9946473081  -8.8889255825
-21.9911485751  0.0000000000  0.0000000000  -7.3364921769  -4.5741822689
-20.7345115137  0.0000000000  0.0000000000  -2.9258177311  -1.8341230442
-19.4778744523  0.0000000000  0.0000000000  -0.7638843022  -0.3512750301
-18.2212373908  0.0000000000  0.0000000000  0.0003345432  0.4185250835
-16.9646003294  0.0000000000  0.0000000000  1.1435455672  1.8341230442
-15.7079632679  0.0000000000  0.0000000000  2.6289090731  4.3028608628
-14.4513262065  0.0000000000  0.0000000000  6.3942782745  8.6057217255
-13.1946891451  0.0000000000  0.0000000000  9.9946473081  0.0000000000
-11.9380520836  0.0000000000  0.0000000000  0.0000000000  0.0000000000
-10.6814150222  0.0000000000  0.0000000000  0.0000000000  0.0000000000
-9.4247779608  0.0000000000  0.0000000000  -nan  -nan
-8.1681408993  0.0000000000  0.0000000000  -nan  -nan
-6.9115038379  0.0000000000  0.0000000000  0.0000000000  0.0000000000
-5.6548667765  0.0000000000  0.0000000000  0.0000000000  0.0000000000
-4.3982297150  0.0000000000  0.0000000000  0.0000000000  0.0000000000
-3.1415926536  0.0000000000  0.0000000000  0.0000000000  0.0000000000
-1.8849555922  0.0000000000  0.0000000000  0.0000000000  0.0000000000
-0.6283185307  0.0000000000  0.0000000000  0.0000000000  0.0000000000
0.6283185307  0.0000000000  0.0000000000  -0.3465691394  -0.3853825088
1.8849555922  0.0000000000  0.0000000000  -0.3030026399  -0.7003640990
3.1415926536  0.0000000000  0.0000000000  -0.2495551177  -0.7467115274
4.3982297150  0.0000000000  0.0000000000  -0.2015284135  -0.7007909636
5.6548667765  0.0000000000  0.0000000000  -0.1627435110  -0.6339656825
6.9115038379  0.0000000000  0.0000000000  -0.1323509508  -0.5688646481
8.1681408993  0.0000000000  0.0000000000  -0.1086738704  -0.5113230291
9.4247779608  0.0000000000  0.0000000000  -0.0901733622  -0.4619645368
10.6814150222  0.0000000000  0.0000000000  -0.0756169234  -0.4199295228
11.9380520836  0.0000000000  0.0000000000  -0.0640614115  -0.3840711844
13.1946891451  0.0000000000  0.0000000000  -0.0547979983  -0.3533197381
14.4513262065  0.0000000000  0.0000000000  -0.0472971380  -0.3267715706
15.7079632679  0.0000000000  0.0000000000  -0.0411630094  -0.3036903565
16.9646003294  0.0000000000  0.0000000000  -0.0360984438  -0.2834835485
18.2212373908  0.0000000000  0.0000000000  -0.0318788380  -0.2656753799
19.4778744523  0.0000000000  0.0000000000  -0.0283330691  -0.2498828439
20.7345115137  0.0000000000  0.0000000000  -0.0253296233  -0.2357960513
21.9911485751  0.0000000000  0.0000000000  -0.0227665200  -0.2231627113
23.2477856366  0.0000000000  0.0000000000  -0.0205639707  -0.2117760446
24.5044226980  0.0000000000  0.0000000000  -0.0186590011  -0.2014654098
25.7610597594  0.0000000000  0.0000000000  -0.0170014854  -0.1920890321
27.0176968209  0.0000000000  0.0000000000  -0.0155511993  -0.1835283420
28.2743338823  0.0000000000  0.0000000000  -0.0142756128  -0.1756835482
29.5309709437  0.0000000000  0.0000000000  -0.0131482240  -0.1684701539
30.7876080052  0.0000000000  0.0000000000  -0.0121472898  -0.1618162008
32.0442450666  0.0000000000  0.0000000000  -0.0112548535  -0.1556600724
33.3008821281  0.0000000000  0.0000000000  -0.0104559915  -0.1499487351
34.5575191895  0.0000000000  0.0000000000  -0.0097382274  -0.1446363186
35.8141562509  0.0000000000  0.0000000000  -0.0090910718  -0.1396829640
37.0707933124  0.0000000000  0.0000000000  -0.0085056590  -0.1350538845
38.3274303738  0.0000000000  0.0000000000  -0.0079744575  -0.1307185936
39.5840674352  0.0000000000  0.0000000000  -0.0074910389  -0.1266502687
40.8407044967  0.0000000000  0.0000000000  -0.0070498912  -0.1228252224
42.0973415581  0.0000000000  0.0000000000  -0.0066462681  -0.1192224625
43.3539786195  0.0000000000  0.0000000000  -0.0062760655  -0.1158233231
44.6106156810  0.0000000000  0.0000000000  -0.0059357212  -0.1126111534
45.8672527424  0.0000000000  0.0000000000  -0.0056221318  -0.1095710558
47.1238898038  0.0000000000  0.0000000000  -0.0053325838  -0.1066896625
48.3805268653  0.0000000000  0.0000000000  -0.0050646972  -0.1039549457
49.6371639267  0.0000000000  0.0000000000  -0.0048163773  -0.1013560550
50.8938009882  0.0000000000  0.0000000000  -0.0045857753  -0.0988831776
52.1504380496  0.0000000000  0.0000000000  -0.0043712542  -0.0965274182
53.4070751110  0.0000000000  0.0000000000  -0.0041713610  -0.0942806947
54.6637121725  0.0000000000  0.0000000000  -0.0039848022  -0.0921356476
55.9203492339  0.0000000000  0.0000000000  -0.0038104234  -0.0900855620
57.1769862953  0.0000000000  0.0000000000  -0.0036471920  -0.0881242986
58.4336233568  0.0000000000  0.0000000000  -0.0034941820  -0.0862462336
59.6902604182  0.0000000000  0.0000000000  -0.0033505612  -0.0844462061
60.9468974796  0.0000000000  0.0000000000  -0.0032155799  -0.0827194713
62.2035345411  0.0000000000  0.0000000000  -0.0030885617  -0.0810616602
63.4601716025  0.0000000000  0.0000000000  -0.0029688948  -0.0794687426
64.7168086639  0.0000000000  0.0000000000  -0.0028560246  -0.0779369955
65.9734457254  0.0000000000  0.0000000000  -0.0027494479  -0.0764629742
67.2300827868  0.0000000000  0.0000000000  -0.0026487069  -0.0750434871
68.4867198483  0.0000000000  0.0000000000  -0.0025533847  -0.0736755726
69.7433569097  0.0000000000  0.0000000000  -0.0024631007  -0.0723564793
70.9999939711  0.0000000000  0.0000000000  -0.0023775072  -0.0710836473
72.2566310326  0.0000000000  0.0000000000  -0.0022962857  -0.0698546921
73.5132680940  0.0000000000  0.0000000000  -0.0022191443  -0.0686673899
74.7699051554  0.0000000000  0.0000000000  -0.0021458150  -0.0675196641
76.0265422169  0.0000000000  0.0000000000  -0.0020760514  -0.0664095737
77.2831792783  0.0000000000  0.0000000000  -0.0020096267  -0.0653353021
78.5398163397  0.0000000000  0.0000000000  -0.0019463315  -0.0642951476
79.7964534012  0.0000000000  0.0000000000  -0.0018859729  -0.0632875143
81.0530904626  0.0000000000  0.0000000000  -0.0018283725  -0.0623109039
82.3097275241  0.0000000000  0.0000000000  -0.0017733650  -0.0613639088
83.5663645855  0.0000000000  0.0000000000  -0.0017207975  -0.0604452048
84.8230016469  0.0000000000  0.0000000000  -0.0016705281  -0.0595535457
86.0796387084  0.0000000000  0.0000000000  -0.0016224251  -0.0586877570
87.3362757698  0.0000000000  0.0000000000  -0.0015763660  -0.0578467312
88.5929128312  0.0000000000  0.0000000000  -0.0015322369  -0.0570294228
89.8495498927  0.0000000000  0.0000000000  -0.0014899316  -0.0562348446
91.1061869541  0.0000000000  0.0000000000  -0.0014493511  -0.0554620630
92.3628240155  0.0000000000  0.0000000000  -0.0014104033  -0.0547101949
93.6194610770  0.0000000000  0.0000000000  -0.0013730017  -0.0539784041
94.8760981384  0.0000000000  0.0000000000  -0.0013370657  -0.0532658985
96.1327351998  0.0000000000  0.0000000000  -0.0013025200  -0.0525719269
97.3893722613  0.0000000000  0.0000000000  -0.0012692938  -0.0518957765
98.6460093227  0.0000000000  0.0000000000  -0.0012373209  -0.0512367707
99.9026463842  0.0000000000  0.0000000000  -0.0012065390  -0.0505942665
101.1592834456  0.0000000000  0.0000000000  -0.0011768900  -0.0499676527
102.4159205070  0.0000000000  0.0000000000  -0.0011483189  -0.0493563480
103.6725575685  0.0000000000  0.0000000000  -0.0011207743  -0.0487597987
104.9291946299  0.0000000000  0.0000000000  -0.0010942075  -0.0481774778
106.1858316913  0.0000000000  0.0000000000  -0.0010685729  -0.0476088830
107.4424687528  0.0000000000  0.0000000000  -0.0010438275  -0.0470535352
108.6991058142  0.0000000000  0.0000000000  -0.0010199307  -0.0465109774
109.9557428756  0.0000000000  0.0000000000  -0.0009968441  -0.0459807733
111.2123799371  0.0000000000  0.0000000000  -0.0009745316  -0.0454625063
112.4690169985  0.0000000000  0.0000000000  -0.0009529589  -0.0449557783
113.7256540600  0.0000000000  0.0000000000  -0.0009320939  -0.0444602085
114.9822911214  0.0000000000  0.0000000000  -0.0009119059  -0.0439754329
116.2389281828  0.0000000000  0.0000000000  -0.0008923660  -0.0435011030
117.4955652443  0.0000000000  0.0000000000  -0.0008734467  -0.0430368851
118.7522023057  0.0000000000  0.0000000000  -0.0008551221  -0.0425824597
120.0088393671  0.0000000000  0.0000000000  -0.0008373675  -0.0421375204
121.2654764286  0.0000000000  0.0000000000  -0.0008201596  -0.0417017735
122.5221134900  0.0000000000  0.0000000000  -0.0008034762  -0.0412749375
123.7787505514  0.0000000000  0.0000000000  -0.0007872961  -0.0408567421
125.0353876129  0.0000000000  0.0000000000  -0.0007715995  -0.0404469276
126.2920246743  0.0000000000  0.0000000000  -0.0007563671  -0.0400452450
127.5486617357  0.0000000000  0.0000000000  -0.0007415810  -0.0396514548
128.8052987972  0.0000000000  0.0000000000  -0.0007272238  -0.0392653269
130.0619358586  0.0000000000  0.0000000000  -0.0007132792  -0.0388866400
131.3185729201  0.0000000000  0.0000000000  -0.0006997315  -0.0385151812
132.5752099815  0.0000000000  0.0000000000  -0.0006865657  -0.0381507457
133.8318470429  0.0000000000  0.0000000000  -0.0006737678  -0.0377931364
135.0884841044  0.0000000000  0.0000000000  -0.0006613241  -0.0374421635
136.3451211658  0.0000000000  0.0000000000  -0.0006492216  -0.0370976440
137.6017582272  0.0000000000  0.0000000000  -0.0006374481  -0.0367594017
138.8583952887  0.0000000000  0.0000000000  -0.0006259917  -0.0364272667
140.1150323501  0.0000000000  0.0000000000  -0.0006148411  -0.0361010753
141.3716694115  0.0000000000  0.0000000000  -0.0006039857  -0.0357806694
142.6283064730  0.0000000000  0.0000000000  -0.0005934149  -0.0354658966
143.8849435344  0.0000000000  0.0000000000  -0.0005831191  -0.0351566098
145.1415805958  0.0000000000  0.0000000000  -0.0005730887  -0.0348526668
146.3982176573  0.0000000000  0.0000000000  -0.0005633146  -0.0345539304
147.6548547187  0.0000000000  0.0000000000  -0.0005537884  -0.0342602682
148.9114917802  0.0000000000  0.0000000000  -0.0005445016  -0.0339715519
150.1681288416  0.0000000000  0.0000000000  -0.0005354462  -0.0336876578
151.4247659030  0.0000000000  0.0000000000  -0.0005266148  -0.0334084661
152.6814029645  0.0000000000  0.0000000000  -0.0005179999  -0.0331338611
153.9380400259  0.0000000000  0.0000000000  -0.0005095946  -0.0328637306
155.1946770873  0.0000000000  0.0000000000  -0.0005013920  -0.0325979664
156.4513141488  0.0000000000  0.0000000000  -0.0004933858  -0.0323364634
157.7079512102  0.0000000000  0.0000000000  -0.0004855697  -0.0320791200
158.9645882716  0.0000000000  0.0000000000  -0.0004779377  -0.0318258379
160.2212253331  0.0000000000  0.0000000000  -0.0004704842  -0.0315765217
161.4778623945  0.0000000000  0.0000000000  -0.0004632036  -0.0313310790
162.7344994560  0.0000000000  0.0000000000  -0.0004560906  -0.0310894203
163.9911365174  0.0000000000  0.0000000000  -0.0004491400  -0.0308514588
165.2477735788  0.0000000000  0.0000000000  -0.0004423471  -0.0306171104
166.5044106403  0.0000000000  0.0000000000  -0.0004357070  -0.0303862934
167.7610477017  0.0000000000  0.0000000000  -0.0004292152  -0.0301589287
169.0176847631  0.0000000000  0.0000000000  -0.0004228674  -0.0299349395
170.2743218246  0.0000000000  0.0000000000  -0.0004166593  -0.0297142510
171.5309588860  0.0000000000  0.0000000000  -0.0004105868  -0.0294967910
172.7875959474  0.0000000000  0.0000000000  -0.0004046460  -0.0292824892
174.0442330089  0.0000000000  0.0000000000  -0.0003988332  -0.0290712773
175.3008700703  0.0000000000  0.0000000000  -0.0003931447  -0.0288630889
176.5575071317  0.0000000000  0.0000000000  -0.0003875769  -0.0286578597
177.8141441932  0.0000000000  0.0000000000  -0.0003821265  -0.0284555271
179.0707812546  0.0000000000  0.0000000000  -0.0003767903  -0.0282560300
180.3274183161  0.0000000000  0.0000000000  -0.0003715650  -0.0280593095
181.5840553775  0.0000000000  0.0000000000  -0.0003664476  -0.0278653080
182.8406924389  0.0000000000  0.0000000000  -0.0003614351  -0.0276739695
184.0973295004  0.0000000000  0.0000000000  -0.0003565247  -0.0274852395
185.3539665618  0.0000000000  0.0000000000  -0.0003517137  -0.0272990651
186.6106036232  0.0000000000  0.0000000000  -0.0003469994  -0.0271153949
187.8672406847  0.0000000000  0.0000000000  -0.0003423791  -0.0269341785
189.1238777461  0.0000000000  0.0000000000  -0.0003378505  -0.0267553672
190.3805148075  0.0000000000  0.0000000000  -0.0003334111  -0.0265789135
191.6371518690  0.0000000000  0.0000000000  -0.0003290586  -0.0264047710
192.8937889304  0.0000000000  0.0000000000  -0.0003247908  -0.0262328946
194.1504259918  0.0000000000  0.0000000000  -0.0003206054  -0.0260632405
195.4070630533  0.0000000000  0.0000000000  -0.0003165003  -0.0258957658
196.6637001147  0.0000000000  0.0000000000  -0.0003124736  -0.0257304287
197.9203371762  0.0000000000  0.0000000000  -0.0003085232  -0.0255671888
199.1769742376  0.0000000000  0.0000000000  -0.0003046472  -0.0254060062
200.4336112990  0.0000000000  0.0000000000  -0.0003008437  -0.0252468424
201.6902483605  0.0000000000  0.0000000000  -0.0002971110  -0.0250896597
202.9468854219  0.0000000000  0.0000000000  -0.0002934474  -0.0249344214
204.2035224833  0.0000000000  0.0000000000  -0.0002898510  -0.0247810915
205.4601595448  0.0000000000  0.0000000000  -0.0002863204  -0.0246296352
206.7167966062  0.0000000000  0.0000000000  -0.0002828538  -0.0244800184
207.9734336676  0.0000000000  0.0000000000  -0.0002794498  -0.0243322077
209.2300707291  0.0000000000  0.0000000000  -0.0002761068  -0.0241861706
210.4867077905  0.0000000000  0.0000000000  -0.0002728235  -0.0240418754
211.7433448520  0.0000000000  0.0000000000  -0.0002695983  -0.0238992912
212.9999819134  0.0000000000  0.0000000000  -0.0002664300  -0.0237583876
214.2566189748  0.0000000000  0.0000000000  -0.0002633172  -0.0236191353
215.5132560363  0.0000000000  0.0000000000  -0.0002602586  -0.0234815052
216.7698930977  0.0000000000  0.0000000000  -0.0002572530  -0.0233454693
218.0265301591  0.0000000000  0.0000000000  -0.0002542991  -0.0232110000
219.2831672206  0.0000000000  0.0000000000  -0.0002513958  -0.0230780704
220.5398042820  0.0000000000  0.0000000000  -0.0002485419  -0.0229466543
221.7964413434  0.0000000000  0.0000000000  -0.0002457363  -0.0228167259
223.0530784049  0.0000000000  0.0000000000  -0.0002429780  -0.0226882601
224.3097154663  0.0000000000  0.0000000000  -0.0002402658  -0.0225612324
225.5663525277  0.0000000000  0.0000000000  -0.0002375987  -0.0224356188
226.8229895892  0.0000000000  0.0000000000  -0.0002349758  -0.0223113958
228.0796266506  0.0000000000  0.0000000000  -0.0002323961  -0.0221885404
229.3362637121  0.0000000000  0.0000000000  -0.0002298586  -0.0220670301
230.5929007735  0.0000000000  0.0000000000  -0.0002273625  -0.0219468431
231.8495378349  0.0000000000  0.0000000000  -0.0002249067  -0.0218279578
233.1061748964  0.0000000000  0.0000000000  -0.0002224906  -0.0217103532
234.3628119578  0.0000000000  0.0000000000  -0.0002201131  -0.0215940088
235.6194490192  0.0000000000  0.0000000000  -0.0002177736  -0.0214789043
236.8760860807  0.0000000000  0.0000000000  -0.0002154711  -0.0213650200
238.1327231421  0.0000000000  0.0000000000  -0.0002132049  -0.0212523368
239.3893602035  0.0000000000  0.0000000000  -0.0002109743  -0.0211408356
240.6459972650  0.0000000000  0.0000000000  -0.0002087785  -0.0210304980
241.9026343264  0.0000000000  0.0000000000  -0.0002066169  -0.0209213058
243.1592713878  0.0000000000  0.0000000000  -0.0002044885  -0.0208132414
244.4159084493  0.0000000000  0.0000000000  -0.0002023930  -0.0207062873
245.6725455107  0.0000000000  0.0000000000  -0.0002003294  -0.0206004266
246.9291825722  0.0000000000  0.0000000000  -0.0001982972  -0.0204956425
248.1858196336  0.0000000000  0.0000000000  -0.0001962958  -0.0203919187
249.4424566950  0.0000000000  0.0000000000  -0.0001943246  -0.0202892392
250.6990937565  0.0000000000  0.0000000000  -0.0001923828  -0.0201875883
251.9557308179  0.0000000000  0.0000000000  -0.0001904701  -0.0200869506
253.2123678793  0.0000000000  0.0000000000  -0.0001885857  -0.0199873112
254.4690049408  0.0000000000  0.0000000000  -0.0001867291  -0.0198886551
255.7256420022  0.0000000000  0.0000000000  -0.0001848998  -0.0197909679
256.9822790636  0.0000000000  0.0000000000  -0.0001830972  -0.0196942354
258.2389161251  0.0000000000  0.0000000000  -0.0001813209  -0.0195984438
259.4955531865  0.0000000000  0.0000000000  -0.0001795703  -0.0195035792
260.7521902480  0.0000000000  0.0000000000  -0.0001778449  -0.0194096284
262.0088273094  0.0000000000  0.0000000000  -0.0001761442  -0.0193165782
263.2654643708  0.0000000000  0.0000000000  -0.0001744678  -0.0192244157
264.5221014323  0.0000000000  0.0000000000  -0.0001728153  -0.0191331283
265.7787384937  0.0000000000  0.0000000000  -0.0001711861  -0.0190427035
267.0353755551  0.0000000000  0.0000000000  -0.0001695798  -0.0189531293
268.2920126166  0.0000000000  0.0000000000  -0.0001679960  -0.0188643936
269.5486496780  0.0000000000  0.0000000000  -0.0001664343  -0.0187764848
270.8052867394  0.0000000000  0.0000000000  -0.0001648943  -0.0186893913
272.0619238009  0.0000000000  0.0000000000  -0.0001633755  -0.0186031019
273.3185608623  0.0000000000  0.0000000000  -0.0001618777  -0.0185176055
274.5751979237  0.0000000000  0.0000000000  -0.0001604003  -0.0184328911
275.8318349852  0.0000000000  0.0000000000  -0.0001589431  -0.0183489482
277.0884720466  0.0000000000  0.0000000000  -0.0001575056  -0.0182657662
278.3451091081  0.0000000000  0.0000000000  -0.0001560875  -0.0181833349
279.6017461695  0.0000000000  0.0000000000  -0.0001546885  -0.0181016440
280.8583832309  0.0000000000  0.0000000000  -0.0001533082  -0.0180206838
282.1150202924  0.0000000000  0.0000000000  -0.0001519463  -0.0179404443
283.3716573538  0.0000000000  0.0000000000  -0.0001506025  -0.0178609162
284.6282944152  0.0000000000  0.0000000000  -0.0001492764  -0.0177820898
285.8849314767  0.0000000000  0.0000000000  -0.0001479677  -0.0177039561
287.1415685381  0.0000000000  0.0000000000  -0.0001466762  -0.0176265058
288.3982055995  0.0000000000  0.0000000000  -0.0001454015  -0.0175497302
289.6548426610  0.0000000000  0.0000000000  -0.0001441434  -0.0174736203
290.9114797224  0.0000000000  0.0000000000  -0.0001429015  -0.0173981676
292.1681167839  0.0000000000  0.0000000000  -0.0001416755  -0.0173233636
293.4247538453  0.0000000000  0.0000000000  -0.0001404653  -0.0172492000
294.6813909067  0.0000000000  0.0000000000  -0.0001392706  -0.0171756686
295.9380279682  0.0000000000  0.0000000000  -0.0001380910  -0.0171027613
297.1946650296  0.0000000000  0.0000000000  -0.0001369263  -0.0170304703
298.4513020910  0.0000000000  0.0000000000  -0.0001357763  -0.0169587877
299.7079391525  0.0000000000  0.0000000000  -0.0001346407  -0.0168877059
300.9645762139  0.0000000000  0.0000000000  -0.0001335193  -0.0168172174
302.2212132753  0.0000000000  0.0000000000  -0.0001324119  -0.0167473148
303.4778503368  0.0000000000  0.0000000000  -0.0001313181  -0.0166779908
304.7344873982  0.0000000000  0.0000000000  -0.0001302379  -0.0166092382
305.9911244596  0.0000000000  0.0000000000  -0.0001291709  -0.0165410501
307.2477615211  0.0000000000  0.0000000000  -0.0001281170  -0.0164734195
308.5043985825  0.0000000000  0.0000000000  -0.0001270759  -0.0164063396
309.7610356440  0.0000000000  0.0000000000  -0.0001260475  -0.0163398037
311.0176727054  0.0000000000  0.0000000000  -0.0001250315  -0.0162738051
312.2743097668  0.0000000000  0.0000000000  -0.0001240278  -0.0162083376
313.5309468283  0.0000000000  0.0000000000  -0.0001230360  -0.0161433945
314.7875838897  0.0000000000  0.0000000000  -0.0001220562  -0.0160789697
316.0442209511  0.0000000000  0.0000000000  -0.0001210879  -0.0160150570
317.3008580126  0.0000000000  0.0000000000  -0.0001201312  -0.0159516504
318.5574950740  0.0000000000  0.0000000000  -0.0001191857  -0.0158887437
319.8141321354  0.0000000000  0.0000000000  -0.0001182514  -0.0158263312
321.0707691969  0.0000000000  0.0000000000  -0.0001173280  -0.0157644070
322.3274062583  0.0000000000  0.0000000000  -0.0001164154  -0.0157029654
323.5840433197  0.0000000000  0.0000000000  -0.0001155133  -0.0156420009
324.8406803812  0.0000000000  0.0000000000  -0.0001146218  -0.0155815078
326.0973174426  0.0000000000  0.0000000000  -0.0001137405  -0.0155214807
327.3539545041  0.0000000000  0.0000000000  -0.0001128693  -0.0154619143
328.6105915655  0.0000000000  0.0000000000  -0.0001120081  -0.0154028033
329.8672286269  0.0000000000  0.0000000000  -0.0001111567  -0.0153441425
331.1238656884  0.0000000000  0.0000000000  -0.0001103150  -0.0152859267
332.3805027498  0.0000000000  0.0000000000  -0.0001094828  -0.0152281509
333.6371398112  0.0000000000  0.0000000000  -0.0001086600  -0.0151708102
334.8937768727  0.0000000000  0.0000000000  -0.0001078464  -0.0151138996
336.1504139341  0.0000000000  0.0000000000  -0.0001070419  -0.0150574144
337.4070509955  0.0000000000  0.0000000000  -0.0001062464  -0.0150013497
338.6636880570  0.0000000000  0.0000000000  -0.0001054597  -0.0149457009
339.9203251184  0.0000000000  0.0000000000  -0.0001046818  -0.0148904634
341.1769621799  0.0000000000  0.0000000000  -0.0001039124  -0.0148356327
342.4335992413  0.0000000000  0.0000000000  -0.0001031514  -0.0147812042
343.6902363027  0.0000000000  0.0000000000  -0.0001023988  -0.0147271736
344.9468733642  0.0000000000  0.0000000000  -0.0001016544  -0.0146735365
346.2035104256  0.0000000000  0.0000000000  -0.0001009181  -0.0146202886
347.4601474870  0.0000000000  0.0000000000  -0.0001001897  -0.0145674257
348.7167845485  0.0000000000  0.0000000000  -0.0000994692  -0.0145149437
349.9734216099  0.0000000000  0.0000000000  -0.0000987565  -0.0144628385
351.2300586713  0.0000000000  0.0000000000  -0.0000980513  -0.0144111059
352.4866957328  0.0000000000  0.0000000000  -0.0000973537  -0.0143597421
353.7433327942  0.0000000000  0.0000000000  -0.0000966636  -0.0143087430
354.9999698556  0.0000000000  0.0000000000  -0.0000959807  -0.0142581049
356.2566069171  0.0000000000  0.0000000000  -0.0000953050  -0.0142078239
357.5132439785  0.0000000000  0.0000000000  -0.0000946365  -0.0141578962
358.7698810400  0.0000000000  0.0000000000  -0.0000939749  -0.0141083182
360.0265181014  0.0000000000  0.0000000000  -0.0000933203  -0.0140590861
361.2831551628  0.0000000000  0.0000000000  -0.0000926725  -0.0140101964
362.5397922243  0.0000000000  0.0000000000  -0.0000920314  -0.0139616455
363.7964292857  0.0000000000  0.0000000000  -0.0000913969  -0.0139134299
365.0530663471  0.0000000000  0.0000000000  -0.0000907690  -0.0138655462
366.3097034086  0.0000000000  0.0000000000  -0.0000901475  -0.0138179908
367.5663404700  0.0000000000  0.0000000000  -0.0000895324  -0.0137707605
368.8229775314  0.0000000000  0.0000000000  -0.0000889236  -0.0137238520
370.0796145929  0.0000000000  0.0000000000  -0.0000883209  -0.0136772619
371.3362516543  0.0000000000  0.0000000000  -0.0000877244  -0.0136309870
372.5928887157  0.0000000000  0.0000000000  -0.0000871338  -0.0135850242
373.8495257772  0.0000000000  0.0000000000  -0.0000865492  -0.0135393702
375.1061628386  0.0000000000  0.0000000000  -0.0000859705  -0.0134940221
376.3627999001  0.0000000000  0.0000000000  -0.0000853976  -0.0134489766
377.6194369615  0.0000000000  0.0000000000  -0.0000848304  -0.0134042309
378.8760740229  0.0000000000  0.0000000000  -0.0000842688  -0.0133597819
380.1327110844  0.0000000000  0.0000000000  -0.0000837127  -0.0133156267
381.3893481458  0.0000000000  0.0000000000  -0.0000831622  -0.0132717624
382.6459852072  0.0000000000  0.0000000000  -0.0000826170  -0.0132281861
383.9026222687  0.0000000000  0.0000000000  -0.0000820772  -0.0131848949
385.1592593301  0.0000000000  0.0000000000  -0.0000815427  -0.0131418862
386.4158963915  0.0000000000  0.0000000000  -0.0000810134  -0.0130991571
387.6725334530  0.0000000000  0.0000000000  -0.0000804892  -0.0130567050
388.9291705144  0.0000000000  0.0000000000  -0.0000799701  -0.0130145271
390.1858075759  0.0000000000  0.0000000000  -0.0000794560  -0.0129726207
391.4424446373  0.0000000000  0.0000000000  -0.0000789468  -0.0129309834
392.6990816987  0.0000000000  0.0000000000  -0.0000784425  -0.0128896125
393.9557187602  0.0000000000  0.0000000000  -0.0000779430  -0.0128485054
395.2123558216  0.0000000000  0.0000000000  -0.0000774483  -0.0128076596
396.4689928830  0.0000000000  0.0000000000  -0.0000769583  -0.0127670727
397.7256299445  0.0000000000  0.0000000000  -0.0000764729  -0.0127267422
398.9822670059  0.0000000000  0.0000000000  -0.0000759921  -0.0126866657
400.2389040673  0.0000000000  0.0000000000  -0.0000755158  -0.0126468408
401.4955411288  0.0000000000  0.0000000000  -0.0000750439  -0.0126072651
402.7521781902  0.0000000000  0.0000000000  -0.0000745765  -0.0125679363
404.0088152516  0.0000000000  0.0000000000  -0.0000741134  -0.0125288520
405.2654523131  0.0000000000  0.0000000000  -0.0000736547  -0.0124900101
406.5220893745  0.0000000000  0.0000000000  -0.0000732002  -0.0124514083
407.7787264360  0.0000000000  0.0000000000  -0.0000727498  -0.0124130443
409.0353634974  0.0000000000  0.0000000000  -0.0000723036  -0.0123749159
410.2920005588  0.0000000000  0.0000000000  -0.0000718615  -0.0123370211
411.5486376203  0.0000000000  0.0000000000  -0.0000714235  -0.0122993576
412.8052746817  0.0000000000  0.0000000000  -0.0000709894  -0.0122619234
414.0619117431  0.0000000000  0.0000000000  -0.0000705593  -0.0122247163
415.3185488046  0.0000000000  0.0000000000  -0.0000701331  -0.0121877343
416.5751858660  0.0000000000  0.0000000000  -0.0000697107  -0.0121509754
417.8318229274  0.0000000000  0.0000000000  -0.0000692922  -0.0121144375
419.0884599889  0.0000000000  0.0000000000  -0.0000688774  -0.0120781187
420.3450970503  0.0000000000  0.0000000000  -0.0000684663  -0.0120420169
421.6017341118  0.0000000000  0.0000000000  -0.0000680588  -0.0120061304
422.8583711732  0.0000000000  0.0000000000  -0.0000676550  -0.0119704570
424.1150082346  0.0000000000  0.0000000000  -0.0000672548  -0.0119349951
425.3716452961  0.0000000000  0.0000000000  -0.0000668581  -0.0118997425
426.6282823575  0.0000000000  0.0000000000  -0.0000664650  -0.0118646976
427.8849194189  0.0000000000  0.0000000000  -0.0000660752  -0.0118298585
429.1415564804  0.0000000000  0.0000000000  -0.0000656889  -0.0117952234
430.3981935418  0.0000000000  0.0000000000  -0.0000653060  -0.0117607905
431.6548306032  0.0000000000  0.0000000000  -0.0000649264  -0.0117265580
432.9114676647  0.0000000000  0.0000000000  -0.0000645501  -0.0116925242
434.1681047261  0.0000000000  0.0000000000  -0.0000641771  -0.0116586874
435.4247417875  0.0000000000  0.0000000000  -0.0000638073  -0.0116250458
436.6813788490  0.0000000000  0.0000000000  -0.0000634407  -0.0115915978
437.9380159104  0.0000000000  0.0000000000  -0.0000630772  -0.0115583417
439.1946529719  0.0000000000  0.0000000000  -0.0000627169  -0.0115252759
440.4512900333  0.0000000000  0.0000000000  -0.0000623596  -0.0114923987
441.7079270947  0.0000000000  0.0000000000  -0.0000620054  -0.0114597085
442.9645641562  0.0000000000  0.0000000000  -0.0000616542  -0.0114272038
444.2212012176  0.0000000000  0.0000000000  -0.0000613059  -0.0113948829
445.4778382790  0.0000000000  0.0000000000  -0.0000609606  -0.0113627443
446.7344753405  0.0000000000  0.0000000000  -0.0000606182  -0.0113307865
447.9911124019  0.0000000000  0.0000000000  -0.0000602787  -0.0112990079
449.2477494633  0.0000000000  0.0000000000  -0.0000599421  -0.0112674071
450.5043865248  0.0000000000  0.0000000000  -0.0000596082  -0.0112359825
451.7610235862  0.0000000000  0.0000000000  -0.0000592771  -0.0112047328
453.0176606476  0.0000000000  0.0000000000  -0.0000589488  -0.0111736563
454.2742977091  0.0000000000  0.0000000000  -0.0000586232  -0.0111427517
455.5309347705  0.0000000000  0.0000000000  -0.0000583003  -0.0111120176
456.7875718320  0.0000000000  0.0000000000  -0.0000579800  -0.0110814526
458.0442088934  0.0000000000  0.0000000000  -0.0000576624  -0.0110510553
459.3008459548  0.0000000000  0.0000000000  -0.0000573474  -0.0110208242
460.5574830163  0.0000000000  0.0000000000  -0.0000570349  -0.0109907581
461.8141200777  0.0000000000  0.0000000000  -0.0000567250  -0.0109608555
463.0707571391  0.0000000000  0.0000000000  -0.0000564176  -0.0109311153
464.3273942006  0.0000000000  0.0000000000  -0.0000561128  -0.0109015359
465.5840312620  0.0000000000  0.0000000000  -0.0000558103  -0.0108721162
466.8406683234  0.0000000000  0.0000000000  -0.0000555103  -0.0108428549
468.0973053849  0.0000000000  0.0000000000  -0.0000552128  -0.0108137506
469.3539424463  0.0000000000  0.0000000000  -0.0000549176  -0.0107848022
470.6105795078  0.0000000000  0.0000000000  -0.0000546247  -0.0107560083
471.8672165692  0.0000000000  0.0000000000  -0.0000543343  -0.0107273677
473.1238536306  0.0000000000  0.0000000000  -0.0000540461  -0.0106988793
474.3804906921  0.0000000000  0.0000000000  -0.0000537602  -0.0106705417
475.6371277535  0.0000000000  0.0000000000  -0.0000534765  -0.0106423539
476.8937648149  0.0000000000  0.0000000000  -0.0000531951  -0.0106143146
478.1504018764  0.0000000000  0.0000000000  -0.0000529160  -0.0105864226
479.4070389378  0.0000000000  0.0000000000  -0.0000526390  -0.0105586768
480.6636759992  0.0000000000  0.0000000000  -0.0000523642  -0.0105310761
481.9203130607  0.0000000000  0.0000000000  -0.0000520915  -0.0105036193
483.1769501221  0.0000000000  0.0000000000  -0.0000518209  -0.0104763052
484.4335871835  0.0000000000  0.0000000000  -0.0000515525  -0.0104491329
485.6902242450  0.0000000000  0.0000000000  -0.0000512861  -0.0104221011
486.9468613064  0.0000000000  0.0000000000  -0.0000510218  -0.0103952089
488.2034983679  0.0000000000  0.0000000000  -0.0000507596  -0.0103684550
489.4601354293  0.0000000000  0.0000000000  -0.0000504993  -0.0103418385
490.7167724907  0.0000000000  0.0000000000  -0.0000502410  -0.0103153583
491.9734095522  0.0000000000  0.0000000000  -0.0000499848  -0.0102890133
493.2300466136  0.0000000000  0.0000000000  -0.0000497304  -0.0102628026
494.4866836750  0.0000000000  0.0000000000  -0.0000494781  -0.0102367250
495.7433207365  0.0000000000  0.0000000000  -0.0000492276  -0.0102107796
496.9999577979  0.0000000000  0.0000000000  -0.0000489790  -0.0101849654
498.2565948593  0.0000000000  0.0000000000  -0.0000487323  -0.0101592814
499.5132319208  0.0000000000  0.0000000000  -0.0000484875  -0.0101337266
500.7698689822  0.0000000000  0.0000000000  -0.0000482445  -0.0101083000
502.0265060436  0.0000000000  0.0000000000  -0.0000480033  -0.0100830007
503.2831431051  0.0000000000  0.0000000000  -0.0000477639  -0.0100578277
504.5397801665  0.0000000000  0.0000000000  -0.0000475263  -0.0100327801
505.7964172280  0.0000000000  0.0000000000  -0.0000472905  -0.0100078569
507.0530542894  0.0000000000  0.0000000000  -0.0000470565  -0.0099830573
508.3096913508  0.0000000000  0.0000000000  -0.0000468241  -0.0099583802
509.5663284123  0.0000000000  0.0000000000  -0.0000465935  -0.0099338248
510.8229654737  0.0000000000  0.0000000000  -0.0000463646  -0.0099093902
512.0796025351  0.0000000000  0.0000000000  -0.0000461374  -0.0098850755
513.3362395966  0.0000000000  0.0000000000  -0.0000459118  -0.0098608799
514.5928766580  0.0000000000  0.0000000000  -0.0000456879  -0.0098368024
515.8495137194  0.0000000000  0.0000000000  -0.0000454656  -0.0098128421
517.1061507809  0.0000000000  0.0000000000  -0.0000452449  -0.0097889984
518.3627878423  0.0000000000  0.0000000000  -0.0000450259  -0.0097652702
519.6194249038  0.0000000000  0.0000000000  -0.0000448084  -0.0097416567
520.8760619652  0.0000000000  0.0000000000  -0.0000445925  -0.0097181572
522.1326990266  0.0000000000  0.0000000000  -0.0000443781  -0.0096947707
523.3893360881  0.0000000000  0.0000000000  -0.0000441653  -0.0096714966
524.6459731495  0.0000000000  0.0000000000  -0.0000439540  -0.0096483339
525.9026102109  0.0000000000  0.0000000000  -0.0000437443  -0.0096252819
527.1592472724  0.0000000000  0.0000000000  -0.0000435360  -0.0096023397
528.4158843338  0.0000000000  0.0000000000  -0.0000433292  -0.0095795067
529.6725213952  0.0000000000  0.0000000000  -0.0000431239  -0.0095567820
530.9291584567  0.0000000000  0.0000000000  -0.0000429200  -0.0095341649
532.1857955181  0.0000000000  0.0000000000  -0.0000427176  -0.0095116545
533.4424325795  0.0000000000  0.0000000000  -0.0000425166  -0.0094892502
534.6990696410  0.0000000000  0.0000000000  -0.0000423171  -0.0094669512
535.9557067024  0.0000000000  0.0000000000  -0.0000421189  -0.0094447567
537.2123437639  0.0000000000  0.0000000000  -0.0000419221  -0.0094226660
538.4689808253  0.0000000000  0.0000000000  -0.0000417267  -0.0094006785
539.7256178867  0.0000000000  0.0000000000  -0.0000415326  -0.0093787933
540.9822549482  0.0000000000  0.0000000000  -0.0000413400  -0.0093570097
542.2388920096  0.0000000000  0.0000000000  -0.0000411486  -0.0093353272
543.4955290710  0.0000000000  0.0000000000  -0.0000409586  -0.0093137448
544.7521661325  0.0000000000  0.0000000000  -0.0000407698  -0.0092922620
546.0088031939  0.0000000000  0.0000000000  -0.0000405824  -0.0092708781
547.2654402553  0.0000000000  0.0000000000  -0.0000403963  -0.0092495924
548.5220773168  0.0000000000  0.0000000000  -0.0000402115  -0.0092284042
549.7787143782  0.0000000000  0.0000000000  -0.0000400279  -0.0092073128
551.0353514396  0.0000000000  0.0000000000  -0.0000398455  -0.0091863177
552.2919885011  0.0000000000  0.0000000000  -0.0000396645  -0.0091654180
553.5486255625  0.0000000000  0.0000000000  -0.0000394846  -0.0091446132
554.8052626240  0.0000000000  0.0000000000  -0.0000393060  -0.0091239027
556.0618996854  0.0000000000  0.0000000000  -0.0000391285  -0.0091032857
557.3185367468  0.0000000000  0.0000000000  -0.0000389523  -0.0090827618
558.5751738083  0.0000000000  0.0000000000  -0.0000387773  -0.0090623301
559.8318108697  0.0000000000  0.0000000000  -0.0000386034  -0.0090419902
561.0884479311  0.0000000000  0.0000000000  -0.0000384307  -0.0090217413
562.3450849926  0.0000000000  0.0000000000  -0.0000382592  -0.0090015829
563.6017220540  0.0000000000  0.0000000000  -0.0000380888  -0.0089815145
564.8583591154  0.0000000000  0.0000000000  -0.0000379195  -0.0089615353
566.1149961769  0.0000000000  0.0000000000  -0.0000377514  -0.0089416447
567.3716332383  0.0000000000  0.0000000000  -0.0000375844  -0.0089218423
568.6282702998  0.0000000000  0.0000000000  -0.0000374185  -0.0089021274
569.8849073612  0.0000000000  0.0000000000  -0.0000372537  -0.0088824994
571.1415444226  0.0000000000  0.0000000000  -0.0000370899  -0.0088629578
572.3981814841  0.0000000000  0.0000000000  -0.0000369273  -0.0088435020
573.6548185455  0.0000000000  0.0000000000  -0.0000367657  -0.0088241314
574.9114556069  0.0000000000  0.0000000000  -0.0000366052  -0.0088048454
576.1680926684  0.0000000000  0.0000000000  -0.0000364457  -0.0087856436
577.4247297298  0.0000000000  0.0000000000  -0.0000362873  -0.0087665254
578.6813667912  0.0000000000  0.0000000000  -0.0000361298  -0.0087474901
579.9380038527  0.0000000000  0.0000000000  -0.0000359735  -0.0087285374
581.1946409141  0.0000000000  0.0000000000  -0.0000358181  -0.0087096666
582.4512779755  0.0000000000  0.0000000000  -0.0000356637  -0.0086908772
583.7079150370  0.0000000000  0.0000000000  -0.0000355104  -0.0086721687
584.9645520984  0.0000000000  0.0000000000  -0.0000353580  -0.0086535406
586.2211891599  0.0000000000  0.0000000000  -0.0000352066  -0.0086349923
587.4778262213  0.0000000000  0.0000000000  -0.0000350561  -0.0086165233
588.7344632827  0.0000000000  0.0000000000  -0.0000349067  -0.0085981332
589.9911003442  0.0000000000  0.0000000000  -0.0000347581  -0.0085798215
591.2477374056  0.0000000000  0.0000000000  -0.0000346106  -0.0085615875
592.5043744670  0.0000000000  0.0000000000  -0.0000344639  -0.0085434309
593.7610115285  0.0000000000  0.0000000000  -0.0000343182  -0.0085253511
595.0176485899  0.0000000000  0.0000000000  -0.0000341735  -0.0085073477
596.2742856513  0.0000000000  0.0000000000  -0.0000340296  -0.0084894202
597.5309227128  0.0000000000  0.0000000000  -0.0000338866  -0.0084715681
598.7875597742  0.0000000000  0.0000000000  -0.0000337446  -0.0084537908
600.0441968357  0.0000000000  0.0000000000  -0.0000336034  -0.0084360881
601.3008338971  0.0000000000  0.0000000000  -0.0000334631  -0.0084184593
602.5574709585  0.0000000000  0.0000000000  -0.0000333237  -0.0084009040
603.8141080200  0.0000000000  0.0000000000  -0.0000331851  -0.0083834218
605.0707450814  0.0000000000  0.0000000000  -0.0000330475  -0.0083660122
606.3273821428  0.0000000000  0.0000000000  -0.0000329106  -0.0083486748
607.5840192043  0.0000000000  0.0000000000  -0.0000327747  -0.0083314090
608.8406562657  0.0000000000  0.0000000000  -0.0000326395  -0.0083142146
610.0972933271  0.0000000000  0.0000000000  -0.0000325052  -0.0082970909
611.3539303886  0.0000000000  0.0000000000  -0.0000323718  -0.0082800377
612.6105674500  0.0000000000  0.0000000000  -0.0000322391  -0.0082630543
613.8672045114  0.0000000000  0.0000000000  -0.0000321073  -0.0082461406
615.1238415729  0.0000000000  0.0000000000  -0.0000319762  -0.0082292959
616.3804786343  0.0000000000  0.0000000000  -0.0000318460  -0.0082125199
617.6371156958  0.0000000000  0.0000000000  -0.0000317166  -0.0081958121
618.8937527572  0.0000000000  0.0000000000  -0.0000315879  -0.0081791722
620.1503898186  0.0000000000  0.0000000000  -0.0000314600  -0.0081625997
621.4070268801  0.0000000000  0.0000000000  -0.0000313329  -0.0081460942
622.6636639415  0.0000000000  0.0000000000  -0.0000312066  -0.0081296554
623.9203010029  0.0000000000  0.0000000000  -0.0000310811  -0.0081132828
625.1769380644  0.0000000000  0.0000000000  -0.0000309562  -0.0080969759
626.4335751258  0.0000000000  0.0000000000  -0.0000308322  -0.0080807345
627.6902121872  0.0000000000  0.0000000000  -0.0000307089  -0.0080645581
628.9468492487  0.0000000000  0.0000000000  0.0000000000  0.0000000000
-627.6902121872  0.0000000000  3.1415926536  32.7400000000  0.0000000000
-626.4335751258  0.0000000000  3.1415926536  0.0000000000  0.0000000000
-625.1769380644  0.0000000000  3.1415926536  0.0000000000  0.0000000000
-623.9203010029  0.0000000000  3.1415926536  0.0000000000  0.0000000000
-622.6636639415  0.0000000000  3.1415926536  0.0000000000  0.0000000000
-621.4070268801  0.0000000000  3.1415926536  0.0000000000  0.0000000000
-620.1503898186  0.0000000000  3.1415926536  0.0000000000  0.0000000000
-618.8937527572  0.0000000000  3.1415926536  0.0000000000  0.0000000000
-617.6371156958  0.0000000000  3.1415926536  0.0000000000  0.0000000000
-616.3804786343  0.0000000000  3.1415926536  0.0000000000  0.0000000000
-615.1238415729  0.0000000000  3.1415926536  0.0000000000  0.0000000000
-613.8672045114  0.0000000000  3.1415926536  0.0000000000  0.0000000000
-612.6105674500  0.0000000000  3.1415926536  0.0000000000  0.0000000000
-611.3539303886  0.0000000000  3.1415926536  0.0000000000  0.0000000000
-610.0972933271  0.0000000000  3.1415926536  0.0000000000  0.0000000000
-608.8406562657  0.0000000000  3.1415926536  0.0000000000  0.0000000000
-607.5840192043  0.0000000000  3.1415926536  0.0000000000  0.0000000000
-606.3273821428  0.0000000000  3.1415926536  0.0000000000  0.0000000000
-605.0707450814  0.0000000000  3.1415926536  0.0000000000  0.0000000000
-603.8141080200  0.0000000000  3.1415926536  0.0000000000  0.0000000000
-602.5574709585  0.0000000000  3.1415926536  0.0000000000  0.0000000000
-601.3008338971  0.0000000000  3.1415926536  0.0000000000  0.0000000000
-600.0441968357  0.0000000000  3.1415926536  0.0000000000  0.0000000000
-598.7875597742  0.0000000000  3.1415926536  0.0000000000  0.0000000000
-597.5309227128  0.0000000000  3.1415926536  0.0000000000  0.0000000000
-596.2742856513  0.0000000000  3.1415926536  -nan  0.0163524598
-595.0176485899  0.0000000000  3.1415926536  0.0000000000  0.0000000000
-593.7610115285  0.0000000000  3.1415926536  0.0000000000  0.0000000000
-592.5043744670  0.0000000000  3.1415926536  0.0000000000  0.0000000000
-591.2477374056  0.0000000000  3.1415926536  30.1100000000  0.0000000000
-589.9911003442  0.0000000000  3.1415926536  0.0066470914  0.0000000000
-588.7344632827  0.0000000000  3.1415926536  0.0000000000  0.0000000000
-587.4778262213  0.0000000000  3.1415926536  0.0000000000  0.0000000000
-586.2211891599  0.0000000000  3.1415926536  0.0000000000  0.0000000000
-584.9645520984  0.0000000000  3.1415926536  0.0000000000  0.0000000000
-583.7079150370  0.0000000000  3.1415926536  0.0000000000  0.0000000000
-582.4512779755  0.0000000000  3.1415926536  0.0000000000  0.0000000000
-581.1946409141  0.0000000000  3.1415926536  0.0000000000  0.0000000000
-579.9380038527  0.0000000000  3.1415926536  0.0000000000  0.0000000000
-578.6813667912  0.0000000000  3.1415926536  0.0000000000  0.0000000000
-577.4247297298  0.0000000000  3.1415926536  0.0000000000  0.0000000000
-576.1680926684  0.0000000000  3.1415926536  0.0000000000  0.0000000000
-574.9114556069  0.0000000000  3.1415926536  0.0000000000  0.0000000000
-573.6548185455  0.0000000000  3.1415926536  0.0000000000  0.0000000000
-572.3981814841  0.0000000000  3.1415926536  0.0000000000  0.0000000000
-571.1415444226  0.0000000000  3.1415926536  0.0000000000  0.0000000000
-569.8849073612  0.0000000000  3.1415926536  0.0000000000  0.0000000000
-568.6282702998  0.0000000000  3.1415926536  0.0000000000  0.0000000000
-567.3716332383  0.0000000000  3.1415926536  0.0000000000  0.0000000000
-566.1149961769  0.0000000000  3.1415926536  0.0000000000  0.0000000000
-564.8583591154  0.0000000000  3.1415926536  0.0000000000  0.0000000000
-563.6017220540  0.0000000000  3.1415926536  0.0000000000  0.0000000000
-562.3450849926  0.0000000000  3.1415926536  0.0000000000  0.0000000000
-561.0884479311  0.0000000000  3.1415926536  0.0000000000  0.0000000000
-559.8318108697  0.0000000000  3.1415926536  -nan  0.0307417065
-558.5751738083  0.0000000000  3.1415926536  0.0000000000  0.0000000000
-557.3185367468  0.0000000000  3.1415926536  0.0000000000  0.0000000000
-556.0618996854  0.0000000000  3.1415926536  0.0000000000  0.0000000000
-554.8052626240  0.0000000000  3.1415926536  28.3950000000  0.0000000000
-553.5486255625  0.0000000000  3.1415926536  -0.0074582286  0.0000000000
-552.2919885011  0.0000000000  3.1415926536  0.0000000000  0.0000000000
-551.0353514396  0.0000000000  3.1415926536  0.0000000000  0.0000000000
-549.7787143782  0.0000000000  3.1415926536  0.0000000000  0.0000000000
-548.5220773168  0.0000000000  3.1415926536  0.0000000000  0.0000000000
-547.2654402553  0.0000000000  3.1415926536  0.0000000000  0.0000000000
-546.0088031939  0.0000000000  3.1415926536  0.0000000000  0.0000000000
-544.7521661325  0.0000000000  3.1415926536  0.0000000000  0.0000000000
-543.4955290710  0.0000000000  3.1415926536  0.0000000000  0.0000000000
-542.2388920096  0.0000000000  3.1415926536  0.0000000000  0.0000000000
-540.9822549482  0.0000000000  3.1415926536  0.0000000000  0.0000000000
-539.7256178867  0.0000000000  3.1415926536  0.0000000000  0.0000000000
-538.4689808253  0.0000000000  3.1415926536  0.0000000000  0.0000000000
-537.2123437639  0.0000000000  3.1415926536  0.0000000000  0.0000000000
-535.9557067024  0.0000000000  3.1415926536  0.0000000000  0.0000000000
-534.6990696410  0.0000000000  3.1415926536  0.0000000000  0.0000000000
-533.4424325795  0.0000000000  3.1415926536  0.0000000000  0.0000000000
-532.1857955181  0.0000000000  3.1415926536  0.0000000000  0.0000000000
-530.9291584567  0.0000000000  3.1415926536  0.0000000000  0.0000000000
-529.6725213952  0.0000000000  3.1415926536  0.0000000000  0.0000000000
-528.4158843338  0.0000000000  3.1415926536  0.0000000000  0.0000000000
-527.1592472724  0.0000000000  3.1415926536  0.0000000000  0.0000000000
-525.9026102109  0.0000000000  3.1415926536  0.0000000000  0.0000000000
-524.6459731495  0.0000000000  3.1415926536  0.0000000000  0.0000000000
-523.3893360881  0.0000000000  3.1415926536  -nan  0.2244293690
-522.1326990266  0.0000000000  3.1415926536  0.0000000000  0.0000000000
-520.8760619652  0.0000000000  3.1415926536  0.0000000000  0.0000000000
-519.6194249038  0.0000000000  3.1415926536  0.0000000000  0.0000000000
-518.3627878423  0.0000000000  3.1415926536  -0.0964436958  0.0000000000
-517.1061507809  0.0000000000  3.1415926536  -6.4611246220  -5.6350265859
-515.8495137194  0.0000000000  3.1415926536  -4.5916371429  -2.8175132929
-514.5928766580  0.0000000000  3.1415926536  -1.9158254503  -1.1479092857
-513.3362395966  0.0000000000  3.1415926536  -0.4437355306  -0.0002190589
-512.0796025351  0.0000000000  3.1415926536  0.3743968187  0.7677202206
-510.8229654737  0.0000000000  3.1415926536  1.9158254503  3.0708808824
-509.5663284123  0.0000000000  3.1415926536  4.5916371429  5.8204684715
-508.3096913508  0.0000000000  3.1415926536  6.5444950573  0.0000000000
-507.0530542894  0.0000000000  3.1415926536  0.0000000000  0.0000000000
-505.7964172280  0.0000000000  3.1415926536  0.0000000000  0.0000000000
-504.5397801665  0.0000000000  3.1415926536  0.0000000000  0.0000000000
-503.2831431051  0.0000000000  3.1415926536  0.0000000000  0.0000000000
-502.0265060436  0.0000000000  3.1415926536  0.0000000000  0.0000000000
-500.7698689822  0.0000000000  3.1415926536  0.0000000000  0.0000000000
-499.5132319208  0.0000000000  3.1415926536  0.0000000000  0.0000000000
-498.2565948593  0.0000000000  3.1415926536  0.0000000000  0.0000000000
-496.9999577979  0.0000000000  3.1415926536  0.0000000000  0.0000000000
-495.7433207365  0.0000000000  3.1415926536  0.0000000000  0.0000000000
-494.4866836750  0.0000000000  3.1415926536  0.0000000000  0.0000000000
-493.2300466136  0.0000000000  3.1415926536  0.0000000000  0.0000000000
-491.9734095522  0.0000000000  3.1415926536  0.0000000000  0.0000000000
-490.7167724907  0.0000000000  3.1415926536  0.0000000000  0.0000000000
-489.4601354293  0.0000000000  3.1415926536  0.0000000000  0.0000000000
-488.2034983679  0.0000000000  3.1415926536  0.0000000000  0.0000000000
-486.9468613064  0.0000000000  3.1415926536  0.0000000000  0.0000000000
-485.6902242450  0.0000000000  3.1415926536  0.0000000000  0.0000000000
-484.4335871835  0.0000000000  3.1415926536  0.0000000000  0.0000000000
-483.1769501221  0.0000000000  3.1415926536  0.0000000000  0.0000000000
-481.9203130607  0.0000000000  3.1415926536  0.0000000000  0.0000000000
-480.6636759992  0.0000000000  3.1415926536  0.0000000000  0.0000000000
-479.4070389378  0.0000000000  3.1415926536  0.0000000000  0.0000000000
-478.1504018764  0.0000000000  3.1415926536  0.0000000000  0.0000000000
-476.8937648149  0.0000000000  3.1415926536  0.0000000000  0.0000000000
-475.6371277535  0.0000000000  3.1415926536  0.0000000000  0.0000000000
-474.3804906921  0.0000000000  3.1415926536  0.0000000000  0.0000000000
-473.1238536306  0.0000000000  3.1415926536  6.4611246220  -0.0000000000
-471.8672165692  0.0000000000  3.1415926536  -0.0000000000  -0.0000000000
-470.6105795078  0.0000000000  3.1415926536  -0.0000000000  0.0000000000
-469.3539424463  0.0000000000  3.1415926536  5.6350265859  -0.0000000000
-468.0973053849  0.0000000000  3.1415926536  -0.0000000000  -0.0000000000
-466.8406683234  0.0000000000  3.1415926536  -0.0000000000  0.0000000000
-465.5840312620  0.0000000000  3.1415926536  4.5916371429  -0.0000000000
-464.3273942006  0.0000000000  3.1415926536  -0.0000000000  -0.0000000000
-463.0707571391  0.0000000000  3.1415926536  -0.0000000000  0.0000000000
-461.8141200777  0.0000000000  3.1415926536  2.8175132929  -0.0000000000
-460.5574830163  0.0000000000  3.1415926536  -0.0000000000  -0.0000000000
-459.3008459548  0.0000000000  3.1415926536  -0.0000000000  0.0000000000
-458.0442088934  0.0000000000  3.1415926536  1.9158254503  -0.0000000000
-456.7875718320  0.0000000000  3.1415926536  -0.0000000000  -0.0000000000
-455.5309347705  0.0000000000  3.1415926536  -0.0000000000  0.0000000000
-454.2742977091  0.0000000000  3.1415926536  1.1479092857  -0.0000000000
-453.0176606476  0.0000000000  3.1415926536  -0.0000000000  -0.0000000000
-451.7610235862  0.0000000000  3.1415926536  -0.0000000000  0.0000000000
-450.5043865248  0.0000000000  3.1415926536  0.4437355306  -0.0000000000
-449.2477494633  0.0000000000  3.1415926536  -0.0000000000  -0.0000000000
-447.9911124019  0.0000000000  3.1415926536  -0.0000000000  0.0000000000
-446.7344753405  0.0000000000  3.1415926536  0.0002190589  -0.0000000000
-445.4778382790  0.0000000000  3.1415926536  -0.0000000000  -0.0000000000
-444.2212012176  0.0000000000  3.1415926536  -0.0000000000  0.0000000000
-442.9645641562  0.0000000000  3.1415926536  -0.3743968187  0.0000000000
-441.7079270947  0.0000000000  3.1415926536  0.0000000000  0.0000000000
-440.4512900333  0.0000000000  3.1415926536  0.0000000000  0.0000000000
-439.1946529719  0.0000000000  3.1415926536  -0.7677202206  0.0000000000
-437.9380159104  0.0000000000  3.1415926536  0.0000000000  0.0000000000
-436.6813788490  0.0000000000  3.1415926536  0.0000000000  0.0000000000
-435.4247417875  0.0000000000  3.1415926536  -1.9158254503  0.0000000000
-434.1681047261  0.0000000000  3.1415926536  0.0000000000  0.0000000000
-432.9114676647  0.0000000000  3.1415926536  0.0000000000  0.0000000000
-431.6548306032  0.0000000000  3.1415926536  -3.0708808824  0.0000000000
-430.3981935418  0.0000000000  3.1415926536  0.0000000000  0.0000000000
-429.1415564804  0.0000000000  3.1415926536  0.0000000000  0.0000000000
-427.8849194189  0.0000000000  3.1415926536  -4.5916371429  0.0000000000
-426.6282823575  0.0000000000  3.1415926536  0.0000000000  0.0000000000
-425.3716452961  0.0000000000  3.1415926536  0.0000000000  0.0000000000
-424.1150082346  0.0000000000  3.1415926536  -5.8204684715  0.0000000000
-422.8583711732  0.0000000000  3.1415926536  0.0000000000  0.0000000000
-421.6017341118  0.0000000000  3.1415926536  0.0000000000  0.0000000000
-420.3450970503  0.0000000000  3.1415926536  -6.5444950573  0.0000000000
-419.0884599889  0.0000000000  3.1415926536  0.0000000000  0.0000000000
-417.8318229274  0.0000000000  3.1415926536  0.0000000000  0.0000000000
-416.5751858660  0.0000000000  3.1415926536  0.0000000000  0.0000000000
-415.3185488046  0.0000000000  3.1415926536  0.0000000000  0.0000000000
-414.0619117431  0.0000000000  3.1415926536  0.0014606005  0.0083473988
-412.8052746817  0.0000000000  3.1415926536  0.9405853785  0.3395572791
-411.5486376203  0.0000000000  3.1415926536  1.0060380014  0.1272344946
-410.2920005588  0.0000000000  3.1415926536  0.9797050690  0.2534319103
-409.0353634974  0.0000000000  3.1415926536  0.9969337685  0.1909825353
-407.7787264360  0.0000000000  3.1415926536  1.0075312695  0.0793505335
-406.5220893745  0.0000000000  3.1415926536  1.0000020495  0.1749650138
-405.2654523131  0.0000000000  3.1415926536  0.9616614973  0.2984928086
-404.0088152516  0.0000000000  3.1415926536  1.0027522275  0.1574484350
-402.7521781902  0.0000000000  3.1415926536  1.0048191255  0.0344613490
-401.4955411288  0.0000000000  3.1415926536  0.9930138837  0.2082837455
-400.2389040673  0.0000000000  3.1415926536  0.9497695577  0.3227787350
-398.9822670059  0.0000000000  3.1415926536  1.0023135814  0.0144453644
-397.7256299445  0.0000000000  3.1415926536  0.0062275379  0.0163524671
-396.4689928830  0.0000000000  3.1415926536  -0.0065324697  -0.0011430302
-395.2123558216  0.0000000000  3.1415926536  0.3039802285  -0.2495791901
-393.9557187602  0.0000000000  3.1415926536  0.7462148941  -0.2183209765
-392.6990816987  0.0000000000  3.1415926536  0.5239144613  -0.2768399280
-391.4424446373  0.0000000000  3.1415926536  0.1625553428  -0.1796933776
-390.1858075759  0.0000000000  3.1415926536  0.4666400757  -0.2779029732
-388.9291705144  0.0000000000  3.1415926536  0.8912936495  -0.1226658930
-387.6725334530  0.0000000000  3.1415926536  0.4051811446  -0.2728208057
-386.4158963915  0.0000000000  3.1415926536  0.0582881594  -0.0853264871
-385.1592593301  0.0000000000  3.1415926536  0.5862752435  -0.2693717611
-383.9026222687  0.0000000000  3.1415926536  0.9589169621  -0.0538936684
-382.6459852072  0.0000000000  3.1415926536  0.0220277546  -0.0367917584
-381.3893481458  0.0000000000  3.1415926536  0.0167659865  0.0233071734
-380.1327110844  0.0000000000  3.1415926536  -0.0246217079  -0.0043082259
-378.8760740229  0.0000000000  3.1415926536  0.0013051058  0.0036543819
-377.6194369615  0.0000000000  3.1415926536  0.4986424942  0.6461315467
-376.3627999001  0.0000000000  3.1415926536  0.9806221572  0.4857353165
-375.1061628386  0.0000000000  3.1415926536  0.6718355331  -0.2281255142
-373.8495257772  0.0000000000  3.1415926536  1.0423927839  0.3721740656
-372.5928887157  0.0000000000  3.1415926536  0.1444561245  0.4062646453
-371.3362516543  0.0000000000  3.1415926536  1.0666965067  0.2338026310
-370.0796145929  0.0000000000  3.1415926536  0.2686248255  -0.1890047021
-368.8229775314  0.0000000000  3.1415926536  0.8768744488  0.5826131635
-367.5663404700  0.0000000000  3.1415926536  0.0322366202  0.1795180661
-366.3097034086  0.0000000000  3.1415926536  0.1038398309  -0.0935835888
-365.0530663471  0.0000000000  3.1415926536  0.0226672642  0.0245084098
-363.7964292857  0.0000000000  3.1415926536  -0.0356657526  -0.0062406767
-362.5397922243  0.0000000000  3.1415926536  0.0034445019  0.0082362471
-361.2831551628  0.0000000000  3.1415926536  -0.0007383531  -0.0006543583
-360.0265181014  0.0000000000  3.1415926536  0.5189733920  -0.5026047967
-358.7698810400  0.0000000000  3.1415926536  0.1601981735  0.2700148653
-357.5132439785  0.0000000000  3.1415926536  0.3091990125  -0.4522249812
-356.2566069171  0.0000000000  3.1415926536  0.5707791133  0.3205048586
-354.9999698556  0.0000000000  3.1415926536  0.1262814683  -0.3157182396
-353.7433327942  0.0000000000  3.1415926536  0.2132156342  0.1390778418
-352.4866957328  0.0000000000  3.1415926536  0.7458071741  -0.4593453767
-351.2300586713  0.0000000000  3.1415926536  0.2147479219  0.2072023388
-349.9734216099  0.0000000000  3.1415926536  0.1159434929  0.0478840581
-348.7167845485  0.0000000000  3.1415926536  0.0307972592  0.0237848304
-347.4601474870  0.0000000000  3.1415926536  -0.0516883986  -0.0090442668
-346.2035104256  0.0000000000  3.1415926536  0.0099145153  0.0186749740
-344.9468733642  0.0000000000  3.1415926536  -0.0043973397  -0.0042448132
-343.6902363027  0.0000000000  3.1415926536  -0.0002701913  0.0004751531
-342.4335992413  0.0000000000  3.1415926536  0.4663869712  0.8605595733
-341.1769621799  0.0000000000  3.1415926536  0.9067316650  -0.3005191179
-339.9203251184  0.0000000000  3.1415926536  0.1722240561  -0.4689298233
-338.6636880570  0.0000000000  3.1415926536  0.5623949903  -0.4435687501
-337.4070509955  0.0000000000  3.1415926536  0.7710702515  0.3504546692
-336.1504139341  0.0000000000  3.1415926536  0.8113501655  0.2891805584
-334.8937768727  0.0000000000  3.1415926536  0.2081687455  -0.2453600364
-333.6371398112  0.0000000000  3.1415926536  0.4167956322  0.0727641837
-332.3805027498  0.0000000000  3.1415926536  0.0404753743  0.0187555634
-331.1238656884  0.0000000000  3.1415926536  -0.0721773315  -0.0126293533
-329.8672286269  0.0000000000  3.1415926536  0.0330146330  0.0408369752
-328.6105915655  0.0000000000  3.1415926536  -0.0214076168  -0.0229507019
-327.3539545041  0.0000000000  3.1415926536  -0.0055690800  0.0073762806
-326.0973174426  0.0000000000  3.1415926536  0.0017918501  0.0026444614
-324.8406803812  0.0000000000  3.1415926536  0.1876404447  -0.1100700477
-323.5840433197  0.0000000000  3.1415926536  -0.3876279623  0.1737779239
-322.3274062583  0.0000000000  3.1415926536  0.1537830492  -0.2951667225
-321.0707691969  0.0000000000  3.1415926536  0.6341885752  -0.6921773763
-319.8141321354  0.0000000000  3.1415926536  -0.1707782603  -0.0987575925
-318.5574950740  0.0000000000  3.1415926536  -0.2940971484  -0.0038015360
-317.3008580126  0.0000000000  3.1415926536  0.1994776534  -0.4336402501
-316.0442209511  0.0000000000  3.1415926536  0.0480206838  0.0074173082
-314.7875838897  0.0000000000  3.1415926536  -0.0906696358  -0.0158650762
-313.5309468283  0.0000000000  3.1415926536  0.1210394628  0.0465803438
-312.2743097668  0.0000000000  3.1415926536  -0.1007456990  -0.0962778159
-311.0176727054  0.0000000000  3.1415926536  -0.1297227114  0.0967880921
-309.7610356440  0.0000000000  3.1415926536  0.0956302489  0.1043155182
-308.5043985825  0.0000000000  3.1415926536  0.0250999218  0.0395102360
-307.2477615211  0.0000000000  3.1415926536  -0.0925052833  -0.9418239218
-305.9911244596  0.0000000000  3.1415926536  0.4437634658  -0.9496191174
-304.7344873982  0.0000000000  3.1415926536  0.0414942053  0.3854698639
-303.4778503368  0.0000000000  3.1415926536  0.2835088708  -0.7160829805
-302.2212132753  0.0000000000  3.1415926536  0.2219428758  -0.5689962911
-300.9645762139  0.0000000000  3.1415926536  0.1072718986  0.2269550595
-299.7079391525  0.0000000000  3.1415926536  0.0480206838  -0.0074173082
-298.4513020910  0.0000000000  3.1415926536  -0.0957068378  -0.0167464693
-297.1946650296  0.0000000000  3.1415926536  0.1209031751  -0.0954025430
-295.9380279682  0.0000000000  3.1415926536  -0.1922256658  -0.0763987518
-294.6813909067  0.0000000000  3.1415926536  -0.1610208963  -0.2769193279
-293.4247538453  0.0000000000  3.1415926536  -0.1590660651  0.3888500386
-292.1681167839  0.0000000000  3.1415926536  0.1488531890  -0.2347047550
-290.9114797224  0.0000000000  3.1415926536  0.4021542972  0.3214053835
-289.6548426610  0.0000000000  3.1415926536  0.4818072364  -0.3809603239
-288.3982055995  0.0000000000  3.1415926536  -0.3772913581  0.1629258946
-287.1415685381  0.0000000000  3.1415926536  0.3790184623  0.5252736140
-285.8849314767  0.0000000000  3.1415926536  0.5894249494  0.2734493542
-284.6282944152  0.0000000000  3.1415926536  -0.2012328875  0.1758561431
-283.3716573538  0.0000000000  3.1415926536  0.0404753743  -0.0187555634
-282.1150202924  0.0000000000  3.1415926536  -0.0849145076  -0.0148580627
-280.8583832309  0.0000000000  3.1415926536  0.0326700129  -0.0819879258
-279.6017461695  0.0000000000  3.1415926536  -0.1001120898  -0.0332710347
-278.3451091081  0.0000000000  3.1415926536  -0.0187327376  -0.0753753189
-277.0884720466  0.0000000000  3.1415926536  -0.0257143291  0.1042487051
-275.8318349852  0.0000000000  3.1415926536  0.0144313819  -0.0324512267
-274.5751979237  0.0000000000  3.1415926536  0.0721591920  0.0878604521
-273.3185608623  0.0000000000  3.1415926536  -0.0407661034  -0.0299677129
-272.0619238009  0.0000000000  3.1415926536  -0.2894512949  -0.5609296750
-270.8052867394  0.0000000000  3.1415926536  0.3446997401  0.5490803895
-269.5486496780  0.0000000000  3.1415926536  -0.0912893306  0.0184480702
-268.2920126166  0.0000000000  3.1415926536  -0.2651903638  -0.2962476984
-267.0353755551  0.0000000000  3.1415926536  0.0307972592  -0.0237848304
-265.7787384937  0.0000000000  3.1415926536  -0.0678410232  -0.0118706002
-264.5221014323  0.0000000000  3.1415926536  0.0094774860  -0.0499862717
-263.2654643708  0.0000000000  3.1415926536  -0.0479289083  -0.0187706383
-262.0088273094  0.0000000000  3.1415926536  -0.0031402863  -0.0274413896
-260.7521902480  0.0000000000  3.1415926536  -0.0043178995  0.0358209912
-259.4955531865  0.0000000000  3.1415926536  0.0027896174  -0.0091306746
-258.2389161251  0.0000000000  3.1415926536  0.0198979321  0.0316091902
-256.9822790636  0.0000000000  3.1415926536  -0.0157858452  -0.0126604855
-255.7256420022  0.0000000000  3.1415926536  0.0018272132  0.0049085447
-254.4690049408  0.0000000000  3.1415926536  0.2552021056  -0.5409826929
-253.2123678793  0.0000000000  3.1415926536  0.1934193593  0.0371053173
-251.9557308179  0.0000000000  3.1415926536  0.6698286982  -0.1262691606
-250.6990937565  0.0000000000  3.1415926536  0.0226672642  -0.0245084098
-249.4424566950  0.0000000000  3.1415926536  -0.0523097705  -0.0091529925
-248.1858196336  0.0000000000  3.1415926536  0.0029941774  -0.0312818517
-246.9291825722  0.0000000000  3.1415926536  -0.0254142850  -0.0112234909
-245.6725455107  0.0000000000  3.1415926536  -0.0004705588  -0.0124568920
-244.4159084493  0.0000000000  3.1415926536  -0.0007442011  0.0152271551
-243.1592713878  0.0000000000  3.1415926536  0.0008048748  -0.0035108054
-241.9026343264  0.0000000000  3.1415926536  0.0069292107  0.0136613960
-240.6459972650  0.0000000000  3.1415926536  -0.0066415499  -0.0059662928
-239.3893602035  0.0000000000  3.1415926536  0.0017179124  0.0034121448
-238.1327231421  0.0000000000  3.1415926536  -0.0003242954  0.0004725911
-236.8760860807  0.0000000000  3.1415926536  0.3044942580  0.3177328528
-235.6194490192  0.0000000000  3.1415926536  0.0256964314  -0.1002771391
-234.3628119578  0.0000000000  3.1415926536  0.0167659865  -0.0233071734
-233.1061748964  0.0000000000  3.1415926536  -0.0404499486  -0.0070777996
-231.8495378349  0.0000000000  3.1415926536  0.0008768531  -0.0207002102
-230.5929007735  0.0000000000  3.1415926536  -0.0149203632  -0.0071182158
-229.3362637121  0.0000000000  3.1415926536  0.0000678361  -0.0066023695
-228.0796266506  0.0000000000  3.1415926536  -0.0000297943  0.0076368144
-226.8229895892  0.0000000000  3.1415926536  0.0003021761  -0.0016566800
-225.5663525277  0.0000000000  3.1415926536  0.0029237377  0.0068437286
-224.3097154663  0.0000000000  3.1415926536  -0.0032121344  -0.0031595909
-223.0530784049  0.0000000000  3.1415926536  0.0012382261  0.0020848922
-221.7964413434  0.0000000000  3.1415926536  -0.0003074120  0.0004792444
-220.5398042820  0.0000000000  3.1415926536  -0.0000240377  -0.0000176147
-219.2831672206  0.0000000000  3.1415926536  -0.2076128048  0.3063392264
-218.0265301591  0.0000000000  3.1415926536  0.0062275379  -0.0163524671
-216.7698930977  0.0000000000  3.1415926536  -0.0176376682  -0.0030861815
-215.5132560363  0.0000000000  3.1415926536  -0.0003004649  -0.0063314820
-214.2566189748  0.0000000000  3.1415926536  -0.0035185245  -0.0019261752
-212.9999819134  0.0000000000  3.1415926536  0.0001233883  -0.0012682717
-211.7433448520  0.0000000000  3.1415926536  0.0001000576  0.0012850673
-210.4867077905  0.0000000000  3.1415926536  0.0000247343  -0.0002495675
-209.2300707291  0.0000000000  3.1415926536  0.0003091802  0.0011079184
-207.9734336676  0.0000000000  3.1415926536  -0.0004734947  -0.0005670224
-206.7167966062  0.0000000000  3.1415926536  0.0003341320  0.0004266851
-205.4601595448  0.0000000000  3.1415926536  -0.0000986345  0.0001779691
-204.2035224833  0.0000000000  3.1415926536  -0.0000218392  -0.0000229739
-202.9468854219  0.0000000000  3.1415926536  -0.0000022103  -0.0000052542
-201.6902483605  0.0000000000  3.1415926536  0.0000000000  0.0000000000
-200.4336112990  0.0000000000  3.1415926536  0.0000000000  0.0000000000
-199.1769742376  0.0000000000  3.1415926536  0.0000000000  0.0000000000
-197.9203371762  0.0000000000  3.1415926536  0.0000000000  0.0000000000
-196.6637001147  0.0000000000  3.1415926536  0.0000000000  0.0000000000
-195.4070630533  0.0000000000  3.1415926536  0.0000000000  0.0000000000
-194.1504259918  0.0000000000  3.1415926536  0.0000000000  0.0000000000
-192.8937889304  0.0000000000  3.1415926536  0.0000000000  0.0000000000
-191.6371518690  0.0000000000  3.1415926536  0.0000000000  0.0000000000
-190.3805148075  0.0000000000  3.1415926536  0.0000000000  0.0000000000
-189.1238777461  0.0000000000  3.1415926536  0.0000000000  0.0000000000
-187.8672406847  0.0000000000  3.1415926536  0.0000000000  0.0000000000
-186.6106036232  0.0000000000  3.1415926536  0.0000000000  0.0000000000
-185.3539665618  0.0000000000  3.1415926536  0.0000000000  0.0000000000
-184.0973295004  0.0000000000  3.1415926536  0.0000000000  0.0000000000
-182.8406924389  0.0000000000  3.1415926536  0.0000000000  0.0000000000
-181.5840553775  0.0000000000  3.1415926536  0.0000000000  0.0000000000
-180.3274183161  0.0000000000  3.1415926536  0.0000000000  0.0000000000
-179.0707812546  0.0000000000  3.1415926536  0.0000000000  0.0000000000
-177.8141441932  0.0000000000  3.1415926536  0.0000000000  0.0000000000
-176.5575071317  0.0000000000  3.1415926536  0.0000000000  0.0000000000
-175.3008700703  0.0000000000  3.1415926536  0.0000000000  0.0000000000
-174.0442330089  0.0000000000  3.1415926536  0.0000000000  0.0000000000
-172.7875959474  0.0000000000  3.1415926536  0.0000000000  0.0000000000
-171.5309588860  0.0000000000  3.1415926536  0.0000000000  0.0000000000
-170.2743218246  0.0000000000  3.1415926536  0.0000000000  0.0000000000
-169.0176847631  0.0000000000  3.1415926536  0.0000000000  0.0000000000
-167.7610477017  0.0000000000  3.1415926536  0.0000000000  0.0000000000
-166.5044106403  0.0000000000  3.1415926536  0.0000000000  0.0000000000
-165.2477735788  0.0000000000  3.1415926536  -0.7797619210  0.0000000000
-163.9911365174  0.0000000000  3.1415926536  0.0000000000  0.0000000000
-162.7344994560  0.0000000000  3.1415926536  0.0000000000  0.0000000000
-161.4778623945  0.0000000000  3.1415926536  0.0000000000  0.0000000000
-160.2212253331  0.0000000000  3.1415926536  -1.8616921834  0.0000000000
-158.9645882716  0.0000000000  3.1415926536  0.0000000000  0.0000000000
-157.7079512102  0.0000000000  3.1415926536  0.0000000000  0.0000000000
-156.4513141488  0.0000000000  3.1415926536  0.0000000000  0.0000000000
-155.1946770873  0.0000000000  3.1415926536  -2.9859523160  0.0000000000
-153.9380400259  0.0000000000  3.1415926536  0.0000000000  0.0000000000
-152.6814029645  0.0000000000  3.1415926536  0.0000000000  0.0000000000
-151.4247659030  0.0000000000  3.1415926536  0.0000000000  0.0000000000
-150.1681288416  0.0000000000  3.1415926536  -3.6177927121  0.0000000000
-148.9114917802  0.0000000000  3.1415926536  0.0000000000  0.0000000000
-147.6548547187  0.0000000000  3.1415926536  0.0000000000  0.0000000000
-146.3982176573  0.0000000000  3.1415926536  0.0000000000  0.0000000000
-145.1415805958  0.0000000000  3.1415926536  -4.0678214544  0.0000000000
-143.8849435344  0.0000000000  3.1415926536  0.0000000000  0.0000000000
-142.6283064730  0.0000000000  3.1415926536  0.0000000000  0.0000000000
-141.3716694115  0.0000000000  3.1415926536  0.0000000000  0.0000000000
-140.1150323501  0.0000000000  3.1415926536  0.4063755503  0.0000000000
-138.8583952887  0.0000000000  3.1415926536  0.0000000000  0.0000000000
-137.6017582272  0.0000000000  3.1415926536  0.0000000000  0.0000000000
-136.3451211658  0.0000000000  3.1415926536  0.0000000000  0.0000000000
-135.0884841044  0.0000000000  3.1415926536  0.0002723182  0.0000000000
-133.8318470429  0.0000000000  3.1415926536  0.0000000000  0.0000000000
-132.5752099815  0.0000000000  3.1415926536  0.0000000000  0.0000000000
-131.3185729201  0.0000000000  3.1415926536  0.0000000000  0.0000000000
-130.0619358586  0.0000000000  3.1415926536  -0.0000000000  0.0000000000
-128.8052987972  0.0000000000  3.1415926536  0.0000000000  0.0000000000
-127.5486617357  0.0000000000  3.1415926536  -nan  0.0000000000
-126.2920246743  0.0000000000  3.1415926536  0.0000000000  0.0000000000
-125.0353876129  0.0000000000  3.1415926536  0.0000000000  0.0000000000
-123.7787505514  0.0000000000  3.1415926536  0.0000000000  0.0000000000
-122.5221134900  0.0000000000  3.1415926536  0.0000000000  0.0000000000
-121.2654764286  0.0000000000  3.1415926536  0.0000000000  0.0000000000
-120.0088393671  0.0000000000  3.1415926536  -0.3732440395  0.0000000000
-118.7522023057  0.0000000000  3.1415926536  0.0000000000  0.0000000000
-117.4955652443  0.0000000000  3.1415926536  0.0000000000  0.0000000000
-116.2389281828  0.0000000000  3.1415926536  0.0000000000  0.0000000000
-114.9822911214  0.0000000000  3.1415926536  -0.7797619210  0.0000000000
-113.7256540600  0.0000000000  3.1415926536  0.0000000000  0.0000000000
-112.4690169985  0.0000000000  3.1415926536  0.0000000000  0.0000000000
-111.2123799371  0.0000000000  3.1415926536  0.0000000000  0.0000000000
-109.9557428756  0.0000000000  3.1415926536  -1.8616921834  0.0000000000
-108.6991058142  0.0000000000  3.1415926536  0.0000000000  0.0000000000
-107.4424687528  0.0000000000  3.1415926536  0.0000000000  0.0000000000
-106.1858316913  0.0000000000  3.1415926536  0.0000000000  0.0000000000
-104.9291946299  0.0000000000  3.1415926536  -2.9859523160  0.0000000000
-103.6725575685  0.0000000000  3.1415926536  0.0000000000  0.0000000000
-102.4159205070  0.0000000000  3.1415926536  0.0000000000  0.0000000000
-101.1592834456  0.0000000000  3.1415926536  0.0000000000  0.0000000000
-99.9026463842  0.0000000000  3.1415926536  -3.6177927121  0.0000000000
-98.6460093227  0.0000000000  3.1415926536  0.0000000000  0.0000000000
-97.3893722613  0.0000000000  3.1415926536  0.0000000000  0.0000000000
-96.1327351998  0.0000000000  3.1415926536  0.0000000000  0.0000000000
-94.8760981384  0.0000000000  3.1415926536  0.0000000000  0.0000000000
-93.6194610770  0.0000000000  3.1415926536  -9.9946473081  -8.8889255825
-92.3628240155  0.0000000000  3.1415926536  -7.3364921769  -4.5741822689
-91.1061869541  0.0000000000  3.1415926536  -2.9258177311  -1.8341230442
-89.8495498927  0.0000000000  3.1415926536  -0.7638843022  -0.3512750301
-88.5929128312  0.0000000000  3.1415926536  0.0003345432  0.4185250835
-87.3362757698  0.0000000000  3.1415926536  1.1435455672  1.8341230442
-86.0796387084  0.0000000000  3.1415926536  2.6289090731  4.3028608628
-84.8230016469  0.0000000000  3.1415926536  6.3942782745  8.6057217255
-83.5663645855  0.0000000000  3.1415926536  9.9946473081  0.0000000000
-82.3097275241  0.0000000000  3.1415926536  1.0000000000  0.0000000000
-81.0530904626  0.0000000000  3.1415926536  1.0000000000  0.0000000000
-79.7964534012  0.0000000000  3.1415926536  1.0000000000  0.0000000000
-78.5398163397  0.0000000000  3.1415926536  0.9999999999  0.0000000000
-77.2831792783  0.0000000000  3.1415926536  0.9999995567  0.0000000000
-76.0265422169  0.0000000000  3.1415926536  0.9998959584  0.0000000000
-74.7699051554  0.0000000000  3.1415926536  0.9785305605  0.0000000000
-73.5132680940  0.0000000000  3.1415926536  0.8527550919  0.0000000000
-72.2566310326  0.0000000000  3.1415926536  0.4995818210  0.0000000000
-70.9999939711  0.0000000000  3.1415926536  0.1098156605  0.0000000000
-69.7433569097  0.0000000000  3.1415926536  0.0032764013  0.0000000000
-68.4867198483  0.0000000000  3.1415926536  0.0001040416  0.0000000000
-67.2300827868  0.0000000000  3.1415926536  0.0000019561  0.0000000000
-65.9734457254  0.0000000000  3.1415926536  0.0000000005  0.0000000000
-64.7168086639  0.0000000000  3.1415926536  0.0000000000  0.0000000000
-63.4601716025  0.0000000000  3.1415926536  0.0000000000  0.0000000000
-62.2035345411  0.0000000000  3.1415926536  0.0000000000  0.0000000000
-60.9468974796  0.0000000000  3.1415926536  0.0000000000  0.0000000000
-59.6902604182  0.0000000000  3.1415926536  0.0000000000  0.0000000000
-58.4336233568  0.0000000000  3.1415926536  0.0000000000  0.0000000000
-57.1769862953  0.0000000000  3.1415926536  -49.9732365405  -44.4446279127
-55.9203492339  0.0000000000  3.1415926536  -36.6824608846  -22.8709113444
-54.6637121725  0.0000000000  3.1415926536  -14.6290886556  -9.1706152212
-53.4070751110  0.0000000000  3.1415926536  -3.8194215109  -1.7563751504
-52.1504380496  0.0000000000  3.1415926536  0.0016727162  2.0926254177
-50.8938009882  0.0000000000  3.1415926536  5.7177278361  9.1706152212
-49.6371639267  0.0000000000  3.1415926536  13.1445453654  21.5143043139
-48.3805268653  0.0000000000  3.1415926536  31.9713913723  43.0286086277
-47.1238898038  0.0000000000  3.1415926536  49.9732365405  0.0000000000
-45.8672527424  0.0000000000  3.1415926536  -nan  -nan
-44.6106156810  0.0000000000  3.1415926536  -nan  -nan
-43.3539786195  0.0000000000  3.1415926536  0.0000000000  0.0000000000
-42.0973415581  0.0000000000  3.1415926536  0.0000000000  0.0000000000
-40.8407044967  0.0000000000  3.1415926536  0.0000000000  0.0000000000
-39.5840674352  0.0000000000  3.1415926536  0.0000000000  0.0000000000
-38.3274303738  0.0000000000  3.1415926536  0.0000000000  0.0000000000
-37.0707933124  0.0000000000  3.1415926536  0.0000000000  0.0000000000
-35.8141562509  0.0000000000  3.1415926536  0.0000000000  0.0000000000
-34.5575191895  0.0000000000  3.1415926536  0.0000000000  0.0000000000
-33.3008821281  0.0000000000  3.1415926536  6.2543345948  5.8857366633
-32.0442450666  0.0000000000  3.1415926536  5.6178131419  0.0000000000
-30.7876080052  0.0000000000  3.1415926536  0.0000000000  0.0000000000
-29.5309709437  0.0000000000  3.1415926536  0.0000000000  0.0000000000
-28.2743338823  0.0000000000  3.1415926536  0.0000000000  0.0000000000
-27.0176968209  0.0000000000  3.1415926536  0.0000000000  0.0000000000
-25.7610597594  0.0000000000  3.1415926536  0.0000000000  3.1415926536
-24.5044226980  0.0000000000  3.1415926536  0.0000000000  0.0000000000
-23.2477856366  0.0000000000  3.1415926536  -9.9946473081  -8.8889255825
-21.9911485751  0.0000000000  3.1415926536  -7.3364921769  -4.5741822689
-20.7345115137  0.0000000000  3.1415926536  -2.9258177311  -1.8341230442
-19.4778744523  0.0000000000  3.1415926536  -0.7638843022  -0.3512750301
-18.2212373908  0.0000000000  3.1415926536  0.0003345432  0.4185250835
-16.9646003294  0.0000000000  3.1415926536  1.1435455672  1.8341230442
-15.7079632679  0.0000000000  3.1415926536  2.6289090731  4.3028608628
-14.4513262065  0.0000000000  3.1415926536  6.3942782745  8.6057217255
-13.1946891451  0.0000000000  3.1415926536  9.9946473081  0.0000000000
-11.9380520836  0.0000000000  3.1415926536  0.0000000000  0.0000000000
-10.6814150222  0.0000000000  3.1415926536  0.0000000000  0.0000000000
-9.4247779608  0.0000000000  3.1415926536  -nan  -nan
-8.1681408993  0.0000000000  3.1415926536  -nan  -nan
-6.9115038379  0.0000000000  3.1415926536  0.0000000000  0.0000000000
-5.6548667765  0.0000000000  3.1415926536  0.0000000000  0.0000000000
-4.3982297150  0.0000000000  3.1415926536  0.0000000000  0.0000000000
-3.1415926536  0.0000000000  3.1415926536  0.0000000000  0.0000000000
-1.8849555922  0.0000000000  3.1415926536  0.0000000000  0.0000000000
-0.6283185307  0.0000000000  3.1415926536  0.0000000000  0.0000000000
0.6283185307  0.0000000000  3.1415926536  -0.0000000000  -1.1808997424
1.8849555922  0.0000000000  3.1415926536  -0.0000000000  -0.9081097854
3.1415926536  0.0000000000  3.1415926536  -0.0000000000  -0.7852849194
4.3982297150  0.0000000000  3.1415926536  -0.0000000000  -0.7001136794
5.6548667765  0.0000000000  3.1415926536  -0.0000000000  -0.6274814854
6.9115038379  0.0000000000  3.1415926536  0.0000002347  -0.5636453897
8.1681408993  0.0000000000  3.1415926536  -0.0000000000  -0.5080781904
9.4247779608  0.0000000000  3.1415926536  -0.0000001909  -0.4601875753
10.6814150222  0.0000000000  3.1415926536  -0.0000002150  -0.4190782528
11.9380520836  0.0000000000  3.1415926536  -0.0000001489  -0.3837644006
13.1946891451  0.0000000000  3.1415926536  -0.0000000661  -0.3533189822
14.4513262065  0.0000000000  3.1415926536  0.0000000000  -0.3269345531
15.7079632679  0.0000000000  3.1415926536  0.0000000418  -0.3039341797
16.9646003294  0.0000000000  3.1415926536  0.0000000627  -0.2837607563
18.2212373908  0.0000000000  3.1415926536  0.0000000687  -0.2659593639
19.4778744523  0.0000000000  3.1415926536  0.0000000653  -0.2501591758
20.7345115137  0.0000000000  3.1415926536  0.0000000567  -0.2360573806
21.9911485751  0.0000000000  3.1415926536  0.0000000458  -0.2234057677
23.2477856366  0.0000000000  3.1415926536  0.0000000343  -0.2119998746
24.5044226980  0.0000000000  3.1415926536  0.0000000232  -0.2016703394
25.7610597594  0.0000000000  3.1415926536  0.0000000130  -0.1922760568
27.0176968209  0.0000000000  3.1415926536  0.0000000040  -0.1836987713
28.2743338823  0.0000000000  3.1415926536  -0.0000000037  -0.1758388002
29.5309709437  0.0000000000  3.1415926536  -0.0000000102  -0.1686116403
30.7876080052  0.0000000000  3.1415926536  -0.0000000157  -0.1619452646
32.0442450666  0.0000000000  3.1415926536  -0.0000000202  -0.1557779585
33.3008821281  0.0000000000  3.1415926536  -0.0000000238  -0.1500565783
34.5575191895  0.0000000000  3.1415926536  -0.0000000266  -0.1447351424
35.8141562509  0.0000000000  3.1415926536  -0.0000000289  -0.1397736858
37.0707933124  0.0000000000  3.1415926536  -0.0000000306  -0.1351373229
38.3274303738  0.0000000000  3.1415926536  -0.0000000319  -0.1307954773
39.5840674352  0.0000000000  3.1415926536  -0.0000000328  -0.1267212455
40.8407044967  0.0000000000  3.1415926536  -0.0000000334  -0.1228908681
42.0973415581  0.0000000000  3.1415926536  -0.0000000337  -0.1192832890
43.3539786195  0.0000000000  3.1415926536  -0.0000000338  -0.1158797855
44.6106156810  0.0000000000  3.1415926536  -0.0000000338  -0.1126636571
45.8672527424  0.0000000000  3.1415926536  -0.0000000336  -0.1096199620
47.1238898038  0.0000000000  3.1415926536  -0.0000000333  -0.1067352938
48.3805268653  0.0000000000  3.1415926536  -0.0000000329  -0.1039975904
49.6371639267  0.0000000000  3.1415926536  -0.0000000324  -0.1013959714
50.8938009882  0.0000000000  3.1415926536  -0.0000000319  -0.0989205973
52.1504380496  0.0000000000  3.1415926536  -0.0000000313  -0.0965625493
53.4070751110  0.0000000000  3.1415926536  -0.0000000307  -0.0943137243
54.6637121725  0.0000000000  3.1415926536  -0.0000000301  -0.0921667447
55.9203492339  0.0000000000  3.1415926536  -0.0000000295  -0.0901148791
57.1769862953  0.0000000000  3.1415926536  -0.0000000289  -0.0881519735
58.4336233568  0.0000000000  3.1415926536  -0.0000000282  -0.0862723912
59.6902604182  0.0000000000  3.1415926536  -0.0000000276  -0.0844709598
60.9468974796  0.0000000000  3.1415926536  -0.0000000269  -0.0827429242
62.2035345411  0.0000000000  3.1415926536  -0.0000000263  -0.0810839061
63.4601716025  0.0000000000  3.1415926536  -0.0000000257  -0.0794898670
64.7168086639  0.0000000000  3.1415926536  -0.0000000250  -0.0779570766
65.9734457254  0.0000000000  3.1415926536  -0.0000000244  -0.0764820834
67.2300827868  0.0000000000  3.1415926536  -0.0000000238  -0.0750616898
68.4867198483  0.0000000000  3.1415926536  -0.0000000232  -0.0736929289
69.7433569097  0.0000000000  3.1415926536  -0.0000000227  -0.0723730443
70.9999939711  0.0000000000  3.1415926536  -0.0000000221  -0.0710994716
72.2566310326  0.0000000000  3.1415926536  -0.0000000216  -0.0698698224
73.5132680940  0.0000000000  3.1415926536  -0.0000000211  -0.0686818692
74.7699051554  0.0000000000  3.1415926536  -0.0000000205  -0.0675335322
76.0265422169  0.0000000000  3.1415926536  -0.0000000200  -0.0664228673
77.2831792783  0.0000000000  3.1415926536  -0.0000000196  -0.0653480552
78.5398163397  0.0000000000  3.1415926536  -0.0000000191  -0.0643073916
79.7964534012  0.0000000000  3.1415926536  -0.0000000186  -0.0632992784
81.0530904626  0.0000000000  3.1415926536  -0.0000000182  -0.0623222152
82.3097275241  0.0000000000  3.1415926536  -0.0000000178  -0.0613747924
83.5663645855  0.0000000000  3.1415926536  -0.0000000173  -0.0604556844
84.8230016469  0.0000000000  3.1415926536  -0.0000000169  -0.0595636429
86.0796387084  0.0000000000  3.1415926536  -0.0000000165  -0.0586974922
87.3362757698  0.0000000000  3.1415926536  -0.0000000162  -0.0578561233
88.5929128312  0.0000000000  3.1415926536  -0.0000000158  -0.0570384897
89.8495498927  0.0000000000  3.1415926536  -0.0000000154  -0.0562436028
91.1061869541  0.0000000000  3.1415926536  -0.0000000151  -0.0554705281
92.3628240155  0.0000000000  3.1415926536  -0.0000000147  -0.0547183814
93.6194610770  0.0000000000  3.1415926536  -0.0000000144  -0.0539863257
94.8760981384  0.0000000000  3.1415926536  -0.0000000141  -0.0532735679
96.1327351998  0.0000000000  3.1415926536  -0.0000000138  -0.0525793560
97.3893722613  0.0000000000  3.1415926536  -0.0000000135  -0.0519029767
98.6460093227  0.0000000000  3.1415926536  -0.0000000132  -0.0512437526
99.9026463842  0.0000000000  3.1415926536  -0.0000000129  -0.0506010401
101.1592834456  0.0000000000  3.1415926536  -0.0000000126  -0.0499742274
102.4159205070  0.0000000000  3.1415926536  -0.0000000124  -0.0493627326
103.6725575685  0.0000000000  3.1415926536  -0.0000000121  -0.0487660017
104.9291946299  0.0000000000  3.1415926536  -0.0000000119  -0.0481835070
106.1858316913  0.0000000000  3.1415926536  -0.0000000116  -0.0476147459
107.4424687528  0.0000000000  3.1415926536  -0.0000000114  -0.0470592388
108.6991058142  0.0000000000  3.1415926536  -0.0000000111  -0.0465165284
109.9557428756  0.0000000000  3.1415926536  -0.0000000109  -0.0459861780
111.2123799371  0.0000000000  3.1415926536  -0.0000000107  -0.0454677708
112.4690169985  0.0000000000  3.1415926536  -0.0000000105  -0.0449609081
113.7256540600  0.0000000000  3.1415926536  -0.0000000103  -0.0444652090
114.9822911214  0.0000000000  3.1415926536  -0.0000000101  -0.0439803093
116.2389281828  0.0000000000  3.1415926536  -0.0000000099  -0.0435058600
117.4955652443  0.0000000000  3.1415926536  -0.0000000097  -0.0430415273
118.7522023057  0.0000000000  3.1415926536  -0.0000000095  -0.0425869915
120.0088393671  0.0000000000  3.1415926536  -0.0000000093  -0.0421419460
121.2654764286  0.0000000000  3.1415926536  -0.0000000092  -0.0417060969
122.5221134900  0.0000000000  3.1415926536  -0.0000000090  -0.0412791624
123.7787505514  0.0000000000  3.1415926536  -0.0000000088  -0.0408608720
125.0353876129  0.0000000000  3.1415926536  -0.0000000087  -0.0404509660
126.2920246743  0.0000000000  3.1415926536  -0.0000000085  -0.0400491951
127.5486617357  0.0000000000  3.1415926536  -0.0000000084  -0.0396553198
128.8052987972  0.0000000000  3.1415926536  -0.0000000082  -0.0392691097
130.0619358586  0.0000000000  3.1415926536  -0.0000000081  -0.0388903434
131.3185729201  0.0000000000  3.1415926536  -0.0000000079  -0.0385188079
132.5752099815  0.0000000000  3.1415926536  -0.0000000078  -0.0381542984
133.8318470429  0.0000000000  3.1415926536  -0.0000000077  -0.0377966175
135.0884841044  0.0000000000  3.1415926536  -0.0000000075  -0.0374455753
136.3451211658  0.0000000000  3.1415926536  -0.0000000074  -0.0371009887
137.6017582272  0.0000000000  3.1415926536  -0.0000000073  -0.0367626816
138.8583952887  0.0000000000  3.1415926536  -0.0000000072  -0.0364304839
140.1150323501  0.0000000000  3.1415926536  -0.0000000070  -0.0361042317
141.3716694115  0.0000000000  3.1415926536  -0.0000000069  -0.0357837670
142.6283064730  0.0000000000  3.1415926536  -0.0000000068  -0.0354689372
143.8849435344  0.0000000000  3.1415926536  -0.0000000067  -0.0351595950
145.1415805958  0.0000000000  3.1415926536  -0.0000000066  -0.0348555984
146.3982176573  0.0000000000  3.1415926536  -0.0000000065  -0.0345568101
147.6548547187  0.0000000000  3.1415926536  -0.0000000064  -0.0342630973
148.9114917802  0.0000000000  3.1415926536  -0.0000000063  -0.0339743321
150.1681288416  0.0000000000  3.1415926536  -0.0000000062  -0.0336903905
151.4247659030  0.0000000000  3.1415926536  -0.0000000061  -0.0334111527
152.6814029645  0.0000000000  3.1415926536  -0.0000000060  -0.0331365028
153.9380400259  0.0000000000  3.1415926536  -0.0000000059  -0.0328663288
155.1946770873  0.0000000000  3.1415926536  -0.0000000058  -0.0326005222
156.4513141488  0.0000000000  3.1415926536  -0.0000000057  -0.0323389781
157.7079512102  0.0000000000  3.1415926536  -0.0000000056  -0.0320815947
158.9645882716  0.0000000000  3.1415926536  -0.0000000056  -0.0318282736
160.2212253331  0.0000000000  3.1415926536  -0.0000000055  -0.0315789195
161.4778623945  0.0000000000  3.1415926536  -0.0000000054  -0.0313334400
162.7344994560  0.0000000000  3.1415926536  -0.0000000053  -0.0310917454
163.9911365174  0.0000000000  3.1415926536  -0.0000000052  -0.0308537490
165.2477735788  0.0000000000  3.1415926536  -0.0000000052  -0.0306193666
166.5044106403  0.0000000000  3.1415926536  -0.0000000051  -0.0303885165
167.7610477017  0.0000000000  3.1415926536  -0.0000000050  -0.0301611195
169.0176847631  0.0000000000  3.1415926536  -0.0000000049  -0.0299370987
170.2743218246  0.0000000000  3.1415926536  -0.0000000049  -0.0297163796
171.5309588860  0.0000000000  3.1415926536  -0.0000000048  -0.0294988897
172.7875959474  0.0000000000  3.1415926536  -0.0000000047  -0.0292845587
174.0442330089  0.0000000000  3.1415926536  -0.0000000047  -0.0290733183
175.3008700703  0.0000000000  3.1415926536  -0.0000000046  -0.0288651022
176.5575071317  0.0000000000  3.1415926536  -0.0000000045  -0.0286598459
177.8141441932  0.0000000000  3.1415926536  -0.0000000045  -0.0284574868
179.0707812546  0.0000000000  3.1415926536  -0.0000000044  -0.0282579639
180.3274183161  0.0000000000  3.1415926536  -0.0000000044  -0.0280612182
181.5840553775  0.0000000000  3.1415926536  -0.0000000043  -0.0278671921
182.8406924389  0.0000000000  3.1415926536  -0.0000000043  -0.0276758295
184.0973295004  0.0000000000  3.1415926536  -0.0000000042  -0.0274870760
185.3539665618  0.0000000000  3.1415926536  -0.0000000041  -0.0273008787
186.6106036232  0.0000000000  3.1415926536  -0.0000000041  -0.0271171859
187.8672406847  0.0000000000  3.1415926536  -0.0000000040  -0.0269359476
189.1238777461  0.0000000000  3.1415926536  -0.0000000040  -0.0267571149
190.3805148075  0.0000000000  3.1415926536  -0.0000000039  -0.0265806401
191.6371518690  0.0000000000  3.1415926536  -0.0000000039  -0.0264064771
192.8937889304  0.0000000000  3.1415926536  -0.0000000038  -0.0262345806
194.1504259918  0.0000000000  3.1415926536  -0.0000000038  -0.0260649068
195.4070630533  0.0000000000  3.1415926536  -0.0000000037  -0.0258974129
196.6637001147  0.0000000000  3.1415926536  -0.0000000037  -0.0257320570
197.9203371762  0.0000000000  3.1415926536  -0.0000000037  -0.0255687986
199.1769742376  0.0000000000  3.1415926536  -0.0000000036  -0.0254075979
200.4336112990  0.0000000000  3.1415926536  -0.0000000036  -0.0252484164
201.6902483605  0.0000000000  3.1415926536  -0.0000000035  -0.0250912164
202.9468854219  0.0000000000  3.1415926536  -0.0000000035  -0.0249359611
204.2035224833  0.0000000000  3.1415926536  -0.0000000034  -0.0247826146
205.4601595448  0.0000000000  3.1415926536  -0.0000000034  -0.0246311421
206.7167966062  0.0000000000  3.1415926536  -0.0000000034  -0.0244815092
207.9734336676  0.0000000000  3.1415926536  -0.0000000033  -0.0243336828
209.2300707291  0.0000000000  3.1415926536  -0.0000000033  -0.0241876304
210.4867077905  0.0000000000  3.1415926536  -0.0000000032  -0.0240433201
211.7433448520  0.0000000000  3.1415926536  -0.0000000032  -0.0239007211
212.9999819134  0.0000000000  3.1415926536  -0.0000000032  -0.0237598031
214.2566189748  0.0000000000  3.1415926536  -0.0000000031  -0.0236205365
215.5132560363  0.0000000000  3.1415926536  -0.0000000031  -0.0234828925
216.7698930977  0.0000000000  3.1415926536  -0.0000000031  -0.0233468429
218.0265301591  0.0000000000  3.1415926536  -0.0000000030  -0.0232123602
219.2831672206  0.0000000000  3.1415926536  -0.0000000030  -0.0230794175
220.5398042820  0.0000000000  3.1415926536  -0.0000000030  -0.0229479884
221.7964413434  0.0000000000  3.1415926536  -0.0000000029  -0.0228180473
223.0530784049  0.0000000000  3.1415926536  -0.0000000029  -0.0226895690
224.3097154663  0.0000000000  3.1415926536  -0.0000000029  -0.0225625291
225.5663525277  0.0000000000  3.1415926536  -0.0000000028  -0.0224369034
226.8229895892  0.0000000000  3.1415926536  -0.0000000028  -0.0223126685
228.0796266506  0.0000000000  3.1415926536  -0.0000000028  -0.0221898015
229.3362637121  0.0000000000  3.1415926536  -0.0000000027  -0.0220682798
230.5929007735  0.0000000000  3.1415926536  -0.0000000027  -0.0219480816
231.8495378349  0.0000000000  3.1415926536  -0.0000000027  -0.0218291853
233.1061748964  0.0000000000  3.1415926536  -0.0000000027  -0.0217115699
234.3628119578  0.0000000000  3.1415926536  -0.0000000026  -0.0215952147
235.6194490192  0.0000000000  3.1415926536  -0.0000000026  -0.0214800998
236.8760860807  0.0000000000  3.1415926536  -0.0000000026  -0.0213662052
238.1327231421  0.0000000000  3.1415926536  -0.0000000026  -0.0212535118
239.3893602035  0.0000000000  3.1415926536  -0.0000000025  -0.0211420007
240.6459972650  0.0000000000  3.1415926536  -0.0000000025  -0.0210316533
241.9026343264  0.0000000000  3.1415926536  -0.0000000025  -0.0209224515
243.1592713878  0.0000000000  3.1415926536  -0.0000000024  -0.0208143775
244.4159084493  0.0000000000  3.1415926536  -0.0000000024  -0.0207074141
245.6725455107  0.0000000000  3.1415926536  -0.0000000024  -0.0206015442
246.9291825722  0.0000000000  3.1415926536  -0.0000000024  -0.0204967510
248.1858196336  0.0000000000  3.1415926536  -0.0000000024  -0.0203930183
249.4424566950  0.0000000000  3.1415926536  -0.0000000023  -0.0202903300
250.6990937565  0.0000000000  3.1415926536  -0.0000000023  -0.0201886705
251.9557308179  0.0000000000  3.1415926536  -0.0000000023  -0.0200880244
253.2123678793  0.0000000000  3.1415926536  -0.0000000023  -0.0199883765
254.4690049408  0.0000000000  3.1415926536  -0.0000000022  -0.0198897122
255.7256420022  0.0000000000  3.1415926536  -0.0000000022  -0.0197920169
256.9822790636  0.0000000000  3.1415926536  -0.0000000022  -0.0196952765
258.2389161251  0.0000000000  3.1415926536  -0.0000000022  -0.0195994769
259.4955531865  0.0000000000  3.1415926536  -0.0000000022  -0.0195046046
260.7521902480  0.0000000000  3.1415926536  -0.0000000021  -0.0194106462
262.0088273094  0.0000000000  3.1415926536  -0.0000000021  -0.0193175884
263.2654643708  0.0000000000  3.1415926536  -0.0000000021  -0.0192254185
264.5221014323  0.0000000000  3.1415926536  -0.0000000021  -0.0191341238
265.7787384937  0.0000000000  3.1415926536  -0.0000000021  -0.0190436918
267.0353755551  0.0000000000  3.1415926536  -0.0000000020  -0.0189541105
268.2920126166  0.0000000000  3.1415926536  -0.0000000020  -0.0188653678
269.5486496780  0.0000000000  3.1415926536  -0.0000000020  -0.0187774521
270.8052867394  0.0000000000  3.1415926536  -0.0000000020  -0.0186903518
272.0619238009  0.0000000000  3.1415926536  -0.0000000020  -0.0186040557
273.3185608623  0.0000000000  3.1415926536  -0.0000000019  -0.0185185526
274.5751979237  0.0000000000  3.1415926536  -0.0000000019  -0.0184338317
275.8318349852  0.0000000000  3.1415926536  -0.0000000019  -0.0183498823
277.0884720466  0.0000000000  3.1415926536  -0.0000000019  -0.0182666940
278.3451091081  0.0000000000  3.1415926536  -0.0000000019  -0.0181842564
279.6017461695  0.0000000000  3.1415926536  -0.0000000019  -0.0181025593
280.8583832309  0.0000000000  3.1415926536  -0.0000000018  -0.0180215930
282.1150202924  0.0000000000  3.1415926536  -0.0000000018  -0.0179413475
283.3716573538  0.0000000000  3.1415926536  -0.0000000018  -0.0178618134
284.6282944152  0.0000000000  3.1415926536  -0.0000000018  -0.0177829812
285.8849314767  0.0000000000  3.1415926536  -0.0000000018  -0.0177048417
287.1415685381  0.0000000000  3.1415926536  -0.0000000018  -0.0176273857
288.3982055995  0.0000000000  3.1415926536  -0.0000000018  -0.0175506044
289.6548426610  0.0000000000  3.1415926536  -0.0000000017  -0.0174744890
290.9114797224  0.0000000000  3.1415926536  -0.0000000017  -0.0173990308
292.1681167839  0.0000000000  3.1415926536  -0.0000000017  -0.0173242214
293.4247538453  0.0000000000  3.1415926536  -0.0000000017  -0.0172500524
294.6813909067  0.0000000000  3.1415926536  -0.0000000017  -0.0171765157
295.9380279682  0.0000000000  3.1415926536  -0.0000000017  -0.0171036032
297.1946650296  0.0000000000  3.1415926536  -0.0000000017  -0.0170313070
298.4513020910  0.0000000000  3.1415926536  -0.0000000016  -0.0169596193
299.7079391525  0.0000000000  3.1415926536  -0.0000000016  -0.0168885325
300.9645762139  0.0000000000  3.1415926536  -0.0000000016  -0.0168180390
302.2212132753  0.0000000000  3.1415926536  -0.0000000016  -0.0167481314
303.4778503368  0.0000000000  3.1415926536  -0.0000000016  -0.0166788026
304.7344873982  0.0000000000  3.1415926536  -0.0000000016  -0.0166100452
305.9911244596  0.0000000000  3.1415926536  -0.0000000016  -0.0165418524
307.2477615211  0.0000000000  3.1415926536  -0.0000000015  -0.0164742171
308.5043985825  0.0000000000  3.1415926536  -0.0000000015  -0.0164071325
309.7610356440  0.0000000000  3.1415926536  -0.0000000015  -0.0163405920
311.0176727054  0.0000000000  3.1415926536  -0.0000000015  -0.0162745890
312.2743097668  0.0000000000  3.1415926536  -0.0000000015  -0.0162091169
313.5309468283  0.0000000000  3.1415926536  -0.0000000015  -0.0161441695
314.7875838897  0.0000000000  3.1415926536  -0.0000000015  -0.0160797403
316.0442209511  0.0000000000  3.1415926536  -0.0000000015  -0.0160158233
317.3008580126  0.0000000000  3.1415926536  -0.0000000015  -0.0159524124
318.5574950740  0.0000000000  3.1415926536  -0.0000000014  -0.0158895015
319.8141321354  0.0000000000  3.1415926536  -0.0000000014  -0.0158270848
321.0707691969  0.0000000000  3.1415926536  -0.0000000014  -0.0157651565
322.3274062583  0.0000000000  3.1415926536  -0.0000000014  -0.0157037108
323.5840433197  0.0000000000  3.1415926536  -0.0000000014  -0.0156427422
324.8406803812  0.0000000000  3.1415926536  -0.0000000014  -0.0155822452
326.0973174426  0.0000000000  3.1415926536  -0.0000000014  -0.0155222142
327.3539545041  0.0000000000  3.1415926536  -0.0000000014  -0.0154626439
328.6105915655  0.0000000000  3.1415926536  -0.0000000014  -0.0154035290
329.8672286269  0.0000000000  3.1415926536  -0.0000000013  -0.0153448643
331.1238656884  0.0000000000  3.1415926536  -0.0000000013  -0.0152866448
332.3805027498  0.0000000000  3.1415926536  -0.0000000013  -0.0152288653
333.6371398112  0.0000000000  3.1415926536  -0.0000000013  -0.0151715208
334.8937768727  0.0000000000  3.1415926536  -0.0000000013  -0.0151146066
336.1504139341  0.0000000000  3.1415926536  -0.0000000013  -0.0150581177
337.4070509955  0.0000000000  3.1415926536  -0.0000000013  -0.0150020494
338.6636880570  0.0000000000  3.1415926536  -0.0000000013  -0.0149463971
339.9203251184  0.0000000000  3.1415926536  -0.0000000013  -0.0148911561
341.1769621799  0.0000000000  3.1415926536  -0.0000000013  -0.0148363219
342.4335992413  0.0000000000  3.1415926536  -0.0000000012  -0.0147818900
343.6902363027  0.0000000000  3.1415926536  -0.0000000012  -0.0147278560
344.9468733642  0.0000000000  3.1415926536  -0.0000000012  -0.0146742155
346.2035104256  0.0000000000  3.1415926536  -0.0000000012  -0.0146209643
347.4601474870  0.0000000000  3.1415926536  -0.0000000012  -0.0145680981
348.7167845485  0.0000000000  3.1415926536  -0.0000000012  -0.0145156128
349.9734216099  0.0000000000  3.1415926536  -0.0000000012  -0.0144635043
351.2300586713  0.0000000000  3.1415926536  -0.0000000012  -0.0144117686
352.4866957328  0.0000000000  3.1415926536  -0.0000000012  -0.0143604016
353.7433327942  0.0000000000  3.1415926536  -0.0000000012  -0.0143093994
354.9999698556  0.0000000000  3.1415926536  -0.0000000012  -0.0142587582
356.2566069171  0.0000000000  3.1415926536  -0.0000000012  -0.0142084741
357.5132439785  0.0000000000  3.1415926536  -0.0000000011  -0.0141585433
358.7698810400  0.0000000000  3.1415926536  -0.0000000011  -0.0141089623
360.0265181014  0.0000000000  3.1415926536  -0.0000000011  -0.0140597272
361.2831551628  0.0000000000  3.1415926536  -0.0000000011  -0.0140108346
362.5397922243  0.0000000000  3.1415926536  -0.0000000011  -0.0139622807
363.7964292857  0.0000000000  3.1415926536  -0.0000000011  -0.0139140622
365.0530663471  0.0000000000  3.1415926536  -0.0000000011  -0.0138661756
366.3097034086  0.0000000000  3.1415926536  -0.0000000011  -0.0138186174
367.5663404700  0.0000000000  3.1415926536  -0.0000000011  -0.0137713843
368.8229775314  0.0000000000  3.1415926536  -0.0000000011  -0.0137244729
370.0796145929  0.0000000000  3.1415926536  -0.0000000011  -0.0136778800
371.3362516543  0.0000000000  3.1415926536  -0.0000000011  -0.0136316024
372.5928887157  0.0000000000  3.1415926536  -0.0000000011  -0.0135856368
373.8495257772  0.0000000000  3.1415926536  -0.0000000011  -0.0135399802
375.1061628386  0.0000000000  3.1415926536  -0.0000000010  -0.0134946293
376.3627999001  0.0000000000  3.1415926536  -0.0000000010  -0.0134495813
377.6194369615  0.0000000000  3.1415926536  -0.0000000010  -0.0134048329
378.8760740229  0.0000000000  3.1415926536  -0.0000000010  -0.0133603813
380.1327110844  0.0000000000  3.1415926536  -0.0000000010  -0.0133162235
381.3893481458  0.0000000000  3.1415926536  -0.0000000010  -0.0132723566
382.6459852072  0.0000000000  3.1415926536  -0.0000000010  -0.0132287778
383.9026222687  0.0000000000  3.1415926536  -0.0000000010  -0.0131854841
385.1592593301  0.0000000000  3.1415926536  -0.0000000010  -0.0131424729
386.4158963915  0.0000000000  3.1415926536  -0.0000000010  -0.0130997414
387.6725334530  0.0000000000  3.1415926536  -0.0000000010  -0.0130572868
388.9291705144  0.0000000000  3.1415926536  -0.0000000010  -0.0130151064
390.1858075759  0.0000000000  3.1415926536  -0.0000000010  -0.0129731977
391.4424446373  0.0000000000  3.1415926536  -0.0000000010  -0.0129315580
392.6990816987  0.0000000000  3.1415926536  -0.0000000010  -0.0128901847
393.9557187602  0.0000000000  3.1415926536  -0.0000000009  -0.0128490753
395.2123558216  0.0000000000  3.1415926536  -0.0000000009  -0.0128082272
396.4689928830  0.0000000000  3.1415926536  -0.0000000009  -0.0127676380
397.7256299445  0.0000000000  3.1415926536  -0.0000000009  -0.0127273052
398.9822670059  0.0000000000  3.1415926536  -0.0000000009  -0.0126872264
400.2389040673  0.0000000000  3.1415926536  -0.0000000009  -0.0126473992
401.4955411288  0.0000000000  3.1415926536  -0.0000000009  -0.0126078213
402.7521781902  0.0000000000  3.1415926536  -0.0000000009  -0.0125684903
404.0088152516  0.0000000000  3.1415926536  -0.0000000009  -0.0125294038
405.2654523131  0.0000000000  3.1415926536  -0.0000000009  -0.0124905597
406.5220893745  0.0000000000  3.1415926536  -0.0000000009  -0.0124519557
407.7787264360  0.0000000000  3.1415926536  -0.0000000009  -0.0124135896
409.0353634974  0.0000000000  3.1415926536  -0.0000000009  -0.0123754591
410.2920005588  0.0000000000  3.1415926536  -0.0000000009  -0.0123375622
411.5486376203  0.0000000000  3.1415926536  -0.0000000009  -0.0122998966
412.8052746817  0.0000000000  3.1415926536  -0.0000000009  -0.0122624603
414.0619117431  0.0000000000  3.1415926536  -0.0000000009  -0.0122252512
415.3185488046  0.0000000000  3.1415926536  -0.0000000009  -0.0121882671
416.5751858660  0.0000000000  3.1415926536  -0.0000000008  -0.0121515062
417.8318229274  0.0000000000  3.1415926536  -0.0000000008  -0.0121149663
419.0884599889  0.0000000000  3.1415926536  -0.0000000008  -0.0120786455
420.3450970503  0.0000000000  3.1415926536  -0.0000000008  -0.0120425418
421.6017341118  0.0000000000  3.1415926536  -0.0000000008  -0.0120066533
422.8583711732  0.0000000000  3.1415926536  -0.0000000008  -0.0119709780
424.1150082346  0.0000000000  3.1415926536  -0.0000000008  -0.0119355141
425.3716452961  0.0000000000  3.1415926536  -0.0000000008  -0.0119002596
426.6282823575  0.0000000000  3.1415926536  -0.0000000008  -0.0118652128
427.8849194189  0.0000000000  3.1415926536  -0.0000000008  -0.0118303718
429.1415564804  0.0000000000  3.1415926536  -0.0000000008  -0.0117957349
430.3981935418  0.0000000000  3.1415926536  -0.0000000008  -0.0117613001
431.6548306032  0.0000000000  3.1415926536  -0.0000000008  -0.0117270657
432.9114676647  0.0000000000  3.1415926536  -0.0000000008  -0.0116930301
434.1681047261  0.0000000000  3.1415926536  -0.0000000008  -0.0116591915
435.4247417875  0.0000000000  3.1415926536  -0.0000000008  -0.0116255481
436.6813788490  0.0000000000  3.1415926536  -0.0000000008  -0.0115920983
437.9380159104  0.0000000000  3.1415926536  -0.0000000008  -0.0115588404
439.1946529719  0.0000000000  3.1415926536  -0.0000000008  -0.0115257728
440.4512900333  0.0000000000  3.1415926536  -0.0000000008  -0.0114928939
441.7079270947  0.0000000000  3.1415926536  -0.0000000008  -0.0114602020
442.9645641562  0.0000000000  3.1415926536  -0.0000000008  -0.0114276955
444.2212012176  0.0000000000  3.1415926536  -0.0000000007  -0.0113953729
445.4778382790  0.0000000000  3.1415926536  -0.0000000007  -0.0113632326
446.7344753405  0.0000000000  3.1415926536  -0.0000000007  -0.0113312731
447.9911124019  0.0000000000  3.1415926536  -0.0000000007  -0.0112994929
449.2477494633  0.0000000000  3.1415926536  -0.0000000007  -0.0112678904
450.5043865248  0.0000000000  3.1415926536  -0.0000000007  -0.0112364642
451.7610235862  0.0000000000  3.1415926536  -0.0000000007  -0.0112052128
453.0176606476  0.0000000000  3.1415926536  -0.0000000007  -0.0111741347
454.2742977091  0.0000000000  3.1415926536  -0.0000000007  -0.0111432285
455.5309347705  0.0000000000  3.1415926536  -0.0000000007  -0.0111124928
456.7875718320  0.0000000000  3.1415926536  -0.0000000007  -0.0110819262
458.0442088934  0.0000000000  3.1415926536  -0.0000000007  -0.0110515272
459.3008459548  0.0000000000  3.1415926536  -0.0000000007  -0.0110212946
460.5574830163  0.0000000000  3.1415926536  -0.0000000007  -0.0109912269
461.8141200777  0.0000000000  3.1415926536  -0.0000000007  -0.0109613228
463.0707571391  0.0000000000  3.1415926536  -0.0000000007  -0.0109315810
464.3273942006  0.0000000000  3.1415926536  -0.0000000007  -0.0109020001
465.5840312620  0.0000000000  3.1415926536  -0.0000000007  -0.0108725789
466.8406683234  0.0000000000  3.1415926536  -0.0000000007  -0.0108433161
468.0973053849  0.0000000000  3.1415926536  -0.0000000007  -0.0108142103
469.3539424463  0.0000000000  3.1415926536  -0.0000000007  -0.0107852604
470.6105795078  0.0000000000  3.1415926536  -0.0000000007  -0.0107564650
471.8672165692  0.0000000000  3.1415926536  -0.0000000007  -0.0107278230
473.1238536306  0.0000000000  3.1415926536  -0.0000000007  -0.0106993331
474.3804906921  0.0000000000  3.1415926536  -0.0000000007  -0.0106709941
475.6371277535  0.0000000000  3.1415926536  -0.0000000007  -0.0106428048
476.8937648149  0.0000000000  3.1415926536  -0.0000000006  -0.0106147640
478.1504018764  0.0000000000  3.1415926536  -0.0000000006  -0.0105868706
479.4070389378  0.0000000000  3.1415926536  -0.0000000006  -0.0105591234
480.6636759992  0.0000000000  3.1415926536  -0.0000000006  -0.0105315213
481.9203130607  0.0000000000  3.1415926536  -0.0000000006  -0.0105040631
483.1769501221  0.0000000000  3.1415926536  -0.0000000006  -0.0104767477
484.4335871835  0.0000000000  3.1415926536  -0.0000000006  -0.0104495740
485.6902242450  0.0000000000  3.1415926536  -0.0000000006  -0.0104225408
486.9468613064  0.0000000000  3.1415926536  -0.0000000006  -0.0103956472
488.2034983679  0.0000000000  3.1415926536  -0.0000000006  -0.0103688920
489.4601354293  0.0000000000  3.1415926536  -0.0000000006  -0.0103422742
490.7167724907  0.0000000000  3.1415926536  -0.0000000006  -0.0103157926
491.9734095522  0.0000000000  3.1415926536  -0.0000000006  -0.0102894463
493.2300466136  0.0000000000  3.1415926536  -0.0000000006  -0.0102632343
494.4866836750  0.0000000000  3.1415926536  -0.0000000006  -0.0102371554
495.7433207365  0.0000000000  3.1415926536  -0.0000000006  -0.0102112087
496.9999577979  0.0000000000  3.1415926536  -0.0000000006  -0.0101853932
498.2565948593  0.0000000000  3.1415926536  -0.0000000006  -0.0101597079
499.5132319208  0.0000000000  3.1415926536  -0.0000000006  -0.0101341519
500.7698689822  0.0000000000  3.1415926536  -0.0000000006  -0.0101087240
502.0265060436  0.0000000000  3.1415926536  -0.0000000006  -0.0100834235
503.2831431051  0.0000000000  3.1415926536  -0.0000000006  -0.0100582492
504.5397801665  0.0000000000  3.1415926536  -0.0000000006  -0.0100332003
505.7964172280  0.0000000000  3.1415926536  -0.0000000006  -0.0100082759
507.0530542894  0.0000000000  3.1415926536  -0.0000000006  -0.0099834750
508.3096913508  0.0000000000  3.1415926536  -0.0000000006  -0.0099587967
509.5663284123  0.0000000000  3.1415926536  -0.0000000006  -0.0099342402
510.8229654737  0.0000000000  3.1415926536  -0.0000000006  -0.0099098044
512.0796025351  0.0000000000  3.1415926536  -0.0000000006  -0.0098854885
513.3362395966  0.0000000000  3.1415926536  -0.0000000006  -0.0098612916
514.5928766580  0.0000000000  3.1415926536  -0.0000000006  -0.0098372129
515.8495137194  0.0000000000  3.1415926536  -0.0000000006  -0.0098132515
517.1061507809  0.0000000000  3.1415926536  -0.0000000006  -0.0097894066
518.3627878423  0.0000000000  3.1415926536  -0.0000000005  -0.0097656772
519.6194249038  0.0000000000  3.1415926536  -0.0000000005  -0.0097420626
520.8760619652  0.0000000000  3.1415926536  -0.0000000005  -0.0097185619
522.1326990266  0.0000000000  3.1415926536  -0.0000000005  -0.0096951743
523.3893360881  0.0000000000  3.1415926536  -0.0000000005  -0.0096718990
524.6459731495  0.0000000000  3.1415926536  -0.0000000005  -0.0096487352
525.9026102109  0.0000000000  3.1415926536  -0.0000000005  -0.0096256821
527.1592472724  0.0000000000  3.1415926536  -0.0000000005  -0.0096027388
528.4158843338  0.0000000000  3.1415926536  -0.0000000005  -0.0095799047
529.6725213952  0.0000000000  3.1415926536  -0.0000000005  -0.0095571789
530.9291584567  0.0000000000  3.1415926536  -0.0000000005  -0.0095345606
532.1857955181  0.0000000000  3.1415926536  -0.0000000005  -0.0095120492
533.4424325795  0.0000000000  3.1415926536  -0.0000000005  -0.0094896438
534.6990696410  0.0000000000  3.1415926536  -0.0000000005  -0.0094673437
535.9557067024  0.0000000000  3.1415926536  -0.0000000005  -0.0094451482
537.2123437639  0.0000000000  3.1415926536  -0.0000000005  -0.0094230564
538.4689808253  0.0000000000  3.1415926536  -0.0000000005  -0.0094010678
539.7256178867  0.0000000000  3.1415926536  -0.0000000005  -0.0093791816
540.9822549482  0.0000000000  3.1415926536  -0.0000000005  -0.0093573970
542.2388920096  0.0000000000  3.1415926536  -0.0000000005  -0.0093357133
543.4955290710  0.0000000000  3.1415926536  -0.0000000005  -0.0093141300
544.7521661325  0.0000000000  3.1415926536  -0.0000000005  -0.0092926462
546.0088031939  0.0000000000  3.1415926536  -0.0000000005  -0.0092712612
547.2654402553  0.0000000000  3.1415926536  -0.0000000005  -0.0092499745
548.5220773168  0.0000000000  3.1415926536  -0.0000000005  -0.0092287853
549.7787143782  0.0000000000  3.1415926536  -0.0000000005  -0.0092076929
551.0353514396  0.0000000000  3.1415926536  -0.0000000005  -0.0091866967
552.2919885011  0.0000000000  3.1415926536  -0.0000000005  -0.0091657961
553.5486255625  0.0000000000  3.1415926536  -0.0000000005  -0.0091449903
554.8052626240  0.0000000000  3.1415926536  -0.0000000005  -0.0091242788
556.0618996854  0.0000000000  3.1415926536  -0.0000000005  -0.0091036608
557.3185367468  0.0000000000  3.1415926536  -0.0000000005  -0.0090831359
558.5751738083  0.0000000000  3.1415926536  -0.0000000005  -0.0090627033
559.8318108697  0.0000000000  3.1415926536  -0.0000000005  -0.0090423623
561.0884479311  0.0000000000  3.1415926536  -0.0000000005  -0.0090221125
562.3450849926  0.0000000000  3.1415926536  -0.0000000005  -0.0090019532
563.6017220540  0.0000000000  3.1415926536  -0.0000000005  -0.0089818838
564.8583591154  0.0000000000  3.1415926536  -0.0000000005  -0.0089619036
566.1149961769  0.0000000000  3.1415926536  -0.0000000005  -0.0089420122
567.3716332383  0.0000000000  3.1415926536  -0.0000000005  -0.0089222088
568.6282702998  0.0000000000  3.1415926536  -0.0000000005  -0.0089024930
569.8849073612  0.0000000000  3.1415926536  -0.0000000005  -0.0088828641
571.1415444226  0.0000000000  3.1415926536  -0.0000000005  -0.0088633215
572.3981814841  0.0000000000  3.1415926536  -0.0000000005  -0.0088438648
573.6548185455  0.0000000000  3.1415926536  -0.0000000004  -0.0088244933
574.9114556069  0.0000000000  3.1415926536  -0.0000000004  -0.0088052064
576.1680926684  0.0000000000  3.1415926536  -0.0000000004  -0.0087860037
577.4247297298  0.0000000000  3.1415926536  -0.0000000004  -0.0087668845
578.6813667912  0.0000000000  3.1415926536  -0.0000000004  -0.0087478484
579.9380038527  0.0000000000  3.1415926536  -0.0000000004  -0.0087288948
581.1946409141  0.0000000000  3.1415926536  -0.0000000004  -0.0087100231
582.4512779755  0.0000000000  3.1415926536  -0.0000000004  -0.0086912328
583.7079150370  0.0000000000  3.1415926536  -0.0000000004  -0.0086725235
584.9645520984  0.0000000000  3.1415926536  -0.0000000004  -0.0086538945
586.2211891599  0.0000000000  3.1415926536  -0.0000000004  -0.0086353453
587.4778262213  0.0000000000  3.1415926536  -0.0000000004  -0.0086168755
588.7344632827  0.0000000000  3.1415926536  -0.0000000004  -0.0085984846
589.9911003442  0.0000000000  3.1415926536  -0.0000000004  -0.0085801720
591.2477374056  0.0000000000  3.1415926536  -0.0000000004  -0.0085619372
592.5043744670  0.0000000000  3.1415926536  -0.0000000004  -0.0085437797
593.7610115285  0.0000000000  3.1415926536  -0.0000000004  -0.0085256991
595.0176485899  0.0000000000  3.1415926536  -0.0000000004  -0.0085076949
596.2742856513  0.0000000000  3.1415926536  -0.0000000004  -0.0084897665
597.5309227128  0.0000000000  3.1415926536  -0.0000000004  -0.0084719135
598.7875597742  0.0000000000  3.1415926536  -0.0000000004  -0.0084541355
600.0441968357  0.0000000000  3.1415926536  -0.0000000004  -0.0084364319
601.3008338971  0.0000000000  3.1415926536  -0.0000000004  -0.0084188023
602.5574709585  0.0000000000  3.1415926536  -0.0000000004  -0.0084012462
603.8141080200  0.0000000000  3.1415926536  -0.0000000004  -0.0083837632
605.0707450814  0.0000000000  3.1415926536  -0.0000000004  -0.0083663528
606.3273821428  0.0000000000  3.1415926536  -0.0000000004  -0.0083490146
607.5840192043  0.0000000000  3.1415926536  -0.0000000004  -0.0083317480
608.8406562657  0.0000000000  3.1415926536  -0.0000000004  -0.0083145528
610.0972933271  0.0000000000  3.1415926536  -0.0000000004  -0.0082974283
611.3539303886  0.0000000000  3.1415926536  -0.0000000004  -0.0082803743
612.6105674500  0.0000000000  3.1415926536  -0.0000000004  -0.0082633902
613.8672045114  0.0000000000  3.1415926536  -0.0000000004  -0.0082464756
615.1238415729  0.0000000000  3.1415926536  -0.0000000004  -0.0082296302
616.3804786343  0.0000000000  3.1415926536  -0.0000000004  -0.0082128534
617.6371156958  0.0000000000  3.1415926536  -0.0000000004  -0.0081961449
618.8937527572  0.0000000000  3.1415926536  -0.0000000004  -0.0081795042
620.1503898186  0.0000000000  3.1415926536  -0.0000000004  -0.0081629310
621.4070268801  0.0000000000  3.1415926536  -0.0000000004  -0.0081464247
622.6636639415  0.0000000000  3.1415926536  -0.0000000004  -0.0081299851
623.9203010029  0.0000000000  3.1415926536  -0.0000000004  -0.0081136118
625.1769380644  0.0000000000  3.1415926536  -0.0000000004  -0.0080973042
626.4335751258  0.0000000000  3.1415926536  -0.0000000004  -0.0080810620
627.6902121872  0.0000000000  3.1415926536  -0.0000000004  -0.0080648849
628.9468492487  0.0000000000  3.1415926536  0.0000000000  0.0000000000
-627.6902121872  3.1415926536  0.0000000000  32.7400000000  0.0000000000
-626.4335751258  3.1415926536  0.0000000000  0.0000000000  0.0000000000
-625.1769380644  3.1415926536  0.0000000000  0.0000000000  0.0000000000
-623.9203010029  3.1415926536  0.0000000000  0.0000000000  0.0000000000
-622.6636639415  3.1415926536  0.0000000000  0.0000000000  0.0000000000
-621.4070268801  3.1415926536  0.0000000000  0.0000000000  0.0000000000
-620.1503898186  3.1415926536  0.0000000000  0.0000000000  0.0000000000
-618.8937527572  3.1415926536  0.0000000000  0.0000000000  0.0000000000
-617.6371156958  3.1415926536  0.0000000000  0.0000000000  0.0000000000
-616.3804786343  3.1415926536  0.0000000000  0.0000000000  0.0000000000
-615.1238415729  3.1415926536  0.0000000000  0.0000000000  0.0000000000
-613.8672045114  3.1415926536  0.0000000000  0.0000000000  0.0000000000
-612.6105674500  3.1415926536  0.0000000000  0.0000000000  0.0000000000
-611.3539303886  3.1415926536  0.0000000000  0.0000000000  0.0000000000
-610.0972933271  3.1415926536  0.0000000000  0.0000000000  0.0000000000
-608.8406562657  3.1415926536  0.0000000000  0.0000000000  0.0000000000
-607.5840192043  3.1415926536  0.0000000000  0.0000000000  0.0000000000
-606.3273821428  3.1415926536  0.0000000000  0.0000000000  0.0000000000
-605.0707450814  3.1415926536  0.0000000000  0.0000000000  0.0000000000
-603.8141080200  3.1415926536  0.0000000000  0.0000000000  0.0000000000
-602.5574709585  3.1415926536  0.0000000000  0.0000000000  0.0000000000
-601.3008338971  3.1415926536  0.0000000000  0.0000000000  0.0000000000
-600.0441968357  3.1415926536  0.0000000000  0.0000000000  0.0000000000
-598.7875597742  3.1415926536  0.0000000000  0.0000000000  0.0000000000
-597.5309227128  3.1415926536  0.0000000000  0.0000000000  0.0000000000
-596.2742856513  3.1415926536  0.0000000000  -nan  0.0163524598
-595.0176485899  3.1415926536  0.0000000000  0.0000000000  0.0000000000
-593.7610115285  3.1415926536  0.0000000000  0.0000000000  0.0000000000
-592.5043744670  3.1415926536  0.0000000000  0.0000000000  0.0000000000
-591.2477374056  3.1415926536  0.0000000000  30.1100000000  0.0000000000
-589.9911003442  3.1415926536  0.0000000000  0.0066470914  0.0000000000
-588.7344632827  3.1415926536  0.0000000000  0.0000000000  0.0000000000
-587.4778262213  3.1415926536  0.0000000000  0.0000000000  0.0000000000
-586.2211891599  3.1415926536  0.0000000000  0.0000000000  0.0000000000
-584.9645520984  3.1415926536  0.0000000000  0.0000000000  0.0000000000
-583.7079150370  3.1415926536  0.0000000000  0.0000000000  0.0000000000
-582.4512779755  3.1415926536  0.0000000000  0.0000000000  0.0000000000
-581.1946409141  3.1415926536  0.0000000000  0.0000000000  0.0000000000
-579.9380038527  3.1415926536  0.0000000000  0.0000000000  0.0000000000
-578.6813667912  3.1415926536  0.0000000000  0.0000000000  0.0000000000
-577.4247297298  3.1415926536  0.0000000000  0.0000000000  0.0000000000
-576.1680926684  3.1415926536  0.0000000000  0.0000000000  0.0000000000
-574.9114556069  3.1415926536  0.0000000000  0.0000000000  0.0000000000
-573.6548185455  3.1415926536  0.0000000000  0.0000000000  0.0000000000
-572.3981814841  3.1415926536  0.0000000000  0.0000000000  0.0000000000
-571.1415444226  3.1415926536  0.0000000000  0.0000000000  0.0000000000
-569.8849073612  3.1415926536  0.0000000000  0.0000000000  0.0000000000
-568.6282702998  3.1415926536  0.0000000000  0.0000000000  0.0000000000
-567.3716332383  3.1415926536  0.0000000000  0.0000000000  0.0000000000
-566.1149961769  3.1415926536  0.0000000000  0.0000000000  0.0000000000
-564.8583591154  3.1415926536  0.0000000000  0.0000000000  0.0000000000
-563.6017220540  3.1415926536  0.0000000000  0.0000000000  0.0000000000
-562.3450849926  3.1415926536  0.0000000000  0.0000000000  0.0000000000
-561.0884479311  3.1415926536  0.0000000000  0.0000000000  0.0000000000
-559.8318108697  3.1415926536  0.0000000000  -nan  0.0307417065
-558.5751738083  3.1415926536  0.0000000000  0.0000000000  0.0000000000
-557.3185367468  3.1415926536  0.0000000000  0.0000000000  0.0000000000
-556.0618996854  3.1415926536  0.0000000000  0.0000000000  0.0000000000
-554.8052626240  3.1415926536  0.0000000000  28.3950000000  0.0000000000
-553.5486255625  3.1415926536  0.0000000000  -0.0074582286  0.0000000000
-552.2919885011  3.1415926536  0.0000000000  0.0000000000  0.0000000000
-551.0353514396  3.1415926536  0.0000000000  0.0000000000  0.0000000000
-549.7787143782  3.1415926536  0.0000000000  0.0000000000  0.0000000000
-548.5220773168  3.1415926536  0.0000000000  0.0000000000  0.0000000000
-547.2654402553  3.1415926536  0.0000000000  0.0000000000  0.0000000000
-546.0088031939  3.1415926536  0.0000000000  0.0000000000  0.0000000000
-544.7521661325  3.1415926536  0.0000000000  0.0000000000  0.0000000000
-543.4955290710  3.1415926536  0.0000000000  0.0000000000  0.0000000000
-542.2388920096  3.1415926536  0.0000000000  0.0000000000  0.0000000000
-540.9822549482  3.1415926536  0.0000000000  0.0000000000  0.0000000000
-539.7256178867  3.1415926536  0.0000000000  0.0000000000  0.0000000000
-538.4689808253  3.1415926536  0.0000000000  0.0000000000  0.0000000000
-537.2123437639  3.1415926536  0.0000000000  0.0000000000  0.0000000000
-535.9557067024  3.1415926536  0.0000000000  0.0000000000  0.0000000000
-534.6990696410  3.1415926536  0.0000000000  0.0000000000  0.0000000000
-533.4424325795  3.1415926536  0.0000000000  0.0000000000  0.0000000000
-532.1857955181  3.1415926536  0.0000000000  0.0000000000  0.0000000000
-530.9291584567  3.1415926536  0.0000000000  0.0000000000  0.0000000000
-529.6725213952  3.1415926536  0.0000000000  0.0000000000  0.0000000000
-528.4158843338  3.1415926536  0.0000000000  0.0000000000  0.0000000000
-527.1592472724  3.1415926536  0.0000000000  0.0000000000  0.0000000000
-525.9026102109  3.1415926536  0.0000000000  0.0000000000  0.0000000000
-524.6459731495  3.1415926536  0.0000000000  0.0000000000  0.0000000000
-523.3893360881  3.1415926536  0.0000000000  -nan  0.2244293690
-522.1326990266  3.1415926536  0.0000000000  0.0000000000  0.0000000000
-520.8760619652  3.1415926536  0.0000000000  0.0000000000  0.0000000000
-519.6194249038  3.1415926536  0.0000000000  0.0000000000  0.0000000000
-518.3627878423  3.1415926536  0.0000000000  -0.0964436958  0.0000000000
-517.1061507809  3.1415926536  0.0000000000  -6.4611246220  -5.6350265859
-515.8495137194  3.1415926536  0.0000000000  -4.5916371429  -2.8175132929
-514.5928766580  3.1415926536  0.0000000000  -1.9158254503  -1.1479092857
-513.3362395966  3.1415926536  0.0000000000  -0.4437355306  -0.0002190589
-512.0796025351  3.1415926536  0.0000000000  0.3743968187  0.7677202206
-510.8229654737  3.1415926536  0.0000000000  1.9158254503  3.0708808824
-509.5663284123  3.1415926536  0.0000000000  4.5916371429  5.8204684715
-508.3096913508  3.1415926536  0.0000000000  6.5444950573  0.0000000000
-507.0530542894  3.1415926536  0.0000000000  0.0000000000  0.0000000000
-505.7964172280  3.1415926536  0.0000000000  0.0000000000  0.0000000000
-504.5397801665  3.1415926536  0.0000000000  0.0000000000  0.0000000000
-503.2831431051  3.1415926536  0.0000000000  0.0000000000  0.0000000000
-502.0265060436  3.1415926536  0.0000000000  0.0000000000  0.0000000000
-500.7698689822  3.1415926536  0.0000000000  0.0000000000  0.0000000000
-499.5132319208  3.1415926536  0.0000000000  0.0000000000  0.0000000000
-498.2565948593  3.1415926536  0.0000000000  0.0000000000  0.0000000000
-496.9999577979  3.1415926536  0.0000000000  0.0000000000  0.0000000000
-495.7433207365  3.1415926536  0.0000000000  0.0000000000  0.0000000000
-494.4866836750  3.1415926536  0.0000000000  0.0000000000  0.0000000000
-493.2300466136  3.1415926536  0.0000000000  0.0000000000  0.0000000000
-491.9734095522  3.1415926536  0.0000000000  0.0000000000  0.0000000000
-490.7167724907  3.1415926536  0.0000000000  0.0000000000  0.0000000000
-489.4601354293  3.1415926536  0.0000000000  0.0000000000  0.0000000000
-488.2034983679  3.1415926536  0.0000000000  0.0000000000  0.0000000000
-486.9468613064  3.1415926536  0.0000000000  0.0000000000  0.0000000000
-485.6902242450  3.1415926536  0.0000000000  0.0000000000  0.0000000000
-484.4335871835  3.1415926536  0.0000000000  0.0000000000  0.0000000000
-483.1769501221  3.1415926536  0.0000000000  0.0000000000  0.0000000000
-481.9203130607  3.1415926536  0.0000000000  0.0000000000  0.0000000000
-480.6636759992  3.1415926536  0.0000000000  0.0000000000  0.0000000000
-479.4070389378  3.1415926536  0.0000000000  0.0000000000  0.0000000000
-478.1504018764  3.1415926536  0.0000000000  0.0000000000  0.0000000000
-476.8937648149  3.1415926536  0.0000000000  0.0000000000  0.0000000000
-475.6371277535  3.1415926536  0.0000000000  0.0000000000  0.0000000000
-474.3804906921  3.1415926536  0.0000000000  0.0000000000  0.0000000000
-473.1238536306  3.1415926536  0.0000000000  6.4611246220  -0.0000000000
-471.8672165692  3.1415926536  0.0000000000  -0.0000000000  -0.0000000000
-470.6105795078  3.1415926536  0.0000000000  -0.0000000000  0.0000000000
-469.3539424463  3.1415926536  0.0000000000  5.6350265859  -0.0000000000
-468.0973053849  3.1415926536  0.0000000000  -0.0000000000  -0.0000000000
-466.8406683234  3.1415926536  0.0000000000  -0.0000000000  0.0000000000
-465.5840312620  3.1415926536  0.0000000000  4.5916371429  -0.0000000000
-464.3273942006  3.1415926536  0.0000000000  -0.0000000000  -0.0000000000
-463.0707571391  3.1415926536  0.0000000000  -0.0000000000  0.0000000000
-461.8141200777  3.1415926536  0.0000000000  2.8175132929  -0.0000000000
-460.5574830163  3.1415926536  0.0000000000  -0.0000000000  -0.0000000000
-459.3008459548  3.1415926536  0.0000000000  -0.0000000000  0.0000000000
-458.0442088934  3.1415926536  0.0000000000  1.9158254503  -0.0000000000
-456.7875718320  3.1415926536  0.0000000000  -0.0000000000  -0.0000000000
-455.5309347705  3.1415926536  0.0000000000  -0.0000000000  0.0000000000
-454.2742977091  3.1415926536  0.0000000000  1.1479092857  -0.0000000000
-453.0176606476  3.1415926536  0.0000000000  -0.0000000000  -0.0000000000
-451.7610235862  3.1415926536  0.0000000000  -0.0000000000  0.0000000000
-450.5043865248  3.1415926536  0.0000000000  0.4437355306  -0.0000000000
-449.2477494633  3.1415926536  0.0000000000  -0.0000000000  -0.0000000000
-447.9911124019  3.1415926536  0.0000000000  -0.0000000000  0.0000000000
-446.7344753405  3.1415926536  0.0000000000  0.0002190589  -0.0000000000
-445.4778382790  3.1415926536  0.0000000000  -0.0000000000  -0.0000000000
-444.2212012176  3.1415926536  0.0000000000  -0.0000000000  0.0000000000
-442.9645641562  3.1415926536  0.0000000000  -0.3743968187  0.0000000000
-441.7079270947  3.1415926536  0.0000000000  0.0000000000  0.0000000000
-440.4512900333  3.1415926536  0.0000000000  0.0000000000  0.0000000000
-439.1946529719  3.1415926536  0.0000000000  -0.7677202206  0.0000000000
-437.9380159104  3.1415926536  0.0000000000  0.0000000000  0.0000000000
-436.6813788490  3.1415926536  0.0000000000  0.0000000000  0.0000000000
-435.4247417875  3.1415926536  0.0000000000  -1.9158254503  0.0000000000
-434.1681047261  3.1415926536  0.0000000000  0.0000000000  0.0000000000
-432.9114676647  3.1415926536  0.0000000000  0.0000000000  0.0000000000
-431.6548306032  3.1415926536  0.0000000000  -3.0708808824  0.0000000000
-430.3981935418  3.1415926536  0.0000000000  0.0000000000  0.0000000000
-429.1415564804  3.1415926536  0.0000000000  0.0000000000  0.0000000000
-427.8849194189  3.1415926536  0.0000000000  -4.5916371429  0.0000000000
-426.6282823575  3.1415926536  0.0000000000  0.0000000000  0.0000000000
-425.3716452961  3.1415926536  0.0000000000  0.0000000000  0.0000000000
-424.1150082346  3.1415926536  0.0000000000  -5.8204684715  0.0000000000
-422.8583711732  3.1415926536  0.0000000000  0.0000000000  0.0000000000
-421.6017341118  3.1415926536  0.0000000000  0.0000000000  0.0000000000
-420.3450970503  3.1415926536  0.0000000000  -6.5444950573  0.0000000000
-419.0884599889  3.1415926536  0.0000000000  0.0000000000  0.0000000000
-417.8318229274  3.1415926536  0.0000000000  0.0000000000  0.0000000000
-416.5751858660  3.1415926536  0.0000000000  0.0000000000  0.0000000000
-415.3185488046  3.1415926536  0.0000000000  0.0000000000  0.0000000000
-414.0619117431  3.1415926536  0.0000000000  0.0014606005  0.0083473988
-412.8052746817  3.1415926536  0.0000000000  0.9405853785  0.3395572791
-411.5486376203  3.1415926536  0.0000000000  1.0060380014  0.1272344946
-410.2920005588  3.1415926536  0.0000000000  0.9797050690  0.2534319103
-409.0353634974  3.1415926536  0.0000000000  0.9969337685  0.1909825353
-407.7787264360  3.1415926536  0.0000000000  1.0075312695  0.0793505335
-406.5220893745  3.1415926536  0.0000000000  1.0000020495  0.1749650138
-405.2654523131  3.1415926536  0.0000000000  0.9616614973  0.2984928086
-404.0088152516  3.1415926536  0.0000000000  1.0027522275  0.1574484350
-402.7521781902  3.1415926536  0.0000000000  1.0048191255  0.0344613490
-401.4955411288  3.1415926536  0.0000000000  0.9930138837  0.2082837455
-400.2389040673  3.1415926536  0.0000000000  0.9497695577  0.3227787350
-398.9822670059  3.1415926536  0.0000000000  1.0023135814  0.0144453644
-397.7256299445  3.1415926536  0.0000000000  0.0062275379  0.0163524671
-396.4689928830  3.1415926536  0.0000000000  -0.0065324697  -0.0011430302
-395.2123558216  3.1415926536  0.0000000000  0.3039802285  -0.2495791901
-393.9557187602  3.1415926536  0.0000000000  0.7462148941  -0.2183209765
-392.6990816987  3.1415926536  0.0000000000  0.5239144613  -0.2768399280
-391.4424446373  3.1415926536  0.0000000000  0.1625553428  -0.1796933776
-390.1858075759  3.1415926536  0.0000000000  0.4666400757  -0.2779029732
-388.9291705144  3.1415926536  0.0000000000  0.8912936495  -0.1226658930
-387.6725334530  3.1415926536  0.0000000000  0.4051811446  -0.2728208057
-386.4158963915  3.1415926536  0.0000000000  0.0582881594  -0.0853264871
-385.1592593301  3.1415926536  0.0000000000  0.5862752435  -0.2693717611
-383.9026222687  3.1415926536  0.0000000000  0.9589169621  -0.0538936684
-382.6459852072  3.1415926536  0.0000000000  0.0220277546  -0.0367917584
-381.3893481458  3.1415926536  0.0000000000  0.0167659865  0.0233071734
-380.1327110844  3.1415926536  0.0000000000  -0.0246217079  -0.0043082259
-378.8760740229  3.1415926536  0.0000000000  0.0013051058  0.0036543819
-377.6194369615  3.1415926536  0.0000000000  0.4986424942  0.6461315467
-376.3627999001  3.1415926536  0.0000000000  0.9806221572  0.4857353165
-375.1061628386  3.1415926536  0.0000000000  0.6718355331  -0.2281255142
-373.8495257772  3.1415926536  0.0000000000  1.0423927839  0.3721740656
-372.5928887157  3.1415926536  0.0000000000  0.1444561245  0.4062646453
-371.3362516543  3.1415926536  0.0000000000  1.0666965067  0.2338026310
-370.0796145929  3.1415926536  0.0000000000  0.2686248255  -0.1890047021
-368.8229775314  3.1415926536  0.0000000000  0.8768744488  0.5826131635
-367.5663404700  3.1415926536  0.0000000000  0.0322366202  0.1795180661
-366.3097034086  3.1415926536  0.0000000000  0.1038398309  -0.0935835888
-365.0530663471  3.1415926536  0.0000000000  0.0226672642  0.0245084098
-363.7964292857  3.1415926536  0.0000000000  -0.0356657526  -0.0062406767
-362.5397922243  3.1415926536  0.0000000000  0.0034445019  0.0082362471
-361.2831551628  3.1415926536  0.0000000000  -0.0007383531  -0.0006543583
-360.0265181014  3.1415926536  0.0000000000  0.5189733920  -0.5026047967
-358.7698810400  3.1415926536  0.0000000000  0.1601981735  0.2700148653
-357.5132439785  3.1415926536  0.0000000000  0.3091990125  -0.4522249812
-356.2566069171  3.1415926536  0.0000000000  0.5707791133  0.3205048586
-354.9999698556  3.1415926536  0.0000000000  0.1262814683  -0.3157182396
-353.7433327942  3.1415926536  0.0000000000  0.2132156342  0.1390778418
-352.4866957328  3.1415926536  0.0000000000  0.7458071741  -0.4593453767
-351.2300586713  3.1415926536  0.0000000000  0.2147479219  0.2072023388
-349.9734216099  3.1415926536  0.0000000000  0.1159434929  0.0478840581
-348.7167845485  3.1415926536  0.0000000000  0.0307972592  0.0237848304
-347.4601474870  3.1415926536  0.0000000000  -0.0516883986  -0.0090442668
-346.2035104256  3.1415926536  0.0000000000  0.0099145153  0.0186749740
-344.9468733642  3.1415926536  0.0000000000  -0.0043973397  -0.0042448132
-343.6902363027  3.1415926536  0.0000000000  -0.0002701913  0.0004751531
-342.4335992413  3.1415926536  0.0000000000  0.4663869712  0.8605595733
-341.1769621799  3.1415926536  0.0000000000  0.9067316650  -0.3005191179
-339.9203251184  3.1415926536  0.0000000000  0.1722240561  -0.4689298233
-338.6636880570  3.1415926536  0.0000000000  0.5623949903  -0.4435687501
-337.4070509955  3.1415926536  0.0000000000  0.7710702515  0.3504546692
-336.1504139341  3.1415926536  0.0000000000  0.8113501655  0.2891805584
-334.8937768727  3.1415926536  0.0000000000  0.2081687455  -0.2453600364
-333.6371398112  3.1415926536  0.0000000000  0.4167956322  0.0727641837
-332.3805027498  3.1415926536  0.0000000000  0.0404753743  0.0187555634
-331.1238656884  3.1415926536  0.0000000000  -0.0721773315  -0.0126293533
-329.8672286269  3.1415926536  0.0000000000  0.0330146330  0.0408369752
-328.6105915655  3.1415926536  0.0000000000  -0.0214076168  -0.0229507019
-327.3539545041  3.1415926536  0.0000000000  -0.0055690800  0.0073762806
-326.0973174426  3.1415926536  0.0000000000  0.0017918501  0.0026444614
-324.8406803812  3.1415926536  0.0000000000  0.1876404447  -0.1100700477
-323.5840433197  3.1415926536  0.0000000000  -0.3876279623  0.1737779239
-322.3274062583  3.1415926536  0.0000000000  0.1537830492  -0.2951667225
-321.0707691969  3.1415926536  0.0000000000  0.6341885752  -0.6921773763
-319.8141321354  3.1415926536  0.0000000000  -0.1707782603  -0.0987575925
-318.5574950740  3.1415926536  0.0000000000  -0.2940971484  -0.0038015360
-317.3008580126  3.1415926536  0.0000000000  0.1994776534  -0.4336402501
-316.0442209511  3.1415926536  0.0000000000  0.0480206838  0.0074173082
-314.7875838897  3.1415926536  0.0000000000  -0.0906696358  -0.0158650762
-313.5309468283  3.1415926536  0.0000000000  0.1210394628  0.0465803438
-312.2743097668  3.1415926536  0.0000000000  -0.1007456990  -0.0962778159
-311.0176727054  3.1415926536  0.0000000000  -0.1297227114  0.0967880921
-309.7610356440  3.1415926536  0.0000000000  0.0956302489  0.1043155182
-308.5043985825  3.1415926536  0.0000000000  0.0250999218  0.0395102360
-307.2477615211  3.1415926536  0.0000000000  -0.0925052833  -0.9418239218
-305.9911244596  3.1415926536  0.0000000000  0.4437634658  -0.9496191174
-304.7344873982  3.1415926536  0.0000000000  0.0414942053  0.3854698639
-303.4778503368  3.1415926536  0.0000000000  0.2835088708  -0.7160829805
-302.2212132753  3.1415926536  0.0000000000  0.2219428758  -0.5689962911
-300.9645762139  3.1415926536  0.0000000000  0.1072718986  0.2269550595
-299.7079391525  3.1415926536  0.0000000000  0.0480206838  -0.0074173082
-298.4513020910  3.1415926536  0.0000000000  -0.0957068378  -0.0167464693
-297.1946650296  3.1415926536  0.0000000000  0.1209031751  -0.0954025430
-295.9380279682  3.1415926536  0.0000000000  -0.1922256658  -0.0763987518
-294.6813909067  3.1415926536  0.0000000000  -0.1610208963  -0.2769193279
-293.4247538453  3.1415926536  0.0000000000  -0.1590660651  0.3888500386
-292.1681167839  3.1415926536  0.0000000000  0.1488531890  -0.2347047550
-290.9114797224  3.1415926536  0.0000000000  0.4021542972  0.3214053835
-289.6548426610  3.1415926536  0.0000000000  0.4818072364  -0.3809603239
-288.3982055995  3.1415926536  0.0000000000  -0.3772913581  0.1629258946
-287.1415685381  3.1415926536  0.0000000000  0.3790184623  0.5252736140
-285.8849314767  3.1415926536  0.0000000000  0.5894249494  0.2734493542
-284.6282944152  3.1415926536  0.0000000000  -0.2012328875  0.1758561431
-283.3716573538  3.1415926536  0.0000000000  0.0404753743  -0.0187555634
-282.1150202924  3.1415926536  0.0000000000  -0.0849145076  -0.0148580627
-280.8583832309  3.1415926536  0.0000000000  0.0326700129  -0.0819879258
-279.6017461695  3.1415926536  0.0000000000  -0.1001120898  -0.0332710347
-278.3451091081  3.1415926536  0.0000000000  -0.0187327376  -0.0753753189
-277.0884720466  3.1415926536  0.0000000000  -0.0257143291  0.1042487051
-275.8318349852  3.1415926536  0.0000000000  0.0144313819  -0.0324512267
-274.5751979237  3.1415926536  0.0000000000  0.0721591920  0.0878604521
-273.3185608623  3.1415926536  0.0000000000  -0.0407661034  -0.0299677129
-272.0619238009  3.1415926536  0.0000000000  -0.2894512949  -0.5609296750
-270.8052867394  3.1415926536  0.0000000000  0.3446997401  0.5490803895
-269.5486496780  3.1415926536  0.0000000000  -0.0912893306  0.0184480702
-268.2920126166  3.1415926536  0.0000000000  -0.2651903638  -0.2962476984
-267.0353755551  3.1415926536  0.0000000000  0.0307972592  -0.0237848304
-265.7787384937  3.1415926536  0.0000000000  -0.0678410232  -0.0118706002
-264.5221014323  3.1415926536  0.0000000000  0.0094774860  -0.0499862717
-263.2654643708  3.1415926536  0.0000000000  -0.0479289083  -0.0187706383
-262.0088273094  3.1415926536  0.0000000000  -0.0031402863  -0.0274413896
-260.7521902480  3.1415926536  0.0000000000  -0.0043178995  0.0358209912
-259.4955531865  3.1415926536  0.0000000000  0.0027896174  -0.0091306746
-258.2389161251  3.1415926536  0.0000000000  0.0198979321  0.0316091902
-256.9822790636  3.1415926536  0.0000000000  -0.0157858452  -0.0126604855
-255.7256420022  3.1415926536  0.0000000000  0.0018272132  0.0049085447
-254.4690049408  3.1415926536  0.0000000000  0.2552021056  -0.5409826929
-253.2123678793  3.1415926536  0.0000000000  0.1934193593  0.0371053173
-251.9557308179  3.1415926536  0.0000000000  0.6698286982  -0.1262691606
-250.6990937565  3.1415926536  0.0000000000  0.0226672642  -0.0245084098
-249.4424566950  3.1415926536  0.0000000000  -0.0523097705  -0.0091529925
-248.1858196336  3.1415926536  0.0000000000  0.0029941774  -0.0312818517
-246.9291825722  3.1415926536  0.0000000000  -0.0254142850  -0.0112234909
-245.6725455107  3.1415926536  0.0000000000  -0.0004705588  -0.0124568920
-244.4159084493  3.1415926536  0.0000000000  -0.0007442011  0.0152271551
-243.1592713878  3.1415926536  0.0000000000  0.0008048748  -0.0035108054
-241.9026343264  3.1415926536  0.0000000000  0.0069292107  0.0136613960
-240.6459972650  3.1415926536  0.0000000000  -0.0066415499  -0.0059662928
-239.3893602035  3.1415926536  0.0000000000  0.0017179124  0.0034121448
-238.1327231421  3.1415926536  0.0000000000  -0.0003242954  0.0004725911
-236.8760860807  3.1415926536  0.0000000000  0.3044942580  0.3177328528
-235.6194490192  3.1415926536  0.0000000000  0.0256964314  -0.1002771391
-234.3628119578  3.1415926536  0.0000000000  0.0167659865  -0.0233071734
-233.1061748964  3.1415926536  0.0000000000  -0.0404499486  -0.0070777996
-231.8495378349  3.1415926536  0.0000000000  0.0008768531  -0.0207002102
-230.5929007735  3.1415926536  0.0000000000  -0.0149203632  -0.0071182158
-229.3362637121  3.1415926536  0.0000000000  0.0000678361  -0.0066023695
-228.0796266506  3.1415926536  0.0000000000  -0.0000297943  0.0076368144
-226.8229895892  3.1415926536  0.0000000000  0.0003021761  -0.0016566800
-225.5663525277  3.1415926536  0.0000000000  0.0029237377  0.0068437286
-224.3097154663  3.1415926536  0.0000000000  -0.0032121344  -0.0031595909
-223.0530784049  3.1415926536  0.0000000000  0.0012382261  0.0020848922
-221.7964413434  3.1415926536  0.0000000000  -0.0003074120  0.0004792444
-220.5398042820  3.1415926536  0.0000000000  -0.0000240377  -0.0000176147
-219.2831672206  3.1415926536  0.0000000000  -0.2076128048  0.3063392264
-218.0265301591  3.1415926536  0.0000000000  0.0062275379  -0.0163524671
-216.7698930977  3.1415926536  0.0000000000  -0.0176376682  -0.0030861815
-215.5132560363  3.1415926536  0.0000000000  -0.0003004649  -0.0063314820
-214.2566189748  3.1415926536  0.0000000000  -0.0035185245  -0.0019261752
-212.9999819134  3.1415926536  0.0000000000  0.0001233883  -0.0012682717
-211.7433448520  3.1415926536  0.0000000000  0.0001000576  0.0012850673
-210.4867077905  3.1415926536  0.0000000000  0.0000247343  -0.0002495675
-209.2300707291  3.1415926536  0.0000000000  0.0003091802  0.0011079184
-207.9734336676  3.1415926536  0.0000000000  -0.0004734947  -0.0005670224
-206.7167966062  3.1415926536  0.0000000000  0.0003341320  0.0004266851
-205.4601595448  3.1415926536  0.0000000000  -0.0000986345  0.0001779691
-204.2035224833  3.1415926536  0.0000000000  -0.0000218392  -0.0000229739
-202.9468854219  3.1415926536  0.0000000000  -0.0000022103  -0.0000052542
-201.6902483605  3.1415926536  0.0000000000  0.0000000000  0.0000000000
-200.4336112990  3.1415926536  0.0000000000  0.0000000000  0.0000000000
-199.1769742376  3.1415926536  0.0000000000  0.0000000000  0.0000000000
-197.9203371762  3.1415926536  0.0000000000  0.0000000000  0.0000000000
-196.6637001147  3.1415926536  0.0000000000  0.0000000000  0.0000000000
-195.4070630533  3.1415926536  0.0000000000  0.0000000000  0.0000000000
-194.1504259918  3.1415926536  0.0000000000  0.0000000000  0.0000000000
-192.8937889304  3.1415926536  0.0000000000  0.0000000000  0.0000000000
-191.6371518690  3.1415926536  0.0000000000  0.0000000000  0.0000000000
-190.3805148075  3.1415926536  0.0000000000  0.0000000000  0.0000000000
-189.1238777461  3.1415926536  0.0000000000  0.0000000000  0.0000000000
-187.8672406847  3.1415926536  0.0000000000  0.0000000000  0.0000000000
-186.6106036232  3.1415926536  0.0000000000  0.0000000000  0.0000000000
-185.3539665618  3.1415926536  0.0000000000  0.0000000000  0.0000000000
-184.0973295004  3.1415926536  0.0000000000  0.0000000000  0.0000000000
-182.8406924389  3.1415926536  0.0000000000  0.0000000000  0.0000000000
-181.5840553775  3.1415926536  0.0000000000  0.0000000000  0.0000000000
-180.3274183161  3.1415926536  0.0000000000  0.0000000000  0.0000000000
-179.0707812546  3.1415926536  0.0000000000  0.0000000000  0.0000000000
-177.8141441932  3.1415926536  0.0000000000  0.0000000000  0.0000000000
-176.5575071317  3.1415926536  0.0000000000  0.0000000000  0.0000000000
-175.3008700703  3.1415926536  0.0000000000  0.0000000000  0.0000000000
-174.0442330089  3.1415926536  0.0000000000  0.0000000000  0.0000000000
-172.7875959474  3.1415926536  0.0000000000  0.0000000000  0.0000000000
-171.5309588860  3.1415926536  0.0000000000  0.0000000000  0.0000000000
-170.2743218246  3.1415926536  0.0000000000  0.0000000000  0.0000000000
-169.0176847631  3.1415926536  0.0000000000  0.0000000000  0.0000000000
-167.7610477017  3.1415926536  0.0000000000  0.0000000000  0.0000000000
-166.5044106403  3.1415926536  0.0000000000  0.0000000000  0.0000000000
-165.2477735788  3.1415926536  0.0000000000  -0.7797619210  0.0000000000
-163.9911365174  3.1415926536  0.0000000000  0.0000000000  0.0000000000
-162.7344994560  3.1415926536  0.0000000000  0.0000000000  0.0000000000
-161.4778623945  3.1415926536  0.0000000000  0.0000000000  0.0000000000
-160.2212253331  3.1415926536  0.0000000000  -1.8616921834  0.0000000000
-158.9645882716  3.1415926536  0.0000000000  0.0000000000  0.0000000000
-157.7079512102  3.1415926536  0.0000000000  0.0000000000  0.0000000000
-156.4513141488  3.1415926536  0.0000000000  0.0000000000  0.0000000000
-155.1946770873  3.1415926536  0.0000000000  -2.9859523160  0.0000000000
-153.9380400259  3.1415926536  0.0000000000  0.0000000000  0.0000000000
-152.6814029645  3.1415926536  0.0000000000  0.0000000000  0.0000000000
-151.4247659030  3.1415926536  0.0000000000  0.0000000000  0.0000000000
-150.1681288416  3.1415926536  0.0000000000  -3.6177927121  0.0000000000
-148.9114917802  3.1415926536  0.0000000000  0.0000000000  0.0000000000
-147.6548547187  3.1415926536  0.0000000000  0.0000000000  0.0000000000
-146.3982176573  3.1415926536  0.0000000000  0.0000000000  0.0000000000
-145.1415805958  3.1415926536  0.0000000000  -4.0678214544  0.0000000000
-143.8849435344  3.1415926536  0.0000000000  0.0000000000  0.0000000000
-142.6283064730  3.1415926536  0.0000000000  0.0000000000  0.0000000000
-141.3716694115  3.1415926536  0.0000000000  0.0000000000  0.0000000000
-140.1150323501  3.1415926536  0.0000000000  0.4063755503  0.0000000000
-138.8583952887  3.1415926536  0.0000000000  0.0000000000  0.0000000000
-137.6017582272  3.1415926536  0.0000000000  0.0000000000  0.0000000000
-136.3451211658  3.1415926536  0.0000000000  0.0000000000  0.0000000000
-135.0884841044  3.1415926536  0.0000000000  0.0002723182  0.0000000000
-133.8318470429  3.1415926536  0.0000000000  0.0000000000  0.0000000000
-132.5752099815  3.1415926536  0.0000000000  0.0000000000  0.0000000000
-131.3185729201  3.1415926536  0.0000000000  0.0000000000  0.0000000000
-130.0619358586  3.1415926536  0.0000000000  -0.0000000000  0.0000000000
-128.8052987972  3.1415926536  0.0000000000  0.0000000000  0.0000000000
-127.5486617357  3.1415926536  0.0000000000  -nan  0.0000000000
-126.2920246743  3.1415926536  0.0000000000  0.0000000000  0.0000000000
-125.0353876129  3.1415926536  0.0000000000  0.0000000000  0.0000000000
-123.7787505514  3.1415926536  0.0000000000  0.0000000000  0.0000000000
-122.5221134900  3.1415926536  0.0000000000  0.0000000000  0.0000000000
-121.2654764286  3.1415926536  0.0000000000  0.0000000000  0.0000000000
-120.0088393671  3.1415926536  0.0000000000  -0.3732440395  0.0000000000
-118.7522023057  3.1415926536  0.0000000000  0.0000000000  0.0000000000
-117.4955652443  3.1415926536  0.0000000000  0.0000000000  0.0000000000
-116.2389281828  3.1415926536  0.0000000000  0.0000000000  0.0000000000
-114.9822911214  3.1415926536  0.0000000000  -0.7797619210  0.0000000000
-113.7256540600  3.1415926536  0.0000000000  0.0000000000  0.0000000000
-112.4690169985  3.1415926536  0.0000000000  0.0000000000  0.0000000000
-111.2123799371  3.1415926536  0.0000000000  0.0000000000  0.0000000000
-109.9557428756  3.1415926536  0.0000000000  -1.8616921834  0.0000000000
-108.6991058142  3.1415926536  0.0000000000  0.0000000000  0.0000000000
-107.4424687528  3.1415926536  0.0000000000  0.0000000000  0.0000000000
-106.1858316913  3.1415926536  0.0000000000  0.0000000000  0.0000000000
-104.9291946299  3.1415926536  0.0000000000  -2.9859523160  0.0000000000
-103.6725575685  3.1415926536  0.0000000000  0.0000000000  0.0000000000
-102.4159205070  3.1415926536  0.0000000000  0.0000000000  0.0000000000
-101.1592834456  3.1415926536  0.0000000000  0.0000000000  0.0000000000
-99.9026463842  3.1415926536  0.0000000000  -3.6177927121  0.0000000000
-98.6460093227  3.1415926536  0.0000000000  0.0000000000  0.0000000000
-97.3893722613  3.1415926536  0.0000000000  0.0000000000  0.0000000000
-96.1327351998  3.1415926536  0.0000000000  0.0000000000  0.0000000000
-94.8760981384  3.1415926536  0.0000000000  0.0000000000  0.0000000000
-93.6194610770  3.1415926536  0.0000000000  -9.9946473081  -8.8889255825
-92.3628240155  3.1415926536  0.0000000000  -7.3364921769  -4.5741822689
-91.1061869541  3.1415926536  0.0000000000  -2.9258177311  -1.8341230442
-89.8495498927  3.1415926536  0.0000000000  -0.7638843022  -0.3512750301
-88.5929128312  3.1415926536  0.0000000000  0.0003345432  0.4185250835
-87.3362757698  3.1415926536  0.0000000000  1.1435455672  1.8341230442
-86.0796387084  3.1415926536  0.0000000000  2.6289090731  4.3028608628
-84.8230016469  3.1415926536  0.0000000000  6.3942782745  8.6057217255
-83.5663645855  3.1415926536  0.0000000000  9.9946473081  0.0000000000
-82.3097275241  3.1415926536  0.0000000000  1.0000000000  0.0000000000
-81.0530904626  3.1415926536  0.0000000000  1.0000000000  0.0000000000
-79.7964534012  3.1415926536  0.0000000000  1.0000000000  0.0000000000
-78.5398163397  3.1415926536  0.0000000000  0.9999999999  0.0000000000
-77.2831792783  3.1415926536  0.0000000000  0.9999995567  0.0000000000
-76.0265422169  3.1415926536  0.0000000000  0.9998959584  0.0000000000
-74.7699051554  3.1415926536  0.0000000000  0.9785305605  0.0000000000
-73.5132680940  3.1415926536  0.0000000000  0.8527550919  0.0000000000
-72.2566310326  3.1415926536  0.0000000000  0.4995818210  0.0000000000
-70.9999939711  3.1415926536  0.0000000000  0.1098156605  0.0000000000
-69.7433569097  3.1415926536  0.0000000000  0.0032764013  0.0000000000
-68.4867198483  3.1415926536  0.0000000000  0.0001040416  0.0000000000
-67.2300827868  3.1415926536  0.0000000000  0.0000019561  0.0000000000
-65.9734457254  3.1415926536  0.0000000000  0.0000000005  0.0000000000
-64.7168086639  3.1415926536  0.0000000000  0.0000000000  0.0000000000
-63.4601716025  3.1415926536  0.0000000000  0.0000000000  0.0000000000
-62.2035345411  3.1415926536  0.0000000000  0.0000000000  0.0000000000
-60.9468974796  3.1415926536  0.0000000000  0.0000000000  0.0000000000
-59.6902604182  3.1415926536  0.0000000000  0.0000000000  0.0000000000
-58.4336233568  3.1415926536  0.0000000000  0.0000000000  0.0000000000
-57.1769862953  3.1415926536  0.0000000000  -49.9732365405  -44.4446279127
-55.9203492339  3.1415926536  0.0000000000  -36.6824608846  -22.8709113444
-54.6637121725  3.1415926536  0.0000000000  -14.6290886556  -9.1706152212
-53.4070751110  3.1415926536  0.0000000000  -3.8194215109  -1.7563751504
-52.1504380496  3.1415926536  0.0000000000  0.0016727162  2.0926254177
-50.8938009882  3.1415926536  0.0000000000  5.7177278361  9.1706152212
-49.6371639267  3.1415926536  0.0000000000  13.1445453654  21.5143043139
-48.3805268653  3.1415926536  0.0000000000  31.9713913723  43.0286086277
-47.1238898038  3.1415926536  0.0000000000  49.9732365405  0.0000000000
-45.8672527424  3.1415926536  0.0000000000  -nan  -nan
-44.6106156810  3.1415926536  0.0000000000  -nan  -nan
-43.3539786195  3.1415926536  0.0000000000  0.0000000000  0.0000000000
-42.0973415581  3.1415926536  0.0000000000  0.0000000000  0.0000000000
-40.8407044967  3.1415926536  0.0000000000  0.0000000000  0.0000000000
-39.5840674352  3.1415926536  0.0000000000  0.0000000000  0.0000000000
-38.3274303738  3.1415926536  0.0000000000  0.0000000000  0.0000000000
-37.0707933124  3.1415926536  0.0000000000  0.0000000000  0.0000000000
-35.8141562509  3.1415926536  0.0000000000  0.0000000000  0.0000000000
-34.5575191895  3.1415926536  0.0000000000  0.0000000000  0.0000000000
-33.3008821281  3.1415926536  0.0000000000  6.2543345948  5.8857366633
-32.0442450666  3.1415926536  0.0000000000  5.6178131419  0.0000000000
-30.7876080052  3.1415926536  0.0000000000  0.0000000000  0.0000000000
-29.5309709437  3.1415926536  0.0000000000  0.0000000000  0.0000000000
-28.2743338823  3.1415926536  0.0000000000  0.0000000000  0.0000000000
-27.0176968209  3.1415926536  0.0000000000  0.0000000000  0.0000000000
-25.7610597594  3.1415926536  0.0000000000  0.0000000000  3.1415926536
-24.5044226980  3.1415926536  0.0000000000  0.0000000000  0.0000000000
-23.2477856366  3.1415926536  0.0000000000  -9.9946473081  -8.8889255825
-21.9911485751  3.1415926536  0.0000000000  -7.3364921769  -4.5741822689
-20.7345115137  3.1415926536  0.0000000000  -2.9258177311  -1.8341230442
-19.4778744523  3.1415926536  0.0000000000  -0.7638843022  -0.3512750301
-18.2212373908  3.1415926536  0.0000000000  0.0003345432  0.4185250835
-16.9646003294  3.1415926536  0.0000000000  1.1435455672  1.8341230442
-15.7079632679  3.1415926536  0.0000000000  2.6289090731  4.3028608628
-14.4513262065  3.1415926536  0.0000000000  6.3942782745  8.6057217255
-13.1946891451  3.1415926536  0.0000000000  9.9946473081  0.0000000000
-11.9380520836  3.1415926536  0.0000000000  0.0000000000  0.0000000000
-10.6814150222  3.1415926536  0.0000000000  0.0000000000  0.0000000000
-9.4247779608  3.1415926536  0.0000000000  -nan  -nan
-8.1681408993  3.1415926536  0.0000000000  -nan  -nan
-6.9115038379  3.1415926536  0.0000000000  0.0000000000  0.0000000000
-5.6548667765  3.1415926536  0.0000000000  0.0000000000  0.0000000000
-4.3982297150  3.1415926536  0.0000000000  0.0000000000  0.0000000000
-3.1415926536  3.1415926536  0.0000000000  0.0000000000  0.0000000000
-1.8849555922  3.1415926536  0.0000000000  0.0000000000  0.0000000000
-0.6283185307  3.1415926536  0.0000000000  0.0000000000  0.0000000000
0.6283185307  3.1415926536  0.0000000000  -0.0000000000  -1.1808997424
1.8849555922  3.1415926536  0.0000000000  -0.0000000000  -0.9081097854
3.1415926536  3.1415926536  0.0000000000  -0.0000000000  -0.7852849194
4.3982297150  3.1415926536  0.0000000000  -0.0000000000  -0.7001136794
5.6548667765  3.1415926536  0.0000000000  -0.0000000000  -0.6274814854
6.9115038379  3.1415926536  0.0000000000  0.0000002347  -0.5636453897
8.1681408993  3.1415926536  0.0000000000  -0.0000000000  -0.5080781904
9.4247779608  3.1415926536  0.0000000000  -0.0000001909  -0.4601875753
10.6814150222  3.1415926536  0.0000000000  -0.0000002150  -0.4190782528
11.9380520836  3.1415926536  0.0000000000  -0.0000001489  -0.3837644006
13.1946891451  3.1415926536  0.0000000000  -0.0000000661  -0.3533189822
14.4513262065  3.1415926536  0.0000000000  0.0000000000  -0.3269345531
15.7079632679  3.1415926536  0.0000000000  0.0000000418  -0.3039341797
16.9646003294  3.1415926536  0.0000000000  0.0000000627  -0.2837607563
18.2212373908  3.1415926536  0.0000000000  0.0000000687  -0.2659593639
19.4778744523  3.1415926536  0.0000000000  0.0000000653  -0.2501591758
20.7345115137  3.1415926536  0.0000000000  0.0000000567  -0.2360573806
21.9911485751  3.1415926536  0.0000000000  0.0000000458  -0.2234057677
23.2477856366  3.1415926536  0.0000000000  0.0000000343  -0.2119998746
24.5044226980  3.1415926536  0.0000000000  0.0000000232  -0.2016703394
25.7610597594  3.1415926536  0.0000000000  0.0000000130  -0.1922760568
27.0176968209  3.1415926536  0.0000000000  0.0000000040  -0.1836987713
28.2743338823  3.1415926536  0.0000000000  -0.0000000037  -0.1758388002
29.5309709437  3.1415926536  0.0000000000  -0.0000000102  -0.1686116403
30.7876080052  3.1415926536  0.0000000000  -0.0000000157  -0.1619452646
32.0442450666  3.1415926536  0.0000000000  -0.0000000202  -0.1557779585
33.3008821281  3.1415926536  0.0000000000  -0.0000000238  -0.1500565783
34.5575191895  3.1415926536  0.0000000000  -0.0000000266  -0.1447351424
35.8141562509  3.1415926536  0.0000000000  -0.0000000289  -0.1397736858
37.0707933124  3.1415926536  0.0000000000  -0.0000000306  -0.1351373229
38.3274303738  3.1415926536  0.0000000000  -0.0000000319  -0.1307954773
39.5840674352  3.1415926536  0.0000000000  -0.0000000328  -0.1267212455
40.8407044967  3.1415926536  0.0000000000  -0.0000000334  -0.1228908681
42.0973415581  3.1415926536  0.0000000000  -0.0000000337  -0.1192832890
43.3539786195  3.1415926536  0.0000000000  -0.0000000338  -0.1158797855
44.6106156810  3.1415926536  0.0000000000  -0.0000000338  -0.1126636571
45.8672527424  3.1415926536  0.0000000000  -0.0000000336  -0.1096199620
47.1238898038  3.1415926536  0.0000000000  -0.0000000333  -0.1067352938
48.3805268653  3.1415926536  0.0000000000  -0.0000000329  -0.1039975904
49.6371639267  3.1415926536  0.0000000000  -0.0000000324  -0.1013959714
50.8938009882  3.1415926536  0.0000000000  -0.0000000319  -0.0989205973
52.1504380496  3.1415926536  0.0000000000  -0.0000000313  -0.0965625493
53.4070751110  3.1415926536  0.0000000000  -0.0000000307  -0.0943137243
54.6637121725  3.1415926536  0.0000000000  -0.0000000301  -0.0921667447
55.9203492339  3.1415926536  0.0000000000  -0.0000000295  -0.0901148791
57.1769862953  3.1415926536  0.0000000000  -0.0000000289  -0.0881519735
58.4336233568  3.1415926536  0.0000000000  -0.0000000282  -0.0862723912
59.6902604182  3.1415926536  0.0000000000  -0.0000000276  -0.0844709598
60.9468974796  3.1415926536  0.0000000000  -0.0000000269  -0.0827429242
62.2035345411  3.1415926536  0.0000000000  -0.0000000263  -0.0810839061
63.4601716025  3.1415926536  0.0000000000  -0.0000000257  -0.0794898670
64.7168086639  3.1415926536  0.0000000000  -0.0000000250  -0.0779570766
65.9734457254  3.1415926536  0.0000000000  -0.0000000244  -0.0764820834
67.2300827868  3.1415926536  0.0000000000  -0.0000000238  -0.0750616898
68.4867198483  3.1415926536  0.0000000000  -0.0000000232  -0.0736929289
69.7433569097  3.1415926536  0.0000000000  -0.0000000227  -0.0723730443
70.9999939711  3.1415926536  0.0000000000  -0.0000000221  -0.0710994716
72.2566310326  3.1415926536  0.0000000000  -0.0000000216  -0.0698698224
73.5132680940  3.1415926536  0.0000000000  -0.0000000211  -0.0686818692
74.7699051554  3.1415926536  0.0000000000  -0.0000000205  -0.0675335322
76.0265422169  3.1415926536  0.0000000000  -0.0000000200  -0.0664228673
77.2831792783  3.1415926536  0.0000000000  -0.0000000196  -0.0653480552
78.5398163397  3.1415926536  0.0000000000  -0.0000000191  -0.0643073916
79.7964534012  3.1415926536  0.0000000000  -0.0000000186  -0.0632992784
81.0530904626  3.1415926536  0.0000000000  -0.0000000182  -0.0623222152
82.3097275241  3.1415926536  0.0000000000  -0.0000000178  -0.0613747924
83.5663645855  3.1415926536  0.0000000000  -0.0000000173  -0.0604556844
84.8230016469  3.1415926536  0.0000000000  -0.0000000169  -0.0595636429
86.0796387084  3.1415926536  0.0000000000  -0.0000000165  -0.0586974922
87.3362757698  3.1415926536  0.0000000000  -0.0000000162  -0.0578561233
88.5929128312  3.1415926536  0.0000000000  -0.0000000158  -0.0570384897
89.8495498927  3.1415926536  0.0000000000  -0.0000000154  -0.0562436028
91.1061869541  3.1415926536  0.0000000000  -0.0000000151  -0.0554705281
92.3628240155  3.1415926536  0.0000000000  -0.0000000147  -0.0547183814
93.6194610770  3.1415926536  0.0000000000  -0.0000000144  -0.0539863257
94.8760981384  3.1415926536  0.0000000000  -0.0000000141  -0.0532735679
96.1327351998  3.1415926536  0.0000000000  -0.0000000138  -0.0525793560
97.3893722613  3.1415926536  0.0000000000  -0.0000000135  -0.0519029767
98.6460093227  3.1415926536  0.0000000000  -0.0000000132  -0.0512437526
99.9026463842  3.1415926536  0.0000000000  -0.0000000129  -0.0506010401
101.1592834456  3.1415926536  0.0000000000  -0.0000000126  -0.0499742274
102.4159205070  3.1415926536  0.0000000000  -0.0000000124  -0.0493627326
103.6725575685  3.1415926536  0.0000000000  -0.0000000121  -0.0487660017
104.9291946299  3.1415926536  0.0000000000  -0.0000000119  -0.0481835070
106.1858316913  3.1415926536  0.0000000000  -0.0000000116  -0.0476147459
107.4424687528  3.1415926536  0.0000000000  -0.0000000114  -0.0470592388
108.6991058142  3.1415926536  0.0000000000  -0.0000000111  -0.0465165284
109.9557428756  3.1415926536  0.0000000000  -0.0000000109  -0.0459861780
111.2123799371  3.1415926536  0.0000000000  -0.0000000107  -0.0454677708
112.4690169985  3.1415926536  0.0000000000  -0.0000000105  -0.0449609081
113.7256540600  3.1415926536  0.0000000000  -0.0000000103  -0.0444652090
114.9822911214  3.1415926536  0.0000000000  -0.0000000101  -0.0439803093
116.2389281828  3.1415926536  0.0000000000  -0.0000000099  -0.0435058600
117.4955652443  3.1415926536  0.0000000000  -0.0000000097  -0.0430415273
118.7522023057  3.1415926536  0.0000000000  -0.0000000095  -0.0425869915
120.0088393671  3.1415926536  0.0000000000  -0.0000000093  -0.0421419460
121.2654764286  3.1415926536  0.0000000000  -0.0000000092  -0.0417060969
122.5221134900  3.1415926536  0.0000000000  -0.0000000090  -0.0412791624
123.7787505514  3.1415926536  0.0000000000  -0.0000000088  -0.0408608720
125.0353876129  3.1415926536  0.0000000000  -0.0000000087  -0.0404509660
126.2920246743  3.1415926536  0.0000000000  -0.0000000085  -0.0400491951
127.5486617357  3.1415926536  0.0000000000  -0.0000000084  -0.0396553198
128.8052987972  3.1415926536  0.0000000000  -0.0000000082  -0.0392691097
130.0619358586  3.1415926536  0.0000000000  -0.0000000081  -0.0388903434
131.3185729201  3.1415926536  0.0000000000  -0.0000000079  -0.0385188079
132.5752099815  3.1415926536  0.0000000000  -0.0000000078  -0.0381542984
133.8318470429  3.1415926536  0.0000000000  -0.0000000077  -0.0377966175
135.0884841044  3.1415926536  0.0000000000  -0.0000000075  -0.0374455753
136.3451211658  3.1415926536  0.0000000000  -0.0000000074  -0.0371009887
137.6017582272  3.1415926536  0.0000000000  -0.0000000073  -0.0367626816
138.8583952887  3.1415926536  0.0000000000  -0.0000000072  -0.0364304839
140.1150323501  3.1415926536  0.0000000000  -0.0000000070  -0.0361042317
141.3716694115  3.1415926536  0.0000000000  -0.0000000069  -0.0357837670
142.6283064730  3.1415926536  0.0000000000  -0.0000000068  -0.0354689372
143.8849435344  3.1415926536  0.0000000000  -0.0000000067  -0.0351595950
145.1415805958  3.1415926536  0.0000000000  -0.0000000066  -0.0348555984
146.3982176573  3.1415926536  0.0000000000  -0.0000000065  -0.0345568101
147.6548547187  3.1415926536  0.0000000000  -0.0000000064  -0.0342630973
148.9114917802  3.1415926536  0.0000000000  -0.0000000063  -0.0339743321
150.1681288416  3.1415926536  0.0000000000  -0.0000000062  -0.0336903905
151.4247659030  3.1415926536  0.0000000000  -0.0000000061  -0.0334111527
152.6814029645  3.1415926536  0.0000000000  -0.0000000060  -0.0331365028
153.9380400259  3.1415926536  0.0000000000  -0.0000000059  -0.0328663288
155.1946770873  3.1415926536  0.0000000000  -0.0000000058  -0.0326005222
156.4513141488  3.1415926536  0.0000000000  -0.0000000057  -0.0323389781
157.7079512102  3.1415926536  0.0000000000  -0.0000000056  -0.0320815947
158.9645882716  3.1415926536  0.0000000000  -0.0000000056  -0.0318282736
160.2212253331  3.1415926536  0.0000000000  -0.0000000055  -0.0315789195
161.4778623945  3.1415926536  0.0000000000  -0.0000000054  -0.0313334400
162.7344994560  3.1415926536  0.0000000000  -0.0000000053  -0.0310917454
163.9911365174  3.1415926536  0.0000000000  -0.0000000052  -0.0308537490
165.2477735788  3.1415926536  0.0000000000  -0.0000000052  -0.0306193666
166.5044106403  3.1415926536  0.0000000000  -0.0000000051  -0.0303885165
167.7610477017  3.1415926536  0.0000000000  -0.0000000050  -0.0301611195
169.0176847631  3.1415926536  0.0000000000  -0.0000000049  -0.0299370987
170.2743218246  3.1415926536  0.0000000000  -0.0000000049  -0.0297163796
171.5309588860  3.1415926536  0.0000000000  -0.0000000048  -0.0294988897
172.7875959474  3.1415926536  0.0000000000  -0.0000000047  -0.0292845587
174.0442330089  3.1415926536  0.0000000000  -0.0000000047  -0.0290733183
175.3008700703  3.1415926536  0.0000000000  -0.0000000046  -0.0288651022
176.5575071317  3.1415926536  0.0000000000  -0.0000000045  -0.0286598459
177.8141441932  3.1415926536  0.0000000000  -0.0000000045  -0.0284574868
179.0707812546  3.1415926536  0.0000000000  -0.0000000044  -0.0282579639
180.3274183161  3.1415926536  0.0000000000  -0.0000000044  -0.0280612182
181.5840553775  3.1415926536  0.0000000000  -0.0000000043  -0.0278671921
182.8406924389  3.1415926536  0.0000000000  -0.0000000043  -0.0276758295
184.0973295004  3.1415926536  0.0000000000  -0.0000000042  -0.0274870760
185.3539665618  3.1415926536  0.0000000000  -0.0000000041  -0.0273008787
186.6106036232  3.1415926536  0.0000000000  -0.0000000041  -0.0271171859
187.8672406847  3.1415926536  0.0000000000  -0.0000000040  -0.0269359476
189.1238777461  3.1415926536  0.0000000000  -0.0000000040  -0.0267571149
190.3805148075  3.1415926536  0.0000000000  -0.0000000039  -0.0265806401
191.6371518690  3.1415926536  0.0000000000  -0.0000000039  -0.0264064771
192.8937889304  3.1415926536  0.0000000000  -0.0000000038  -0.0262345806
194.1504259918  3.1415926536  0.0000000000  -0.0000000038  -0.0260649068
195.4070630533  3.1415926536  0.0000000000  -0.0000000037  -0.0258974129
196.6637001147  3.1415926536  0.0000000000  -0.0000000037  -0.0257320570
197.9203371762  3.1415926536  0.0000000000  -0.0000000037  -0.0255687986
199.1769742376  3.1415926536  0.0000000000  -0.0000000036  -0.0254075979
200.4336112990  3.1415926536  0.0000000000  -0.0000000036  -0.0252484164
201.6902483605  3.1415926536  0.0000000000  -0.0000000035  -0.0250912164
202.9468854219  3.1415926536  0.0000000000  -0.0000000035  -0.0249359611
204.2035224833  3.1415926536  0.0000000000  -0.0000000034  -0.0247826146
205.4601595448  3.1415926536  0.0000000000  -0.0000000034  -0.0246311421
206.7167966062  3.1415926536  0.0000000000  -0.0000000034  -0.0244815092
207.9734336676  3.1415926536  0.0000000000  -0.0000000033  -0.0243336828
209.2300707291  3.1415926536  0.0000000000  -0.0000000033  -0.0241876304
210.4867077905  3.1415926536  0.0000000000  -0.0000000032  -0.0240433201
211.7433448520  3.1415926536  0.0000000000  -0.0000000032  -0.0239007211
212.9999819134  3.1415926536  0.0000000000  -0.0000000032  -0.0237598031
214.2566189748  3.1415926536  0.0000000000  -0.0000000031  -0.0236205365
215.5132560363  3.1415926536  0.0000000000  -0.0000000031  -0.0234828925
216.7698930977  3.1415926536  0.0000000000  -0.0000000031  -0.0233468429
218.0265301591  3.1415926536  0.0000000000  -0.0000000030  -0.0232123602
219.2831672206  3.1415926536  0.0000000000  -0.0000000030  -0.0230794175
220.5398042820  3.1415926536  0.0000000000  -0.0000000030  -0.0229479884
221.7964413434  3.1415926536  0.0000000000  -0.0000000029  -0.0228180473
223.0530784049  3.1415926536  0.0000000000  -0.0000000029  -0.0226895690
224.3097154663  3.1415926536  0.0000000000  -0.0000000029  -0.0225625291
225.5663525277  3.1415926536  0.0000000000  -0.0000000028  -0.0224369034
226.8229895892  3.1415926536  0.0000000000  -0.0000000028  -0.0223126685
228.0796266506  3.1415926536  0.0000000000  -0.0000000028  -0.0221898015
229.3362637121  3.1415926536  0.0000000000  -0.0000000027  -0.0220682798
230.5929007735  3.1415926536  0.0000000000  -0.0000000027  -0.0219480816
231.8495378349  3.1415926536  0.0000000000  -0.0000000027  -0.0218291853
233.1061748964  3.1415926536  0.0000000000  -0.0000000027  -0.0217115699
234.3628119578  3.1415926536  0.0000000000  -0.0000000026  -0.0215952147
235.6194490192  3.1415926536  0.0000000000  -0.0000000026  -0.0214800998
236.8760860807  3.1415926536  0.0000000000  -0.0000000026  -0.0213662052
238.1327231421  3.1415926536  0.0000000000  -0.0000000026  -0.0212535118
239.3893602035  3.1415926536  0.0000000000  -0.0000000025  -0.0211420007
240.6459972650  3.1415926536  0.0000000000  -0.0000000025  -0.0210316533
241.9026343264  3.1415926536  0.0000000000  -0.0000000025  -0.0209224515
243.1592713878  3.1415926536  0.0000000000  -0.0000000024  -0.0208143775
244.4159084493  3.1415926536  0.0000000000  -0.0000000024  -0.0207074141
245.6725455107  3.1415926536  0.0000000000  -0.0000000024  -0.0206015442
246.9291825722  3.1415926536  0.0000000000  -0.0000000024  -0.0204967510
248.1858196336  3.1415926536  0.0000000000  -0.0000000024  -0.0203930183
249.4424566950  3.1415926536  0.0000000000  -0.0000000023  -0.0202903300
250.6990937565  3.1415926536  0.0000000000  -0.0000000023  -0.0201886705
251.9557308179  3.1415926536  0.0000000000  -0.0000000023  -0.0200880244
253.2123678793  3.1415926536  0.0000000000  -0.0000000023  -0.0199883765
254.4690049408  3.1415926536  0.0000000000  -0.0000000022  -0.0198897122
255.7256420022  3.1415926536  0.0000000000  -0.0000000022  -0.0197920169
256.9822790636  3.1415926536  0.0000000000  -0.0000000022  -0.0196952765
258.2389161251  3.1415926536  0.0000000000  -0.0000000022  -0.0195994769
259.4955531865  3.1415926536  0.0000000000  -0.0000000022  -0.0195046046
260.7521902480  3.1415926536  0.0000000000  -0.0000000021  -0.0194106462
262.0088273094  3.1415926536  0.0000000000  -0.0000000021  -0.0193175884
263.2654643708  3.1415926536  0.0000000000  -0.0000000021  -0.0192254185
264.5221014323  3.1415926536  0.0000000000  -0.0000000021  -0.0191341238
265.7787384937  3.1415926536  0.0000000000  -0.0000000021  -0.0190436918
267.0353755551  3.1415926536  0.0000000000  -0.0000000020  -0.0189541105
268.2920126166  3.1415926536  0.0000000000  -0.0000000020  -0.0188653678
269.5486496780  3.1415926536  0.0000000000  -0.0000000020  -0.0187774521
270.8052867394  3.1415926536  0.0000000000  -0.0000000020  -0.0186903518
272.0619238009  3.1415926536  0.0000000000  -0.0000000020  -0.0186040557
273.3185608623  3.1415926536  0.0000000000  -0.0000000019  -0.0185185526
274.5751979237  3.1415926536  0.0000000000  -0.0000000019  -0.0184338317
275.8318349852  3.1415926536  0.0000000000  -0.0000000019  -0.0183498823
277.0884720466  3.1415926536  0.0000000000  -0.0000000019  -0.0182666940
278.3451091081  3.1415926536  0.0000000000  -0.0000000019  -0.0181842564
279.6017461695  3.1415926536  0.0000000000  -0.0000000019  -0.0181025593
280.8583832309  3.1415926536  0.0000000000  -0.0000000018  -0.0180215930
282.1150202924  3.1415926536  0.0000000000  -0.0000000018  -0.0179413475
283.3716573538  3.1415926536  0.0000000000  -0.0000000018  -0.0178618134
284.6282944152  3.1415926536  0.0000000000  -0.0000000018  -0.0177829812
285.8849314767  3.1415926536  0.0000000000  -0.0000000018  -0.0177048417
287.1415685381  3.1415926536  0.0000000000  -0.0000000018  -0.0176273857
288.3982055995  3.1415926536  0.0000000000  -0.0000000018  -0.0175506044
289.6548426610  3.1415926536  0.0000000000  -0.0000000017  -0.0174744890
290.9114797224  3.1415926536  0.0000000000  -0.0000000017  -0.0173990308
292.1681167839  3.1415926536  0.0000000000  -0.0000000017  -0.0173242214
293.4247538453  3.1415926536  0.0000000000  -0.0000000017  -0.0172500524
294.6813909067  3.1415926536  0.0000000000  -0.0000000017  -0.0171765157
295.9380279682  3.1415926536  0.0000000000  -0.0000000017  -0.0171036032
297.1946650296  3.1415926536  0.0000000000  -0.0000000017  -0.0170313070
298.4513020910  3.1415926536  0.0000000000  -0.0000000016  -0.0169596193
299.7079391525  3.1415926536  0.0000000000  -0.0000000016  -0.0168885325
300.9645762139  3.1415926536  0.0000000000  -0.0000000016  -0.0168180390
302.2212132753  3.1415926536  0.0000000000  -0.0000000016  -0.0167481314
303.4778503368  3.1415926536  0.0000000000  -0.0000000016  -0.0166788026
304.7344873982  3.1415926536  0.0000000000  -0.0000000016  -0.0166100452
305.9911244596  3.1415926536  0.0000000000  -0.0000000016  -0.0165418524
307.2477615211  3.1415926536  0.0000000000  -0.0000000015  -0.0164742171
308.5043985825  3.1415926536  0.0000000000  -0.0000000015  -0.0164071325
309.7610356440  3.1415926536  0.0000000000  -0.0000000015  -0.0163405920
311.0176727054  3.1415926536  0.0000000000  -0.0000000015  -0.0162745890
312.2743097668  3.1415926536  0.0000000000  -0.0000000015  -0.0162091169
313.5309468283  3.1415926536  0.0000000000  -0.0000000015  -0.0161441695
314.7875838897  3.1415926536  0.0000000000  -0.0000000015  -0.0160797403
316.0442209511  3.1415926536  0.0000000000  -0.0000000015  -0.0160158233
317.3008580126  3.1415926536  0.0000000000  -0.0000000015  -0.0159524124
318.5574950740  3.1415926536  0.0000000000  -0.0000000014  -0.0158895015
319.8141321354  3.1415926536  0.0000000000  -0.0000000014  -0.0158270848
321.0707691969  3.1415926536  0.0000000000  -0.0000000014  -0.0157651565
322.3274062583  3.1415926536  0.0000000000  -0.0000000014  -0.0157037108
323.5840433197  3.1415926536  0.0000000000  -0.0000000014  -0.0156427422
324.8406803812  3.1415926536  0.0000000000  -0.0000000014  -0.0155822452
326.0973174426  3.1415926536  0.0000000000  -0.0000000014  -0.0155222142
327.3539545041  3.1415926536  0.0000000000  -0.0000000014  -0.0154626439
328.6105915655  3.1415926536  0.0000000000  -0.0000000014  -0.0154035290
329.8672286269  3.1415926536  0.0000000000  -0.0000000013  -0.0153448643
331.1238656884  3.1415926536  0.0000000000  -0.0000000013  -0.0152866448
332.3805027498  3.1415926536  0.0000000000  -0.0000000013  -0.0152288653
333.6371398112  3.1415926536  0.0000000000  -0.0000000013  -0.0151715208
334.8937768727  3.1415926536  0.0000000000  -0.0000000013  -0.0151146066
336.1504139341  3.1415926536  0.0000000000  -0.0000000013  -0.0150581177
337.4070509955  3.1415926536  0.0000000000  -0.0000000013  -0.0150020494
338.6636880570  3.1415926536  0.0000000000  -0.0000000013  -0.0149463971
339.9203251184  3.1415926536  0.0000000000  -0.0000000013  -0.0148911561
341.1769621799  3.1415926536  0.0000000000  -0.0000000013  -0.0148363219
342.4335992413  3.1415926536  0.0000000000  -0.0000000012  -0.0147818900
343.6902363027  3.1415926536  0.0000000000  -0.0000000012  -0.0147278560
344.9468733642  3.1415926536  0.0000000000  -0.0000000012  -0.0146742155
346.2035104256  3.1415926536  0.0000000000  -0.0000000012  -0.0146209643
347.4601474870  3.1415926536  0.0000000000  -0.0000000012  -0.0145680981
348.7167845485  3.1415926536  0.0000000000  -0.0000000012  -0.0145156128
349.9734216099  3.1415926536  0.0000000000  -0.0000000012  -0.0144635043
351.2300586713  3.1415926536  0.0000000000  -0.0000000012  -0.0144117686
352.4866957328  3.1415926536  0.0000000000  -0.0000000012  -0.0143604016
353.7433327942  3.1415926536  0.0000000000  -0.0000000012  -0.0143093994
354.9999698556  3.1415926536  0.0000000000  -0.0000000012  -0.0142587582
356.2566069171  3.1415926536  0.0000000000  -0.0000000012  -0.0142084741
357.5132439785  3.1415926536  0.0000000000  -0.0000000011  -0.0141585433
358.7698810400  3.1415926536  0.0000000000  -0.0000000011  -0.0141089623
360.0265181014  3.1415926536  0.0000000000  -0.0000000011  -0.0140597272
361.2831551628  3.1415926536  0.0000000000  -0.0000000011  -0.0140108346
362.5397922243  3.1415926536  0.0000000000  -0.0000000011  -0.0139622807
363.7964292857  3.1415926536  0.0000000000  -0.0000000011  -0.0139140622
365.0530663471  3.1415926536  0.0000000000  -0.0000000011  -0.0138661756
366.3097034086  3.1415926536  0.0000000000  -0.0000000011  -0.0138186174
367.5663404700  3.1415926536  0.0000000000  -0.0000000011  -0.0137713843
368.8229775314  3.1415926536  0.0000000000  -0.0000000011  -0.0137244729
370.0796145929  3.1415926536  0.0000000000  -0.0000000011  -0.0136778800
371.3362516543  3.1415926536  0.0000000000  -0.0000000011  -0.0136316024
372.5928887157  3.1415926536  0.0000000000  -0.0000000011  -0.0135856368
373.8495257772  3.1415926536  0.0000000000  -0.0000000011  -0.0135399802
375.1061628386  3.1415926536  0.0000000000  -0.0000000010  -0.0134946293
376.3627999001  3.1415926536  0.0000000000  -0.0000000010  -0.0134495813
377.6194369615  3.1415926536  0.0000000000  -0.0000000010  -0.0134048329
378.8760740229  3.1415926536  0.0000000000  -0.0000000010  -0.0133603813
380.1327110844  3.1415926536  0.0000000000  -0.0000000010  -0.0133162235
381.3893481458  3.1415926536  0.0000000000  -0.0000000010  -0.0132723566
382.6459852072  3.1415926536  0.0000000000  -0.0000000010  -0.0132287778
383.9026222687  3.1415926536  0.0000000000  -0.0000000010  -0.0131854841
385.1592593301  3.1415926536  0.0000000000  -0.0000000010  -0.0131424729
386.4158963915  3.1415926536  0.0000000000  -0.0000000010  -0.0130997414
387.6725334530  3.1415926536  0.0000000000  -0.0000000010  -0.0130572868
388.9291705144  3.1415926536  0.0000000000  -0.0000000010  -0.0130151064
390.1858075759  3.1415926536  0.0000000000  -0.0000000010  -0.0129731977
391.4424446373  3.1415926536  0.0000000000  -0.0000000010  -0.0129315580
392.6990816987  3.1415926536  0.0000000000  -0.0000000010  -0.0128901847
393.9557187602  3.1415926536  0.0000000000  -0.0000000009  -0.0128490753
395.2123558216  3.1415926536  0.0000000000  -0.0000000009  -0.0128082272
396.4689928830  3.1415926536  0.0000000000  -0.0000000009  -0.0127676380
397.7256299445  3.1415926536  0.0000000000  -0.0000000009  -0.0127273052
398.9822670059  3.1415926536  0.0000000000  -0.0000000009  -0.0126872264
400.2389040673  3.1415926536  0.0000000000  -0.0000000009  -0.0126473992
401.4955411288  3.1415926536  0.0000000000  -0.0000000009  -0.0126078213
402.7521781902  3.1415926536  0.0000000000  -0.0000000009  -0.0125684903
404.0088152516  3.1415926536  0.0000000000  -0.0000000009  -0.0125294038
405.2654523131  3.1415926536  0.0000000000  -0.0000000009  -0.0124905597
406.5220893745  3.1415926536  0.0000000000  -0.0000000009  -0.0124519557
407.7787264360  3.1415926536  0.0000000000  -0.0000000009  -0.0124135896
409.0353634974  3.1415926536  0.0000000000  -0.0000000009  -0.0123754591
410.2920005588  3.1415926536  0.0000000000  -0.0000000009  -0.0123375622
411.5486376203  3.1415926536  0.0000000000  -0.0000000009  -0.0122998966
412.8052746817  3.1415926536  0.0000000000  -0.0000000009  -0.0122624603
414.0619117431  3.1415926536  0.0000000000  -0.0000000009  -0.0122252512
415.3185488046  3.1415926536  0.0000000000  -0.0000000009  -0.0121882671
416.5751858660  3.1415926536  0.0000000000  -0.0000000008  -0.0121515062
417.8318229274  3.1415926536  0.0000000000  -0.0000000008  -0.0121149663
419.0884599889  3.1415926536  0.0000000000  -0.0000000008  -0.0120786455
420.3450970503  3.1415926536  0.0000000000  -0.0000000008  -0.0120425418
421.6017341118  3.1415926536  0.0000000000  -0.0000000008  -0.0120066533
422.8583711732  3.1415926536  0.0000000000  -0.0000000008  -0.0119709780
424.1150082346  3.1415926536  0.0000000000  -0.0000000008  -0.0119355141
425.3716452961  3.1415926536  0.0000000000  -0.0000000008  -0.0119002596
426.6282823575  3.1415926536  0.0000000000  -0.0000000008  -0.0118652128
427.8849194189  3.1415926536  0.0000000000  -0.0000000008  -0.0118303718
429.1415564804  3.1415926536  0.0000000000  -0.0000000008  -0.0117957349
430.3981935418  3.1415926536  0.0000000000  -0.0000000008  -0.0117613001
431.6548306032  3.1415926536  0.0000000000  -0.0000000008  -0.0117270657
432.9114676647  3.1415926536  0.0000000000  -0.0000000008  -0.0116930301
434.1681047261  3.1415926536  0.0000000000  -0.0000000008  -0.0116591915
435.4247417875  3.1415926536  0.0000000000  -0.0000000008  -0.0116255481
436.6813788490  3.1415926536  0.0000000000  -0.0000000008  -0.0115920983
437.9380159104  3.1415926536  0.0000000000  -0.0000000008  -0.0115588404
439.1946529719  3.1415926536  0.0000000000  -0.0000000008  -0.0115257728
440.4512900333  3.1415926536  0.0000000000  -0.0000000008  -0.0114928939
441.7079270947  3.1415926536  0.0000000000  -0.0000000008  -0.0114602020
442.9645641562  3.1415926536  0.0000000000  -0.0000000008  -0.0114276955
444.2212012176  3.1415926536  0.0000000000  -0.0000000007  -0.0113953729
445.4778382790  3.1415926536  0.0000000000  -0.0000000007  -0.0113632326
446.7344753405  3.1415926536  0.0000000000  -0.0000000007  -0.0113312731
447.9911124019  3.1415926536  0.0000000000  -0.0000000007  -0.0112994929
449.2477494633  3.1415926536  0.0000000000  -0.0000000007  -0.0112678904
450.5043865248  3.1415926536  0.0000000000  -0.0000000007  -0.0112364642
451.7610235862  3.1415926536  0.0000000000  -0.0000000007  -0.0112052128
453.0176606476  3.1415926536  0.0000000000  -0.0000000007  -0.0111741347
454.2742977091  3.1415926536  0.0000000000  -0.0000000007  -0.0111432285
455.5309347705  3.1415926536  0.0000000000  -0.0000000007  -0.0111124928
456.7875718320  3.1415926536  0.0000000000  -0.0000000007  -0.0110819262
458.0442088934  3.1415926536  0.0000000000  -0.0000000007  -0.0110515272
459.3008459548  3.1415926536  0.0000000000  -0.0000000007  -0.0110212946
460.5574830163  3.1415926536  0.0000000000  -0.0000000007  -0.0109912269
461.8141200777  3.1415926536  0.0000000000  -0.0000000007  -0.0109613228
463.0707571391  3.1415926536  0.0000000000  -0.0000000007  -0.0109315810
464.3273942006  3.1415926536  0.0000000000  -0.0000000007  -0.0109020001
465.5840312620  3.1415926536  0.0000000000  -0.0000000007  -0.0108725789
466.8406683234  3.1415926536  0.0000000000  -0.0000000007  -0.0108433161
468.0973053849  3.1415926536  0.0000000000  -0.0000000007  -0.0108142103
469.3539424463  3.1415926536  0.0000000000  -0.0000000007  -0.0107852604
470.6105795078  3.1415926536  0.0000000000  -0.0000000007  -0.0107564650
471.8672165692  3.1415926536  0.0000000000  -0.0000000007  -0.0107278230
473.1238536306  3.1415926536  0.0000000000  -0.0000000007  -0.0106993331
474.3804906921  3.1415926536  0.0000000000  -0.0000000007  -0.0106709941
475.6371277535  3.1415926536  0.0000000000  -0.0000000007  -0.0106428048
476.8937648149  3.1415926536  0.0000000000  -0.0000000006  -0.0106147640
478.1504018764  3.1415926536  0.0000000000  -0.0000000006  -0.0105868706
479.4070389378  3.1415926536  0.0000000000  -0.0000000006  -0.0105591234
480.6636759992  3.1415926536  0.0000000000  -0.0000000006  -0.0105315213
481.9203130607  3.1415926536  0.0000000000  -0.0000000006  -0.0105040631
483.1769501221  3.1415926536  0.0000000000  -0.0000000006  -0.0104767477
484.4335871835  3.1415926536  0.0000000000  -0.0000000006  -0.0104495740
485.6902242450  3.1415926536  0.0000000000  -0.0000000006  -0.0104225408
486.9468613064  3.1415926536  0.0000000000  -0.0000000006  -0.0103956472
488.2034983679  3.1415926536  0.0000000000  -0.0000000006  -0.0103688920
489.4601354293  3.1415926536  0.0000000000  -0.0000000006  -0.0103422742
490.7167724907  3.1415926536  0.0000000000  -0.0000000006  -0.0103157926
491.9734095522  3.1415926536  0.0000000000  -0.0000000006  -0.0102894463
493.2300466136  3.1415926536  0.0000000000  -0.0000000006  -0.0102632343
494.4866836750  3.1415926536  0.0000000000  -0.0000000006  -0.0102371554
495.7433207365  3.1415926536  0.0000000000  -0.0000000006  -0.0102112087
496.9999577979  3.1415926536  0.0000000000  -0.0000000006  -0.0101853932
498.2565948593  3.1415926536  0.0000000000  -0.0000000006  -0.0101597079
499.5132319208  3.1415926536  0.0000000000  -0.0000000006  -0.0101341519
500.7698689822  3.1415926536  0.0000000000  -0.0000000006  -0.0101087240
502.0265060436  3.1415926536  0.0000000000  -0.0000000006  -0.0100834235
503.2831431051  3.1415926536  0.0000000000  -0.0000000006  -0.0100582492
504.5397801665  3.1415926536  0.0000000000  -0.0000000006  -0.0100332003
505.7964172280  3.1415926536  0.0000000000  -0.0000000006  -0.0100082759
507.0530542894  3.1415926536  0.0000000000  -0.0000000006  -0.0099834750
508.3096913508  3.1415926536  0.0000000000  -0.0000000006  -0.0099587967
509.5663284123  3.1415926536  0.0000000000  -0.0000000006  -0.0099342402
510.8229654737  3.1415926536  0.0000000000  -0.0000000006  -0.0099098044
512.0796025351  3.1415926536  0.0000000000  -0.0000000006  -0.0098854885
513.3362395966  3.1415926536  0.0000000000  -0.0000000006  -0.0098612916
514.5928766580  3.1415926536  0.0000000000  -0.0000000006  -0.0098372129
515.8495137194  3.1415926536  0.0000000000  -0.0000000006  -0.0098132515
517.1061507809  3.1415926536  0.0000000000  -0.0000000006  -0.0097894066
518.3627878423  3.1415926536  0.0000000000  -0.0000000005  -0.0097656772
519.6194249038  3.1415926536  0.0000000000  -0.0000000005  -0.0097420626
520.8760619652  3.1415926536  0.0000000000  -0.0000000005  -0.0097185619
522.1326990266  3.1415926536  0.0000000000  -0.0000000005  -0.0096951743
523.3893360881  3.1415926536  0.0000000000  -0.0000000005  -0.0096718990
524.6459731495  3.1415926536  0.0000000000  -0.0000000005  -0.0096487352
525.9026102109  3.1415926536  0.0000000000  -0.0000000005  -0.0096256821
527.1592472724  3.1415926536  0.0000000000  -0.0000000005  -0.0096027388
528.4158843338  3.1415926536  0.0000000000  -0.0000000005  -0.0095799047
529.6725213952  3.1415926536  0.0000000000  -0.0000000005  -0.0095571789
530.9291584567  3.1415926536  0.0000000000  -0.0000000005  -0.0095345606
532.1857955181  3.1415926536  0.0000000000  -0.0000000005  -0.0095120492
533.4424325795  3.1415926536  0.0000000000  -0.0000000005  -0.0094896438
534.6990696410  3.1415926536  0.0000000000  -0.0000000005  -0.0094673437
535.9557067024  3.1415926536  0.0000000000  -0.0000000005  -0.0094451482
537.2123437639  3.1415926536  0.0000000000  -0.0000000005  -0.0094230564
538.4689808253  3.1415926536  0.0000000000  -0.0000000005  -0.0094010678
539.7256178867  3.1415926536  0.0000000000  -0.0000000005  -0.0093791816
540.9822549482  3.1415926536  0.0000000000  -0.0000000005  -0.0093573970
542.2388920096  3.1415926536  0.0000000000  -0.0000000005  -0.0093357133
543.4955290710  3.1415926536  0.0000000000  -0.0000000005  -0.0093141300
544.7521661325  3.1415926536  0.0000000000  -0.0000000005  -0.0092926462
546.0088031939  3.1415926536  0.0000000000  -0.0000000005  -0.0092712612
547.2654402553  3.1415926536  0.0000000000  -0.0000000005  -0.0092499745
548.5220773168  3.1415926536  0.0000000000  -0.0000000005  -0.0092287853
549.7787143782  3.1415926536  0.0000000000  -0.0000000005  -0.0092076929
551.0353514396  3.1415926536  0.0000000000  -0.0000000005  -0.0091866967
552.2919885011  3.1415926536  0.0000000000  -0.0000000005  -0.0091657961
553.5486255625  3.1415926536  0.0000000000  -0.0000000005  -0.0091449903
554.8052626240  3.1415926536  0.0000000000  -0.0000000005  -0.0091242788
556.0618996854  3.1415926536  0.0000000000  -0.0000000005  -0.0091036608
557.3185367468  3.1415926536  0.0000000000  -0.0000000005  -0.0090831359
558.5751738083  3.1415926536  0.0000000000  -0.0000000005  -0.0090627033
559.8318108697  3.1415926536  0.0000000000  -0.0000000005  -0.0090423623
561.0884479311  3.1415926536  0.0000000000  -0.0000000005  -0.0090221125
562.3450849926  3.1415926536  0.0000000000  -0.0000000005  -0.0090019532
563.6017220540  3.1415926536  0.0000000000  -0.0000000005  -0.0089818838
564.8583591154  3.1415926536  0.0000000000  -0.0000000005  -0.0089619036
566.1149961769  3.1415926536  0.0000000000  -0.0000000005  -0.0089420122
567.3716332383  3.1415926536  0.0000000000  -0.0000000005  -0.0089222088
568.6282702998  3.1415926536  0.0000000000  -0.0000000005  -0.0089024930
569.8849073612  3.1415926536  0.0000000000  -0.0000000005  -0.0088828641
571.1415444226  3.1415926536  0.0000000000  -0.0000000005  -0.0088633215
572.3981814841  3.1415926536  0.0000000000  -0.0000000005  -0.0088438648
573.6548185455  3.1415926536  0.0000000000  -0.0000000004  -0.0088244933
574.9114556069  3.1415926536  0.0000000000  -0.0000000004  -0.0088052064
576.1680926684  3.1415926536  0.0000000000  -0.0000000004  -0.0087860037
577.4247297298  3.1415926536  0.0000000000  -0.0000000004  -0.0087668845
578.6813667912  3.1415926536  0.0000000000  -0.0000000004  -0.0087478484
579.9380038527  3.1415926536  0.0000000000  -0.0000000004  -0.0087288948
581.1946409141  3.1415926536  0.0000000000  -0.0000000004  -0.0087100231
582.4512779755  3.1415926536  0.0000000000  -0.0000000004  -0.0086912328
583.7079150370  3.1415926536  0.0000000000  -0.0000000004  -0.0086725235
584.9645520984  3.1415926536  0.0000000000  -0.0000000004  -0.0086538945
586.2211891599  3.1415926536  0.0000000000  -0.0000000004  -0.0086353453
587.4778262213  3.1415926536  0.0000000000  -0.0000000004  -0.0086168755
588.7344632827  3.1415926536  0.0000000000  -0.0000000004  -0.0085984846
589.9911003442  3.1415926536  0.0000000000  -0.0000000004  -0.0085801720
591.2477374056  3.1415926536  0.0000000000  -0.0000000004  -0.0085619372
592.5043744670  3.1415926536  0.0000000000  -0.0000000004  -0.0085437797
593.7610115285  3.1415926536  0.0000000000  -0.0000000004  -0.0085256991
595.0176485899  3.1415926536  0.0000000000  -0.0000000004  -0.0085076949
596.2742856513  3.1415926536  0.0000000000  -0.0000000004  -0.0084897665
597.5309227128  3.1415926536  0.0000000000  -0.0000000004  -0.0084719135
598.7875597742  3.1415926536  0.0000000000  -0.0000000004  -0.0084541355
600.0441968357  3.1415926536  0.0000000000  -0.0000000004  -0.0084364319
601.3008338971  3.1415926536  0.0000000000  -0.0000000004  -0.0084188023
602.5574709585  3.1415926536  0.0000000000  -0.0000000004  -0.0084012462
603.8141080200  3.1415926536  0.0000000000  -0.0000000004  -0.0083837632
605.0707450814  3.1415926536  0.0000000000  -0.0000000004  -0.0083663528
606.3273821428  3.1415926536  0.0000000000  -0.0000000004  -0.0083490146
607.5840192043  3.1415926536  0.0000000000  -0.0000000004  -0.0083317480
608.8406562657  3.1415926536  0.0000000000  -0.0000000004  -0.0083145528
610.0972933271  3.1415926536  0.0000000000  -0.0000000004  -0.0082974283
611.3539303886  3.1415926536  0.0000000000  -0.0000000004  -0.0082803743
612.6105674500  3.1415926536  0.0000000000  -0.0000000004  -0.0082633902
613.8672045114  3.1415926536  0.0000000000  -0.0000000004  -0.0082464756
615.1238415729  3.1415926536  0.0000000000  -0.0000000004  -0.0082296302
616.3804786343  3.1415926536  0.0000000000  -0.0000000004  -0.0082128534
617.6371156958  3.1415926536  0.0000000000  -0.0000000004  -0.0081961449
618.8937527572  3.1415926536  0.0000000000  -0.0000000004  -0.0081795042
620.1503898186  3.1415926536  0.0000000000  -0.0000000004  -0.0081629310
621.4070268801  3.1415926536  0.0000000000  -0.0000000004  -0.0081464247
622.6636639415  3.1415926536  0.0000000000  -0.0000000004  -0.0081299851
623.9203010029  3.1415926536  0.0000000000  -0.0000000004  -0.0081136118
625.1769380644  3.1415926536  0.0000000000  -0.0000000004  -0.0080973042
626.4335751258  3.1415926536  0.0000000000  -0.0000000004  -0.0080810620
627.6902121872  3.1415926536  0.0000000000  -0.0000000004  -0.0080648849
628.9468492487  3.1415926536  0.0000000000  0.0000000000  0.0000000000
-627.6902121872  3.1415926536  3.1415926536  32.7400000000  0.0000000000
-626.4335751258  3.1415926536  3.1415926536  0.0000000000  0.0000000000
-625.1769380644  3.1415926536  3.1415926536  0.0000000000  0.0000000000
-623.9203010029  3.1415926536  3.1415926536  0.0000000000  0.0000000000
-622.6636639415  3.1415926536  3.1415926536  0.0000000000  0.0000000000
-621.4070268801  3.1415926536  3.1415926536  0.0000000000  0.0000000000
-620.1503898186  3.1415926536  3.1415926536  0.0000000000  0.0000000000
-618.8937527572  3.1415926536  3.1415926536  0.0000000000  0.0000000000
-617.6371156958  3.1415926536  3.1415926536  0.0000000000  0.0000000000
-616.3804786343  3.1415926536  3.1415926536  0.0000000000  0.0000000000
-615.1238415729  3.1415926536  3.1415926536  0.0000000000  0.0000000000
-613.8672045114  3.1415926536  3.1415926536  0.0000000000  0.0000000000
-612.6105674500  3.1415926536  3.1415926536  0.0000000000  0.0000000000
-611.3539303886  3.1415926536  3.1415926536  0.0000000000  0.0000000000
-610.0972933271  3.1415926536  3.1415926536  0.0000000000  0.0000000000
-608.8406562657  3.1415926536  3.1415926536  0.0000000000  0.0000000000
-607.5840192043  3.1415926536  3.1415926536  0.0000000000  0.0000000000
-606.3273821428  3.1415926536  3.1415926536  0.0000000000  0.0000000000
-605.0707450814  3.1415926536  3.1415926536  0.0000000000  0.0000000000
-603.8141080200  3.1415926536  3.1415926536  0.0000000000  0.0000000000
-602.5574709585  3.1415926536  3.1415926536  0.0000000000  0.0000000000
-601.3008338971  3.1415926536  3.1415926536  0.0000000000  0.0000000000
-600.0441968357  3.1415926536  3.1415926536  0.0000000000  0.0000000000
-598.7875597742  3.1415926536  3.1415926536  0.0000000000  0.0000000000
-597.5309227128  3.1415926536  3.1415926536  0.0000000000  0.0000000000
-596.2742856513  3.1415926536  3.1415926536  -nan  0.0163524598
-595.0176485899  3.1415926536  3.1415926536  0.0000000000  0.0000000000
-593.7610115285  3.1415926536  3.1415926536  0.0000000000  0.0000000000
-592.5043744670  3.1415926536  3.1415926536  0.0000000000  0.0000000000
-591.2477374056  3.1415926536  3.1415926536  30.1100000000  0.0000000000
-589.9911003442  3.1415926536  3.1415926536  0.0066470914  0.0000000000
-588.7344632827  3.1415926536  3.1415926536  0.0000000000  0.0000000000
-587.4778262213  3.1415926536  3.1415926536  0.0000000000  0.0000000000
-586.2211891599  3.1415926536  3.1415926536  0.0000000000  0.0000000000
-584.9645520984  3.1415926536  3.1415926536  0.0000000000  0.0000000000
-583.7079150370  3.1415926536  3.1415926536  0.0000000000  0.0000000000
-582.4512779755  3.1415926536  3.1415926536  0.0000000000  0.0000000000
-581.1946409141  3.1415926536  3.1415926536  0.0000000000  0.0000000000
-579.9380038527  3.1415926536  3.1415926536  0.0000000000  0.0000000000
-578.6813667912  3.1415926536  3.1415926536  0.0000000000  0.0000000000
-577.4247297298  3.1415926536  3.1415926536  0.0000000000  0.0000000000
-576.1680926684  3.1415926536  3.1415926536  0.0000000000  0.0000000000
-574.9114556069  3.1415926536  3.1415926536  0.0000000000  0.0000000000
-573.6548185455  3.1415926536  3.1415926536  0.0000000000  0.0000000000
-572.3981814841  3.1415926536  3.1415926536  0.0000000000  0.0000000000
-571.1415444226  3.1415926536  3.1415926536  0.0000000000  0.0000000000
-569.8849073612  3.1415926536  3.1415926536  0.0000000000  0.0000000000
-568.6282702998  3.1415926536  3.1415926536  0.0000000000  0.0000000000
-567.3716332383  3.1415926536  3.1415926536  0.0000000000  0.0000000000
-566.1149961769  3.1415926536  3.1415926536  0.0000000000  0.0000000000
-564.8583591154  3.1415926536  3.1415926536  0.0000000000  0.0000000000
-563.6017220540  3.1415926536  3.1415926536  0.0000000000  0.0000000000
-562.3450849926  3.1415926536  3.1415926536  0.0000000000  0.0000000000
-561.0884479311  3.1415926536  3.1415926536  0.0000000000  0.0000000000
-559.8318108697  3.1415926536  3.1415926536  -nan  0.0307417065
-558.5751738083  3.1415926536  3.1415926536  0.0000000000  0.0000000000
-557.3185367468  3.1415926536  3.1415926536  0.0000000000  0.0000000000
-556.0618996854  3.1415926536  3.1415926536  0.0000000000  0.0000000000
-554.8052626240  3.1415926536  3.1415926536  28.3950000000  0.0000000000
-553.5486255625  3.1415926536  3.1415926536  -0.0074582286  0.0000000000
-552.2919885011  3.1415926536  3.1415926536  0.0000000000  0.0000000000
-551.0353514396  3.1415926536  3.1415926536  0.0000000000  0.0000000000
-549.7787143782  3.1415926536  3.1415926536  0.0000000000  0.0000000000
-548.5220773168  3.1415926536  3.1415926536  0.0000000000  0.0000000000
-547.2654402553  3.1415926536  3.1415926536  0.0000000000  0.0000000000
-546.0088031939  3.1415926536  3.1415926536  0.0000000000  0.0000000000
-544.7521661325  3.1415926536  3.1415926536  0.0000000000  0.0000000000
-543.4955290710  3.1415926536  3.1415926536  0.0000000000  0.0000000000
-542.2388920096  3.1415926536  3.1415926536  0.0000000000  0.0000000000
-540.9822549482  3.1415926536  3.1415926536  0.0000000000  0.0000000000
-539.7256178867  3.1415926536  3.1415926536  0.0000000000  0.0000000000
-538.4689808253  3.1415926536  3.1415926536  0.0000000000  0.0000000000
-537.2123437639  3.1415926536  3.1415926536  0.0000000000  0.0000000000
-535.9557067024  3.1415926536  3.1415926536  0.0000000000  0.0000000000
-534.6990696410  3.1415926536  3.1415926536  0.0000000000  0.0000000000
-533.4424325795  3.1415926536  3.1415926536  0.0000000000  0.0000000000
-532.1857955181  3.1415926536  3.1415926536  0.0000000000  0.0000000000
-530.9291584567  3.1415926536  3.1415926536  0.0000000000  0.0000000000
-529.6725213952  3.1415926536  3.1415926536  0.0000000000  0.0000000000
-528.4158843338  3.1415926536  3.1415926536  0.0000000000  0.0000000000
-527.1592472724  3.1415926536  3.1415926536  0.0000000000  0.0000000000
-525.9026102109  3.1415926536  3.1415926536  0.0000000000  0.0000000000
-524.6459731495  3.1415926536  3.1415926536  0.0000000000  0.0000000000
-523.3893360881  3.1415926536  3.1415926536  -nan  0.2244293690
-522.1326990266  3.1415926536  3.1415926536  0.0000000000  0.0000000000
-520.8760619652  3.1415926536  3.1415926536  0.0000000000  0.0000000000
-519.6194249038  3.1415926536  3.1415926536  0.0000000000  0.0000000000
-518.3627878423  3.1415926536  3.1415926536  -0.0964436958  0.0000000000
-517.1061507809  3.1415926536  3.1415926536  -6.4611246220  -5.6350265859
-515.8495137194  3.1415926536  3.1415926536  -4.5916371429  -2.8175132929
-514.5928766580  3.1415926536  3.1415926536  -1.9158254503  -1.1479092857
-513.3362395966  3.1415926536  3.1415926536  -0.4437355306  -0.0002190589
-512.0796025351  3.1415926536  3.1415926536  0.3743968187  0.7677202206
-510.8229654737  3.1415926536  3.1415926536  1.9158254503  3.0708808824
-509.5663284123  3.1415926536  3.1415926536  4.5916371429  5.8204684715
-508.3096913508  3.1415926536  3.1415926536  6.5444950573  0.0000000000
-507.0530542894  3.1415926536  3.1415926536  0.0000000000  0.0000000000
-505.7964172280  3.1415926536  3.1415926536  0.0000000000  0.0000000000
-504.5397801665  3.1415926536  3.1415926536  0.0000000000  0.0000000000
-503.2831431051  3.1415926536  3.1415926536  0.0000000000  0.0000000000
-502.0265060436  3.1415926536  3.1415926536  0.0000000000  0.0000000000
-500.7698689822  3.1415926536  3.1415926536  0.0000000000  0.0000000000
-499.5132319208  3.1415926536  3.1415926536  0.0000000000  0.0000000000
-498.2565948593  3.1415926536  3.1415926536  0.0000000000  0.0000000000
-496.9999577979  3.1415926536  3.1415926536  0.0000000000  0.0000000000
-495.7433207365  3.1415926536  3.1415926536  0.0000000000  0.0000000000
-494.4866836750  3.1415926536  3.1415926536  0.0000000000  0.0000000000
-493.2300466136  3.1415926536  3.1415926536  0.0000000000  0.0000000000
-491.9734095522  3.1415926536  3.1415926536  0.0000000000  0.0000000000
-490.7167724907  3.1415926536  3.1415926536  0.0000000000  0.0000000000
-489.4601354293  3.1415926536  3.1415926536  0.0000000000  0.0000000000
-488.2034983679  3.1415926536  3.1415926536  0.0000000000  0.0000000000
-486.9468613064  3.1415926536  3.1415926536  0.0000000000  0.0000000000
-485.6902242450  3.1415926536  3.1415926536  0.0000000000  0.0000000000
-484.4335871835  3.1415926536  3.1415926536  0.0000000000  0.0000000000
-483.1769501221  3.1415926536  3.1415926536  0.0000000000  0.0000000000
-481.9203130607  3.1415926536  3.1415926536  0.0000000000  0.0000000000
-480.6636759992  3.1415926536  3.1415926536  0.0000000000  0.0000000000
-479.4070389378  3.1415926536  3.1415926536  0.0000000000  0.0000000000
-478.1504018764  3.1415926536  3.1415926536  0.0000000000  0.0000000000
-476.8937648149  3.1415926536  3.1415926536  0.0000000000  0.0000000000
-475.6371277535  3.1415926536  3.1415926536  0.0000000000  0.0000000000
-474.3804906921  3.1415926536  3.1415926536  0.0000000000  0.0000000000
-473.1238536306  3.1415926536  3.1415926536  6.4611246220  -0.0000000000
-471.8672165692  3.1415926536  3.1415926536  -0.0000000000  -0.0000000000
-470.6105795078  3.1415926536  3.1415926536  -0.0000000000  0.0000000000
-469.3539424463  3.1415926536  3.1415926536  5.6350265859  -0.0000000000
-468.0973053849  3.1415926536  3.1415926536  -0.0000000000  -0.0000000000
-466.8406683234  3.1415926536  3.1415926536  -0.0000000000  0.0000000000
-465.5840312620  3.1415926536  3.1415926536  4.5916371429  -0.0000000000
-464.3273942006  3.1415926536  3.1415926536  -0.0000000000  -0.0000000000
-463.0707571391  3.1415926536  3.1415926536  -0.0000000000  0.0000000000
-461.8141200777  3.1415926536  3.1415926536  2.8175132929  -0.0000000000
-460.5574830163  3.1415926536  3.1415926536  -0.0000000000  -0.0000000000
-459.3008459548  3.1415926536  3.1415926536  -0.0000000000  0.0000000000
-458.0442088934  3.1415926536  3.1415926536  1.9158254503  -0.0000000000
-456.7875718320  3.1415926536  3.1415926536  -0.0000000000  -0.0000000000
-455.5309347705  3.1415926536  3.1415926536  -0.0000000000  0.0000000000
-454.2742977091  3.1415926536  3.1415926536  1.1479092857  -0.0000000000
-453.0176606476  3.1415926536  3.1415926536  -0.0000000000  -0.0000000000
-451.7610235862  3.1415926536  3.1415926536  -0.0000000000  0.0000000000
-450.5043865248  3.1415926536  3.1415926536  0.4437355306  -0.0000000000
-449.2477494633  3.1415926536  3.1415926536  -0.0000000000  -0.0000000000
-447.9911124019  3.1415926536  3.1415926536  -0.0000000000  0.0000000000
-446.7344753405  3.1415926536  3.1415926536  0.0002190589  -0.0000000000
-445.4778382790  3.1415926536  3.1415926536  -0.0000000000  -0.0000000000
-444.2212012176  3.1415926536  3.1415926536  -0.0000000000  0.0000000000
-442.9645641562  3.1415926536  3.1415926536  -0.3743968187  0.0000000000
-441.7079270947  3.1415926536  3.1415926536  0.0000000000  0.0000000000
-440.4512900333  3.1415926536  3.1415926536  0.0000000000  0.0000000000
-439.1946529719  3.1415926536  3.1415926536  -0.7677202206  0.0000000000
-437.9380159104  3.1415926536  3.1415926536  0.0000000000  0.0000000000
-436.6813788490  3.1415926536  3.1415926536  0.0000000000  0.0000000000
-435.4247417875  3.1415926536  3.1415926536  -1.9158254503  0.0000000000
-434.1681047261  3.1415926536  3.1415926536  0.0000000000  0.0000000000
-432.9114676647  3.1415926536  3.1415926536  0.0000000000  0.0000000000
-431.6548306032  3.1415926536  3.1415926536  -3.0708808824  0.0000000000
-430.3981935418  3.1415926536  3.1415926536  0.0000000000  0.0000000000
-429.1415564804  3.1415926536  3.1415926536  0.0000000000  0.0000000000
-427.8849194189  3.1415926536  3.1415926536  -4.5916371429  0.0000000000
-426.6282823575  3.1415926536  3.1415926536  0.0000000000  0.0000000000
-425.3716452961  3.1415926536  3.1415926536  0.0000000000  0.0000000000
-424.1150082346  3.1415926536  3.1415926536  -5.8204684715  0.0000000000
-422.8583711732  3.1415926536  3.1415926536  0.0000000000  0.0000000000
-421.6017341118  3.1415926536  3.1415926536  0.0000000000  0.0000000000
-420.3450970503  3.1415926536  3.1415926536  -6.5444950573  0.0000000000
-419.0884599889  3.1415926536  3.1415926536  0.0000000000  0.0000000000
-417.8318229274  3.1415926536  3.1415926536  0.0000000000  0.0000000000
-416.5751858660  3.1415926536  3.1415926536  0.0000000000  0.0000000000
-415.3185488046  3.1415926536  3.1415926536  0.0000000000  0.0000000000
-414.0619117431  3.1415926536  3.1415926536  0.0014606005  0.0083473988
-412.8052746817  3.1415926536  3.1415926536  0.9405853785  0.3395572791
-411.5486376203  3.1415926536  3.1415926536  1.0060380014  0.1272344946
-410.2920005588  3.1415926536  3.1415926536  0.9797050690  0.2534319103
-409.0353634974  3.1415926536  3.1415926536  0.9969337685  0.1909825353
-407.7787264360  3.1415926536  3.1415926536  1.0075312695  0.0793505335
-406.5220893745  3.1415926536  3.1415926536  1.0000020495  0.1749650138
-405.2654523131  3.1415926536  3.1415926536  0.9616614973  0.2984928086
-404.0088152516  3.1415926536  3.1415926536  1.0027522275  0.1574484350
-402.7521781902  3.1415926536  3.1415926536  1.0048191255  0.0344613490
-401.4955411288  3.1415926536  3.1415926536  0.9930138837  0.2082837455
-400.2389040673  3.1415926536  3.1415926536  0.9497695577  0.3227787350
-398.9822670059  3.1415926536  3.1415926536  1.0023135814  0.0144453644
-397.7256299445  3.1415926536  3.1415926536  0.0062275379  0.0163524671
-396.4689928830  3.1415926536  3.1415926536  -0.0065324697  -0.0011430302
-395.2123558216  3.1415926536  3.1415926536  0.3039802285  -0.2495791901
-393.9557187602  3.1415926536  3.1415926536  0.7462148941  -0.2183209765
-392.6990816987  3.1415926536  3.1415926536  0.5239144613  -0.2768399280
-391.4424446373  3.1415926536  3.1415926536  0.1625553428  -0.1796933776
-390.1858075759  3.1415926536  3.1415926536  0.4666400757  -0.2779029732
-388.9291705144  3.1415926536  3.1415926536  0.8912936495  -0.1226658930
-387.6725334530  3.1415926536  3.1415926536  0.4051811446  -0.2728208057
-386.4158963915  3.1415926536  3.1415926536  0.0582881594  -0.0853264871
-385.1592593301  3.1415926536  3.1415926536  0.5862752435  -0.2693717611
-383.9026222687  3.1415926536  3.1415926536  0.9589169621  -0.0538936684
-382.6459852072  3.1415926536  3.1415926536  0.0220277546  -0.0367917584
-381.3893481458  3.1415926536  3.1415926536  0.0167659865  0.0233071734
-380.1327110844  3.1415926536  3.1415926536  -0.0246217079  -0.0043082259
-378.8760740229  3.1415926536  3.1415926536  0.0013051058  0.0036543819
-377.6194369615  3.1415926536  3.1415926536  0.4986424942  0.6461315467
-376.3627999001  3.1415926536  3.1415926536  0.9806221572  0.4857353165
-375.1061628386  3.1415926536  3.1415926536  0.6718355331  -0.2281255142
-373.8495257772  3.1415926536  3.1415926536  1.0423927839  0.3721740656
-372.5928887157  3.1415926536  3.1415926536  0.1444561245  0.4062646453
-371.3362516543  3.1415926536  3.1415926536  1.0666965067  0.2338026310
-370.0796145929  3.1415926536  3.1415926536  0.2686248255  -0.1890047021
-368.8229775314  3.1415926536  3.1415926536  0.8768744488  0.5826131635
-367.5663404700  3.1415926536  3.1415926536  0.0322366202  0.1795180661
-366.3097034086  3.1415926536  3.1415926536  0.1038398309  -0.0935835888
-365.0530663471  3.1415926536  3.1415926536  0.0226672642  0.0245084098
-363.7964292857  3.1415926536  3.1415926536  -0.0356657526  -0.0062406767
-362.5397922243  3.1415926536  3.1415926536  0.0034445019  0.0082362471
-361.2831551628  3.1415926536  3.1415926536  -0.0007383531  -0.0006543583
-360.0265181014  3.1415926536  3.1415926536  0.5189733920  -0.5026047967
-358.7698810400  3.1415926536  3.1415926536  0.1601981735  0.2700148653
-357.5132439785  3.1415926536  3.1415926536  0.3091990125  -0.4522249812
-356.2566069171  3.1415926536  3.1415926536  0.5707791133  0.3205048586
-354.9999698556  3.1415926536  3.1415926536  0.1262814683  -0.3157182396
-353.7433327942  3.1415926536  3.1415926536  0.2132156342  0.1390778418
-352.4866957328  3.1415926536  3.1415926536  0.7458071741  -0.4593453767
-351.2300586713  3.1415926536  3.1415926536  0.2147479219  0.2072023388
-349.9734216099  3.1415926536  3.1415926536  0.1159434929  0.0478840581
-348.7167845485  3.1415926536  3.1415926536  0.0307972592  0.0237848304
-347.4601474870  3.1415926536  3.1415926536  -0.0516883986  -0.0090442668
-346.2035104256  3.1415926536  3.1415926536  0.0099145153  0.0186749740
-344.9468733642  3.1415926536  3.1415926536  -0.0043973397  -0.0042448132
-343.6902363027  3.1415926536  3.1415926536  -0.0002701913  0.0004751531
-342.4335992413  3.1415926536  3.1415926536  0.4663869712  0.8605595733
-341.1769621799  3.1415926536  3.1415926536  0.9067316650  -0.3005191179
-339.9203251184  3.1415926536  3.1415926536  0.1722240561  -0.4689298233
-338.6636880570  3.1415926536  3.1415926536  0.5623949903  -0.4435687501
-337.4070509955  3.1415926536  3.1415926536  0.7710702515  0.3504546692
-336.1504139341  3.1415926536  3.1415926536  0.8113501655  0.2891805584
-334.8937768727  3.1415926536  3.1415926536  0.2081687455  -0.2453600364
-333.6371398112  3.1415926536  3.1415926536  0.4167956322  0.0727641837
-332.3805027498  3.1415926536  3.1415926536  0.0404753743  0.0187555634
-331.1238656884  3.1415926536  3.1415926536  -0.0721773315  -0.0126293533
-329.8672286269  3.1415926536  3.1415926536  0.0330146330  0.0408369752
-328.6105915655  3.1415926536  3.1415926536  -0.0214076168  -0.0229507019
-327.3539545041  3.1415926536  3.1415926536  -0.0055690800  0.0073762806
-326.0973174426  3.1415926536  3.1415926536  0.0017918501  0.0026444614
-324.8406803812  3.1415926536  3.1415926536  0.1876404447  -0.1100700477
-323.5840433197  3.1415926536  3.1415926536  -0.3876279623  0.1737779239
-322.3274062583  3.1415926536  3.1415926536  0.1537830492  -0.2951667225
-321.0707691969  3.1415926536  3.1415926536  0.6341885752  -0.6921773763
-319.8141321354  3.1415926536  3.1415926536  -0.1707782603  -0.0987575925
-318.5574950740  3.1415926536  3.1415926536  -0.2940971484  -0.0038015360
-317.3008580126  3.1415926536  3.1415926536  0.1994776534  -0.4336402501
-316.0442209511  3.1415926536  3.1415926536  0.0480206838  0.0074173082
-314.7875838897  3.1415926536  3.1415926536  -0.0906696358  -0.0158650762
-313.5309468283  3.1415926536  3.1415926536  0.1210394628  0.0465803438
-312.2743097668  3.1415926536  3.1415926536  -0.1007456990  -0.0962778159
-311.0176727054  3.1415926536  3.1415926536  -0.1297227114  0.0967880921
-309.7610356440  3.1415926536  3.1415926536  0.0956302489  0.1043155182
-308.5043985825  3.1415926536  3.1415926536  0.0250999218  0.0395102360
-307.2477615211  3.1415926536  3.1415926536  -0.0925052833  -0.9418239218
-305.9911244596  3.1415926536  3.1415926536  0.4437634658  -0.9496191174
-304.7344873982  3.1415926536  3.1415926536  0.0414942053  0.3854698639
-303.4778503368  3.1415926536  3.1415926536  0.2835088708  -0.7160829805
-302.2212132753  3.1415926536  3.1415926536  0.2219428758  -0.5689962911
-300.9645762139  3.1415926536  3.1415926536  0.1072718986  0.2269550595
-299.7079391525  3.1415926536  3.1415926536  0.0480206838  -0.0074173082
-298.4513020910  3.1415926536  3.1415926536  -0.0957068378  -0.0167464693
-297.1946650296  3.1415926536  3.1415926536  0.1209031751  -0.0954025430
-295.9380279682  3.1415926536  3.1415926536  -0.1922256658  -0.0763987518
-294.6813909067  3.1415926536  3.1415926536  -0.1610208963  -0.2769193279
-293.4247538453  3.1415926536  3.1415926536  -0.1590660651  0.3888500386
-292.1681167839  3.1415926536  3.1415926536  0.1488531890  -0.2347047550
-290.9114797224  3.1415926536  3.1415926536  0.4021542972  0.3214053835
-289.6548426610  3.1415926536  3.1415926536  0.4818072364  -0.3809603239
-288.3982055995  3.1415926536  3.1415926536  -0.3772913581  0.1629258946
-287.1415685381  3.1415926536  3.1415926536  0.3790184623  0.5252736140
-285.8849314767  3.1415926536  3.1415926536  0.5894249494  0.2734493542
-284.6282944152  3.1415926536  3.1415926536  -0.2012328875  0.1758561431
-283.3716573538  3.1415926536  3.1415926536  0.0404753743  -0.0187555634
-282.1150202924  3.1415926536  3.1415926536  -0.0849145076  -0.0148580627
-280.8583832309  3.1415926536  3.1415926536  0.0326700129  -0.0819879258
-279.6017461695  3.1415926536  3.1415926536  -0.1001120898  -0.0332710347
-278.3451091081  3.1415926536  3.1415926536  -0.0187327376  -0.0753753189
-277.0884720466  3.1415926536  3.1415926536  -0.0257143291  0.1042487051
-275.8318349852  3.1415926536  3.1415926536  0.0144313819  -0.0324512267
-274.5751979237  3.1415926536  3.1415926536  0.0721591920  0.0878604521
-273.3185608623  3.1415926536  3.1415926536  -0.0407661034  -0.0299677129
-272.0619238009  3.1415926536  3.1415926536  -0.2894512949  -0.5609296750
-270.8052867394  3.1415926536  3.1415926536  0.3446997401  0.5490803895
-269.5486496780  3.1415926536  3.1415926536  -0.0912893306  0.0184480702
-268.2920126166  3.1415926536  3.1415926536  -0.2651903638  -0.2962476984
-267.0353755551  3.1415926536  3.1415926536  0.0307972592  -0.0237848304
-265.7787384937  3.1415926536  3.1415926536  -0.0678410232  -0.0118706002
-264.5221014323  3.1415926536  3.1415926536  0.0094774860  -0.0499862717
-263.2654643708  3.1415926536  3.1415926536  -0.0479289083  -0.0187706383
-262.0088273094  3.1415926536  3.1415926536  -0.0031402863  -0.0274413896
-260.7521902480  3.1415926536  3.1415926536  -0.0043178995  0.0358209912
-259.4955531865  3.1415926536  3.1415926536  0.0027896174  -0.0091306746
-258.2389161251  3.1415926536  3.1415926536  0.0198979321  0.0316091902
-256.9822790636  3.1415926536  3.1415926536  -0.0157858452  -0.0126604855
-255.7256420022  3.1415926536  3.1415926536  0.0018272132  0.0049085447
-254.4690049408  3.1415926536  3.1415926536  0.2552021056  -0.5409826929
-253.2123678793  3.1415926536  3.1415926536  0.1934193593  0.0371053173
-251.9557308179  3.1415926536  3.1415926536  0.6698286982  -0.1262691606
-250.6990937565  3.1415926536  3.1415926536  0.0226672642  -0.0245084098
-249.4424566950  3.1415926536  3.1415926536  -0.0523097705  -0.0091529925
-248.1858196336  3.1415926536  3.1415926536  0.0029941774  -0.0312818517
-246.9291825722  3.1415926536  3.1415926536  -0.0254142850  -0.0112234909
-245.6725455107  3.1415926536  3.1415926536  -0.0004705588  -0.0124568920
-244.4159084493  3.1415926536  3.1415926536  -0.0007442011  0.0152271551
-243.1592713878  3.1415926536  3.1415926536  0.0008048748  -0.0035108054
-241.9026343264  3.1415926536  3.1415926536  0.0069292107  0.0136613960
-240.6459972650  3.1415926536  3.1415926536  -0.0066415499  -0.0059662928
-239.3893602035  3.1415926536  3.1415926536  0.0017179124  0.0034121448
-238.1327231421  3.1415926536  3.1415926536  -0.0003242954  0.0004725911
-236.8760860807  3.1415926536  3.1415926536  0.3044942580  0.3177328528
-235.6194490192  3.1415926536  3.1415926536  0.0256964314  -0.1002771391
-234.3628119578  3.1415926536  3.1415926536  0.0167659865  -0.0233071734
-233.1061748964  3.1415926536  3.1415926536  -0.0404499486  -0.0070777996
-231.8495378349  3.1415926536  3.1415926536  0.0008768531  -0.0207002102
-230.5929007735  3.1415926536  3.1415926536  -0.0149203632  -0.0071182158
-229.3362637121  3.1415926536  3.1415926536  0.0000678361  -0.0066023695
-228.0796266506  3.1415926536  3.1415926536  -0.0000297943  0.0076368144
-226.8229895892  3.1415926536  3.1415926536  0.0003021761  -0.0016566800
-225.5663525277  3.1415926536  3.1415926536  0.0029237377  0.0068437286
-224.3097154663  3.1415926536  3.1415926536  -0.0032121344  -0.0031595909
-223.0530784049  3.1415926536  3.1415926536  0.0012382261  0.0020848922
-221.7964413434  3.1415926536  3.1415926536  -0.0003074120  0.0004792444
-220.5398042820  3.1415926536  3.1415926536  -0.0000240377  -0.0000176147
-219.2831672206  3.1415926536  3.1415926536  -0.2076128048  0.3063392264
-218.0265301591  3.1415926536  3.1415926536  0.0062275379  -0.0163524671
-216.7698930977  3.1415926536  3.1415926536  -0.0176376682  -0.0030861815
-215.5132560363  3.1415926536  3.1415926536  -0.0003004649  -0.0063314820
-214.2566189748  3.1415926536  3.1415926536  -0.0035185245  -0.0019261752
-212.9999819134  3.1415926536  3.1415926536  0.0001233883  -0.0012682717
-211.7433448520  3.1415926536  3.1415926536  0.0001000576  0.0012850673
-210.4867077905  3.1415926536  3.1415926536  0.0000247343  -0.0002495675
-209.2300707291  3.1415926536  3.1415926536  0.0003091802  0.0011079184
-207.9734336676  3.1415926536  3.1415926536  -0.0004734947  -0.0005670224
-206.7167966062  3.1415926536  3.1415926536  0.0003341320  0.0004266851
-205.4601595448  3.1415926536  3.1415926536  -0.0000986345  0.0001779691
-204.2035224833  3.1415926536  3.1415926536  -0.0000218392  -0.0000229739
-202.9468854219  3.1415926536  3.1415926536  -0.0000022103  -0.0000052542
-201.6902483605  3.1415926536  3.1415926536  0.0000000000  0.0000000000
-200.4336112990  3.1415926536  3.1415926536  0.0000000000  0.0000000000
-199.1769742376  3.1415926536  3.1415926536  0.0000000000  0.0000000000
-197.9203371762  3.1415926536  3.1415926536  0.0000000000  0.0000000000
-196.6637001147  3.1415926536  3.1415926536  0.0000000000  0.0000000000
-195.4070630533  3.1415926536  3.1415926536  0.0000000000  0.0000000000
-194.1504259918  3.1415926536  3.1415926536  0.0000000000  0.0000000000
-192.8937889304  3.1415926536  3.1415926536  0.0000000000  0.0000000000
-191.6371518690  3.1415926536  3.1415926536  0.0000000000  0.0000000000
-190.3805148075  3.1415926536  3.1415926536  0.0000000000  0.0000000000
-189.1238777461  3.1415926536  3.1415926536  0.0000000000  0.0000000000
-187.8672406847  3.1415926536  3.1415926536  0.0000000000  0.0000000000
-186.6106036232  3.1415926536  3.1415926536  0.0000000000  0.0000000000
-185.3539665618  3.1415926536  3.1415926536  0.0000000000  0.0000000000
-184.0973295004  3.1415926536  3.1415926536  0.0000000000  0.0000000000
-182.8406924389  3.1415926536  3.1415926536  0.0000000000  0.0000000000
-181.5840553775  3.1415926536  3.1415926536  0.0000000000  0.0000000000
-180.3274183161  3.1415926536  3.1415926536  0.0000000000  0.0000000000
-179.0707812546  3.1415926536  3.1415926536  0.0000000000  0.0000000000
-177.8141441932  3.1415926536  3.1415926536  0.0000000000  0.0000000000
-176.5575071317  3.1415926536  3.1415926536  0.0000000000  0.0000000000
-175.3008700703  3.1415926536  3.1415926536  0.0000000000  0.0000000000
-174.0442330089  3.1415926536  3.1415926536  0.0000000000  0.0000000000
-172.7875959474  3.1415926536  3.1415926536  0.0000000000  0.0000000000
-171.5309588860  3.1415926536  3.1415926536  0.0000000000  0.0000000000
-170.2743218246  3.1415926536  3.1415926536  0.0000000000  0.0000000000
-169.0176847631  3.1415926536  3.1415926536  0.0000000000  0.0000000000
-167.7610477017  3.1415926536  3.1415926536  0.0000000000  0.0000000000
-166.5044106403  3.1415926536  3.1415926536  0.0000000000  0.0000000000
-165.2477735788  3.1415926536  3.1415926536  -0.7797619210  0.0000000000
-163.9911365174  3.1415926536  3.1415926536  0.0000000000  0.0000000000
-162.7344994560  3.1415926536  3.1415926536  0.0000000000  0.0000000000
-161.4778623945  3.1415926536  3.1415926536  0.0000000000  0.0000000000
-160.2212253331  3.1415926536  3.1415926536  -1.8616921834  0.0000000000
-158.9645882716  3.1415926536  3.1415926536  0.0000000000  0.0000000000
-157.7079512102  3.1415926536  3.1415926536  0.0000000000  0.0000000000
-156.4513141488  3.1415926536  3.1415926536  0.0000000000  0.0000000000
-155.1946770873  3.1415926536  3.1415926536  -2.9859523160  0.0000000000
-153.9380400259  3.1415926536  3.1415926536  0.0000000000  0.0000000000
-152.6814029645  3.1415926536  3.1415926536  0.0000000000  0.0000000000
-151.4247659030  3.1415926536  3.1415926536  0.0000000000  0.0000000000
-150.1681288416  3.1415926536  3.1415926536  -3.6177927121  0.0000000000
-148.9114917802  3.1415926536  3.1415926536  0.0000000000  0.0000000000
-147.6548547187  3.1415926536  3.1415926536  0.0000000000  0.0000000000
-146.3982176573  3.1415926536  3.1415926536  0.0000000000  0.0000000000
-145.1415805958  3.1415926536  3.1415926536  -4.0678214544  0.0000000000
-143.8849435344  3.1415926536  3.1415926536  0.0000000000  0.0000000000
-142.6283064730  3.1415926536  3.1415926536  0.0000000000  0.0000000000
-141.3716694115  3.1415926536  3.1415926536  0.0000000000  0.0000000000
-140.1150323501  3.1415926536  3.1415926536  0.4063755503  0.0000000000
-138.8583952887  3.1415926536  3.1415926536  0.0000000000  0.0000000000
-137.6017582272  3.1415926536  3.1415926536  0.0000000000  0.0000000000
-136.3451211658  3.1415926536  3.1415926536  0.0000000000  0.0000000000
-135.0884841044  3.1415926536  3.1415926536  0.0002723182  0.0000000000
-133.8318470429  3.1415926536  3.1415926536  0.0000000000  0.0000000000
-132.5752099815  3.1415926536  3.1415926536  0.0000000000  0.0000000000
-131.3185729201  3.1415926536  3.1415926536  0.0000000000  0.0000000000
-130.0619358586  3.1415926536  3.1415926536  -0.0000000000  0.0000000000
-128.8052987972  3.1415926536  3.1415926536  0.0000000000  0.0000000000
-127.5486617357  3.1415926536  3.1415926536  -nan  0.0000000000
-126.2920246743  3.1415926536  3.1415926536  0.0000000000  0.0000000000
-125.0353876129  3.1415926536  3.1415926536  0.0000000000  0.0000000000
-123.7787505514  3.1415926536  3.1415926536  0.0000000000  0.0000000000
-122.5221134900  3.1415926536  3.1415926536  0.0000000000  0.0000000000
-121.2654764286  3.1415926536  3.1415926536  0.0000000000  0.0000000000
-120.0088393671  3.1415926536  3.1415926536  -0.3732440395  0.0000000000
-118.7522023057  3.1415926536  3.1415926536  0.0000000000  0.0000000000
-117.4955652443  3.1415926536  3.1415926536  0.0000000000  0.0000000000
-116.2389281828  3.1415926536  3.1415926536  0.0000000000  0.0000000000
-114.9822911214  3.1415926536  3.1415926536  -0.7797619210  0.0000000000
-113.7256540600  3.1415926536  3.1415926536  0.0000000000  0.0000000000
-112.4690169985  3.1415926536  3.1415926536  0.0000000000  0.0000000000
-111.2123799371  3.1415926536  3.1415926536  0.0000000000  0.0000000000
-109.9557428756  3.1415926536  3.1415926536  -1.8616921834  0.0000000000
-108.6991058142  3.1415926536  3.1415926536  0.0000000000  0.0000000000
-107.4424687528  3.1415926536  3.1415926536  0.0000000000  0.0000000000
-106.1858316913  3.1415926536  3.1415926536  0.0000000000  0.0000000000
-104.9291946299  3.1415926536  3.1415926536  -2.9859523160  0.0000000000
-103.6725575685  3.1415926536  3.1415926536  0.0000000000  0.0000000000
-102.4159205070  3.1415926536  3.1415926536  0.0000000000  0.0000000000
-101.1592834456  3.1415926536  3.1415926536  0.0000000000  0.0000000000
-99.9026463842  3.1415926536  3.1415926536  -3.6177927121  0.0000000000
-98.6460093227  3.1415926536  3.1415926536  0.0000000000  0.0000000000
-97.3893722613  3.1415926536  3.1415926536  0.0000000000  0.0000000000
-96.1327351998  3.1415926536  3.1415926536  0.0000000000  0.0000000000
-94.8760981384  3.1415926536  3.1415926536  0.0000000000  0.0000000000
-93.6194610770  3.1415926536  3.1415926536  -9.9946473081  -8.8889255825
-92.3628240155  3.1415926536  3.1415926536  -7.3364921769  -4.5741822689
-91.1061869541  3.1415926536  3.1415926536  -2.9258177311  -1.8341230442
-89.8495498927  3.1415926536  3.1415926536  -0.7638843022  -0.3512750301
-88.5929128312  3.1415926536  3.1415926536  0.0003345432  0.4185250835
-87.3362757698  3.1415926536  3.1415926536  1.1435455672  1.8341230442
-86.0796387084  3.1415926536  3.1415926536  2.6289090731  4.3028608628
-84.8230016469  3.1415926536  3.1415926536  6.3942782745  8.6057217255
-83.5663645855  3.1415926536  3.1415926536  9.9946473081  0.0000000000
-82.3097275241  3.1415926536  3.1415926536  1.0000000000  0.0000000000
-81.0530904626  3.1415926536  3.1415926536  1.0000000000  0.0000000000
-79.7964534012  3.1415926536  3.1415926536  1.0000000000  0.0000000000
-78.5398163397  3.1415926536  3.1415926536  0.9999999999  0.0000000000
-77.2831792783  3.1415926536  3.1415926536  0.9999995567  0.0000000000
-76.0265422169  3.1415926536  3.1415926536  0.9998959584  0.0000000000
-74.7699051554  3.1415926536  3.1415926536  0.9785305605  0.0000000000
-73.5132680940  3.1415926536  3.1415926536  0.8527550919  0.0000000000
-72.2566310326  3.1415926536  3.1415926536  0.4995818210  0.0000000000
-70.9999939711  3.1415926536  3.1415926536  0.1098156605  0.0000000000
-69.7433569097  3.1415926536  3.1415926536  0.0032764013  0.0000000000
-68.4867198483  3.1415926536  3.1415926536  0.0001040416  0.0000000000
-67.2300827868  3.1415926536  3.1415926536  0.0000019561  0.0000000000
-65.9734457254  3.1415926536  3.1415926536  0.0000000005  0.0000000000
-64.7168086639  3.1415926536  3.1415926536  0.0000000000  0.0000000000
-63.4601716025  3.1415926536  3.1415926536  0.0000000000  0.0000000000
-62.2035345411  3.1415926536  3.1415926536  0.0000000000  0.0000000000
-60.9468974796  3.1415926536  3.1415926536  0.0000000000  0.0000000000
-59.6902604182  3.1415926536  3.1415926536  0.0000000000  0.0000000000
-58.4336233568  3.1415926536  3.1415926536  0.0000000000  0.0000000000
-57.1769862953  3.1415926536  3.1415926536  -49.9732365405  -44.4446279127
-55.9203492339  3.1415926536  3.1415926536  -36.6824608846  -22.8709113444
-54.6637121725  3.1415926536  3.1415926536  -14.6290886556  -9.1706152212
-53.4070751110  3.1415926536  3.1415926536  -3.8194215109  -1.7563751504
-52.1504380496  3.1415926536  3.1415926536  0.0016727162  2.0926254177
-50.8938009882  3.1415926536  3.1415926536  5.7177278361  9.1706152212
-49.6371639267  3.1415926536  3.1415926536  13.1445453654  21.5143043139
-48.3805268653  3.1415926536  3.1415926536  31.9713913723  43.0286086277
-47.1238898038  3.1415926536  3.1415926536  49.9732365405  0.0000000000
-45.8672527424  3.1415926536  3.1415926536  -nan  -nan
-44.6106156810  3.1415926536  3.1415926536  -nan  -nan
-43.3539786195  3.1415926536  3.1415926536  0.0000000000  0.0000000000
-42.0973415581  3.1415926536  3.1415926536  0.0000000000  0.0000000000
-40.8407044967  3.1415926536  3.1415926536  0.0000000000  0.0000000000
-39.5840674352  3.1415926536  3.1415926536  0.0000000000  0.0000000000
-38.3274303738  3.1415926536  3.1415926536  0.0000000000  0.0000000000
-37.0707933124  3.1415926536  3.1415926536  0.0000000000  0.0000000000
-35.8141562509  3.1415926536  3.1415926536  0.0000000000  0.0000000000
-34.5575191895  3.1415926536  3.1415926536  0.0000000000  0.0000000000
-33.3008821281  3.1415926536  3.1415926536  6.2543345948  5.8857366633
-32.0442450666  3.1415926536  3.1415926536  5.6178131419  0.0000000000
-30.7876080052  3.1415926536  3.1415926536  0.0000000000  0.0000000000
-29.5309709437  3.1415926536  3.1415926536  0.0000000000  0.0000000000
-28.2743338823  3.1415926536  3.1415926536  0.0000000000  0.0000000000
-27.0176968209  3.1415926536  3.1415926536  0.0000000000  0.0000000000
-25.7610597594  3.1415926536  3.1415926536  0.0000000000  3.1415926536
-24.5044226980  3.1415926536  3.1415926536  0.0000000000  0.0000000000
-23.2477856366  3.1415926536  3.1415926536  -9.9946473081  -8.8889255825
-21.9911485751  3.1415926536  3.1415926536  -7.3364921769  -4.5741822689
-20.7345115137  3.1415926536  3.1415926536  -2.9258177311  -1.8341230442
-19.4778744523  3.1415926536  3.1415926536  -0.7638843022  -0.3512750301
-18.2212373908  3.1415926536  3.1415926536  0.0003345432  0.4185250835
-16.9646003294  3.1415926536  3.1415926536  1.1435455672  1.8341230442
-15.7079632679  3.1415926536  3.1415926536  2.6289090731  4.3028608628
-14.4513262065  3.1415926536  3.1415926536  6.3942782745  8.6057217255
-13.1946891451  3.1415926536  3.1415926536  9.9946473081  0.0000000000
-11.9380520836  3.1415926536  3.1415926536  0.0000000000  0.0000000000
-10.6814150222  3.1415926536  3.1415926536  0.0000000000  0.0000000000
-9.4247779608  3.1415926536  3.1415926536  -nan  -nan
-8.1681408993  3.1415926536  3.1415926536  -nan  -nan
-6.9115038379  3.1415926536  3.1415926536  0.0000000000  0.0000000000
-5.6548667765  3.1415926536  3.1415926536  0.0000000000  0.0000000000
-4.3982297150  3.1415926536  3.1415926536  0.0000000000  0.0000000000
-3.1415926536  3.1415926536  3.1415926536  0.0000000000  0.0000000000
-1.8849555922  3.1415926536  3.1415926536  0.0000000000  0.0000000000
-0.6283185307  3.1415926536  3.1415926536  0.0000000000  0.0000000000
0.6283185307  3.1415926536  3.1415926536  0.3393235211  -0.3873083702
1.8849555922  3.1415926536  3.1415926536  0.2947457287  -0.7032841376
3.1415926536  3.1415926536  3.1415926536  0.2422407294  -0.7491026354
4.3982297150  3.1415926536  3.1415926536  0.1956761421  -0.7025302384
5.6548667765  3.1415926536  3.1415926536  0.1581861639  -0.6352051740
6.9115038379  3.1415926536  3.1415926536  0.1287858343  -0.5697543498
8.1681408993  3.1415926536  3.1415926536  0.1058426689  -0.5119719393
9.4247779608  3.1415926536  3.1415926536  0.0878875081  -0.4624469337
10.6814150222  3.1415926536  3.1415926536  0.0737424404  -0.4202950064
11.9380520836  3.1415926536  3.1415926536  0.0625023067  -0.3843530372
13.1946891451  3.1415926536  3.1415926536  0.0534844444  -0.3535406480
14.4513262065  3.1415926536  3.1415926536  0.0461775627  -0.3269472933
15.7079632679  3.1415926536  3.1415926536  0.0401987673  -0.3038320339
16.9646003294  3.1415926536  3.1415926536  0.0352601716  -0.2835991945
18.2212373908  3.1415926536  3.1415926536  0.0311439256  -0.2657708490
19.4778744523  3.1415926536  3.1415926536  0.0276838833  -0.2499624756
20.7345115137  3.1415926536  3.1415926536  0.0247522454  -0.2358631055
21.9911485751  3.1415926536  3.1415926536  0.0222498378  -0.2232196680
23.2477856366  3.1415926536  3.1415926536  0.0200990185  -0.2118248128
24.5044226980  3.1415926536  3.1415926536  0.0182384732  -0.2015074754
25.7610597594  3.1415926536  3.1415926536  0.0166193743  -0.1921255634
27.0176968209  3.1415926536  3.1415926536  0.0152025229  -0.1835602667
28.2743338823  3.1415926536  3.1415926536  0.0139562069  -0.1757116097
29.5309709437  3.1415926536  3.1415926536  0.0128545824  -0.1684949529
30.7876080052  3.1415926536  3.1415926536  0.0118764406  -0.1618382264
32.0442450666  3.1415926536  3.1415926536  0.0110042617  -0.1556797263
33.3008821281  3.1415926536  3.1415926536  0.0102234821  -0.1499663491
34.5575191895  3.1415926536  3.1415926536  0.0095219240  -0.1446521686
35.8141562509  3.1415926536  3.1415926536  0.0088893476  -0.1396972811
37.0707933124  3.1415926536  3.1415926536  0.0083170966  -0.1350668633
38.3274303738  3.1415926536  3.1415926536  0.0077978165  -0.1307303988
39.5840674352  3.1415926536  3.1415926536  0.0073252293  -0.1266610403
40.8407044967  3.1415926536  3.1415926536  0.0068939514  -0.1228350803
42.0973415581  3.1415926536  3.1415926536  0.0064993463  -0.1192315097
43.3539786195  3.1415926536  3.1415926536  0.0061374051  -0.1158316484
44.6106156810  3.1415926536  3.1415926536  0.0058046473  -0.1126188338
45.8672527424  3.1415926536  3.1415926536  0.0054980409  -0.1095781581
47.1238898038  3.1415926536  3.1415926536  0.0052149347  -0.1066962453
48.3805268653  3.1415926536  3.1415926536  0.0049530027  -0.1039610601
49.6371639267  3.1415926536  3.1415926536  0.0047101982  -0.1013617461
50.8938009882  3.1415926536  3.1415926536  0.0044847142  -0.0988884852
52.1504380496  3.1415926536  3.1415926536  0.0042749511  -0.0965323774
53.4070751110  3.1415926536  3.1415926536  0.0040794887  -0.0942853365
54.6637121725  3.1415926536  3.1415926536  0.0038970626  -0.0921399999
55.9203492339  3.1415926536  3.1415926536  0.0037265447  -0.0900896496
57.1769862953  3.1415926536  3.1415926536  0.0035669255  -0.0881281436
58.4336233568  3.1415926536  3.1415926536  0.0034172999  -0.0862498558
59.6902604182  3.1415926536  3.1415926536  0.0032768545  -0.0844496233
60.9468974796  3.1415926536  3.1415926536  0.0031448564  -0.0827226997
62.2035345411  3.1415926536  3.1415926536  0.0030206442  -0.0810647143
63.4601716025  3.1415926536  3.1415926536  0.0029036199  -0.0794716355
64.7168086639  3.1415926536  3.1415926536  0.0027932415  -0.0779397391
65.9734457254  3.1415926536  3.1415926536  0.0026890168  -0.0764655793
67.2300827868  3.1415926536  3.1415926536  0.0025904984  -0.0750459635
68.4867198483  3.1415926536  3.1415926536  0.0024972787  -0.0736779293
69.7433569097  3.1415926536  3.1415926536  0.0024089855  -0.0723587245
70.9999939711  3.1415926536  3.1415926536  0.0023252788  -0.0710857884
72.2566310326  3.1415926536  3.1415926536  0.0022458473  -0.0698567361
73.5132680940  3.1415926536  3.1415926536  0.0021704057  -0.0686693430
74.7699051554  3.1415926536  3.1415926536  0.0020986918  -0.0675215321
76.0265422169  3.1415926536  3.1415926536  0.0020304648  -0.0664113620
77.2831792783  3.1415926536  3.1415926536  0.0019655027  -0.0653370156
78.5398163397  3.1415926536  3.1415926536  0.0019036011  -0.0642967907
79.7964534012  3.1415926536  3.1415926536  0.0018445712  -0.0632890912
81.0530904626  3.1415926536  3.1415926536  0.0017882384  -0.0623124185
82.3097275241  3.1415926536  3.1415926536  0.0017344414  -0.0613653647
83.5663645855  3.1415926536  3.1415926536  0.0016830305  -0.0604466054
84.8230016469  3.1415926536  3.1415926536  0.0016338670  -0.0595548940
86.0796387084  3.1415926536  3.1415926536  0.0015868220  -0.0586890559
87.3362757698  3.1415926536  3.1415926536  0.0015417759  -0.0578479833
88.5929128312  3.1415926536  3.1415926536  0.0014986171  -0.0570306307
89.8495498927  3.1415926536  3.1415926536  0.0014572420  -0.0562360105
91.1061869541  3.1415926536  3.1415926536  0.0014175537  -0.0554631892
92.3628240155  3.1415926536  3.1415926536  0.0013794620  -0.0547112833
93.6194610770  3.1415926536  3.1415926536  0.0013428825  -0.0539794568
94.8760981384  3.1415926536  3.1415926536  0.0013077363  -0.0532669171
96.1327351998  3.1415926536  3.1415926536  0.0012739498  -0.0525729130
97.3893722613  3.1415926536  3.1415926536  0.0012414536  -0.0518967318
98.6460093227  3.1415926536  3.1415926536  0.0012101832  -0.0512376966
99.9026463842  3.1415926536  3.1415926536  0.0011800776  -0.0505951644
101.1592834456  3.1415926536  3.1415926536  0.0011510799  -0.0499685239
102.4159205070  3.1415926536  3.1415926536  0.0011231364  -0.0493571936
103.6725575685  3.1415926536  3.1415926536  0.0010961967  -0.0487606200
104.9291946299  3.1415926536  3.1415926536  0.0010702134  -0.0481782758
106.1858316913  3.1415926536  3.1415926536  0.0010451418  -0.0476096587
107.4424687528  3.1415926536  3.1415926536  0.0010209398  -0.0470542896
108.6991058142  3.1415926536  3.1415926536  0.0009975677  -0.0465117114
109.9557428756  3.1415926536  3.1415926536  0.0009749880  -0.0459814878
111.2123799371  3.1415926536  3.1415926536  0.0009531653  -0.0454632021
112.4690169985  3.1415926536  3.1415926536  0.0009320663  -0.0449564561
113.7256540600  3.1415926536  3.1415926536  0.0009116593  -0.0444608691
114.9822911214  3.1415926536  3.1415926536  0.0008919144  -0.0439760770
116.2389281828  3.1415926536  3.1415926536  0.0008728034  -0.0435017312
117.4955652443  3.1415926536  3.1415926536  0.0008542993  -0.0430374980
118.7522023057  3.1415926536  3.1415926536  0.0008363769  -0.0425830579
120.0088393671  3.1415926536  3.1415926536  0.0008190120  -0.0421381045
121.2654764286  3.1415926536  3.1415926536  0.0008021817  -0.0417023441
122.5221134900  3.1415926536  3.1415926536  0.0007858644  -0.0412754950
123.7787505514  3.1415926536  3.1415926536  0.0007700394  -0.0408572870
125.0353876129  3.1415926536  3.1415926536  0.0007546872  -0.0404474604
126.2920246743  3.1415926536  3.1415926536  0.0007397890  -0.0400457661
127.5486617357  3.1415926536  3.1415926536  0.0007253273  -0.0396519646
128.8052987972  3.1415926536  3.1415926536  0.0007112851  -0.0392658258
130.0619358586  3.1415926536  3.1415926536  0.0006976464  -0.0388871284
131.3185729201  3.1415926536  3.1415926536  0.0006843959  -0.0385156594
132.5752099815  3.1415926536  3.1415926536  0.0006715190  -0.0381512142
133.8318470429  3.1415926536  3.1415926536  0.0006590018  -0.0377935954
135.0884841044  3.1415926536  3.1415926536  0.0006468310  -0.0374426133
136.3451211658  3.1415926536  3.1415926536  0.0006349940  -0.0370980849
137.6017582272  3.1415926536  3.1415926536  0.0006234788  -0.0367598341
138.8583952887  3.1415926536  3.1415926536  0.0006122736  -0.0364276908
140.1150323501  3.1415926536  3.1415926536  0.0006013676  -0.0361014914
141.3716694115  3.1415926536  3.1415926536  0.0005907502  -0.0357810777
142.6283064730  3.1415926536  3.1415926536  0.0005804113  -0.0354662974
143.8849435344  3.1415926536  3.1415926536  0.0005703413  -0.0351570033
145.1415805958  3.1415926536  3.1415926536  0.0005605308  -0.0348530532
146.3982176573  3.1415926536  3.1415926536  0.0005509712  -0.0345543100
147.6548547187  3.1415926536  3.1415926536  0.0005416538  -0.0342606411
148.9114917802  3.1415926536  3.1415926536  0.0005325706  -0.0339719183
150.1681288416  3.1415926536  3.1415926536  0.0005237139  -0.0336880180
151.4247659030  3.1415926536  3.1415926536  0.0005150761  -0.0334088202
152.6814029645  3.1415926536  3.1415926536  0.0005066501  -0.0331342093
153.9380400259  3.1415926536  3.1415926536  0.0004984290  -0.0328640731
155.1946770873  3.1415926536  3.1415926536  0.0004904063  -0.0325983033
156.4513141488  3.1415926536  3.1415926536  0.0004825756  -0.0323367949
157.7079512102  3.1415926536  3.1415926536  0.0004749309  -0.0320794463
158.9645882716  3.1415926536  3.1415926536  0.0004674663  -0.0318261590
160.2212253331  3.1415926536  3.1415926536  0.0004601762  -0.0315768378
161.4778623945  3.1415926536  3.1415926536  0.0004530551  -0.0313313902
162.7344994560  3.1415926536  3.1415926536  0.0004460981  -0.0310897268
163.9911365174  3.1415926536  3.1415926536  0.0004392999  -0.0308517608
165.2477735788  3.1415926536  3.1415926536  0.0004326559  -0.0306174079
166.5044106403  3.1415926536  3.1415926536  0.0004261614  -0.0303865866
167.7610477017  3.1415926536  3.1415926536  0.0004198119  -0.0301592176
169.0176847631  3.1415926536  3.1415926536  0.0004136032  -0.0299352242
170.2743218246  3.1415926536  3.1415926536  0.0004075312  -0.0297145317
171.5309588860  3.1415926536  3.1415926536  0.0004015918  -0.0294970678
172.7875959474  3.1415926536  3.1415926536  0.0003957812  -0.0292827621
174.0442330089  3.1415926536  3.1415926536  0.0003900958  -0.0290715465
175.3008700703  3.1415926536  3.1415926536  0.0003845320  -0.0288633545
176.5575071317  3.1415926536  3.1415926536  0.0003790863  -0.0286581217
177.8141441932  3.1415926536  3.1415926536  0.0003737554  -0.0284557856
179.0707812546  3.1415926536  3.1415926536  0.0003685361  -0.0282562852
180.3274183161  3.1415926536  3.1415926536  0.0003634253  -0.0280595613
181.5840553775  3.1415926536  3.1415926536  0.0003584200  -0.0278655566
182.8406924389  3.1415926536  3.1415926536  0.0003535174  -0.0276742149
184.0973295004  3.1415926536  3.1415926536  0.0003487147  -0.0274854818
185.3539665618  3.1415926536  3.1415926536  0.0003440091  -0.0272993045
186.6106036232  3.1415926536  3.1415926536  0.0003393981  -0.0271156312
187.8672406847  3.1415926536  3.1415926536  0.0003348791  -0.0269344120
189.1238777461  3.1415926536  3.1415926536  0.0003304497  -0.0267555979
190.3805148075  3.1415926536  3.1415926536  0.0003261076  -0.0265791414
191.6371518690  3.1415926536  3.1415926536  0.0003218505  -0.0264049962
192.8937889304  3.1415926536  3.1415926536  0.0003176762  -0.0262331172
194.1504259918  3.1415926536  3.1415926536  0.0003135825  -0.0260634605
195.4070630533  3.1415926536  3.1415926536  0.0003095674  -0.0258959832
196.6637001147  3.1415926536  3.1415926536  0.0003056289  -0.0257306437
197.9203371762  3.1415926536  3.1415926536  0.0003017651  -0.0255674013
199.1769742376  3.1415926536  3.1415926536  0.0002979740  -0.0254062164
200.4336112990  3.1415926536  3.1415926536  0.0002942539  -0.0252470502
201.6902483605  3.1415926536  3.1415926536  0.0002906030  -0.0250898653
202.9468854219  3.1415926536  3.1415926536  0.0002870197  -0.0249346247
204.2035224833  3.1415926536  3.1415926536  0.0002835021  -0.0247812927
205.4601595448  3.1415926536  3.1415926536  0.0002800488  -0.0246298343
206.7167966062  3.1415926536  3.1415926536  0.0002766582  -0.0244802153
207.9734336676  3.1415926536  3.1415926536  0.0002733288  -0.0243324025
209.2300707291  3.1415926536  3.1415926536  0.0002700591  -0.0241863634
210.4867077905  3.1415926536  3.1415926536  0.0002668477  -0.0240420663
211.7433448520  3.1415926536  3.1415926536  0.0002636932  -0.0238994801
212.9999819134  3.1415926536  3.1415926536  0.0002605943  -0.0237585747
214.2566189748  3.1415926536  3.1415926536  0.0002575497  -0.0236193204
215.5132560363  3.1415926536  3.1415926536  0.0002545581  -0.0234816885
216.7698930977  3.1415926536  3.1415926536  0.0002516183  -0.0233456508
218.0265301591  3.1415926536  3.1415926536  0.0002487292  -0.0232111798
219.2831672206  3.1415926536  3.1415926536  0.0002458895  -0.0230782485
220.5398042820  3.1415926536  3.1415926536  0.0002430981  -0.0229468307
221.7964413434  3.1415926536  3.1415926536  0.0002403540  -0.0228169006
223.0530784049  3.1415926536  3.1415926536  0.0002376561  -0.0226884332
224.3097154663  3.1415926536  3.1415926536  0.0002350033  -0.0225614039
225.5663525277  3.1415926536  3.1415926536  0.0002323947  -0.0224357886
226.8229895892  3.1415926536  3.1415926536  0.0002298293  -0.0223115641
228.0796266506  3.1415926536  3.1415926536  0.0002273061  -0.0221887071
229.3362637121  3.1415926536  3.1415926536  0.0002248242  -0.0220671954
230.5929007735  3.1415926536  3.1415926536  0.0002223827  -0.0219470069
231.8495378349  3.1415926536  3.1415926536  0.0002199808  -0.0218281202
233.1061748964  3.1415926536  3.1415926536  0.0002176176  -0.0217105142
234.3628119578  3.1415926536  3.1415926536  0.0002152922  -0.0215941683
235.6194490192  3.1415926536  3.1415926536  0.0002130039  -0.0214790624
236.8760860807  3.1415926536  3.1415926536  0.0002107519  -0.0213651768
238.1327231421  3.1415926536  3.1415926536  0.0002085354  -0.0212524922
239.3893602035  3.1415926536  3.1415926536  0.0002063536  -0.0211409897
240.6459972650  3.1415926536  3.1415926536  0.0002042059  -0.0210306508
241.9026343264  3.1415926536  3.1415926536  0.0002020916  -0.0209214574
243.1592713878  3.1415926536  3.1415926536  0.0002000099  -0.0208133918
244.4159084493  3.1415926536  3.1415926536  0.0001979602  -0.0207064364
245.6725455107  3.1415926536  3.1415926536  0.0001959419  -0.0206005745
246.9291825722  3.1415926536  3.1415926536  0.0001939543  -0.0204957892
248.1858196336  3.1415926536  3.1415926536  0.0001919967  -0.0203920642
249.4424566950  3.1415926536  3.1415926536  0.0001900686  -0.0202893836
250.6990937565  3.1415926536  3.1415926536  0.0001881694  -0.0201877316
251.9557308179  3.1415926536  3.1415926536  0.0001862985  -0.0200870928
253.2123678793  3.1415926536  3.1415926536  0.0001844554  -0.0199874522
254.4690049408  3.1415926536  3.1415926536  0.0001826395  -0.0198887950
255.7256420022  3.1415926536  3.1415926536  0.0001808503  -0.0197911068
256.9822790636  3.1415926536  3.1415926536  0.0001790872  -0.0196943733
258.2389161251  3.1415926536  3.1415926536  0.0001773498  -0.0195985806
259.4955531865  3.1415926536  3.1415926536  0.0001756375  -0.0195037150
260.7521902480  3.1415926536  3.1415926536  0.0001739499  -0.0194097632
262.0088273094  3.1415926536  3.1415926536  0.0001722865  -0.0193167120
263.2654643708  3.1415926536  3.1415926536  0.0001706469  -0.0192245485
264.5221014323  3.1415926536  3.1415926536  0.0001690305  -0.0191332601
265.7787384937  3.1415926536  3.1415926536  0.0001674370  -0.0190428345
267.0353755551  3.1415926536  3.1415926536  0.0001658659  -0.0189532593
268.2920126166  3.1415926536  3.1415926536  0.0001643168  -0.0188645227
269.5486496780  3.1415926536  3.1415926536  0.0001627894  -0.0187766130
270.8052867394  3.1415926536  3.1415926536  0.0001612831  -0.0186895186
272.0619238009  3.1415926536  3.1415926536  0.0001597976  -0.0186032283
273.3185608623  3.1415926536  3.1415926536  0.0001583325  -0.0185177310
274.5751979237  3.1415926536  3.1415926536  0.0001568875  -0.0184330158
275.8318349852  3.1415926536  3.1415926536  0.0001554622  -0.0183490720
277.0884720466  3.1415926536  3.1415926536  0.0001540562  -0.0182658892
278.3451091081  3.1415926536  3.1415926536  0.0001526692  -0.0181834570
279.6017461695  3.1415926536  3.1415926536  0.0001513008  -0.0181017653
280.8583832309  3.1415926536  3.1415926536  0.0001499508  -0.0180208043
282.1150202924  3.1415926536  3.1415926536  0.0001486187  -0.0179405641
283.3716573538  3.1415926536  3.1415926536  0.0001473043  -0.0178610351
284.6282944152  3.1415926536  3.1415926536  0.0001460072  -0.0177822080
285.8849314767  3.1415926536  3.1415926536  0.0001447273  -0.0177040735
287.1415685381  3.1415926536  3.1415926536  0.0001434640  -0.0176266225
288.3982055995  3.1415926536  3.1415926536  0.0001422172  -0.0175498461
289.6548426610  3.1415926536  3.1415926536  0.0001409867  -0.0174737355
290.9114797224  3.1415926536  3.1415926536  0.0001397720  -0.0173982821
292.1681167839  3.1415926536  3.1415926536  0.0001385729  -0.0173234774
293.4247538453  3.1415926536  3.1415926536  0.0001373892  -0.0172493131
294.6813909067  3.1415926536  3.1415926536  0.0001362206  -0.0171757810
295.9380279682  3.1415926536  3.1415926536  0.0001350668  -0.0171028730
297.1946650296  3.1415926536  3.1415926536  0.0001339277  -0.0170305813
298.4513020910  3.1415926536  3.1415926536  0.0001328028  -0.0169588980
299.7079391525  3.1415926536  3.1415926536  0.0001316921  -0.0168878156
300.9645762139  3.1415926536  3.1415926536  0.0001305953  -0.0168173264
302.2212132753  3.1415926536  3.1415926536  0.0001295121  -0.0167474231
303.4778503368  3.1415926536  3.1415926536  0.0001284423  -0.0166780985
304.7344873982  3.1415926536  3.1415926536  0.0001273858  -0.0166093453
305.9911244596  3.1415926536  3.1415926536  0.0001263422  -0.0165411566
307.2477615211  3.1415926536  3.1415926536  0.0001253113  -0.0164735253
308.5043985825  3.1415926536  3.1415926536  0.0001242931  -0.0164064448
309.7610356440  3.1415926536  3.1415926536  0.0001232872  -0.0163399083
311.0176727054  3.1415926536  3.1415926536  0.0001222934  -0.0162739092
312.2743097668  3.1415926536  3.1415926536  0.0001213117  -0.0162084410
313.5309468283  3.1415926536  3.1415926536  0.0001203417  -0.0161434974
314.7875838897  3.1415926536  3.1415926536  0.0001193832  -0.0160790720
316.0442209511  3.1415926536  3.1415926536  0.0001184362  -0.0160151588
317.3008580126  3.1415926536  3.1415926536  0.0001175004  -0.0159517515
318.5574950740  3.1415926536  3.1415926536  0.0001165757  -0.0158888443
319.8141321354  3.1415926536  3.1415926536  0.0001156618  -0.0158264312
321.0707691969  3.1415926536  3.1415926536  0.0001147586  -0.0157645065
322.3274062583  3.1415926536  3.1415926536  0.0001138660  -0.0157030644
323.5840433197  3.1415926536  3.1415926536  0.0001129837  -0.0156420993
324.8406803812  3.1415926536  3.1415926536  0.0001121117  -0.0155816057
326.0973174426  3.1415926536  3.1415926536  0.0001112497  -0.0155215781
327.3539545041  3.1415926536  3.1415926536  0.0001103976  -0.0154620112
328.6105915655  3.1415926536  3.1415926536  0.0001095552  -0.0154028997
329.8672286269  3.1415926536  3.1415926536  0.0001087225  -0.0153442383
331.1238656884  3.1415926536  3.1415926536  0.0001078992  -0.0152860220
332.3805027498  3.1415926536  3.1415926536  0.0001070852  -0.0152282458
333.6371398112  3.1415926536  3.1415926536  0.0001062804  -0.0151709046
334.8937768727  3.1415926536  3.1415926536  0.0001054847  -0.0151139935
336.1504139341  3.1415926536  3.1415926536  0.0001046978  -0.0150575078
337.4070509955  3.1415926536  3.1415926536  0.0001039197  -0.0150014426
338.6636880570  3.1415926536  3.1415926536  0.0001031503  -0.0149457934
339.9203251184  3.1415926536  3.1415926536  0.0001023894  -0.0148905554
341.1769621799  3.1415926536  3.1415926536  0.0001016368  -0.0148357242
342.4335992413  3.1415926536  3.1415926536  0.0001008925  -0.0147812953
343.6902363027  3.1415926536  3.1415926536  0.0001001564  -0.0147272642
344.9468733642  3.1415926536  3.1415926536  0.0000994283  -0.0146736267
346.2035104256  3.1415926536  3.1415926536  0.0000987081  -0.0146203784
347.4601474870  3.1415926536  3.1415926536  0.0000979957  -0.0145675151
348.7167845485  3.1415926536  3.1415926536  0.0000972910  -0.0145150326
349.9734216099  3.1415926536  3.1415926536  0.0000965938  -0.0144629269
351.2300586713  3.1415926536  3.1415926536  0.0000959042  -0.0144111940
352.4866957328  3.1415926536  3.1415926536  0.0000952218  -0.0143598297
353.7433327942  3.1415926536  3.1415926536  0.0000945468  -0.0143088303
354.9999698556  3.1415926536  3.1415926536  0.0000938789  -0.0142581917
356.2566069171  3.1415926536  3.1415926536  0.0000932180  -0.0142079103
357.5132439785  3.1415926536  3.1415926536  0.0000925641  -0.0141579822
358.7698810400  3.1415926536  3.1415926536  0.0000919170  -0.0141084038
360.0265181014  3.1415926536  3.1415926536  0.0000912768  -0.0140591714
361.2831551628  3.1415926536  3.1415926536  0.0000906431  -0.0140102813
362.5397922243  3.1415926536  3.1415926536  0.0000900161  -0.0139617300
363.7964292857  3.1415926536  3.1415926536  0.0000893955  -0.0139135140
365.0530663471  3.1415926536  3.1415926536  0.0000887813  -0.0138656298
366.3097034086  3.1415926536  3.1415926536  0.0000881735  -0.0138180741
367.5663404700  3.1415926536  3.1415926536  0.0000875718  -0.0137708435
368.8229775314  3.1415926536  3.1415926536  0.0000869763  -0.0137239345
370.0796145929  3.1415926536  3.1415926536  0.0000863869  -0.0136773441
371.3362516543  3.1415926536  3.1415926536  0.0000858034  -0.0136310688
372.5928887157  3.1415926536  3.1415926536  0.0000852258  -0.0135851056
373.8495257772  3.1415926536  3.1415926536  0.0000846540  -0.0135394513
375.1061628386  3.1415926536  3.1415926536  0.0000840879  -0.0134941028
376.3627999001  3.1415926536  3.1415926536  0.0000835275  -0.0134490570
377.6194369615  3.1415926536  3.1415926536  0.0000829727  -0.0134043110
378.8760740229  3.1415926536  3.1415926536  0.0000824234  -0.0133598616
380.1327110844  3.1415926536  3.1415926536  0.0000818796  -0.0133157061
381.3893481458  3.1415926536  3.1415926536  0.0000813411  -0.0132718414
382.6459852072  3.1415926536  3.1415926536  0.0000808079  -0.0132282647
383.9026222687  3.1415926536  3.1415926536  0.0000802799  -0.0131849733
385.1592593301  3.1415926536  3.1415926536  0.0000797571  -0.0131419642
386.4158963915  3.1415926536  3.1415926536  0.0000792393  -0.0130992348
387.6725334530  3.1415926536  3.1415926536  0.0000787266  -0.0130567823
388.9291705144  3.1415926536  3.1415926536  0.0000782189  -0.0130146041
390.1858075759  3.1415926536  3.1415926536  0.0000777160  -0.0129726975
391.4424446373  3.1415926536  3.1415926536  0.0000772180  -0.0129310598
392.6990816987  3.1415926536  3.1415926536  0.0000767248  -0.0128896886
393.9557187602  3.1415926536  3.1415926536  0.0000762362  -0.0128485812
395.2123558216  3.1415926536  3.1415926536  0.0000757523  -0.0128077351
396.4689928830  3.1415926536  3.1415926536  0.0000752731  -0.0127671479
397.7256299445  3.1415926536  3.1415926536  0.0000747983  -0.0127268171
398.9822670059  3.1415926536  3.1415926536  0.0000743280  -0.0126867403
400.2389040673  3.1415926536  3.1415926536  0.0000738621  -0.0126469151
401.4955411288  3.1415926536  3.1415926536  0.0000734007  -0.0126073391
402.7521781902  3.1415926536  3.1415926536  0.0000729435  -0.0125680100
404.0088152516  3.1415926536  3.1415926536  0.0000724905  -0.0125289254
405.2654523131  3.1415926536  3.1415926536  0.0000720418  -0.0124900832
406.5220893745  3.1415926536  3.1415926536  0.0000715972  -0.0124514811
407.7787264360  3.1415926536  3.1415926536  0.0000711568  -0.0124131168
409.0353634974  3.1415926536  3.1415926536  0.0000707204  -0.0123749882
410.2920005588  3.1415926536  3.1415926536  0.0000702879  -0.0123370931
411.5486376203  3.1415926536  3.1415926536  0.0000698595  -0.0122994293
412.8052746817  3.1415926536  3.1415926536  0.0000694349  -0.0122619948
414.0619117431  3.1415926536  3.1415926536  0.0000690142  -0.0122247875
415.3185488046  3.1415926536  3.1415926536  0.0000685974  -0.0121878052
416.5751858660  3.1415926536  3.1415926536  0.0000681842  -0.0121510460
417.8318229274  3.1415926536  3.1415926536  0.0000677748  -0.0121145079
419.0884599889  3.1415926536  3.1415926536  0.0000673691  -0.0120781888
420.3450970503  3.1415926536  3.1415926536  0.0000669670  -0.0120420868
421.6017341118  3.1415926536  3.1415926536  0.0000665685  -0.0120062000
422.8583711732  3.1415926536  3.1415926536  0.0000661736  -0.0119705264
424.1150082346  3.1415926536  3.1415926536  0.0000657821  -0.0119350641
425.3716452961  3.1415926536  3.1415926536  0.0000653941  -0.0118998114
426.6282823575  3.1415926536  3.1415926536  0.0000650096  -0.0118647662
427.8849194189  3.1415926536  3.1415926536  0.0000646284  -0.0118299269
429.1415564804  3.1415926536  3.1415926536  0.0000642505  -0.0117952915
430.3981935418  3.1415926536  3.1415926536  0.0000638760  -0.0117608583
431.6548306032  3.1415926536  3.1415926536  0.0000635047  -0.0117266256
432.9114676647  3.1415926536  3.1415926536  0.0000631367  -0.0116925916
434.1681047261  3.1415926536  3.1415926536  0.0000627718  -0.0116587545
435.4247417875  3.1415926536  3.1415926536  0.0000624101  -0.0116251127
436.6813788490  3.1415926536  3.1415926536  0.0000620515  -0.0115916644
437.9380159104  3.1415926536  3.1415926536  0.0000616960  -0.0115584081
439.1946529719  3.1415926536  3.1415926536  0.0000613436  -0.0115253420
440.4512900333  3.1415926536  3.1415926536  0.0000609941  -0.0114924646
441.7079270947  3.1415926536  3.1415926536  0.0000606476  -0.0114597742
442.9645641562  3.1415926536  3.1415926536  0.0000603041  -0.0114272692
444.2212012176  3.1415926536  3.1415926536  0.0000599635  -0.0113949481
445.4778382790  3.1415926536  3.1415926536  0.0000596258  -0.0113628093
446.7344753405  3.1415926536  3.1415926536  0.0000592909  -0.0113308513
447.9911124019  3.1415926536  3.1415926536  0.0000589588  -0.0112990725
449.2477494633  3.1415926536  3.1415926536  0.0000586295  -0.0112674715
450.5043865248  3.1415926536  3.1415926536  0.0000583029  -0.0112360467
451.7610235862  3.1415926536  3.1415926536  0.0000579791  -0.0112047967
453.0176606476  3.1415926536  3.1415926536  0.0000576580  -0.0111737200
454.2742977091  3.1415926536  3.1415926536  0.0000573395  -0.0111428152
455.5309347705  3.1415926536  3.1415926536  0.0000570237  -0.0111120809
456.7875718320  3.1415926536  3.1415926536  0.0000567104  -0.0110815157
458.0442088934  3.1415926536  3.1415926536  0.0000563998  -0.0110511181
459.3008459548  3.1415926536  3.1415926536  0.0000560916  -0.0110208868
460.5574830163  3.1415926536  3.1415926536  0.0000557860  -0.0109908205
461.8141200777  3.1415926536  3.1415926536  0.0000554829  -0.0109609178
463.0707571391  3.1415926536  3.1415926536  0.0000551823  -0.0109311773
464.3273942006  3.1415926536  3.1415926536  0.0000548840  -0.0109015978
465.5840312620  3.1415926536  3.1415926536  0.0000545882  -0.0108721779
466.8406683234  3.1415926536  3.1415926536  0.0000542948  -0.0108429163
468.0973053849  3.1415926536  3.1415926536  0.0000540038  -0.0108138118
469.3539424463  3.1415926536  3.1415926536  0.0000537150  -0.0107848632
470.6105795078  3.1415926536  3.1415926536  0.0000534286  -0.0107560691
471.8672165692  3.1415926536  3.1415926536  0.0000531445  -0.0107274284
473.1238536306  3.1415926536  3.1415926536  0.0000528626  -0.0106989397
474.3804906921  3.1415926536  3.1415926536  0.0000525830  -0.0106706020
475.6371277535  3.1415926536  3.1415926536  0.0000523056  -0.0106424139
476.8937648149  3.1415926536  3.1415926536  0.0000520303  -0.0106143744
478.1504018764  3.1415926536  3.1415926536  0.0000517573  -0.0105864823
479.4070389378  3.1415926536  3.1415926536  0.0000514863  -0.0105587363
480.6636759992  3.1415926536  3.1415926536  0.0000512175  -0.0105311354
481.9203130607  3.1415926536  3.1415926536  0.0000509508  -0.0105036784
483.1769501221  3.1415926536  3.1415926536  0.0000506862  -0.0104763642
484.4335871835  3.1415926536  3.1415926536  0.0000504236  -0.0104491917
485.6902242450  3.1415926536  3.1415926536  0.0000501631  -0.0104221597
486.9468613064  3.1415926536  3.1415926536  0.0000499046  -0.0103952673
488.2034983679  3.1415926536  3.1415926536  0.0000496481  -0.0103685132
489.4601354293  3.1415926536  3.1415926536  0.0000493935  -0.0103418965
490.7167724907  3.1415926536  3.1415926536  0.0000491409  -0.0103154161
491.9734095522  3.1415926536  3.1415926536  0.0000488903  -0.0102890710
493.2300466136  3.1415926536  3.1415926536  0.0000486415  -0.0102628601
494.4866836750  3.1415926536  3.1415926536  0.0000483946  -0.0102367823
495.7433207365  3.1415926536  3.1415926536  0.0000481496  -0.0102108368
496.9999577979  3.1415926536  3.1415926536  0.0000479065  -0.0101850224
498.2565948593  3.1415926536  3.1415926536  0.0000476652  -0.0101593382
499.5132319208  3.1415926536  3.1415926536  0.0000474257  -0.0101337833
500.7698689822  3.1415926536  3.1415926536  0.0000471881  -0.0101083565
502.0265060436  3.1415926536  3.1415926536  0.0000469522  -0.0100830571
503.2831431051  3.1415926536  3.1415926536  0.0000467180  -0.0100578839
504.5397801665  3.1415926536  3.1415926536  0.0000464857  -0.0100328361
505.7964172280  3.1415926536  3.1415926536  0.0000462550  -0.0100079128
507.0530542894  3.1415926536  3.1415926536  0.0000460261  -0.0099831129
508.3096913508  3.1415926536  3.1415926536  0.0000457988  -0.0099584357
509.5663284123  3.1415926536  3.1415926536  0.0000455733  -0.0099338802
510.8229654737  3.1415926536  3.1415926536  0.0000453494  -0.0099094454
512.0796025351  3.1415926536  3.1415926536  0.0000451271  -0.0098851306
513.3362395966  3.1415926536  3.1415926536  0.0000449065  -0.0098609348
514.5928766580  3.1415926536  3.1415926536  0.0000446874  -0.0098368571
515.8495137194  3.1415926536  3.1415926536  0.0000444700  -0.0098128967
517.1061507809  3.1415926536  3.1415926536  0.0000442542  -0.0097890528
518.3627878423  3.1415926536  3.1415926536  0.0000440399  -0.0097653244
519.6194249038  3.1415926536  3.1415926536  0.0000438272  -0.0097417108
520.8760619652  3.1415926536  3.1415926536  0.0000436160  -0.0097182111
522.1326990266  3.1415926536  3.1415926536  0.0000434064  -0.0096948245
523.3893360881  3.1415926536  3.1415926536  0.0000431982  -0.0096715502
524.6459731495  3.1415926536  3.1415926536  0.0000429916  -0.0096483874
525.9026102109  3.1415926536  3.1415926536  0.0000427864  -0.0096253352
527.1592472724  3.1415926536  3.1415926536  0.0000425827  -0.0096023929
528.4158843338  3.1415926536  3.1415926536  0.0000423804  -0.0095795598
529.6725213952  3.1415926536  3.1415926536  0.0000421796  -0.0095568349
530.9291584567  3.1415926536  3.1415926536  0.0000419802  -0.0095342176
532.1857955181  3.1415926536  3.1415926536  0.0000417822  -0.0095117071
533.4424325795  3.1415926536  3.1415926536  0.0000415857  -0.0094893027
534.6990696410  3.1415926536  3.1415926536  0.0000413905  -0.0094670035
535.9557067024  3.1415926536  3.1415926536  0.0000411966  -0.0094448089
537.2123437639  3.1415926536  3.1415926536  0.0000410041  -0.0094227181
538.4689808253  3.1415926536  3.1415926536  0.0000408130  -0.0094007304
539.7256178867  3.1415926536  3.1415926536  0.0000406232  -0.0093788450
540.9822549482  3.1415926536  3.1415926536  0.0000404347  -0.0093570614
542.2388920096  3.1415926536  3.1415926536  0.0000402476  -0.0093353786
543.4955290710  3.1415926536  3.1415926536  0.0000400617  -0.0093137962
544.7521661325  3.1415926536  3.1415926536  0.0000398771  -0.0092923132
546.0088031939  3.1415926536  3.1415926536  0.0000396938  -0.0092709292
547.2654402553  3.1415926536  3.1415926536  0.0000395118  -0.0092496433
548.5220773168  3.1415926536  3.1415926536  0.0000393310  -0.0092284550
549.7787143782  3.1415926536  3.1415926536  0.0000391514  -0.0092073635
551.0353514396  3.1415926536  3.1415926536  0.0000389731  -0.0091863682
552.2919885011  3.1415926536  3.1415926536  0.0000387959  -0.0091654684
553.5486255625  3.1415926536  3.1415926536  0.0000386200  -0.0091446635
554.8052626240  3.1415926536  3.1415926536  0.0000384453  -0.0091239528
556.0618996854  3.1415926536  3.1415926536  0.0000382718  -0.0091033358
557.3185367468  3.1415926536  3.1415926536  0.0000380994  -0.0090828116
558.5751738083  3.1415926536  3.1415926536  0.0000379282  -0.0090623799
559.8318108697  3.1415926536  3.1415926536  0.0000377581  -0.0090420398
561.0884479311  3.1415926536  3.1415926536  0.0000375892  -0.0090217908
562.3450849926  3.1415926536  3.1415926536  0.0000374214  -0.0090016323
563.6017220540  3.1415926536  3.1415926536  0.0000372548  -0.0089815637
564.8583591154  3.1415926536  3.1415926536  0.0000370892  -0.0089615844
566.1149961769  3.1415926536  3.1415926536  0.0000369248  -0.0089416937
567.3716332383  3.1415926536  3.1415926536  0.0000367614  -0.0089218912
568.6282702998  3.1415926536  3.1415926536  0.0000365991  -0.0089021761
569.8849073612  3.1415926536  3.1415926536  0.0000364379  -0.0088825480
571.1415444226  3.1415926536  3.1415926536  0.0000362778  -0.0088630063
572.3981814841  3.1415926536  3.1415926536  0.0000361187  -0.0088435503
573.6548185455  3.1415926536  3.1415926536  0.0000359606  -0.0088241796
574.9114556069  3.1415926536  3.1415926536  0.0000358036  -0.0088048936
576.1680926684  3.1415926536  3.1415926536  0.0000356477  -0.0087856916
577.4247297298  3.1415926536  3.1415926536  0.0000354927  -0.0087665733
578.6813667912  3.1415926536  3.1415926536  0.0000353387  -0.0087475379
579.9380038527  3.1415926536  3.1415926536  0.0000351858  -0.0087285850
581.1946409141  3.1415926536  3.1415926536  0.0000350338  -0.0087097141
582.4512779755  3.1415926536  3.1415926536  0.0000348828  -0.0086909246
583.7079150370  3.1415926536  3.1415926536  0.0000347328  -0.0086722160
584.9645520984  3.1415926536  3.1415926536  0.0000345838  -0.0086535878
586.2211891599  3.1415926536  3.1415926536  0.0000344357  -0.0086350394
587.4778262213  3.1415926536  3.1415926536  0.0000342885  -0.0086165703
588.7344632827  3.1415926536  3.1415926536  0.0000341423  -0.0085981801
589.9911003442  3.1415926536  3.1415926536  0.0000339971  -0.0085798682
591.2477374056  3.1415926536  3.1415926536  0.0000338527  -0.0085616342
592.5043744670  3.1415926536  3.1415926536  0.0000337093  -0.0085434774
593.7610115285  3.1415926536  3.1415926536  0.0000335668  -0.0085253976
595.0176485899  3.1415926536  3.1415926536  0.0000334252  -0.0085073940
596.2742856513  3.1415926536  3.1415926536  0.0000332845  -0.0084894664
597.5309227128  3.1415926536  3.1415926536  0.0000331446  -0.0084716141
598.7875597742  3.1415926536  3.1415926536  0.0000330057  -0.0084538368
600.0441968357  3.1415926536  3.1415926536  0.0000328676  -0.0084361339
601.3008338971  3.1415926536  3.1415926536  0.0000327304  -0.0084185050
602.5574709585  3.1415926536  3.1415926536  0.0000325940  -0.0084009497
603.8141080200  3.1415926536  3.1415926536  0.0000324585  -0.0083834674
605.0707450814  3.1415926536  3.1415926536  0.0000323238  -0.0083660576
606.3273821428  3.1415926536  3.1415926536  0.0000321900  -0.0083487201
607.5840192043  3.1415926536  3.1415926536  0.0000320570  -0.0083314543
608.8406562657  3.1415926536  3.1415926536  0.0000319248  -0.0083142597
610.0972933271  3.1415926536  3.1415926536  0.0000317935  -0.0082971359
611.3539303886  3.1415926536  3.1415926536  0.0000316629  -0.0082800826
612.6105674500  3.1415926536  3.1415926536  0.0000315332  -0.0082630991
613.8672045114  3.1415926536  3.1415926536  0.0000314042  -0.0082461853
615.1238415729  3.1415926536  3.1415926536  0.0000312761  -0.0082293405
616.3804786343  3.1415926536  3.1415926536  0.0000311487  -0.0082125644
617.6371156958  3.1415926536  3.1415926536  0.0000310221  -0.0081958565
618.8937527572  3.1415926536  3.1415926536  0.0000308962  -0.0081792165
620.1503898186  3.1415926536  3.1415926536  0.0000307712  -0.0081626439
621.4070268801  3.1415926536  3.1415926536  0.0000306469  -0.0081461383
622.6636639415  3.1415926536  3.1415926536  0.0000305233  -0.0081296994
623.9203010029  3.1415926536  3.1415926536  0.0000304005  -0.0081133266
625.1769380644  3.1415926536  3.1415926536  0.0000302784  -0.0080970197
626.4335751258  3.1415926536  3.1415926536  0.0000301571  -0.0080807782
627.6902121872  3.1415926536  3.1415926536  0.0000300365  -0.0080646017
628.9468492487  3.1415926536  3.1415926536  0.0000000000  0.0000000000
