-627.6902121872  0.0000000000  0.0000000000  32.7400000000  0.0000000000
-626.4335751258  0.0000000000  0.0000000000  0.0000000000  0.0000000000
-625.1769380644  0.0000000000  0.0000000000  0.0000000000  0.0000000000
-623.9203010029  0.0000000000  0.0000000000  0.0000000000  0.0000000000
-622.6636639415  0.0000000000  0.0000000000  0.0000000000  0.0000000000
-621.4070268801  0.0000000000  0.0000000000  0.0000000000  0.0000000000
-620.1503898186  0.0000000000  0.0000000000  0.0000000000  0.0000000000
-618.8937527572  0.0000000000  0.0000000000  0.0000000000  0.0000000000
-617.6371156958  0.0000000000  0.0000000000  0.0000000000  0.0000000000
-616.3804786343  0.0000000000  0.0000000000  0.0000000000  0.0000000000
-615.1238415729  0.0000000000  0.0000000000  0.0000000000  0.0000000000
-613.8672045114  0.0000000000  0.0000000000  0.0000000000  0.0000000000
-612.6105674500  0.0000000000  0.0000000000  0.0000000000  0.0000000000
-611.3539303886  0.0000000000  0.0000000000  0.0000000000  0.0000000000
-610.0972933271  0.0000000000  0.0000000000  0.0000000000  0.0000000000
-608.8406562657  0.0000000000  0.0000000000  0.0000000000  0.0000000000
-607.5840192043  0.0000000000  0.0000000000  0.0000000000  0.0000000000
-606.3273821428  0.0000000000  0.0000000000  0.0000000000  0.0000000000
-605.0707450814  0.0000000000  0.0000000000  0.0000000000  0.0000000000
-603.8141080200  0.0000000000  0.0000000000  0.0000000000  0.0000000000
-602.5574709585  0.0000000000  0.0000000000  0.0000000000  0.0000000000
-601.3008338971  0.0000000000  0.0000000000  0.0000000000  0.0000000000
-600.0441968357  0.0000000000  0.0000000000  0.0000000000  0.0000000000
-598.7875597742  0.0000000000  0.0000000000  0.0000000000  0.0000000000
-597.5309227128  0.0000000000  0.0000000000  0.0000000000  0.0000000000
-596.2742856513  0.0000000000  0.0000000000  -nan  0.0163524598
-595.0176485899  0.0000000000  0.0000000000  0.0000000000  0.0000000000
-593.7610115285  0.0000000000  0.0000000000  0.0000000000  0.0000000000
-592.5043744670  0.0000000000  0.0000000000  0.0000000000  0.0000000000
-591.2477374056  0.0000000000  0.0000000000  30.1100000000  0.0000000000
-589.9911003442  0.0000000000  0.0000000000  0.0066470914  0.0000000000
-588.7344632827  0.0000000000  0.0000000000  0.0000000000  0.0000000000
-587.4778262213  0.0000000000  0.0000000000  0.0000000000  0.0000000000
-586.2211891599  0.0000000000  0.0000000000  0.0000000000  0.0000000000
-584.9645520984  0.0000000000  0.0000000000  0.0000000000  0.0000000000
-583.7079150370  0.0000000000  0.0000000000  0.0000000000  0.0000000000
-582.4512779755  0.0000000000  0.0000000000  0.0000000000  0.0000000000
-581.1946409141  0.0000000000  0.0000000000  0.0000000000  0.0000000000
-579.9380038527  0.0000000000  0.0000000000  0.0000000000  0.0000000000
-578.6813667912  0.0000000000  0.0000000000  0.0000000000  0.0000000000
-577.4247297298  0.0000000000  0.0000000000  0.0000000000  0.0000000000
-576.1680926684  0.0000000000  0.0000000000  0.0000000000  0.0000000000
-574.9114556069  0.0000000000  0.0000000000  0.0000000000  0.0000000000
-573.6548185455  0.0000000000  0.0000000000  0.0000000000  0.0000000000
-572.3981814841  0.0000000000  0.0000000000  0.0000000000  0.0000000000
-571.1415444226  0.0000000000  0.0000000000  0.0000000000  0.0000000000
-569.8849073612  0.0000000000  0.0000000000  0.0000000000  0.0000000000
-568.6282702998  0.0000000000  0.0000000000  0.0000000000  0.0000000000
-567.3716332383  0.0000000000  0.0000000000  0.0000000000  0.0000000000
-566.1149961769  0.0000000000  0.0000000000  0.0000000000  0.0000000000
-564.8583591154  0.0000000000  0.0000000000  0.0000000000  0.0000000000
-563.6017220540  0.0000000000  0.0000000000  0.0000000000  0.0000000000
-562.3450849926  0.0000000000  0.0000000000  0.0000000000  0.0000000000
-561.0884479311  0.0000000000  0.0000000000  0.0000000000  0.0000000000
-559.8318108697  0.0000000000  0.0000000000  -nan  0.0307417065
-558.5751738083  0.0000000000  0.0000000000  0.0000000000  0.0000000000
-557.3185367468  0.0000000000  0.0000000000  0.0000000000  0.0000000000
-556.0618996854  0.0000000000  0.0000000000  0.0000000000  0.0000000000
-554.8052626240  0.0000000000  0.0000000000  28.3950000000  0.0000000000
-553.5486255625  0.0000000000  0.0000000000  -0.0074582286  0.0000000000
-552.2919885011  0.0000000000  0.0000000000  0.0000000000  0.0000000000
-551.0353514396  0.0000000000  0.0000000000  0.0000000000  0.0000000000
-549.7787143782  0.0000000000  0.0000000000  0.0000000000  0.0000000000
-548.5220773168  0.0000000000  0.0000000000  0.0000000000  0.0000000000
-547.2654402553  0.0000000000  0.0000000000  0.0000000000  0.0000000000
-546.0088031939  0.0000000000  0.0000000000  0.0000000000  0.0000000000
-544.7521661325  0.0000000000  0.0000000000  0.0000000000  0.0000000000
-543.4955290710  0.0000000000  0.0000000000  0.0000000000  0.0000000000
-542.2388920096  0.0000000000  0.0000000000  0.0000000000  0.0000000000
-540.9822549482  0.0000000000  0.0000000000  0.0000000000  0.0000000000
-539.7256178867  0.0000000000  0.0000000000  0.0000000000  0.0000000000
-538.4689808253  0.0000000000  0.0000000000  0.0000000000  0.0000000000
-537.2123437639  0.0000000000  0.0000000000  0.0000000000  0.0000000000
-535.9557067024  0.0000000000  0.0000000000  0.0000000000  0.0000000000
-534.6990696410  0.0000000000  0.0000000000  0.0000000000  0.0000000000
-533.4424325795  0.0000000000  0.0000000000  0.0000000000  0.0000000000
-532.1857955181  0.0000000000  0.0000000000  0.0000000000  0.0000000000
-530.9291584567  0.0000000000  0.0000000000  0.0000000000  0.0000000000
-529.6725213952  0.0000000000  0.0000000000  0.0000000000  0.0000000000
-528.4158843338  0.0000000000  0.0000000000  0.0000000000  0.0000000000
-527.1592472724  0.0000000000  0.0000000000  0.0000000000  0.0000000000
-525.9026102109  0.0000000000  0.0000000000  0.0000000000  0.0000000000
-524.6459731495  0.0000000000  0.0000000000  0.0000000000  0.0000000000
-523.3893360881  0.0000000000  0.0000000000  -nan  0.2244293690
-522.1326990266  0.0000000000  0.0000000000  0.0000000000  0.0000000000
-520.8760619652  0.0000000000  0.0000000000  0.0000000000  0.0000000000
-519.6194249038  0.0000000000  0.0000000000  0.0000000000  0.0000000000
-518.3627878423  0.0000000000  0.0000000000  -0.0964436958  0.0000000000
-517.1061507809  0.0000000000  0.0000000000  -6.4611246220  -5.6350265859
-515.8495137194  0.0000000000  0.0000000000  -4.5916371429  -2.8175132929
-514.5928766580  0.0000000000  0.0000000000  -1.9158254503  -1.1479092857
-513.3362395966  0.0000000000  0.0000000000  -0.4437355306  -0.0002190589
-512.0796025351  0.0000000000  0.0000000000  0.3743968187  0.7677202206
-510.8229654737  0.0000000000  0.0000000000  1.9158254503  3.0708808824
-509.5663284123  0.0000000000  0.0000000000  4.5916371429  5.8204684715
-508.3096913508  0.0000000000  0.0000000000  6.5444950573  0.0000000000
-507.0530542894  0.0000000000  0.0000000000  0.0000000000  0.0000000000
-505.7964172280  0.0000000000  0.0000000000  0.0000000000  0.0000000000
-504.5397801665  0.0000000000  0.0000000000  0.0000000000  0.0000000000
-503.2831431051  0.0000000000  0.0000000000  0.0000000000  0.0000000000
-502.0265060436  0.0000000000  0.0000000000  0.0000000000  0.0000000000
-500.7698689822  0.0000000000  0.0000000000  0.0000000000  0.0000000000
-499.5132319208  0.0000000000  0.0000000000  0.0000000000  0.0000000000
-498.2565948593  0.0000000000  0.0000000000  0.0000000000  0.0000000000
-496.9999577979  0.0000000000  0.0000000000  0.0000000000  0.0000000000
-495.7433207365  0.0000000000  0.0000000000  0.0000000000  0.0000000000
-494.4866836750  0.0000000000  0.0000000000  0.0000000000  0.0000000000
-493.2300466136  0.0000000000  0.0000000000  0.0000000000  0.0000000000
-491.9734095522  0.0000000000  0.0000000000  0.0000000000  0.0000000000
-490.7167724907  0.0000000000  0.0000000000  0.0000000000  0.0000000000
-489.4601354293  0.0000000000  0.0000000000  0.0000000000  0.0000000000
-488.2034983679  0.0000000000  0.0000000000  0.0000000000  0.0000000000
-486.9468613064  0.0000000000  0.0000000000  0.0000000000  0.0000000000
-485.6902242450  0.0000000000  0.0000000000  0.0000000000  0.0000000000
-484.4335871835  0.0000000000  0.0000000000  0.0000000000  0.0000000000
-483.1769501221  0.0000000000  0.0000000000  0.0000000000  0.0000000000
-481.9203130607  0.0000000000  0.0000000000  0.0000000000  0.0000000000
-480.6636759992  0.0000000000  0.0000000000  0.0000000000  0.0000000000
-479.4070389378  0.0000000000  0.0000000000  0.0000000000  0.0000000000
-478.1504018764  0.0000000000  0.0000000000  0.0000000000  0.0000000000
-476.8937648149  0.0000000000  0.0000000000  0.0000000000  0.0000000000
-475.6371277535  0.0000000000  0.0000000000  0.0000000000  0.0000000000
-474.3804906921  0.0000000000  0.0000000000  0.0000000000  0.0000000000
-473.1238536306  0.0000000000  0.0000000000  6.4611246220  -0.0000000000
-471.8672165692  0.0000000000  0.0000000000  -0.0000000000  -0.0000000000
-470.6105795078  0.0000000000  0.0000000000  -0.0000000000  0.0000000000
-469.3539424463  0.0000000000  0.0000000000  5.6350265859  -0.0000000000
-468.0973053849  0.0000000000  0.0000000000  -0.0000000000  -0.0000000000
-466.8406683234  0.0000000000  0.0000000000  -0.0000000000  0.0000000000
-465.5840312620  0.0000000000  0.0000000000  4.5916371429  -0.0000000000
-464.3273942006  0.0000000000  0.0000000000  -0.0000000000  -0.0000000000
-463.0707571391  0.0000000000  0.0000000000  -0.0000000000  0.0000000000
-461.8141200777  0.0000000000  0.0000000000  2.8175132929  -0.0000000000
-460.5574830163  0.0000000000  0.0000000000  -0.0000000000  -0.0000000000
-459.3008459548  0.0000000000  0.0000000000  -0.0000000000  0.0000000000
-458.0442088934  0.0000000000  0.0000000000  1.9158254503  -0.0000000000
-456.7875718320  0.0000000000  0.0000000000  -0.0000000000  -0.0000000000
-455.5309347705  0.0000000000  0.0000000000  -0.0000000000  0.0000000000
-454.2742977091  0.0000000000  0.0000000000  1.1479092857  -0.0000000000
-453.0176606476  0.0000000000  0.0000000000  -0.0000000000  -0.0000000000
-451.7610235862  0.0000000000  0.0000000000  -0.0000000000  0.0000000000
-450.5043865248  0.0000000000  0.0000000000  0.4437355306  -0.0000000000
-449.2477494633  0.0000000000  0.0000000000  -0.0000000000  -0.0000000000
-447.9911124019  0.0000000000  0.0000000000  -0.0000000000  0.0000000000
-446.7344753405  0.0000000000  0.0000000000  0.0002190589  -0.0000000000
-445.4778382790  0.0000000000  0.0000000000  -0.0000000000  -0.0000000000
-444.2212012176  0.0000000000  0.0000000000  -0.0000000000  0.0000000000
-442.9645641562  0.0000000000  0.0000000000  -0.3743968187  0.0000000000
-441.7079270947  0.0000000000  0.0000000000  0.0000000000  0.0000000000
-440.4512900333  0.0000000000  0.0000000000  0.0000000000  0.0000000000
-439.1946529719  0.0000000000  0.0000000000  -0.7677202206  0.0000000000
-437.9380159104  0.0000000000  0.0000000000  0.0000000000  0.0000000000
-436.6813788490  0.0000000000  0.0000000000  0.0000000000  0.0000000000
-435.4247417875  0.0000000000  0.0000000000  -1.9158254503  0.0000000000
-434.1681047261  0.0000000000  0.0000000000  0.0000000000  0.0000000000
-432.9114676647  0.0000000000  0.0000000000  0.0000000000  0.0000000000
-431.6548306032  0.0000000000  0.0000000000  -3.0708808824  0.0000000000
-430.3981935418  0.0000000000  0.0000000000  0.0000000000  0.0000000000
-429.1415564804  0.0000000000  0.0000000000  0.0000000000  0.0000000000
-427.8849194189  0.0000000000  0.0000000000  -4.5916371429  0.0000000000
-426.6282823575  0.0000000000  0.0000000000  0.0000000000  0.0000000000
-425.3716452961  0.0000000000  0.0000000000  0.0000000000  0.0000000000
-424.1150082346  0.0000000000  0.0000000000  -5.8204684715  0.0000000000
-422.8583711732  0.0000000000  0.0000000000  0.0000000000  0.0000000000
-421.6017341118  0.0000000000  0.0000000000  0.0000000000  0.0000000000
-420.3450970503  0.0000000000  0.0000000000  -6.5444950573  0.0000000000
-419.0884599889  0.0000000000  0.0000000000  0.0000000000  0.0000000000
-417.8318229274  0.0000000000  0.0000000000  0.0000000000  0.0000000000
-416.5751858660  0.0000000000  0.0000000000  0.0000000000  0.0000000000
-415.3185488046  0.0000000000  0.0000000000  0.0000000000  0.0000000000
-414.0619117431  0.0000000000  0.0000000000  0.0014606005  0.0083473988
-412.8052746817  0.0000000000  0.0000000000  0.9405853785  0.3395572791
-411.5486376203  0.0000000000  0.0000000000  1.0060380014  0.1272344946
-410.2920005588  0.0000000000  0.0000000000  0.9797050690  0.2534319103
-409.0353634974  0.0000000000  0.0000000000  0.9969337685  0.1909825353
-407.7787264360  0.0000000000  0.0000000000  1.0075312695  0.0793505335
-406.5220893745  0.0000000000  0.0000000000  1.0000020495  0.1749650138
-405.2654523131  0.0000000000  0.0000000000  0.9616614973  0.2984928086
-404.0088152516  0.0000000000  0.0000000000  1.0027522275  0.1574484350
-402.7521781902  0.0000000000  0.0000000000  1.0048191255  0.0344613490
-401.4955411288  0.0000000000  0.0000000000  0.9930138837  0.2082837455
-400.2389040673  0.0000000000  0.0000000000  0.9497695577  0.3227787350
-398.9822670059  0.0000000000  0.0000000000  1.0023135814  0.0144453644
-397.7256299445  0.0000000000  0.0000000000  0.0062275379  0.0163524671
-396.4689928830  0.0000000000  0.0000000000  -0.0065324697  -0.0011430302
-395.2123558216  0.0000000000  0.0000000000  0.3039802285  -0.2495791901
-393.9557187602  0.0000000000  0.0000000000  0.7462148941  -0.2183209765
-392.6990816987  0.0000000000  0.0000000000  0.5239144613  -0.2768399280
-391.4424446373  0.0000000000  0.0000000000  0.1625553428  -0.1796933776
-390.1858075759  0.0000000000  0.0000000000  0.4666400757  -0.2779029732
-388.9291705144  0.0000000000  0.0000000000  0.8912936495  -0.1226658930
-387.6725334530  0.0000000000  0.0000000000  0.4051811446  -0.2728208057
-386.4158963915  0.0000000000  0.0000000000  0.0582881594  -0.0853264871
-385.1592593301  0.0000000000  0.0000000000  0.5862752435  -0.2693717611
-383.9026222687  0.0000000000  0.0000000000  0.9589169621  -0.0538936684
-382.6459852072  0.0000000000  0.0000000000  0.0220277546  -0.0367917584
-381.3893481458  0.0000000000  0.0000000000  0.0167659865  0.0233071734
-380.1327110844  0.0000000000  0.0000000000  -0.0246217079  -0.0043082259
-378.8760740229  0.0000000000  0.0000000000  0.0013051058  0.0036543819
-377.6194369615  0.0000000000  0.0000000000  0.4986424942  0.6461315467
-376.3627999001  0.0000000000  0.0000000000  0.9806221572  0.4857353165
-375.1061628386  0.0000000000  0.0000000000  0.6718355331  -0.2281255142
-373.8495257772  0.0000000000  0.0000000000  1.0423927839  0.3721740656
-372.5928887157  0.0000000000  0.0000000000  0.1444561245  0.4062646453
-371.3362516543  0.0000000000  0.0000000000  1.0666965067  0.2338026310
-370.0796145929  0.0000000000  0.0000000000  0.2686248255  -0.1890047021
-368.8229775314  0.0000000000  0.0000000000  0.8768744488  0.5826131635
-367.5663404700  0.0000000000  0.0000000000  0.0322366202  0.1795180661
-366.3097034086  0.0000000000  0.0000000000  0.1038398309  -0.0935835888
-365.0530663471  0.0000000000  0.0000000000  0.0226672642  0.0245084098
-363.7964292857  0.0000000000  0.0000000000  -0.0356657526  -0.0062406767
-362.5397922243  0.0000000000  0.0000000000  0.0034445019  0.0082362471
-361.2831551628  0.0000000000  0.0000000000  -0.0007383531  -0.0006543583
-360.0265181014  0.0000000000  0.0000000000  0.5189733920  -0.5026047967
-358.7698810400  0.0000000000  0.0000000000  0.1601981735  0.2700148653
-357.5132439785  0.0000000000  0.0000000000  0.3091990125  -0.4522249812
-356.2566069171  0.0000000000  0.0000000000  0.5707791133  0.3205048586
-354.9999698556  0.0000000000  0.0000000000  0.1262814683  -0.3157182396
-353.7433327942  0.0000000000  0.0000000000  0.2132156342  0.1390778418
-352.4866957328  0.0000000000  0.0000000000  0.7458071741  -0.4593453767
-351.2300586713  0.0000000000  0.0000000000  0.2147479219  0.2072023388
-349.9734216099  0.0000000000  0.0000000000  0.1159434929  0.0478840581
-348.7167845485  0.0000000000  0.0000000000  0.0307972592  0.0237848304
-347.4601474870  0.0000000000  0.0000000000  -0.0516883986  -0.0090442668
-346.2035104256  0.0000000000  0.0000000000  0.0099145153  0.0186749740
-344.9468733642  0.0000000000  0.0000000000  -0.0043973397  -0.0042448132
-343.6902363027  0.0000000000  0.0000000000  -0.0002701913  0.0004751531
-342.4335992413  0.0000000000  0.0000000000  0.4663869712  0.8605595733
-341.1769621799  0.0000000000  0.0000000000  0.9067316650  -0.3005191179
-339.9203251184  0.0000000000  0.0000000000  0.1722240561  -0.4689298233
-338.6636880570  0.0000000000  0.0000000000  0.5623949903  -0.4435687501
-337.4070509955  0.0000000000  0.0000000000  0.7710702515  0.3504546692
-336.1504139341  0.0000000000  0.0000000000  0.8113501655  0.2891805584
-334.8937768727  0.0000000000  0.0000000000  0.2081687455  -0.2453600364
-333.6371398112  0.0000000000  0.0000000000  0.4167956322  0.0727641837
-332.3805027498  0.0000000000  0.0000000000  0.0404753743  0.0187555634
-331.1238656884  0.0000000000  0.0000000000  -0.0721773315  -0.0126293533
-329.8672286269  0.0000000000  0.0000000000  0.0330146330  0.0408369752
-328.6105915655  0.0000000000  0.0000000000  -0.0214076168  -0.0229507019
-327.3539545041  0.0000000000  0.0000000000  -0.0055690800  0.0073762806
-326.0973174426  0.0000000000  0.0000000000  0.0017918501  0.0026444614
-324.8406803812  0.0000000000  0.0000000000  0.1876404447  -0.1100700477
-323.5840433197  0.0000000000  0.0000000000  -0.3876279623  0.1737779239
-322.3274062583  0.0000000000  0.0000000000  0.1537830492  -0.2951667225
-321.0707691969  0.0000000000  0.0000000000  0.6341885752  -0.6921773763
-319.8141321354  0.0000000000  0.0000000000  -0.1707782603  -0.0987575925
-318.5574950740  0.0000000000  0.0000000000  -0.2940971484  -0.0038015360
-317.3008580126  0.0000000000  0.0000000000  0.1994776534  -0.4336402501
-316.0442209511  0.0000000000  0.0000000000  0.0480206838  0.0074173082
-314.7875838897  0.0000000000  0.0000000000  -0.0906696358  -0.0158650762
-313.5309468283  0.0000000000  0.0000000000  0.1210394628  0.0465803438
-312.2743097668  0.0000000000  0.0000000000  -0.1007456990  -0.0962778159
-311.0176727054  0.0000000000  0.0000000000  -0.1297227114  0.0967880921
-309.7610356440  0.0000000000  0.0000000000  0.0956302489  0.1043155182
-308.5043985825  0.0000000000  0.0000000000  0.0250999218  0.0395102360
-307.2477615211  0.0000000000  0.0000000000  -0.0925052833  -0.9418239218
-305.9911244596  0.0000000000  0.0000000000  0.4437634658  -0.9496191174
-304.7344873982  0.0000000000  0.0000000000  0.0414942053  0.3854698639
-303.4778503368  0.0000000000  0.0000000000  0.2835088708  -0.7160829805
-302.2212132753  0.0000000000  0.0000000000  0.2219428758  -0.5689962911
-300.9645762139  0.0000000000  0.0000000000  0.1072718986  0.2269550595
-299.7079391525  0.0000000000  0.0000000000  0.0480206838  -0.0074173082
-298.4513020910  0.0000000000  0.0000000000  -0.0957068378  -0.0167464693
-297.1946650296  0.0000000000  0.0000000000  0.1209031751  -0.0954025430
-295.9380279682  0.0000000000  0.0000000000  -0.1922256658  -0.0763987518
-294.6813909067  0.0000000000  0.0000000000  -0.1610208963  -0.2769193279
-293.4247538453  0.0000000000  0.0000000000  -0.1590660651  0.3888500386
-292.1681167839  0.0000000000  0.0000000000  0.1488531890  -0.2347047550
-290.9114797224  0.0000000000  0.0000000000  0.4021542972  0.3214053835
-289.6548426610  0.0000000000  0.0000000000  0.4818072364  -0.3809603239
-288.3982055995  0.0000000000  0.0000000000  -0.3772913581  0.1629258946
-287.1415685381  0.0000000000  0.0000000000  0.3790184623  0.5252736140
-285.8849314767  0.0000000000  0.0000000000  0.5894249494  0.2734493542
-284.6282944152  0.0000000000  0.0000000000  -0.2012328875  0.1758561431
-283.3716573538  0.0000000000  0.0000000000  0.0404753743  -0.0187555634
-282.1150202924  0.0000000000  0.0000000000  -0.0849145076  -0.0148580627
-280.8583832309  0.0000000000  0.0000000000  0.0326700129  -0.0819879258
-279.6017461695  0.0000000000  0.0000000000  -0.1001120898  -0.0332710347
-278.3451091081  0.0000000000  0.0000000000  -0.0187327376  -0.0753753189
-277.0884720466  0.0000000000  0.0000000000  -0.0257143291  0.1042487051
-275.8318349852  0.0000000000  0.0000000000  0.0144313819  -0.0324512267
-274.5751979237  0.0000000000  0.0000000000  0.0721591920  0.0878604521
-273.3185608623  0.0000000000  0.0000000000  -0.0407661034  -0.0299677129
-272.0619238009  0.0000000000  0.0000000000  -0.2894512949  -0.5609296750
-270.8052867394  0.0000000000  0.0000000000  0.3446997401  0.5490803895
-269.5486496780  0.0000000000  0.0000000000  -0.0912893306  0.0184480702
-268.2920126166  0.0000000000  0.0000000000  -0.2651903638  -0.2962476984
-267.0353755551  0.0000000000  0.0000000000  0.0307972592  -0.0237848304
-265.7787384937  0.0000000000  0.0000000000  -0.0678410232  -0.0118706002
-264.5221014323  0.0000000000  0.0000000000  0.0094774860  -0.0499862717
-263.2654643708  0.0000000000  0.0000000000  -0.0479289083  -0.0187706383
-262.0088273094  0.0000000000  0.0000000000  -0.0031402863  -0.0274413896
-260.7521902480  0.0000000000  0.0000000000  -0.0043178995  0.0358209912
-259.4955531865  0.0000000000  0.0000000000  0.0027896174  -0.0091306746
-258.2389161251  0.0000000000  0.0000000000  0.0198979321  0.0316091902
-256.9822790636  0.0000000000  0.0000000000  -0.0157858452  -0.0126604855
-255.7256420022  0.0000000000  0.0000000000  0.0018272132  0.0049085447
-254.4690049408  0.0000000000  0.0000000000  0.2552021056  -0.5409826929
-253.2123678793  0.0000000000  0.0000000000  0.1934193593  0.0371053173
-251.9557308179  0.0000000000  0.0000000000  0.6698286982  -0.1262691606
-250.6990937565  0.0000000000  0.0000000000  0.0226672642  -0.0245084098
-249.4424566950  0.0000000000  0.0000000000  -0.0523097705  -0.0091529925
-248.1858196336  0.0000000000  0.0000000000  0.0029941774  -0.0312818517
-246.9291825722  0.0000000000  0.0000000000  -0.0254142850  -0.0112234909
-245.6725455107  0.0000000000  0.0000000000  -0.0004705588  -0.0124568920
-244.4159084493  0.0000000000  0.0000000000  -0.0007442011  0.0152271551
-243.1592713878  0.0000000000  0.0000000000  0.0008048748  -0.0035108054
-241.9026343264  0.0000000000  0.0000000000  0.0069292107  0.0136613960
-240.6459972650  0.0000000000  0.0000000000  -0.0066415499  -0.0059662928
-239.3893602035  0.0000000000  0.0000000000  0.0017179124  0.0034121448
-238.1327231421  0.0000000000  0.0000000000  -0.0003242954  0.0004725911
-236.8760860807  0.0000000000  0.0000000000  0.3044942580  0.3177328528
-235.6194490192  0.0000000000  0.0000000000  0.0256964314  -0.1002771391
-234.3628119578  0.0000000000  0.0000000000  0.0167659865  -0.0233071734
-233.1061748964  0.0000000000  0.0000000000  -0.0404499486  -0.0070777996
-231.8495378349  0.0000000000  0.0000000000  0.0008768531  -0.0207002102
-230.5929007735  0.0000000000  0.0000000000  -0.0149203632  -0.0071182158
-229.3362637121  0.0000000000  0.0000000000  0.0000678361  -0.0066023695
-228.0796266506  0.0000000000  0.0000000000  -0.0000297943  0.0076368144
-226.8229895892  0.0000000000  0.0000000000  0.0003021761  -0.0016566800
-225.5663525277  0.0000000000  0.0000000000  0.0029237377  0.0068437286
-224.3097154663  0.0000000000  0.0000000000  -0.0032121344  -0.0031595909
-223.0530784049  0.0000000000  0.0000000000  0.0012382261  0.0020848922
-221.7964413434  0.0000000000  0.0000000000  -0.0003074120  0.0004792444
-220.5398042820  0.0000000000  0.0000000000  -0.0000240377  -0.0000176147
-219.2831672206  0.0000000000  0.0000000000  -0.2076128048  0.3063392264
-218.0265301591  0.0000000000  0.0000000000  0.0062275379  -0.0163524671
-216.7698930977  0.0000000000  0.0000000000  -0.0176376682  -0.0030861815
-215.5132560363  0.0000000000  0.0000000000  -0.0003004649  -0.0063314820
-214.2566189748  0.0000000000  0.0000000000  -0.0035185245  -0.0019261752
-212.9999819134  0.0000000000  0.0000000000  0.0001233883  -0.0012682717
-211.7433448520  0.0000000000  0.0000000000  0.0001000576  0.0012850673
-210.4867077905  0.0000000000  0.0000000000  0.0000247343  -0.0002495675
-209.2300707291  0.0000000000  0.0000000000  0.0003091802  0.0011079184
-207.9734336676  0.0000000000  0.0000000000  -0.0004734947  -0.0005670224
-206.7167966062  0.0000000000  0.0000000000  0.0003341320  0.0004266851
-205.4601595448  0.0000000000  0.0000000000  -0.0000986345  0.0001779691
-204.2035224833  0.0000000000  0.0000000000  -0.0000218392  -0.0000229739
-202.9468854219  0.0000000000  0.0000000000  -0.0000022103  -0.0000052542
-201.6902483605  0.0000000000  0.0000000000  0.0000000000  0.0000000000
-200.4336112990  0.0000000000  0.0000000000  0.0000000000  0.0000000000
-199.1769742376  0.0000000000  0.0000000000  0.0000000000  0.0000000000
-197.9203371762  0.0000000000  0.0000000000  0.0000000000  0.0000000000
-196.6637001147  0.0000000000  0.0000000000  0.0000000000  0.0000000000
-195.4070630533  0.0000000000  0.0000000000  0.0000000000  0.0000000000
-194.1504259918  0.0000000000  0.0000000000  0.0000000000  0.0000000000
-192.8937889304  0.0000000000  0.0000000000  0.0000000000  0.0000000000
-191.6371518690  0.0000000000  0.0000000000  0.0000000000  0.0000000000
-190.3805148075  0.0000000000  0.0000000000  0.0000000000  0.0000000000
-189.1238777461  0.0000000000  0.0000000000  0.0000000000  0.0000000000
-187.8672406847  0.0000000000  0.0000000000  0.0000000000  0.0000000000
-186.6106036232  0.0000000000  0.0000000000  0.0000000000  0.0000000000
-185.3539665618  0.0000000000  0.0000000000  0.0000000000  0.0000000000
-184.0973295004  0.0000000000  0.0000000000  0.0000000000  0.0000000000
-182.8406924389  0.0000000000  0.0000000000  0.0000000000  0.0000000000
-181.5840553775  0.0000000000  0.0000000000  0.0000000000  0.0000000000
-180.3274183161  0.0000000000  0.0000000000  0.0000000000  0.0000000000
-179.0707812546  0.0000000000  0.0000000000  0.0000000000  0.0000000000
-177.8141441932  0.0000000000  0.0000000000  0.0000000000  0.0000000000
-176.5575071317  0.0000000000  0.0000000000  0.0000000000  0.0000000000
-175.3008700703  0.0000000000  0.0000000000  0.0000000000  0.0000000000
-174.0442330089  0.0000000000  0.0000000000  0.0000000000  0.0000000000
-172.7875959474  0.0000000000  0.0000000000  0.0000000000  0.0000000000
-171.5309588860  0.0000000000  0.0000000000  0.0000000000  0.0000000000
-170.2743218246  0.0000000000  0.0000000000  0.0000000000  0.0000000000
-169.0176847631  0.0000000000  0.0000000000  0.0000000000  0.0000000000
-167.7610477017  0.0000000000  0.0000000000  0.0000000000  0.0000000000
-166.5044106403  0.0000000000  0.0000000000  0.0000000000  0.0000000000
-165.2477735788  0.0000000000  0.0000000000  -0.7797619210  0.0000000000
-163.9911365174  0.0000000000  0.0000000000  0.0000000000  0.0000000000
-162.7344994560  0.0000000000  0.0000000000  0.0000000000  0.0000000000
-161.4778623945  0.0000000000  0.0000000000  0.0000000000  0.0000000000
-160.2212253331  0.0000000000  0.0000000000  -1.8616921834  0.0000000000
-158.9645882716  0.0000000000  0.0000000000  0.0000000000  0.0000000000
-157.7079512102  0.0000000000  0.0000000000  0.0000000000  0.0000000000
-156.4513141488  0.0000000000  0.0000000000  0.0000000000  0.0000000000
-155.1946770873  0.0000000000  0.0000000000  -2.9859523160  0.0000000000
-153.9380400259  0.0000000000  0.0000000000  0.0000000000  0.0000000000
-152.6814029645  0.0000000000  0.0000000000  0.0000000000  0.0000000000
-151.4247659030  0.0000000000  0.0000000000  0.0000000000  0.0000000000
-150.1681288416  0.0000000000  0.0000000000  -3.6177927121  0.0000000000
-148.9114917802  0.0000000000  0.0000000000  0.0000000000  0.0000000000
-147.6548547187  0.0000000000  0.0000000000  0.0000000000  0.0000000000
-146.3982176573  0.0000000000  0.0000000000  0.0000000000  0.0000000000
-145.1415805958  0.0000000000  0.0000000000  -4.0678214544  0.0000000000
-143.8849435344  0.0000000000  0.0000000000  0.0000000000  0.0000000000
-142.6283064730  0.0000000000  0.0000000000  0.0000000000  0.0000000000
-141.3716694115  0.0000000000  0.0000000000  0.0000000000  0.0000000000
-140.1150323501  0.0000000000  0.0000000000  0.4063755503  0.0000000000
-138.8583952887  0.0000000000  0.0000000000  0.0000000000  0.0000000000
-137.6017582272  0.0000000000  0.0000000000  0.0000000000  0.0000000000
-136.3451211658  0.0000000000  0.0000000000  0.0000000000  0.0000000000
-135.0884841044  0.0000000000  0.0000000000  0.0002723182  0.0000000000
-133.8318470429  0.0000000000  0.0000000000  0.0000000000  0.0000000000
-132.5752099815  0.0000000000  0.0000000000  0.0000000000  0.0000000000
-131.3185729201  0.0000000000  0.0000000000  0.0000000000  0.0000000000
-130.0619358586  0.0000000000  0.0000000000  -0.0000000000  0.0000000000
-128.8052987972  0.0000000000  0.0000000000  0.0000000000  0.0000000000
-127.5486617357  0.0000000000  0.0000000000  -nan  0.0000000000
-126.2920246743  0.0000000000  0.0000000000  0.0000000000  0.0000000000
-125.0353876129  0.0000000000  0.0000000000  0.0000000000  0.0000000000
-123.7787505514  0.0000000000  0.0000000000  0.0000000000  0.0000000000
-122.5221134900  0.0000000000  0.0000000000  0.0000000000  0.0000000000
-121.2654764286  0.0000000000  0.0000000000  0.0000000000  0.0000000000
-120.0088393671  0.0000000000  0.0000000000  -0.3732440395  0.0000000000
-118.7522023057  0.0000000000  0.0000000000  0.0000000000  0.0000000000
-117.4955652443  0.0000000000  0.0000000000  0.0000000000  0.0000000000
-116.2389281828  0.0000000000  0.0000000000  0.0000000000  0.0000000000
-114.9822911214  0.0000000000  0.0000000000  -0.7797619210  0.0000000000
-113.7256540600  0.0000000000  0.0000000000  0.0000000000  0.0000000000
-112.4690169985  0.0000000000  0.0000000000  0.0000000000  0.0000000000
-111.2123799371  0.0000000000  0.0000000000  0.0000000000  0.0000000000
-109.9557428756  0.0000000000  0.0000000000  -1.8616921834  0.0000000000
-108.6991058142  0.0000000000  0.0000000000  0.0000000000  0.0000000000
-107.4424687528  0.0000000000  0.0000000000  0.0000000000  0.0000000000
-106.1858316913  0.0000000000  0.0000000000  0.0000000000  0.0000000000
-104.9291946299  0.0000000000  0.0000000000  -2.9859523160  0.0000000000
-103.6725575685  0.0000000000  0.0000000000  0.0000000000  0.0000000000
-102.4159205070  0.0000000000  0.0000000000  0.0000000000  0.0000000000
-101.1592834456  0.0000000000  0.0000000000  0.0000000000  0.0000000000
-99.9026463842  0.0000000000  0.0000000000  -3.6177927121  0.0000000000
-98.6460093227  0.0000000000  0.0000000000  0.0000000000  0.0000000000
-97.3893722613  0.0000000000  0.0000000000  0.0000000000  0.0000000000
-96.1327351998  0.0000000000  0.0000000000  0.0000000000  0.0000000000
-94.8760981384  0.0000000000  0.0000000000  0.0000000000  0.0000000000
-93.6194610770  0.0000000000  0.0000000000  -9.9946473081  -8.8889255825
-92.3628240155  0.0000000000  0.0000000000  -7.3364921769  -4.5741822689
-91.1061869541  0.0000000000  0.0000000000  -2.9258177311  -1.8341230442
-89.8495498927  0.0000000000  0.0000000000  -0.7638843022  -0.3512750301
-88.5929128312  0.0000000000  0.0000000000  0.0003345432  0.4185250835
-87.3362757698  0.0000000000  0.0000000000  1.1435455672  1.8341230442
-86.0796387084  0.0000000000  0.0000000000  2.6289090731  4.3028608628
-84.8230016469  0.0000000000  0.0000000000  6.3942782745  8.6057217255
-83.5663645855  0.0000000000  0.0000000000  9.9946473081  0.0000000000
-82.3097275241  0.0000000000  0.0000000000  1.0000000000  0.0000000000
-81.0530904626  0.0000000000  0.0000000000  1.0000000000  0.0000000000
-79.7964534012  0.0000000000  0.0000000000  1.0000000000  0.0000000000
-78.5398163397  0.0000000000  0.0000000000  0.9999999999  0.0000000000
-77.2831792783  0.0000000000  0.0000000000  0.9999995567  0.0000000000
-76.0265422169  0.0000000000  0.0000000000  0.9998959584  0.0000000000
-74.7699051554  0.0000000000  0.0000000000  0.9785305605  0.0000000000
-73.5132680940  0.0000000000  0.0000000000  0.8527550919  0.0000000000
-72.2566310326  0.0000000000  0.0000000000  0.4995818210  0.0000000000
-70.9999939711  0.0000000000  0.0000000000  0.1098156605  0.0000000000
-69.7433569097  0.0000000000  0.0000000000  0.0032764013  0.0000000000
-68.4867198483  0.0000000000  0.0000000000  0.0001040416  0.0000000000
-67.2300827868  0.0000000000  0.0000000000  0.0000019561  0.0000000000
-65.9734457254  0.0000000000  0.0000000000  0.0000000005  0.0000000000
-64.7168086639  0.0000000000  0.0000000000  0.0000000000  0.0000000000
-63.4601716025  0.0000000000  0.0000000000  0.0000000000  0.0000000000
-62.2035345411  0.0000000000  0.0000000000  0.0000000000  0.0000000000
-60.9468974796  0.0000000000  0.0000000000  0.0000000000  0.0000000000
-59.6902604182  0.0000000000  0.0000000000  0.0000000000  0.0000000000
-58.4336233568  0.0000000000  0.0000000000  0.0000000000  0.0000000000
-57.1769862953  0.0000000000  0.0000000000  -49.9732365405  -44.4446279127
-55.9203492339  0.0000000000  0.0000000000  -36.6824608846  -22.8709113444
-54.6637121725  0.0000000000  0.0000000000  -14.6290886556  -9.1706152212
-53.4070751110  0.0000000000  0.0000000000  -3.8194215109  -1.7563751504
-52.1504380496  0.0000000000  0.0000000000  0.0016727162  2.0926254177
-50.8938009882  0.0000000000  0.0000000000  5.7177278361  9.1706152212
-49.6371639267  0.0000000000  0.0000000000  13.1445453654  21.5143043139
-48.3805268653  0.0000000000  0.0000000000  31.9713913723  43.0286086277
-47.1238898038  0.0000000000  0.0000000000  49.9732365405  0.0000000000
-45.8672527424  0.0000000000  0.0000000000  -nan  -nan
-44.6106156810  0.0000000000  0.0000000000  -nan  -nan
-43.3539786195  0.0000000000  0.0000000000  0.0000000000  0.0000000000
-42.0973415581  0.0000000000  0.0000000000  0.0000000000  0.0000000000
-40.8407044967  0.0000000000  0.0000000000  0.0000000000  0.0000000000
-39.5840674352  0.0000000000  0.0000000000  0.0000000000  0.0000000000
-38.3274303738  0.0000000000  0.0000000000  0.0000000000  0.0000000000
-37.0707933124  0.0000000000  0.0000000000  0.0000000000  0.0000000000
-35.8141562509  0.0000000000  0.0000000000  0.0000000000  0.0000000000
-34.5575191895  0.0000000000  0.0000000000  0.0000000000  0.0000000000
-33.3008821281  0.0000000000  0.0000000000  6.2543345948  5.8857366633
-32.0442450666  0.0000000000  0.0000000000  5.6178131419  0.0000000000
-30.7876080052  0.0000000000  0.0000000000  0.0000000000  0.0000000000
-29.5309709437  0.0000000000  0.0000000000  0.0000000000  0.0000000000
-28.2743338823  0.0000000000  0.0000000000  0.0000000000  0.0000000000
-27.0176968209  0.0000000000  0.0000000000  0.0000000000  0.0000000000
-25.7610597594  0.0000000000  0.0000000000  0.0000000000  3.1415926536
-24.5044226980  0.0000000000  0.0000000000  0.0000000000  0.0000000000
-23.2477856366  0.0000000000  0.0000000000  -9.9946473081  -8.8889255825
-21.9911485751  0.0000000000  0.0000000000  -7.3364921769  -4.5741822689
-20.7345115137  0.0000000000  0.0000000000  -2.9258177311  -1.8341230442
-19.4778744523  0.0000000000  0.0000000000  -0.7638843022  -0.3512750301
-18.2212373908  0.0000000000  0.0000000000  0.0003345432  0.4185250835
-16.9646003294  0.0000000000  0.0000000000  1.1435455672  1.8341230442
-15.7079632679  0.0000000000  0.0000000000  2.6289090731  4.3028608628
-14.4513262065  0.0000000000  0.0000000000  6.3942782745  8.6057217255
-13.1946891451  0.0000000000  0.0000000000  9.9946473081  0.0000000000
-11.9380520836  0.0000000000  0.0000000000  0.0000000000  0.0000000000
-10.6814150222  0.0000000000  0.0000000000  0.0000000000  0.0000000000
-9.4247779608  0.0000000000  0.0000000000  -nan  -nan
-8.1681408993  0.0000000000  0.0000000000  -nan  -nan
-6.9115038379  0.0000000000  0.0000000000  0.0000000000  0.0000000000
-5.6548667765  0.0000000000  0.0000000000  0.0000000000  0.0000000000
-4.3982297150  0.0000000000  0.0000000000  0.0000000000  0.0000000000
-3.1415926536  0.0000000000  0.0000000000  0.0000000000  0.0000000000
-1.8849555922  0.0000000000  0.0000000000  0.0000000000  0.0000000000
-0.6283185307  0.0000000000  0.0000000000  0.0000000000  0.0000000000
0.6283185307  0.0000000000  0.0000000000  0.3930512396  -0.1337351364
1.8849555922  0.0000000000  0.0000000000  0.2413664135  -0.2047680869
3.1415926536  0.0000000000  0.0000000000  0.1463160274  -0.1950426931
4.3982297150  0.0000000000  0.0000000000  0.0935121500  -0.1698194294
5.6548667765  0.0000000000  0.0000000000  0.0634907469  -0.1460278564
6.9115038379  0.0000000000  0.0000000000  0.0454117870  -0.1264929700
8.1681408993  0.0000000000  0.0000000000  0.0338809452  -0.1108715562
9.4247779608  0.0000000000  0.0000000000  0.0261506329  -0.0983408063
10.6814150222  0.0000000000  0.0000000000  0.0207471286  -0.0881699477
11.9380520836  0.0000000000  0.0000000000  0.0168361402  -0.0797992706
13.1946891451  0.0000000000  0.0000000000  0.0139214873  -0.0728155260
14.4513262065  0.0000000000  0.0000000000  0.0116950051  -0.0669147757
15.7079632679  0.0000000000  0.0000000000  0.0099579503  -0.0618716889
16.9646003294  0.0000000000  0.0000000000  0.0085778803  -0.0575171383
18.2212373908  0.0000000000  0.0000000000  0.0074639762  -0.0537224342
19.4778744523  0.0000000000  0.0000000000  0.0065523806  -0.0503883078
20.7345115137  0.0000000000  0.0000000000  0.0057971885  -0.0474371735
21.9911485751  0.0000000000  0.0000000000  0.0051647466  -0.0448076412
23.2477856366  0.0000000000  0.0000000000  0.0046299474  -0.0424505761
24.5044226980  0.0000000000  0.0000000000  0.0041737622  -0.0403262332
25.7610597594  0.0000000000  0.0000000000  0.0037815641  -0.0384021467
27.0176968209  0.0000000000  0.0000000000  0.0034419642  -0.0366515569
28.2743338823  0.0000000000  0.0000000000  0.0031459911  -0.0350522221
29.5309709437  0.0000000000  0.0000000000  0.0028865021  -0.0335855136
30.7876080052  0.0000000000  0.0000000000  0.0026577545  -0.0322357162
32.0442450666  0.0000000000  0.0000000000  0.0024550898  -0.0309894853
33.3008821281  0.0000000000  0.0000000000  0.0022746974  -0.0298354188
34.5575191895  0.0000000000  0.0000000000  0.0021134367  -0.0287637188
35.8141562509  0.0000000000  0.0000000000  0.0019687005  -0.0277659205
37.0707933124  0.0000000000  0.0000000000  0.0018383101  -0.0268346744
38.3274303738  0.0000000000  0.0000000000  0.0017204339  -0.0259635694
39.5840674352  0.0000000000  0.0000000000  0.0016135231  -0.0251469884
40.8407044967  0.0000000000  0.0000000000  0.0015162606  -0.0243799894
42.0973415581  0.0000000000  0.0000000000  0.0014275213  -0.0236582079
43.3539786195  0.0000000000  0.0000000000  0.0013463391  -0.0229777749
44.6106156810  0.0000000000  0.0000000000  0.0012718808  -0.0223352491
45.8672527424  0.0000000000  0.0000000000  0.0012034248  -0.0217275594
47.1238898038  0.0000000000  0.0000000000  0.0011403436  -0.0211519564
48.3805268653  0.0000000000  0.0000000000  0.0010820896  -0.0206059720
49.6371639267  0.0000000000  0.0000000000  0.0010281831  -0.0200873841
50.8938009882  0.0000000000  0.0000000000  0.0009782025  -0.0195941867
52.1504380496  0.0000000000  0.0000000000  0.0009317759  -0.0191245646
53.4070751110  0.0000000000  0.0000000000  0.0008885746  -0.0186768711
54.6637121725  0.0000000000  0.0000000000  0.0008483069  -0.0182496089
55.9203492339  0.0000000000  0.0000000000  0.0008107132  -0.0178414139
57.1769862953  0.0000000000  0.0000000000  0.0007755622  -0.0174510403
58.4336233568  0.0000000000  0.0000000000  0.0007426469  -0.0170773485
59.6902604182  0.0000000000  0.0000000000  0.0007117817  -0.0167192936
60.9468974796  0.0000000000  0.0000000000  0.0006828001  -0.0163759161
62.2035345411  0.0000000000  0.0000000000  0.0006555519  -0.0160463334
63.4601716025  0.0000000000  0.0000000000  0.0006299017  -0.0157297320
64.7168086639  0.0000000000  0.0000000000  0.0006057270  -0.0154253611
65.9734457254  0.0000000000  0.0000000000  0.0005829169  -0.0151325266
67.2300827868  0.0000000000  0.0000000000  0.0005613706  -0.0148505858
68.4867198483  0.0000000000  0.0000000000  0.0005409965  -0.0145789429
69.7433569097  0.0000000000  0.0000000000  0.0005217111  -0.0143170446
70.9999939711  0.0000000000  0.0000000000  0.0005034383  -0.0140643765
72.2566310326  0.0000000000  0.0000000000  0.0004861085  -0.0138204598
73.5132680940  0.0000000000  0.0000000000  0.0004696578  -0.0135848483
74.7699051554  0.0000000000  0.0000000000  0.0004540279  -0.0133571253
76.0265422169  0.0000000000  0.0000000000  0.0004391651  -0.0131369016
77.2831792783  0.0000000000  0.0000000000  0.0004250199  -0.0129238134
78.5398163397  0.0000000000  0.0000000000  0.0004115470  -0.0127175196
79.7964534012  0.0000000000  0.0000000000  0.0003987045  -0.0125177009
81.0530904626  0.0000000000  0.0000000000  0.0003864536  -0.0123240574
82.3097275241  0.0000000000  0.0000000000  0.0003747585  -0.0121363074
83.5663645855  0.0000000000  0.0000000000  0.0003635862  -0.0119541864
84.8230016469  0.0000000000  0.0000000000  0.0003529059  -0.0117774450
86.0796387084  0.0000000000  0.0000000000  0.0003426893  -0.0116058487
87.3362757698  0.0000000000  0.0000000000  0.0003329098  -0.0114391761
88.5929128312  0.0000000000  0.0000000000  0.0003235429  -0.0112772187
89.8495498927  0.0000000000  0.0000000000  0.0003145657  -0.0111197792
91.1061869541  0.0000000000  0.0000000000  0.0003059568  -0.0109666714
92.3628240155  0.0000000000  0.0000000000  0.0002976965  -0.0108177190
93.6194610770  0.0000000000  0.0000000000  0.0002897662  -0.0106727554
94.8760981384  0.0000000000  0.0000000000  0.0002821484  -0.0105316225
96.1327351998  0.0000000000  0.0000000000  0.0002748271  -0.0103941706
97.3893722613  0.0000000000  0.0000000000  0.0002677869  -0.0102602577
98.6460093227  0.0000000000  0.0000000000  0.0002610138  -0.0101297488
99.9026463842  0.0000000000  0.0000000000  0.0002544944  -0.0100025160
101.1592834456  0.0000000000  0.0000000000  0.0002482162  -0.0098784375
102.4159205070  0.0000000000  0.0000000000  0.0002421674  -0.0097573975
103.6725575685  0.0000000000  0.0000000000  0.0002363369  -0.0096392858
104.9291946299  0.0000000000  0.0000000000  0.0002307145  -0.0095239975
106.1858316913  0.0000000000  0.0000000000  0.0002252903  -0.0094114326
107.4424687528  0.0000000000  0.0000000000  0.0002200551  -0.0093014958
108.6991058142  0.0000000000  0.0000000000  0.0002150002  -0.0091940962
109.9557428756  0.0000000000  0.0000000000  0.0002101175  -0.0090891470
111.2123799371  0.0000000000  0.0000000000  0.0002053992  -0.0089865653
112.4690169985  0.0000000000  0.0000000000  0.0002008381  -0.0088862720
113.7256540600  0.0000000000  0.0000000000  0.0001964272  -0.0087881913
114.9822911214  0.0000000000  0.0000000000  0.0001921599  -0.0086922510
116.2389281828  0.0000000000  0.0000000000  0.0001880302  -0.0085983816
117.4955652443  0.0000000000  0.0000000000  0.0001840322  -0.0085065170
118.7522023057  0.0000000000  0.0000000000  0.0001801604  -0.0084165936
120.0088393671  0.0000000000  0.0000000000  0.0001764094  -0.0083285506
121.2654764286  0.0000000000  0.0000000000  0.0001727743  -0.0082423295
122.5221134900  0.0000000000  0.0000000000  0.0001692504  -0.0081578745
123.7787505514  0.0000000000  0.0000000000  0.0001658333  -0.0080751319
125.0353876129  0.0000000000  0.0000000000  0.0001625185  -0.0079940501
126.2920246743  0.0000000000  0.0000000000  0.0001593022  -0.0079145797
127.5486617357  0.0000000000  0.0000000000  0.0001561803  -0.0078366731
128.8052987972  0.0000000000  0.0000000000  0.0001531494  -0.0077602846
130.0619358586  0.0000000000  0.0000000000  0.0001502058  -0.0076853703
131.3185729201  0.0000000000  0.0000000000  0.0001473462  -0.0076118880
132.5752099815  0.0000000000  0.0000000000  0.0001445675  -0.0075397970
133.8318470429  0.0000000000  0.0000000000  0.0001418667  -0.0074690581
135.0884841044  0.0000000000  0.0000000000  0.0001392408  -0.0073996337
136.3451211658  0.0000000000  0.0000000000  0.0001366872  -0.0073314876
137.6017582272  0.0000000000  0.0000000000  0.0001342032  -0.0072645846
138.8583952887  0.0000000000  0.0000000000  0.0001317862  -0.0071988912
140.1150323501  0.0000000000  0.0000000000  0.0001294340  -0.0071343749
141.3716694115  0.0000000000  0.0000000000  0.0001271442  -0.0070710043
142.6283064730  0.0000000000  0.0000000000  0.0001249146  -0.0070087491
143.8849435344  0.0000000000  0.0000000000  0.0001227431  -0.0069475802
145.1415805958  0.0000000000  0.0000000000  0.0001206277  -0.0068874694
146.3982176573  0.0000000000  0.0000000000  0.0001185666  -0.0068283895
147.6548547187  0.0000000000  0.0000000000  0.0001165578  -0.0067703142
148.9114917802  0.0000000000  0.0000000000  0.0001145997  -0.0067132181
150.1681288416  0.0000000000  0.0000000000  0.0001126905  -0.0066570767
151.4247659030  0.0000000000  0.0000000000  0.0001108285  -0.0066018662
152.6814029645  0.0000000000  0.0000000000  0.0001090124  -0.0065475636
153.9380400259  0.0000000000  0.0000000000  0.0001072405  -0.0064941468
155.1946770873  0.0000000000  0.0000000000  0.0001055115  -0.0064415943
156.4513141488  0.0000000000  0.0000000000  0.0001038239  -0.0063898853
157.7079512102  0.0000000000  0.0000000000  0.0001021765  -0.0063389995
158.9645882716  0.0000000000  0.0000000000  0.0001005680  -0.0062889176
160.2212253331  0.0000000000  0.0000000000  0.0000989972  -0.0062396206
161.4778623945  0.0000000000  0.0000000000  0.0000974629  -0.0061910903
162.7344994560  0.0000000000  0.0000000000  0.0000959640  -0.0061433088
163.9911365174  0.0000000000  0.0000000000  0.0000944994  -0.0060962590
165.2477735788  0.0000000000  0.0000000000  0.0000930680  -0.0060499242
166.5044106403  0.0000000000  0.0000000000  0.0000916690  -0.0060042883
167.7610477017  0.0000000000  0.0000000000  0.0000903012  -0.0059593355
169.0176847631  0.0000000000  0.0000000000  0.0000889639  -0.0059150507
170.2743218246  0.0000000000  0.0000000000  0.0000876560  -0.0058714190
171.5309588860  0.0000000000  0.0000000000  0.0000863767  -0.0058284262
172.7875959474  0.0000000000  0.0000000000  0.0000851253  -0.0057860582
174.0442330089  0.0000000000  0.0000000000  0.0000839008  -0.0057443016
175.3008700703  0.0000000000  0.0000000000  0.0000827026  -0.0057031432
176.5575071317  0.0000000000  0.0000000000  0.0000815298  -0.0056625703
177.8141441932  0.0000000000  0.0000000000  0.0000803819  -0.0056225705
179.0707812546  0.0000000000  0.0000000000  0.0000792580  -0.0055831317
180.3274183161  0.0000000000  0.0000000000  0.0000781575  -0.0055442422
181.5840553775  0.0000000000  0.0000000000  0.0000770797  -0.0055058906
182.8406924389  0.0000000000  0.0000000000  0.0000760241  -0.0054680659
184.0973295004  0.0000000000  0.0000000000  0.0000749901  -0.0054307571
185.3539665618  0.0000000000  0.0000000000  0.0000739769  -0.0053939540
186.6106036232  0.0000000000  0.0000000000  0.0000729842  -0.0053576462
187.8672406847  0.0000000000  0.0000000000  0.0000720113  -0.0053218238
189.1238777461  0.0000000000  0.0000000000  0.0000710578  -0.0052864772
190.3805148075  0.0000000000  0.0000000000  0.0000701231  -0.0052515969
191.6371518690  0.0000000000  0.0000000000  0.0000692066  -0.0052171738
192.8937889304  0.0000000000  0.0000000000  0.0000683081  -0.0051831989
194.1504259918  0.0000000000  0.0000000000  0.0000674269  -0.0051496636
195.4070630533  0.0000000000  0.0000000000  0.0000665627  -0.0051165594
196.6637001147  0.0000000000  0.0000000000  0.0000657149  -0.0050838779
197.9203371762  0.0000000000  0.0000000000  0.0000648833  -0.0050516113
199.1769742376  0.0000000000  0.0000000000  0.0000640673  -0.0050197516
200.4336112990  0.0000000000  0.0000000000  0.0000632667  -0.0049882911
201.6902483605  0.0000000000  0.0000000000  0.0000624809  -0.0049572225
202.9468854219  0.0000000000  0.0000000000  0.0000617097  -0.0049265384
204.2035224833  0.0000000000  0.0000000000  0.0000609527  -0.0048962318
205.4601595448  0.0000000000  0.0000000000  0.0000602095  -0.0048662957
206.7167966062  0.0000000000  0.0000000000  0.0000594799  -0.0048367234
207.9734336676  0.0000000000  0.0000000000  0.0000587634  -0.0048075083
209.2300707291  0.0000000000  0.0000000000  0.0000580598  -0.0047786439
210.4867077905  0.0000000000  0.0000000000  0.0000573688  -0.0047501240
211.7433448520  0.0000000000  0.0000000000  0.0000566900  -0.0047219425
212.9999819134  0.0000000000  0.0000000000  0.0000560232  -0.0046940933
214.2566189748  0.0000000000  0.0000000000  0.0000553681  -0.0046665707
215.5132560363  0.0000000000  0.0000000000  0.0000547244  -0.0046393688
216.7698930977  0.0000000000  0.0000000000  0.0000540918  -0.0046124822
218.0265301591  0.0000000000  0.0000000000  0.0000534702  -0.0045859054
219.2831672206  0.0000000000  0.0000000000  0.0000528592  -0.0045596331
220.5398042820  0.0000000000  0.0000000000  0.0000522587  -0.0045336600
221.7964413434  0.0000000000  0.0000000000  0.0000516683  -0.0045079811
223.0530784049  0.0000000000  0.0000000000  0.0000510879  -0.0044825914
224.3097154663  0.0000000000  0.0000000000  0.0000505171  -0.0044574861
225.5663525277  0.0000000000  0.0000000000  0.0000499559  -0.0044326604
226.8229895892  0.0000000000  0.0000000000  0.0000494040  -0.0044081096
228.0796266506  0.0000000000  0.0000000000  0.0000488612  -0.0043838293
229.3362637121  0.0000000000  0.0000000000  0.0000483273  -0.0043598149
230.5929007735  0.0000000000  0.0000000000  0.0000478021  -0.0043360622
231.8495378349  0.0000000000  0.0000000000  0.0000472854  -0.0043125668
233.1061748964  0.0000000000  0.0000000000  0.0000467771  -0.0042893247
234.3628119578  0.0000000000  0.0000000000  0.0000462769  -0.0042663317
235.6194490192  0.0000000000  0.0000000000  0.0000457846  -0.0042435838
236.8760860807  0.0000000000  0.0000000000  0.0000453002  -0.0042210773
238.1327231421  0.0000000000  0.0000000000  0.0000448234  -0.0041988081
239.3893602035  0.0000000000  0.0000000000  0.0000443542  -0.0041767727
240.6459972650  0.0000000000  0.0000000000  0.0000438922  -0.0041549674
241.9026343264  0.0000000000  0.0000000000  0.0000434374  -0.0041333885
243.1592713878  0.0000000000  0.0000000000  0.0000429897  -0.0041120325
244.4159084493  0.0000000000  0.0000000000  0.0000425489  -0.0040908961
245.6725455107  0.0000000000  0.0000000000  0.0000421147  -0.0040699758
246.9291825722  0.0000000000  0.0000000000  0.0000416872  -0.0040492684
248.1858196336  0.0000000000  0.0000000000  0.0000412662  -0.0040287706
249.4424566950  0.0000000000  0.0000000000  0.0000408515  -0.0040084792
250.6990937565  0.0000000000  0.0000000000  0.0000404431  -0.0039883912
251.9557308179  0.0000000000  0.0000000000  0.0000400407  -0.0039685035
253.2123678793  0.0000000000  0.0000000000  0.0000396443  -0.0039488132
254.4690049408  0.0000000000  0.0000000000  0.0000392538  -0.0039293172
255.7256420022  0.0000000000  0.0000000000  0.0000388690  -0.0039100128
256.9822790636  0.0000000000  0.0000000000  0.0000384899  -0.0038908972
258.2389161251  0.0000000000  0.0000000000  0.0000381162  -0.0038719675
259.4955531865  0.0000000000  0.0000000000  0.0000377480  -0.0038532210
260.7521902480  0.0000000000  0.0000000000  0.0000373851  -0.0038346553
262.0088273094  0.0000000000  0.0000000000  0.0000370274  -0.0038162675
263.2654643708  0.0000000000  0.0000000000  0.0000366748  -0.0037980552
264.5221014323  0.0000000000  0.0000000000  0.0000363272  -0.0037800160
265.7787384937  0.0000000000  0.0000000000  0.0000359845  -0.0037621472
267.0353755551  0.0000000000  0.0000000000  0.0000356467  -0.0037444466
268.2920126166  0.0000000000  0.0000000000  0.0000353136  -0.0037269117
269.5486496780  0.0000000000  0.0000000000  0.0000349851  -0.0037095403
270.8052867394  0.0000000000  0.0000000000  0.0000346612  -0.0036923301
272.0619238009  0.0000000000  0.0000000000  0.0000343418  -0.0036752787
273.3185608623  0.0000000000  0.0000000000  0.0000340268  -0.0036583842
274.5751979237  0.0000000000  0.0000000000  0.0000337161  -0.0036416442
275.8318349852  0.0000000000  0.0000000000  0.0000334096  -0.0036250568
277.0884720466  0.0000000000  0.0000000000  0.0000331073  -0.0036086197
278.3451091081  0.0000000000  0.0000000000  0.0000328091  -0.0035923310
279.6017461695  0.0000000000  0.0000000000  0.0000325149  -0.0035761887
280.8583832309  0.0000000000  0.0000000000  0.0000322246  -0.0035601908
282.1150202924  0.0000000000  0.0000000000  0.0000319382  -0.0035443353
283.3716573538  0.0000000000  0.0000000000  0.0000316556  -0.0035286205
284.6282944152  0.0000000000  0.0000000000  0.0000313767  -0.0035130444
285.8849314767  0.0000000000  0.0000000000  0.0000311015  -0.0034976052
287.1415685381  0.0000000000  0.0000000000  0.0000308299  -0.0034823011
288.3982055995  0.0000000000  0.0000000000  0.0000305618  -0.0034671303
289.6548426610  0.0000000000  0.0000000000  0.0000302973  -0.0034520911
290.9114797224  0.0000000000  0.0000000000  0.0000300361  -0.0034371818
292.1681167839  0.0000000000  0.0000000000  0.0000297783  -0.0034224007
293.4247538453  0.0000000000  0.0000000000  0.0000295238  -0.0034077462
294.6813909067  0.0000000000  0.0000000000  0.0000292726  -0.0033932167
295.9380279682  0.0000000000  0.0000000000  0.0000290245  -0.0033788105
297.1946650296  0.0000000000  0.0000000000  0.0000287796  -0.0033645261
298.4513020910  0.0000000000  0.0000000000  0.0000285378  -0.0033503620
299.7079391525  0.0000000000  0.0000000000  0.0000282990  -0.0033363166
300.9645762139  0.0000000000  0.0000000000  0.0000280632  -0.0033223885
302.2212132753  0.0000000000  0.0000000000  0.0000278304  -0.0033085762
303.4778503368  0.0000000000  0.0000000000  0.0000276004  -0.0032948782
304.7344873982  0.0000000000  0.0000000000  0.0000273732  -0.0032812932
305.9911244596  0.0000000000  0.0000000000  0.0000271489  -0.0032678198
307.2477615211  0.0000000000  0.0000000000  0.0000269273  -0.0032544565
308.5043985825  0.0000000000  0.0000000000  0.0000267084  -0.0032412021
309.7610356440  0.0000000000  0.0000000000  0.0000264921  -0.0032280552
311.0176727054  0.0000000000  0.0000000000  0.0000262785  -0.0032150145
312.2743097668  0.0000000000  0.0000000000  0.0000260675  -0.0032020787
313.5309468283  0.0000000000  0.0000000000  0.0000258589  -0.0031892466
314.7875838897  0.0000000000  0.0000000000  0.0000256529  -0.0031765170
316.0442209511  0.0000000000  0.0000000000  0.0000254493  -0.0031638885
317.3008580126  0.0000000000  0.0000000000  0.0000252482  -0.0031513601
318.5574950740  0.0000000000  0.0000000000  0.0000250494  -0.0031389304
319.8141321354  0.0000000000  0.0000000000  0.0000248529  -0.0031265985
321.0707691969  0.0000000000  0.0000000000  0.0000246588  -0.0031143630
322.3274062583  0.0000000000  0.0000000000  0.0000244669  -0.0031022229
323.5840433197  0.0000000000  0.0000000000  0.0000242773  -0.0030901771
324.8406803812  0.0000000000  0.0000000000  0.0000240898  -0.0030782245
326.0973174426  0.0000000000  0.0000000000  0.0000239045  -0.0030663640
327.3539545041  0.0000000000  0.0000000000  0.0000237214  -0.0030545945
328.6105915655  0.0000000000  0.0000000000  0.0000235403  -0.0030429150
329.8672286269  0.0000000000  0.0000000000  0.0000233613  -0.0030313245
331.1238656884  0.0000000000  0.0000000000  0.0000231843  -0.0030198219
332.3805027498  0.0000000000  0.0000000000  0.0000230094  -0.0030084063
333.6371398112  0.0000000000  0.0000000000  0.0000228364  -0.0029970767
334.8937768727  0.0000000000  0.0000000000  0.0000226653  -0.0029858321
336.1504139341  0.0000000000  0.0000000000  0.0000224962  -0.0029746715
337.4070509955  0.0000000000  0.0000000000  0.0000223290  -0.0029635941
338.6636880570  0.0000000000  0.0000000000  0.0000221636  -0.0029525989
339.9203251184  0.0000000000  0.0000000000  0.0000220000  -0.0029416849
341.1769621799  0.0000000000  0.0000000000  0.0000218383  -0.0029308513
342.4335992413  0.0000000000  0.0000000000  0.0000216783  -0.0029200972
343.6902363027  0.0000000000  0.0000000000  0.0000215201  -0.0029094217
344.9468733642  0.0000000000  0.0000000000  0.0000213636  -0.0028988240
346.2035104256  0.0000000000  0.0000000000  0.0000212088  -0.0028883033
347.4601474870  0.0000000000  0.0000000000  0.0000210557  -0.0028778586
348.7167845485  0.0000000000  0.0000000000  0.0000209042  -0.0028674892
349.9734216099  0.0000000000  0.0000000000  0.0000207543  -0.0028571942
351.2300586713  0.0000000000  0.0000000000  0.0000206061  -0.0028469729
352.4866957328  0.0000000000  0.0000000000  0.0000204595  -0.0028368244
353.7433327942  0.0000000000  0.0000000000  0.0000203144  -0.0028267480
354.9999698556  0.0000000000  0.0000000000  0.0000201708  -0.0028167430
356.2566069171  0.0000000000  0.0000000000  0.0000200288  -0.0028068085
357.5132439785  0.0000000000  0.0000000000  0.0000198882  -0.0027969439
358.7698810400  0.0000000000  0.0000000000  0.0000197492  -0.0027871483
360.0265181014  0.0000000000  0.0000000000  0.0000196115  -0.0027774212
361.2831551628  0.0000000000  0.0000000000  0.0000194754  -0.0027677616
362.5397922243  0.0000000000  0.0000000000  0.0000193406  -0.0027581691
363.7964292857  0.0000000000  0.0000000000  0.0000192072  -0.0027486428
365.0530663471  0.0000000000  0.0000000000  0.0000190752  -0.0027391820
366.3097034086  0.0000000000  0.0000000000  0.0000189446  -0.0027297862
367.5663404700  0.0000000000  0.0000000000  0.0000188153  -0.0027204546
368.8229775314  0.0000000000  0.0000000000  0.0000186873  -0.0027111866
370.0796145929  0.0000000000  0.0000000000  0.0000185606  -0.0027019815
371.3362516543  0.0000000000  0.0000000000  0.0000184352  -0.0026928387
372.5928887157  0.0000000000  0.0000000000  0.0000183111  -0.0026837575
373.8495257772  0.0000000000  0.0000000000  0.0000181882  -0.0026747374
375.1061628386  0.0000000000  0.0000000000  0.0000180665  -0.0026657777
376.3627999001  0.0000000000  0.0000000000  0.0000179461  -0.0026568779
377.6194369615  0.0000000000  0.0000000000  0.0000178269  -0.0026480373
378.8760740229  0.0000000000  0.0000000000  0.0000177088  -0.0026392553
380.1327110844  0.0000000000  0.0000000000  0.0000175919  -0.0026305313
381.3893481458  0.0000000000  0.0000000000  0.0000174762  -0.0026218649
382.6459852072  0.0000000000  0.0000000000  0.0000173616  -0.0026132553
383.9026222687  0.0000000000  0.0000000000  0.0000172481  -0.0026047022
385.1592593301  0.0000000000  0.0000000000  0.0000171358  -0.0025962048
386.4158963915  0.0000000000  0.0000000000  0.0000170245  -0.0025877626
387.6725334530  0.0000000000  0.0000000000  0.0000169143  -0.0025793752
388.9291705144  0.0000000000  0.0000000000  0.0000168052  -0.0025710420
390.1858075759  0.0000000000  0.0000000000  0.0000166971  -0.0025627625
391.4424446373  0.0000000000  0.0000000000  0.0000165901  -0.0025545361
392.6990816987  0.0000000000  0.0000000000  0.0000164841  -0.0025463624
393.9557187602  0.0000000000  0.0000000000  0.0000163791  -0.0025382407
395.2123558216  0.0000000000  0.0000000000  0.0000162751  -0.0025301708
396.4689928830  0.0000000000  0.0000000000  0.0000161721  -0.0025221520
397.7256299445  0.0000000000  0.0000000000  0.0000160701  -0.0025141838
398.9822670059  0.0000000000  0.0000000000  0.0000159690  -0.0025062658
400.2389040673  0.0000000000  0.0000000000  0.0000158689  -0.0024983976
401.4955411288  0.0000000000  0.0000000000  0.0000157698  -0.0024905786
402.7521781902  0.0000000000  0.0000000000  0.0000156715  -0.0024828083
404.0088152516  0.0000000000  0.0000000000  0.0000155742  -0.0024750865
405.2654523131  0.0000000000  0.0000000000  0.0000154777  -0.0024674124
406.5220893745  0.0000000000  0.0000000000  0.0000153822  -0.0024597859
407.7787264360  0.0000000000  0.0000000000  0.0000152876  -0.0024522063
409.0353634974  0.0000000000  0.0000000000  0.0000151938  -0.0024446733
410.2920005588  0.0000000000  0.0000000000  0.0000151009  -0.0024371864
411.5486376203  0.0000000000  0.0000000000  0.0000150088  -0.0024297453
412.8052746817  0.0000000000  0.0000000000  0.0000149175  -0.0024223494
414.0619117431  0.0000000000  0.0000000000  0.0000148271  -0.0024149984
415.3185488046  0.0000000000  0.0000000000  0.0000147376  -0.0024076919
416.5751858660  0.0000000000  0.0000000000  0.0000146488  -0.0024004295
417.8318229274  0.0000000000  0.0000000000  0.0000145608  -0.0023932108
419.0884599889  0.0000000000  0.0000000000  0.0000144736  -0.0023860353
420.3450970503  0.0000000000  0.0000000000  0.0000143872  -0.0023789028
421.6017341118  0.0000000000  0.0000000000  0.0000143016  -0.0023718127
422.8583711732  0.0000000000  0.0000000000  0.0000142167  -0.0023647648
424.1150082346  0.0000000000  0.0000000000  0.0000141326  -0.0023577587
425.3716452961  0.0000000000  0.0000000000  0.0000140492  -0.0023507939
426.6282823575  0.0000000000  0.0000000000  0.0000139666  -0.0023438702
427.8849194189  0.0000000000  0.0000000000  0.0000138847  -0.0023369871
429.1415564804  0.0000000000  0.0000000000  0.0000138035  -0.0023301444
430.3981935418  0.0000000000  0.0000000000  0.0000137230  -0.0023233416
431.6548306032  0.0000000000  0.0000000000  0.0000136432  -0.0023165783
432.9114676647  0.0000000000  0.0000000000  0.0000135641  -0.0023098544
434.1681047261  0.0000000000  0.0000000000  0.0000134857  -0.0023031694
435.4247417875  0.0000000000  0.0000000000  0.0000134080  -0.0022965229
436.6813788490  0.0000000000  0.0000000000  0.0000133309  -0.0022899147
437.9380159104  0.0000000000  0.0000000000  0.0000132545  -0.0022833444
439.1946529719  0.0000000000  0.0000000000  0.0000131788  -0.0022768118
440.4512900333  0.0000000000  0.0000000000  0.0000131037  -0.0022703164
441.7079270947  0.0000000000  0.0000000000  0.0000130293  -0.0022638579
442.9645641562  0.0000000000  0.0000000000  0.0000129555  -0.0022574361
444.2212012176  0.0000000000  0.0000000000  0.0000128823  -0.0022510506
445.4778382790  0.0000000000  0.0000000000  0.0000128097  -0.0022447011
446.7344753405  0.0000000000  0.0000000000  0.0000127377  -0.0022383874
447.9911124019  0.0000000000  0.0000000000  0.0000126664  -0.0022321090
449.2477494633  0.0000000000  0.0000000000  0.0000125956  -0.0022258658
450.5043865248  0.0000000000  0.0000000000  0.0000125254  -0.0022196574
451.7610235862  0.0000000000  0.0000000000  0.0000124559  -0.0022134836
453.0176606476  0.0000000000  0.0000000000  0.0000123869  -0.0022073440
454.2742977091  0.0000000000  0.0000000000  0.0000123184  -0.0022012383
455.5309347705  0.0000000000  0.0000000000  0.0000122506  -0.0021951664
456.7875718320  0.0000000000  0.0000000000  0.0000121833  -0.0021891278
458.0442088934  0.0000000000  0.0000000000  0.0000121165  -0.0021831224
459.3008459548  0.0000000000  0.0000000000  0.0000120503  -0.0021771498
460.5574830163  0.0000000000  0.0000000000  0.0000119846  -0.0021712099
461.8141200777  0.0000000000  0.0000000000  0.0000119195  -0.0021653022
463.0707571391  0.0000000000  0.0000000000  0.0000118549  -0.0021594266
464.3273942006  0.0000000000  0.0000000000  0.0000117908  -0.0021535828
465.5840312620  0.0000000000  0.0000000000  0.0000117273  -0.0021477706
466.8406683234  0.0000000000  0.0000000000  0.0000116642  -0.0021419896
468.0973053849  0.0000000000  0.0000000000  0.0000116017  -0.0021362397
469.3539424463  0.0000000000  0.0000000000  0.0000115396  -0.0021305205
470.6105795078  0.0000000000  0.0000000000  0.0000114781  -0.0021248319
471.8672165692  0.0000000000  0.0000000000  0.0000114170  -0.0021191736
473.1238536306  0.0000000000  0.0000000000  0.0000113565  -0.0021135454
474.3804906921  0.0000000000  0.0000000000  0.0000112964  -0.0021079469
475.6371277535  0.0000000000  0.0000000000  0.0000112368  -0.0021023781
476.8937648149  0.0000000000  0.0000000000  0.0000111776  -0.0020968386
478.1504018764  0.0000000000  0.0000000000  0.0000111190  -0.0020913282
479.4070389378  0.0000000000  0.0000000000  0.0000110608  -0.0020858467
480.6636759992  0.0000000000  0.0000000000  0.0000110030  -0.0020803938
481.9203130607  0.0000000000  0.0000000000  0.0000109457  -0.0020749694
483.1769501221  0.0000000000  0.0000000000  0.0000108888  -0.0020695732
484.4335871835  0.0000000000  0.0000000000  0.0000108324  -0.0020642050
485.6902242450  0.0000000000  0.0000000000  0.0000107764  -0.0020588645
486.9468613064  0.0000000000  0.0000000000  0.0000107209  -0.0020535517
488.2034983679  0.0000000000  0.0000000000  0.0000106658  -0.0020482661
489.4601354293  0.0000000000  0.0000000000  0.0000106111  -0.0020430078
490.7167724907  0.0000000000  0.0000000000  0.0000105568  -0.0020377763
491.9734095522  0.0000000000  0.0000000000  0.0000105029  -0.0020325716
493.2300466136  0.0000000000  0.0000000000  0.0000104495  -0.0020273933
494.4866836750  0.0000000000  0.0000000000  0.0000103965  -0.0020222414
495.7433207365  0.0000000000  0.0000000000  0.0000103438  -0.0020171156
496.9999577979  0.0000000000  0.0000000000  0.0000102916  -0.0020120158
498.2565948593  0.0000000000  0.0000000000  0.0000102397  -0.0020069416
499.5132319208  0.0000000000  0.0000000000  0.0000101883  -0.0020018930
500.7698689822  0.0000000000  0.0000000000  0.0000101372  -0.0019968697
502.0265060436  0.0000000000  0.0000000000  0.0000100865  -0.0019918716
503.2831431051  0.0000000000  0.0000000000  0.0000100362  -0.0019868984
504.5397801665  0.0000000000  0.0000000000  0.0000099863  -0.0019819500
505.7964172280  0.0000000000  0.0000000000  0.0000099367  -0.0019770262
507.0530542894  0.0000000000  0.0000000000  0.0000098875  -0.0019721268
508.3096913508  0.0000000000  0.0000000000  0.0000098387  -0.0019672516
509.5663284123  0.0000000000  0.0000000000  0.0000097903  -0.0019624004
510.8229654737  0.0000000000  0.0000000000  0.0000097421  -0.0019575731
512.0796025351  0.0000000000  0.0000000000  0.0000096944  -0.0019527696
513.3362395966  0.0000000000  0.0000000000  0.0000096470  -0.0019479895
514.5928766580  0.0000000000  0.0000000000  0.0000095999  -0.0019432327
515.8495137194  0.0000000000  0.0000000000  0.0000095532  -0.0019384992
517.1061507809  0.0000000000  0.0000000000  0.0000095068  -0.0019337886
518.3627878423  0.0000000000  0.0000000000  0.0000094608  -0.0019291009
519.6194249038  0.0000000000  0.0000000000  0.0000094151  -0.0019244359
520.8760619652  0.0000000000  0.0000000000  0.0000093697  -0.0019197933
522.1326990266  0.0000000000  0.0000000000  0.0000093247  -0.0019151731
523.3893360881  0.0000000000  0.0000000000  0.0000092800  -0.0019105751
524.6459731495  0.0000000000  0.0000000000  0.0000092356  -0.0019059991
525.9026102109  0.0000000000  0.0000000000  0.0000091915  -0.0019014450
527.1592472724  0.0000000000  0.0000000000  0.0000091477  -0.0018969126
528.4158843338  0.0000000000  0.0000000000  0.0000091043  -0.0018924017
529.6725213952  0.0000000000  0.0000000000  0.0000090611  -0.0018879123
530.9291584567  0.0000000000  0.0000000000  0.0000090183  -0.0018834441
532.1857955181  0.0000000000  0.0000000000  0.0000089757  -0.0018789970
533.4424325795  0.0000000000  0.0000000000  0.0000089335  -0.0018745708
534.6990696410  0.0000000000  0.0000000000  0.0000088916  -0.0018701655
535.9557067024  0.0000000000  0.0000000000  0.0000088499  -0.0018657808
537.2123437639  0.0000000000  0.0000000000  0.0000088086  -0.0018614166
538.4689808253  0.0000000000  0.0000000000  0.0000087675  -0.0018570728
539.7256178867  0.0000000000  0.0000000000  0.0000087267  -0.0018527492
540.9822549482  0.0000000000  0.0000000000  0.0000086862  -0.0018484457
542.2388920096  0.0000000000  0.0000000000  0.0000086460  -0.0018441621
543.4955290710  0.0000000000  0.0000000000  0.0000086061  -0.0018398984
544.7521661325  0.0000000000  0.0000000000  0.0000085664  -0.0018356543
546.0088031939  0.0000000000  0.0000000000  0.0000085270  -0.0018314298
547.2654402553  0.0000000000  0.0000000000  0.0000084879  -0.0018272246
548.5220773168  0.0000000000  0.0000000000  0.0000084491  -0.0018230387
549.7787143782  0.0000000000  0.0000000000  0.0000084105  -0.0018188720
551.0353514396  0.0000000000  0.0000000000  0.0000083722  -0.0018147242
552.2919885011  0.0000000000  0.0000000000  0.0000083341  -0.0018105954
553.5486255625  0.0000000000  0.0000000000  0.0000082963  -0.0018064853
554.8052626240  0.0000000000  0.0000000000  0.0000082588  -0.0018023937
556.0618996854  0.0000000000  0.0000000000  0.0000082215  -0.0017983207
557.3185367468  0.0000000000  0.0000000000  0.0000081845  -0.0017942661
558.5751738083  0.0000000000  0.0000000000  0.0000081477  -0.0017902297
559.8318108697  0.0000000000  0.0000000000  0.0000081112  -0.0017862114
561.0884479311  0.0000000000  0.0000000000  0.0000080749  -0.0017822111
562.3450849926  0.0000000000  0.0000000000  0.0000080388  -0.0017782287
563.6017220540  0.0000000000  0.0000000000  0.0000080030  -0.0017742640
564.8583591154  0.0000000000  0.0000000000  0.0000079674  -0.0017703170
566.1149961769  0.0000000000  0.0000000000  0.0000079321  -0.0017663875
567.3716332383  0.0000000000  0.0000000000  0.0000078970  -0.0017624754
568.6282702998  0.0000000000  0.0000000000  0.0000078622  -0.0017585806
569.8849073612  0.0000000000  0.0000000000  0.0000078275  -0.0017547030
571.1415444226  0.0000000000  0.0000000000  0.0000077931  -0.0017508424
572.3981814841  0.0000000000  0.0000000000  0.0000077589  -0.0017469988
573.6548185455  0.0000000000  0.0000000000  0.0000077250  -0.0017431721
574.9114556069  0.0000000000  0.0000000000  0.0000076912  -0.0017393620
576.1680926684  0.0000000000  0.0000000000  0.0000076577  -0.0017355686
577.4247297298  0.0000000000  0.0000000000  0.0000076244  -0.0017317917
578.6813667912  0.0000000000  0.0000000000  0.0000075914  -0.0017280312
579.9380038527  0.0000000000  0.0000000000  0.0000075585  -0.0017242869
581.1946409141  0.0000000000  0.0000000000  0.0000075258  -0.0017205589
582.4512779755  0.0000000000  0.0000000000  0.0000074934  -0.0017168470
583.7079150370  0.0000000000  0.0000000000  0.0000074612  -0.0017131510
584.9645520984  0.0000000000  0.0000000000  0.0000074292  -0.0017094709
586.2211891599  0.0000000000  0.0000000000  0.0000073973  -0.0017058066
587.4778262213  0.0000000000  0.0000000000  0.0000073657  -0.0017021580
588.7344632827  0.0000000000  0.0000000000  0.0000073343  -0.0016985249
589.9911003442  0.0000000000  0.0000000000  0.0000073031  -0.0016949074
591.2477374056  0.0000000000  0.0000000000  0.0000072721  -0.0016913051
592.5043744670  0.0000000000  0.0000000000  0.0000072413  -0.0016877182
593.7610115285  0.0000000000  0.0000000000  0.0000072107  -0.0016841465
595.0176485899  0.0000000000  0.0000000000  0.0000071802  -0.0016805898
596.2742856513  0.0000000000  0.0000000000  0.0000071500  -0.0016770482
597.5309227128  0.0000000000  0.0000000000  0.0000071200  -0.0016735214
598.7875597742  0.0000000000  0.0000000000  0.0000070901  -0.0016700094
600.0441968357  0.0000000000  0.0000000000  0.0000070605  -0.0016665121
601.3008338971  0.0000000000  0.0000000000  0.0000070310  -0.0016630295
602.5574709585  0.0000000000  0.0000000000  0.0000070017  -0.0016595614
603.8141080200  0.0000000000  0.0000000000  0.0000069726  -0.0016561077
605.0707450814  0.0000000000  0.0000000000  0.0000069436  -0.0016526684
606.3273821428  0.0000000000  0.0000000000  0.0000069149  -0.0016492433
607.5840192043  0.0000000000  0.0000000000  0.0000068863  -0.0016458324
608.8406562657  0.0000000000  0.0000000000  0.0000068579  -0.0016424355
610.0972933271  0.0000000000  0.0000000000  0.0000068297  -0.0016390527
611.3539303886  0.0000000000  0.0000000000  0.0000068017  -0.0016356837
612.6105674500  0.0000000000  0.0000000000  0.0000067738  -0.0016323286
613.8672045114  0.0000000000  0.0000000000  0.0000067461  -0.0016289872
615.1238415729  0.0000000000  0.0000000000  0.0000067185  -0.0016256595
616.3804786343  0.0000000000  0.0000000000  0.0000066912  -0.0016223453
617.6371156958  0.0000000000  0.0000000000  0.0000066640  -0.0016190447
618.8937527572  0.0000000000  0.0000000000  0.0000066369  -0.0016157574
620.1503898186  0.0000000000  0.0000000000  0.0000066101  -0.0016124834
621.4070268801  0.0000000000  0.0000000000  0.0000065834  -0.0016092227
622.6636639415  0.0000000000  0.0000000000  0.0000065568  -0.0016059752
623.9203010029  0.0000000000  0.0000000000  0.0000065304  -0.0016027407
625.1769380644  0.0000000000  0.0000000000  0.0000065042  -0.0015995192
626.4335751258  0.0000000000  0.0000000000  0.0000064781  -0.0015963107
627.6902121872  0.0000000000  0.0000000000  0.0000064522  -0.0015931150
628.9468492487  0.0000000000  0.0000000000  0.0000000000  0.0000000000
-627.6902121872  0.0000000000  3.1415926536  32.7400000000  0.0000000000
-626.4335751258  0.0000000000  3.1415926536  0.0000000000  0.0000000000
-625.1769380644  0.0000000000  3.1415926536  0.0000000000  0.0000000000
-623.9203010029  0.0000000000  3.1415926536  0.0000000000  0.0000000000
-622.6636639415  0.0000000000  3.1415926536  0.0000000000  0.0000000000
-621.4070268801  0.0000000000  3.1415926536  0.0000000000  0.0000000000
-620.1503898186  0.0000000000  3.1415926536  0.0000000000  0.0000000000
-618.8937527572  0.0000000000  3.1415926536  0.0000000000  0.0000000000
-617.6371156958  0.0000000000  3.1415926536  0.0000000000  0.0000000000
-616.3804786343  0.0000000000  3.1415926536  0.0000000000  0.0000000000
-615.1238415729  0.0000000000  3.1415926536  0.0000000000  0.0000000000
-613.8672045114  0.0000000000  3.1415926536  0.0000000000  0.0000000000
-612.6105674500  0.0000000000  3.1415926536  0.0000000000  0.0000000000
-611.3539303886  0.0000000000  3.1415926536  0.0000000000  0.0000000000
-610.0972933271  0.0000000000  3.1415926536  0.0000000000  0.0000000000
-608.8406562657  0.0000000000  3.1415926536  0.0000000000  0.0000000000
-607.5840192043  0.0000000000  3.1415926536  0.0000000000  0.0000000000
-606.3273821428  0.0000000000  3.1415926536  0.0000000000  0.0000000000
-605.0707450814  0.0000000000  3.1415926536  0.0000000000  0.0000000000
-603.8141080200  0.0000000000  3.1415926536  0.0000000000  0.0000000000
-602.5574709585  0.0000000000  3.1415926536  0.0000000000  0.0000000000
-601.3008338971  0.0000000000  3.1415926536  0.0000000000  0.0000000000
-600.0441968357  0.0000000000  3.1415926536  0.0000000000  0.0000000000
-598.7875597742  0.0000000000  3.1415926536  0.0000000000  0.0000000000
-597.5309227128  0.0000000000  3.1415926536  0.0000000000  0.0000000000
-596.2742856513  0.0000000000  3.1415926536  -nan  0.0163524598
-595.0176485899  0.0000000000  3.1415926536  0.0000000000  0.0000000000
-593.7610115285  0.0000000000  3.1415926536  0.0000000000  0.0000000000
-592.5043744670  0.0000000000  3.1415926536  0.0000000000  0.0000000000
-591.2477374056  0.0000000000  3.1415926536  30.1100000000  0.0000000000
-589.9911003442  0.0000000000  3.1415926536  0.0066470914  0.0000000000
-588.7344632827  0.0000000000  3.1415926536  0.0000000000  0.0000000000
-587.4778262213  0.0000000000  3.1415926536  0.0000000000  0.0000000000
-586.2211891599  0.0000000000  3.1415926536  0.0000000000  0.0000000000
-584.9645520984  0.0000000000  3.1415926536  0.0000000000  0.0000000000
-583.7079150370  0.0000000000  3.1415926536  0.0000000000  0.0000000000
-582.4512779755  0.0000000000  3.1415926536  0.0000000000  0.0000000000
-581.1946409141  0.0000000000  3.1415926536  0.0000000000  0.0000000000
-579.9380038527  0.0000000000  3.1415926536  0.0000000000  0.0000000000
-578.6813667912  0.0000000000  3.1415926536  0.0000000000  0.0000000000
-577.4247297298  0.0000000000  3.1415926536  0.0000000000  0.0000000000
-576.1680926684  0.0000000000  3.1415926536  0.0000000000  0.0000000000
-574.9114556069  0.0000000000  3.1415926536  0.0000000000  0.0000000000
-573.6548185455  0.0000000000  3.1415926536  0.0000000000  0.0000000000
-572.3981814841  0.0000000000  3.1415926536  0.0000000000  0.0000000000
-571.1415444226  0.0000000000  3.1415926536  0.0000000000  0.0000000000
-569.8849073612  0.0000000000  3.1415926536  0.0000000000  0.0000000000
-568.6282702998  0.0000000000  3.1415926536  0.0000000000  0.0000000000
-567.3716332383  0.0000000000  3.1415926536  0.0000000000  0.0000000000
-566.1149961769  0.0000000000  3.1415926536  0.0000000000  0.0000000000
-564.8583591154  0.0000000000  3.1415926536  0.0000000000  0.0000000000
-563.6017220540  0.0000000000  3.1415926536  0.0000000000  0.0000000000
-562.3450849926  0.0000000000  3.1415926536  0.0000000000  0.0000000000
-561.0884479311  0.0000000000  3.1415926536  0.0000000000  0.0000000000
-559.8318108697  0.0000000000  3.1415926536  -nan  0.0307417065
-558.5751738083  0.0000000000  3.1415926536  0.0000000000  0.0000000000
-557.3185367468  0.0000000000  3.1415926536  0.0000000000  0.0000000000
-556.0618996854  0.0000000000  3.1415926536  0.0000000000  0.0000000000
-554.8052626240  0.0000000000  3.1415926536  28.3950000000  0.0000000000
-553.5486255625  0.0000000000  3.1415926536  -0.0074582286  0.0000000000
-552.2919885011  0.0000000000  3.1415926536  0.0000000000  0.0000000000
-551.0353514396  0.0000000000  3.1415926536  0.0000000000  0.0000000000
-549.7787143782  0.0000000000  3.1415926536  0.0000000000  0.0000000000
-548.5220773168  0.0000000000  3.1415926536  0.0000000000  0.0000000000
-547.2654402553  0.0000000000  3.1415926536  0.0000000000  0.0000000000
-546.0088031939  0.0000000000  3.1415926536  0.0000000000  0.0000000000
-544.7521661325  0.0000000000  3.1415926536  0.0000000000  0.0000000000
-543.4955290710  0.0000000000  3.1415926536  0.0000000000  0.0000000000
-542.2388920096  0.0000000000  3.1415926536  0.0000000000  0.0000000000
-540.9822549482  0.0000000000  3.1415926536  0.0000000000  0.0000000000
-539.7256178867  0.0000000000  3.1415926536  0.0000000000  0.0000000000
-538.4689808253  0.0000000000  3.1415926536  0.0000000000  0.0000000000
-537.2123437639  0.0000000000  3.1415926536  0.0000000000  0.0000000000
-535.9557067024  0.0000000000  3.1415926536  0.0000000000  0.0000000000
-534.6990696410  0.0000000000  3.1415926536  0.0000000000  0.0000000000
-533.4424325795  0.0000000000  3.1415926536  0.0000000000  0.0000000000
-532.1857955181  0.0000000000  3.1415926536  0.0000000000  0.0000000000
-530.9291584567  0.0000000000  3.1415926536  0.0000000000  0.0000000000
-529.6725213952  0.0000000000  3.1415926536  0.0000000000  0.0000000000
-528.4158843338  0.0000000000  3.1415926536  0.0000000000  0.0000000000
-527.1592472724  0.0000000000  3.1415926536  0.0000000000  0.0000000000
-525.9026102109  0.0000000000  3.1415926536  0.0000000000  0.0000000000
-524.6459731495  0.0000000000  3.1415926536  0.0000000000  0.0000000000
-523.3893360881  0.0000000000  3.1415926536  -nan  0.2244293690
-522.1326990266  0.0000000000  3.1415926536  0.0000000000  0.0000000000
-520.8760619652  0.0000000000  3.1415926536  0.0000000000  0.0000000000
-519.6194249038  0.0000000000  3.1415926536  0.0000000000  0.0000000000
-518.3627878423  0.0000000000  3.1415926536  -0.0964436958  0.0000000000
-517.1061507809  0.0000000000  3.1415926536  -6.4611246220  -5.6350265859
-515.8495137194  0.0000000000  3.1415926536  -4.5916371429  -2.8175132929
-514.5928766580  0.0000000000  3.1415926536  -1.9158254503  -1.1479092857
-513.3362395966  0.0000000000  3.1415926536  -0.4437355306  -0.0002190589
-512.0796025351  0.0000000000  3.1415926536  0.3743968187  0.7677202206
-510.8229654737  0.0000000000  3.1415926536  1.9158254503  3.0708808824
-509.5663284123  0.0000000000  3.1415926536  4.5916371429  5.8204684715
-508.3096913508  0.0000000000  3.1415926536  6.5444950573  0.0000000000
-507.0530542894  0.0000000000  3.1415926536  0.0000000000  0.0000000000
-505.7964172280  0.0000000000  3.1415926536  0.0000000000  0.0000000000
-504.5397801665  0.0000000000  3.1415926536  0.0000000000  0.0000000000
-503.2831431051  0.0000000000  3.1415926536  0.0000000000  0.0000000000
-502.0265060436  0.0000000000  3.1415926536  0.0000000000  0.0000000000
-500.7698689822  0.0000000000  3.1415926536  0.0000000000  0.0000000000
-499.5132319208  0.0000000000  3.1415926536  0.0000000000  0.0000000000
-498.2565948593  0.0000000000  3.1415926536  0.0000000000  0.0000000000
-496.9999577979  0.0000000000  3.1415926536  0.0000000000  0.0000000000
-495.7433207365  0.0000000000  3.1415926536  0.0000000000  0.0000000000
-494.4866836750  0.0000000000  3.1415926536  0.0000000000  0.0000000000
-493.2300466136  0.0000000000  3.1415926536  0.0000000000  0.0000000000
-491.9734095522  0.0000000000  3.1415926536  0.0000000000  0.0000000000
-490.7167724907  0.0000000000  3.1415926536  0.0000000000  0.0000000000
-489.4601354293  0.0000000000  3.1415926536  0.0000000000  0.0000000000
-488.2034983679  0.0000000000  3.1415926536  0.0000000000  0.0000000000
-486.9468613064  0.0000000000  3.1415926536  0.0000000000  0.0000000000
-485.6902242450  0.0000000000  3.1415926536  0.0000000000  0.0000000000
-484.4335871835  0.0000000000  3.1415926536  0.0000000000  0.0000000000
-483.1769501221  0.0000000000  3.1415926536  0.0000000000  0.0000000000
-481.9203130607  0.0000000000  3.1415926536  0.0000000000  0.0000000000
-480.6636759992  0.0000000000  3.1415926536  0.0000000000  0.0000000000
-479.4070389378  0.0000000000  3.1415926536  0.0000000000  0.0000000000
-478.1504018764  0.0000000000  3.1415926536  0.0000000000  0.0000000000
-476.8937648149  0.0000000000  3.1415926536  0.0000000000  0.0000000000
-475.6371277535  0.0000000000  3.1415926536  0.0000000000  0.0000000000
-474.3804906921  0.0000000000  3.1415926536  0.0000000000  0.0000000000
-473.1238536306  0.0000000000  3.1415926536  6.4611246220  -0.0000000000
-471.8672165692  0.0000000000  3.1415926536  -0.0000000000  -0.0000000000
-470.6105795078  0.0000000000  3.1415926536  -0.0000000000  0.0000000000
-469.3539424463  0.0000000000  3.1415926536  5.6350265859  -0.0000000000
-468.0973053849  0.0000000000  3.1415926536  -0.0000000000  -0.0000000000
-466.8406683234  0.0000000000  3.1415926536  -0.0000000000  0.0000000000
-465.5840312620  0.0000000000  3.1415926536  4.5916371429  -0.0000000000
-464.3273942006  0.0000000000  3.1415926536  -0.0000000000  -0.0000000000
-463.0707571391  0.0000000000  3.1415926536  -0.0000000000  0.0000000000
-461.8141200777  0.0000000000  3.1415926536  2.8175132929  -0.0000000000
-460.5574830163  0.0000000000  3.1415926536  -0.0000000000  -0.0000000000
-459.3008459548  0.0000000000  3.1415926536  -0.0000000000  0.0000000000
-458.0442088934  0.0000000000  3.1415926536  1.9158254503  -0.0000000000
-456.7875718320  0.0000000000  3.1415926536  -0.0000000000  -0.0000000000
-455.5309347705  0.0000000000  3.1415926536  -0.0000000000  0.0000000000
-454.2742977091  0.0000000000  3.1415926536  1.1479092857  -0.0000000000
-453.0176606476  0.0000000000  3.1415926536  -0.0000000000  -0.0000000000
-451.7610235862  0.0000000000  3.1415926536  -0.0000000000  0.0000000000
-450.5043865248  0.0000000000  3.1415926536  0.4437355306  -0.0000000000
-449.2477494633  0.0000000000  3.1415926536  -0.0000000000  -0.0000000000
-447.9911124019  0.0000000000  3.1415926536  -0.0000000000  0.0000000000
-446.7344753405  0.0000000000  3.1415926536  0.0002190589  -0.0000000000
-445.4778382790  0.0000000000  3.1415926536  -0.0000000000  -0.0000000000
-444.2212012176  0.0000000000  3.1415926536  -0.0000000000  0.0000000000
-442.9645641562  0.0000000000  3.1415926536  -0.3743968187  0.0000000000
-441.7079270947  0.0000000000  3.1415926536  0.0000000000  0.0000000000
-440.4512900333  0.0000000000  3.1415926536  0.0000000000  0.0000000000
-439.1946529719  0.0000000000  3.1415926536  -0.7677202206  0.0000000000
-437.9380159104  0.0000000000  3.1415926536  0.0000000000  0.0000000000
-436.6813788490  0.0000000000  3.1415926536  0.0000000000  0.0000000000
-435.4247417875  0.0000000000  3.1415926536  -1.9158254503  0.0000000000
-434.1681047261  0.0000000000  3.1415926536  0.0000000000  0.0000000000
-432.9114676647  0.0000000000  3.1415926536  0.0000000000  0.0000000000
-431.6548306032  0.0000000000  3.1415926536  -3.0708808824  0.0000000000
-430.3981935418  0.0000000000  3.1415926536  0.0000000000  0.0000000000
-429.1415564804  0.0000000000  3.1415926536  0.0000000000  0.0000000000
-427.8849194189  0.0000000000  3.1415926536  -4.5916371429  0.0000000000
-426.6282823575  0.0000000000  3.1415926536  0.0000000000  0.0000000000
-425.3716452961  0.0000000000  3.1415926536  0.0000000000  0.0000000000
-424.1150082346  0.0000000000  3.1415926536  -5.8204684715  0.0000000000
-422.8583711732  0.0000000000  3.1415926536  0.0000000000  0.0000000000
-421.6017341118  0.0000000000  3.1415926536  0.0000000000  0.0000000000
-420.3450970503  0.0000000000  3.1415926536  -6.5444950573  0.0000000000
-419.0884599889  0.0000000000  3.1415926536  0.0000000000  0.0000000000
-417.8318229274  0.0000000000  3.1415926536  0.0000000000  0.0000000000
-416.5751858660  0.0000000000  3.1415926536  0.0000000000  0.0000000000
-415.3185488046  0.0000000000  3.1415926536  0.0000000000  0.0000000000
-414.0619117431  0.0000000000  3.1415926536  0.0014606005  0.0083473988
-412.8052746817  0.0000000000  3.1415926536  0.9405853785  0.3395572791
-411.5486376203  0.0000000000  3.1415926536  1.0060380014  0.1272344946
-410.2920005588  0.0000000000  3.1415926536  0.9797050690  0.2534319103
-409.0353634974  0.0000000000  3.1415926536  0.9969337685  0.1909825353
-407.7787264360  0.0000000000  3.1415926536  1.0075312695  0.0793505335
-406.5220893745  0.0000000000  3.1415926536  1.0000020495  0.1749650138
-405.2654523131  0.0000000000  3.1415926536  0.9616614973  0.2984928086
-404.0088152516  0.0000000000  3.1415926536  1.0027522275  0.1574484350
-402.7521781902  0.0000000000  3.1415926536  1.0048191255  0.0344613490
-401.4955411288  0.0000000000  3.1415926536  0.9930138837  0.2082837455
-400.2389040673  0.0000000000  3.1415926536  0.9497695577  0.3227787350
-398.9822670059  0.0000000000  3.1415926536  1.0023135814  0.0144453644
-397.7256299445  0.0000000000  3.1415926536  0.0062275379  0.0163524671
-396.4689928830  0.0000000000  3.1415926536  -0.0065324697  -0.0011430302
-395.2123558216  0.0000000000  3.1415926536  0.3039802285  -0.2495791901
-393.9557187602  0.0000000000  3.1415926536  0.7462148941  -0.2183209765
-392.6990816987  0.0000000000  3.1415926536  0.5239144613  -0.2768399280
-391.4424446373  0.0000000000  3.1415926536  0.1625553428  -0.1796933776
-390.1858075759  0.0000000000  3.1415926536  0.4666400757  -0.2779029732
-388.9291705144  0.0000000000  3.1415926536  0.8912936495  -0.1226658930
-387.6725334530  0.0000000000  3.1415926536  0.4051811446  -0.2728208057
-386.4158963915  0.0000000000  3.1415926536  0.0582881594  -0.0853264871
-385.1592593301  0.0000000000  3.1415926536  0.5862752435  -0.2693717611
-383.9026222687  0.0000000000  3.1415926536  0.9589169621  -0.0538936684
-382.6459852072  0.0000000000  3.1415926536  0.0220277546  -0.0367917584
-381.3893481458  0.0000000000  3.1415926536  0.0167659865  0.0233071734
-380.1327110844  0.0000000000  3.1415926536  -0.0246217079  -0.0043082259
-378.8760740229  0.0000000000  3.1415926536  0.0013051058  0.0036543819
-377.6194369615  0.0000000000  3.1415926536  0.4986424942  0.6461315467
-376.3627999001  0.0000000000  3.1415926536  0.9806221572  0.4857353165
-375.1061628386  0.0000000000  3.1415926536  0.6718355331  -0.2281255142
-373.8495257772  0.0000000000  3.1415926536  1.0423927839  0.3721740656
-372.5928887157  0.0000000000  3.1415926536  0.1444561245  0.4062646453
-371.3362516543  0.0000000000  3.1415926536  1.0666965067  0.2338026310
-370.0796145929  0.0000000000  3.1415926536  0.2686248255  -0.1890047021
-368.8229775314  0.0000000000  3.1415926536  0.8768744488  0.5826131635
-367.5663404700  0.0000000000  3.1415926536  0.0322366202  0.1795180661
-366.3097034086  0.0000000000  3.1415926536  0.1038398309  -0.0935835888
-365.0530663471  0.0000000000  3.1415926536  0.0226672642  0.0245084098
-363.7964292857  0.0000000000  3.1415926536  -0.0356657526  -0.0062406767
-362.5397922243  0.0000000000  3.1415926536  0.0034445019  0.0082362471
-361.2831551628  0.0000000000  3.1415926536  -0.0007383531  -0.0006543583
-360.0265181014  0.0000000000  3.1415926536  0.5189733920  -0.5026047967
-358.7698810400  0.0000000000  3.1415926536  0.1601981735  0.2700148653
-357.5132439785  0.0000000000  3.1415926536  0.3091990125  -0.4522249812
-356.2566069171  0.0000000000  3.1415926536  0.5707791133  0.3205048586
-354.9999698556  0.0000000000  3.1415926536  0.1262814683  -0.3157182396
-353.7433327942  0.0000000000  3.1415926536  0.2132156342  0.1390778418
-352.4866957328  0.0000000000  3.1415926536  0.7458071741  -0.4593453767
-351.2300586713  0.0000000000  3.1415926536  0.2147479219  0.2072023388
-349.9734216099  0.0000000000  3.1415926536  0.1159434929  0.0478840581
-348.7167845485  0.0000000000  3.1415926536  0.0307972592  0.0237848304
-347.4601474870  0.0000000000  3.1415926536  -0.0516883986  -0.0090442668
-346.2035104256  0.0000000000  3.1415926536  0.0099145153  0.0186749740
-344.9468733642  0.0000000000  3.1415926536  -0.0043973397  -0.0042448132
-343.6902363027  0.0000000000  3.1415926536  -0.0002701913  0.0004751531
-342.4335992413  0.0000000000  3.1415926536  0.4663869712  0.8605595733
-341.1769621799  0.0000000000  3.1415926536  0.9067316650  -0.3005191179
-339.9203251184  0.0000000000  3.1415926536  0.1722240561  -0.4689298233
-338.6636880570  0.0000000000  3.1415926536  0.5623949903  -0.4435687501
-337.4070509955  0.0000000000  3.1415926536  0.7710702515  0.3504546692
-336.1504139341  0.0000000000  3.1415926536  0.8113501655  0.2891805584
-334.8937768727  0.0000000000  3.1415926536  0.2081687455  -0.2453600364
-333.6371398112  0.0000000000  3.1415926536  0.4167956322  0.0727641837
-332.3805027498  0.0000000000  3.1415926536  0.0404753743  0.0187555634
-331.1238656884  0.0000000000  3.1415926536  -0.0721773315  -0.0126293533
-329.8672286269  0.0000000000  3.1415926536  0.0330146330  0.0408369752
-328.6105915655  0.0000000000  3.1415926536  -0.0214076168  -0.0229507019
-327.3539545041  0.0000000000  3.1415926536  -0.0055690800  0.0073762806
-326.0973174426  0.0000000000  3.1415926536  0.0017918501  0.0026444614
-324.8406803812  0.0000000000  3.1415926536  0.1876404447  -0.1100700477
-323.5840433197  0.0000000000  3.1415926536  -0.3876279623  0.1737779239
-322.3274062583  0.0000000000  3.1415926536  0.1537830492  -0.2951667225
-321.0707691969  0.0000000000  3.1415926536  0.6341885752  -0.6921773763
-319.8141321354  0.0000000000  3.1415926536  -0.1707782603  -0.0987575925
-318.5574950740  0.0000000000  3.1415926536  -0.2940971484  -0.0038015360
-317.3008580126  0.0000000000  3.1415926536  0.1994776534  -0.4336402501
-316.0442209511  0.0000000000  3.1415926536  0.0480206838  0.0074173082
-314.7875838897  0.0000000000  3.1415926536  -0.0906696358  -0.0158650762
-313.5309468283  0.0000000000  3.1415926536  0.1210394628  0.0465803438
-312.2743097668  0.0000000000  3.1415926536  -0.1007456990  -0.0962778159
-311.0176727054  0.0000000000  3.1415926536  -0.1297227114  0.0967880921
-309.7610356440  0.0000000000  3.1415926536  0.0956302489  0.1043155182
-308.5043985825  0.0000000000  3.1415926536  0.0250999218  0.0395102360
-307.2477615211  0.0000000000  3.1415926536  -0.0925052833  -0.9418239218
-305.9911244596  0.0000000000  3.1415926536  0.4437634658  -0.9496191174
-304.7344873982  0.0000000000  3.1415926536  0.0414942053  0.3854698639
-303.4778503368  0.0000000000  3.1415926536  0.2835088708  -0.7160829805
-302.2212132753  0.0000000000  3.1415926536  0.2219428758  -0.5689962911
-300.9645762139  0.0000000000  3.1415926536  0.1072718986  0.2269550595
-299.7079391525  0.0000000000  3.1415926536  0.0480206838  -0.0074173082
-298.4513020910  0.0000000000  3.1415926536  -0.0957068378  -0.0167464693
-297.1946650296  0.0000000000  3.1415926536  0.1209031751  -0.0954025430
-295.9380279682  0.0000000000  3.1415926536  -0.1922256658  -0.0763987518
-294.6813909067  0.0000000000  3.1415926536  -0.1610208963  -0.2769193279
-293.4247538453  0.0000000000  3.1415926536  -0.1590660651  0.3888500386
-292.1681167839  0.0000000000  3.1415926536  0.1488531890  -0.2347047550
-290.9114797224  0.0000000000  3.1415926536  0.4021542972  0.3214053835
-289.6548426610  0.0000000000  3.1415926536  0.4818072364  -0.3809603239
-288.3982055995  0.0000000000  3.1415926536  -0.3772913581  0.1629258946
-287.1415685381  0.0000000000  3.1415926536  0.3790184623  0.5252736140
-285.8849314767  0.0000000000  3.1415926536  0.5894249494  0.2734493542
-284.6282944152  0.0000000000  3.1415926536  -0.2012328875  0.1758561431
-283.3716573538  0.0000000000  3.1415926536  0.0404753743  -0.0187555634
-282.1150202924  0.0000000000  3.1415926536  -0.0849145076  -0.0148580627
-280.8583832309  0.0000000000  3.1415926536  0.0326700129  -0.0819879258
-279.6017461695  0.0000000000  3.1415926536  -0.1001120898  -0.0332710347
-278.3451091081  0.0000000000  3.1415926536  -0.0187327376  -0.0753753189
-277.0884720466  0.0000000000  3.1415926536  -0.0257143291  0.1042487051
-275.8318349852  0.0000000000  3.1415926536  0.0144313819  -0.0324512267
-274.5751979237  0.0000000000  3.1415926536  0.0721591920  0.0878604521
-273.3185608623  0.0000000000  3.1415926536  -0.0407661034  -0.0299677129
-272.0619238009  0.0000000000  3.1415926536  -0.2894512949  -0.5609296750
-270.8052867394  0.0000000000  3.1415926536  0.3446997401  0.5490803895
-269.5486496780  0.0000000000  3.1415926536  -0.0912893306  0.0184480702
-268.2920126166  0.0000000000  3.1415926536  -0.2651903638  -0.2962476984
-267.0353755551  0.0000000000  3.1415926536  0.0307972592  -0.0237848304
-265.7787384937  0.0000000000  3.1415926536  -0.0678410232  -0.0118706002
-264.5221014323  0.0000000000  3.1415926536  0.0094774860  -0.0499862717
-263.2654643708  0.0000000000  3.1415926536  -0.0479289083  -0.0187706383
-262.0088273094  0.0000000000  3.1415926536  -0.0031402863  -0.0274413896
-260.7521902480  0.0000000000  3.1415926536  -0.0043178995  0.0358209912
-259.4955531865  0.0000000000  3.1415926536  0.0027896174  -0.0091306746
-258.2389161251  0.0000000000  3.1415926536  0.0198979321  0.0316091902
-256.9822790636  0.0000000000  3.1415926536  -0.0157858452  -0.0126604855
-255.7256420022  0.0000000000  3.1415926536  0.0018272132  0.0049085447
-254.4690049408  0.0000000000  3.1415926536  0.2552021056  -0.5409826929
-253.2123678793  0.0000000000  3.1415926536  0.1934193593  0.0371053173
-251.9557308179  0.0000000000  3.1415926536  0.6698286982  -0.1262691606
-250.6990937565  0.0000000000  3.1415926536  0.0226672642  -0.0245084098
-249.4424566950  0.0000000000  3.1415926536  -0.0523097705  -0.0091529925
-248.1858196336  0.0000000000  3.1415926536  0.0029941774  -0.0312818517
-246.9291825722  0.0000000000  3.1415926536  -0.0254142850  -0.0112234909
-245.6725455107  0.0000000000  3.1415926536  -0.0004705588  -0.0124568920
-244.4159084493  0.0000000000  3.1415926536  -0.0007442011  0.0152271551
-243.1592713878  0.0000000000  3.1415926536  0.0008048748  -0.0035108054
-241.9026343264  0.0000000000  3.1415926536  0.0069292107  0.0136613960
-240.6459972650  0.0000000000  3.1415926536  -0.0066415499  -0.0059662928
-239.3893602035  0.0000000000  3.1415926536  0.0017179124  0.0034121448
-238.1327231421  0.0000000000  3.1415926536  -0.0003242954  0.0004725911
-236.8760860807  0.0000000000  3.1415926536  0.3044942580  0.3177328528
-235.6194490192  0.0000000000  3.1415926536  0.0256964314  -0.1002771391
-234.3628119578  0.0000000000  3.1415926536  0.0167659865  -0.0233071734
-233.1061748964  0.0000000000  3.1415926536  -0.0404499486  -0.0070777996
-231.8495378349  0.0000000000  3.1415926536  0.0008768531  -0.0207002102
-230.5929007735  0.0000000000  3.1415926536  -0.0149203632  -0.0071182158
-229.3362637121  0.0000000000  3.1415926536  0.0000678361  -0.0066023695
-228.0796266506  0.0000000000  3.1415926536  -0.0000297943  0.0076368144
-226.8229895892  0.0000000000  3.1415926536  0.0003021761  -0.0016566800
-225.5663525277  0.0000000000  3.1415926536  0.0029237377  0.0068437286
-224.3097154663  0.0000000000  3.1415926536  -0.0032121344  -0.0031595909
-223.0530784049  0.0000000000  3.1415926536  0.0012382261  0.0020848922
-221.7964413434  0.0000000000  3.1415926536  -0.0003074120  0.0004792444
-220.5398042820  0.0000000000  3.1415926536  -0.0000240377  -0.0000176147
-219.2831672206  0.0000000000  3.1415926536  -0.2076128048  0.3063392264
-218.0265301591  0.0000000000  3.1415926536  0.0062275379  -0.0163524671
-216.7698930977  0.0000000000  3.1415926536  -0.0176376682  -0.0030861815
-215.5132560363  0.0000000000  3.1415926536  -0.0003004649  -0.0063314820
-214.2566189748  0.0000000000  3.1415926536  -0.0035185245  -0.0019261752
-212.9999819134  0.0000000000  3.1415926536  0.0001233883  -0.0012682717
-211.7433448520  0.0000000000  3.1415926536  0.0001000576  0.0012850673
-210.4867077905  0.0000000000  3.1415926536  0.0000247343  -0.0002495675
-209.2300707291  0.0000000000  3.1415926536  0.0003091802  0.0011079184
-207.9734336676  0.0000000000  3.1415926536  -0.0004734947  -0.0005670224
-206.7167966062  0.0000000000  3.1415926536  0.0003341320  0.0004266851
-205.4601595448  0.0000000000  3.1415926536  -0.0000986345  0.0001779691
-204.2035224833  0.0000000000  3.1415926536  -0.0000218392  -0.0000229739
-202.9468854219  0.0000000000  3.1415926536  -0.0000022103  -0.0000052542
-201.6902483605  0.0000000000  3.1415926536  0.0000000000  0.0000000000
-200.4336112990  0.0000000000  3.1415926536  0.0000000000  0.0000000000
-199.1769742376  0.0000000000  3.1415926536  0.0000000000  0.0000000000
-197.9203371762  0.0000000000  3.1415926536  0.0000000000  0.0000000000
-196.6637001147  0.0000000000  3.1415926536  0.0000000000  0.0000000000
-195.4070630533  0.0000000000  3.1415926536  0.0000000000  0.0000000000
-194.1504259918  0.0000000000  3.1415926536  0.0000000000  0.0000000000
-192.8937889304  0.0000000000  3.1415926536  0.0000000000  0.0000000000
-191.6371518690  0.0000000000  3.1415926536  0.0000000000  0.0000000000
-190.3805148075  0.0000000000  3.1415926536  0.0000000000  0.0000000000
-189.1238777461  0.0000000000  3.1415926536  0.0000000000  0.0000000000
-187.8672406847  0.0000000000  3.1415926536  0.0000000000  0.0000000000
-186.6106036232  0.0000000000  3.1415926536  0.0000000000  0.0000000000
-185.3539665618  0.0000000000  3.1415926536  0.0000000000  0.0000000000
-184.0973295004  0.0000000000  3.1415926536  0.0000000000  0.0000000000
-182.8406924389  0.0000000000  3.1415926536  0.0000000000  0.0000000000
-181.5840553775  0.0000000000  3.1415926536  0.0000000000  0.0000000000
-180.3274183161  0.0000000000  3.1415926536  0.0000000000  0.0000000000
-179.0707812546  0.0000000000  3.1415926536  0.0000000000  0.0000000000
-177.8141441932  0.0000000000  3.1415926536  0.0000000000  0.0000000000
-176.5575071317  0.0000000000  3.1415926536  0.0000000000  0.0000000000
-175.3008700703  0.0000000000  3.1415926536  0.0000000000  0.0000000000
-174.0442330089  0.0000000000  3.1415926536  0.0000000000  0.0000000000
-172.7875959474  0.0000000000  3.1415926536  0.0000000000  0.0000000000
-171.5309588860  0.0000000000  3.1415926536  0.0000000000  0.0000000000
-170.2743218246  0.0000000000  3.1415926536  0.0000000000  0.0000000000
-169.0176847631  0.0000000000  3.1415926536  0.0000000000  0.0000000000
-167.7610477017  0.0000000000  3.1415926536  0.0000000000  0.0000000000
-166.5044106403  0.0000000000  3.1415926536  0.0000000000  0.0000000000
-165.2477735788  0.0000000000  3.1415926536  -0.7797619210  0.0000000000
-163.9911365174  0.0000000000  3.1415926536  0.0000000000  0.0000000000
-162.7344994560  0.0000000000  3.1415926536  0.0000000000  0.0000000000
-161.4778623945  0.0000000000  3.1415926536  0.0000000000  0.0000000000
-160.2212253331  0.0000000000  3.1415926536  -1.8616921834  0.0000000000
-158.9645882716  0.0000000000  3.1415926536  0.0000000000  0.0000000000
-157.7079512102  0.0000000000  3.1415926536  0.0000000000  0.0000000000
-156.4513141488  0.0000000000  3.1415926536  0.0000000000  0.0000000000
-155.1946770873  0.0000000000  3.1415926536  -2.9859523160  0.0000000000
-153.9380400259  0.0000000000  3.1415926536  0.0000000000  0.0000000000
-152.6814029645  0.0000000000  3.1415926536  0.0000000000  0.0000000000
-151.4247659030  0.0000000000  3.1415926536  0.0000000000  0.0000000000
-150.1681288416  0.0000000000  3.1415926536  -3.6177927121  0.0000000000
-148.9114917802  0.0000000000  3.1415926536  0.0000000000  0.0000000000
-147.6548547187  0.0000000000  3.1415926536  0.0000000000  0.0000000000
-146.3982176573  0.0000000000  3.1415926536  0.0000000000  0.0000000000
-145.1415805958  0.0000000000  3.1415926536  -4.0678214544  0.0000000000
-143.8849435344  0.0000000000  3.1415926536  0.0000000000  0.0000000000
-142.6283064730  0.0000000000  3.1415926536  0.0000000000  0.0000000000
-141.3716694115  0.0000000000  3.1415926536  0.0000000000  0.0000000000
-140.1150323501  0.0000000000  3.1415926536  0.4063755503  0.0000000000
-138.8583952887  0.0000000000  3.1415926536  0.0000000000  0.0000000000
-137.6017582272  0.0000000000  3.1415926536  0.0000000000  0.0000000000
-136.3451211658  0.0000000000  3.1415926536  0.0000000000  0.0000000000
-135.0884841044  0.0000000000  3.1415926536  0.0002723182  0.0000000000
-133.8318470429  0.0000000000  3.1415926536  0.0000000000  0.0000000000
-132.5752099815  0.0000000000  3.1415926536  0.0000000000  0.0000000000
-131.3185729201  0.0000000000  3.1415926536  0.0000000000  0.0000000000
-130.0619358586  0.0000000000  3.1415926536  -0.0000000000  0.0000000000
-128.8052987972  0.0000000000  3.1415926536  0.0000000000  0.0000000000
-127.5486617357  0.0000000000  3.1415926536  -nan  0.0000000000
-126.2920246743  0.0000000000  3.1415926536  0.0000000000  0.0000000000
-125.0353876129  0.0000000000  3.1415926536  0.0000000000  0.0000000000
-123.7787505514  0.0000000000  3.1415926536  0.0000000000  0.0000000000
-122.5221134900  0.0000000000  3.1415926536  0.0000000000  0.0000000000
-121.2654764286  0.0000000000  3.1415926536  0.0000000000  0.0000000000
-120.0088393671  0.0000000000  3.1415926536  -0.3732440395  0.0000000000
-118.7522023057  0.0000000000  3.1415926536  0.0000000000  0.0000000000
-117.4955652443  0.0000000000  3.1415926536  0.0000000000  0.0000000000
-116.2389281828  0.0000000000  3.1415926536  0.0000000000  0.0000000000
-114.9822911214  0.0000000000  3.1415926536  -0.7797619210  0.0000000000
-113.7256540600  0.0000000000  3.1415926536  0.0000000000  0.0000000000
-112.4690169985  0.0000000000  3.1415926536  0.0000000000  0.0000000000
-111.2123799371  0.0000000000  3.1415926536  0.0000000000  0.0000000000
-109.9557428756  0.0000000000  3.1415926536  -1.8616921834  0.0000000000
-108.6991058142  0.0000000000  3.1415926536  0.0000000000  0.0000000000
-107.4424687528  0.0000000000  3.1415926536  0.0000000000  0.0000000000
-106.1858316913  0.0000000000  3.1415926536  0.0000000000  0.0000000000
-104.9291946299  0.0000000000  3.1415926536  -2.9859523160  0.0000000000
-103.6725575685  0.0000000000  3.1415926536  0.0000000000  0.0000000000
-102.4159205070  0.0000000000  3.1415926536  0.0000000000  0.0000000000
-101.1592834456  0.0000000000  3.1415926536  0.0000000000  0.0000000000
-99.9026463842  0.0000000000  3.1415926536  -3.6177927121  0.0000000000
-98.6460093227  0.0000000000  3.1415926536  0.0000000000  0.0000000000
-97.3893722613  0.0000000000  3.1415926536  0.0000000000  0.0000000000
-96.1327351998  0.0000000000  3.1415926536  0.0000000000  0.0000000000
-94.8760981384  0.0000000000  3.1415926536  0.0000000000  0.0000000000
-93.6194610770  0.0000000000  3.1415926536  -9.9946473081  -8.8889255825
-92.3628240155  0.0000000000  3.1415926536  -7.3364921769  -4.5741822689
-91.1061869541  0.0000000000  3.1415926536  -2.9258177311  -1.8341230442
-89.8495498927  0.0000000000  3.1415926536  -0.7638843022  -0.3512750301
-88.5929128312  0.0000000000  3.1415926536  0.0003345432  0.4185250835
-87.3362757698  0.0000000000  3.1415926536  1.1435455672  1.8341230442
-86.0796387084  0.0000000000  3.1415926536  2.6289090731  4.3028608628
-84.8230016469  0.0000000000  3.1415926536  6.3942782745  8.6057217255
-83.5663645855  0.0000000000  3.1415926536  9.9946473081  0.0000000000
-82.3097275241  0.0000000000  3.1415926536  1.0000000000  0.0000000000
-81.0530904626  0.0000000000  3.1415926536  1.0000000000  0.0000000000
-79.7964534012  0.0000000000  3.1415926536  1.0000000000  0.0000000000
-78.5398163397  0.0000000000  3.1415926536  0.9999999999  0.0000000000
-77.2831792783  0.0000000000  3.1415926536  0.9999995567  0.0000000000
-76.0265422169  0.0000000000  3.1415926536  0.9998959584  0.0000000000
-74.7699051554  0.0000000000  3.1415926536  0.9785305605  0.0000000000
-73.5132680940  0.0000000000  3.1415926536  0.8527550919  0.0000000000
-72.2566310326  0.0000000000  3.1415926536  0.4995818210  0.0000000000
-70.9999939711  0.0000000000  3.1415926536  0.1098156605  0.0000000000
-69.7433569097  0.0000000000  3.1415926536  0.0032764013  0.0000000000
-68.4867198483  0.0000000000  3.1415926536  0.0001040416  0.0000000000
-67.2300827868  0.0000000000  3.1415926536  0.0000019561  0.0000000000
-65.9734457254  0.0000000000  3.1415926536  0.0000000005  0.0000000000
-64.7168086639  0.0000000000  3.1415926536  0.0000000000  0.0000000000
-63.4601716025  0.0000000000  3.1415926536  0.0000000000  0.0000000000
-62.2035345411  0.0000000000  3.1415926536  0.0000000000  0.0000000000
-60.9468974796  0.0000000000  3.1415926536  0.0000000000  0.0000000000
-59.6902604182  0.0000000000  3.1415926536  0.0000000000  0.0000000000
-58.4336233568  0.0000000000  3.1415926536  0.0000000000  0.0000000000
-57.1769862953  0.0000000000  3.1415926536  -49.9732365405  -44.4446279127
-55.9203492339  0.0000000000  3.1415926536  -36.6824608846  -22.8709113444
-54.6637121725  0.0000000000  3.1415926536  -14.6290886556  -9.1706152212
-53.4070751110  0.0000000000  3.1415926536  -3.8194215109  -1.7563751504
-52.1504380496  0.0000000000  3.1415926536  0.0016727162  2.0926254177
-50.8938009882  0.0000000000  3.1415926536  5.7177278361  9.1706152212
-49.6371639267  0.0000000000  3.1415926536  13.1445453654  21.5143043139
-48.3805268653  0.0000000000  3.1415926536  31.9713913723  43.0286086277
-47.1238898038  0.0000000000  3.1415926536  49.9732365405  0.0000000000
-45.8672527424  0.0000000000  3.1415926536  -nan  -nan
-44.6106156810  0.0000000000  3.1415926536  -nan  -nan
-43.3539786195  0.0000000000  3.1415926536  0.0000000000  0.0000000000
-42.0973415581  0.0000000000  3.1415926536  0.0000000000  0.0000000000
-40.8407044967  0.0000000000  3.1415926536  0.0000000000  0.0000000000
-39.5840674352  0.0000000000  3.1415926536  0.0000000000  0.0000000000
-38.3274303738  0.0000000000  3.1415926536  0.0000000000  0.0000000000
-37.0707933124  0.0000000000  3.1415926536  0.0000000000  0.0000000000
-35.8141562509  0.0000000000  3.1415926536  0.0000000000  0.0000000000
-34.5575191895  0.0000000000  3.1415926536  0.0000000000  0.0000000000
-33.3008821281  0.0000000000  3.1415926536  6.2543345948  5.8857366633
-32.0442450666  0.0000000000  3.1415926536  5.6178131419  0.0000000000
-30.7876080052  0.0000000000  3.1415926536  0.0000000000  0.0000000000
-29.5309709437  0.0000000000  3.1415926536  0.0000000000  0.0000000000
-28.2743338823  0.0000000000  3.1415926536  0.0000000000  0.0000000000
-27.0176968209  0.0000000000  3.1415926536  0.0000000000  0.0000000000
-25.7610597594  0.0000000000  3.1415926536  0.0000000000  3.1415926536
-24.5044226980  0.0000000000  3.1415926536  0.0000000000  0.0000000000
-23.2477856366  0.0000000000  3.1415926536  -9.9946473081  -8.8889255825
-21.9911485751  0.0000000000  3.1415926536  -7.3364921769  -4.5741822689
-20.7345115137  0.0000000000  3.1415926536  -2.9258177311  -1.8341230442
-19.4778744523  0.0000000000  3.1415926536  -0.7638843022  -0.3512750301
-18.2212373908  0.0000000000  3.1415926536  0.0003345432  0.4185250835
-16.9646003294  0.0000000000  3.1415926536  1.1435455672  1.8341230442
-15.7079632679  0.0000000000  3.1415926536  2.6289090731  4.3028608628
-14.4513262065  0.0000000000  3.1415926536  6.3942782745  8.6057217255
-13.1946891451  0.0000000000  3.1415926536  9.9946473081  0.0000000000
-11.9380520836  0.0000000000  3.1415926536  0.0000000000  0.0000000000
-10.6814150222  0.0000000000  3.1415926536  0.0000000000  0.0000000000
-9.4247779608  0.0000000000  3.1415926536  -nan  -nan
-8.1681408993  0.0000000000  3.1415926536  -nan  -nan
-6.9115038379  0.0000000000  3.1415926536  0.0000000000  0.0000000000
-5.6548667765  0.0000000000  3.1415926536  0.0000000000  0.0000000000
-4.3982297150  0.0000000000  3.1415926536  0.0000000000  0.0000000000
-3.1415926536  0.0000000000  3.1415926536  0.0000000000  0.0000000000
-1.8849555922  0.0000000000  3.1415926536  0.0000000000  0.0000000000
-0.6283185307  0.0000000000  3.1415926536  0.0000000000  0.0000000000
0.6283185307  0.0000000000  3.1415926536  -0.0029295855  -1.0445553908
1.8849555922  0.0000000000  3.1415926536  -0.0006252290  -0.4703330216
3.1415926536  0.0000000000  3.1415926536  -0.0002635885  -0.3009393068
4.3982297150  0.0000000000  3.1415926536  -0.0001432611  -0.2201901009
5.6548667765  0.0000000000  3.1415926536  -0.0000894113  -0.1732281035
6.9115038379  0.0000000000  3.1415926536  -0.0000608984  -0.1426260031
8.1681408993  0.0000000000  3.1415926536  -0.0000440888  -0.1211447747
9.4247779608  0.0000000000  3.1415926536  -0.0000333641  -0.1052531435
10.6814150222  0.0000000000  3.1415926536  -0.0000261075  -0.0930287771
11.9380520836  0.0000000000  3.1415926536  -0.0000209732  -0.0833377287
13.1946891451  0.0000000000  3.1415926536  -0.0000172106  -0.0754687091
14.4513262065  0.0000000000  3.1415926536  -0.0000143734  -0.0689533295
15.7079632679  0.0000000000  3.1415926536  -0.0000121825  -0.0634707532
16.9646003294  0.0000000000  3.1415926536  -0.0000104561  -0.0587939287
18.2212373908  0.0000000000  3.1415926536  -0.0000090720  -0.0547577049
19.4778744523  0.0000000000  3.1415926536  -0.0000079454  -0.0512391112
20.7345115137  0.0000000000  3.1415926536  -0.0000070164  -0.0481447159
21.9911485751  0.0000000000  3.1415926536  -0.0000062413  -0.0454022694
23.2477856366  0.0000000000  3.1415926536  -0.0000055879  -0.0429550294
24.5044226980  0.0000000000  3.1415926536  -0.0000050320  -0.0407578166
25.7610597594  0.0000000000  3.1415926536  -0.0000045551  -0.0387742146
27.0176968209  0.0000000000  3.1415926536  -0.0000041429  -0.0369745454
28.2743338823  0.0000000000  3.1415926536  -0.0000037843  -0.0353343810
29.5309709437  0.0000000000  3.1415926536  -0.0000034702  -0.0338334323
30.7876080052  0.0000000000  3.1415926536  -0.0000031937  -0.0324547090
32.0442450666  0.0000000000  3.1415926536  -0.0000029490  -0.0311838756
33.3008821281  0.0000000000  3.1415926536  -0.0000027314  -0.0300087527
34.5575191895  0.0000000000  3.1415926536  -0.0000025370  -0.0289189267
35.8141562509  0.0000000000  3.1415926536  -0.0000023626  -0.0279054409
37.0707933124  0.0000000000  3.1415926536  -0.0000022056  -0.0269605495
38.3274303738  0.0000000000  3.1415926536  -0.0000020637  -0.0260775201
39.5840674352  0.0000000000  3.1415926536  -0.0000019351  -0.0252504728
40.8407044967  0.0000000000  3.1415926536  -0.0000018182  -0.0244742497
42.0973415581  0.0000000000  3.1415926536  -0.0000017115  -0.0237443074
43.3539786195  0.0000000000  3.1415926536  -0.0000016140  -0.0230566283
44.6106156810  0.0000000000  3.1415926536  -0.0000015245  -0.0224076464
45.8672527424  0.0000000000  3.1415926536  -0.0000014423  -0.0217941859
47.1238898038  0.0000000000  3.1415926536  -0.0000013666  -0.0212134090
48.3805268653  0.0000000000  3.1415926536  -0.0000012966  -0.0206627724
49.6371639267  0.0000000000  3.1415926536  -0.0000012319  -0.0201399898
50.8938009882  0.0000000000  3.1415926536  -0.0000011720  -0.0196430005
52.1504380496  0.0000000000  3.1415926536  -0.0000011163  -0.0191699421
53.4070751110  0.0000000000  3.1415926536  -0.0000010644  -0.0187191271
54.6637121725  0.0000000000  3.1415926536  -0.0000010161  -0.0182890231
55.9203492339  0.0000000000  3.1415926536  -0.0000009711  -0.0178782353
57.1769862953  0.0000000000  3.1415926536  -0.0000009289  -0.0174854913
58.4336233568  0.0000000000  3.1415926536  -0.0000008894  -0.0171096281
59.6902604182  0.0000000000  3.1415926536  -0.0000008524  -0.0167495803
60.9468974796  0.0000000000  3.1415926536  -0.0000008177  -0.0164043707
62.2035345411  0.0000000000  3.1415926536  -0.0000007850  -0.0160731005
63.4601716025  0.0000000000  3.1415926536  -0.0000007543  -0.0157549424
64.7168086639  0.0000000000  3.1415926536  -0.0000007253  -0.0154491331
65.9734457254  0.0000000000  3.1415926536  -0.0000006980  -0.0151549675
67.2300827868  0.0000000000  3.1415926536  -0.0000006722  -0.0148717931
68.4867198483  0.0000000000  3.1415926536  -0.0000006478  -0.0145990053
69.7433569097  0.0000000000  3.1415926536  -0.0000006246  -0.0143360430
70.9999939711  0.0000000000  3.1415926536  -0.0000006028  -0.0140823848
72.2566310326  0.0000000000  3.1415926536  -0.0000005820  -0.0138375456
73.5132680940  0.0000000000  3.1415926536  -0.0000005623  -0.0136010734
74.7699051554  0.0000000000  3.1415926536  -0.0000005436  -0.0133725466
76.0265422169  0.0000000000  3.1415926536  -0.0000005258  -0.0131515713
77.2831792783  0.0000000000  3.1415926536  -0.0000005088  -0.0129377795
78.5398163397  0.0000000000  3.1415926536  -0.0000004927  -0.0127308264
79.7964534012  0.0000000000  3.1415926536  -0.0000004773  -0.0125303891
81.0530904626  0.0000000000  3.1415926536  -0.0000004626  -0.0123361648
82.3097275241  0.0000000000  3.1415926536  -0.0000004486  -0.0121478690
83.5663645855  0.0000000000  3.1415926536  -0.0000004352  -0.0119652343
84.8230016469  0.0000000000  3.1415926536  -0.0000004224  -0.0117880093
86.0796387084  0.0000000000  3.1415926536  -0.0000004102  -0.0116159571
87.3362757698  0.0000000000  3.1415926536  -0.0000003985  -0.0114488546
88.5929128312  0.0000000000  3.1415926536  -0.0000003873  -0.0112864911
89.8495498927  0.0000000000  3.1415926536  -0.0000003765  -0.0111286680
91.1061869541  0.0000000000  3.1415926536  -0.0000003662  -0.0109751975
92.3628240155  0.0000000000  3.1415926536  -0.0000003563  -0.0108259018
93.6194610770  0.0000000000  3.1415926536  -0.0000003468  -0.0106806131
94.8760981384  0.0000000000  3.1415926536  -0.0000003377  -0.0105391720
96.1327351998  0.0000000000  3.1415926536  -0.0000003289  -0.0104014279
97.3893722613  0.0000000000  3.1415926536  -0.0000003205  -0.0102672376
98.6460093227  0.0000000000  3.1415926536  -0.0000003124  -0.0101364653
99.9026463842  0.0000000000  3.1415926536  -0.0000003046  -0.0100089821
101.1592834456  0.0000000000  3.1415926536  -0.0000002971  -0.0098846655
102.4159205070  0.0000000000  3.1415926536  -0.0000002898  -0.0097633990
103.6725575685  0.0000000000  3.1415926536  -0.0000002829  -0.0096450716
104.9291946299  0.0000000000  3.1415926536  -0.0000002761  -0.0095295778
106.1858316913  0.0000000000  3.1415926536  -0.0000002696  -0.0094168170
107.4424687528  0.0000000000  3.1415926536  -0.0000002634  -0.0093066934
108.6991058142  0.0000000000  3.1415926536  -0.0000002573  -0.0091991155
109.9557428756  0.0000000000  3.1415926536  -0.0000002515  -0.0090939961
111.2123799371  0.0000000000  3.1415926536  -0.0000002458  -0.0089912517
112.4690169985  0.0000000000  3.1415926536  -0.0000002404  -0.0088908030
113.7256540600  0.0000000000  3.1415926536  -0.0000002351  -0.0087925737
114.9822911214  0.0000000000  3.1415926536  -0.0000002300  -0.0086964911
116.2389281828  0.0000000000  3.1415926536  -0.0000002250  -0.0086024856
117.4955652443  0.0000000000  3.1415926536  -0.0000002202  -0.0085104906
118.7522023057  0.0000000000  3.1415926536  -0.0000002156  -0.0084204423
120.0088393671  0.0000000000  3.1415926536  -0.0000002111  -0.0083322795
121.2654764286  0.0000000000  3.1415926536  -0.0000002068  -0.0082459436
122.5221134900  0.0000000000  3.1415926536  -0.0000002026  -0.0081613784
123.7787505514  0.0000000000  3.1415926536  -0.0000001985  -0.0080785300
125.0353876129  0.0000000000  3.1415926536  -0.0000001945  -0.0079973467
126.2920246743  0.0000000000  3.1415926536  -0.0000001906  -0.0079177788
127.5486617357  0.0000000000  3.1415926536  -0.0000001869  -0.0078397784
128.8052987972  0.0000000000  3.1415926536  -0.0000001833  -0.0077632998
130.0619358586  0.0000000000  3.1415926536  -0.0000001798  -0.0076882989
131.3185729201  0.0000000000  3.1415926536  -0.0000001763  -0.0076147331
132.5752099815  0.0000000000  3.1415926536  -0.0000001730  -0.0075425619
133.8318470429  0.0000000000  3.1415926536  -0.0000001698  -0.0074717457
135.0884841044  0.0000000000  3.1415926536  -0.0000001666  -0.0074022469
136.3451211658  0.0000000000  3.1415926536  -0.0000001636  -0.0073340291
137.6017582272  0.0000000000  3.1415926536  -0.0000001606  -0.0072670570
138.8583952887  0.0000000000  3.1415926536  -0.0000001577  -0.0072012970
140.1150323501  0.0000000000  3.1415926536  -0.0000001549  -0.0071367164
141.3716694115  0.0000000000  3.1415926536  -0.0000001522  -0.0070732838
142.6283064730  0.0000000000  3.1415926536  -0.0000001495  -0.0070109688
143.8849435344  0.0000000000  3.1415926536  -0.0000001469  -0.0069497421
145.1415805958  0.0000000000  3.1415926536  -0.0000001444  -0.0068895756
146.3982176573  0.0000000000  3.1415926536  -0.0000001419  -0.0068304418
147.6548547187  0.0000000000  3.1415926536  -0.0000001395  -0.0067723145
148.9114917802  0.0000000000  3.1415926536  -0.0000001371  -0.0067151681
150.1681288416  0.0000000000  3.1415926536  -0.0000001349  -0.0066589780
151.4247659030  0.0000000000  3.1415926536  -0.0000001326  -0.0066037205
152.6814029645  0.0000000000  3.1415926536  -0.0000001305  -0.0065493724
153.9380400259  0.0000000000  3.1415926536  -0.0000001283  -0.0064959116
155.1946770873  0.0000000000  3.1415926536  -0.0000001263  -0.0064433164
156.4513141488  0.0000000000  3.1415926536  -0.0000001242  -0.0063915661
157.7079512102  0.0000000000  3.1415926536  -0.0000001223  -0.0063406404
158.9645882716  0.0000000000  3.1415926536  -0.0000001203  -0.0062905198
160.2212253331  0.0000000000  3.1415926536  -0.0000001185  -0.0062411854
161.4778623945  0.0000000000  3.1415926536  -0.0000001166  -0.0061926187
162.7344994560  0.0000000000  3.1415926536  -0.0000001148  -0.0061448020
163.9911365174  0.0000000000  3.1415926536  -0.0000001131  -0.0060977180
165.2477735788  0.0000000000  3.1415926536  -0.0000001114  -0.0060513502
166.5044106403  0.0000000000  3.1415926536  -0.0000001097  -0.0060056821
167.7610477017  0.0000000000  3.1415926536  -0.0000001081  -0.0059606982
169.0176847631  0.0000000000  3.1415926536  -0.0000001065  -0.0059163831
170.2743218246  0.0000000000  3.1415926536  -0.0000001049  -0.0058727220
171.5309588860  0.0000000000  3.1415926536  -0.0000001034  -0.0058297007
172.7875959474  0.0000000000  3.1415926536  -0.0000001019  -0.0057873050
174.0442330089  0.0000000000  3.1415926536  -0.0000001004  -0.0057455215
175.3008700703  0.0000000000  3.1415926536  -0.0000000990  -0.0057043370
176.5575071317  0.0000000000  3.1415926536  -0.0000000976  -0.0056637388
177.8141441932  0.0000000000  3.1415926536  -0.0000000962  -0.0056237143
179.0707812546  0.0000000000  3.1415926536  -0.0000000948  -0.0055842515
180.3274183161  0.0000000000  3.1415926536  -0.0000000935  -0.0055453387
181.5840553775  0.0000000000  3.1415926536  -0.0000000922  -0.0055069644
182.8406924389  0.0000000000  3.1415926536  -0.0000000910  -0.0054691176
184.0973295004  0.0000000000  3.1415926536  -0.0000000897  -0.0054317874
185.3539665618  0.0000000000  3.1415926536  -0.0000000885  -0.0053949634
186.6106036232  0.0000000000  3.1415926536  -0.0000000873  -0.0053586352
187.8672406847  0.0000000000  3.1415926536  -0.0000000862  -0.0053227931
189.1238777461  0.0000000000  3.1415926536  -0.0000000850  -0.0052874272
190.3805148075  0.0000000000  3.1415926536  -0.0000000839  -0.0052525281
191.6371518690  0.0000000000  3.1415926536  -0.0000000828  -0.0052180868
192.8937889304  0.0000000000  3.1415926536  -0.0000000817  -0.0051840941
194.1504259918  0.0000000000  3.1415926536  -0.0000000807  -0.0051505415
195.4070630533  0.0000000000  3.1415926536  -0.0000000797  -0.0051174203
196.6637001147  0.0000000000  3.1415926536  -0.0000000786  -0.0050847225
197.9203371762  0.0000000000  3.1415926536  -0.0000000776  -0.0050524398
199.1769742376  0.0000000000  3.1415926536  -0.0000000767  -0.0050205644
200.4336112990  0.0000000000  3.1415926536  -0.0000000757  -0.0049890887
201.6902483605  0.0000000000  3.1415926536  -0.0000000748  -0.0049580052
202.9468854219  0.0000000000  3.1415926536  -0.0000000738  -0.0049273066
204.2035224833  0.0000000000  3.1415926536  -0.0000000729  -0.0048969858
205.4601595448  0.0000000000  3.1415926536  -0.0000000720  -0.0048670359
206.7167966062  0.0000000000  3.1415926536  -0.0000000712  -0.0048374501
207.9734336676  0.0000000000  3.1415926536  -0.0000000703  -0.0048082219
209.2300707291  0.0000000000  3.1415926536  -0.0000000695  -0.0047793447
210.4867077905  0.0000000000  3.1415926536  -0.0000000686  -0.0047508123
211.7433448520  0.0000000000  3.1415926536  -0.0000000678  -0.0047226185
212.9999819134  0.0000000000  3.1415926536  -0.0000000670  -0.0046947574
214.2566189748  0.0000000000  3.1415926536  -0.0000000663  -0.0046672230
215.5132560363  0.0000000000  3.1415926536  -0.0000000655  -0.0046400098
216.7698930977  0.0000000000  3.1415926536  -0.0000000647  -0.0046131121
218.0265301591  0.0000000000  3.1415926536  -0.0000000640  -0.0045865244
219.2831672206  0.0000000000  3.1415926536  -0.0000000633  -0.0045602414
220.5398042820  0.0000000000  3.1415926536  -0.0000000625  -0.0045342579
221.7964413434  0.0000000000  3.1415926536  -0.0000000618  -0.0045085689
223.0530784049  0.0000000000  3.1415926536  -0.0000000611  -0.0044831693
224.3097154663  0.0000000000  3.1415926536  -0.0000000604  -0.0044580543
225.5663525277  0.0000000000  3.1415926536  -0.0000000598  -0.0044332190
226.8229895892  0.0000000000  3.1415926536  -0.0000000591  -0.0044086590
228.0796266506  0.0000000000  3.1415926536  -0.0000000585  -0.0043843696
229.3362637121  0.0000000000  3.1415926536  -0.0000000578  -0.0043603463
230.5929007735  0.0000000000  3.1415926536  -0.0000000572  -0.0043365849
231.8495378349  0.0000000000  3.1415926536  -0.0000000566  -0.0043130811
233.1061748964  0.0000000000  3.1415926536  -0.0000000560  -0.0042898306
234.3628119578  0.0000000000  3.1415926536  -0.0000000554  -0.0042668295
235.6194490192  0.0000000000  3.1415926536  -0.0000000548  -0.0042440737
236.8760860807  0.0000000000  3.1415926536  -0.0000000542  -0.0042215593
238.1327231421  0.0000000000  3.1415926536  -0.0000000536  -0.0041992825
239.3893602035  0.0000000000  3.1415926536  -0.0000000531  -0.0041772396
240.6459972650  0.0000000000  3.1415926536  -0.0000000525  -0.0041554270
241.9026343264  0.0000000000  3.1415926536  -0.0000000520  -0.0041338409
243.1592713878  0.0000000000  3.1415926536  -0.0000000514  -0.0041124779
244.4159084493  0.0000000000  3.1415926536  -0.0000000509  -0.0040913346
245.6725455107  0.0000000000  3.1415926536  -0.0000000504  -0.0040704076
246.9291825722  0.0000000000  3.1415926536  -0.0000000499  -0.0040496936
248.1858196336  0.0000000000  3.1415926536  -0.0000000494  -0.0040291893
249.4424566950  0.0000000000  3.1415926536  -0.0000000489  -0.0040088916
250.6990937565  0.0000000000  3.1415926536  -0.0000000484  -0.0039887974
251.9557308179  0.0000000000  3.1415926536  -0.0000000479  -0.0039689036
253.2123678793  0.0000000000  3.1415926536  -0.0000000474  -0.0039492073
254.4690049408  0.0000000000  3.1415926536  -0.0000000470  -0.0039297055
255.7256420022  0.0000000000  3.1415926536  -0.0000000465  -0.0039103954
256.9822790636  0.0000000000  3.1415926536  -0.0000000461  -0.0038912741
258.2389161251  0.0000000000  3.1415926536  -0.0000000456  -0.0038723389
259.4955531865  0.0000000000  3.1415926536  -0.0000000452  -0.0038535871
260.7521902480  0.0000000000  3.1415926536  -0.0000000447  -0.0038350160
262.0088273094  0.0000000000  3.1415926536  -0.0000000443  -0.0038166230
263.2654643708  0.0000000000  3.1415926536  -0.0000000439  -0.0037984056
264.5221014323  0.0000000000  3.1415926536  -0.0000000435  -0.0037803614
265.7787384937  0.0000000000  3.1415926536  -0.0000000431  -0.0037624877
267.0353755551  0.0000000000  3.1415926536  -0.0000000427  -0.0037447822
268.2920126166  0.0000000000  3.1415926536  -0.0000000423  -0.0037272427
269.5486496780  0.0000000000  3.1415926536  -0.0000000419  -0.0037098666
270.8052867394  0.0000000000  3.1415926536  -0.0000000415  -0.0036926518
272.0619238009  0.0000000000  3.1415926536  -0.0000000411  -0.0036755960
273.3185608623  0.0000000000  3.1415926536  -0.0000000407  -0.0036586971
274.5751979237  0.0000000000  3.1415926536  -0.0000000403  -0.0036419528
275.8318349852  0.0000000000  3.1415926536  -0.0000000400  -0.0036253611
277.0884720466  0.0000000000  3.1415926536  -0.0000000396  -0.0036089199
278.3451091081  0.0000000000  3.1415926536  -0.0000000393  -0.0035926271
279.6017461695  0.0000000000  3.1415926536  -0.0000000389  -0.0035764808
280.8583832309  0.0000000000  3.1415926536  -0.0000000386  -0.0035604789
282.1150202924  0.0000000000  3.1415926536  -0.0000000382  -0.0035446196
283.3716573538  0.0000000000  3.1415926536  -0.0000000379  -0.0035289010
284.6282944152  0.0000000000  3.1415926536  -0.0000000375  -0.0035133212
285.8849314767  0.0000000000  3.1415926536  -0.0000000372  -0.0034978783
287.1415685381  0.0000000000  3.1415926536  -0.0000000369  -0.0034825706
288.3982055995  0.0000000000  3.1415926536  -0.0000000366  -0.0034673962
289.6548426610  0.0000000000  3.1415926536  -0.0000000363  -0.0034523536
290.9114797224  0.0000000000  3.1415926536  -0.0000000359  -0.0034374409
292.1681167839  0.0000000000  3.1415926536  -0.0000000356  -0.0034226565
293.4247538453  0.0000000000  3.1415926536  -0.0000000353  -0.0034079987
294.6813909067  0.0000000000  3.1415926536  -0.0000000350  -0.0033934659
295.9380279682  0.0000000000  3.1415926536  -0.0000000347  -0.0033790565
297.1946650296  0.0000000000  3.1415926536  -0.0000000344  -0.0033647690
298.4513020910  0.0000000000  3.1415926536  -0.0000000341  -0.0033506018
299.7079391525  0.0000000000  3.1415926536  -0.0000000339  -0.0033365534
300.9645762139  0.0000000000  3.1415926536  -0.0000000336  -0.0033226223
302.2212132753  0.0000000000  3.1415926536  -0.0000000333  -0.0033088070
303.4778503368  0.0000000000  3.1415926536  -0.0000000330  -0.0032951062
304.7344873982  0.0000000000  3.1415926536  -0.0000000328  -0.0032815183
305.9911244596  0.0000000000  3.1415926536  -0.0000000325  -0.0032680421
307.2477615211  0.0000000000  3.1415926536  -0.0000000322  -0.0032546761
308.5043985825  0.0000000000  3.1415926536  -0.0000000320  -0.0032414190
309.7610356440  0.0000000000  3.1415926536  -0.0000000317  -0.0032282694
311.0176727054  0.0000000000  3.1415926536  -0.0000000314  -0.0032152261
312.2743097668  0.0000000000  3.1415926536  -0.0000000312  -0.0032022878
313.5309468283  0.0000000000  3.1415926536  -0.0000000309  -0.0031894531
314.7875838897  0.0000000000  3.1415926536  -0.0000000307  -0.0031767210
316.0442209511  0.0000000000  3.1415926536  -0.0000000305  -0.0031640901
317.3008580126  0.0000000000  3.1415926536  -0.0000000302  -0.0031515592
318.5574950740  0.0000000000  3.1415926536  -0.0000000300  -0.0031391272
319.8141321354  0.0000000000  3.1415926536  -0.0000000297  -0.0031267929
321.0707691969  0.0000000000  3.1415926536  -0.0000000295  -0.0031145552
322.3274062583  0.0000000000  3.1415926536  -0.0000000293  -0.0031024128
323.5840433197  0.0000000000  3.1415926536  -0.0000000290  -0.0030903648
324.8406803812  0.0000000000  3.1415926536  -0.0000000288  -0.0030784100
326.0973174426  0.0000000000  3.1415926536  -0.0000000286  -0.0030665473
327.3539545041  0.0000000000  3.1415926536  -0.0000000284  -0.0030547757
328.6105915655  0.0000000000  3.1415926536  -0.0000000282  -0.0030430941
329.8672286269  0.0000000000  3.1415926536  -0.0000000280  -0.0030315015
331.1238656884  0.0000000000  3.1415926536  -0.0000000277  -0.0030199969
332.3805027498  0.0000000000  3.1415926536  -0.0000000275  -0.0030085793
333.6371398112  0.0000000000  3.1415926536  -0.0000000273  -0.0029972478
334.8937768727  0.0000000000  3.1415926536  -0.0000000271  -0.0029860012
336.1504139341  0.0000000000  3.1415926536  -0.0000000269  -0.0029748387
337.4070509955  0.0000000000  3.1415926536  -0.0000000267  -0.0029637594
338.6636880570  0.0000000000  3.1415926536  -0.0000000265  -0.0029527623
339.9203251184  0.0000000000  3.1415926536  -0.0000000263  -0.0029418465
341.1769621799  0.0000000000  3.1415926536  -0.0000000261  -0.0029310111
342.4335992413  0.0000000000  3.1415926536  -0.0000000259  -0.0029202552
343.6902363027  0.0000000000  3.1415926536  -0.0000000258  -0.0029095780
344.9468733642  0.0000000000  3.1415926536  -0.0000000256  -0.0028989786
346.2035104256  0.0000000000  3.1415926536  -0.0000000254  -0.0028884561
347.4601474870  0.0000000000  3.1415926536  -0.0000000252  -0.0028780098
348.7167845485  0.0000000000  3.1415926536  -0.0000000250  -0.0028676387
349.9734216099  0.0000000000  3.1415926536  -0.0000000248  -0.0028573421
351.2300586713  0.0000000000  3.1415926536  -0.0000000247  -0.0028471192
352.4866957328  0.0000000000  3.1415926536  -0.0000000245  -0.0028369691
353.7433327942  0.0000000000  3.1415926536  -0.0000000243  -0.0028268912
354.9999698556  0.0000000000  3.1415926536  -0.0000000241  -0.0028168847
356.2566069171  0.0000000000  3.1415926536  -0.0000000240  -0.0028069487
357.5132439785  0.0000000000  3.1415926536  -0.0000000238  -0.0027970825
358.7698810400  0.0000000000  3.1415926536  -0.0000000236  -0.0027872855
360.0265181014  0.0000000000  3.1415926536  -0.0000000235  -0.0027775569
361.2831551628  0.0000000000  3.1415926536  -0.0000000233  -0.0027678959
362.5397922243  0.0000000000  3.1415926536  -0.0000000231  -0.0027583019
363.7964292857  0.0000000000  3.1415926536  -0.0000000230  -0.0027487742
365.0530663471  0.0000000000  3.1415926536  -0.0000000228  -0.0027393121
366.3097034086  0.0000000000  3.1415926536  -0.0000000227  -0.0027299149
367.5663404700  0.0000000000  3.1415926536  -0.0000000225  -0.0027205820
368.8229775314  0.0000000000  3.1415926536  -0.0000000224  -0.0027113127
370.0796145929  0.0000000000  3.1415926536  -0.0000000222  -0.0027021063
371.3362516543  0.0000000000  3.1415926536  -0.0000000221  -0.0026929622
372.5928887157  0.0000000000  3.1415926536  -0.0000000219  -0.0026838798
373.8495257772  0.0000000000  3.1415926536  -0.0000000218  -0.0026748584
375.1061628386  0.0000000000  3.1415926536  -0.0000000216  -0.0026658975
376.3627999001  0.0000000000  3.1415926536  -0.0000000215  -0.0026569965
377.6194369615  0.0000000000  3.1415926536  -0.0000000213  -0.0026481547
378.8760740229  0.0000000000  3.1415926536  -0.0000000212  -0.0026393715
380.1327110844  0.0000000000  3.1415926536  -0.0000000210  -0.0026306464
381.3893481458  0.0000000000  3.1415926536  -0.0000000209  -0.0026219788
382.6459852072  0.0000000000  3.1415926536  -0.0000000208  -0.0026133681
383.9026222687  0.0000000000  3.1415926536  -0.0000000206  -0.0026048138
385.1592593301  0.0000000000  3.1415926536  -0.0000000205  -0.0025963153
386.4158963915  0.0000000000  3.1415926536  -0.0000000204  -0.0025878721
387.6725334530  0.0000000000  3.1415926536  -0.0000000202  -0.0025794836
388.9291705144  0.0000000000  3.1415926536  -0.0000000201  -0.0025711493
390.1858075759  0.0000000000  3.1415926536  -0.0000000200  -0.0025628687
391.4424446373  0.0000000000  3.1415926536  -0.0000000199  -0.0025546413
392.6990816987  0.0000000000  3.1415926536  -0.0000000197  -0.0025464665
393.9557187602  0.0000000000  3.1415926536  -0.0000000196  -0.0025383439
395.2123558216  0.0000000000  3.1415926536  -0.0000000195  -0.0025302729
396.4689928830  0.0000000000  3.1415926536  -0.0000000194  -0.0025222531
397.7256299445  0.0000000000  3.1415926536  -0.0000000192  -0.0025142840
398.9822670059  0.0000000000  3.1415926536  -0.0000000191  -0.0025063651
400.2389040673  0.0000000000  3.1415926536  -0.0000000190  -0.0024984959
401.4955411288  0.0000000000  3.1415926536  -0.0000000189  -0.0024906759
402.7521781902  0.0000000000  3.1415926536  -0.0000000188  -0.0024829048
404.0088152516  0.0000000000  3.1415926536  -0.0000000186  -0.0024751820
405.2654523131  0.0000000000  3.1415926536  -0.0000000185  -0.0024675071
406.5220893745  0.0000000000  3.1415926536  -0.0000000184  -0.0024598796
407.7787264360  0.0000000000  3.1415926536  -0.0000000183  -0.0024522992
409.0353634974  0.0000000000  3.1415926536  -0.0000000182  -0.0024447653
410.2920005588  0.0000000000  3.1415926536  -0.0000000181  -0.0024372776
411.5486376203  0.0000000000  3.1415926536  -0.0000000180  -0.0024298356
412.8052746817  0.0000000000  3.1415926536  -0.0000000178  -0.0024224389
414.0619117431  0.0000000000  3.1415926536  -0.0000000177  -0.0024150871
415.3185488046  0.0000000000  3.1415926536  -0.0000000176  -0.0024077798
416.5751858660  0.0000000000  3.1415926536  -0.0000000175  -0.0024005165
417.8318229274  0.0000000000  3.1415926536  -0.0000000174  -0.0023932970
419.0884599889  0.0000000000  3.1415926536  -0.0000000173  -0.0023861208
420.3450970503  0.0000000000  3.1415926536  -0.0000000172  -0.0023789874
421.6017341118  0.0000000000  3.1415926536  -0.0000000171  -0.0023718966
422.8583711732  0.0000000000  3.1415926536  -0.0000000170  -0.0023648479
424.1150082346  0.0000000000  3.1415926536  -0.0000000169  -0.0023578410
425.3716452961  0.0000000000  3.1415926536  -0.0000000168  -0.0023508755
426.6282823575  0.0000000000  3.1415926536  -0.0000000167  -0.0023439511
427.8849194189  0.0000000000  3.1415926536  -0.0000000166  -0.0023370673
429.1415564804  0.0000000000  3.1415926536  -0.0000000165  -0.0023302238
430.3981935418  0.0000000000  3.1415926536  -0.0000000164  -0.0023234203
431.6548306032  0.0000000000  3.1415926536  -0.0000000163  -0.0023166564
432.9114676647  0.0000000000  3.1415926536  -0.0000000162  -0.0023099318
434.1681047261  0.0000000000  3.1415926536  -0.0000000161  -0.0023032460
435.4247417875  0.0000000000  3.1415926536  -0.0000000160  -0.0022965989
436.6813788490  0.0000000000  3.1415926536  -0.0000000160  -0.0022899901
437.9380159104  0.0000000000  3.1415926536  -0.0000000159  -0.0022834191
439.1946529719  0.0000000000  3.1415926536  -0.0000000158  -0.0022768858
440.4512900333  0.0000000000  3.1415926536  -0.0000000157  -0.0022703897
441.7079270947  0.0000000000  3.1415926536  -0.0000000156  -0.0022639306
442.9645641562  0.0000000000  3.1415926536  -0.0000000155  -0.0022575082
444.2212012176  0.0000000000  3.1415926536  -0.0000000154  -0.0022511221
445.4778382790  0.0000000000  3.1415926536  -0.0000000153  -0.0022447720
446.7344753405  0.0000000000  3.1415926536  -0.0000000152  -0.0022384576
447.9911124019  0.0000000000  3.1415926536  -0.0000000152  -0.0022321787
449.2477494633  0.0000000000  3.1415926536  -0.0000000151  -0.0022259349
450.5043865248  0.0000000000  3.1415926536  -0.0000000150  -0.0022197259
451.7610235862  0.0000000000  3.1415926536  -0.0000000149  -0.0022135515
453.0176606476  0.0000000000  3.1415926536  -0.0000000148  -0.0022074113
454.2742977091  0.0000000000  3.1415926536  -0.0000000147  -0.0022013051
455.5309347705  0.0000000000  3.1415926536  -0.0000000147  -0.0021952326
456.7875718320  0.0000000000  3.1415926536  -0.0000000146  -0.0021891934
458.0442088934  0.0000000000  3.1415926536  -0.0000000145  -0.0021831875
459.3008459548  0.0000000000  3.1415926536  -0.0000000144  -0.0021772144
460.5574830163  0.0000000000  3.1415926536  -0.0000000143  -0.0021712738
461.8141200777  0.0000000000  3.1415926536  -0.0000000143  -0.0021653657
463.0707571391  0.0000000000  3.1415926536  -0.0000000142  -0.0021594895
464.3273942006  0.0000000000  3.1415926536  -0.0000000141  -0.0021536452
465.5840312620  0.0000000000  3.1415926536  -0.0000000140  -0.0021478325
466.8406683234  0.0000000000  3.1415926536  -0.0000000140  -0.0021420510
468.0973053849  0.0000000000  3.1415926536  -0.0000000139  -0.0021363006
469.3539424463  0.0000000000  3.1415926536  -0.0000000138  -0.0021305809
470.6105795078  0.0000000000  3.1415926536  -0.0000000137  -0.0021248918
471.8672165692  0.0000000000  3.1415926536  -0.0000000137  -0.0021192330
473.1238536306  0.0000000000  3.1415926536  -0.0000000136  -0.0021136043
474.3804906921  0.0000000000  3.1415926536  -0.0000000135  -0.0021080054
475.6371277535  0.0000000000  3.1415926536  -0.0000000134  -0.0021024360
476.8937648149  0.0000000000  3.1415926536  -0.0000000134  -0.0020968961
478.1504018764  0.0000000000  3.1415926536  -0.0000000133  -0.0020913852
479.4070389378  0.0000000000  3.1415926536  -0.0000000132  -0.0020859032
480.6636759992  0.0000000000  3.1415926536  -0.0000000132  -0.0020804499
481.9203130607  0.0000000000  3.1415926536  -0.0000000131  -0.0020750251
483.1769501221  0.0000000000  3.1415926536  -0.0000000130  -0.0020696284
484.4335871835  0.0000000000  3.1415926536  -0.0000000130  -0.0020642598
485.6902242450  0.0000000000  3.1415926536  -0.0000000129  -0.0020589189
486.9468613064  0.0000000000  3.1415926536  -0.0000000128  -0.0020536056
488.2034983679  0.0000000000  3.1415926536  -0.0000000128  -0.0020483196
489.4601354293  0.0000000000  3.1415926536  -0.0000000127  -0.0020430608
490.7167724907  0.0000000000  3.1415926536  -0.0000000126  -0.0020378289
491.9734095522  0.0000000000  3.1415926536  -0.0000000126  -0.0020326238
493.2300466136  0.0000000000  3.1415926536  -0.0000000125  -0.0020274452
494.4866836750  0.0000000000  3.1415926536  -0.0000000124  -0.0020222929
495.7433207365  0.0000000000  3.1415926536  -0.0000000124  -0.0020171667
496.9999577979  0.0000000000  3.1415926536  -0.0000000123  -0.0020120664
498.2565948593  0.0000000000  3.1415926536  -0.0000000123  -0.0020069919
499.5132319208  0.0000000000  3.1415926536  -0.0000000122  -0.0020019429
500.7698689822  0.0000000000  3.1415926536  -0.0000000121  -0.0019969192
502.0265060436  0.0000000000  3.1415926536  -0.0000000121  -0.0019919207
503.2831431051  0.0000000000  3.1415926536  -0.0000000120  -0.0019869471
504.5397801665  0.0000000000  3.1415926536  -0.0000000119  -0.0019819984
505.7964172280  0.0000000000  3.1415926536  -0.0000000119  -0.0019770742
507.0530542894  0.0000000000  3.1415926536  -0.0000000118  -0.0019721744
508.3096913508  0.0000000000  3.1415926536  -0.0000000118  -0.0019672988
509.5663284123  0.0000000000  3.1415926536  -0.0000000117  -0.0019624473
510.8229654737  0.0000000000  3.1415926536  -0.0000000117  -0.0019576197
512.0796025351  0.0000000000  3.1415926536  -0.0000000116  -0.0019528157
513.3362395966  0.0000000000  3.1415926536  -0.0000000115  -0.0019480353
514.5928766580  0.0000000000  3.1415926536  -0.0000000115  -0.0019432782
515.8495137194  0.0000000000  3.1415926536  -0.0000000114  -0.0019385443
517.1061507809  0.0000000000  3.1415926536  -0.0000000114  -0.0019338334
518.3627878423  0.0000000000  3.1415926536  -0.0000000113  -0.0019291454
519.6194249038  0.0000000000  3.1415926536  -0.0000000113  -0.0019244800
520.8760619652  0.0000000000  3.1415926536  -0.0000000112  -0.0019198371
522.1326990266  0.0000000000  3.1415926536  -0.0000000112  -0.0019152166
523.3893360881  0.0000000000  3.1415926536  -0.0000000111  -0.0019106183
524.6459731495  0.0000000000  3.1415926536  -0.0000000111  -0.0019060420
525.9026102109  0.0000000000  3.1415926536  -0.0000000110  -0.0019014875
527.1592472724  0.0000000000  3.1415926536  -0.0000000109  -0.0018969548
528.4158843338  0.0000000000  3.1415926536  -0.0000000109  -0.0018924436
529.6725213952  0.0000000000  3.1415926536  -0.0000000108  -0.0018879539
530.9291584567  0.0000000000  3.1415926536  -0.0000000108  -0.0018834854
532.1857955181  0.0000000000  3.1415926536  -0.0000000107  -0.0018790380
533.4424325795  0.0000000000  3.1415926536  -0.0000000107  -0.0018746115
534.6990696410  0.0000000000  3.1415926536  -0.0000000106  -0.0018702059
535.9557067024  0.0000000000  3.1415926536  -0.0000000106  -0.0018658209
537.2123437639  0.0000000000  3.1415926536  -0.0000000105  -0.0018614564
538.4689808253  0.0000000000  3.1415926536  -0.0000000105  -0.0018571123
539.7256178867  0.0000000000  3.1415926536  -0.0000000104  -0.0018527885
540.9822549482  0.0000000000  3.1415926536  -0.0000000104  -0.0018484847
542.2388920096  0.0000000000  3.1415926536  -0.0000000103  -0.0018442008
543.4955290710  0.0000000000  3.1415926536  -0.0000000103  -0.0018399368
544.7521661325  0.0000000000  3.1415926536  -0.0000000103  -0.0018356925
546.0088031939  0.0000000000  3.1415926536  -0.0000000102  -0.0018314676
547.2654402553  0.0000000000  3.1415926536  -0.0000000102  -0.0018272622
548.5220773168  0.0000000000  3.1415926536  -0.0000000101  -0.0018230761
549.7787143782  0.0000000000  3.1415926536  -0.0000000101  -0.0018189091
551.0353514396  0.0000000000  3.1415926536  -0.0000000100  -0.0018147611
552.2919885011  0.0000000000  3.1415926536  -0.0000000100  -0.0018106319
553.5486255625  0.0000000000  3.1415926536  -0.0000000099  -0.0018065216
554.8052626240  0.0000000000  3.1415926536  -0.0000000099  -0.0018024298
556.0618996854  0.0000000000  3.1415926536  -0.0000000098  -0.0017983565
557.3185367468  0.0000000000  3.1415926536  -0.0000000098  -0.0017943016
558.5751738083  0.0000000000  3.1415926536  -0.0000000097  -0.0017902650
559.8318108697  0.0000000000  3.1415926536  -0.0000000097  -0.0017862464
561.0884479311  0.0000000000  3.1415926536  -0.0000000097  -0.0017822459
562.3450849926  0.0000000000  3.1415926536  -0.0000000096  -0.0017782633
563.6017220540  0.0000000000  3.1415926536  -0.0000000096  -0.0017742984
564.8583591154  0.0000000000  3.1415926536  -0.0000000095  -0.0017703511
566.1149961769  0.0000000000  3.1415926536  -0.0000000095  -0.0017664214
567.3716332383  0.0000000000  3.1415926536  -0.0000000094  -0.0017625091
568.6282702998  0.0000000000  3.1415926536  -0.0000000094  -0.0017586140
569.8849073612  0.0000000000  3.1415926536  -0.0000000094  -0.0017547362
571.1415444226  0.0000000000  3.1415926536  -0.0000000093  -0.0017508754
572.3981814841  0.0000000000  3.1415926536  -0.0000000093  -0.0017470316
573.6548185455  0.0000000000  3.1415926536  -0.0000000092  -0.0017432046
574.9114556069  0.0000000000  3.1415926536  -0.0000000092  -0.0017393943
576.1680926684  0.0000000000  3.1415926536  -0.0000000092  -0.0017356006
577.4247297298  0.0000000000  3.1415926536  -0.0000000091  -0.0017318235
578.6813667912  0.0000000000  3.1415926536  -0.0000000091  -0.0017280628
579.9380038527  0.0000000000  3.1415926536  -0.0000000090  -0.0017243184
581.1946409141  0.0000000000  3.1415926536  -0.0000000090  -0.0017205901
582.4512779755  0.0000000000  3.1415926536  -0.0000000090  -0.0017168780
583.7079150370  0.0000000000  3.1415926536  -0.0000000089  -0.0017131818
584.9645520984  0.0000000000  3.1415926536  -0.0000000089  -0.0017095015
586.2211891599  0.0000000000  3.1415926536  -0.0000000089  -0.0017058370
587.4778262213  0.0000000000  3.1415926536  -0.0000000088  -0.0017021882
588.7344632827  0.0000000000  3.1415926536  -0.0000000088  -0.0016985549
589.9911003442  0.0000000000  3.1415926536  -0.0000000087  -0.0016949371
591.2477374056  0.0000000000  3.1415926536  -0.0000000087  -0.0016913347
592.5043744670  0.0000000000  3.1415926536  -0.0000000087  -0.0016877476
593.7610115285  0.0000000000  3.1415926536  -0.0000000086  -0.0016841757
595.0176485899  0.0000000000  3.1415926536  -0.0000000086  -0.0016806188
596.2742856513  0.0000000000  3.1415926536  -0.0000000086  -0.0016770770
597.5309227128  0.0000000000  3.1415926536  -0.0000000085  -0.0016735500
598.7875597742  0.0000000000  3.1415926536  -0.0000000085  -0.0016700378
600.0441968357  0.0000000000  3.1415926536  -0.0000000084  -0.0016665404
601.3008338971  0.0000000000  3.1415926536  -0.0000000084  -0.0016630576
602.5574709585  0.0000000000  3.1415926536  -0.0000000084  -0.0016595893
603.8141080200  0.0000000000  3.1415926536  -0.0000000083  -0.0016561354
605.0707450814  0.0000000000  3.1415926536  -0.0000000083  -0.0016526959
606.3273821428  0.0000000000  3.1415926536  -0.0000000083  -0.0016492706
607.5840192043  0.0000000000  3.1415926536  -0.0000000082  -0.0016458595
608.8406562657  0.0000000000  3.1415926536  -0.0000000082  -0.0016424625
610.0972933271  0.0000000000  3.1415926536  -0.0000000082  -0.0016390795
611.3539303886  0.0000000000  3.1415926536  -0.0000000081  -0.0016357104
612.6105674500  0.0000000000  3.1415926536  -0.0000000081  -0.0016323551
613.8672045114  0.0000000000  3.1415926536  -0.0000000081  -0.0016290135
615.1238415729  0.0000000000  3.1415926536  -0.0000000080  -0.0016256856
616.3804786343  0.0000000000  3.1415926536  -0.0000000080  -0.0016223713
617.6371156958  0.0000000000  3.1415926536  -0.0000000080  -0.0016190705
618.8937527572  0.0000000000  3.1415926536  -0.0000000079  -0.0016157830
620.1503898186  0.0000000000  3.1415926536  -0.0000000079  -0.0016125089
621.4070268801  0.0000000000  3.1415926536  -0.0000000079  -0.0016092480
622.6636639415  0.0000000000  3.1415926536  -0.0000000078  -0.0016060003
623.9203010029  0.0000000000  3.1415926536  -0.0000000078  -0.0016027657
625.1769380644  0.0000000000  3.1415926536  -0.0000000078  -0.0015995441
626.4335751258  0.0000000000  3.1415926536  -0.0000000078  -0.0015963354
627.6902121872  0.0000000000  3.1415926536  -0.0000000077  -0.0015931395
628.9468492487  0.0000000000  3.1415926536  0.0000000000  0.0000000000
-627.6902121872  3.1415926536  0.0000000000  32.7400000000  0.0000000000
-626.4335751258  3.1415926536  0.0000000000  0.0000000000  0.0000000000
-625.1769380644  3.1415926536  0.0000000000  0.0000000000  0.0000000000
-623.9203010029  3.1415926536  0.0000000000  0.0000000000  0.0000000000
-622.6636639415  3.1415926536  0.0000000000  0.0000000000  0.0000000000
-621.4070268801  3.1415926536  0.0000000000  0.0000000000  0.0000000000
-620.1503898186  3.1415926536  0.0000000000  0.0000000000  0.0000000000
-618.8937527572  3.1415926536  0.0000000000  0.0000000000  0.0000000000
-617.6371156958  3.1415926536  0.0000000000  0.0000000000  0.0000000000
-616.3804786343  3.1415926536  0.0000000000  0.0000000000  0.0000000000
-615.1238415729  3.1415926536  0.0000000000  0.0000000000  0.0000000000
-613.8672045114  3.1415926536  0.0000000000  0.0000000000  0.0000000000
-612.6105674500  3.1415926536  0.0000000000  0.0000000000  0.0000000000
-611.3539303886  3.1415926536  0.0000000000  0.0000000000  0.0000000000
-610.0972933271  3.1415926536  0.0000000000  0.0000000000  0.0000000000
-608.8406562657  3.1415926536  0.0000000000  0.0000000000  0.0000000000
-607.5840192043  3.1415926536  0.0000000000  0.0000000000  0.0000000000
-606.3273821428  3.1415926536  0.0000000000  0.0000000000  0.0000000000
-605.0707450814  3.1415926536  0.0000000000  0.0000000000  0.0000000000
-603.8141080200  3.1415926536  0.0000000000  0.0000000000  0.0000000000
-602.5574709585  3.1415926536  0.0000000000  0.0000000000  0.0000000000
-601.3008338971  3.1415926536  0.0000000000  0.0000000000  0.0000000000
-600.0441968357  3.1415926536  0.0000000000  0.0000000000  0.0000000000
-598.7875597742  3.1415926536  0.0000000000  0.0000000000  0.0000000000
-597.5309227128  3.1415926536  0.0000000000  0.0000000000  0.0000000000
-596.2742856513  3.1415926536  0.0000000000  -nan  0.0163524598
-595.0176485899  3.1415926536  0.0000000000  0.0000000000  0.0000000000
-593.7610115285  3.1415926536  0.0000000000  0.0000000000  0.0000000000
-592.5043744670  3.1415926536  0.0000000000  0.0000000000  0.0000000000
-591.2477374056  3.1415926536  0.0000000000  30.1100000000  0.0000000000
-589.9911003442  3.1415926536  0.0000000000  0.0066470914  0.0000000000
-588.7344632827  3.1415926536  0.0000000000  0.0000000000  0.0000000000
-587.4778262213  3.1415926536  0.0000000000  0.0000000000  0.0000000000
-586.2211891599  3.1415926536  0.0000000000  0.0000000000  0.0000000000
-584.9645520984  3.1415926536  0.0000000000  0.0000000000  0.0000000000
-583.7079150370  3.1415926536  0.0000000000  0.0000000000  0.0000000000
-582.4512779755  3.1415926536  0.0000000000  0.0000000000  0.0000000000
-581.1946409141  3.1415926536  0.0000000000  0.0000000000  0.0000000000
-579.9380038527  3.1415926536  0.0000000000  0.0000000000  0.0000000000
-578.6813667912  3.1415926536  0.0000000000  0.0000000000  0.0000000000
-577.4247297298  3.1415926536  0.0000000000  0.0000000000  0.0000000000
-576.1680926684  3.1415926536  0.0000000000  0.0000000000  0.0000000000
-574.9114556069  3.1415926536  0.0000000000  0.0000000000  0.0000000000
-573.6548185455  3.1415926536  0.0000000000  0.0000000000  0.0000000000
-572.3981814841  3.1415926536  0.0000000000  0.0000000000  0.0000000000
-571.1415444226  3.1415926536  0.0000000000  0.0000000000  0.0000000000
-569.8849073612  3.1415926536  0.0000000000  0.0000000000  0.0000000000
-568.6282702998  3.1415926536  0.0000000000  0.0000000000  0.0000000000
-567.3716332383  3.1415926536  0.0000000000  0.0000000000  0.0000000000
-566.1149961769  3.1415926536  0.0000000000  0.0000000000  0.0000000000
-564.8583591154  3.1415926536  0.0000000000  0.0000000000  0.0000000000
-563.6017220540  3.1415926536  0.0000000000  0.0000000000  0.0000000000
-562.3450849926  3.1415926536  0.0000000000  0.0000000000  0.0000000000
-561.0884479311  3.1415926536  0.0000000000  0.0000000000  0.0000000000
-559.8318108697  3.1415926536  0.0000000000  -nan  0.0307417065
-558.5751738083  3.1415926536  0.0000000000  0.0000000000  0.0000000000
-557.3185367468  3.1415926536  0.0000000000  0.0000000000  0.0000000000
-556.0618996854  3.1415926536  0.0000000000  0.0000000000  0.0000000000
-554.8052626240  3.1415926536  0.0000000000  28.3950000000  0.0000000000
-553.5486255625  3.1415926536  0.0000000000  -0.0074582286  0.0000000000
-552.2919885011  3.1415926536  0.0000000000  0.0000000000  0.0000000000
-551.0353514396  3.1415926536  0.0000000000  0.0000000000  0.0000000000
-549.7787143782  3.1415926536  0.0000000000  0.0000000000  0.0000000000
-548.5220773168  3.1415926536  0.0000000000  0.0000000000  0.0000000000
-547.2654402553  3.1415926536  0.0000000000  0.0000000000  0.0000000000
-546.0088031939  3.1415926536  0.0000000000  0.0000000000  0.0000000000
-544.7521661325  3.1415926536  0.0000000000  0.0000000000  0.0000000000
-543.4955290710  3.1415926536  0.0000000000  0.0000000000  0.0000000000
-542.2388920096  3.1415926536  0.0000000000  0.0000000000  0.0000000000
-540.9822549482  3.1415926536  0.0000000000  0.0000000000  0.0000000000
-539.7256178867  3.1415926536  0.0000000000  0.0000000000  0.0000000000
-538.4689808253  3.1415926536  0.0000000000  0.0000000000  0.0000000000
-537.2123437639  3.1415926536  0.0000000000  0.0000000000  0.0000000000
-535.9557067024  3.1415926536  0.0000000000  0.0000000000  0.0000000000
-534.6990696410  3.1415926536  0.0000000000  0.0000000000  0.0000000000
-533.4424325795  3.1415926536  0.0000000000  0.0000000000  0.0000000000
-532.1857955181  3.1415926536  0.0000000000  0.0000000000  0.0000000000
-530.9291584567  3.1415926536  0.0000000000  0.0000000000  0.0000000000
-529.6725213952  3.1415926536  0.0000000000  0.0000000000  0.0000000000
-528.4158843338  3.1415926536  0.0000000000  0.0000000000  0.0000000000
-527.1592472724  3.1415926536  0.0000000000  0.0000000000  0.0000000000
-525.9026102109  3.1415926536  0.0000000000  0.0000000000  0.0000000000
-524.6459731495  3.1415926536  0.0000000000  0.0000000000  0.0000000000
-523.3893360881  3.1415926536  0.0000000000  -nan  0.2244293690
-522.1326990266  3.1415926536  0.0000000000  0.0000000000  0.0000000000
-520.8760619652  3.1415926536  0.0000000000  0.0000000000  0.0000000000
-519.6194249038  3.1415926536  0.0000000000  0.0000000000  0.0000000000
-518.3627878423  3.1415926536  0.0000000000  -0.0964436958  0.0000000000
-517.1061507809  3.1415926536  0.0000000000  -6.4611246220  -5.6350265859
-515.8495137194  3.1415926536  0.0000000000  -4.5916371429  -2.8175132929
-514.5928766580  3.1415926536  0.0000000000  -1.9158254503  -1.1479092857
-513.3362395966  3.1415926536  0.0000000000  -0.4437355306  -0.0002190589
-512.0796025351  3.1415926536  0.0000000000  0.3743968187  0.7677202206
-510.8229654737  3.1415926536  0.0000000000  1.9158254503  3.0708808824
-509.5663284123  3.1415926536  0.0000000000  4.5916371429  5.8204684715
-508.3096913508  3.1415926536  0.0000000000  6.5444950573  0.0000000000
-507.0530542894  3.1415926536  0.0000000000  0.0000000000  0.0000000000
-505.7964172280  3.1415926536  0.0000000000  0.0000000000  0.0000000000
-504.5397801665  3.1415926536  0.0000000000  0.0000000000  0.0000000000
-503.2831431051  3.1415926536  0.0000000000  0.0000000000  0.0000000000
-502.0265060436  3.1415926536  0.0000000000  0.0000000000  0.0000000000
-500.7698689822  3.1415926536  0.0000000000  0.0000000000  0.0000000000
-499.5132319208  3.1415926536  0.0000000000  0.0000000000  0.0000000000
-498.2565948593  3.1415926536  0.0000000000  0.0000000000  0.0000000000
-496.9999577979  3.1415926536  0.0000000000  0.0000000000  0.0000000000
-495.7433207365  3.1415926536  0.0000000000  0.0000000000  0.0000000000
-494.4866836750  3.1415926536  0.0000000000  0.0000000000  0.0000000000
-493.2300466136  3.1415926536  0.0000000000  0.0000000000  0.0000000000
-491.9734095522  3.1415926536  0.0000000000  0.0000000000  0.0000000000
-490.7167724907  3.1415926536  0.0000000000  0.0000000000  0.0000000000
-489.4601354293  3.1415926536  0.0000000000  0.0000000000  0.0000000000
-488.2034983679  3.1415926536  0.0000000000  0.0000000000  0.0000000000
-486.9468613064  3.1415926536  0.0000000000  0.0000000000  0.0000000000
-485.6902242450  3.1415926536  0.0000000000  0.0000000000  0.0000000000
-484.4335871835  3.1415926536  0.0000000000  0.0000000000  0.0000000000
-483.1769501221  3.1415926536  0.0000000000  0.0000000000  0.0000000000
-481.9203130607  3.1415926536  0.0000000000  0.0000000000  0.0000000000
-480.6636759992  3.1415926536  0.0000000000  0.0000000000  0.0000000000
-479.4070389378  3.1415926536  0.0000000000  0.0000000000  0.0000000000
-478.1504018764  3.1415926536  0.0000000000  0.0000000000  0.0000000000
-476.8937648149  3.1415926536  0.0000000000  0.0000000000  0.0000000000
-475.6371277535  3.1415926536  0.0000000000  0.0000000000  0.0000000000
-474.3804906921  3.1415926536  0.0000000000  0.0000000000  0.0000000000
-473.1238536306  3.1415926536  0.0000000000  6.4611246220  -0.0000000000
-471.8672165692  3.1415926536  0.0000000000  -0.0000000000  -0.0000000000
-470.6105795078  3.1415926536  0.0000000000  -0.0000000000  0.0000000000
-469.3539424463  3.1415926536  0.0000000000  5.6350265859  -0.0000000000
-468.0973053849  3.1415926536  0.0000000000  -0.0000000000  -0.0000000000
-466.8406683234  3.1415926536  0.0000000000  -0.0000000000  0.0000000000
-465.5840312620  3.1415926536  0.0000000000  4.5916371429  -0.0000000000
-464.3273942006  3.1415926536  0.0000000000  -0.0000000000  -0.0000000000
-463.0707571391  3.1415926536  0.0000000000  -0.0000000000  0.0000000000
-461.8141200777  3.1415926536  0.0000000000  2.8175132929  -0.0000000000
-460.5574830163  3.1415926536  0.0000000000  -0.0000000000  -0.0000000000
-459.3008459548  3.1415926536  0.0000000000  -0.0000000000  0.0000000000
-458.0442088934  3.1415926536  0.0000000000  1.9158254503  -0.0000000000
-456.7875718320  3.1415926536  0.0000000000  -0.0000000000  -0.0000000000
-455.5309347705  3.1415926536  0.0000000000  -0.0000000000  0.0000000000
-454.2742977091  3.1415926536  0.0000000000  1.1479092857  -0.0000000000
-453.0176606476  3.1415926536  0.0000000000  -0.0000000000  -0.0000000000
-451.7610235862  3.1415926536  0.0000000000  -0.0000000000  0.0000000000
-450.5043865248  3.1415926536  0.0000000000  0.4437355306  -0.0000000000
-449.2477494633  3.1415926536  0.0000000000  -0.0000000000  -0.0000000000
-447.9911124019  3.1415926536  0.0000000000  -0.0000000000  0.0000000000
-446.7344753405  3.1415926536  0.0000000000  0.0002190589  -0.0000000000
-445.4778382790  3.1415926536  0.0000000000  -0.0000000000  -0.0000000000
-444.2212012176  3.1415926536  0.0000000000  -0.0000000000  0.0000000000
-442.9645641562  3.1415926536  0.0000000000  -0.3743968187  0.0000000000
-441.7079270947  3.1415926536  0.0000000000  0.0000000000  0.0000000000
-440.4512900333  3.1415926536  0.0000000000  0.0000000000  0.0000000000
-439.1946529719  3.1415926536  0.0000000000  -0.7677202206  0.0000000000
-437.9380159104  3.1415926536  0.0000000000  0.0000000000  0.0000000000
-436.6813788490  3.1415926536  0.0000000000  0.0000000000  0.0000000000
-435.4247417875  3.1415926536  0.0000000000  -1.9158254503  0.0000000000
-434.1681047261  3.1415926536  0.0000000000  0.0000000000  0.0000000000
-432.9114676647  3.1415926536  0.0000000000  0.0000000000  0.0000000000
-431.6548306032  3.1415926536  0.0000000000  -3.0708808824  0.0000000000
-430.3981935418  3.1415926536  0.0000000000  0.0000000000  0.0000000000
-429.1415564804  3.1415926536  0.0000000000  0.0000000000  0.0000000000
-427.8849194189  3.1415926536  0.0000000000  -4.5916371429  0.0000000000
-426.6282823575  3.1415926536  0.0000000000  0.0000000000  0.0000000000
-425.3716452961  3.1415926536  0.0000000000  0.0000000000  0.0000000000
-424.1150082346  3.1415926536  0.0000000000  -5.8204684715  0.0000000000
-422.8583711732  3.1415926536  0.0000000000  0.0000000000  0.0000000000
-421.6017341118  3.1415926536  0.0000000000  0.0000000000  0.0000000000
-420.3450970503  3.1415926536  0.0000000000  -6.5444950573  0.0000000000
-419.0884599889  3.1415926536  0.0000000000  0.0000000000  0.0000000000
-417.8318229274  3.1415926536  0.0000000000  0.0000000000  0.0000000000
-416.5751858660  3.1415926536  0.0000000000  0.0000000000  0.0000000000
-415.3185488046  3.1415926536  0.0000000000  0.0000000000  0.0000000000
-414.0619117431  3.1415926536  0.0000000000  0.0014606005  0.0083473988
-412.8052746817  3.1415926536  0.0000000000  0.9405853785  0.3395572791
-411.5486376203  3.1415926536  0.0000000000  1.0060380014  0.1272344946
-410.2920005588  3.1415926536  0.0000000000  0.9797050690  0.2534319103
-409.0353634974  3.1415926536  0.0000000000  0.9969337685  0.1909825353
-407.7787264360  3.1415926536  0.0000000000  1.0075312695  0.0793505335
-406.5220893745  3.1415926536  0.0000000000  1.0000020495  0.1749650138
-405.2654523131  3.1415926536  0.0000000000  0.9616614973  0.2984928086
-404.0088152516  3.1415926536  0.0000000000  1.0027522275  0.1574484350
-402.7521781902  3.1415926536  0.0000000000  1.0048191255  0.0344613490
-401.4955411288  3.1415926536  0.0000000000  0.9930138837  0.2082837455
-400.2389040673  3.1415926536  0.0000000000  0.9497695577  0.3227787350
-398.9822670059  3.1415926536  0.0000000000  1.0023135814  0.0144453644
-397.7256299445  3.1415926536  0.0000000000  0.0062275379  0.0163524671
-396.4689928830  3.1415926536  0.0000000000  -0.0065324697  -0.0011430302
-395.2123558216  3.1415926536  0.0000000000  0.3039802285  -0.2495791901
-393.9557187602  3.1415926536  0.0000000000  0.7462148941  -0.2183209765
-392.6990816987  3.1415926536  0.0000000000  0.5239144613  -0.2768399280
-391.4424446373  3.1415926536  0.0000000000  0.1625553428  -0.1796933776
-390.1858075759  3.1415926536  0.0000000000  0.4666400757  -0.2779029732
-388.9291705144  3.1415926536  0.0000000000  0.8912936495  -0.1226658930
-387.6725334530  3.1415926536  0.0000000000  0.4051811446  -0.2728208057
-386.4158963915  3.1415926536  0.0000000000  0.0582881594  -0.0853264871
-385.1592593301  3.1415926536  0.0000000000  0.5862752435  -0.2693717611
-383.9026222687  3.1415926536  0.0000000000  0.9589169621  -0.0538936684
-382.6459852072  3.1415926536  0.0000000000  0.0220277546  -0.0367917584
-381.3893481458  3.1415926536  0.0000000000  0.0167659865  0.0233071734
-380.1327110844  3.1415926536  0.0000000000  -0.0246217079  -0.0043082259
-378.8760740229  3.1415926536  0.0000000000  0.0013051058  0.0036543819
-377.6194369615  3.1415926536  0.0000000000  0.4986424942  0.6461315467
-376.3627999001  3.1415926536  0.0000000000  0.9806221572  0.4857353165
-375.1061628386  3.1415926536  0.0000000000  0.6718355331  -0.2281255142
-373.8495257772  3.1415926536  0.0000000000  1.0423927839  0.3721740656
-372.5928887157  3.1415926536  0.0000000000  0.1444561245  0.4062646453
-371.3362516543  3.1415926536  0.0000000000  1.0666965067  0.2338026310
-370.0796145929  3.1415926536  0.0000000000  0.2686248255  -0.1890047021
-368.8229775314  3.1415926536  0.0000000000  0.8768744488  0.5826131635
-367.5663404700  3.1415926536  0.0000000000  0.0322366202  0.1795180661
-366.3097034086  3.1415926536  0.0000000000  0.1038398309  -0.0935835888
-365.0530663471  3.1415926536  0.0000000000  0.0226672642  0.0245084098
-363.7964292857  3.1415926536  0.0000000000  -0.0356657526  -0.0062406767
-362.5397922243  3.1415926536  0.0000000000  0.0034445019  0.0082362471
-361.2831551628  3.1415926536  0.0000000000  -0.0007383531  -0.0006543583
-360.0265181014  3.1415926536  0.0000000000  0.5189733920  -0.5026047967
-358.7698810400  3.1415926536  0.0000000000  0.1601981735  0.2700148653
-357.5132439785  3.1415926536  0.0000000000  0.3091990125  -0.4522249812
-356.2566069171  3.1415926536  0.0000000000  0.5707791133  0.3205048586
-354.9999698556  3.1415926536  0.0000000000  0.1262814683  -0.3157182396
-353.7433327942  3.1415926536  0.0000000000  0.2132156342  0.1390778418
-352.4866957328  3.1415926536  0.0000000000  0.7458071741  -0.4593453767
-351.2300586713  3.1415926536  0.0000000000  0.2147479219  0.2072023388
-349.9734216099  3.1415926536  0.0000000000  0.1159434929  0.0478840581
-348.7167845485  3.1415926536  0.0000000000  0.0307972592  0.0237848304
-347.4601474870  3.1415926536  0.0000000000  -0.0516883986  -0.0090442668
-346.2035104256  3.1415926536  0.0000000000  0.0099145153  0.0186749740
-344.9468733642  3.1415926536  0.0000000000  -0.0043973397  -0.0042448132
-343.6902363027  3.1415926536  0.0000000000  -0.0002701913  0.0004751531
-342.4335992413  3.1415926536  0.0000000000  0.4663869712  0.8605595733
-341.1769621799  3.1415926536  0.0000000000  0.9067316650  -0.3005191179
-339.9203251184  3.1415926536  0.0000000000  0.1722240561  -0.4689298233
-338.6636880570  3.1415926536  0.0000000000  0.5623949903  -0.4435687501
-337.4070509955  3.1415926536  0.0000000000  0.7710702515  0.3504546692
-336.1504139341  3.1415926536  0.0000000000  0.8113501655  0.2891805584
-334.8937768727  3.1415926536  0.0000000000  0.2081687455  -0.2453600364
-333.6371398112  3.1415926536  0.0000000000  0.4167956322  0.0727641837
-332.3805027498  3.1415926536  0.0000000000  0.0404753743  0.0187555634
-331.1238656884  3.1415926536  0.0000000000  -0.0721773315  -0.0126293533
-329.8672286269  3.1415926536  0.0000000000  0.0330146330  0.0408369752
-328.6105915655  3.1415926536  0.0000000000  -0.0214076168  -0.0229507019
-327.3539545041  3.1415926536  0.0000000000  -0.0055690800  0.0073762806
-326.0973174426  3.1415926536  0.0000000000  0.0017918501  0.0026444614
-324.8406803812  3.1415926536  0.0000000000  0.1876404447  -0.1100700477
-323.5840433197  3.1415926536  0.0000000000  -0.3876279623  0.1737779239
-322.3274062583  3.1415926536  0.0000000000  0.1537830492  -0.2951667225
-321.0707691969  3.1415926536  0.0000000000  0.6341885752  -0.6921773763
-319.8141321354  3.1415926536  0.0000000000  -0.1707782603  -0.0987575925
-318.5574950740  3.1415926536  0.0000000000  -0.2940971484  -0.0038015360
-317.3008580126  3.1415926536  0.0000000000  0.1994776534  -0.4336402501
-316.0442209511  3.1415926536  0.0000000000  0.0480206838  0.0074173082
-314.7875838897  3.1415926536  0.0000000000  -0.0906696358  -0.0158650762
-313.5309468283  3.1415926536  0.0000000000  0.1210394628  0.0465803438
-312.2743097668  3.1415926536  0.0000000000  -0.1007456990  -0.0962778159
-311.0176727054  3.1415926536  0.0000000000  -0.1297227114  0.0967880921
-309.7610356440  3.1415926536  0.0000000000  0.0956302489  0.1043155182
-308.5043985825  3.1415926536  0.0000000000  0.0250999218  0.0395102360
-307.2477615211  3.1415926536  0.0000000000  -0.0925052833  -0.9418239218
-305.9911244596  3.1415926536  0.0000000000  0.4437634658  -0.9496191174
-304.7344873982  3.1415926536  0.0000000000  0.0414942053  0.3854698639
-303.4778503368  3.1415926536  0.0000000000  0.2835088708  -0.7160829805
-302.2212132753  3.1415926536  0.0000000000  0.2219428758  -0.5689962911
-300.9645762139  3.1415926536  0.0000000000  0.1072718986  0.2269550595
-299.7079391525  3.1415926536  0.0000000000  0.0480206838  -0.0074173082
-298.4513020910  3.1415926536  0.0000000000  -0.0957068378  -0.0167464693
-297.1946650296  3.1415926536  0.0000000000  0.1209031751  -0.0954025430
-295.9380279682  3.1415926536  0.0000000000  -0.1922256658  -0.0763987518
-294.6813909067  3.1415926536  0.0000000000  -0.1610208963  -0.2769193279
-293.4247538453  3.1415926536  0.0000000000  -0.1590660651  0.3888500386
-292.1681167839  3.1415926536  0.0000000000  0.1488531890  -0.2347047550
-290.9114797224  3.1415926536  0.0000000000  0.4021542972  0.3214053835
-289.6548426610  3.1415926536  0.0000000000  0.4818072364  -0.3809603239
-288.3982055995  3.1415926536  0.0000000000  -0.3772913581  0.1629258946
-287.1415685381  3.1415926536  0.0000000000  0.3790184623  0.5252736140
-285.8849314767  3.1415926536  0.0000000000  0.5894249494  0.2734493542
-284.6282944152  3.1415926536  0.0000000000  -0.2012328875  0.1758561431
-283.3716573538  3.1415926536  0.0000000000  0.0404753743  -0.0187555634
-282.1150202924  3.1415926536  0.0000000000  -0.0849145076  -0.0148580627
-280.8583832309  3.1415926536  0.0000000000  0.0326700129  -0.0819879258
-279.6017461695  3.1415926536  0.0000000000  -0.1001120898  -0.0332710347
-278.3451091081  3.1415926536  0.0000000000  -0.0187327376  -0.0753753189
-277.0884720466  3.1415926536  0.0000000000  -0.0257143291  0.1042487051
-275.8318349852  3.1415926536  0.0000000000  0.0144313819  -0.0324512267
-274.5751979237  3.1415926536  0.0000000000  0.0721591920  0.0878604521
-273.3185608623  3.1415926536  0.0000000000  -0.0407661034  -0.0299677129
-272.0619238009  3.1415926536  0.0000000000  -0.2894512949  -0.5609296750
-270.8052867394  3.1415926536  0.0000000000  0.3446997401  0.5490803895
-269.5486496780  3.1415926536  0.0000000000  -0.0912893306  0.0184480702
-268.2920126166  3.1415926536  0.0000000000  -0.2651903638  -0.2962476984
-267.0353755551  3.1415926536  0.0000000000  0.0307972592  -0.0237848304
-265.7787384937  3.1415926536  0.0000000000  -0.0678410232  -0.0118706002
-264.5221014323  3.1415926536  0.0000000000  0.0094774860  -0.0499862717
-263.2654643708  3.1415926536  0.0000000000  -0.0479289083  -0.0187706383
-262.0088273094  3.1415926536  0.0000000000  -0.0031402863  -0.0274413896
-260.7521902480  3.1415926536  0.0000000000  -0.0043178995  0.0358209912
-259.4955531865  3.1415926536  0.0000000000  0.0027896174  -0.0091306746
-258.2389161251  3.1415926536  0.0000000000  0.0198979321  0.0316091902
-256.9822790636  3.1415926536  0.0000000000  -0.0157858452  -0.0126604855
-255.7256420022  3.1415926536  0.0000000000  0.0018272132  0.0049085447
-254.4690049408  3.1415926536  0.0000000000  0.2552021056  -0.5409826929
-253.2123678793  3.1415926536  0.0000000000  0.1934193593  0.0371053173
-251.9557308179  3.1415926536  0.0000000000  0.6698286982  -0.1262691606
-250.6990937565  3.1415926536  0.0000000000  0.0226672642  -0.0245084098
-249.4424566950  3.1415926536  0.0000000000  -0.0523097705  -0.0091529925
-248.1858196336  3.1415926536  0.0000000000  0.0029941774  -0.0312818517
-246.9291825722  3.1415926536  0.0000000000  -0.0254142850  -0.0112234909
-245.6725455107  3.1415926536  0.0000000000  -0.0004705588  -0.0124568920
-244.4159084493  3.1415926536  0.0000000000  -0.0007442011  0.0152271551
-243.1592713878  3.1415926536  0.0000000000  0.0008048748  -0.0035108054
-241.9026343264  3.1415926536  0.0000000000  0.0069292107  0.0136613960
-240.6459972650  3.1415926536  0.0000000000  -0.0066415499  -0.0059662928
-239.3893602035  3.1415926536  0.0000000000  0.0017179124  0.0034121448
-238.1327231421  3.1415926536  0.0000000000  -0.0003242954  0.0004725911
-236.8760860807  3.1415926536  0.0000000000  0.3044942580  0.3177328528
-235.6194490192  3.1415926536  0.0000000000  0.0256964314  -0.1002771391
-234.3628119578  3.1415926536  0.0000000000  0.0167659865  -0.0233071734
-233.1061748964  3.1415926536  0.0000000000  -0.0404499486  -0.0070777996
-231.8495378349  3.1415926536  0.0000000000  0.0008768531  -0.0207002102
-230.5929007735  3.1415926536  0.0000000000  -0.0149203632  -0.0071182158
-229.3362637121  3.1415926536  0.0000000000  0.0000678361  -0.0066023695
-228.0796266506  3.1415926536  0.0000000000  -0.0000297943  0.0076368144
-226.8229895892  3.1415926536  0.0000000000  0.0003021761  -0.0016566800
-225.5663525277  3.1415926536  0.0000000000  0.0029237377  0.0068437286
-224.3097154663  3.1415926536  0.0000000000  -0.0032121344  -0.0031595909
-223.0530784049  3.1415926536  0.0000000000  0.0012382261  0.0020848922
-221.7964413434  3.1415926536  0.0000000000  -0.0003074120  0.0004792444
-220.5398042820  3.1415926536  0.0000000000  -0.0000240377  -0.0000176147
-219.2831672206  3.1415926536  0.0000000000  -0.2076128048  0.3063392264
-218.0265301591  3.1415926536  0.0000000000  0.0062275379  -0.0163524671
-216.7698930977  3.1415926536  0.0000000000  -0.0176376682  -0.0030861815
-215.5132560363  3.1415926536  0.0000000000  -0.0003004649  -0.0063314820
-214.2566189748  3.1415926536  0.0000000000  -0.0035185245  -0.0019261752
-212.9999819134  3.1415926536  0.0000000000  0.0001233883  -0.0012682717
-211.7433448520  3.1415926536  0.0000000000  0.0001000576  0.0012850673
-210.4867077905  3.1415926536  0.0000000000  0.0000247343  -0.0002495675
-209.2300707291  3.1415926536  0.0000000000  0.0003091802  0.0011079184
-207.9734336676  3.1415926536  0.0000000000  -0.0004734947  -0.0005670224
-206.7167966062  3.1415926536  0.0000000000  0.0003341320  0.0004266851
-205.4601595448  3.1415926536  0.0000000000  -0.0000986345  0.0001779691
-204.2035224833  3.1415926536  0.0000000000  -0.0000218392  -0.0000229739
-202.9468854219  3.1415926536  0.0000000000  -0.0000022103  -0.0000052542
-201.6902483605  3.1415926536  0.0000000000  0.0000000000  0.0000000000
-200.4336112990  3.1415926536  0.0000000000  0.0000000000  0.0000000000
-199.1769742376  3.1415926536  0.0000000000  0.0000000000  0.0000000000
-197.9203371762  3.1415926536  0.0000000000  0.0000000000  0.0000000000
-196.6637001147  3.1415926536  0.0000000000  0.0000000000  0.0000000000
-195.4070630533  3.1415926536  0.0000000000  0.0000000000  0.0000000000
-194.1504259918  3.1415926536  0.0000000000  0.0000000000  0.0000000000
-192.8937889304  3.1415926536  0.0000000000  0.0000000000  0.0000000000
-191.6371518690  3.1415926536  0.0000000000  0.0000000000  0.0000000000
-190.3805148075  3.1415926536  0.0000000000  0.0000000000  0.0000000000
-189.1238777461  3.1415926536  0.0000000000  0.0000000000  0.0000000000
-187.8672406847  3.1415926536  0.0000000000  0.0000000000  0.0000000000
-186.6106036232  3.1415926536  0.0000000000  0.0000000000  0.0000000000
-185.3539665618  3.1415926536  0.0000000000  0.0000000000  0.0000000000
-184.0973295004  3.1415926536  0.0000000000  0.0000000000  0.0000000000
-182.8406924389  3.1415926536  0.0000000000  0.0000000000  0.0000000000
-181.5840553775  3.1415926536  0.0000000000  0.0000000000  0.0000000000
-180.3274183161  3.1415926536  0.0000000000  0.0000000000  0.0000000000
-179.0707812546  3.1415926536  0.0000000000  0.0000000000  0.0000000000
-177.8141441932  3.1415926536  0.0000000000  0.0000000000  0.0000000000
-176.5575071317  3.1415926536  0.0000000000  0.0000000000  0.0000000000
-175.3008700703  3.1415926536  0.0000000000  0.0000000000  0.0000000000
-174.0442330089  3.1415926536  0.0000000000  0.0000000000  0.0000000000
-172.7875959474  3.1415926536  0.0000000000  0.0000000000  0.0000000000
-171.5309588860  3.1415926536  0.0000000000  0.0000000000  0.0000000000
-170.2743218246  3.1415926536  0.0000000000  0.0000000000  0.0000000000
-169.0176847631  3.1415926536  0.0000000000  0.0000000000  0.0000000000
-167.7610477017  3.1415926536  0.0000000000  0.0000000000  0.0000000000
-166.5044106403  3.1415926536  0.0000000000  0.0000000000  0.0000000000
-165.2477735788  3.1415926536  0.0000000000  -0.7797619210  0.0000000000
-163.9911365174  3.1415926536  0.0000000000  0.0000000000  0.0000000000
-162.7344994560  3.1415926536  0.0000000000  0.0000000000  0.0000000000
-161.4778623945  3.1415926536  0.0000000000  0.0000000000  0.0000000000
-160.2212253331  3.1415926536  0.0000000000  -1.8616921834  0.0000000000
-158.9645882716  3.1415926536  0.0000000000  0.0000000000  0.0000000000
-157.7079512102  3.1415926536  0.0000000000  0.0000000000  0.0000000000
-156.4513141488  3.1415926536  0.0000000000  0.0000000000  0.0000000000
-155.1946770873  3.1415926536  0.0000000000  -2.9859523160  0.0000000000
-153.9380400259  3.1415926536  0.0000000000  0.0000000000  0.0000000000
-152.6814029645  3.1415926536  0.0000000000  0.0000000000  0.0000000000
-151.4247659030  3.1415926536  0.0000000000  0.0000000000  0.0000000000
-150.1681288416  3.1415926536  0.0000000000  -3.6177927121  0.0000000000
-148.9114917802  3.1415926536  0.0000000000  0.0000000000  0.0000000000
-147.6548547187  3.1415926536  0.0000000000  0.0000000000  0.0000000000
-146.3982176573  3.1415926536  0.0000000000  0.0000000000  0.0000000000
-145.1415805958  3.1415926536  0.0000000000  -4.0678214544  0.0000000000
-143.8849435344  3.1415926536  0.0000000000  0.0000000000  0.0000000000
-142.6283064730  3.1415926536  0.0000000000  0.0000000000  0.0000000000
-141.3716694115  3.1415926536  0.0000000000  0.0000000000  0.0000000000
-140.1150323501  3.1415926536  0.0000000000  0.4063755503  0.0000000000
-138.8583952887  3.1415926536  0.0000000000  0.0000000000  0.0000000000
-137.6017582272  3.1415926536  0.0000000000  0.0000000000  0.0000000000
-136.3451211658  3.1415926536  0.0000000000  0.0000000000  0.0000000000
-135.0884841044  3.1415926536  0.0000000000  0.0002723182  0.0000000000
-133.8318470429  3.1415926536  0.0000000000  0.0000000000  0.0000000000
-132.5752099815  3.1415926536  0.0000000000  0.0000000000  0.0000000000
-131.3185729201  3.1415926536  0.0000000000  0.0000000000  0.0000000000
-130.0619358586  3.1415926536  0.0000000000  -0.0000000000  0.0000000000
-128.8052987972  3.1415926536  0.0000000000  0.0000000000  0.0000000000
-127.5486617357  3.1415926536  0.0000000000  -nan  0.0000000000
-126.2920246743  3.1415926536  0.0000000000  0.0000000000  0.0000000000
-125.0353876129  3.1415926536  0.0000000000  0.0000000000  0.0000000000
-123.7787505514  3.1415926536  0.0000000000  0.0000000000  0.0000000000
-122.5221134900  3.1415926536  0.0000000000  0.0000000000  0.0000000000
-121.2654764286  3.1415926536  0.0000000000  0.0000000000  0.0000000000
-120.0088393671  3.1415926536  0.0000000000  -0.3732440395  0.0000000000
-118.7522023057  3.1415926536  0.0000000000  0.0000000000  0.0000000000
-117.4955652443  3.1415926536  0.0000000000  0.0000000000  0.0000000000
-116.2389281828  3.1415926536  0.0000000000  0.0000000000  0.0000000000
-114.9822911214  3.1415926536  0.0000000000  -0.7797619210  0.0000000000
-113.7256540600  3.1415926536  0.0000000000  0.0000000000  0.0000000000
-112.4690169985  3.1415926536  0.0000000000  0.0000000000  0.0000000000
-111.2123799371  3.1415926536  0.0000000000  0.0000000000  0.0000000000
-109.9557428756  3.1415926536  0.0000000000  -1.8616921834  0.0000000000
-108.6991058142  3.1415926536  0.0000000000  0.0000000000  0.0000000000
-107.4424687528  3.1415926536  0.0000000000  0.0000000000  0.0000000000
-106.1858316913  3.1415926536  0.0000000000  0.0000000000  0.0000000000
-104.9291946299  3.1415926536  0.0000000000  -2.9859523160  0.0000000000
-103.6725575685  3.1415926536  0.0000000000  0.0000000000  0.0000000000
-102.4159205070  3.1415926536  0.0000000000  0.0000000000  0.0000000000
-101.1592834456  3.1415926536  0.0000000000  0.0000000000  0.0000000000
-99.9026463842  3.1415926536  0.0000000000  -3.6177927121  0.0000000000
-98.6460093227  3.1415926536  0.0000000000  0.0000000000  0.0000000000
-97.3893722613  3.1415926536  0.0000000000  0.0000000000  0.0000000000
-96.1327351998  3.1415926536  0.0000000000  0.0000000000  0.0000000000
-94.8760981384  3.1415926536  0.0000000000  0.0000000000  0.0000000000
-93.6194610770  3.1415926536  0.0000000000  -9.9946473081  -8.8889255825
-92.3628240155  3.1415926536  0.0000000000  -7.3364921769  -4.5741822689
-91.1061869541  3.1415926536  0.0000000000  -2.9258177311  -1.8341230442
-89.8495498927  3.1415926536  0.0000000000  -0.7638843022  -0.3512750301
-88.5929128312  3.1415926536  0.0000000000  0.0003345432  0.4185250835
-87.3362757698  3.1415926536  0.0000000000  1.1435455672  1.8341230442
-86.0796387084  3.1415926536  0.0000000000  2.6289090731  4.3028608628
-84.8230016469  3.1415926536  0.0000000000  6.3942782745  8.6057217255
-83.5663645855  3.1415926536  0.0000000000  9.9946473081  0.0000000000
-82.3097275241  3.1415926536  0.0000000000  1.0000000000  0.0000000000
-81.0530904626  3.1415926536  0.0000000000  1.0000000000  0.0000000000
-79.7964534012  3.1415926536  0.0000000000  1.0000000000  0.0000000000
-78.5398163397  3.1415926536  0.0000000000  0.9999999999  0.0000000000
-77.2831792783  3.1415926536  0.0000000000  0.9999995567  0.0000000000
-76.0265422169  3.1415926536  0.0000000000  0.9998959584  0.0000000000
-74.7699051554  3.1415926536  0.0000000000  0.9785305605  0.0000000000
-73.5132680940  3.1415926536  0.0000000000  0.8527550919  0.0000000000
-72.2566310326  3.1415926536  0.0000000000  0.4995818210  0.0000000000
-70.9999939711  3.1415926536  0.0000000000  0.1098156605  0.0000000000
-69.7433569097  3.1415926536  0.0000000000  0.0032764013  0.0000000000
-68.4867198483  3.1415926536  0.0000000000  0.0001040416  0.0000000000
-67.2300827868  3.1415926536  0.0000000000  0.0000019561  0.0000000000
-65.9734457254  3.1415926536  0.0000000000  0.0000000005  0.0000000000
-64.7168086639  3.1415926536  0.0000000000  0.0000000000  0.0000000000
-63.4601716025  3.1415926536  0.0000000000  0.0000000000  0.0000000000
-62.2035345411  3.1415926536  0.0000000000  0.0000000000  0.0000000000
-60.9468974796  3.1415926536  0.0000000000  0.0000000000  0.0000000000
-59.6902604182  3.1415926536  0.0000000000  0.0000000000  0.0000000000
-58.4336233568  3.1415926536  0.0000000000  0.0000000000  0.0000000000
-57.1769862953  3.1415926536  0.0000000000  -49.9732365405  -44.4446279127
-55.9203492339  3.1415926536  0.0000000000  -36.6824608846  -22.8709113444
-54.6637121725  3.1415926536  0.0000000000  -14.6290886556  -9.1706152212
-53.4070751110  3.1415926536  0.0000000000  -3.8194215109  -1.7563751504
-52.1504380496  3.1415926536  0.0000000000  0.0016727162  2.0926254177
-50.8938009882  3.1415926536  0.0000000000  5.7177278361  9.1706152212
-49.6371639267  3.1415926536  0.0000000000  13.1445453654  21.5143043139
-48.3805268653  3.1415926536  0.0000000000  31.9713913723  43.0286086277
-47.1238898038  3.1415926536  0.0000000000  49.9732365405  0.0000000000
-45.8672527424  3.1415926536  0.0000000000  -nan  -nan
-44.6106156810  3.1415926536  0.0000000000  -nan  -nan
-43.3539786195  3.1415926536  0.0000000000  0.0000000000  0.0000000000
-42.0973415581  3.1415926536  0.0000000000  0.0000000000  0.0000000000
-40.8407044967  3.1415926536  0.0000000000  0.0000000000  0.0000000000
-39.5840674352  3.1415926536  0.0000000000  0.0000000000  0.0000000000
-38.3274303738  3.1415926536  0.0000000000  0.0000000000  0.0000000000
-37.0707933124  3.1415926536  0.0000000000  0.0000000000  0.0000000000
-35.8141562509  3.1415926536  0.0000000000  0.0000000000  0.0000000000
-34.5575191895  3.1415926536  0.0000000000  0.0000000000  0.0000000000
-33.3008821281  3.1415926536  0.0000000000  6.2543345948  5.8857366633
-32.0442450666  3.1415926536  0.0000000000  5.6178131419  0.0000000000
-30.7876080052  3.1415926536  0.0000000000  0.0000000000  0.0000000000
-29.5309709437  3.1415926536  0.0000000000  0.0000000000  0.0000000000
-28.2743338823  3.1415926536  0.0000000000  0.0000000000  0.0000000000
-27.0176968209  3.1415926536  0.0000000000  0.0000000000  0.0000000000
-25.7610597594  3.1415926536  0.0000000000  0.0000000000  3.1415926536
-24.5044226980  3.1415926536  0.0000000000  0.0000000000  0.0000000000
-23.2477856366  3.1415926536  0.0000000000  -9.9946473081  -8.8889255825
-21.9911485751  3.1415926536  0.0000000000  -7.3364921769  -4.5741822689
-20.7345115137  3.1415926536  0.0000000000  -2.9258177311  -1.8341230442
-19.4778744523  3.1415926536  0.0000000000  -0.7638843022  -0.3512750301
-18.2212373908  3.1415926536  0.0000000000  0.0003345432  0.4185250835
-16.9646003294  3.1415926536  0.0000000000  1.1435455672  1.8341230442
-15.7079632679  3.1415926536  0.0000000000  2.6289090731  4.3028608628
-14.4513262065  3.1415926536  0.0000000000  6.3942782745  8.6057217255
-13.1946891451  3.1415926536  0.0000000000  9.9946473081  0.0000000000
-11.9380520836  3.1415926536  0.0000000000  0.0000000000  0.0000000000
-10.6814150222  3.1415926536  0.0000000000  0.0000000000  0.0000000000
-9.4247779608  3.1415926536  0.0000000000  -nan  -nan
-8.1681408993  3.1415926536  0.0000000000  -nan  -nan
-6.9115038379  3.1415926536  0.0000000000  0.0000000000  0.0000000000
-5.6548667765  3.1415926536  0.0000000000  0.0000000000  0.0000000000
-4.3982297150  3.1415926536  0.0000000000  0.0000000000  0.0000000000
-3.1415926536  3.1415926536  0.0000000000  0.0000000000  0.0000000000
-1.8849555922  3.1415926536  0.0000000000  0.0000000000  0.0000000000
-0.6283185307  3.1415926536  0.0000000000  0.0000000000  0.0000000000
0.6283185307  3.1415926536  0.0000000000  -0.0029295855  -1.0445553908
1.8849555922  3.1415926536  0.0000000000  -0.0006252290  -0.4703330216
3.1415926536  3.1415926536  0.0000000000  -0.0002635885  -0.3009393068
4.3982297150  3.1415926536  0.0000000000  -0.0001432611  -0.2201901009
5.6548667765  3.1415926536  0.0000000000  -0.0000894113  -0.1732281035
6.9115038379  3.1415926536  0.0000000000  -0.0000608984  -0.1426260031
8.1681408993  3.1415926536  0.0000000000  -0.0000440888  -0.1211447747
9.4247779608  3.1415926536  0.0000000000  -0.0000333641  -0.1052531435
10.6814150222  3.1415926536  0.0000000000  -0.0000261075  -0.0930287771
11.9380520836  3.1415926536  0.0000000000  -0.0000209732  -0.0833377287
13.1946891451  3.1415926536  0.0000000000  -0.0000172106  -0.0754687091
14.4513262065  3.1415926536  0.0000000000  -0.0000143734  -0.0689533295
15.7079632679  3.1415926536  0.0000000000  -0.0000121825  -0.0634707532
16.9646003294  3.1415926536  0.0000000000  -0.0000104561  -0.0587939287
18.2212373908  3.1415926536  0.0000000000  -0.0000090720  -0.0547577049
19.4778744523  3.1415926536  0.0000000000  -0.0000079454  -0.0512391112
20.7345115137  3.1415926536  0.0000000000  -0.0000070164  -0.0481447159
21.9911485751  3.1415926536  0.0000000000  -0.0000062413  -0.0454022694
23.2477856366  3.1415926536  0.0000000000  -0.0000055879  -0.0429550294
24.5044226980  3.1415926536  0.0000000000  -0.0000050320  -0.0407578166
25.7610597594  3.1415926536  0.0000000000  -0.0000045551  -0.0387742146
27.0176968209  3.1415926536  0.0000000000  -0.0000041429  -0.0369745454
28.2743338823  3.1415926536  0.0000000000  -0.0000037843  -0.0353343810
29.5309709437  3.1415926536  0.0000000000  -0.0000034702  -0.0338334323
30.7876080052  3.1415926536  0.0000000000  -0.0000031937  -0.0324547090
32.0442450666  3.1415926536  0.0000000000  -0.0000029490  -0.0311838756
33.3008821281  3.1415926536  0.0000000000  -0.0000027314  -0.0300087527
34.5575191895  3.1415926536  0.0000000000  -0.0000025370  -0.0289189267
35.8141562509  3.1415926536  0.0000000000  -0.0000023626  -0.0279054409
37.0707933124  3.1415926536  0.0000000000  -0.0000022056  -0.0269605495
38.3274303738  3.1415926536  0.0000000000  -0.0000020637  -0.0260775201
39.5840674352  3.1415926536  0.0000000000  -0.0000019351  -0.0252504728
40.8407044967  3.1415926536  0.0000000000  -0.0000018182  -0.0244742497
42.0973415581  3.1415926536  0.0000000000  -0.0000017115  -0.0237443074
43.3539786195  3.1415926536  0.0000000000  -0.0000016140  -0.0230566283
44.6106156810  3.1415926536  0.0000000000  -0.0000015245  -0.0224076464
45.8672527424  3.1415926536  0.0000000000  -0.0000014423  -0.0217941859
47.1238898038  3.1415926536  0.0000000000  -0.0000013666  -0.0212134090
48.3805268653  3.1415926536  0.0000000000  -0.0000012966  -0.0206627724
49.6371639267  3.1415926536  0.0000000000  -0.0000012319  -0.0201399898
50.8938009882  3.1415926536  0.0000000000  -0.0000011720  -0.0196430005
52.1504380496  3.1415926536  0.0000000000  -0.0000011163  -0.0191699421
53.4070751110  3.1415926536  0.0000000000  -0.0000010644  -0.0187191271
54.6637121725  3.1415926536  0.0000000000  -0.0000010161  -0.0182890231
55.9203492339  3.1415926536  0.0000000000  -0.0000009711  -0.0178782353
57.1769862953  3.1415926536  0.0000000000  -0.0000009289  -0.0174854913
58.4336233568  3.1415926536  0.0000000000  -0.0000008894  -0.0171096281
59.6902604182  3.1415926536  0.0000000000  -0.0000008524  -0.0167495803
60.9468974796  3.1415926536  0.0000000000  -0.0000008177  -0.0164043707
62.2035345411  3.1415926536  0.0000000000  -0.0000007850  -0.0160731005
63.4601716025  3.1415926536  0.0000000000  -0.0000007543  -0.0157549424
64.7168086639  3.1415926536  0.0000000000  -0.0000007253  -0.0154491331
65.9734457254  3.1415926536  0.0000000000  -0.0000006980  -0.0151549675
67.2300827868  3.1415926536  0.0000000000  -0.0000006722  -0.0148717931
68.4867198483  3.1415926536  0.0000000000  -0.0000006478  -0.0145990053
69.7433569097  3.1415926536  0.0000000000  -0.0000006246  -0.0143360430
70.9999939711  3.1415926536  0.0000000000  -0.0000006028  -0.0140823848
72.2566310326  3.1415926536  0.0000000000  -0.0000005820  -0.0138375456
73.5132680940  3.1415926536  0.0000000000  -0.0000005623  -0.0136010734
74.7699051554  3.1415926536  0.0000000000  -0.0000005436  -0.0133725466
76.0265422169  3.1415926536  0.0000000000  -0.0000005258  -0.0131515713
77.2831792783  3.1415926536  0.0000000000  -0.0000005088  -0.0129377795
78.5398163397  3.1415926536  0.0000000000  -0.0000004927  -0.0127308264
79.7964534012  3.1415926536  0.0000000000  -0.0000004773  -0.0125303891
81.0530904626  3.1415926536  0.0000000000  -0.0000004626  -0.0123361648
82.3097275241  3.1415926536  0.0000000000  -0.0000004486  -0.0121478690
83.5663645855  3.1415926536  0.0000000000  -0.0000004352  -0.0119652343
84.8230016469  3.1415926536  0.0000000000  -0.0000004224  -0.0117880093
86.0796387084  3.1415926536  0.0000000000  -0.0000004102  -0.0116159571
87.3362757698  3.1415926536  0.0000000000  -0.0000003985  -0.0114488546
88.5929128312  3.1415926536  0.0000000000  -0.0000003873  -0.0112864911
89.8495498927  3.1415926536  0.0000000000  -0.0000003765  -0.0111286680
91.1061869541  3.1415926536  0.0000000000  -0.0000003662  -0.0109751975
92.3628240155  3.1415926536  0.0000000000  -0.0000003563  -0.0108259018
93.6194610770  3.1415926536  0.0000000000  -0.0000003468  -0.0106806131
94.8760981384  3.1415926536  0.0000000000  -0.0000003377  -0.0105391720
96.1327351998  3.1415926536  0.0000000000  -0.0000003289  -0.0104014279
97.3893722613  3.1415926536  0.0000000000  -0.0000003205  -0.0102672376
98.6460093227  3.1415926536  0.0000000000  -0.0000003124  -0.0101364653
99.9026463842  3.1415926536  0.0000000000  -0.0000003046  -0.0100089821
101.1592834456  3.1415926536  0.0000000000  -0.0000002971  -0.0098846655
102.4159205070  3.1415926536  0.0000000000  -0.0000002898  -0.0097633990
103.6725575685  3.1415926536  0.0000000000  -0.0000002829  -0.0096450716
104.9291946299  3.1415926536  0.0000000000  -0.0000002761  -0.0095295778
106.1858316913  3.1415926536  0.0000000000  -0.0000002696  -0.0094168170
107.4424687528  3.1415926536  0.0000000000  -0.0000002634  -0.0093066934
108.6991058142  3.1415926536  0.0000000000  -0.0000002573  -0.0091991155
109.9557428756  3.1415926536  0.0000000000  -0.0000002515  -0.0090939961
111.2123799371  3.1415926536  0.0000000000  -0.0000002458  -0.0089912517
112.4690169985  3.1415926536  0.0000000000  -0.0000002404  -0.0088908030
113.7256540600  3.1415926536  0.0000000000  -0.0000002351  -0.0087925737
114.9822911214  3.1415926536  0.0000000000  -0.0000002300  -0.0086964911
116.2389281828  3.1415926536  0.0000000000  -0.0000002250  -0.0086024856
117.4955652443  3.1415926536  0.0000000000  -0.0000002202  -0.0085104906
118.7522023057  3.1415926536  0.0000000000  -0.0000002156  -0.0084204423
120.0088393671  3.1415926536  0.0000000000  -0.0000002111  -0.0083322795
121.2654764286  3.1415926536  0.0000000000  -0.0000002068  -0.0082459436
122.5221134900  3.1415926536  0.0000000000  -0.0000002026  -0.0081613784
123.7787505514  3.1415926536  0.0000000000  -0.0000001985  -0.0080785300
125.0353876129  3.1415926536  0.0000000000  -0.0000001945  -0.0079973467
126.2920246743  3.1415926536  0.0000000000  -0.0000001906  -0.0079177788
127.5486617357  3.1415926536  0.0000000000  -0.0000001869  -0.0078397784
128.8052987972  3.1415926536  0.0000000000  -0.0000001833  -0.0077632998
130.0619358586  3.1415926536  0.0000000000  -0.0000001798  -0.0076882989
131.3185729201  3.1415926536  0.0000000000  -0.0000001763  -0.0076147331
132.5752099815  3.1415926536  0.0000000000  -0.0000001730  -0.0075425619
133.8318470429  3.1415926536  0.0000000000  -0.0000001698  -0.0074717457
135.0884841044  3.1415926536  0.0000000000  -0.0000001666  -0.0074022469
136.3451211658  3.1415926536  0.0000000000  -0.0000001636  -0.0073340291
137.6017582272  3.1415926536  0.0000000000  -0.0000001606  -0.0072670570
138.8583952887  3.1415926536  0.0000000000  -0.0000001577  -0.0072012970
140.1150323501  3.1415926536  0.0000000000  -0.0000001549  -0.0071367164
141.3716694115  3.1415926536  0.0000000000  -0.0000001522  -0.0070732838
142.6283064730  3.1415926536  0.0000000000  -0.0000001495  -0.0070109688
143.8849435344  3.1415926536  0.0000000000  -0.0000001469  -0.0069497421
145.1415805958  3.1415926536  0.0000000000  -0.0000001444  -0.0068895756
146.3982176573  3.1415926536  0.0000000000  -0.0000001419  -0.0068304418
147.6548547187  3.1415926536  0.0000000000  -0.0000001395  -0.0067723145
148.9114917802  3.1415926536  0.0000000000  -0.0000001371  -0.0067151681
150.1681288416  3.1415926536  0.0000000000  -0.0000001349  -0.0066589780
151.4247659030  3.1415926536  0.0000000000  -0.0000001326  -0.0066037205
152.6814029645  3.1415926536  0.0000000000  -0.0000001305  -0.0065493724
153.9380400259  3.1415926536  0.0000000000  -0.0000001283  -0.0064959116
155.1946770873  3.1415926536  0.0000000000  -0.0000001263  -0.0064433164
156.4513141488  3.1415926536  0.0000000000  -0.0000001242  -0.0063915661
157.7079512102  3.1415926536  0.0000000000  -0.0000001223  -0.0063406404
158.9645882716  3.1415926536  0.0000000000  -0.0000001203  -0.0062905198
160.2212253331  3.1415926536  0.0000000000  -0.0000001185  -0.0062411854
161.4778623945  3.1415926536  0.0000000000  -0.0000001166  -0.0061926187
162.7344994560  3.1415926536  0.0000000000  -0.0000001148  -0.0061448020
163.9911365174  3.1415926536  0.0000000000  -0.0000001131  -0.0060977180
165.2477735788  3.1415926536  0.0000000000  -0.0000001114  -0.0060513502
166.5044106403  3.1415926536  0.0000000000  -0.0000001097  -0.0060056821
167.7610477017  3.1415926536  0.0000000000  -0.0000001081  -0.0059606982
169.0176847631  3.1415926536  0.0000000000  -0.0000001065  -0.0059163831
170.2743218246  3.1415926536  0.0000000000  -0.0000001049  -0.0058727220
171.5309588860  3.1415926536  0.0000000000  -0.0000001034  -0.0058297007
172.7875959474  3.1415926536  0.0000000000  -0.0000001019  -0.0057873050
174.0442330089  3.1415926536  0.0000000000  -0.0000001004  -0.0057455215
175.3008700703  3.1415926536  0.0000000000  -0.0000000990  -0.0057043370
176.5575071317  3.1415926536  0.0000000000  -0.0000000976  -0.0056637388
177.8141441932  3.1415926536  0.0000000000  -0.0000000962  -0.0056237143
179.0707812546  3.1415926536  0.0000000000  -0.0000000948  -0.0055842515
180.3274183161  3.1415926536  0.0000000000  -0.0000000935  -0.0055453387
181.5840553775  3.1415926536  0.0000000000  -0.0000000922  -0.0055069644
182.8406924389  3.1415926536  0.0000000000  -0.0000000910  -0.0054691176
184.0973295004  3.1415926536  0.0000000000  -0.0000000897  -0.0054317874
185.3539665618  3.1415926536  0.0000000000  -0.0000000885  -0.0053949634
186.6106036232  3.1415926536  0.0000000000  -0.0000000873  -0.0053586352
187.8672406847  3.1415926536  0.0000000000  -0.0000000862  -0.0053227931
189.1238777461  3.1415926536  0.0000000000  -0.0000000850  -0.0052874272
190.3805148075  3.1415926536  0.0000000000  -0.0000000839  -0.0052525281
191.6371518690  3.1415926536  0.0000000000  -0.0000000828  -0.0052180868
192.8937889304  3.1415926536  0.0000000000  -0.0000000817  -0.0051840941
194.1504259918  3.1415926536  0.0000000000  -0.0000000807  -0.0051505415
195.4070630533  3.1415926536  0.0000000000  -0.0000000797  -0.0051174203
196.6637001147  3.1415926536  0.0000000000  -0.0000000786  -0.0050847225
197.9203371762  3.1415926536  0.0000000000  -0.0000000776  -0.0050524398
199.1769742376  3.1415926536  0.0000000000  -0.0000000767  -0.0050205644
200.4336112990  3.1415926536  0.0000000000  -0.0000000757  -0.0049890887
201.6902483605  3.1415926536  0.0000000000  -0.0000000748  -0.0049580052
202.9468854219  3.1415926536  0.0000000000  -0.0000000738  -0.0049273066
204.2035224833  3.1415926536  0.0000000000  -0.0000000729  -0.0048969858
205.4601595448  3.1415926536  0.0000000000  -0.0000000720  -0.0048670359
206.7167966062  3.1415926536  0.0000000000  -0.0000000712  -0.0048374501
207.9734336676  3.1415926536  0.0000000000  -0.0000000703  -0.0048082219
209.2300707291  3.1415926536  0.0000000000  -0.0000000695  -0.0047793447
210.4867077905  3.1415926536  0.0000000000  -0.0000000686  -0.0047508123
211.7433448520  3.1415926536  0.0000000000  -0.0000000678  -0.0047226185
212.9999819134  3.1415926536  0.0000000000  -0.0000000670  -0.0046947574
214.2566189748  3.1415926536  0.0000000000  -0.0000000663  -0.0046672230
215.5132560363  3.1415926536  0.0000000000  -0.0000000655  -0.0046400098
216.7698930977  3.1415926536  0.0000000000  -0.0000000647  -0.0046131121
218.0265301591  3.1415926536  0.0000000000  -0.0000000640  -0.0045865244
219.2831672206  3.1415926536  0.0000000000  -0.0000000633  -0.0045602414
220.5398042820  3.1415926536  0.0000000000  -0.0000000625  -0.0045342579
221.7964413434  3.1415926536  0.0000000000  -0.0000000618  -0.0045085689
223.0530784049  3.1415926536  0.0000000000  -0.0000000611  -0.0044831693
224.3097154663  3.1415926536  0.0000000000  -0.0000000604  -0.0044580543
225.5663525277  3.1415926536  0.0000000000  -0.0000000598  -0.0044332190
226.8229895892  3.1415926536  0.0000000000  -0.0000000591  -0.0044086590
228.0796266506  3.1415926536  0.0000000000  -0.0000000585  -0.0043843696
229.3362637121  3.1415926536  0.0000000000  -0.0000000578  -0.0043603463
230.5929007735  3.1415926536  0.0000000000  -0.0000000572  -0.0043365849
231.8495378349  3.1415926536  0.0000000000  -0.0000000566  -0.0043130811
233.1061748964  3.1415926536  0.0000000000  -0.0000000560  -0.0042898306
234.3628119578  3.1415926536  0.0000000000  -0.0000000554  -0.0042668295
235.6194490192  3.1415926536  0.0000000000  -0.0000000548  -0.0042440737
236.8760860807  3.1415926536  0.0000000000  -0.0000000542  -0.0042215593
238.1327231421  3.1415926536  0.0000000000  -0.0000000536  -0.0041992825
239.3893602035  3.1415926536  0.0000000000  -0.0000000531  -0.0041772396
240.6459972650  3.1415926536  0.0000000000  -0.0000000525  -0.0041554270
241.9026343264  3.1415926536  0.0000000000  -0.0000000520  -0.0041338409
243.1592713878  3.1415926536  0.0000000000  -0.0000000514  -0.0041124779
244.4159084493  3.1415926536  0.0000000000  -0.0000000509  -0.0040913346
245.6725455107  3.1415926536  0.0000000000  -0.0000000504  -0.0040704076
246.9291825722  3.1415926536  0.0000000000  -0.0000000499  -0.0040496936
248.1858196336  3.1415926536  0.0000000000  -0.0000000494  -0.0040291893
249.4424566950  3.1415926536  0.0000000000  -0.0000000489  -0.0040088916
250.6990937565  3.1415926536  0.0000000000  -0.0000000484  -0.0039887974
251.9557308179  3.1415926536  0.0000000000  -0.0000000479  -0.0039689036
253.2123678793  3.1415926536  0.0000000000  -0.0000000474  -0.0039492073
254.4690049408  3.1415926536  0.0000000000  -0.0000000470  -0.0039297055
255.7256420022  3.1415926536  0.0000000000  -0.0000000465  -0.0039103954
256.9822790636  3.1415926536  0.0000000000  -0.0000000461  -0.0038912741
258.2389161251  3.1415926536  0.0000000000  -0.0000000456  -0.0038723389
259.4955531865  3.1415926536  0.0000000000  -0.0000000452  -0.0038535871
260.7521902480  3.1415926536  0.0000000000  -0.0000000447  -0.0038350160
262.0088273094  3.1415926536  0.0000000000  -0.0000000443  -0.0038166230
263.2654643708  3.1415926536  0.0000000000  -0.0000000439  -0.0037984056
264.5221014323  3.1415926536  0.0000000000  -0.0000000435  -0.0037803614
265.7787384937  3.1415926536  0.0000000000  -0.0000000431  -0.0037624877
267.0353755551  3.1415926536  0.0000000000  -0.0000000427  -0.0037447822
268.2920126166  3.1415926536  0.0000000000  -0.0000000423  -0.0037272427
269.5486496780  3.1415926536  0.0000000000  -0.0000000419  -0.0037098666
270.8052867394  3.1415926536  0.0000000000  -0.0000000415  -0.0036926518
272.0619238009  3.1415926536  0.0000000000  -0.0000000411  -0.0036755960
273.3185608623  3.1415926536  0.0000000000  -0.0000000407  -0.0036586971
274.5751979237  3.1415926536  0.0000000000  -0.0000000403  -0.0036419528
275.8318349852  3.1415926536  0.0000000000  -0.0000000400  -0.0036253611
277.0884720466  3.1415926536  0.0000000000  -0.0000000396  -0.0036089199
278.3451091081  3.1415926536  0.0000000000  -0.0000000393  -0.0035926271
279.6017461695  3.1415926536  0.0000000000  -0.0000000389  -0.0035764808
280.8583832309  3.1415926536  0.0000000000  -0.0000000386  -0.0035604789
282.1150202924  3.1415926536  0.0000000000  -0.0000000382  -0.0035446196
283.3716573538  3.1415926536  0.0000000000  -0.0000000379  -0.0035289010
284.6282944152  3.1415926536  0.0000000000  -0.0000000375  -0.0035133212
285.8849314767  3.1415926536  0.0000000000  -0.0000000372  -0.0034978783
287.1415685381  3.1415926536  0.0000000000  -0.0000000369  -0.0034825706
288.3982055995  3.1415926536  0.0000000000  -0.0000000366  -0.0034673962
289.6548426610  3.1415926536  0.0000000000  -0.0000000363  -0.0034523536
290.9114797224  3.1415926536  0.0000000000  -0.0000000359  -0.0034374409
292.1681167839  3.1415926536  0.0000000000  -0.0000000356  -0.0034226565
293.4247538453  3.1415926536  0.0000000000  -0.0000000353  -0.0034079987
294.6813909067  3.1415926536  0.0000000000  -0.0000000350  -0.0033934659
295.9380279682  3.1415926536  0.0000000000  -0.0000000347  -0.0033790565
297.1946650296  3.1415926536  0.0000000000  -0.0000000344  -0.0033647690
298.4513020910  3.1415926536  0.0000000000  -0.0000000341  -0.0033506018
299.7079391525  3.1415926536  0.0000000000  -0.0000000339  -0.0033365534
300.9645762139  3.1415926536  0.0000000000  -0.0000000336  -0.0033226223
302.2212132753  3.1415926536  0.0000000000  -0.0000000333  -0.0033088070
303.4778503368  3.1415926536  0.0000000000  -0.0000000330  -0.0032951062
304.7344873982  3.1415926536  0.0000000000  -0.0000000328  -0.0032815183
305.9911244596  3.1415926536  0.0000000000  -0.0000000325  -0.0032680421
307.2477615211  3.1415926536  0.0000000000  -0.0000000322  -0.0032546761
308.5043985825  3.1415926536  0.0000000000  -0.0000000320  -0.0032414190
309.7610356440  3.1415926536  0.0000000000  -0.0000000317  -0.0032282694
311.0176727054  3.1415926536  0.0000000000  -0.0000000314  -0.0032152261
312.2743097668  3.1415926536  0.0000000000  -0.0000000312  -0.0032022878
313.5309468283  3.1415926536  0.0000000000  -0.0000000309  -0.0031894531
314.7875838897  3.1415926536  0.0000000000  -0.0000000307  -0.0031767210
316.0442209511  3.1415926536  0.0000000000  -0.0000000305  -0.0031640901
317.3008580126  3.1415926536  0.0000000000  -0.0000000302  -0.0031515592
318.5574950740  3.1415926536  0.0000000000  -0.0000000300  -0.0031391272
319.8141321354  3.1415926536  0.0000000000  -0.0000000297  -0.0031267929
321.0707691969  3.1415926536  0.0000000000  -0.0000000295  -0.0031145552
322.3274062583  3.1415926536  0.0000000000  -0.0000000293  -0.0031024128
323.5840433197  3.1415926536  0.0000000000  -0.0000000290  -0.0030903648
324.8406803812  3.1415926536  0.0000000000  -0.0000000288  -0.0030784100
326.0973174426  3.1415926536  0.0000000000  -0.0000000286  -0.0030665473
327.3539545041  3.1415926536  0.0000000000  -0.0000000284  -0.0030547757
328.6105915655  3.1415926536  0.0000000000  -0.0000000282  -0.0030430941
329.8672286269  3.1415926536  0.0000000000  -0.0000000280  -0.0030315015
331.1238656884  3.1415926536  0.0000000000  -0.0000000277  -0.0030199969
332.3805027498  3.1415926536  0.0000000000  -0.0000000275  -0.0030085793
333.6371398112  3.1415926536  0.0000000000  -0.0000000273  -0.0029972478
334.8937768727  3.1415926536  0.0000000000  -0.0000000271  -0.0029860012
336.1504139341  3.1415926536  0.0000000000  -0.0000000269  -0.0029748387
337.4070509955  3.1415926536  0.0000000000  -0.0000000267  -0.0029637594
338.6636880570  3.1415926536  0.0000000000  -0.0000000265  -0.0029527623
339.9203251184  3.1415926536  0.0000000000  -0.0000000263  -0.0029418465
341.1769621799  3.1415926536  0.0000000000  -0.0000000261  -0.0029310111
342.4335992413  3.1415926536  0.0000000000  -0.0000000259  -0.0029202552
343.6902363027  3.1415926536  0.0000000000  -0.0000000258  -0.0029095780
344.9468733642  3.1415926536  0.0000000000  -0.0000000256  -0.0028989786
346.2035104256  3.1415926536  0.0000000000  -0.0000000254  -0.0028884561
347.4601474870  3.1415926536  0.0000000000  -0.0000000252  -0.0028780098
348.7167845485  3.1415926536  0.0000000000  -0.0000000250  -0.0028676387
349.9734216099  3.1415926536  0.0000000000  -0.0000000248  -0.0028573421
351.2300586713  3.1415926536  0.0000000000  -0.0000000247  -0.0028471192
352.4866957328  3.1415926536  0.0000000000  -0.0000000245  -0.0028369691
353.7433327942  3.1415926536  0.0000000000  -0.0000000243  -0.0028268912
354.9999698556  3.1415926536  0.0000000000  -0.0000000241  -0.0028168847
356.2566069171  3.1415926536  0.0000000000  -0.0000000240  -0.0028069487
357.5132439785  3.1415926536  0.0000000000  -0.0000000238  -0.0027970825
358.7698810400  3.1415926536  0.0000000000  -0.0000000236  -0.0027872855
360.0265181014  3.1415926536  0.0000000000  -0.0000000235  -0.0027775569
361.2831551628  3.1415926536  0.0000000000  -0.0000000233  -0.0027678959
362.5397922243  3.1415926536  0.0000000000  -0.0000000231  -0.0027583019
363.7964292857  3.1415926536  0.0000000000  -0.0000000230  -0.0027487742
365.0530663471  3.1415926536  0.0000000000  -0.0000000228  -0.0027393121
366.3097034086  3.1415926536  0.0000000000  -0.0000000227  -0.0027299149
367.5663404700  3.1415926536  0.0000000000  -0.0000000225  -0.0027205820
368.8229775314  3.1415926536  0.0000000000  -0.0000000224  -0.0027113127
370.0796145929  3.1415926536  0.0000000000  -0.0000000222  -0.0027021063
371.3362516543  3.1415926536  0.0000000000  -0.0000000221  -0.0026929622
372.5928887157  3.1415926536  0.0000000000  -0.0000000219  -0.0026838798
373.8495257772  3.1415926536  0.0000000000  -0.0000000218  -0.0026748584
375.1061628386  3.1415926536  0.0000000000  -0.0000000216  -0.0026658975
376.3627999001  3.1415926536  0.0000000000  -0.0000000215  -0.0026569965
377.6194369615  3.1415926536  0.0000000000  -0.0000000213  -0.0026481547
378.8760740229  3.1415926536  0.0000000000  -0.0000000212  -0.0026393715
380.1327110844  3.1415926536  0.0000000000  -0.0000000210  -0.0026306464
381.3893481458  3.1415926536  0.0000000000  -0.0000000209  -0.0026219788
382.6459852072  3.1415926536  0.0000000000  -0.0000000208  -0.0026133681
383.9026222687  3.1415926536  0.0000000000  -0.0000000206  -0.0026048138
385.1592593301  3.1415926536  0.0000000000  -0.0000000205  -0.0025963153
386.4158963915  3.1415926536  0.0000000000  -0.0000000204  -0.0025878721
387.6725334530  3.1415926536  0.0000000000  -0.0000000202  -0.0025794836
388.9291705144  3.1415926536  0.0000000000  -0.0000000201  -0.0025711493
390.1858075759  3.1415926536  0.0000000000  -0.0000000200  -0.0025628687
391.4424446373  3.1415926536  0.0000000000  -0.0000000199  -0.0025546413
392.6990816987  3.1415926536  0.0000000000  -0.0000000197  -0.0025464665
393.9557187602  3.1415926536  0.0000000000  -0.0000000196  -0.0025383439
395.2123558216  3.1415926536  0.0000000000  -0.0000000195  -0.0025302729
396.4689928830  3.1415926536  0.0000000000  -0.0000000194  -0.0025222531
397.7256299445  3.1415926536  0.0000000000  -0.0000000192  -0.0025142840
398.9822670059  3.1415926536  0.0000000000  -0.0000000191  -0.0025063651
400.2389040673  3.1415926536  0.0000000000  -0.0000000190  -0.0024984959
401.4955411288  3.1415926536  0.0000000000  -0.0000000189  -0.0024906759
402.7521781902  3.1415926536  0.0000000000  -0.0000000188  -0.0024829048
404.0088152516  3.1415926536  0.0000000000  -0.0000000186  -0.0024751820
405.2654523131  3.1415926536  0.0000000000  -0.0000000185  -0.0024675071
406.5220893745  3.1415926536  0.0000000000  -0.0000000184  -0.0024598796
407.7787264360  3.1415926536  0.0000000000  -0.0000000183  -0.0024522992
409.0353634974  3.1415926536  0.0000000000  -0.0000000182  -0.0024447653
410.2920005588  3.1415926536  0.0000000000  -0.0000000181  -0.0024372776
411.5486376203  3.1415926536  0.0000000000  -0.0000000180  -0.0024298356
412.8052746817  3.1415926536  0.0000000000  -0.0000000178  -0.0024224389
414.0619117431  3.1415926536  0.0000000000  -0.0000000177  -0.0024150871
415.3185488046  3.1415926536  0.0000000000  -0.0000000176  -0.0024077798
416.5751858660  3.1415926536  0.0000000000  -0.0000000175  -0.0024005165
417.8318229274  3.1415926536  0.0000000000  -0.0000000174  -0.0023932970
419.0884599889  3.1415926536  0.0000000000  -0.0000000173  -0.0023861208
420.3450970503  3.1415926536  0.0000000000  -0.0000000172  -0.0023789874
421.6017341118  3.1415926536  0.0000000000  -0.0000000171  -0.0023718966
422.8583711732  3.1415926536  0.0000000000  -0.0000000170  -0.0023648479
424.1150082346  3.1415926536  0.0000000000  -0.0000000169  -0.0023578410
425.3716452961  3.1415926536  0.0000000000  -0.0000000168  -0.0023508755
426.6282823575  3.1415926536  0.0000000000  -0.0000000167  -0.0023439511
427.8849194189  3.1415926536  0.0000000000  -0.0000000166  -0.0023370673
429.1415564804  3.1415926536  0.0000000000  -0.0000000165  -0.0023302238
430.3981935418  3.1415926536  0.0000000000  -0.0000000164  -0.0023234203
431.6548306032  3.1415926536  0.0000000000  -0.0000000163  -0.0023166564
432.9114676647  3.1415926536  0.0000000000  -0.0000000162  -0.0023099318
434.1681047261  3.1415926536  0.0000000000  -0.0000000161  -0.0023032460
435.4247417875  3.1415926536  0.0000000000  -0.0000000160  -0.0022965989
436.6813788490  3.1415926536  0.0000000000  -0.0000000160  -0.0022899901
437.9380159104  3.1415926536  0.0000000000  -0.0000000159  -0.0022834191
439.1946529719  3.1415926536  0.0000000000  -0.0000000158  -0.0022768858
440.4512900333  3.1415926536  0.0000000000  -0.0000000157  -0.0022703897
441.7079270947  3.1415926536  0.0000000000  -0.0000000156  -0.0022639306
442.9645641562  3.1415926536  0.0000000000  -0.0000000155  -0.0022575082
444.2212012176  3.1415926536  0.0000000000  -0.0000000154  -0.0022511221
445.4778382790  3.1415926536  0.0000000000  -0.0000000153  -0.0022447720
446.7344753405  3.1415926536  0.0000000000  -0.0000000152  -0.0022384576
447.9911124019  3.1415926536  0.0000000000  -0.0000000152  -0.0022321787
449.2477494633  3.1415926536  0.0000000000  -0.0000000151  -0.0022259349
450.5043865248  3.1415926536  0.0000000000  -0.0000000150  -0.0022197259
451.7610235862  3.1415926536  0.0000000000  -0.0000000149  -0.0022135515
453.0176606476  3.1415926536  0.0000000000  -0.0000000148  -0.0022074113
454.2742977091  3.1415926536  0.0000000000  -0.0000000147  -0.0022013051
455.5309347705  3.1415926536  0.0000000000  -0.0000000147  -0.0021952326
456.7875718320  3.1415926536  0.0000000000  -0.0000000146  -0.0021891934
458.0442088934  3.1415926536  0.0000000000  -0.0000000145  -0.0021831875
459.3008459548  3.1415926536  0.0000000000  -0.0000000144  -0.0021772144
460.5574830163  3.1415926536  0.0000000000  -0.0000000143  -0.0021712738
461.8141200777  3.1415926536  0.0000000000  -0.0000000143  -0.0021653657
463.0707571391  3.1415926536  0.0000000000  -0.0000000142  -0.0021594895
464.3273942006  3.1415926536  0.0000000000  -0.0000000141  -0.0021536452
465.5840312620  3.1415926536  0.0000000000  -0.0000000140  -0.0021478325
466.8406683234  3.1415926536  0.0000000000  -0.0000000140  -0.0021420510
468.0973053849  3.1415926536  0.0000000000  -0.0000000139  -0.0021363006
469.3539424463  3.1415926536  0.0000000000  -0.0000000138  -0.0021305809
470.6105795078  3.1415926536  0.0000000000  -0.0000000137  -0.0021248918
471.8672165692  3.1415926536  0.0000000000  -0.0000000137  -0.0021192330
473.1238536306  3.1415926536  0.0000000000  -0.0000000136  -0.0021136043
474.3804906921  3.1415926536  0.0000000000  -0.0000000135  -0.0021080054
475.6371277535  3.1415926536  0.0000000000  -0.0000000134  -0.0021024360
476.8937648149  3.1415926536  0.0000000000  -0.0000000134  -0.0020968961
478.1504018764  3.1415926536  0.0000000000  -0.0000000133  -0.0020913852
479.4070389378  3.1415926536  0.0000000000  -0.0000000132  -0.0020859032
480.6636759992  3.1415926536  0.0000000000  -0.0000000132  -0.0020804499
481.9203130607  3.1415926536  0.0000000000  -0.0000000131  -0.0020750251
483.1769501221  3.1415926536  0.0000000000  -0.0000000130  -0.0020696284
484.4335871835  3.1415926536  0.0000000000  -0.0000000130  -0.0020642598
485.6902242450  3.1415926536  0.0000000000  -0.0000000129  -0.0020589189
486.9468613064  3.1415926536  0.0000000000  -0.0000000128  -0.0020536056
488.2034983679  3.1415926536  0.0000000000  -0.0000000128  -0.0020483196
489.4601354293  3.1415926536  0.0000000000  -0.0000000127  -0.0020430608
490.7167724907  3.1415926536  0.0000000000  -0.0000000126  -0.0020378289
491.9734095522  3.1415926536  0.0000000000  -0.0000000126  -0.0020326238
493.2300466136  3.1415926536  0.0000000000  -0.0000000125  -0.0020274452
494.4866836750  3.1415926536  0.0000000000  -0.0000000124  -0.0020222929
495.7433207365  3.1415926536  0.0000000000  -0.0000000124  -0.0020171667
496.9999577979  3.1415926536  0.0000000000  -0.0000000123  -0.0020120664
498.2565948593  3.1415926536  0.0000000000  -0.0000000123  -0.0020069919
499.5132319208  3.1415926536  0.0000000000  -0.0000000122  -0.0020019429
500.7698689822  3.1415926536  0.0000000000  -0.0000000121  -0.0019969192
502.0265060436  3.1415926536  0.0000000000  -0.0000000121  -0.0019919207
503.2831431051  3.1415926536  0.0000000000  -0.0000000120  -0.0019869471
504.5397801665  3.1415926536  0.0000000000  -0.0000000119  -0.0019819984
505.7964172280  3.1415926536  0.0000000000  -0.0000000119  -0.0019770742
507.0530542894  3.1415926536  0.0000000000  -0.0000000118  -0.0019721744
508.3096913508  3.1415926536  0.0000000000  -0.0000000118  -0.0019672988
509.5663284123  3.1415926536  0.0000000000  -0.0000000117  -0.0019624473
510.8229654737  3.1415926536  0.0000000000  -0.0000000117  -0.0019576197
512.0796025351  3.1415926536  0.0000000000  -0.0000000116  -0.0019528157
513.3362395966  3.1415926536  0.0000000000  -0.0000000115  -0.0019480353
514.5928766580  3.1415926536  0.0000000000  -0.0000000115  -0.0019432782
515.8495137194  3.1415926536  0.0000000000  -0.0000000114  -0.0019385443
517.1061507809  3.1415926536  0.0000000000  -0.0000000114  -0.0019338334
518.3627878423  3.1415926536  0.0000000000  -0.0000000113  -0.0019291454
519.6194249038  3.1415926536  0.0000000000  -0.0000000113  -0.0019244800
520.8760619652  3.1415926536  0.0000000000  -0.0000000112  -0.0019198371
522.1326990266  3.1415926536  0.0000000000  -0.0000000112  -0.0019152166
523.3893360881  3.1415926536  0.0000000000  -0.0000000111  -0.0019106183
524.6459731495  3.1415926536  0.0000000000  -0.0000000111  -0.0019060420
525.9026102109  3.1415926536  0.0000000000  -0.0000000110  -0.0019014875
527.1592472724  3.1415926536  0.0000000000  -0.0000000109  -0.0018969548
528.4158843338  3.1415926536  0.0000000000  -0.0000000109  -0.0018924436
529.6725213952  3.1415926536  0.0000000000  -0.0000000108  -0.0018879539
530.9291584567  3.1415926536  0.0000000000  -0.0000000108  -0.0018834854
532.1857955181  3.1415926536  0.0000000000  -0.0000000107  -0.0018790380
533.4424325795  3.1415926536  0.0000000000  -0.0000000107  -0.0018746115
534.6990696410  3.1415926536  0.0000000000  -0.0000000106  -0.0018702059
535.9557067024  3.1415926536  0.0000000000  -0.0000000106  -0.0018658209
537.2123437639  3.1415926536  0.0000000000  -0.0000000105  -0.0018614564
538.4689808253  3.1415926536  0.0000000000  -0.0000000105  -0.0018571123
539.7256178867  3.1415926536  0.0000000000  -0.0000000104  -0.0018527885
540.9822549482  3.1415926536  0.0000000000  -0.0000000104  -0.0018484847
542.2388920096  3.1415926536  0.0000000000  -0.0000000103  -0.0018442008
543.4955290710  3.1415926536  0.0000000000  -0.0000000103  -0.0018399368
544.7521661325  3.1415926536  0.0000000000  -0.0000000103  -0.0018356925
546.0088031939  3.1415926536  0.0000000000  -0.0000000102  -0.0018314676
547.2654402553  3.1415926536  0.0000000000  -0.0000000102  -0.0018272622
548.5220773168  3.1415926536  0.0000000000  -0.0000000101  -0.0018230761
549.7787143782  3.1415926536  0.0000000000  -0.0000000101  -0.0018189091
551.0353514396  3.1415926536  0.0000000000  -0.0000000100  -0.0018147611
552.2919885011  3.1415926536  0.0000000000  -0.0000000100  -0.0018106319
553.5486255625  3.1415926536  0.0000000000  -0.0000000099  -0.0018065216
554.8052626240  3.1415926536  0.0000000000  -0.0000000099  -0.0018024298
556.0618996854  3.1415926536  0.0000000000  -0.0000000098  -0.0017983565
557.3185367468  3.1415926536  0.0000000000  -0.0000000098  -0.0017943016
558.5751738083  3.1415926536  0.0000000000  -0.0000000097  -0.0017902650
559.8318108697  3.1415926536  0.0000000000  -0.0000000097  -0.0017862464
561.0884479311  3.1415926536  0.0000000000  -0.0000000097  -0.0017822459
562.3450849926  3.1415926536  0.0000000000  -0.0000000096  -0.0017782633
563.6017220540  3.1415926536  0.0000000000  -0.0000000096  -0.0017742984
564.8583591154  3.1415926536  0.0000000000  -0.0000000095  -0.0017703511
566.1149961769  3.1415926536  0.0000000000  -0.0000000095  -0.0017664214
567.3716332383  3.1415926536  0.0000000000  -0.0000000094  -0.0017625091
568.6282702998  3.1415926536  0.0000000000  -0.0000000094  -0.0017586140
569.8849073612  3.1415926536  0.0000000000  -0.0000000094  -0.0017547362
571.1415444226  3.1415926536  0.0000000000  -0.0000000093  -0.0017508754
572.3981814841  3.1415926536  0.0000000000  -0.0000000093  -0.0017470316
573.6548185455  3.1415926536  0.0000000000  -0.0000000092  -0.0017432046
574.9114556069  3.1415926536  0.0000000000  -0.0000000092  -0.0017393943
576.1680926684  3.1415926536  0.0000000000  -0.0000000092  -0.0017356006
577.4247297298  3.1415926536  0.0000000000  -0.0000000091  -0.0017318235
578.6813667912  3.1415926536  0.0000000000  -0.0000000091  -0.0017280628
579.9380038527  3.1415926536  0.0000000000  -0.0000000090  -0.0017243184
581.1946409141  3.1415926536  0.0000000000  -0.0000000090  -0.0017205901
582.4512779755  3.1415926536  0.0000000000  -0.0000000090  -0.0017168780
583.7079150370  3.1415926536  0.0000000000  -0.0000000089  -0.0017131818
584.9645520984  3.1415926536  0.0000000000  -0.0000000089  -0.0017095015
586.2211891599  3.1415926536  0.0000000000  -0.0000000089  -0.0017058370
587.4778262213  3.1415926536  0.0000000000  -0.0000000088  -0.0017021882
588.7344632827  3.1415926536  0.0000000000  -0.0000000088  -0.0016985549
589.9911003442  3.1415926536  0.0000000000  -0.0000000087  -0.0016949371
591.2477374056  3.1415926536  0.0000000000  -0.0000000087  -0.0016913347
592.5043744670  3.1415926536  0.0000000000  -0.0000000087  -0.0016877476
593.7610115285  3.1415926536  0.0000000000  -0.0000000086  -0.0016841757
595.0176485899  3.1415926536  0.0000000000  -0.0000000086  -0.0016806188
596.2742856513  3.1415926536  0.0000000000  -0.0000000086  -0.0016770770
597.5309227128  3.1415926536  0.0000000000  -0.0000000085  -0.0016735500
598.7875597742  3.1415926536  0.0000000000  -0.0000000085  -0.0016700378
600.0441968357  3.1415926536  0.0000000000  -0.0000000084  -0.0016665404
601.3008338971  3.1415926536  0.0000000000  -0.0000000084  -0.0016630576
602.5574709585  3.1415926536  0.0000000000  -0.0000000084  -0.0016595893
603.8141080200  3.1415926536  0.0000000000  -0.0000000083  -0.0016561354
605.0707450814  3.1415926536  0.0000000000  -0.0000000083  -0.0016526959
606.3273821428  3.1415926536  0.0000000000  -0.0000000083  -0.0016492706
607.5840192043  3.1415926536  0.0000000000  -0.0000000082  -0.0016458595
608.8406562657  3.1415926536  0.0000000000  -0.0000000082  -0.0016424625
610.0972933271  3.1415926536  0.0000000000  -0.0000000082  -0.0016390795
611.3539303886  3.1415926536  0.0000000000  -0.0000000081  -0.0016357104
612.6105674500  3.1415926536  0.0000000000  -0.0000000081  -0.0016323551
613.8672045114  3.1415926536  0.0000000000  -0.0000000081  -0.0016290135
615.1238415729  3.1415926536  0.0000000000  -0.0000000080  -0.0016256856
616.3804786343  3.1415926536  0.0000000000  -0.0000000080  -0.0016223713
617.6371156958  3.1415926536  0.0000000000  -0.0000000080  -0.0016190705
618.8937527572  3.1415926536  0.0000000000  -0.0000000079  -0.0016157830
620.1503898186  3.1415926536  0.0000000000  -0.0000000079  -0.0016125089
621.4070268801  3.1415926536  0.0000000000  -0.0000000079  -0.0016092480
622.6636639415  3.1415926536  0.0000000000  -0.0000000078  -0.0016060003
623.9203010029  3.1415926536  0.0000000000  -0.0000000078  -0.0016027657
625.1769380644  3.1415926536  0.0000000000  -0.0000000078  -0.0015995441
626.4335751258  3.1415926536  0.0000000000  -0.0000000078  -0.0015963354
627.6902121872  3.1415926536  0.0000000000  -0.0000000077  -0.0015931395
628.9468492487  3.1415926536  0.0000000000  0.0000000000  0.0000000000
-627.6902121872  3.1415926536  3.1415926536  32.7400000000  0.0000000000
-626.4335751258  3.1415926536  3.1415926536  0.0000000000  0.0000000000
-625.1769380644  3.1415926536  3.1415926536  0.0000000000  0.0000000000
-623.9203010029  3.1415926536  3.1415926536  0.0000000000  0.0000000000
-622.6636639415  3.1415926536  3.1415926536  0.0000000000  0.0000000000
-621.4070268801  3.1415926536  3.1415926536  0.0000000000  0.0000000000
-620.1503898186  3.1415926536  3.1415926536  0.0000000000  0.0000000000
-618.8937527572  3.1415926536  3.1415926536  0.0000000000  0.0000000000
-617.6371156958  3.1415926536  3.1415926536  0.0000000000  0.0000000000
-616.3804786343  3.1415926536  3.1415926536  0.0000000000  0.0000000000
-615.1238415729  3.1415926536  3.1415926536  0.0000000000  0.0000000000
-613.8672045114  3.1415926536  3.1415926536  0.0000000000  0.0000000000
-612.6105674500  3.1415926536  3.1415926536  0.0000000000  0.0000000000
-611.3539303886  3.1415926536  3.1415926536  0.0000000000  0.0000000000
-610.0972933271  3.1415926536  3.1415926536  0.0000000000  0.0000000000
-608.8406562657  3.1415926536  3.1415926536  0.0000000000  0.0000000000
-607.5840192043  3.1415926536  3.1415926536  0.0000000000  0.0000000000
-606.3273821428  3.1415926536  3.1415926536  0.0000000000  0.0000000000
-605.0707450814  3.1415926536  3.1415926536  0.0000000000  0.0000000000
-603.8141080200  3.1415926536  3.1415926536  0.0000000000  0.0000000000
-602.5574709585  3.1415926536  3.1415926536  0.0000000000  0.0000000000
-601.3008338971  3.1415926536  3.1415926536  0.0000000000  0.0000000000
-600.0441968357  3.1415926536  3.1415926536  0.0000000000  0.0000000000
-598.7875597742  3.1415926536  3.1415926536  0.0000000000  0.0000000000
-597.5309227128  3.1415926536  3.1415926536  0.0000000000  0.0000000000
-596.2742856513  3.1415926536  3.1415926536  -nan  0.0163524598
-595.0176485899  3.1415926536  3.1415926536  0.0000000000  0.0000000000
-593.7610115285  3.1415926536  3.1415926536  0.0000000000  0.0000000000
-592.5043744670  3.1415926536  3.1415926536  0.0000000000  0.0000000000
-591.2477374056  3.1415926536  3.1415926536  30.1100000000  0.0000000000
-589.9911003442  3.1415926536  3.1415926536  0.0066470914  0.0000000000
-588.7344632827  3.1415926536  3.1415926536  0.0000000000  0.0000000000
-587.4778262213  3.1415926536  3.1415926536  0.0000000000  0.0000000000
-586.2211891599  3.1415926536  3.1415926536  0.0000000000  0.0000000000
-584.9645520984  3.1415926536  3.1415926536  0.0000000000  0.0000000000
-583.7079150370  3.1415926536  3.1415926536  0.0000000000  0.0000000000
-582.4512779755  3.1415926536  3.1415926536  0.0000000000  0.0000000000
-581.1946409141  3.1415926536  3.1415926536  0.0000000000  0.0000000000
-579.9380038527  3.1415926536  3.1415926536  0.0000000000  0.0000000000
-578.6813667912  3.1415926536  3.1415926536  0.0000000000  0.0000000000
-577.4247297298  3.1415926536  3.1415926536  0.0000000000  0.0000000000
-576.1680926684  3.1415926536  3.1415926536  0.0000000000  0.0000000000
-574.9114556069  3.1415926536  3.1415926536  0.0000000000  0.0000000000
-573.6548185455  3.1415926536  3.1415926536  0.0000000000  0.0000000000
-572.3981814841  3.1415926536  3.1415926536  0.0000000000  0.0000000000
-571.1415444226  3.1415926536  3.1415926536  0.0000000000  0.0000000000
-569.8849073612  3.1415926536  3.1415926536  0.0000000000  0.0000000000
-568.6282702998  3.1415926536  3.1415926536  0.0000000000  0.0000000000
-567.3716332383  3.1415926536  3.1415926536  0.0000000000  0.0000000000
-566.1149961769  3.1415926536  3.1415926536  0.0000000000  0.0000000000
-564.8583591154  3.1415926536  3.1415926536  0.0000000000  0.0000000000
-563.6017220540  3.1415926536  3.1415926536  0.0000000000  0.0000000000
-562.3450849926  3.1415926536  3.1415926536  0.0000000000  0.0000000000
-561.0884479311  3.1415926536  3.1415926536  0.0000000000  0.0000000000
-559.8318108697  3.1415926536  3.1415926536  -nan  0.0307417065
-558.5751738083  3.1415926536  3.1415926536  0.0000000000  0.0000000000
-557.3185367468  3.1415926536  3.1415926536  0.0000000000  0.0000000000
-556.0618996854  3.1415926536  3.1415926536  0.0000000000  0.0000000000
-554.8052626240  3.1415926536  3.1415926536  28.3950000000  0.0000000000
-553.5486255625  3.1415926536  3.1415926536  -0.0074582286  0.0000000000
-552.2919885011  3.1415926536  3.1415926536  0.0000000000  0.0000000000
-551.0353514396  3.1415926536  3.1415926536  0.0000000000  0.0000000000
-549.7787143782  3.1415926536  3.1415926536  0.0000000000  0.0000000000
-548.5220773168  3.1415926536  3.1415926536  0.0000000000  0.0000000000
-547.2654402553  3.1415926536  3.1415926536  0.0000000000  0.0000000000
-546.0088031939  3.1415926536  3.1415926536  0.0000000000  0.0000000000
-544.7521661325  3.1415926536  3.1415926536  0.0000000000  0.0000000000
-543.4955290710  3.1415926536  3.1415926536  0.0000000000  0.0000000000
-542.2388920096  3.1415926536  3.1415926536  0.0000000000  0.0000000000
-540.9822549482  3.1415926536  3.1415926536  0.0000000000  0.0000000000
-539.7256178867  3.1415926536  3.1415926536  0.0000000000  0.0000000000
-538.4689808253  3.1415926536  3.1415926536  0.0000000000  0.0000000000
-537.2123437639  3.1415926536  3.1415926536  0.0000000000  0.0000000000
-535.9557067024  3.1415926536  3.1415926536  0.0000000000  0.0000000000
-534.6990696410  3.1415926536  3.1415926536  0.0000000000  0.0000000000
-533.4424325795  3.1415926536  3.1415926536  0.0000000000  0.0000000000
-532.1857955181  3.1415926536  3.1415926536  0.0000000000  0.0000000000
-530.9291584567  3.1415926536  3.1415926536  0.0000000000  0.0000000000
-529.6725213952  3.1415926536  3.1415926536  0.0000000000  0.0000000000
-528.4158843338  3.1415926536  3.1415926536  0.0000000000  0.0000000000
-527.1592472724  3.1415926536  3.1415926536  0.0000000000  0.0000000000
-525.9026102109  3.1415926536  3.1415926536  0.0000000000  0.0000000000
-524.6459731495  3.1415926536  3.1415926536  0.0000000000  0.0000000000
-523.3893360881  3.1415926536  3.1415926536  -nan  0.2244293690
-522.1326990266  3.1415926536  3.1415926536  0.0000000000  0.0000000000
-520.8760619652  3.1415926536  3.1415926536  0.0000000000  0.0000000000
-519.6194249038  3.1415926536  3.1415926536  0.0000000000  0.0000000000
-518.3627878423  3.1415926536  3.1415926536  -0.0964436958  0.0000000000
-517.1061507809  3.1415926536  3.1415926536  -6.4611246220  -5.6350265859
-515.8495137194  3.1415926536  3.1415926536  -4.5916371429  -2.8175132929
-514.5928766580  3.1415926536  3.1415926536  -1.9158254503  -1.1479092857
-513.3362395966  3.1415926536  3.1415926536  -0.4437355306  -0.0002190589
-512.0796025351  3.1415926536  3.1415926536  0.3743968187  0.7677202206
-510.8229654737  3.1415926536  3.1415926536  1.9158254503  3.0708808824
-509.5663284123  3.1415926536  3.1415926536  4.5916371429  5.8204684715
-508.3096913508  3.1415926536  3.1415926536  6.5444950573  0.0000000000
-507.0530542894  3.1415926536  3.1415926536  0.0000000000  0.0000000000
-505.7964172280  3.1415926536  3.1415926536  0.0000000000  0.0000000000
-504.5397801665  3.1415926536  3.1415926536  0.0000000000  0.0000000000
-503.2831431051  3.1415926536  3.1415926536  0.0000000000  0.0000000000
-502.0265060436  3.1415926536  3.1415926536  0.0000000000  0.0000000000
-500.7698689822  3.1415926536  3.1415926536  0.0000000000  0.0000000000
-499.5132319208  3.1415926536  3.1415926536  0.0000000000  0.0000000000
-498.2565948593  3.1415926536  3.1415926536  0.0000000000  0.0000000000
-496.9999577979  3.1415926536  3.1415926536  0.0000000000  0.0000000000
-495.7433207365  3.1415926536  3.1415926536  0.0000000000  0.0000000000
-494.4866836750  3.1415926536  3.1415926536  0.0000000000  0.0000000000
-493.2300466136  3.1415926536  3.1415926536  0.0000000000  0.0000000000
-491.9734095522  3.1415926536  3.1415926536  0.0000000000  0.0000000000
-490.7167724907  3.1415926536  3.1415926536  0.0000000000  0.0000000000
-489.4601354293  3.1415926536  3.1415926536  0.0000000000  0.0000000000
-488.2034983679  3.1415926536  3.1415926536  0.0000000000  0.0000000000
-486.9468613064  3.1415926536  3.1415926536  0.0000000000  0.0000000000
-485.6902242450  3.1415926536  3.1415926536  0.0000000000  0.0000000000
-484.4335871835  3.1415926536  3.1415926536  0.0000000000  0.0000000000
-483.1769501221  3.1415926536  3.1415926536  0.0000000000  0.0000000000
-481.9203130607  3.1415926536  3.1415926536  0.0000000000  0.0000000000
-480.6636759992  3.1415926536  3.1415926536  0.0000000000  0.0000000000
-479.4070389378  3.1415926536  3.1415926536  0.0000000000  0.0000000000
-478.1504018764  3.1415926536  3.1415926536  0.0000000000  0.0000000000
-476.8937648149  3.1415926536  3.1415926536  0.0000000000  0.0000000000
-475.6371277535  3.1415926536  3.1415926536  0.0000000000  0.0000000000
-474.3804906921  3.1415926536  3.1415926536  0.0000000000  0.0000000000
-473.1238536306  3.1415926536  3.1415926536  6.4611246220  -0.0000000000
-471.8672165692  3.1415926536  3.1415926536  -0.0000000000  -0.0000000000
-470.6105795078  3.1415926536  3.1415926536  -0.0000000000  0.0000000000
-469.3539424463  3.1415926536  3.1415926536  5.6350265859  -0.0000000000
-468.0973053849  3.1415926536  3.1415926536  -0.0000000000  -0.0000000000
-466.8406683234  3.1415926536  3.1415926536  -0.0000000000  0.0000000000
-465.5840312620  3.1415926536  3.1415926536  4.5916371429  -0.0000000000
-464.3273942006  3.1415926536  3.1415926536  -0.0000000000  -0.0000000000
-463.0707571391  3.1415926536  3.1415926536  -0.0000000000  0.0000000000
-461.8141200777  3.1415926536  3.1415926536  2.8175132929  -0.0000000000
-460.5574830163  3.1415926536  3.1415926536  -0.0000000000  -0.0000000000
-459.3008459548  3.1415926536  3.1415926536  -0.0000000000  0.0000000000
-458.0442088934  3.1415926536  3.1415926536  1.9158254503  -0.0000000000
-456.7875718320  3.1415926536  3.1415926536  -0.0000000000  -0.0000000000
-455.5309347705  3.1415926536  3.1415926536  -0.0000000000  0.0000000000
-454.2742977091  3.1415926536  3.1415926536  1.1479092857  -0.0000000000
-453.0176606476  3.1415926536  3.1415926536  -0.0000000000  -0.0000000000
-451.7610235862  3.1415926536  3.1415926536  -0.0000000000  0.0000000000
-450.5043865248  3.1415926536  3.1415926536  0.4437355306  -0.0000000000
-449.2477494633  3.1415926536  3.1415926536  -0.0000000000  -0.0000000000
-447.9911124019  3.1415926536  3.1415926536  -0.0000000000  0.0000000000
-446.7344753405  3.1415926536  3.1415926536  0.0002190589  -0.0000000000
-445.4778382790  3.1415926536  3.1415926536  -0.0000000000  -0.0000000000
-444.2212012176  3.1415926536  3.1415926536  -0.0000000000  0.0000000000
-442.9645641562  3.1415926536  3.1415926536  -0.3743968187  0.0000000000
-441.7079270947  3.1415926536  3.1415926536  0.0000000000  0.0000000000
-440.4512900333  3.1415926536  3.1415926536  0.0000000000  0.0000000000
-439.1946529719  3.1415926536  3.1415926536  -0.7677202206  0.0000000000
-437.9380159104  3.1415926536  3.1415926536  0.0000000000  0.0000000000
-436.6813788490  3.1415926536  3.1415926536  0.0000000000  0.0000000000
-435.4247417875  3.1415926536  3.1415926536  -1.9158254503  0.0000000000
-434.1681047261  3.1415926536  3.1415926536  0.0000000000  0.0000000000
-432.9114676647  3.1415926536  3.1415926536  0.0000000000  0.0000000000
-431.6548306032  3.1415926536  3.1415926536  -3.0708808824  0.0000000000
-430.3981935418  3.1415926536  3.1415926536  0.0000000000  0.0000000000
-429.1415564804  3.1415926536  3.1415926536  0.0000000000  0.0000000000
-427.8849194189  3.1415926536  3.1415926536  -4.5916371429  0.0000000000
-426.6282823575  3.1415926536  3.1415926536  0.0000000000  0.0000000000
-425.3716452961  3.1415926536  3.1415926536  0.0000000000  0.0000000000
-424.1150082346  3.1415926536  3.1415926536  -5.8204684715  0.0000000000
-422.8583711732  3.1415926536  3.1415926536  0.0000000000  0.0000000000
-421.6017341118  3.1415926536  3.1415926536  0.0000000000  0.0000000000
-420.3450970503  3.1415926536  3.1415926536  -6.5444950573  0.0000000000
-419.0884599889  3.1415926536  3.1415926536  0.0000000000  0.0000000000
-417.8318229274  3.1415926536  3.1415926536  0.0000000000  0.0000000000
-416.5751858660  3.1415926536  3.1415926536  0.0000000000  0.0000000000
-415.3185488046  3.1415926536  3.1415926536  0.0000000000  0.0000000000
-414.0619117431  3.1415926536  3.1415926536  0.0014606005  0.0083473988
-412.8052746817  3.1415926536  3.1415926536  0.9405853785  0.3395572791
-411.5486376203  3.1415926536  3.1415926536  1.0060380014  0.1272344946
-410.2920005588  3.1415926536  3.1415926536  0.9797050690  0.2534319103
-409.0353634974  3.1415926536  3.1415926536  0.9969337685  0.1909825353
-407.7787264360  3.1415926536  3.1415926536  1.0075312695  0.0793505335
-406.5220893745  3.1415926536  3.1415926536  1.0000020495  0.1749650138
-405.2654523131  3.1415926536  3.1415926536  0.9616614973  0.2984928086
-404.0088152516  3.1415926536  3.1415926536  1.0027522275  0.1574484350
-402.7521781902  3.1415926536  3.1415926536  1.0048191255  0.0344613490
-401.4955411288  3.1415926536  3.1415926536  0.9930138837  0.2082837455
-400.2389040673  3.1415926536  3.1415926536  0.9497695577  0.3227787350
-398.9822670059  3.1415926536  3.1415926536  1.0023135814  0.0144453644
-397.7256299445  3.1415926536  3.1415926536  0.0062275379  0.0163524671
-396.4689928830  3.1415926536  3.1415926536  -0.0065324697  -0.0011430302
-395.2123558216  3.1415926536  3.1415926536  0.3039802285  -0.2495791901
-393.9557187602  3.1415926536  3.1415926536  0.7462148941  -0.2183209765
-392.6990816987  3.1415926536  3.1415926536  0.5239144613  -0.2768399280
-391.4424446373  3.1415926536  3.1415926536  0.1625553428  -0.1796933776
-390.1858075759  3.1415926536  3.1415926536  0.4666400757  -0.2779029732
-388.9291705144  3.1415926536  3.1415926536  0.8912936495  -0.1226658930
-387.6725334530  3.1415926536  3.1415926536  0.4051811446  -0.2728208057
-386.4158963915  3.1415926536  3.1415926536  0.0582881594  -0.0853264871
-385.1592593301  3.1415926536  3.1415926536  0.5862752435  -0.2693717611
-383.9026222687  3.1415926536  3.1415926536  0.9589169621  -0.0538936684
-382.6459852072  3.1415926536  3.1415926536  0.0220277546  -0.0367917584
-381.3893481458  3.1415926536  3.1415926536  0.0167659865  0.0233071734
-380.1327110844  3.1415926536  3.1415926536  -0.0246217079  -0.0043082259
-378.8760740229  3.1415926536  3.1415926536  0.0013051058  0.0036543819
-377.6194369615  3.1415926536  3.1415926536  0.4986424942  0.6461315467
-376.3627999001  3.1415926536  3.1415926536  0.9806221572  0.4857353165
-375.1061628386  3.1415926536  3.1415926536  0.6718355331  -0.2281255142
-373.8495257772  3.1415926536  3.1415926536  1.0423927839  0.3721740656
-372.5928887157  3.1415926536  3.1415926536  0.1444561245  0.4062646453
-371.3362516543  3.1415926536  3.1415926536  1.0666965067  0.2338026310
-370.0796145929  3.1415926536  3.1415926536  0.2686248255  -0.1890047021
-368.8229775314  3.1415926536  3.1415926536  0.8768744488  0.5826131635
-367.5663404700  3.1415926536  3.1415926536  0.0322366202  0.1795180661
-366.3097034086  3.1415926536  3.1415926536  0.1038398309  -0.0935835888
-365.0530663471  3.1415926536  3.1415926536  0.0226672642  0.0245084098
-363.7964292857  3.1415926536  3.1415926536  -0.0356657526  -0.0062406767
-362.5397922243  3.1415926536  3.1415926536  0.0034445019  0.0082362471
-361.2831551628  3.1415926536  3.1415926536  -0.0007383531  -0.0006543583
-360.0265181014  3.1415926536  3.1415926536  0.5189733920  -0.5026047967
-358.7698810400  3.1415926536  3.1415926536  0.1601981735  0.2700148653
-357.5132439785  3.1415926536  3.1415926536  0.3091990125  -0.4522249812
-356.2566069171  3.1415926536  3.1415926536  0.5707791133  0.3205048586
-354.9999698556  3.1415926536  3.1415926536  0.1262814683  -0.3157182396
-353.7433327942  3.1415926536  3.1415926536  0.2132156342  0.1390778418
-352.4866957328  3.1415926536  3.1415926536  0.7458071741  -0.4593453767
-351.2300586713  3.1415926536  3.1415926536  0.2147479219  0.2072023388
-349.9734216099  3.1415926536  3.1415926536  0.1159434929  0.0478840581
-348.7167845485  3.1415926536  3.1415926536  0.0307972592  0.0237848304
-347.4601474870  3.1415926536  3.1415926536  -0.0516883986  -0.0090442668
-346.2035104256  3.1415926536  3.1415926536  0.0099145153  0.0186749740
-344.9468733642  3.1415926536  3.1415926536  -0.0043973397  -0.0042448132
-343.6902363027  3.1415926536  3.1415926536  -0.0002701913  0.0004751531
-342.4335992413  3.1415926536  3.1415926536  0.4663869712  0.8605595733
-341.1769621799  3.1415926536  3.1415926536  0.9067316650  -0.3005191179
-339.9203251184  3.1415926536  3.1415926536  0.1722240561  -0.4689298233
-338.6636880570  3.1415926536  3.1415926536  0.5623949903  -0.4435687501
-337.4070509955  3.1415926536  3.1415926536  0.7710702515  0.3504546692
-336.1504139341  3.1415926536  3.1415926536  0.8113501655  0.2891805584
-334.8937768727  3.1415926536  3.1415926536  0.2081687455  -0.2453600364
-333.6371398112  3.1415926536  3.1415926536  0.4167956322  0.0727641837
-332.3805027498  3.1415926536  3.1415926536  0.0404753743  0.0187555634
-331.1238656884  3.1415926536  3.1415926536  -0.0721773315  -0.0126293533
-329.8672286269  3.1415926536  3.1415926536  0.0330146330  0.0408369752
-328.6105915655  3.1415926536  3.1415926536  -0.0214076168  -0.0229507019
-327.3539545041  3.1415926536  3.1415926536  -0.0055690800  0.0073762806
-326.0973174426  3.1415926536  3.1415926536  0.0017918501  0.0026444614
-324.8406803812  3.1415926536  3.1415926536  0.1876404447  -0.1100700477
-323.5840433197  3.1415926536  3.1415926536  -0.3876279623  0.1737779239
-322.3274062583  3.1415926536  3.1415926536  0.1537830492  -0.2951667225
-321.0707691969  3.1415926536  3.1415926536  0.6341885752  -0.6921773763
-319.8141321354  3.1415926536  3.1415926536  -0.1707782603  -0.0987575925
-318.5574950740  3.1415926536  3.1415926536  -0.2940971484  -0.0038015360
-317.3008580126  3.1415926536  3.1415926536  0.1994776534  -0.4336402501
-316.0442209511  3.1415926536  3.1415926536  0.0480206838  0.0074173082
-314.7875838897  3.1415926536  3.1415926536  -0.0906696358  -0.0158650762
-313.5309468283  3.1415926536  3.1415926536  0.1210394628  0.0465803438
-312.2743097668  3.1415926536  3.1415926536  -0.1007456990  -0.0962778159
-311.0176727054  3.1415926536  3.1415926536  -0.1297227114  0.0967880921
-309.7610356440  3.1415926536  3.1415926536  0.0956302489  0.1043155182
-308.5043985825  3.1415926536  3.1415926536  0.0250999218  0.0395102360
-307.2477615211  3.1415926536  3.1415926536  -0.0925052833  -0.9418239218
-305.9911244596  3.1415926536  3.1415926536  0.4437634658  -0.9496191174
-304.7344873982  3.1415926536  3.1415926536  0.0414942053  0.3854698639
-303.4778503368  3.1415926536  3.1415926536  0.2835088708  -0.7160829805
-302.2212132753  3.1415926536  3.1415926536  0.2219428758  -0.5689962911
-300.9645762139  3.1415926536  3.1415926536  0.1072718986  0.2269550595
-299.7079391525  3.1415926536  3.1415926536  0.0480206838  -0.0074173082
-298.4513020910  3.1415926536  3.1415926536  -0.0957068378  -0.0167464693
-297.1946650296  3.1415926536  3.1415926536  0.1209031751  -0.0954025430
-295.9380279682  3.1415926536  3.1415926536  -0.1922256658  -0.0763987518
-294.6813909067  3.1415926536  3.1415926536  -0.1610208963  -0.2769193279
-293.4247538453  3.1415926536  3.1415926536  -0.1590660651  0.3888500386
-292.1681167839  3.1415926536  3.1415926536  0.1488531890  -0.2347047550
-290.9114797224  3.1415926536  3.1415926536  0.4021542972  0.3214053835
-289.6548426610  3.1415926536  3.1415926536  0.4818072364  -0.3809603239
-288.3982055995  3.1415926536  3.1415926536  -0.3772913581  0.1629258946
-287.1415685381  3.1415926536  3.1415926536  0.3790184623  0.5252736140
-285.8849314767  3.1415926536  3.1415926536  0.5894249494  0.2734493542
-284.6282944152  3.1415926536  3.1415926536  -0.2012328875  0.1758561431
-283.3716573538  3.1415926536  3.1415926536  0.0404753743  -0.0187555634
-282.1150202924  3.1415926536  3.1415926536  -0.0849145076  -0.0148580627
-280.8583832309  3.1415926536  3.1415926536  0.0326700129  -0.0819879258
-279.6017461695  3.1415926536  3.1415926536  -0.1001120898  -0.0332710347
-278.3451091081  3.1415926536  3.1415926536  -0.0187327376  -0.0753753189
-277.0884720466  3.1415926536  3.1415926536  -0.0257143291  0.1042487051
-275.8318349852  3.1415926536  3.1415926536  0.0144313819  -0.0324512267
-274.5751979237  3.1415926536  3.1415926536  0.0721591920  0.0878604521
-273.3185608623  3.1415926536  3.1415926536  -0.0407661034  -0.0299677129
-272.0619238009  3.1415926536  3.1415926536  -0.2894512949  -0.5609296750
-270.8052867394  3.1415926536  3.1415926536  0.3446997401  0.5490803895
-269.5486496780  3.1415926536  3.1415926536  -0.0912893306  0.0184480702
-268.2920126166  3.1415926536  3.1415926536  -0.2651903638  -0.2962476984
-267.0353755551  3.1415926536  3.1415926536  0.0307972592  -0.0237848304
-265.7787384937  3.1415926536  3.1415926536  -0.0678410232  -0.0118706002
-264.5221014323  3.1415926536  3.1415926536  0.0094774860  -0.0499862717
-263.2654643708  3.1415926536  3.1415926536  -0.0479289083  -0.0187706383
-262.0088273094  3.1415926536  3.1415926536  -0.0031402863  -0.0274413896
-260.7521902480  3.1415926536  3.1415926536  -0.0043178995  0.0358209912
-259.4955531865  3.1415926536  3.1415926536  0.0027896174  -0.0091306746
-258.2389161251  3.1415926536  3.1415926536  0.0198979321  0.0316091902
-256.9822790636  3.1415926536  3.1415926536  -0.0157858452  -0.0126604855
-255.7256420022  3.1415926536  3.1415926536  0.0018272132  0.0049085447
-254.4690049408  3.1415926536  3.1415926536  0.2552021056  -0.5409826929
-253.2123678793  3.1415926536  3.1415926536  0.1934193593  0.0371053173
-251.9557308179  3.1415926536  3.1415926536  0.6698286982  -0.1262691606
-250.6990937565  3.1415926536  3.1415926536  0.0226672642  -0.0245084098
-249.4424566950  3.1415926536  3.1415926536  -0.0523097705  -0.0091529925
-248.1858196336  3.1415926536  3.1415926536  0.0029941774  -0.0312818517
-246.9291825722  3.1415926536  3.1415926536  -0.0254142850  -0.0112234909
-245.6725455107  3.1415926536  3.1415926536  -0.0004705588  -0.0124568920
-244.4159084493  3.1415926536  3.1415926536  -0.0007442011  0.0152271551
-243.1592713878  3.1415926536  3.1415926536  0.0008048748  -0.0035108054
-241.9026343264  3.1415926536  3.1415926536  0.0069292107  0.0136613960
-240.6459972650  3.1415926536  3.1415926536  -0.0066415499  -0.0059662928
-239.3893602035  3.1415926536  3.1415926536  0.0017179124  0.0034121448
-238.1327231421  3.1415926536  3.1415926536  -0.0003242954  0.0004725911
-236.8760860807  3.1415926536  3.1415926536  0.3044942580  0.3177328528
-235.6194490192  3.1415926536  3.1415926536  0.0256964314  -0.1002771391
-234.3628119578  3.1415926536  3.1415926536  0.0167659865  -0.0233071734
-233.1061748964  3.1415926536  3.1415926536  -0.0404499486  -0.0070777996
-231.8495378349  3.1415926536  3.1415926536  0.0008768531  -0.0207002102
-230.5929007735  3.1415926536  3.1415926536  -0.0149203632  -0.0071182158
-229.3362637121  3.1415926536  3.1415926536  0.0000678361  -0.0066023695
-228.0796266506  3.1415926536  3.1415926536  -0.0000297943  0.0076368144
-226.8229895892  3.1415926536  3.1415926536  0.0003021761  -0.0016566800
-225.5663525277  3.1415926536  3.1415926536  0.0029237377  0.0068437286
-224.3097154663  3.1415926536  3.1415926536  -0.0032121344  -0.0031595909
-223.0530784049  3.1415926536  3.1415926536  0.0012382261  0.0020848922
-221.7964413434  3.1415926536  3.1415926536  -0.0003074120  0.0004792444
-220.5398042820  3.1415926536  3.1415926536  -0.0000240377  -0.0000176147
-219.2831672206  3.1415926536  3.1415926536  -0.2076128048  0.3063392264
-218.0265301591  3.1415926536  3.1415926536  0.0062275379  -0.0163524671
-216.7698930977  3.1415926536  3.1415926536  -0.0176376682  -0.0030861815
-215.5132560363  3.1415926536  3.1415926536  -0.0003004649  -0.0063314820
-214.2566189748  3.1415926536  3.1415926536  -0.0035185245  -0.0019261752
-212.9999819134  3.1415926536  3.1415926536  0.0001233883  -0.0012682717
-211.7433448520  3.1415926536  3.1415926536  0.0001000576  0.0012850673
-210.4867077905  3.1415926536  3.1415926536  0.0000247343  -0.0002495675
-209.2300707291  3.1415926536  3.1415926536  0.0003091802  0.0011079184
-207.9734336676  3.1415926536  3.1415926536  -0.0004734947  -0.0005670224
-206.7167966062  3.1415926536  3.1415926536  0.0003341320  0.0004266851
-205.4601595448  3.1415926536  3.1415926536  -0.0000986345  0.0001779691
-204.2035224833  3.1415926536  3.1415926536  -0.0000218392  -0.0000229739
-202.9468854219  3.1415926536  3.1415926536  -0.0000022103  -0.0000052542
-201.6902483605  3.1415926536  3.1415926536  0.0000000000  0.0000000000
-200.4336112990  3.1415926536  3.1415926536  0.0000000000  0.0000000000
-199.1769742376  3.1415926536  3.1415926536  0.0000000000  0.0000000000
-197.9203371762  3.1415926536  3.1415926536  0.0000000000  0.0000000000
-196.6637001147  3.1415926536  3.1415926536  0.0000000000  0.0000000000
-195.4070630533  3.1415926536  3.1415926536  0.0000000000  0.0000000000
-194.1504259918  3.1415926536  3.1415926536  0.0000000000  0.0000000000
-192.8937889304  3.1415926536  3.1415926536  0.0000000000  0.0000000000
-191.6371518690  3.1415926536  3.1415926536  0.0000000000  0.0000000000
-190.3805148075  3.1415926536  3.1415926536  0.0000000000  0.0000000000
-189.1238777461  3.1415926536  3.1415926536  0.0000000000  0.0000000000
-187.8672406847  3.1415926536  3.1415926536  0.0000000000  0.0000000000
-186.6106036232  3.1415926536  3.1415926536  0.0000000000  0.0000000000
-185.3539665618  3.1415926536  3.1415926536  0.0000000000  0.0000000000
-184.0973295004  3.1415926536  3.1415926536  0.0000000000  0.0000000000
-182.8406924389  3.1415926536  3.1415926536  0.0000000000  0.0000000000
-181.5840553775  3.1415926536  3.1415926536  0.0000000000  0.0000000000
-180.3274183161  3.1415926536  3.1415926536  0.0000000000  0.0000000000
-179.0707812546  3.1415926536  3.1415926536  0.0000000000  0.0000000000
-177.8141441932  3.1415926536  3.1415926536  0.0000000000  0.0000000000
-176.5575071317  3.1415926536  3.1415926536  0.0000000000  0.0000000000
-175.3008700703  3.1415926536  3.1415926536  0.0000000000  0.0000000000
-174.0442330089  3.1415926536  3.1415926536  0.0000000000  0.0000000000
-172.7875959474  3.1415926536  3.1415926536  0.0000000000  0.0000000000
-171.5309588860  3.1415926536  3.1415926536  0.0000000000  0.0000000000
-170.2743218246  3.1415926536  3.1415926536  0.0000000000  0.0000000000
-169.0176847631  3.1415926536  3.1415926536  0.0000000000  0.0000000000
-167.7610477017  3.1415926536  3.1415926536  0.0000000000  0.0000000000
-166.5044106403  3.1415926536  3.1415926536  0.0000000000  0.0000000000
-165.2477735788  3.1415926536  3.1415926536  -0.7797619210  0.0000000000
-163.9911365174  3.1415926536  3.1415926536  0.0000000000  0.0000000000
-162.7344994560  3.1415926536  3.1415926536  0.0000000000  0.0000000000
-161.4778623945  3.1415926536  3.1415926536  0.0000000000  0.0000000000
-160.2212253331  3.1415926536  3.1415926536  -1.8616921834  0.0000000000
-158.9645882716  3.1415926536  3.1415926536  0.0000000000  0.0000000000
-157.7079512102  3.1415926536  3.1415926536  0.0000000000  0.0000000000
-156.4513141488  3.1415926536  3.1415926536  0.0000000000  0.0000000000
-155.1946770873  3.1415926536  3.1415926536  -2.9859523160  0.0000000000
-153.9380400259  3.1415926536  3.1415926536  0.0000000000  0.0000000000
-152.6814029645  3.1415926536  3.1415926536  0.0000000000  0.0000000000
-151.4247659030  3.1415926536  3.1415926536  0.0000000000  0.0000000000
-150.1681288416  3.1415926536  3.1415926536  -3.6177927121  0.0000000000
-148.9114917802  3.1415926536  3.1415926536  0.0000000000  0.0000000000
-147.6548547187  3.1415926536  3.1415926536  0.0000000000  0.0000000000
-146.3982176573  3.1415926536  3.1415926536  0.0000000000  0.0000000000
-145.1415805958  3.1415926536  3.1415926536  -4.0678214544  0.0000000000
-143.8849435344  3.1415926536  3.1415926536  0.0000000000  0.0000000000
-142.6283064730  3.1415926536  3.1415926536  0.0000000000  0.0000000000
-141.3716694115  3.1415926536  3.1415926536  0.0000000000  0.0000000000
-140.1150323501  3.1415926536  3.1415926536  0.4063755503  0.0000000000
-138.8583952887  3.1415926536  3.1415926536  0.0000000000  0.0000000000
-137.6017582272  3.1415926536  3.1415926536  0.0000000000  0.0000000000
-136.3451211658  3.1415926536  3.1415926536  0.0000000000  0.0000000000
-135.0884841044  3.1415926536  3.1415926536  0.0002723182  0.0000000000
-133.8318470429  3.1415926536  3.1415926536  0.0000000000  0.0000000000
-132.5752099815  3.1415926536  3.1415926536  0.0000000000  0.0000000000
-131.3185729201  3.1415926536  3.1415926536  0.0000000000  0.0000000000
-130.0619358586  3.1415926536  3.1415926536  -0.0000000000  0.0000000000
-128.8052987972  3.1415926536  3.1415926536  0.0000000000  0.0000000000
-127.5486617357  3.1415926536  3.1415926536  -nan  0.0000000000
-126.2920246743  3.1415926536  3.1415926536  0.0000000000  0.0000000000
-125.0353876129  3.1415926536  3.1415926536  0.0000000000  0.0000000000
-123.7787505514  3.1415926536  3.1415926536  0.0000000000  0.0000000000
-122.5221134900  3.1415926536  3.1415926536  0.0000000000  0.0000000000
-121.2654764286  3.1415926536  3.1415926536  0.0000000000  0.0000000000
-120.0088393671  3.1415926536  3.1415926536  -0.3732440395  0.0000000000
-118.7522023057  3.1415926536  3.1415926536  0.0000000000  0.0000000000
-117.4955652443  3.1415926536  3.1415926536  0.0000000000  0.0000000000
-116.2389281828  3.1415926536  3.1415926536  0.0000000000  0.0000000000
-114.9822911214  3.1415926536  3.1415926536  -0.7797619210  0.0000000000
-113.7256540600  3.1415926536  3.1415926536  0.0000000000  0.0000000000
-112.4690169985  3.1415926536  3.1415926536  0.0000000000  0.0000000000
-111.2123799371  3.1415926536  3.1415926536  0.0000000000  0.0000000000
-109.9557428756  3.1415926536  3.1415926536  -1.8616921834  0.0000000000
-108.6991058142  3.1415926536  3.1415926536  0.0000000000  0.0000000000
-107.4424687528  3.1415926536  3.1415926536  0.0000000000  0.0000000000
-106.1858316913  3.1415926536  3.1415926536  0.0000000000  0.0000000000
-104.9291946299  3.1415926536  3.1415926536  -2.9859523160  0.0000000000
-103.6725575685  3.1415926536  3.1415926536  0.0000000000  0.0000000000
-102.4159205070  3.1415926536  3.1415926536  0.0000000000  0.0000000000
-101.1592834456  3.1415926536  3.1415926536  0.0000000000  0.0000000000
-99.9026463842  3.1415926536  3.1415926536  -3.6177927121  0.0000000000
-98.6460093227  3.1415926536  3.1415926536  0.0000000000  0.0000000000
-97.3893722613  3.1415926536  3.1415926536  0.0000000000  0.0000000000
-96.1327351998  3.1415926536  3.1415926536  0.0000000000  0.0000000000
-94.8760981384  3.1415926536  3.1415926536  0.0000000000  0.0000000000
-93.6194610770  3.1415926536  3.1415926536  -9.9946473081  -8.8889255825
-92.3628240155  3.1415926536  3.1415926536  -7.3364921769  -4.5741822689
-91.1061869541  3.1415926536  3.1415926536  -2.9258177311  -1.8341230442
-89.8495498927  3.1415926536  3.1415926536  -0.7638843022  -0.3512750301
-88.5929128312  3.1415926536  3.1415926536  0.0003345432  0.4185250835
-87.3362757698  3.1415926536  3.1415926536  1.1435455672  1.8341230442
-86.0796387084  3.1415926536  3.1415926536  2.6289090731  4.3028608628
-84.8230016469  3.1415926536  3.1415926536  6.3942782745  8.6057217255
-83.5663645855  3.1415926536  3.1415926536  9.9946473081  0.0000000000
-82.3097275241  3.1415926536  3.1415926536  1.0000000000  0.0000000000
-81.0530904626  3.1415926536  3.1415926536  1.0000000000  0.0000000000
-79.7964534012  3.1415926536  3.1415926536  1.0000000000  0.0000000000
-78.5398163397  3.1415926536  3.1415926536  0.9999999999  0.0000000000
-77.2831792783  3.1415926536  3.1415926536  0.9999995567  0.0000000000
-76.0265422169  3.1415926536  3.1415926536  0.9998959584  0.0000000000
-74.7699051554  3.1415926536  3.1415926536  0.9785305605  0.0000000000
-73.5132680940  3.1415926536  3.1415926536  0.8527550919  0.0000000000
-72.2566310326  3.1415926536  3.1415926536  0.4995818210  0.0000000000
-70.9999939711  3.1415926536  3.1415926536  0.1098156605  0.0000000000
-69.7433569097  3.1415926536  3.1415926536  0.0032764013  0.0000000000
-68.4867198483  3.1415926536  3.1415926536  0.0001040416  0.0000000000
-67.2300827868  3.1415926536  3.1415926536  0.0000019561  0.0000000000
-65.9734457254  3.1415926536  3.1415926536  0.0000000005  0.0000000000
-64.7168086639  3.1415926536  3.1415926536  0.0000000000  0.0000000000
-63.4601716025  3.1415926536  3.1415926536  0.0000000000  0.0000000000
-62.2035345411  3.1415926536  3.1415926536  0.0000000000  0.0000000000
-60.9468974796  3.1415926536  3.1415926536  0.0000000000  0.0000000000
-59.6902604182  3.1415926536  3.1415926536  0.0000000000  0.0000000000
-58.4336233568  3.1415926536  3.1415926536  0.0000000000  0.0000000000
-57.1769862953  3.1415926536  3.1415926536  -49.9732365405  -44.4446279127
-55.9203492339  3.1415926536  3.1415926536  -36.6824608846  -22.8709113444
-54.6637121725  3.1415926536  3.1415926536  -14.6290886556  -9.1706152212
-53.4070751110  3.1415926536  3.1415926536  -3.8194215109  -1.7563751504
-52.1504380496  3.1415926536  3.1415926536  0.0016727162  2.0926254177
-50.8938009882  3.1415926536  3.1415926536  5.7177278361  9.1706152212
-49.6371639267  3.1415926536  3.1415926536  13.1445453654  21.5143043139
-48.3805268653  3.1415926536  3.1415926536  31.9713913723  43.0286086277
-47.1238898038  3.1415926536  3.1415926536  49.9732365405  0.0000000000
-45.8672527424  3.1415926536  3.1415926536  -nan  -nan
-44.6106156810  3.1415926536  3.1415926536  -nan  -nan
-43.3539786195  3.1415926536  3.1415926536  0.0000000000  0.0000000000
-42.0973415581  3.1415926536  3.1415926536  0.0000000000  0.0000000000
-40.8407044967  3.1415926536  3.1415926536  0.0000000000  0.0000000000
-39.5840674352  3.1415926536  3.1415926536  0.0000000000  0.0000000000
-38.3274303738  3.1415926536  3.1415926536  0.0000000000  0.0000000000
-37.0707933124  3.1415926536  3.1415926536  0.0000000000  0.0000000000
-35.8141562509  3.1415926536  3.1415926536  0.0000000000  0.0000000000
-34.5575191895  3.1415926536  3.1415926536  0.0000000000  0.0000000000
-33.3008821281  3.1415926536  3.1415926536  6.2543345948  5.8857366633
-32.0442450666  3.1415926536  3.1415926536  5.6178131419  0.0000000000
-30.7876080052  3.1415926536  3.1415926536  0.0000000000  0.0000000000
-29.5309709437  3.1415926536  3.1415926536  0.0000000000  0.0000000000
-28.2743338823  3.1415926536  3.1415926536  0.0000000000  0.0000000000
-27.0176968209  3.1415926536  3.1415926536  0.0000000000  0.0000000000
-25.7610597594  3.1415926536  3.1415926536  0.0000000000  3.1415926536
-24.5044226980  3.1415926536  3.1415926536  0.0000000000  0.0000000000
-23.2477856366  3.1415926536  3.1415926536  -9.9946473081  -8.8889255825
-21.9911485751  3.1415926536  3.1415926536  -7.3364921769  -4.5741822689
-20.7345115137  3.1415926536  3.1415926536  -2.9258177311  -1.8341230442
-19.4778744523  3.1415926536  3.1415926536  -0.7638843022  -0.3512750301
-18.2212373908  3.1415926536  3.1415926536  0.0003345432  0.4185250835
-16.9646003294  3.1415926536  3.1415926536  1.1435455672  1.8341230442
-15.7079632679  3.1415926536  3.1415926536  2.6289090731  4.3028608628
-14.4513262065  3.1415926536  3.1415926536  6.3942782745  8.6057217255
-13.1946891451  3.1415926536  3.1415926536  9.9946473081  0.0000000000
-11.9380520836  3.1415926536  3.1415926536  0.0000000000  0.0000000000
-10.6814150222  3.1415926536  3.1415926536  0.0000000000  0.0000000000
-9.4247779608  3.1415926536  3.1415926536  -nan  -nan
-8.1681408993  3.1415926536  3.1415926536  -nan  -nan
-6.9115038379  3.1415926536  3.1415926536  0.0000000000  0.0000000000
-5.6548667765  3.1415926536  3.1415926536  0.0000000000  0.0000000000
-4.3982297150  3.1415926536  3.1415926536  0.0000000000  0.0000000000
-3.1415926536  3.1415926536  3.1415926536  0.0000000000  0.0000000000
-1.8849555922  3.1415926536  3.1415926536  0.0000000000  0.0000000000
-0.6283185307  3.1415926536  3.1415926536  0.0000000000  0.0000000000
0.6283185307  3.1415926536  3.1415926536  -0.3921761971  -0.1331123105
1.8849555922  3.1415926536  3.1415926536  -0.2412561992  -0.2041523073
3.1415926536  3.1415926536  3.1415926536  -0.1464182946  -0.1946916348
4.3982297150  3.1415926536  3.1415926536  -0.0936352474  -0.1696265231
5.6548667765  3.1415926536  3.1415926536  -0.0635959851  -0.1459159476
6.9115038379  3.1415926536  3.1415926536  -0.0454964331  -0.1264237537
8.1681408993  3.1415926536  3.1415926536  -0.0339484073  -0.1108263290
9.4247779608  3.1415926536  3.1415926536  -0.0262049031  -0.0983098389
10.6814150222  3.1415926536  3.1415926536  -0.0207914400  -0.0881479002
11.9380520836  3.1415926536  3.1415926536  -0.0168728737  -0.0797830595
13.1946891451  3.1415926536  3.1415926536  -0.0139523630  -0.0728032829
14.4513262065  3.1415926536  3.1415926536  -0.0117212756  -0.0669053186
15.7079632679  3.1415926536  3.1415926536  -0.0099805433  -0.0618642418
16.9646003294  3.1415926536  3.1415926536  -0.0085974953  -0.0575111752
18.2212373908  3.1415926536  3.1415926536  -0.0074811497  -0.0537175891
19.4778744523  3.1415926536  3.1415926536  -0.0065675300  -0.0503843198
20.7345115137  3.1415926536  3.1415926536  -0.0058106435  -0.0474338528
21.9911485751  3.1415926536  3.1415926536  -0.0051767704  -0.0448048474
23.2477856366  3.1415926536  3.1415926536  -0.0046407523  -0.0424482036
24.5044226980  3.1415926536  3.1415926536  -0.0041835214  -0.0403242012
25.7610597594  3.1415926536  3.1415926536  -0.0037904200  -0.0384003929
27.0176968209  3.1415926536  3.1415926536  -0.0034500349  -0.0366500325
28.2743338823  3.1415926536  3.1415926536  -0.0031533753  -0.0350508886
29.5309709437  3.1415926536  3.1415926536  -0.0028932827  -0.0335843401
30.7876080052  3.1415926536  3.1415926536  -0.0026640019  -0.0322346779
32.0442450666  3.1415926536  3.1415926536  -0.0024608639  -0.0309885618
33.3008821281  3.1415926536  3.1415926536  -0.0022800497  -0.0298345936
34.5575191895  3.1415926536  3.1415926536  -0.0021184113  -0.0287629782
35.8141562509  3.1415926536  3.1415926536  -0.0019733358  -0.0277652532
37.0707933124  3.1415926536  3.1415926536  -0.0018426395  -0.0268340708
38.3274303738  3.1415926536  3.1415926536  -0.0017244865  -0.0259630215
39.5840674352  3.1415926536  3.1415926536  -0.0016173244  -0.0251464893
40.8407044967  3.1415926536  3.1415926536  -0.0015198333  -0.0243795334
42.0973415581  3.1415926536  3.1415926536  -0.0014308853  -0.0236577900
43.3539786195  3.1415926536  3.1415926536  -0.0013495121  -0.0229773909
44.6106156810  3.1415926536  3.1415926536  -0.0012748785  -0.0223348953
45.8672527424  3.1415926536  3.1415926536  -0.0012062613  -0.0217272325
47.1238898038  3.1415926536  3.1415926536  -0.0011430315  -0.0211516538
48.3805268653  3.1415926536  3.1415926536  -0.0010846403  -0.0206056912
49.6371639267  3.1415926536  3.1415926536  -0.0010306068  -0.0200871229
50.8938009882  3.1415926536  3.1415926536  -0.0009805085  -0.0195939433
52.1504380496  3.1415926536  3.1415926536  -0.0009339725  -0.0191243374
53.4070751110  3.1415926536  3.1415926536  -0.0008906694  -0.0186766585
54.6637121725  3.1415926536  3.1415926536  -0.0008503067  -0.0182494098
55.9203492339  3.1415926536  3.1415926536  -0.0008126245  -0.0178412270
57.1769862953  3.1415926536  3.1415926536  -0.0007773906  -0.0174508646
58.4336233568  3.1415926536  3.1415926536  -0.0007443977  -0.0170771830
59.6902604182  3.1415926536  3.1415926536  -0.0007134598  -0.0167191375
60.9468974796  3.1415926536  3.1415926536  -0.0006844098  -0.0163757688
62.2035345411  3.1415926536  3.1415926536  -0.0006570974  -0.0160461941
63.4601716025  3.1415926536  3.1415926536  -0.0006313867  -0.0157296001
64.7168086639  3.1415926536  3.1415926536  -0.0006071550  -0.0154252360
65.9734457254  3.1415926536  3.1415926536  -0.0005842911  -0.0151324078
67.2300827868  3.1415926536  3.1415926536  -0.0005626940  -0.0148504729
68.4867198483  3.1415926536  3.1415926536  -0.0005422718  -0.0145788355
69.7433569097  3.1415926536  3.1415926536  -0.0005229410  -0.0143169423
70.9999939711  3.1415926536  3.1415926536  -0.0005046251  -0.0140642790
72.2566310326  3.1415926536  3.1415926536  -0.0004872544  -0.0138203668
73.5132680940  3.1415926536  3.1415926536  -0.0004707650  -0.0135847594
74.7699051554  3.1415926536  3.1415926536  -0.0004550982  -0.0133570402
76.0265422169  3.1415926536  3.1415926536  -0.0004402003  -0.0131368202
77.2831792783  3.1415926536  3.1415926536  -0.0004260218  -0.0129237354
78.5398163397  3.1415926536  3.1415926536  -0.0004125171  -0.0127174449
79.7964534012  3.1415926536  3.1415926536  -0.0003996443  -0.0125176291
81.0530904626  3.1415926536  3.1415926536  -0.0003873645  -0.0123239885
82.3097275241  3.1415926536  3.1415926536  -0.0003756419  -0.0121362412
83.5663645855  3.1415926536  3.1415926536  -0.0003644432  -0.0119541227
84.8230016469  3.1415926536  3.1415926536  -0.0003537378  -0.0117773837
86.0796387084  3.1415926536  3.1415926536  -0.0003434971  -0.0116057896
87.3362757698  3.1415926536  3.1415926536  -0.0003336945  -0.0114391192
88.5929128312  3.1415926536  3.1415926536  -0.0003243055  -0.0112771638
89.8495498927  3.1415926536  3.1415926536  -0.0003153071  -0.0111197262
91.1061869541  3.1415926536  3.1415926536  -0.0003066780  -0.0109666202
92.3628240155  3.1415926536  3.1415926536  -0.0002983982  -0.0108176695
93.6194610770  3.1415926536  3.1415926536  -0.0002904491  -0.0106727076
94.8760981384  3.1415926536  3.1415926536  -0.0002828134  -0.0105315762
96.1327351998  3.1415926536  3.1415926536  -0.0002754748  -0.0103941258
97.3893722613  3.1415926536  3.1415926536  -0.0002684181  -0.0102602142
98.6460093227  3.1415926536  3.1415926536  -0.0002616290  -0.0101297067
99.9026463842  3.1415926536  3.1415926536  -0.0002550943  -0.0100024752
101.1592834456  3.1415926536  3.1415926536  -0.0002488012  -0.0098783979
102.4159205070  3.1415926536  3.1415926536  -0.0002427381  -0.0097573590
103.6725575685  3.1415926536  3.1415926536  -0.0002368939  -0.0096392484
104.9291946299  3.1415926536  3.1415926536  -0.0002312583  -0.0095239612
106.1858316913  3.1415926536  3.1415926536  -0.0002258213  -0.0094113973
107.4424687528  3.1415926536  3.1415926536  -0.0002205737  -0.0093014615
108.6991058142  3.1415926536  3.1415926536  -0.0002155070  -0.0091940628
109.9557428756  3.1415926536  3.1415926536  -0.0002106127  -0.0090891145
111.2123799371  3.1415926536  3.1415926536  -0.0002058833  -0.0089865336
112.4690169985  3.1415926536  3.1415926536  -0.0002013114  -0.0088862411
113.7256540600  3.1415926536  3.1415926536  -0.0001968901  -0.0087881613
114.9822911214  3.1415926536  3.1415926536  -0.0001926128  -0.0086922217
116.2389281828  3.1415926536  3.1415926536  -0.0001884734  -0.0085983531
117.4955652443  3.1415926536  3.1415926536  -0.0001844659  -0.0085064891
118.7522023057  3.1415926536  3.1415926536  -0.0001805849  -0.0084165664
120.0088393671  3.1415926536  3.1415926536  -0.0001768251  -0.0083285240
121.2654764286  3.1415926536  3.1415926536  -0.0001731815  -0.0082423035
122.5221134900  3.1415926536  3.1415926536  -0.0001696493  -0.0081578492
123.7787505514  3.1415926536  3.1415926536  -0.0001662241  -0.0080751071
125.0353876129  3.1415926536  3.1415926536  -0.0001629015  -0.0079940259
126.2920246743  3.1415926536  3.1415926536  -0.0001596776  -0.0079145560
127.5486617357  3.1415926536  3.1415926536  -0.0001565484  -0.0078366499
128.8052987972  3.1415926536  3.1415926536  -0.0001535103  -0.0077602619
130.0619358586  3.1415926536  3.1415926536  -0.0001505597  -0.0076853481
131.3185729201  3.1415926536  3.1415926536  -0.0001476934  -0.0076118662
132.5752099815  3.1415926536  3.1415926536  -0.0001449082  -0.0075397756
133.8318470429  3.1415926536  3.1415926536  -0.0001422010  -0.0074690372
135.0884841044  3.1415926536  3.1415926536  -0.0001395690  -0.0073996132
136.3451211658  3.1415926536  3.1415926536  -0.0001370093  -0.0073314675
137.6017582272  3.1415926536  3.1415926536  -0.0001345194  -0.0072645649
138.8583952887  3.1415926536  3.1415926536  -0.0001320968  -0.0071988719
140.1150323501  3.1415926536  3.1415926536  -0.0001297390  -0.0071343559
141.3716694115  3.1415926536  3.1415926536  -0.0001274438  -0.0070709857
142.6283064730  3.1415926536  3.1415926536  -0.0001252089  -0.0070087308
143.8849435344  3.1415926536  3.1415926536  -0.0001230323  -0.0069475623
145.1415805958  3.1415926536  3.1415926536  -0.0001209120  -0.0068874518
146.3982176573  3.1415926536  3.1415926536  -0.0001188460  -0.0068283722
147.6548547187  3.1415926536  3.1415926536  -0.0001168325  -0.0067702972
148.9114917802  3.1415926536  3.1415926536  -0.0001148697  -0.0067132014
150.1681288416  3.1415926536  3.1415926536  -0.0001129560  -0.0066570603
151.4247659030  3.1415926536  3.1415926536  -0.0001110897  -0.0066018500
152.6814029645  3.1415926536  3.1415926536  -0.0001092693  -0.0065475478
153.9380400259  3.1415926536  3.1415926536  -0.0001074932  -0.0064941312
155.1946770873  3.1415926536  3.1415926536  -0.0001057601  -0.0064415790
156.4513141488  3.1415926536  3.1415926536  -0.0001040686  -0.0063898701
157.7079512102  3.1415926536  3.1415926536  -0.0001024173  -0.0063389846
158.9645882716  3.1415926536  3.1415926536  -0.0001008050  -0.0062889030
160.2212253331  3.1415926536  3.1415926536  -0.0000992305  -0.0062396062
161.4778623945  3.1415926536  3.1415926536  -0.0000976926  -0.0061910761
162.7344994560  3.1415926536  3.1415926536  -0.0000961901  -0.0061432948
163.9911365174  3.1415926536  3.1415926536  -0.0000947221  -0.0060962452
165.2477735788  3.1415926536  3.1415926536  -0.0000932874  -0.0060499107
166.5044106403  3.1415926536  3.1415926536  -0.0000918850  -0.0060042749
167.7610477017  3.1415926536  3.1415926536  -0.0000905140  -0.0059593224
169.0176847631  3.1415926536  3.1415926536  -0.0000891735  -0.0059150377
170.2743218246  3.1415926536  3.1415926536  -0.0000878625  -0.0058714062
171.5309588860  3.1415926536  3.1415926536  -0.0000865803  -0.0058284135
172.7875959474  3.1415926536  3.1415926536  -0.0000853259  -0.0057860457
174.0442330089  3.1415926536  3.1415926536  -0.0000840985  -0.0057442893
175.3008700703  3.1415926536  3.1415926536  -0.0000828975  -0.0057031311
176.5575071317  3.1415926536  3.1415926536  -0.0000817220  -0.0056625584
177.8141441932  3.1415926536  3.1415926536  -0.0000805713  -0.0056225587
179.0707812546  3.1415926536  3.1415926536  -0.0000794447  -0.0055831201
180.3274183161  3.1415926536  3.1415926536  -0.0000783416  -0.0055442307
181.5840553775  3.1415926536  3.1415926536  -0.0000772613  -0.0055058793
182.8406924389  3.1415926536  3.1415926536  -0.0000762033  -0.0054680546
184.0973295004  3.1415926536  3.1415926536  -0.0000751668  -0.0054307461
185.3539665618  3.1415926536  3.1415926536  -0.0000741513  -0.0053939430
186.6106036232  3.1415926536  3.1415926536  -0.0000731562  -0.0053576354
187.8672406847  3.1415926536  3.1415926536  -0.0000721810  -0.0053218131
189.1238777461  3.1415926536  3.1415926536  -0.0000712252  -0.0052864666
190.3805148075  3.1415926536  3.1415926536  -0.0000702883  -0.0052515865
191.6371518690  3.1415926536  3.1415926536  -0.0000693697  -0.0052171635
192.8937889304  3.1415926536  3.1415926536  -0.0000684690  -0.0051831887
194.1504259918  3.1415926536  3.1415926536  -0.0000675858  -0.0051496535
195.4070630533  3.1415926536  3.1415926536  -0.0000667195  -0.0051165494
196.6637001147  3.1415926536  3.1415926536  -0.0000658698  -0.0050838681
197.9203371762  3.1415926536  3.1415926536  -0.0000650362  -0.0050516016
199.1769742376  3.1415926536  3.1415926536  -0.0000642183  -0.0050197420
200.4336112990  3.1415926536  3.1415926536  -0.0000634157  -0.0049882816
201.6902483605  3.1415926536  3.1415926536  -0.0000626281  -0.0049572131
202.9468854219  3.1415926536  3.1415926536  -0.0000618551  -0.0049265291
204.2035224833  3.1415926536  3.1415926536  -0.0000610963  -0.0048962226
205.4601595448  3.1415926536  3.1415926536  -0.0000603514  -0.0048662866
206.7167966062  3.1415926536  3.1415926536  -0.0000596200  -0.0048367144
207.9734336676  3.1415926536  3.1415926536  -0.0000589019  -0.0048074993
209.2300707291  3.1415926536  3.1415926536  -0.0000581966  -0.0047786351
210.4867077905  3.1415926536  3.1415926536  -0.0000575039  -0.0047501153
211.7433448520  3.1415926536  3.1415926536  -0.0000568236  -0.0047219338
212.9999819134  3.1415926536  3.1415926536  -0.0000561552  -0.0046940847
214.2566189748  3.1415926536  3.1415926536  -0.0000554985  -0.0046665622
215.5132560363  3.1415926536  3.1415926536  -0.0000548533  -0.0046393604
216.7698930977  3.1415926536  3.1415926536  -0.0000542193  -0.0046124739
218.0265301591  3.1415926536  3.1415926536  -0.0000535962  -0.0045858972
219.2831672206  3.1415926536  3.1415926536  -0.0000529838  -0.0045596249
220.5398042820  3.1415926536  3.1415926536  -0.0000523818  -0.0045336519
221.7964413434  3.1415926536  3.1415926536  -0.0000517900  -0.0045079731
223.0530784049  3.1415926536  3.1415926536  -0.0000512082  -0.0044825835
224.3097154663  3.1415926536  3.1415926536  -0.0000506362  -0.0044574782
225.5663525277  3.1415926536  3.1415926536  -0.0000500737  -0.0044326526
226.8229895892  3.1415926536  3.1415926536  -0.0000495205  -0.0044081019
228.0796266506  3.1415926536  3.1415926536  -0.0000489764  -0.0043838216
229.3362637121  3.1415926536  3.1415926536  -0.0000484412  -0.0043598073
230.5929007735  3.1415926536  3.1415926536  -0.0000479148  -0.0043360547
231.8495378349  3.1415926536  3.1415926536  -0.0000473968  -0.0043125594
233.1061748964  3.1415926536  3.1415926536  -0.0000468873  -0.0042893173
234.3628119578  3.1415926536  3.1415926536  -0.0000463859  -0.0042663244
235.6194490192  3.1415926536  3.1415926536  -0.0000458925  -0.0042435766
236.8760860807  3.1415926536  3.1415926536  -0.0000454070  -0.0042210701
238.1327231421  3.1415926536  3.1415926536  -0.0000449291  -0.0041988010
239.3893602035  3.1415926536  3.1415926536  -0.0000444587  -0.0041767657
240.6459972650  3.1415926536  3.1415926536  -0.0000439956  -0.0041549604
241.9026343264  3.1415926536  3.1415926536  -0.0000435398  -0.0041333815
243.1592713878  3.1415926536  3.1415926536  -0.0000430910  -0.0041120256
244.4159084493  3.1415926536  3.1415926536  -0.0000426491  -0.0040908892
245.6725455107  3.1415926536  3.1415926536  -0.0000422140  -0.0040699690
246.9291825722  3.1415926536  3.1415926536  -0.0000417855  -0.0040492617
248.1858196336  3.1415926536  3.1415926536  -0.0000413635  -0.0040287639
249.4424566950  3.1415926536  3.1415926536  -0.0000409478  -0.0040084726
250.6990937565  3.1415926536  3.1415926536  -0.0000405384  -0.0039883847
251.9557308179  3.1415926536  3.1415926536  -0.0000401351  -0.0039684970
253.2123678793  3.1415926536  3.1415926536  -0.0000397378  -0.0039488067
254.4690049408  3.1415926536  3.1415926536  -0.0000393463  -0.0039293108
255.7256420022  3.1415926536  3.1415926536  -0.0000389606  -0.0039100065
256.9822790636  3.1415926536  3.1415926536  -0.0000385806  -0.0038908908
258.2389161251  3.1415926536  3.1415926536  -0.0000382060  -0.0038719612
259.4955531865  3.1415926536  3.1415926536  -0.0000378370  -0.0038532148
260.7521902480  3.1415926536  3.1415926536  -0.0000374732  -0.0038346491
262.0088273094  3.1415926536  3.1415926536  -0.0000371146  -0.0038162614
263.2654643708  3.1415926536  3.1415926536  -0.0000367612  -0.0037980491
264.5221014323  3.1415926536  3.1415926536  -0.0000364128  -0.0037800099
265.7787384937  3.1415926536  3.1415926536  -0.0000360693  -0.0037621412
267.0353755551  3.1415926536  3.1415926536  -0.0000357307  -0.0037444406
268.2920126166  3.1415926536  3.1415926536  -0.0000353968  -0.0037269058
269.5486496780  3.1415926536  3.1415926536  -0.0000350676  -0.0037095344
270.8052867394  3.1415926536  3.1415926536  -0.0000347429  -0.0036923242
272.0619238009  3.1415926536  3.1415926536  -0.0000344227  -0.0036752730
273.3185608623  3.1415926536  3.1415926536  -0.0000341070  -0.0036583784
274.5751979237  3.1415926536  3.1415926536  -0.0000337955  -0.0036416385
275.8318349852  3.1415926536  3.1415926536  -0.0000334883  -0.0036250511
277.0884720466  3.1415926536  3.1415926536  -0.0000331853  -0.0036086140
278.3451091081  3.1415926536  3.1415926536  -0.0000328864  -0.0035923254
279.6017461695  3.1415926536  3.1415926536  -0.0000325915  -0.0035761831
280.8583832309  3.1415926536  3.1415926536  -0.0000323005  -0.0035601852
282.1150202924  3.1415926536  3.1415926536  -0.0000320134  -0.0035443299
283.3716573538  3.1415926536  3.1415926536  -0.0000317302  -0.0035286150
284.6282944152  3.1415926536  3.1415926536  -0.0000314506  -0.0035130390
285.8849314767  3.1415926536  3.1415926536  -0.0000311748  -0.0034975998
287.1415685381  3.1415926536  3.1415926536  -0.0000309025  -0.0034822957
288.3982055995  3.1415926536  3.1415926536  -0.0000306338  -0.0034671250
289.6548426610  3.1415926536  3.1415926536  -0.0000303686  -0.0034520858
290.9114797224  3.1415926536  3.1415926536  -0.0000301069  -0.0034371765
292.1681167839  3.1415926536  3.1415926536  -0.0000298485  -0.0034223955
293.4247538453  3.1415926536  3.1415926536  -0.0000295934  -0.0034077410
294.6813909067  3.1415926536  3.1415926536  -0.0000293416  -0.0033932115
295.9380279682  3.1415926536  3.1415926536  -0.0000290929  -0.0033788054
297.1946650296  3.1415926536  3.1415926536  -0.0000288474  -0.0033645210
298.4513020910  3.1415926536  3.1415926536  -0.0000286051  -0.0033503569
299.7079391525  3.1415926536  3.1415926536  -0.0000283657  -0.0033363116
300.9645762139  3.1415926536  3.1415926536  -0.0000281293  -0.0033223835
302.2212132753  3.1415926536  3.1415926536  -0.0000278959  -0.0033085712
303.4778503368  3.1415926536  3.1415926536  -0.0000276654  -0.0032948733
304.7344873982  3.1415926536  3.1415926536  -0.0000274377  -0.0032812883
305.9911244596  3.1415926536  3.1415926536  -0.0000272129  -0.0032678149
307.2477615211  3.1415926536  3.1415926536  -0.0000269907  -0.0032544517
308.5043985825  3.1415926536  3.1415926536  -0.0000267713  -0.0032411973
309.7610356440  3.1415926536  3.1415926536  -0.0000265546  -0.0032280504
311.0176727054  3.1415926536  3.1415926536  -0.0000263404  -0.0032150097
312.2743097668  3.1415926536  3.1415926536  -0.0000261289  -0.0032020740
313.5309468283  3.1415926536  3.1415926536  -0.0000259199  -0.0031892419
314.7875838897  3.1415926536  3.1415926536  -0.0000257134  -0.0031765123
316.0442209511  3.1415926536  3.1415926536  -0.0000255093  -0.0031638838
317.3008580126  3.1415926536  3.1415926536  -0.0000253077  -0.0031513554
318.5574950740  3.1415926536  3.1415926536  -0.0000251084  -0.0031389258
319.8141321354  3.1415926536  3.1415926536  -0.0000249115  -0.0031265939
321.0707691969  3.1415926536  3.1415926536  -0.0000247169  -0.0031143584
322.3274062583  3.1415926536  3.1415926536  -0.0000245246  -0.0031022184
323.5840433197  3.1415926536  3.1415926536  -0.0000243345  -0.0030901726
324.8406803812  3.1415926536  3.1415926536  -0.0000241466  -0.0030782200
326.0973174426  3.1415926536  3.1415926536  -0.0000239608  -0.0030663595
327.3539545041  3.1415926536  3.1415926536  -0.0000237773  -0.0030545901
328.6105915655  3.1415926536  3.1415926536  -0.0000235958  -0.0030429106
329.8672286269  3.1415926536  3.1415926536  -0.0000234163  -0.0030313201
331.1238656884  3.1415926536  3.1415926536  -0.0000232390  -0.0030198176
332.3805027498  3.1415926536  3.1415926536  -0.0000230636  -0.0030084020
333.6371398112  3.1415926536  3.1415926536  -0.0000228902  -0.0029970724
334.8937768727  3.1415926536  3.1415926536  -0.0000227187  -0.0029858278
336.1504139341  3.1415926536  3.1415926536  -0.0000225492  -0.0029746673
337.4070509955  3.1415926536  3.1415926536  -0.0000223816  -0.0029635898
338.6636880570  3.1415926536  3.1415926536  -0.0000222158  -0.0029525946
339.9203251184  3.1415926536  3.1415926536  -0.0000220519  -0.0029416807
341.1769621799  3.1415926536  3.1415926536  -0.0000218897  -0.0029308471
342.4335992413  3.1415926536  3.1415926536  -0.0000217294  -0.0029200930
343.6902363027  3.1415926536  3.1415926536  -0.0000215708  -0.0029094176
344.9468733642  3.1415926536  3.1415926536  -0.0000214139  -0.0028988199
346.2035104256  3.1415926536  3.1415926536  -0.0000212587  -0.0028882991
347.4601474870  3.1415926536  3.1415926536  -0.0000211053  -0.0028778545
348.7167845485  3.1415926536  3.1415926536  -0.0000209534  -0.0028674851
349.9734216099  3.1415926536  3.1415926536  -0.0000208032  -0.0028571901
351.2300586713  3.1415926536  3.1415926536  -0.0000206547  -0.0028469688
352.4866957328  3.1415926536  3.1415926536  -0.0000205077  -0.0028368204
353.7433327942  3.1415926536  3.1415926536  -0.0000203622  -0.0028267440
354.9999698556  3.1415926536  3.1415926536  -0.0000202183  -0.0028167390
356.2566069171  3.1415926536  3.1415926536  -0.0000200760  -0.0028068046
357.5132439785  3.1415926536  3.1415926536  -0.0000199351  -0.0027969399
358.7698810400  3.1415926536  3.1415926536  -0.0000197957  -0.0027871444
360.0265181014  3.1415926536  3.1415926536  -0.0000196578  -0.0027774172
361.2831551628  3.1415926536  3.1415926536  -0.0000195213  -0.0027677577
362.5397922243  3.1415926536  3.1415926536  -0.0000193862  -0.0027581652
363.7964292857  3.1415926536  3.1415926536  -0.0000192525  -0.0027486389
365.0530663471  3.1415926536  3.1415926536  -0.0000191202  -0.0027391782
366.3097034086  3.1415926536  3.1415926536  -0.0000189892  -0.0027297824
367.5663404700  3.1415926536  3.1415926536  -0.0000188596  -0.0027204508
368.8229775314  3.1415926536  3.1415926536  -0.0000187313  -0.0027111828
370.0796145929  3.1415926536  3.1415926536  -0.0000186043  -0.0027019777
371.3362516543  3.1415926536  3.1415926536  -0.0000184786  -0.0026928349
372.5928887157  3.1415926536  3.1415926536  -0.0000183542  -0.0026837538
373.8495257772  3.1415926536  3.1415926536  -0.0000182310  -0.0026747337
375.1061628386  3.1415926536  3.1415926536  -0.0000181091  -0.0026657740
376.3627999001  3.1415926536  3.1415926536  -0.0000179884  -0.0026568742
377.6194369615  3.1415926536  3.1415926536  -0.0000178689  -0.0026480336
378.8760740229  3.1415926536  3.1415926536  -0.0000177505  -0.0026392516
380.1327110844  3.1415926536  3.1415926536  -0.0000176334  -0.0026305277
381.3893481458  3.1415926536  3.1415926536  -0.0000175174  -0.0026218613
382.6459852072  3.1415926536  3.1415926536  -0.0000174025  -0.0026132517
383.9026222687  3.1415926536  3.1415926536  -0.0000172888  -0.0026046986
385.1592593301  3.1415926536  3.1415926536  -0.0000171762  -0.0025962012
386.4158963915  3.1415926536  3.1415926536  -0.0000170646  -0.0025877591
387.6725334530  3.1415926536  3.1415926536  -0.0000169542  -0.0025793717
388.9291705144  3.1415926536  3.1415926536  -0.0000168448  -0.0025710385
390.1858075759  3.1415926536  3.1415926536  -0.0000167365  -0.0025627590
391.4424446373  3.1415926536  3.1415926536  -0.0000166292  -0.0025545326
392.6990816987  3.1415926536  3.1415926536  -0.0000165230  -0.0025463589
393.9557187602  3.1415926536  3.1415926536  -0.0000164177  -0.0025382373
395.2123558216  3.1415926536  3.1415926536  -0.0000163135  -0.0025301673
396.4689928830  3.1415926536  3.1415926536  -0.0000162102  -0.0025221485
397.7256299445  3.1415926536  3.1415926536  -0.0000161080  -0.0025141804
398.9822670059  3.1415926536  3.1415926536  -0.0000160067  -0.0025062624
400.2389040673  3.1415926536  3.1415926536  -0.0000159063  -0.0024983942
401.4955411288  3.1415926536  3.1415926536  -0.0000158069  -0.0024905752
402.7521781902  3.1415926536  3.1415926536  -0.0000157084  -0.0024828050
404.0088152516  3.1415926536  3.1415926536  -0.0000156109  -0.0024750831
405.2654523131  3.1415926536  3.1415926536  -0.0000155142  -0.0024674091
406.5220893745  3.1415926536  3.1415926536  -0.0000154185  -0.0024597825
407.7787264360  3.1415926536  3.1415926536  -0.0000153236  -0.0024522030
409.0353634974  3.1415926536  3.1415926536  -0.0000152296  -0.0024446700
410.2920005588  3.1415926536  3.1415926536  -0.0000151364  -0.0024371831
411.5486376203  3.1415926536  3.1415926536  -0.0000150441  -0.0024297420
412.8052746817  3.1415926536  3.1415926536  -0.0000149527  -0.0024223461
414.0619117431  3.1415926536  3.1415926536  -0.0000148621  -0.0024149952
415.3185488046  3.1415926536  3.1415926536  -0.0000147723  -0.0024076887
416.5751858660  3.1415926536  3.1415926536  -0.0000146833  -0.0024004263
417.8318229274  3.1415926536  3.1415926536  -0.0000145951  -0.0023932075
419.0884599889  3.1415926536  3.1415926536  -0.0000145077  -0.0023860321
420.3450970503  3.1415926536  3.1415926536  -0.0000144211  -0.0023788996
421.6017341118  3.1415926536  3.1415926536  -0.0000143353  -0.0023718095
422.8583711732  3.1415926536  3.1415926536  -0.0000142502  -0.0023647616
424.1150082346  3.1415926536  3.1415926536  -0.0000141659  -0.0023577555
425.3716452961  3.1415926536  3.1415926536  -0.0000140823  -0.0023507908
426.6282823575  3.1415926536  3.1415926536  -0.0000139995  -0.0023438670
427.8849194189  3.1415926536  3.1415926536  -0.0000139174  -0.0023369840
429.1415564804  3.1415926536  3.1415926536  -0.0000138360  -0.0023301412
430.3981935418  3.1415926536  3.1415926536  -0.0000137553  -0.0023233384
431.6548306032  3.1415926536  3.1415926536  -0.0000136754  -0.0023165752
432.9114676647  3.1415926536  3.1415926536  -0.0000135961  -0.0023098513
434.1681047261  3.1415926536  3.1415926536  -0.0000135175  -0.0023031663
435.4247417875  3.1415926536  3.1415926536  -0.0000134396  -0.0022965198
436.6813788490  3.1415926536  3.1415926536  -0.0000133624  -0.0022899117
437.9380159104  3.1415926536  3.1415926536  -0.0000132858  -0.0022833414
439.1946529719  3.1415926536  3.1415926536  -0.0000132099  -0.0022768087
440.4512900333  3.1415926536  3.1415926536  -0.0000131346  -0.0022703133
441.7079270947  3.1415926536  3.1415926536  -0.0000130600  -0.0022638549
442.9645641562  3.1415926536  3.1415926536  -0.0000129860  -0.0022574331
444.2212012176  3.1415926536  3.1415926536  -0.0000129126  -0.0022510476
445.4778382790  3.1415926536  3.1415926536  -0.0000128399  -0.0022446981
446.7344753405  3.1415926536  3.1415926536  -0.0000127677  -0.0022383844
447.9911124019  3.1415926536  3.1415926536  -0.0000126962  -0.0022321061
449.2477494633  3.1415926536  3.1415926536  -0.0000126253  -0.0022258629
450.5043865248  3.1415926536  3.1415926536  -0.0000125550  -0.0022196545
451.7610235862  3.1415926536  3.1415926536  -0.0000124852  -0.0022134806
453.0176606476  3.1415926536  3.1415926536  -0.0000124160  -0.0022073410
454.2742977091  3.1415926536  3.1415926536  -0.0000123475  -0.0022012354
455.5309347705  3.1415926536  3.1415926536  -0.0000122794  -0.0021951635
456.7875718320  3.1415926536  3.1415926536  -0.0000122120  -0.0021891249
458.0442088934  3.1415926536  3.1415926536  -0.0000121450  -0.0021831195
459.3008459548  3.1415926536  3.1415926536  -0.0000120787  -0.0021771469
460.5574830163  3.1415926536  3.1415926536  -0.0000120129  -0.0021712070
461.8141200777  3.1415926536  3.1415926536  -0.0000119476  -0.0021652993
463.0707571391  3.1415926536  3.1415926536  -0.0000118828  -0.0021594238
464.3273942006  3.1415926536  3.1415926536  -0.0000118186  -0.0021535800
465.5840312620  3.1415926536  3.1415926536  -0.0000117549  -0.0021477677
466.8406683234  3.1415926536  3.1415926536  -0.0000116917  -0.0021419868
468.0973053849  3.1415926536  3.1415926536  -0.0000116290  -0.0021362369
469.3539424463  3.1415926536  3.1415926536  -0.0000115668  -0.0021305177
470.6105795078  3.1415926536  3.1415926536  -0.0000115051  -0.0021248291
471.8672165692  3.1415926536  3.1415926536  -0.0000114439  -0.0021191708
473.1238536306  3.1415926536  3.1415926536  -0.0000113832  -0.0021135426
474.3804906921  3.1415926536  3.1415926536  -0.0000113230  -0.0021079442
475.6371277535  3.1415926536  3.1415926536  -0.0000112633  -0.0021023753
476.8937648149  3.1415926536  3.1415926536  -0.0000112040  -0.0020968358
478.1504018764  3.1415926536  3.1415926536  -0.0000111452  -0.0020913254
479.4070389378  3.1415926536  3.1415926536  -0.0000110868  -0.0020858439
480.6636759992  3.1415926536  3.1415926536  -0.0000110289  -0.0020803911
481.9203130607  3.1415926536  3.1415926536  -0.0000109715  -0.0020749667
483.1769501221  3.1415926536  3.1415926536  -0.0000109145  -0.0020695705
484.4335871835  3.1415926536  3.1415926536  -0.0000108579  -0.0020642023
485.6902242450  3.1415926536  3.1415926536  -0.0000108018  -0.0020588618
486.9468613064  3.1415926536  3.1415926536  -0.0000107462  -0.0020535490
488.2034983679  3.1415926536  3.1415926536  -0.0000106909  -0.0020482635
489.4601354293  3.1415926536  3.1415926536  -0.0000106361  -0.0020430051
490.7167724907  3.1415926536  3.1415926536  -0.0000105817  -0.0020377736
491.9734095522  3.1415926536  3.1415926536  -0.0000105277  -0.0020325689
493.2300466136  3.1415926536  3.1415926536  -0.0000104741  -0.0020273907
494.4866836750  3.1415926536  3.1415926536  -0.0000104210  -0.0020222388
495.7433207365  3.1415926536  3.1415926536  -0.0000103682  -0.0020171130
496.9999577979  3.1415926536  3.1415926536  -0.0000103158  -0.0020120132
498.2565948593  3.1415926536  3.1415926536  -0.0000102639  -0.0020069390
499.5132319208  3.1415926536  3.1415926536  -0.0000102123  -0.0020018904
500.7698689822  3.1415926536  3.1415926536  -0.0000101611  -0.0019968671
502.0265060436  3.1415926536  3.1415926536  -0.0000101103  -0.0019918690
503.2831431051  3.1415926536  3.1415926536  -0.0000100599  -0.0019868958
504.5397801665  3.1415926536  3.1415926536  -0.0000100098  -0.0019819474
505.7964172280  3.1415926536  3.1415926536  -0.0000099601  -0.0019770236
507.0530542894  3.1415926536  3.1415926536  -0.0000099108  -0.0019721242
508.3096913508  3.1415926536  3.1415926536  -0.0000098619  -0.0019672490
509.5663284123  3.1415926536  3.1415926536  -0.0000098133  -0.0019623979
510.8229654737  3.1415926536  3.1415926536  -0.0000097651  -0.0019575706
512.0796025351  3.1415926536  3.1415926536  -0.0000097172  -0.0019527670
513.3362395966  3.1415926536  3.1415926536  -0.0000096697  -0.0019479869
514.5928766580  3.1415926536  3.1415926536  -0.0000096226  -0.0019432302
515.8495137194  3.1415926536  3.1415926536  -0.0000095757  -0.0019384967
517.1061507809  3.1415926536  3.1415926536  -0.0000095292  -0.0019337861
518.3627878423  3.1415926536  3.1415926536  -0.0000094831  -0.0019290984
519.6194249038  3.1415926536  3.1415926536  -0.0000094373  -0.0019244334
520.8760619652  3.1415926536  3.1415926536  -0.0000093918  -0.0019197908
522.1326990266  3.1415926536  3.1415926536  -0.0000093467  -0.0019151706
523.3893360881  3.1415926536  3.1415926536  -0.0000093018  -0.0019105726
524.6459731495  3.1415926536  3.1415926536  -0.0000092573  -0.0019059967
525.9026102109  3.1415926536  3.1415926536  -0.0000092131  -0.0019014425
527.1592472724  3.1415926536  3.1415926536  -0.0000091693  -0.0018969101
528.4158843338  3.1415926536  3.1415926536  -0.0000091257  -0.0018923993
529.6725213952  3.1415926536  3.1415926536  -0.0000090825  -0.0018879098
530.9291584567  3.1415926536  3.1415926536  -0.0000090395  -0.0018834416
532.1857955181  3.1415926536  3.1415926536  -0.0000089969  -0.0018789945
533.4424325795  3.1415926536  3.1415926536  -0.0000089545  -0.0018745684
534.6990696410  3.1415926536  3.1415926536  -0.0000089125  -0.0018701631
535.9557067024  3.1415926536  3.1415926536  -0.0000088708  -0.0018657784
537.2123437639  3.1415926536  3.1415926536  -0.0000088293  -0.0018614142
538.4689808253  3.1415926536  3.1415926536  -0.0000087882  -0.0018570704
539.7256178867  3.1415926536  3.1415926536  -0.0000087473  -0.0018527468
540.9822549482  3.1415926536  3.1415926536  -0.0000087067  -0.0018484433
542.2388920096  3.1415926536  3.1415926536  -0.0000086664  -0.0018441598
543.4955290710  3.1415926536  3.1415926536  -0.0000086264  -0.0018398960
544.7521661325  3.1415926536  3.1415926536  -0.0000085866  -0.0018356520
546.0088031939  3.1415926536  3.1415926536  -0.0000085471  -0.0018314274
547.2654402553  3.1415926536  3.1415926536  -0.0000085079  -0.0018272223
548.5220773168  3.1415926536  3.1415926536  -0.0000084690  -0.0018230364
549.7787143782  3.1415926536  3.1415926536  -0.0000084303  -0.0018188697
551.0353514396  3.1415926536  3.1415926536  -0.0000083919  -0.0018147219
552.2919885011  3.1415926536  3.1415926536  -0.0000083538  -0.0018105931
553.5486255625  3.1415926536  3.1415926536  -0.0000083159  -0.0018064829
554.8052626240  3.1415926536  3.1415926536  -0.0000082783  -0.0018023914
556.0618996854  3.1415926536  3.1415926536  -0.0000082409  -0.0017983184
557.3185367468  3.1415926536  3.1415926536  -0.0000082038  -0.0017942638
558.5751738083  3.1415926536  3.1415926536  -0.0000081669  -0.0017902274
559.8318108697  3.1415926536  3.1415926536  -0.0000081303  -0.0017862091
561.0884479311  3.1415926536  3.1415926536  -0.0000080939  -0.0017822088
562.3450849926  3.1415926536  3.1415926536  -0.0000080578  -0.0017782264
563.6017220540  3.1415926536  3.1415926536  -0.0000080219  -0.0017742618
564.8583591154  3.1415926536  3.1415926536  -0.0000079862  -0.0017703148
566.1149961769  3.1415926536  3.1415926536  -0.0000079508  -0.0017663853
567.3716332383  3.1415926536  3.1415926536  -0.0000079156  -0.0017624732
568.6282702998  3.1415926536  3.1415926536  -0.0000078807  -0.0017585784
569.8849073612  3.1415926536  3.1415926536  -0.0000078460  -0.0017547008
571.1415444226  3.1415926536  3.1415926536  -0.0000078115  -0.0017508402
572.3981814841  3.1415926536  3.1415926536  -0.0000077772  -0.0017469966
573.6548185455  3.1415926536  3.1415926536  -0.0000077432  -0.0017431698
574.9114556069  3.1415926536  3.1415926536  -0.0000077094  -0.0017393598
576.1680926684  3.1415926536  3.1415926536  -0.0000076758  -0.0017355664
577.4247297298  3.1415926536  3.1415926536  -0.0000076424  -0.0017317895
578.6813667912  3.1415926536  3.1415926536  -0.0000076092  -0.0017280290
579.9380038527  3.1415926536  3.1415926536  -0.0000075763  -0.0017242847
581.1946409141  3.1415926536  3.1415926536  -0.0000075436  -0.0017205567
582.4512779755  3.1415926536  3.1415926536  -0.0000075111  -0.0017168448
583.7079150370  3.1415926536  3.1415926536  -0.0000074788  -0.0017131488
584.9645520984  3.1415926536  3.1415926536  -0.0000074467  -0.0017094688
586.2211891599  3.1415926536  3.1415926536  -0.0000074148  -0.0017058044
587.4778262213  3.1415926536  3.1415926536  -0.0000073831  -0.0017021558
588.7344632827  3.1415926536  3.1415926536  -0.0000073516  -0.0016985228
589.9911003442  3.1415926536  3.1415926536  -0.0000073203  -0.0016949052
591.2477374056  3.1415926536  3.1415926536  -0.0000072892  -0.0016913030
592.5043744670  3.1415926536  3.1415926536  -0.0000072584  -0.0016877161
593.7610115285  3.1415926536  3.1415926536  -0.0000072277  -0.0016841443
595.0176485899  3.1415926536  3.1415926536  -0.0000071972  -0.0016805877
596.2742856513  3.1415926536  3.1415926536  -0.0000071669  -0.0016770460
597.5309227128  3.1415926536  3.1415926536  -0.0000071368  -0.0016735193
598.7875597742  3.1415926536  3.1415926536  -0.0000071068  -0.0016700073
600.0441968357  3.1415926536  3.1415926536  -0.0000070771  -0.0016665100
601.3008338971  3.1415926536  3.1415926536  -0.0000070475  -0.0016630274
602.5574709585  3.1415926536  3.1415926536  -0.0000070182  -0.0016595593
603.8141080200  3.1415926536  3.1415926536  -0.0000069890  -0.0016561056
605.0707450814  3.1415926536  3.1415926536  -0.0000069600  -0.0016526663
606.3273821428  3.1415926536  3.1415926536  -0.0000069312  -0.0016492412
607.5840192043  3.1415926536  3.1415926536  -0.0000069025  -0.0016458303
608.8406562657  3.1415926536  3.1415926536  -0.0000068741  -0.0016424334
610.0972933271  3.1415926536  3.1415926536  -0.0000068458  -0.0016390506
611.3539303886  3.1415926536  3.1415926536  -0.0000068177  -0.0016356817
612.6105674500  3.1415926536  3.1415926536  -0.0000067897  -0.0016323265
613.8672045114  3.1415926536  3.1415926536  -0.0000067620  -0.0016289852
615.1238415729  3.1415926536  3.1415926536  -0.0000067344  -0.0016256574
616.3804786343  3.1415926536  3.1415926536  -0.0000067069  -0.0016223433
617.6371156958  3.1415926536  3.1415926536  -0.0000066797  -0.0016190426
618.8937527572  3.1415926536  3.1415926536  -0.0000066526  -0.0016157553
620.1503898186  3.1415926536  3.1415926536  -0.0000066256  -0.0016124814
621.4070268801  3.1415926536  3.1415926536  -0.0000065989  -0.0016092207
622.6636639415  3.1415926536  3.1415926536  -0.0000065723  -0.0016059731
623.9203010029  3.1415926536  3.1415926536  -0.0000065458  -0.0016027387
625.1769380644  3.1415926536  3.1415926536  -0.0000065195  -0.0015995172
626.4335751258  3.1415926536  3.1415926536  -0.0000064934  -0.0015963087
627.6902121872  3.1415926536  3.1415926536  -0.0000064674  -0.0015931130
628.9468492487  3.1415926536  3.1415926536  0.0000000000  0.0000000000
