-627.6902121872  0.0000000000  0.0000000000  0.0000000000  0.0000000000
-626.4335751258  0.0000000000  0.0000000000  0.0000000000  0.0000000000
-625.1769380644  0.0000000000  0.0000000000  0.0000000000  0.0000000000
-623.9203010029  0.0000000000  0.0000000000  0.0000000000  0.0000000000
-622.6636639415  0.0000000000  0.0000000000  0.0000000000  0.0000000000
-621.4070268801  0.0000000000  0.0000000000  0.0000000000  0.0000000000
-620.1503898186  0.0000000000  0.0000000000  0.0000000000  0.0000000000
-618.8937527572  0.0000000000  0.0000000000  0.0000000000  0.0000000000
-617.6371156958  0.0000000000  0.0000000000  0.0000000000  0.0000000000
-616.3804786343  0.0000000000  0.0000000000  0.0000000000  0.0000000000
-615.1238415729  0.0000000000  0.0000000000  0.0000000000  0.0000000000
-613.8672045114  0.0000000000  0.0000000000  0.0000000000  0.0000000000
-612.6105674500  0.0000000000  0.0000000000  0.0000000000  0.0000000000
-611.3539303886  0.0000000000  0.0000000000  0.0000000000  0.0000000000
-610.0972933271  0.0000000000  0.0000000000  0.0000000000  0.0000000000
-608.8406562657  0.0000000000  0.0000000000  0.0000000000  0.0000000000
-607.5840192043  0.0000000000  0.0000000000  0.0000000000  0.0000000000
-606.3273821428  0.0000000000  0.0000000000  0.0000000000  0.0000000000
-605.0707450814  0.0000000000  0.0000000000  0.0000000000  0.0000000000
-603.8141080200  0.0000000000  0.0000000000  0.0000000000  0.0000000000
-602.5574709585  0.0000000000  0.0000000000  0.0000000000  0.0000000000
-601.3008338971  0.0000000000  0.0000000000  0.0000000000  0.0000000000
-600.0441968357  0.0000000000  0.0000000000  0.0000000000  0.0000000000
-598.7875597742  0.0000000000  0.0000000000  0.0000000000  0.0000000000
-597.5309227128  0.0000000000  0.0000000000  0.0000000000  0.0000000000
-596.2742856513  0.0000000000  0.0000000000  0.0000000000  0.0000000000
-595.0176485899  0.0000000000  0.0000000000  0.0000000000  0.0000000000
-593.7610115285  0.0000000000  0.0000000000  0.0000000000  0.0000000000
-592.5043744670  0.0000000000  0.0000000000  0.0000000000  0.0000000000
-591.2477374056  0.0000000000  0.0000000000  0.0000000000  0.0000000000
-589.9911003442  0.0000000000  0.0000000000  0.0000000000  0.0000000000
-588.7344632827  0.0000000000  0.0000000000  0.0000000000  0.0000000000
-587.4778262213  0.0000000000  0.0000000000  0.0000000000  0.0000000000
-586.2211891599  0.0000000000  0.0000000000  0.0000000000  0.0000000000
-584.9645520984  0.0000000000  0.0000000000  0.0000000000  0.0000000000
-583.7079150370  0.0000000000  0.0000000000  0.0000000000  0.0000000000
-582.4512779755  0.0000000000  0.0000000000  0.0000000000  0.0000000000
-581.1946409141  0.0000000000  0.0000000000  0.0000000000  0.0000000000
-579.9380038527  0.0000000000  0.0000000000  0.0000000000  0.0000000000
-578.6813667912  0.0000000000  0.0000000000  0.0000000000  0.0000000000
-577.4247297298  0.0000000000  0.0000000000  0.0000000000  0.0000000000
-576.1680926684  0.0000000000  0.0000000000  0.0000000000  0.0000000000
-574.9114556069  0.0000000000  0.0000000000  0.0000000000  0.0000000000
-573.6548185455  0.0000000000  0.0000000000  0.0000000000  0.0000000000
-572.3981814841  0.0000000000  0.0000000000  0.0000000000  0.0000000000
-571.1415444226  0.0000000000  0.0000000000  0.0000000000  0.0000000000
-569.8849073612  0.0000000000  0.0000000000  0.0000000000  0.0000000000
-568.6282702998  0.0000000000  0.0000000000  0.0000000000  0.0000000000
-567.3716332383  0.0000000000  0.0000000000  0.0000000000  0.0000000000
-566.1149961769  0.0000000000  0.0000000000  0.0000000000  0.0000000000
-564.8583591154  0.0000000000  0.0000000000  0.0000000000  0.0000000000
-563.6017220540  0.0000000000  0.0000000000  0.0000000000  0.0000000000
-562.3450849926  0.0000000000  0.0000000000  0.0000000000  0.0000000000
-561.0884479311  0.0000000000  0.0000000000  0.0000000000  0.0000000000
-559.8318108697  0.0000000000  0.0000000000  0.0000000000  0.0000000000
-558.5751738083  0.0000000000  0.0000000000  0.0000000000  0.0000000000
-557.3185367468  0.0000000000  0.0000000000  0.0000000000  0.0000000000
-556.0618996854  0.0000000000  0.0000000000  0.0000000000  0.0000000000
-554.8052626240  0.0000000000  0.0000000000  0.0000000000  0.0000000000
-553.5486255625  0.0000000000  0.0000000000  0.0000000000  0.0000000000
-552.2919885011  0.0000000000  0.0000000000  0.0000000000  0.0000000000
-551.0353514396  0.0000000000  0.0000000000  0.0000000000  0.0000000000
-549.7787143782  0.0000000000  0.0000000000  0.0000000000  0.0000000000
-548.5220773168  0.0000000000  0.0000000000  0.0000000000  0.0000000000
-547.2654402553  0.0000000000  0.0000000000  0.0000000000  0.0000000000
-546.0088031939  0.0000000000  0.0000000000  0.0000000000  0.0000000000
-544.7521661325  0.0000000000  0.0000000000  0.0000000000  0.0000000000
-543.4955290710  0.0000000000  0.0000000000  0.0000000000  0.0000000000
-542.2388920096  0.0000000000  0.0000000000  0.0000000000  0.0000000000
-540.9822549482  0.0000000000  0.0000000000  0.0000000000  0.0000000000
-539.7256178867  0.0000000000  0.0000000000  0.0000000000  0.0000000000
-538.4689808253  0.0000000000  0.0000000000  0.0000000000  0.0000000000
-537.2123437639  0.0000000000  0.0000000000  0.0000000000  0.0000000000
-535.9557067024  0.0000000000  0.0000000000  0.0000000000  0.0000000000
-534.6990696410  0.0000000000  0.0000000000  0.0000000000  0.0000000000
-533.4424325795  0.0000000000  0.0000000000  0.0000000000  0.0000000000
-532.1857955181  0.0000000000  0.0000000000  0.0000000000  0.0000000000
-530.9291584567  0.0000000000  0.0000000000  0.0000000000  0.0000000000
-529.6725213952  0.0000000000  0.0000000000  0.0000000000  0.0000000000
-528.4158843338  0.0000000000  0.0000000000  0.0000000000  0.0000000000
-527.1592472724  0.0000000000  0.0000000000  0.0000000000  0.0000000000
-525.9026102109  0.0000000000  0.0000000000  0.0000000000  0.0000000000
-524.6459731495  0.0000000000  0.0000000000  0.0000000000  0.0000000000
-523.3893360881  0.0000000000  0.0000000000  0.0000000000  0.0000000000
-522.1326990266  0.0000000000  0.0000000000  0.0000000000  0.0000000000
-520.8760619652  0.0000000000  0.0000000000  0.0000000000  0.0000000000
-519.6194249038  0.0000000000  0.0000000000  0.0000000000  0.0000000000
-518.3627878423  0.0000000000  0.0000000000  0.0000000000  0.0000000000
-517.1061507809  0.0000000000  0.0000000000  0.0000000000  0.0000000000
-515.8495137194  0.0000000000  0.0000000000  0.0000000000  0.0000000000
-514.5928766580  0.0000000000  0.0000000000  0.0000000000  0.0000000000
-513.3362395966  0.0000000000  0.0000000000  0.0000000000  0.0000000000
-512.0796025351  0.0000000000  0.0000000000  0.0000000000  0.0000000000
-510.8229654737  0.0000000000  0.0000000000  0.0000000000  0.0000000000
-509.5663284123  0.0000000000  0.0000000000  0.0000000000  0.0000000000
-508.3096913508  0.0000000000  0.0000000000  0.0000000000  0.0000000000
-507.0530542894  0.0000000000  0.0000000000  0.0000000000  0.0000000000
-505.7964172280  0.0000000000  0.0000000000  0.0000000000  0.0000000000
-504.5397801665  0.0000000000  0.0000000000  0.0000000000  0.0000000000
-503.2831431051  0.0000000000  0.0000000000  0.0000000000  0.0000000000
-502.0265060436  0.0000000000  0.0000000000  0.0000000000  0.0000000000
-500.7698689822  0.0000000000  0.0000000000  0.0000000000  0.0000000000
-499.5132319208  0.0000000000  0.0000000000  0.0000000000  0.0000000000
-498.2565948593  0.0000000000  0.0000000000  0.0000000000  0.0000000000
-496.9999577979  0.0000000000  0.0000000000  0.0000000000  0.0000000000
-495.7433207365  0.0000000000  0.0000000000  0.0000000000  0.0000000000
-494.4866836750  0.0000000000  0.0000000000  0.0000000000  0.0000000000
-493.2300466136  0.0000000000  0.0000000000  0.0000000000  0.0000000000
-491.9734095522  0.0000000000  0.0000000000  0.0000000000  0.0000000000
-490.7167724907  0.0000000000  0.0000000000  0.0000000000  0.0000000000
-489.4601354293  0.0000000000  0.0000000000  0.0000000000  0.0000000000
-488.2034983679  0.0000000000  0.0000000000  0.0000000000  0.0000000000
-486.9468613064  0.0000000000  0.0000000000  0.0000000000  0.0000000000
-485.6902242450  0.0000000000  0.0000000000  0.0000000000  0.0000000000
-484.4335871835  0.0000000000  0.0000000000  0.0000000000  0.0000000000
-483.1769501221  0.0000000000  0.0000000000  0.0000000000  0.0000000000
-481.9203130607  0.0000000000  0.0000000000  0.0000000000  0.0000000000
-480.6636759992  0.0000000000  0.0000000000  0.0000000000  0.0000000000
-479.4070389378  0.0000000000  0.0000000000  0.0000000000  0.0000000000
-478.1504018764  0.0000000000  0.0000000000  0.0000000000  0.0000000000
-476.8937648149  0.0000000000  0.0000000000  0.0000000000  0.0000000000
-475.6371277535  0.0000000000  0.0000000000  0.0000000000  0.0000000000
-474.3804906921  0.0000000000  0.0000000000  0.0000000000  0.0000000000
-473.1238536306  0.0000000000  0.0000000000  0.0000000000  0.0000000000
-471.8672165692  0.0000000000  0.0000000000  0.0000000000  0.0000000000
-470.6105795078  0.0000000000  0.0000000000  0.0000000000  0.0000000000
-469.3539424463  0.0000000000  0.0000000000  0.0000000000  0.0000000000
-468.0973053849  0.0000000000  0.0000000000  0.0000000000  0.0000000000
-466.8406683234  0.0000000000  0.0000000000  0.0000000000  0.0000000000
-465.5840312620  0.0000000000  0.0000000000  0.0000000000  0.0000000000
-464.3273942006  0.0000000000  0.0000000000  0.0000000000  0.0000000000
-463.0707571391  0.0000000000  0.0000000000  0.0000000000  0.0000000000
-461.8141200777  0.0000000000  0.0000000000  0.0000000000  0.0000000000
-460.5574830163  0.0000000000  0.0000000000  0.0000000000  0.0000000000
-459.3008459548  0.0000000000  0.0000000000  0.0000000000  0.0000000000
-458.0442088934  0.0000000000  0.0000000000  0.0000000000  0.0000000000
-456.7875718320  0.0000000000  0.0000000000  0.0000000000  0.0000000000
-455.5309347705  0.0000000000  0.0000000000  0.0000000000  0.0000000000
-454.2742977091  0.0000000000  0.0000000000  0.0000000000  0.0000000000
-453.0176606476  0.0000000000  0.0000000000  0.0000000000  0.0000000000
-451.7610235862  0.0000000000  0.0000000000  0.0000000000  0.0000000000
-450.5043865248  0.0000000000  0.0000000000  0.0000000000  0.0000000000
-449.2477494633  0.0000000000  0.0000000000  0.0000000000  0.0000000000
-447.9911124019  0.0000000000  0.0000000000  0.0000000000  0.0000000000
-446.7344753405  0.0000000000  0.0000000000  0.0000000000  0.0000000000
-445.4778382790  0.0000000000  0.0000000000  0.0000000000  0.0000000000
-444.2212012176  0.0000000000  0.0000000000  0.0000000000  0.0000000000
-442.9645641562  0.0000000000  0.0000000000  0.0000000000  0.0000000000
-441.7079270947  0.0000000000  0.0000000000  0.0000000000  0.0000000000
-440.4512900333  0.0000000000  0.0000000000  0.0000000000  0.0000000000
-439.1946529719  0.0000000000  0.0000000000  0.0000000000  0.0000000000
-437.9380159104  0.0000000000  0.0000000000  0.0000000000  0.0000000000
-436.6813788490  0.0000000000  0.0000000000  0.0000000000  0.0000000000
-435.4247417875  0.0000000000  0.0000000000  0.0000000000  0.0000000000
-434.1681047261  0.0000000000  0.0000000000  0.0000000000  0.0000000000
-432.9114676647  0.0000000000  0.0000000000  0.0000000000  0.0000000000
-431.6548306032  0.0000000000  0.0000000000  0.0000000000  0.0000000000
-430.3981935418  0.0000000000  0.0000000000  0.0000000000  0.0000000000
-429.1415564804  0.0000000000  0.0000000000  0.0000000000  0.0000000000
-427.8849194189  0.0000000000  0.0000000000  0.0000000000  0.0000000000
-426.6282823575  0.0000000000  0.0000000000  0.0000000000  0.0000000000
-425.3716452961  0.0000000000  0.0000000000  0.0000000000  0.0000000000
-424.1150082346  0.0000000000  0.0000000000  0.0000000000  0.0000000000
-422.8583711732  0.0000000000  0.0000000000  0.0000000000  0.0000000000
-421.6017341118  0.0000000000  0.0000000000  0.0000000000  0.0000000000
-420.3450970503  0.0000000000  0.0000000000  0.0000000000  0.0000000000
-419.0884599889  0.0000000000  0.0000000000  0.0000000000  0.0000000000
-417.8318229274  0.0000000000  0.0000000000  0.0000000000  0.0000000000
-416.5751858660  0.0000000000  0.0000000000  0.0000000000  0.0000000000
-415.3185488046  0.0000000000  0.0000000000  0.0000000000  0.0000000000
-414.0619117431  0.0000000000  0.0000000000  0.0000000000  0.0000000000
-412.8052746817  0.0000000000  0.0000000000  0.0000000000  0.0000000000
-411.5486376203  0.0000000000  0.0000000000  0.0000000000  0.0000000000
-410.2920005588  0.0000000000  0.0000000000  0.0000000000  0.0000000000
-409.0353634974  0.0000000000  0.0000000000  0.0000000000  0.0000000000
-407.7787264360  0.0000000000  0.0000000000  0.0000000000  0.0000000000
-406.5220893745  0.0000000000  0.0000000000  0.0000000000  0.0000000000
-405.2654523131  0.0000000000  0.0000000000  0.0000000000  0.0000000000
-404.0088152516  0.0000000000  0.0000000000  0.0000000000  0.0000000000
-402.7521781902  0.0000000000  0.0000000000  0.0000000000  0.0000000000
-401.4955411288  0.0000000000  0.0000000000  0.0000000000  0.0000000000
-400.2389040673  0.0000000000  0.0000000000  0.0000000000  0.0000000000
-398.9822670059  0.0000000000  0.0000000000  0.0000000000  0.0000000000
-397.7256299445  0.0000000000  0.0000000000  0.0000000000  0.0000000000
-396.4689928830  0.0000000000  0.0000000000  0.0000000000  0.0000000000
-395.2123558216  0.0000000000  0.0000000000  0.0000000000  0.0000000000
-393.9557187602  0.0000000000  0.0000000000  0.0000000000  0.0000000000
-392.6990816987  0.0000000000  0.0000000000  0.0000000000  0.0000000000
-391.4424446373  0.0000000000  0.0000000000  0.0000000000  0.0000000000
-390.1858075759  0.0000000000  0.0000000000  0.0000000000  0.0000000000
-388.9291705144  0.0000000000  0.0000000000  0.0000000000  0.0000000000
-387.6725334530  0.0000000000  0.0000000000  0.0000000000  0.0000000000
-386.4158963915  0.0000000000  0.0000000000  0.0000000000  0.0000000000
-385.1592593301  0.0000000000  0.0000000000  0.0000000000  0.0000000000
-383.9026222687  0.0000000000  0.0000000000  0.0000000000  0.0000000000
-382.6459852072  0.0000000000  0.0000000000  0.0000000000  0.0000000000
-381.3893481458  0.0000000000  0.0000000000  0.0000000000  0.0000000000
-380.1327110844  0.0000000000  0.0000000000  0.0000000000  0.0000000000
-378.8760740229  0.0000000000  0.0000000000  0.0000000000  0.0000000000
-377.6194369615  0.0000000000  0.0000000000  0.0000000000  0.0000000000
-376.3627999001  0.0000000000  0.0000000000  0.0000000000  0.0000000000
-375.1061628386  0.0000000000  0.0000000000  0.0000000000  0.0000000000
-373.8495257772  0.0000000000  0.0000000000  0.0000000000  0.0000000000
-372.5928887157  0.0000000000  0.0000000000  0.0000000000  0.0000000000
-371.3362516543  0.0000000000  0.0000000000  0.0000000000  0.0000000000
-370.0796145929  0.0000000000  0.0000000000  0.0000000000  0.0000000000
-368.8229775314  0.0000000000  0.0000000000  0.0000000000  0.0000000000
-367.5663404700  0.0000000000  0.0000000000  0.0000000000  0.0000000000
-366.3097034086  0.0000000000  0.0000000000  0.0000000000  0.0000000000
-365.0530663471  0.0000000000  0.0000000000  0.0000000000  0.0000000000
-363.7964292857  0.0000000000  0.0000000000  0.0000000000  0.0000000000
-362.5397922243  0.0000000000  0.0000000000  0.0000000000  0.0000000000
-361.2831551628  0.0000000000  0.0000000000  0.0000000000  0.0000000000
-360.0265181014  0.0000000000  0.0000000000  0.0000000000  0.0000000000
-358.7698810400  0.0000000000  0.0000000000  0.0000000000  0.0000000000
-357.5132439785  0.0000000000  0.0000000000  0.0000000000  0.0000000000
-356.2566069171  0.0000000000  0.0000000000  0.0000000000  0.0000000000
-354.9999698556  0.0000000000  0.0000000000  0.0000000000  0.0000000000
-353.7433327942  0.0000000000  0.0000000000  0.0000000000  0.0000000000
-352.4866957328  0.0000000000  0.0000000000  0.0000000000  0.0000000000
-351.2300586713  0.0000000000  0.0000000000  0.0000000000  0.0000000000
-349.9734216099  0.0000000000  0.0000000000  0.0000000000  0.0000000000
-348.7167845485  0.0000000000  0.0000000000  0.0000000000  0.0000000000
-347.4601474870  0.0000000000  0.0000000000  0.0000000000  0.0000000000
-346.2035104256  0.0000000000  0.0000000000  0.0000000000  0.0000000000
-344.9468733642  0.0000000000  0.0000000000  0.0000000000  0.0000000000
-343.6902363027  0.0000000000  0.0000000000  0.0000000000  0.0000000000
-342.4335992413  0.0000000000  0.0000000000  0.0000000000  0.0000000000
-341.1769621799  0.0000000000  0.0000000000  0.0000000000  0.0000000000
-339.9203251184  0.0000000000  0.0000000000  0.0000000000  0.0000000000
-338.6636880570  0.0000000000  0.0000000000  0.0000000000  0.0000000000
-337.4070509955  0.0000000000  0.0000000000  0.0000000000  0.0000000000
-336.1504139341  0.0000000000  0.0000000000  0.0000000000  0.0000000000
-334.8937768727  0.0000000000  0.0000000000  0.0000000000  0.0000000000
-333.6371398112  0.0000000000  0.0000000000  0.0000000000  0.0000000000
-332.3805027498  0.0000000000  0.0000000000  0.0000000000  0.0000000000
-331.1238656884  0.0000000000  0.0000000000  0.0000000000  0.0000000000
-329.8672286269  0.0000000000  0.0000000000  0.0000000000  0.0000000000
-328.6105915655  0.0000000000  0.0000000000  0.0000000000  0.0000000000
-327.3539545041  0.0000000000  0.0000000000  0.0000000000  0.0000000000
-326.0973174426  0.0000000000  0.0000000000  0.0000000000  0.0000000000
-324.8406803812  0.0000000000  0.0000000000  0.0000000000  0.0000000000
-323.5840433197  0.0000000000  0.0000000000  0.0000000000  0.0000000000
-322.3274062583  0.0000000000  0.0000000000  0.0000000000  0.0000000000
-321.0707691969  0.0000000000  0.0000000000  0.0000000000  0.0000000000
-319.8141321354  0.0000000000  0.0000000000  0.0000000000  0.0000000000
-318.5574950740  0.0000000000  0.0000000000  0.0000000000  0.0000000000
-317.3008580126  0.0000000000  0.0000000000  0.0000000000  0.0000000000
-316.0442209511  0.0000000000  0.0000000000  0.0000000000  0.0000000000
-314.7875838897  0.0000000000  0.0000000000  0.0000000000  0.0000000000
-313.5309468283  0.0000000000  0.0000000000  0.0000000000  0.0000000000
-312.2743097668  0.0000000000  0.0000000000  0.0000000000  0.0000000000
-311.0176727054  0.0000000000  0.0000000000  0.0000000000  0.0000000000
-309.7610356440  0.0000000000  0.0000000000  0.0000000000  0.0000000000
-308.5043985825  0.0000000000  0.0000000000  0.0000000000  0.0000000000
-307.2477615211  0.0000000000  0.0000000000  0.0000000000  0.0000000000
-305.9911244596  0.0000000000  0.0000000000  0.0000000000  0.0000000000
-304.7344873982  0.0000000000  0.0000000000  0.0000000000  0.0000000000
-303.4778503368  0.0000000000  0.0000000000  0.0000000000  0.0000000000
-302.2212132753  0.0000000000  0.0000000000  0.0000000000  0.0000000000
-300.9645762139  0.0000000000  0.0000000000  0.0000000000  0.0000000000
-299.7079391525  0.0000000000  0.0000000000  0.0000000000  0.0000000000
-298.4513020910  0.0000000000  0.0000000000  0.0000000000  0.0000000000
-297.1946650296  0.0000000000  0.0000000000  0.0000000000  0.0000000000
-295.9380279682  0.0000000000  0.0000000000  0.0000000000  0.0000000000
-294.6813909067  0.0000000000  0.0000000000  0.0000000000  0.0000000000
-293.4247538453  0.0000000000  0.0000000000  0.0000000000  0.0000000000
-292.1681167839  0.0000000000  0.0000000000  0.0000000000  0.0000000000
-290.9114797224  0.0000000000  0.0000000000  0.0000000000  0.0000000000
-289.6548426610  0.0000000000  0.0000000000  0.0000000000  0.0000000000
-288.3982055995  0.0000000000  0.0000000000  0.0000000000  0.0000000000
-287.1415685381  0.0000000000  0.0000000000  0.0000000000  0.0000000000
-285.8849314767  0.0000000000  0.0000000000  0.0000000000  0.0000000000
-284.6282944152  0.0000000000  0.0000000000  0.0000000000  0.0000000000
-283.3716573538  0.0000000000  0.0000000000  0.0000000000  0.0000000000
-282.1150202924  0.0000000000  0.0000000000  0.0000000000  0.0000000000
-280.8583832309  0.0000000000  0.0000000000  0.0000000000  0.0000000000
-279.6017461695  0.0000000000  0.0000000000  0.0000000000  0.0000000000
-278.3451091081  0.0000000000  0.0000000000  0.0000000000  0.0000000000
-277.0884720466  0.0000000000  0.0000000000  0.0000000000  0.0000000000
-275.8318349852  0.0000000000  0.0000000000  0.0000000000  0.0000000000
-274.5751979237  0.0000000000  0.0000000000  0.0000000000  0.0000000000
-273.3185608623  0.0000000000  0.0000000000  0.0000000000  0.0000000000
-272.0619238009  0.0000000000  0.0000000000  0.0000000000  0.0000000000
-270.8052867394  0.0000000000  0.0000000000  0.0000000000  0.0000000000
-269.5486496780  0.0000000000  0.0000000000  0.0000000000  0.0000000000
-268.2920126166  0.0000000000  0.0000000000  0.0000000000  0.0000000000
-267.0353755551  0.0000000000  0.0000000000  0.0000000000  0.0000000000
-265.7787384937  0.0000000000  0.0000000000  0.0000000000  0.0000000000
-264.5221014323  0.0000000000  0.0000000000  0.0000000000  0.0000000000
-263.2654643708  0.0000000000  0.0000000000  0.0000000000  0.0000000000
-262.0088273094  0.0000000000  0.0000000000  0.0000000000  0.0000000000
-260.7521902480  0.0000000000  0.0000000000  0.0000000000  0.0000000000
-259.4955531865  0.0000000000  0.0000000000  0.0000000000  0.0000000000
-258.2389161251  0.0000000000  0.0000000000  0.0000000000  0.0000000000
-256.9822790636  0.0000000000  0.0000000000  0.0000000000  0.0000000000
-255.7256420022  0.0000000000  0.0000000000  0.0000000000  0.0000000000
-254.4690049408  0.0000000000  0.0000000000  0.0000000000  0.0000000000
-253.2123678793  0.0000000000  0.0000000000  0.0000000000  0.0000000000
-251.9557308179  0.0000000000  0.0000000000  0.0000000000  0.0000000000
-250.6990937565  0.0000000000  0.0000000000  0.0000000000  0.0000000000
-249.4424566950  0.0000000000  0.0000000000  0.0000000000  0.0000000000
-248.1858196336  0.0000000000  0.0000000000  0.0000000000  0.0000000000
-246.9291825722  0.0000000000  0.0000000000  0.0000000000  0.0000000000
-245.6725455107  0.0000000000  0.0000000000  0.0000000000  0.0000000000
-244.4159084493  0.0000000000  0.0000000000  0.0000000000  0.0000000000
-243.1592713878  0.0000000000  0.0000000000  0.0000000000  0.0000000000
-241.9026343264  0.0000000000  0.0000000000  0.0000000000  0.0000000000
-240.6459972650  0.0000000000  0.0000000000  0.0000000000  0.0000000000
-239.3893602035  0.0000000000  0.0000000000  0.0000000000  0.0000000000
-238.1327231421  0.0000000000  0.0000000000  0.0000000000  0.0000000000
-236.8760860807  0.0000000000  0.0000000000  0.0000000000  0.0000000000
-235.6194490192  0.0000000000  0.0000000000  0.0000000000  0.0000000000
-234.3628119578  0.0000000000  0.0000000000  0.0000000000  0.0000000000
-233.1061748964  0.0000000000  0.0000000000  0.0000000000  0.0000000000
-231.8495378349  0.0000000000  0.0000000000  0.0000000000  0.0000000000
-230.5929007735  0.0000000000  0.0000000000  0.0000000000  0.0000000000
-229.3362637121  0.0000000000  0.0000000000  0.0000000000  0.0000000000
-228.0796266506  0.0000000000  0.0000000000  0.0000000000  0.0000000000
-226.8229895892  0.0000000000  0.0000000000  0.0000000000  0.0000000000
-225.5663525277  0.0000000000  0.0000000000  0.0000000000  0.0000000000
-224.3097154663  0.0000000000  0.0000000000  0.0000000000  0.0000000000
-223.0530784049  0.0000000000  0.0000000000  0.0000000000  0.0000000000
-221.7964413434  0.0000000000  0.0000000000  0.0000000000  0.0000000000
-220.5398042820  0.0000000000  0.0000000000  0.0000000000  0.0000000000
-219.2831672206  0.0000000000  0.0000000000  0.0000000000  0.0000000000
-218.0265301591  0.0000000000  0.0000000000  0.0000000000  0.0000000000
-216.7698930977  0.0000000000  0.0000000000  0.0000000000  0.0000000000
-215.5132560363  0.0000000000  0.0000000000  0.0000000000  0.0000000000
-214.2566189748  0.0000000000  0.0000000000  0.0000000000  0.0000000000
-212.9999819134  0.0000000000  0.0000000000  0.0000000000  0.0000000000
-211.7433448520  0.0000000000  0.0000000000  0.0000000000  0.0000000000
-210.4867077905  0.0000000000  0.0000000000  0.0000000000  0.0000000000
-209.2300707291  0.0000000000  0.0000000000  0.0000000000  0.0000000000
-207.9734336676  0.0000000000  0.0000000000  0.0000000000  0.0000000000
-206.7167966062  0.0000000000  0.0000000000  0.0000000000  0.0000000000
-205.4601595448  0.0000000000  0.0000000000  0.0000000000  0.0000000000
-204.2035224833  0.0000000000  0.0000000000  0.0000000000  0.0000000000
-202.9468854219  0.0000000000  0.0000000000  0.0000000000  0.0000000000
-201.6902483605  0.0000000000  0.0000000000  0.0000000000  0.0000000000
-200.4336112990  0.0000000000  0.0000000000  0.0000000000  0.0000000000
-199.1769742376  0.0000000000  0.0000000000  0.0000000000  0.0000000000
-197.9203371762  0.0000000000  0.0000000000  0.0000000000  0.0000000000
-196.6637001147  0.0000000000  0.0000000000  0.0000000000  0.0000000000
-195.4070630533  0.0000000000  0.0000000000  0.0000000000  0.0000000000
-194.1504259918  0.0000000000  0.0000000000  0.0000000000  0.0000000000
-192.8937889304  0.0000000000  0.0000000000  0.0000000000  0.0000000000
-191.6371518690  0.0000000000  0.0000000000  0.0000000000  0.0000000000
-190.3805148075  0.0000000000  0.0000000000  0.0000000000  0.0000000000
-189.1238777461  0.0000000000  0.0000000000  0.0000000000  0.0000000000
-187.8672406847  0.0000000000  0.0000000000  0.0000000000  0.0000000000
-186.6106036232  0.0000000000  0.0000000000  0.0000000000  0.0000000000
-185.3539665618  0.0000000000  0.0000000000  0.0000000000  0.0000000000
-184.0973295004  0.0000000000  0.0000000000  0.0000000000  0.0000000000
-182.8406924389  0.0000000000  0.0000000000  0.0000000000  0.0000000000
-181.5840553775  0.0000000000  0.0000000000  0.0000000000  0.0000000000
-180.3274183161  0.0000000000  0.0000000000  0.0000000000  0.0000000000
-179.0707812546  0.0000000000  0.0000000000  0.0000000000  0.0000000000
-177.8141441932  0.0000000000  0.0000000000  0.0000000000  0.0000000000
-176.5575071317  0.0000000000  0.0000000000  0.0000000000  0.0000000000
-175.3008700703  0.0000000000  0.0000000000  0.0000000000  0.0000000000
-174.0442330089  0.0000000000  0.0000000000  0.0000000000  0.0000000000
-172.7875959474  0.0000000000  0.0000000000  0.0000000000  0.0000000000
-171.5309588860  0.0000000000  0.0000000000  0.0000000000  0.0000000000
-170.2743218246  0.0000000000  0.0000000000  0.0000000000  0.0000000000
-169.0176847631  0.0000000000  0.0000000000  0.0000000000  0.0000000000
-167.7610477017  0.0000000000  0.0000000000  0.0000000000  0.0000000000
-166.5044106403  0.0000000000  0.0000000000  0.0000000000  0.0000000000
-165.2477735788  0.0000000000  0.0000000000  0.0000000000  0.0000000000
-163.9911365174  0.0000000000  0.0000000000  0.0000000000  0.0000000000
-162.7344994560  0.0000000000  0.0000000000  0.0000000000  0.0000000000
-161.4778623945  0.0000000000  0.0000000000  0.0000000000  0.0000000000
-160.2212253331  0.0000000000  0.0000000000  0.0000000000  0.0000000000
-158.9645882716  0.0000000000  0.0000000000  0.0000000000  0.0000000000
-157.7079512102  0.0000000000  0.0000000000  0.0000000000  0.0000000000
-156.4513141488  0.0000000000  0.0000000000  0.0000000000  0.0000000000
-155.1946770873  0.0000000000  0.0000000000  0.0000000000  0.0000000000
-153.9380400259  0.0000000000  0.0000000000  0.0000000000  0.0000000000
-152.6814029645  0.0000000000  0.0000000000  0.0000000000  0.0000000000
-151.4247659030  0.0000000000  0.0000000000  0.0000000000  0.0000000000
-150.1681288416  0.0000000000  0.0000000000  0.0000000000  0.0000000000
-148.9114917802  0.0000000000  0.0000000000  0.0000000000  0.0000000000
-147.6548547187  0.0000000000  0.0000000000  0.0000000000  0.0000000000
-146.3982176573  0.0000000000  0.0000000000  0.0000000000  0.0000000000
-145.1415805958  0.0000000000  0.0000000000  0.0000000000  0.0000000000
-143.8849435344  0.0000000000  0.0000000000  0.0000000000  0.0000000000
-142.6283064730  0.0000000000  0.0000000000  0.0000000000  0.0000000000
-141.3716694115  0.0000000000  0.0000000000  0.0000000000  0.0000000000
-140.1150323501  0.0000000000  0.0000000000  0.0000000000  0.0000000000
-138.8583952887  0.0000000000  0.0000000000  0.0000000000  0.0000000000
-137.6017582272  0.0000000000  0.0000000000  0.0000000000  0.0000000000
-136.3451211658  0.0000000000  0.0000000000  0.0000000000  0.0000000000
-135.0884841044  0.0000000000  0.0000000000  0.0000000000  0.0000000000
-133.8318470429  0.0000000000  0.0000000000  0.0000000000  0.0000000000
-132.5752099815  0.0000000000  0.0000000000  0.0000000000  0.0000000000
-131.3185729201  0.0000000000  0.0000000000  0.0000000000  0.0000000000
-130.0619358586  0.0000000000  0.0000000000  0.0000000000  0.0000000000
-128.8052987972  0.0000000000  0.0000000000  0.0000000000  0.0000000000
-127.5486617357  0.0000000000  0.0000000000  0.0000000000  0.0000000000
-126.2920246743  0.0000000000  0.0000000000  0.0000000000  0.0000000000
-125.0353876129  0.0000000000  0.0000000000  0.0000000000  0.0000000000
-123.7787505514  0.0000000000  0.0000000000  0.0000000000  0.0000000000
-122.5221134900  0.0000000000  0.0000000000  0.0000000000  0.0000000000
-121.2654764286  0.0000000000  0.0000000000  0.0000000000  0.0000000000
-120.0088393671  0.0000000000  0.0000000000  0.0000000000  0.0000000000
-118.7522023057  0.0000000000  0.0000000000  0.0000000000  0.0000000000
-117.4955652443  0.0000000000  0.0000000000  0.0000000000  0.0000000000
-116.2389281828  0.0000000000  0.0000000000  0.0000000000  0.0000000000
-114.9822911214  0.0000000000  0.0000000000  0.0000000000  0.0000000000
-113.7256540600  0.0000000000  0.0000000000  0.0000000000  0.0000000000
-112.4690169985  0.0000000000  0.0000000000  0.0000000000  0.0000000000
-111.2123799371  0.0000000000  0.0000000000  0.0000000000  0.0000000000
-109.9557428756  0.0000000000  0.0000000000  0.0000000000  0.0000000000
-108.6991058142  0.0000000000  0.0000000000  0.0000000000  0.0000000000
-107.4424687528  0.0000000000  0.0000000000  0.0000000000  0.0000000000
-106.1858316913  0.0000000000  0.0000000000  0.0000000000  0.0000000000
-104.9291946299  0.0000000000  0.0000000000  0.0000000000  0.0000000000
-103.6725575685  0.0000000000  0.0000000000  0.0000000000  0.0000000000
-102.4159205070  0.0000000000  0.0000000000  0.0000000000  0.0000000000
-101.1592834456  0.0000000000  0.0000000000  0.0000000000  0.0000000000
-99.9026463842  0.0000000000  0.0000000000  0.0000000000  0.0000000000
-98.6460093227  0.0000000000  0.0000000000  0.0000000000  0.0000000000
-97.3893722613  0.0000000000  0.0000000000  0.0000000000  0.0000000000
-96.1327351998  0.0000000000  0.0000000000  0.0000000000  0.0000000000
-94.8760981384  0.0000000000  0.0000000000  0.0000000000  0.0000000000
-93.6194610770  0.0000000000  0.0000000000  0.0000000000  0.0000000000
-92.3628240155  0.0000000000  0.0000000000  0.0000000000  0.0000000000
-91.1061869541  0.0000000000  0.0000000000  0.0000000000  0.0000000000
-89.8495498927  0.0000000000  0.0000000000  0.0000000000  0.0000000000
-88.5929128312  0.0000000000  0.0000000000  0.0000000000  0.0000000000
-87.3362757698  0.0000000000  0.0000000000  0.0000000000  0.0000000000
-86.0796387084  0.0000000000  0.0000000000  0.0000000000  0.0000000000
-84.8230016469  0.0000000000  0.0000000000  0.0000000000  0.0000000000
-83.5663645855  0.0000000000  0.0000000000  0.0000000000  0.0000000000
-82.3097275241  0.0000000000  0.0000000000  0.0000000000  0.0000000000
-81.0530904626  0.0000000000  0.0000000000  0.0000000000  0.0000000000
-79.7964534012  0.0000000000  0.0000000000  0.0000000000  0.0000000000
-78.5398163397  0.0000000000  0.0000000000  0.0000000000  0.0000000000
-77.2831792783  0.0000000000  0.0000000000  0.0000000000  0.0000000000
-76.0265422169  0.0000000000  0.0000000000  0.0000000000  0.0000000000
-74.7699051554  0.0000000000  0.0000000000  0.0000000000  0.0000000000
-73.5132680940  0.0000000000  0.0000000000  0.0000000000  0.0000000000
-72.2566310326  0.0000000000  0.0000000000  0.0000000000  0.0000000000
-70.9999939711  0.0000000000  0.0000000000  0.0000000000  0.0000000000
-69.7433569097  0.0000000000  0.0000000000  0.0000000000  0.0000000000
-68.4867198483  0.0000000000  0.0000000000  0.0000000000  0.0000000000
-67.2300827868  0.0000000000  0.0000000000  0.0000000000  0.0000000000
-65.9734457254  0.0000000000  0.0000000000  0.0000000000  0.0000000000
-64.7168086639  0.0000000000  0.0000000000  0.0000000000  0.0000000000
-63.4601716025  0.0000000000  0.0000000000  0.0000000000  0.0000000000
-62.2035345411  0.0000000000  0.0000000000  0.0000000000  0.0000000000
-60.9468974796  0.0000000000  0.0000000000  0.0000000000  0.0000000000
-59.6902604182  0.0000000000  0.0000000000  0.0000000000  0.0000000000
-58.4336233568  0.0000000000  0.0000000000  0.0000000000  0.0000000000
-57.1769862953  0.0000000000  0.0000000000  0.0000000000  0.0000000000
-55.9203492339  0.0000000000  0.0000000000  0.0000000000  0.0000000000
-54.6637121725  0.0000000000  0.0000000000  0.0000000000  0.0000000000
-53.4070751110  0.0000000000  0.0000000000  0.0000000000  0.0000000000
-52.1504380496  0.0000000000  0.0000000000  0.0000000000  0.0000000000
-50.8938009882  0.0000000000  0.0000000000  0.0000000000  0.0000000000
-49.6371639267  0.0000000000  0.0000000000  0.0000000000  0.0000000000
-48.3805268653  0.0000000000  0.0000000000  0.0000000000  0.0000000000
-47.1238898038  0.0000000000  0.0000000000  0.0000000000  0.0000000000
-45.8672527424  0.0000000000  0.0000000000  0.0000000000  0.0000000000
-44.6106156810  0.0000000000  0.0000000000  0.0000000000  0.0000000000
-43.3539786195  0.0000000000  0.0000000000  0.0000000000  0.0000000000
-42.0973415581  0.0000000000  0.0000000000  0.0000000000  0.0000000000
-40.8407044967  0.0000000000  0.0000000000  0.0000000000  0.0000000000
-39.5840674352  0.0000000000  0.0000000000  0.0000000000  0.0000000000
-38.3274303738  0.0000000000  0.0000000000  0.0000000000  0.0000000000
-37.0707933124  0.0000000000  0.0000000000  0.0000000000  0.0000000000
-35.8141562509  0.0000000000  0.0000000000  0.0000000000  0.0000000000
-34.5575191895  0.0000000000  0.0000000000  0.0000000000  0.0000000000
-33.3008821281  0.0000000000  0.0000000000  0.0000000000  0.0000000000
-32.0442450666  0.0000000000  0.0000000000  0.0000000000  0.0000000000
-30.7876080052  0.0000000000  0.0000000000  0.0000000000  0.0000000000
-29.5309709437  0.0000000000  0.0000000000  0.0000000000  0.0000000000
-28.2743338823  0.0000000000  0.0000000000  0.0000000000  0.0000000000
-27.0176968209  0.0000000000  0.0000000000  0.0000000000  0.0000000000
-25.7610597594  0.0000000000  0.0000000000  0.0000000000  0.0000000000
-24.5044226980  0.0000000000  0.0000000000  0.0000000000  0.0000000000
-23.2477856366  0.0000000000  0.0000000000  0.0000000000  0.0000000000
-21.9911485751  0.0000000000  0.0000000000  0.0000000000  0.0000000000
-20.7345115137  0.0000000000  0.0000000000  0.0000000000  0.0000000000
-19.4778744523  0.0000000000  0.0000000000  0.0000000000  0.0000000000
-18.2212373908  0.0000000000  0.0000000000  0.0000000000  0.0000000000
-16.9646003294  0.0000000000  0.0000000000  0.0000000000  0.0000000000
-15.7079632679  0.0000000000  0.0000000000  0.0000000000  0.0000000000
-14.4513262065  0.0000000000  0.0000000000  0.0000000000  0.0000000000
-13.1946891451  0.0000000000  0.0000000000  0.0000000000  0.0000000000
-11.9380520836  0.0000000000  0.0000000000  0.0000000000  0.0000000000
-10.6814150222  0.0000000000  0.0000000000  0.0000000000  0.0000000000
-9.4247779608  0.0000000000  0.0000000000  0.0000000000  0.0000000000
-8.1681408993  0.0000000000  0.0000000000  0.0000000000  0.0000000000
-6.9115038379  0.0000000000  0.0000000000  0.0000000000  0.0000000000
-5.6548667765  0.0000000000  0.0000000000  0.0000000000  0.0000000000
-4.3982297150  0.0000000000  0.0000000000  0.0000000000  0.0000000000
-3.1415926536  0.0000000000  0.0000000000  0.0000000000  0.0000000000
-1.8849555922  0.0000000000  0.0000000000  0.0000000000  -0.0000004357
-0.6283185307  0.0000000000  0.0000000000  -0.0000018318  0.0000000000
0.6283185307  0.0000000000  0.0000000000  -0.6578008579  -0.6587856501
1.8849555922  0.0000000000  0.0000000000  -0.5467121530  -1.0826892307
3.1415926536  0.0000000000  0.0000000000  -0.4237904227  -1.0759732009
4.3982297150  0.0000000000  0.0000000000  -0.3272687438  -0.9622788383
5.6548667765  0.0000000000  0.0000000000  -0.2556553770  -0.8470427458
6.9115038379  0.0000000000  0.0000000000  -0.2030102902  -0.7470321682
8.1681408993  0.0000000000  0.0000000000  -0.1640264150  -0.6618421438
9.4247779608  0.0000000000  0.0000000000  -0.1345741224  -0.5913358923
10.6814150222  0.0000000000  0.0000000000  -0.1118931412  -0.5333866617
11.9380520836  0.0000000000  0.0000000000  -0.0941534039  -0.4853566614
13.1946891451  0.0000000000  0.0000000000  -0.0800939433  -0.4449945597
14.4513262065  0.0000000000  0.0000000000  -0.0688164334  -0.4106014496
15.7079632679  0.0000000000  0.0000000000  -0.0596674841  -0.3809363725
16.9646003294  0.0000000000  0.0000000000  -0.0521654716  -0.3550875375
18.2212373908  0.0000000000  0.0000000000  -0.0459516257  -0.3323710642
19.4778744523  0.0000000000  0.0000000000  -0.0407560403  -0.3122617077
20.7345115137  0.0000000000  0.0000000000  -0.0363736424  -0.2943471995
21.9911485751  0.0000000000  0.0000000000  -0.0326470544  -0.2782980051
23.2477856366  0.0000000000  0.0000000000  -0.0294542941  -0.2638468095
24.5044226980  0.0000000000  0.0000000000  -0.0266998882  -0.2507741674
25.7610597594  0.0000000000  0.0000000000  -0.0243084050  -0.2388981531
27.0176968209  0.0000000000  0.0000000000  -0.0222197075  -0.2280666902
28.2743338823  0.0000000000  0.0000000000  -0.0203854403  -0.2181517359
29.5309709437  0.0000000000  0.0000000000  -0.0187664052  -0.2090447915
30.7876080052  0.0000000000  0.0000000000  -0.0173305839  -0.2006533839
32.0442450666  0.0000000000  0.0000000000  -0.0160516338  -0.1928982768
33.3008821281  0.0000000000  0.0000000000  -0.0149077352  -0.1857112368
34.5575191895  0.0000000000  0.0000000000  -0.0138806994  -0.1790332311
35.8141562509  0.0000000000  0.0000000000  -0.0129552734  -0.1728129612
37.0707933124  0.0000000000  0.0000000000  -0.0121185937  -0.1670056633
38.3274303738  0.0000000000  0.0000000000  -0.0113597545  -0.1615721209
39.5840674352  0.0000000000  0.0000000000  -0.0106694628  -0.1564778477
40.8407044967  0.0000000000  0.0000000000  -0.0100397631  -0.1516924083
42.0973415581  0.0000000000  0.0000000000  -0.0094638137  -0.1471888503
43.3539786195  0.0000000000  0.0000000000  -0.0089357060  -0.1429432275
44.6106156810  0.0000000000  0.0000000000  -0.0084503170  -0.1389341988
45.8672527424  0.0000000000  0.0000000000  -0.0080031873  -0.1351426879
47.1238898038  0.0000000000  0.0000000000  -0.0075904218  -0.1315515945
48.3805268653  0.0000000000  0.0000000000  -0.0072086059  -0.1281455478
49.6371639267  0.0000000000  0.0000000000  -0.0068547371  -0.1249106959
50.8938009882  0.0000000000  0.0000000000  -0.0065261664  -0.1218345246
52.1504380496  0.0000000000  0.0000000000  -0.0062205499  -0.1189057010
53.4070751110  0.0000000000  0.0000000000  -0.0059358079  -0.1161139391
54.6637121725  0.0000000000  0.0000000000  -0.0056700902  -0.1134498820
55.9203492339  0.0000000000  0.0000000000  -0.0054217459  -0.1109050007
57.1769862953  0.0000000000  0.0000000000  -0.0051892991  -0.1084715047
58.4336233568  0.0000000000  0.0000000000  -0.0049714266  -0.1061422646
59.6902604182  0.0000000000  0.0000000000  -0.0047669394  -0.1039107440
60.9468974796  0.0000000000  0.0000000000  -0.0045747671  -0.1017709390
62.2035345411  0.0000000000  0.0000000000  -0.0043939438  -0.0997173258
63.4601716025  0.0000000000  0.0000000000  -0.0042235962  -0.0977448136
64.7168086639  0.0000000000  0.0000000000  -0.0040629330  -0.0958487032
65.9734457254  0.0000000000  0.0000000000  -0.0039112361  -0.0940246508
67.2300827868  0.0000000000  0.0000000000  -0.0037678526  -0.0922686341
68.4867198483  0.0000000000  0.0000000000  -0.0036321877  -0.0905769242
69.7433569097  0.0000000000  0.0000000000  -0.0035036987  -0.0889460590
70.9999939711  0.0000000000  0.0000000000  -0.0033818898  -0.0873728198
72.2566310326  0.0000000000  0.0000000000  -0.0032663070  -0.0858542105
73.5132680940  0.0000000000  0.0000000000  -0.0031565343  -0.0843874386
74.7699051554  0.0000000000  0.0000000000  -0.0030521895  -0.0829698985
76.0265422169  0.0000000000  0.0000000000  -0.0029529216  -0.0815991557
77.2831792783  0.0000000000  0.0000000000  -0.0028584072  -0.0802729336
78.5398163397  0.0000000000  0.0000000000  -0.0027683483  -0.0789891005
79.7964534012  0.0000000000  0.0000000000  -0.0026824698  -0.0777456584
81.0530904626  0.0000000000  0.0000000000  -0.0026005174  -0.0765407328
82.3097275241  0.0000000000  0.0000000000  -0.0025222561  -0.0753725632
83.5663645855  0.0000000000  0.0000000000  -0.0024474678  -0.0742394946
84.8230016469  0.0000000000  0.0000000000  -0.0023759504  -0.0731399699
86.0796387084  0.0000000000  0.0000000000  -0.0023075164  -0.0720725225
87.3362757698  0.0000000000  0.0000000000  -0.0022419913  -0.0710357699
88.5929128312  0.0000000000  0.0000000000  -0.0021792129  -0.0700284080
89.8495498927  0.0000000000  0.0000000000  -0.0021190300  -0.0690492055
91.1061869541  0.0000000000  0.0000000000  -0.0020613018  -0.0680969985
92.3628240155  0.0000000000  0.0000000000  -0.0020058968  -0.0671706868
93.6194610770  0.0000000000  0.0000000000  -0.0019526923  -0.0662692287
94.8760981384  0.0000000000  0.0000000000  -0.0019015733  -0.0653916379
96.1327351998  0.0000000000  0.0000000000  -0.0018524324  -0.0645369794
97.3893722613  0.0000000000  0.0000000000  -0.0018051691  -0.0637043663
98.6460093227  0.0000000000  0.0000000000  -0.0017596891  -0.0628929571
99.9026463842  0.0000000000  0.0000000000  -0.0017159039  -0.0621019523
101.1592834456  0.0000000000  0.0000000000  -0.0016737304  -0.0613305921
102.4159205070  0.0000000000  0.0000000000  -0.0016330907  -0.0605781540
103.6725575685  0.0000000000  0.0000000000  -0.0015939112  -0.0598439505
104.9291946299  0.0000000000  0.0000000000  -0.0015561231  -0.0591273270
106.1858316913  0.0000000000  0.0000000000  -0.0015196612  -0.0584276596
107.4424687528  0.0000000000  0.0000000000  -0.0014844643  -0.0577443539
108.6991058142  0.0000000000  0.0000000000  -0.0014504747  -0.0570768429
109.9557428756  0.0000000000  0.0000000000  -0.0014176378  -0.0564245851
111.2123799371  0.0000000000  0.0000000000  -0.0013859021  -0.0557870640
112.4690169985  0.0000000000  0.0000000000  -0.0013552190  -0.0551637858
113.7256540600  0.0000000000  0.0000000000  -0.0013255425  -0.0545542786
114.9822911214  0.0000000000  0.0000000000  -0.0012968291  -0.0539580911
116.2389281828  0.0000000000  0.0000000000  -0.0012690377  -0.0533747916
117.4955652443  0.0000000000  0.0000000000  -0.0012421291  -0.0528039667
118.7522023057  0.0000000000  0.0000000000  -0.0012160665  -0.0522452206
120.0088393671  0.0000000000  0.0000000000  -0.0011908148  -0.0516981739
121.2654764286  0.0000000000  0.0000000000  -0.0011663408  -0.0511624631
122.5221134900  0.0000000000  0.0000000000  -0.0011426128  -0.0506377396
123.7787505514  0.0000000000  0.0000000000  -0.0011196008  -0.0501236688
125.0353876129  0.0000000000  0.0000000000  -0.0010972765  -0.0496199296
126.2920246743  0.0000000000  0.0000000000  -0.0010756126  -0.0491262138
127.5486617357  0.0000000000  0.0000000000  -0.0010545834  -0.0486422251
128.8052987972  0.0000000000  0.0000000000  -0.0010341644  -0.0481676790
130.0619358586  0.0000000000  0.0000000000  -0.0010143322  -0.0477023018
131.3185729201  0.0000000000  0.0000000000  -0.0009950646  -0.0472458304
132.5752099815  0.0000000000  0.0000000000  -0.0009763403  -0.0467980116
133.8318470429  0.0000000000  0.0000000000  -0.0009581391  -0.0463586017
135.0884841044  0.0000000000  0.0000000000  -0.0009404418  -0.0459273661
136.3451211658  0.0000000000  0.0000000000  -0.0009232299  -0.0455040789
137.6017582272  0.0000000000  0.0000000000  -0.0009064858  -0.0450885224
138.8583952887  0.0000000000  0.0000000000  -0.0008901929  -0.0446804866
140.1150323501  0.0000000000  0.0000000000  -0.0008743349  -0.0442797692
141.3716694115  0.0000000000  0.0000000000  -0.0008588966  -0.0438861753
142.6283064730  0.0000000000  0.0000000000  -0.0008438633  -0.0434995164
143.8849435344  0.0000000000  0.0000000000  -0.0008292210  -0.0431196110
145.1415805958  0.0000000000  0.0000000000  -0.0008149562  -0.0427462837
146.3982176573  0.0000000000  0.0000000000  -0.0008010561  -0.0423793650
147.6548547187  0.0000000000  0.0000000000  -0.0007875084  -0.0420186914
148.9114917802  0.0000000000  0.0000000000  -0.0007743013  -0.0416641048
150.1681288416  0.0000000000  0.0000000000  -0.0007614234  -0.0413154524
151.4247659030  0.0000000000  0.0000000000  -0.0007488639  -0.0409725865
152.6814029645  0.0000000000  0.0000000000  -0.0007366124  -0.0406353643
153.9380400259  0.0000000000  0.0000000000  -0.0007246589  -0.0403036474
155.1946770873  0.0000000000  0.0000000000  -0.0007129938  -0.0399773023
156.4513141488  0.0000000000  0.0000000000  -0.0007016080  -0.0396561995
157.7079512102  0.0000000000  0.0000000000  -0.0006904926  -0.0393402137
158.9645882716  0.0000000000  0.0000000000  -0.0006796391  -0.0390292236
160.2212253331  0.0000000000  0.0000000000  -0.0006690394  -0.0387231115
161.4778623945  0.0000000000  0.0000000000  -0.0006586856  -0.0384217637
162.7344994560  0.0000000000  0.0000000000  -0.0006485701  -0.0381250699
163.9911365174  0.0000000000  0.0000000000  -0.0006386857  -0.0378329229
165.2477735788  0.0000000000  0.0000000000  -0.0006290255  -0.0375452191
166.5044106403  0.0000000000  0.0000000000  -0.0006195826  -0.0372618579
167.7610477017  0.0000000000  0.0000000000  -0.0006103507  -0.0369827417
169.0176847631  0.0000000000  0.0000000000  -0.0006013235  -0.0367077758
170.2743218246  0.0000000000  0.0000000000  -0.0005924950  -0.0364368685
171.5309588860  0.0000000000  0.0000000000  -0.0005838594  -0.0361699303
172.7875959474  0.0000000000  0.0000000000  -0.0005754111  -0.0359068749
174.0442330089  0.0000000000  0.0000000000  -0.0005671448  -0.0356476180
175.3008700703  0.0000000000  0.0000000000  -0.0005590552  -0.0353920780
176.5575071317  0.0000000000  0.0000000000  -0.0005511375  -0.0351401756
177.8141441932  0.0000000000  0.0000000000  -0.0005433866  -0.0348918335
179.0707812546  0.0000000000  0.0000000000  -0.0005357981  -0.0346469770
180.3274183161  0.0000000000  0.0000000000  -0.0005283673  -0.0344055330
181.5840553775  0.0000000000  0.0000000000  -0.0005210900  -0.0341674307
182.8406924389  0.0000000000  0.0000000000  -0.0005139619  -0.0339326014
184.0973295004  0.0000000000  0.0000000000  -0.0005069790  -0.0337009778
185.3539665618  0.0000000000  0.0000000000  -0.0005001374  -0.0334724949
186.6106036232  0.0000000000  0.0000000000  -0.0004934333  -0.0332470892
187.8672406847  0.0000000000  0.0000000000  -0.0004868631  -0.0330246989
189.1238777461  0.0000000000  0.0000000000  -0.0004804231  -0.0328052639
190.3805148075  0.0000000000  0.0000000000  -0.0004741100  -0.0325887258
191.6371518690  0.0000000000  0.0000000000  -0.0004679205  -0.0323750275
192.8937889304  0.0000000000  0.0000000000  -0.0004618514  -0.0321641135
194.1504259918  0.0000000000  0.0000000000  -0.0004558996  -0.0319559298
195.4070630533  0.0000000000  0.0000000000  -0.0004500620  -0.0317504237
196.6637001147  0.0000000000  0.0000000000  -0.0004443357  -0.0315475439
197.9203371762  0.0000000000  0.0000000000  -0.0004387181  -0.0313472403
199.1769742376  0.0000000000  0.0000000000  -0.0004332062  -0.0311494642
200.4336112990  0.0000000000  0.0000000000  -0.0004277975  -0.0309541681
201.6902483605  0.0000000000  0.0000000000  -0.0004224895  -0.0307613055
202.9468854219  0.0000000000  0.0000000000  -0.0004172796  -0.0305708314
204.2035224833  0.0000000000  0.0000000000  -0.0004121654  -0.0303827015
205.4601595448  0.0000000000  0.0000000000  -0.0004071447  -0.0301968729
206.7167966062  0.0000000000  0.0000000000  -0.0004022151  -0.0300133037
207.9734336676  0.0000000000  0.0000000000  -0.0003973745  -0.0298319528
209.2300707291  0.0000000000  0.0000000000  -0.0003926206  -0.0296527803
210.4867077905  0.0000000000  0.0000000000  -0.0003879516  -0.0294757471
211.7433448520  0.0000000000  0.0000000000  -0.0003833653  -0.0293008153
212.9999819134  0.0000000000  0.0000000000  -0.0003788599  -0.0291279476
214.2566189748  0.0000000000  0.0000000000  -0.0003744334  -0.0289571076
215.5132560363  0.0000000000  0.0000000000  -0.0003700839  -0.0287882599
216.7698930977  0.0000000000  0.0000000000  -0.0003658099  -0.0286213700
218.0265301591  0.0000000000  0.0000000000  -0.0003616093  -0.0284564038
219.2831672206  0.0000000000  0.0000000000  -0.0003574808  -0.0282933283
220.5398042820  0.0000000000  0.0000000000  -0.0003534224  -0.0281321113
221.7964413434  0.0000000000  0.0000000000  -0.0003494328  -0.0279727211
223.0530784049  0.0000000000  0.0000000000  -0.0003455104  -0.0278151269
224.3097154663  0.0000000000  0.0000000000  -0.0003416536  -0.0276592984
225.5663525277  0.0000000000  0.0000000000  -0.0003378610  -0.0275052062
226.8229895892  0.0000000000  0.0000000000  -0.0003341312  -0.0273528214
228.0796266506  0.0000000000  0.0000000000  -0.0003304627  -0.0272021158
229.3362637121  0.0000000000  0.0000000000  -0.0003268544  -0.0270530617
230.5929007735  0.0000000000  0.0000000000  -0.0003233048  -0.0269056322
231.8495378349  0.0000000000  0.0000000000  -0.0003198127  -0.0267598009
233.1061748964  0.0000000000  0.0000000000  -0.0003163769  -0.0266155419
234.3628119578  0.0000000000  0.0000000000  -0.0003129961  -0.0264728300
235.6194490192  0.0000000000  0.0000000000  -0.0003096692  -0.0263316403
236.8760860807  0.0000000000  0.0000000000  -0.0003063951  -0.0261919486
238.1327231421  0.0000000000  0.0000000000  -0.0003031726  -0.0260537313
239.3893602035  0.0000000000  0.0000000000  -0.0003000006  -0.0259169650
240.6459972650  0.0000000000  0.0000000000  -0.0002968782  -0.0257816272
241.9026343264  0.0000000000  0.0000000000  -0.0002938042  -0.0256476955
243.1592713878  0.0000000000  0.0000000000  -0.0002907778  -0.0255151481
244.4159084493  0.0000000000  0.0000000000  -0.0002877978  -0.0253839636
245.6725455107  0.0000000000  0.0000000000  -0.0002848634  -0.0252541212
246.9291825722  0.0000000000  0.0000000000  -0.0002819736  -0.0251256004
248.1858196336  0.0000000000  0.0000000000  -0.0002791276  -0.0249983810
249.4424566950  0.0000000000  0.0000000000  -0.0002763245  -0.0248724435
250.6990937565  0.0000000000  0.0000000000  -0.0002735633  -0.0247477685
251.9557308179  0.0000000000  0.0000000000  -0.0002708433  -0.0246243372
253.2123678793  0.0000000000  0.0000000000  -0.0002681637  -0.0245021310
254.4690049408  0.0000000000  0.0000000000  -0.0002655236  -0.0243811317
255.7256420022  0.0000000000  0.0000000000  -0.0002629224  -0.0242613217
256.9822790636  0.0000000000  0.0000000000  -0.0002603591  -0.0241426834
258.2389161251  0.0000000000  0.0000000000  -0.0002578332  -0.0240251998
259.4955531865  0.0000000000  0.0000000000  -0.0002553438  -0.0239088540
260.7521902480  0.0000000000  0.0000000000  -0.0002528903  -0.0237936296
262.0088273094  0.0000000000  0.0000000000  -0.0002504720  -0.0236795105
263.2654643708  0.0000000000  0.0000000000  -0.0002480881  -0.0235664809
264.5221014323  0.0000000000  0.0000000000  -0.0002457382  -0.0234545252
265.7787384937  0.0000000000  0.0000000000  -0.0002434215  -0.0233436281
267.0353755551  0.0000000000  0.0000000000  -0.0002411374  -0.0232337749
268.2920126166  0.0000000000  0.0000000000  -0.0002388852  -0.0231249507
269.5486496780  0.0000000000  0.0000000000  -0.0002366645  -0.0230171412
270.8052867394  0.0000000000  0.0000000000  -0.0002344746  -0.0229103322
272.0619238009  0.0000000000  0.0000000000  -0.0002323149  -0.0228045099
273.3185608623  0.0000000000  0.0000000000  -0.0002301849  -0.0226996608
274.5751979237  0.0000000000  0.0000000000  -0.0002280841  -0.0225957713
275.8318349852  0.0000000000  0.0000000000  -0.0002260119  -0.0224928285
277.0884720466  0.0000000000  0.0000000000  -0.0002239678  -0.0223908194
278.3451091081  0.0000000000  0.0000000000  -0.0002219514  -0.0222897314
279.6017461695  0.0000000000  0.0000000000  -0.0002199620  -0.0221895520
280.8583832309  0.0000000000  0.0000000000  -0.0002179992  -0.0220902691
282.1150202924  0.0000000000  0.0000000000  -0.0002160626  -0.0219918707
283.3716573538  0.0000000000  0.0000000000  -0.0002141517  -0.0218943450
284.6282944152  0.0000000000  0.0000000000  -0.0002122660  -0.0217976805
285.8849314767  0.0000000000  0.0000000000  -0.0002104051  -0.0217018658
287.1415685381  0.0000000000  0.0000000000  -0.0002085686  -0.0216068897
288.3982055995  0.0000000000  0.0000000000  -0.0002067560  -0.0215127413
289.6548426610  0.0000000000  0.0000000000  -0.0002049669  -0.0214194098
290.9114797224  0.0000000000  0.0000000000  -0.0002032009  -0.0213268847
292.1681167839  0.0000000000  0.0000000000  -0.0002014577  -0.0212351555
293.4247538453  0.0000000000  0.0000000000  -0.0001997368  -0.0211442119
294.6813909067  0.0000000000  0.0000000000  -0.0001980378  -0.0210540440
295.9380279682  0.0000000000  0.0000000000  -0.0001963604  -0.0209646419
297.1946650296  0.0000000000  0.0000000000  -0.0001947043  -0.0208759958
298.4513020910  0.0000000000  0.0000000000  -0.0001930690  -0.0207880963
299.7079391525  0.0000000000  0.0000000000  -0.0001914542  -0.0207009338
300.9645762139  0.0000000000  0.0000000000  -0.0001898596  -0.0206144992
302.2212132753  0.0000000000  0.0000000000  -0.0001882848  -0.0205287834
303.4778503368  0.0000000000  0.0000000000  -0.0001867295  -0.0204437775
304.7344873982  0.0000000000  0.0000000000  -0.0001851935  -0.0203594727
305.9911244596  0.0000000000  0.0000000000  -0.0001836763  -0.0202758603
307.2477615211  0.0000000000  0.0000000000  -0.0001821776  -0.0201929318
308.5043985825  0.0000000000  0.0000000000  -0.0001806972  -0.0201106790
309.7610356440  0.0000000000  0.0000000000  -0.0001792348  -0.0200290935
311.0176727054  0.0000000000  0.0000000000  -0.0001777901  -0.0199481673
312.2743097668  0.0000000000  0.0000000000  -0.0001763628  -0.0198678924
313.5309468283  0.0000000000  0.0000000000  -0.0001749525  -0.0197882611
314.7875838897  0.0000000000  0.0000000000  -0.0001735592  -0.0197092655
316.0442209511  0.0000000000  0.0000000000  -0.0001721824  -0.0196308981
317.3008580126  0.0000000000  0.0000000000  -0.0001708219  -0.0195531514
318.5574950740  0.0000000000  0.0000000000  -0.0001694775  -0.0194760182
319.8141321354  0.0000000000  0.0000000000  -0.0001681489  -0.0193994910
321.0707691969  0.0000000000  0.0000000000  -0.0001668358  -0.0193235630
322.3274062583  0.0000000000  0.0000000000  -0.0001655381  -0.0192482270
323.5840433197  0.0000000000  0.0000000000  -0.0001642554  -0.0191734761
324.8406803812  0.0000000000  0.0000000000  -0.0001629876  -0.0190993035
326.0973174426  0.0000000000  0.0000000000  -0.0001617344  -0.0190257026
327.3539545041  0.0000000000  0.0000000000  -0.0001604956  -0.0189526668
328.6105915655  0.0000000000  0.0000000000  -0.0001592710  -0.0188801896
329.8672286269  0.0000000000  0.0000000000  -0.0001580603  -0.0188082646
331.1238656884  0.0000000000  0.0000000000  -0.0001568634  -0.0187368856
332.3805027498  0.0000000000  0.0000000000  -0.0001556801  -0.0186660462
333.6371398112  0.0000000000  0.0000000000  -0.0001545100  -0.0185957405
334.8937768727  0.0000000000  0.0000000000  -0.0001533532  -0.0185259625
336.1504139341  0.0000000000  0.0000000000  -0.0001522092  -0.0184567061
337.4070509955  0.0000000000  0.0000000000  -0.0001510780  -0.0183879656
338.6636880570  0.0000000000  0.0000000000  -0.0001499594  -0.0183197353
339.9203251184  0.0000000000  0.0000000000  -0.0001488531  -0.0182520094
341.1769621799  0.0000000000  0.0000000000  -0.0001477591  -0.0181847824
342.4335992413  0.0000000000  0.0000000000  -0.0001466770  -0.0181180489
343.6902363027  0.0000000000  0.0000000000  -0.0001456068  -0.0180518033
344.9468733642  0.0000000000  0.0000000000  -0.0001445483  -0.0179860404
346.2035104256  0.0000000000  0.0000000000  -0.0001435013  -0.0179207550
347.4601474870  0.0000000000  0.0000000000  -0.0001424656  -0.0178559417
348.7167845485  0.0000000000  0.0000000000  -0.0001414410  -0.0177915956
349.9734216099  0.0000000000  0.0000000000  -0.0001404275  -0.0177277116
351.2300586713  0.0000000000  0.0000000000  -0.0001394248  -0.0176642847
352.4866957328  0.0000000000  0.0000000000  -0.0001384329  -0.0176013100
353.7433327942  0.0000000000  0.0000000000  -0.0001374515  -0.0175387828
354.9999698556  0.0000000000  0.0000000000  -0.0001364804  -0.0174766983
356.2566069171  0.0000000000  0.0000000000  -0.0001355197  -0.0174150517
357.5132439785  0.0000000000  0.0000000000  -0.0001345690  -0.0173538385
358.7698810400  0.0000000000  0.0000000000  -0.0001336283  -0.0172930542
360.0265181014  0.0000000000  0.0000000000  -0.0001326974  -0.0172326941
361.2831551628  0.0000000000  0.0000000000  -0.0001317763  -0.0171727540
362.5397922243  0.0000000000  0.0000000000  -0.0001308647  -0.0171132294
363.7964292857  0.0000000000  0.0000000000  -0.0001299625  -0.0170541160
365.0530663471  0.0000000000  0.0000000000  -0.0001290696  -0.0169954096
366.3097034086  0.0000000000  0.0000000000  -0.0001281859  -0.0169371060
367.5663404700  0.0000000000  0.0000000000  -0.0001273112  -0.0168792010
368.8229775314  0.0000000000  0.0000000000  -0.0001264454  -0.0168216907
370.0796145929  0.0000000000  0.0000000000  -0.0001255885  -0.0167645709
371.3362516543  0.0000000000  0.0000000000  -0.0001247402  -0.0167078377
372.5928887157  0.0000000000  0.0000000000  -0.0001239005  -0.0166514871
373.8495257772  0.0000000000  0.0000000000  -0.0001230692  -0.0165955155
375.1061628386  0.0000000000  0.0000000000  -0.0001222463  -0.0165399188
376.3627999001  0.0000000000  0.0000000000  -0.0001214316  -0.0164846934
377.6194369615  0.0000000000  0.0000000000  -0.0001206250  -0.0164298356
378.8760740229  0.0000000000  0.0000000000  -0.0001198264  -0.0163753416
380.1327110844  0.0000000000  0.0000000000  -0.0001190357  -0.0163212080
381.3893481458  0.0000000000  0.0000000000  -0.0001182529  -0.0162674311
382.6459852072  0.0000000000  0.0000000000  -0.0001174777  -0.0162140074
383.9026222687  0.0000000000  0.0000000000  -0.0001167101  -0.0161609334
385.1592593301  0.0000000000  0.0000000000  -0.0001159500  -0.0161082058
386.4158963915  0.0000000000  0.0000000000  -0.0001151973  -0.0160558212
387.6725334530  0.0000000000  0.0000000000  -0.0001144520  -0.0160037761
388.9291705144  0.0000000000  0.0000000000  -0.0001137138  -0.0159520673
390.1858075759  0.0000000000  0.0000000000  -0.0001129828  -0.0159006917
391.4424446373  0.0000000000  0.0000000000  -0.0001122587  -0.0158496459
392.6990816987  0.0000000000  0.0000000000  -0.0001115416  -0.0157989267
393.9557187602  0.0000000000  0.0000000000  -0.0001108314  -0.0157485312
395.2123558216  0.0000000000  0.0000000000  -0.0001101279  -0.0156984561
396.4689928830  0.0000000000  0.0000000000  -0.0001094311  -0.0156486985
397.7256299445  0.0000000000  0.0000000000  -0.0001087409  -0.0155992553
398.9822670059  0.0000000000  0.0000000000  -0.0001080572  -0.0155501235
400.2389040673  0.0000000000  0.0000000000  -0.0001073799  -0.0155013003
401.4955411288  0.0000000000  0.0000000000  -0.0001067090  -0.0154527827
402.7521781902  0.0000000000  0.0000000000  -0.0001060444  -0.0154045679
404.0088152516  0.0000000000  0.0000000000  -0.0001053859  -0.0153566530
405.2654523131  0.0000000000  0.0000000000  -0.0001047335  -0.0153090352
406.5220893745  0.0000000000  0.0000000000  -0.0001040872  -0.0152617119
407.7787264360  0.0000000000  0.0000000000  -0.0001034469  -0.0152146802
409.0353634974  0.0000000000  0.0000000000  -0.0001028124  -0.0151679375
410.2920005588  0.0000000000  0.0000000000  -0.0001021838  -0.0151214811
411.5486376203  0.0000000000  0.0000000000  -0.0001015609  -0.0150753084
412.8052746817  0.0000000000  0.0000000000  -0.0001009436  -0.0150294169
414.0619117431  0.0000000000  0.0000000000  -0.0001003320  -0.0149838039
415.3185488046  0.0000000000  0.0000000000  -0.0000997260  -0.0149384669
416.5751858660  0.0000000000  0.0000000000  -0.0000991254  -0.0148934034
417.8318229274  0.0000000000  0.0000000000  -0.0000985302  -0.0148486111
419.0884599889  0.0000000000  0.0000000000  -0.0000979404  -0.0148040873
420.3450970503  0.0000000000  0.0000000000  -0.0000973558  -0.0147598297
421.6017341118  0.0000000000  0.0000000000  -0.0000967764  -0.0147158360
422.8583711732  0.0000000000  0.0000000000  -0.0000962023  -0.0146721038
424.1150082346  0.0000000000  0.0000000000  -0.0000956332  -0.0146286307
425.3716452961  0.0000000000  0.0000000000  -0.0000950691  -0.0145854144
426.6282823575  0.0000000000  0.0000000000  -0.0000945100  -0.0145424528
427.8849194189  0.0000000000  0.0000000000  -0.0000939559  -0.0144997435
429.1415564804  0.0000000000  0.0000000000  -0.0000934066  -0.0144572843
430.3981935418  0.0000000000  0.0000000000  -0.0000928620  -0.0144150731
431.6548306032  0.0000000000  0.0000000000  -0.0000923223  -0.0143731077
432.9114676647  0.0000000000  0.0000000000  -0.0000917872  -0.0143313858
434.1681047261  0.0000000000  0.0000000000  -0.0000912568  -0.0142899055
435.4247417875  0.0000000000  0.0000000000  -0.0000907310  -0.0142486647
436.6813788490  0.0000000000  0.0000000000  -0.0000902096  -0.0142076611
437.9380159104  0.0000000000  0.0000000000  -0.0000896928  -0.0141668929
439.1946529719  0.0000000000  0.0000000000  -0.0000891804  -0.0141263580
440.4512900333  0.0000000000  0.0000000000  -0.0000886724  -0.0140860544
441.7079270947  0.0000000000  0.0000000000  -0.0000881687  -0.0140459801
442.9645641562  0.0000000000  0.0000000000  -0.0000876693  -0.0140061332
444.2212012176  0.0000000000  0.0000000000  -0.0000871741  -0.0139665117
445.4778382790  0.0000000000  0.0000000000  -0.0000866831  -0.0139271138
446.7344753405  0.0000000000  0.0000000000  -0.0000861962  -0.0138879375
447.9911124019  0.0000000000  0.0000000000  -0.0000857134  -0.0138489810
449.2477494633  0.0000000000  0.0000000000  -0.0000852347  -0.0138102425
450.5043865248  0.0000000000  0.0000000000  -0.0000847600  -0.0137717200
451.7610235862  0.0000000000  0.0000000000  -0.0000842892  -0.0137334119
453.0176606476  0.0000000000  0.0000000000  -0.0000838223  -0.0136953163
454.2742977091  0.0000000000  0.0000000000  -0.0000833593  -0.0136574314
455.5309347705  0.0000000000  0.0000000000  -0.0000829001  -0.0136197556
456.7875718320  0.0000000000  0.0000000000  -0.0000824448  -0.0135822871
458.0442088934  0.0000000000  0.0000000000  -0.0000819931  -0.0135450242
459.3008459548  0.0000000000  0.0000000000  -0.0000815452  -0.0135079651
460.5574830163  0.0000000000  0.0000000000  -0.0000811009  -0.0134711083
461.8141200777  0.0000000000  0.0000000000  -0.0000806602  -0.0134344521
463.0707571391  0.0000000000  0.0000000000  -0.0000802231  -0.0133979949
464.3273942006  0.0000000000  0.0000000000  -0.0000797896  -0.0133617349
465.5840312620  0.0000000000  0.0000000000  -0.0000793595  -0.0133256707
466.8406683234  0.0000000000  0.0000000000  -0.0000789330  -0.0132898007
468.0973053849  0.0000000000  0.0000000000  -0.0000785098  -0.0132541233
469.3539424463  0.0000000000  0.0000000000  -0.0000780901  -0.0132186369
470.6105795078  0.0000000000  0.0000000000  -0.0000776737  -0.0131833400
471.8672165692  0.0000000000  0.0000000000  -0.0000772606  -0.0131482311
473.1238536306  0.0000000000  0.0000000000  -0.0000768508  -0.0131133087
474.3804906921  0.0000000000  0.0000000000  -0.0000764443  -0.0130785713
475.6371277535  0.0000000000  0.0000000000  -0.0000760410  -0.0130440175
476.8937648149  0.0000000000  0.0000000000  -0.0000756409  -0.0130096458
478.1504018764  0.0000000000  0.0000000000  -0.0000752439  -0.0129754548
479.4070389378  0.0000000000  0.0000000000  -0.0000748500  -0.0129414430
480.6636759992  0.0000000000  0.0000000000  -0.0000744592  -0.0129076090
481.9203130607  0.0000000000  0.0000000000  -0.0000740715  -0.0128739515
483.1769501221  0.0000000000  0.0000000000  -0.0000736868  -0.0128404691
484.4335871835  0.0000000000  0.0000000000  -0.0000733051  -0.0128071603
485.6902242450  0.0000000000  0.0000000000  -0.0000729263  -0.0127740240
486.9468613064  0.0000000000  0.0000000000  -0.0000725505  -0.0127410586
488.2034983679  0.0000000000  0.0000000000  -0.0000721775  -0.0127082630
489.4601354293  0.0000000000  0.0000000000  -0.0000718075  -0.0126756358
490.7167724907  0.0000000000  0.0000000000  -0.0000714402  -0.0126431757
491.9734095522  0.0000000000  0.0000000000  -0.0000710758  -0.0126108814
493.2300466136  0.0000000000  0.0000000000  -0.0000707142  -0.0125787516
494.4866836750  0.0000000000  0.0000000000  -0.0000703553  -0.0125467852
495.7433207365  0.0000000000  0.0000000000  -0.0000699991  -0.0125149808
496.9999577979  0.0000000000  0.0000000000  -0.0000696457  -0.0124833373
498.2565948593  0.0000000000  0.0000000000  -0.0000692949  -0.0124518533
499.5132319208  0.0000000000  0.0000000000  -0.0000689467  -0.0124205278
500.7698689822  0.0000000000  0.0000000000  -0.0000686012  -0.0123893595
502.0265060436  0.0000000000  0.0000000000  -0.0000682583  -0.0123583472
503.2831431051  0.0000000000  0.0000000000  -0.0000679179  -0.0123274898
504.5397801665  0.0000000000  0.0000000000  -0.0000675800  -0.0122967862
505.7964172280  0.0000000000  0.0000000000  -0.0000672447  -0.0122662350
507.0530542894  0.0000000000  0.0000000000  -0.0000669119  -0.0122358354
508.3096913508  0.0000000000  0.0000000000  -0.0000665815  -0.0122055860
509.5663284123  0.0000000000  0.0000000000  -0.0000662536  -0.0121754858
510.8229654737  0.0000000000  0.0000000000  -0.0000659281  -0.0121455337
512.0796025351  0.0000000000  0.0000000000  -0.0000656050  -0.0121157286
513.3362395966  0.0000000000  0.0000000000  -0.0000652842  -0.0120860695
514.5928766580  0.0000000000  0.0000000000  -0.0000649658  -0.0120565552
515.8495137194  0.0000000000  0.0000000000  -0.0000646497  -0.0120271847
517.1061507809  0.0000000000  0.0000000000  -0.0000643360  -0.0119979569
518.3627878423  0.0000000000  0.0000000000  -0.0000640245  -0.0119688709
519.6194249038  0.0000000000  0.0000000000  -0.0000637152  -0.0119399255
520.8760619652  0.0000000000  0.0000000000  -0.0000634082  -0.0119111198
522.1326990266  0.0000000000  0.0000000000  -0.0000631034  -0.0118824528
523.3893360881  0.0000000000  0.0000000000  -0.0000628008  -0.0118539234
524.6459731495  0.0000000000  0.0000000000  -0.0000625004  -0.0118255307
525.9026102109  0.0000000000  0.0000000000  -0.0000622021  -0.0117972736
527.1592472724  0.0000000000  0.0000000000  -0.0000619060  -0.0117691513
528.4158843338  0.0000000000  0.0000000000  -0.0000616119  -0.0117411628
529.6725213952  0.0000000000  0.0000000000  -0.0000613200  -0.0117133070
530.9291584567  0.0000000000  0.0000000000  -0.0000610301  -0.0116855831
532.1857955181  0.0000000000  0.0000000000  -0.0000607423  -0.0116579902
533.4424325795  0.0000000000  0.0000000000  -0.0000604565  -0.0116305272
534.6990696410  0.0000000000  0.0000000000  -0.0000601727  -0.0116031934
535.9557067024  0.0000000000  0.0000000000  -0.0000598909  -0.0115759877
537.2123437639  0.0000000000  0.0000000000  -0.0000596111  -0.0115489093
538.4689808253  0.0000000000  0.0000000000  -0.0000593332  -0.0115219572
539.7256178867  0.0000000000  0.0000000000  -0.0000590573  -0.0114951307
540.9822549482  0.0000000000  0.0000000000  -0.0000587833  -0.0114684288
542.2388920096  0.0000000000  0.0000000000  -0.0000585112  -0.0114418507
543.4955290710  0.0000000000  0.0000000000  -0.0000582410  -0.0114153955
544.7521661325  0.0000000000  0.0000000000  -0.0000579726  -0.0113890623
546.0088031939  0.0000000000  0.0000000000  -0.0000577061  -0.0113628504
547.2654402553  0.0000000000  0.0000000000  -0.0000574414  -0.0113367588
548.5220773168  0.0000000000  0.0000000000  -0.0000571786  -0.0113107868
549.7787143782  0.0000000000  0.0000000000  -0.0000569176  -0.0112849335
551.0353514396  0.0000000000  0.0000000000  -0.0000566583  -0.0112591981
552.2919885011  0.0000000000  0.0000000000  -0.0000564008  -0.0112335798
553.5486255625  0.0000000000  0.0000000000  -0.0000561450  -0.0112080779
554.8052626240  0.0000000000  0.0000000000  -0.0000558910  -0.0111826914
556.0618996854  0.0000000000  0.0000000000  -0.0000556387  -0.0111574197
557.3185367468  0.0000000000  0.0000000000  -0.0000553882  -0.0111322620
558.5751738083  0.0000000000  0.0000000000  -0.0000551393  -0.0111072175
559.8318108697  0.0000000000  0.0000000000  -0.0000548920  -0.0110822854
561.0884479311  0.0000000000  0.0000000000  -0.0000546465  -0.0110574650
562.3450849926  0.0000000000  0.0000000000  -0.0000544025  -0.0110327555
563.6017220540  0.0000000000  0.0000000000  -0.0000541603  -0.0110081562
564.8583591154  0.0000000000  0.0000000000  -0.0000539196  -0.0109836664
566.1149961769  0.0000000000  0.0000000000  -0.0000536805  -0.0109592852
567.3716332383  0.0000000000  0.0000000000  -0.0000534430  -0.0109350121
568.6282702998  0.0000000000  0.0000000000  -0.0000532071  -0.0109108463
569.8849073612  0.0000000000  0.0000000000  -0.0000529727  -0.0108867870
571.1415444226  0.0000000000  0.0000000000  -0.0000527399  -0.0108628336
572.3981814841  0.0000000000  0.0000000000  -0.0000525086  -0.0108389854
573.6548185455  0.0000000000  0.0000000000  -0.0000522789  -0.0108152417
574.9114556069  0.0000000000  0.0000000000  -0.0000520506  -0.0107916018
576.1680926684  0.0000000000  0.0000000000  -0.0000518239  -0.0107680650
577.4247297298  0.0000000000  0.0000000000  -0.0000515986  -0.0107446306
578.6813667912  0.0000000000  0.0000000000  -0.0000513747  -0.0107212980
579.9380038527  0.0000000000  0.0000000000  -0.0000511524  -0.0106980665
581.1946409141  0.0000000000  0.0000000000  -0.0000509314  -0.0106749355
582.4512779755  0.0000000000  0.0000000000  -0.0000507119  -0.0106519043
583.7079150370  0.0000000000  0.0000000000  -0.0000504939  -0.0106289723
584.9645520984  0.0000000000  0.0000000000  -0.0000502772  -0.0106061388
586.2211891599  0.0000000000  0.0000000000  -0.0000500619  -0.0105834031
587.4778262213  0.0000000000  0.0000000000  -0.0000498480  -0.0105607648
588.7344632827  0.0000000000  0.0000000000  -0.0000496354  -0.0105382231
589.9911003442  0.0000000000  0.0000000000  -0.0000494243  -0.0105157774
591.2477374056  0.0000000000  0.0000000000  -0.0000492144  -0.0104934271
592.5043744670  0.0000000000  0.0000000000  -0.0000490059  -0.0104711717
593.7610115285  0.0000000000  0.0000000000  -0.0000487987  -0.0104490104
595.0176485899  0.0000000000  0.0000000000  -0.0000485928  -0.0104269427
596.2742856513  0.0000000000  0.0000000000  -0.0000483883  -0.0104049681
597.5309227128  0.0000000000  0.0000000000  -0.0000481850  -0.0103830859
598.7875597742  0.0000000000  0.0000000000  -0.0000479830  -0.0103612955
600.0441968357  0.0000000000  0.0000000000  -0.0000477822  -0.0103395964
601.3008338971  0.0000000000  0.0000000000  -0.0000475828  -0.0103179880
602.5574709585  0.0000000000  0.0000000000  -0.0000473845  -0.0102964698
603.8141080200  0.0000000000  0.0000000000  -0.0000471875  -0.0102750410
605.0707450814  0.0000000000  0.0000000000  -0.0000469917  -0.0102537013
606.3273821428  0.0000000000  0.0000000000  -0.0000467972  -0.0102324501
607.5840192043  0.0000000000  0.0000000000  -0.0000466038  -0.0102112868
608.8406562657  0.0000000000  0.0000000000  -0.0000464117  -0.0101902108
610.0972933271  0.0000000000  0.0000000000  -0.0000462207  -0.0101692216
611.3539303886  0.0000000000  0.0000000000  -0.0000460309  -0.0101483188
612.6105674500  0.0000000000  0.0000000000  -0.0000458423  -0.0101275017
613.8672045114  0.0000000000  0.0000000000  -0.0000456548  -0.0101067698
615.1238415729  0.0000000000  0.0000000000  -0.0000454685  -0.0100861226
616.3804786343  0.0000000000  0.0000000000  -0.0000452833  -0.0100655596
617.6371156958  0.0000000000  0.0000000000  -0.0000450993  -0.0100450803
618.8937527572  0.0000000000  0.0000000000  -0.0000449163  -0.0100246842
620.1503898186  0.0000000000  0.0000000000  -0.0000447345  -0.0100043707
621.4070268801  0.0000000000  0.0000000000  -0.0000445538  -0.0099841393
622.6636639415  0.0000000000  0.0000000000  -0.0000443741  -0.0099639897
623.9203010029  0.0000000000  0.0000000000  -0.0000441956  -0.0099439212
625.1769380644  0.0000000000  0.0000000000  -0.0000440181  -0.0099239333
626.4335751258  0.0000000000  0.0000000000  -0.0000438417  -0.0099040257
627.6902121872  0.0000000000  0.0000000000  -0.0000436664  -0.0098841978
628.9468492487  0.0000000000  0.0000000000  0.0000000000  0.0000000000
-627.6902121872  0.0000000000  3.1415926536  0.0000000000  0.0000000000
-626.4335751258  0.0000000000  3.1415926536  0.0000000000  0.0000000000
-625.1769380644  0.0000000000  3.1415926536  0.0000000000  0.0000000000
-623.9203010029  0.0000000000  3.1415926536  0.0000000000  0.0000000000
-622.6636639415  0.0000000000  3.1415926536  0.0000000000  0.0000000000
-621.4070268801  0.0000000000  3.1415926536  0.0000000000  0.0000000000
-620.1503898186  0.0000000000  3.1415926536  0.0000000000  0.0000000000
-618.8937527572  0.0000000000  3.1415926536  0.0000000000  0.0000000000
-617.6371156958  0.0000000000  3.1415926536  0.0000000000  0.0000000000
-616.3804786343  0.0000000000  3.1415926536  0.0000000000  0.0000000000
-615.1238415729  0.0000000000  3.1415926536  0.0000000000  0.0000000000
-613.8672045114  0.0000000000  3.1415926536  0.0000000000  0.0000000000
-612.6105674500  0.0000000000  3.1415926536  0.0000000000  0.0000000000
-611.3539303886  0.0000000000  3.1415926536  0.0000000000  0.0000000000
-610.0972933271  0.0000000000  3.1415926536  0.0000000000  0.0000000000
-608.8406562657  0.0000000000  3.1415926536  0.0000000000  0.0000000000
-607.5840192043  0.0000000000  3.1415926536  0.0000000000  0.0000000000
-606.3273821428  0.0000000000  3.1415926536  0.0000000000  0.0000000000
-605.0707450814  0.0000000000  3.1415926536  0.0000000000  0.0000000000
-603.8141080200  0.0000000000  3.1415926536  0.0000000000  0.0000000000
-602.5574709585  0.0000000000  3.1415926536  0.0000000000  0.0000000000
-601.3008338971  0.0000000000  3.1415926536  0.0000000000  0.0000000000
-600.0441968357  0.0000000000  3.1415926536  0.0000000000  0.0000000000
-598.7875597742  0.0000000000  3.1415926536  0.0000000000  0.0000000000
-597.5309227128  0.0000000000  3.1415926536  0.0000000000  0.0000000000
-596.2742856513  0.0000000000  3.1415926536  0.0000000000  0.0000000000
-595.0176485899  0.0000000000  3.1415926536  0.0000000000  0.0000000000
-593.7610115285  0.0000000000  3.1415926536  0.0000000000  0.0000000000
-592.5043744670  0.0000000000  3.1415926536  0.0000000000  0.0000000000
-591.2477374056  0.0000000000  3.1415926536  0.0000000000  0.0000000000
-589.9911003442  0.0000000000  3.1415926536  0.0000000000  0.0000000000
-588.7344632827  0.0000000000  3.1415926536  0.0000000000  0.0000000000
-587.4778262213  0.0000000000  3.1415926536  0.0000000000  0.0000000000
-586.2211891599  0.0000000000  3.1415926536  0.0000000000  0.0000000000
-584.9645520984  0.0000000000  3.1415926536  0.0000000000  0.0000000000
-583.7079150370  0.0000000000  3.1415926536  0.0000000000  0.0000000000
-582.4512779755  0.0000000000  3.1415926536  0.0000000000  0.0000000000
-581.1946409141  0.0000000000  3.1415926536  0.0000000000  0.0000000000
-579.9380038527  0.0000000000  3.1415926536  0.0000000000  0.0000000000
-578.6813667912  0.0000000000  3.1415926536  0.0000000000  0.0000000000
-577.4247297298  0.0000000000  3.1415926536  0.0000000000  0.0000000000
-576.1680926684  0.0000000000  3.1415926536  0.0000000000  0.0000000000
-574.9114556069  0.0000000000  3.1415926536  0.0000000000  0.0000000000
-573.6548185455  0.0000000000  3.1415926536  0.0000000000  0.0000000000
-572.3981814841  0.0000000000  3.1415926536  0.0000000000  0.0000000000
-571.1415444226  0.0000000000  3.1415926536  0.0000000000  0.0000000000
-569.8849073612  0.0000000000  3.1415926536  0.0000000000  0.0000000000
-568.6282702998  0.0000000000  3.1415926536  0.0000000000  0.0000000000
-567.3716332383  0.0000000000  3.1415926536  0.0000000000  0.0000000000
-566.1149961769  0.0000000000  3.1415926536  0.0000000000  0.0000000000
-564.8583591154  0.0000000000  3.1415926536  0.0000000000  0.0000000000
-563.6017220540  0.0000000000  3.1415926536  0.0000000000  0.0000000000
-562.3450849926  0.0000000000  3.1415926536  0.0000000000  0.0000000000
-561.0884479311  0.0000000000  3.1415926536  0.0000000000  0.0000000000
-559.8318108697  0.0000000000  3.1415926536  0.0000000000  0.0000000000
-558.5751738083  0.0000000000  3.1415926536  0.0000000000  0.0000000000
-557.3185367468  0.0000000000  3.1415926536  0.0000000000  0.0000000000
-556.0618996854  0.0000000000  3.1415926536  0.0000000000  0.0000000000
-554.8052626240  0.0000000000  3.1415926536  0.0000000000  0.0000000000
-553.5486255625  0.0000000000  3.1415926536  0.0000000000  0.0000000000
-552.2919885011  0.0000000000  3.1415926536  0.0000000000  0.0000000000
-551.0353514396  0.0000000000  3.1415926536  0.0000000000  0.0000000000
-549.7787143782  0.0000000000  3.1415926536  0.0000000000  0.0000000000
-548.5220773168  0.0000000000  3.1415926536  0.0000000000  0.0000000000
-547.2654402553  0.0000000000  3.1415926536  0.0000000000  0.0000000000
-546.0088031939  0.0000000000  3.1415926536  0.0000000000  0.0000000000
-544.7521661325  0.0000000000  3.1415926536  0.0000000000  0.0000000000
-543.4955290710  0.0000000000  3.1415926536  0.0000000000  0.0000000000
-542.2388920096  0.0000000000  3.1415926536  0.0000000000  0.0000000000
-540.9822549482  0.0000000000  3.1415926536  0.0000000000  0.0000000000
-539.7256178867  0.0000000000  3.1415926536  0.0000000000  0.0000000000
-538.4689808253  0.0000000000  3.1415926536  0.0000000000  0.0000000000
-537.2123437639  0.0000000000  3.1415926536  0.0000000000  0.0000000000
-535.9557067024  0.0000000000  3.1415926536  0.0000000000  0.0000000000
-534.6990696410  0.0000000000  3.1415926536  0.0000000000  0.0000000000
-533.4424325795  0.0000000000  3.1415926536  0.0000000000  0.0000000000
-532.1857955181  0.0000000000  3.1415926536  0.0000000000  0.0000000000
-530.9291584567  0.0000000000  3.1415926536  0.0000000000  0.0000000000
-529.6725213952  0.0000000000  3.1415926536  0.0000000000  0.0000000000
-528.4158843338  0.0000000000  3.1415926536  0.0000000000  0.0000000000
-527.1592472724  0.0000000000  3.1415926536  0.0000000000  0.0000000000
-525.9026102109  0.0000000000  3.1415926536  0.0000000000  0.0000000000
-524.6459731495  0.0000000000  3.1415926536  0.0000000000  0.0000000000
-523.3893360881  0.0000000000  3.1415926536  0.0000000000  0.0000000000
-522.1326990266  0.0000000000  3.1415926536  0.0000000000  0.0000000000
-520.8760619652  0.0000000000  3.1415926536  0.0000000000  0.0000000000
-519.6194249038  0.0000000000  3.1415926536  0.0000000000  0.0000000000
-518.3627878423  0.0000000000  3.1415926536  0.0000000000  0.0000000000
-517.1061507809  0.0000000000  3.1415926536  0.0000000000  0.0000000000
-515.8495137194  0.0000000000  3.1415926536  0.0000000000  0.0000000000
-514.5928766580  0.0000000000  3.1415926536  0.0000000000  0.0000000000
-513.3362395966  0.0000000000  3.1415926536  0.0000000000  0.0000000000
-512.0796025351  0.0000000000  3.1415926536  0.0000000000  0.0000000000
-510.8229654737  0.0000000000  3.1415926536  0.0000000000  0.0000000000
-509.5663284123  0.0000000000  3.1415926536  0.0000000000  0.0000000000
-508.3096913508  0.0000000000  3.1415926536  0.0000000000  0.0000000000
-507.0530542894  0.0000000000  3.1415926536  0.0000000000  0.0000000000
-505.7964172280  0.0000000000  3.1415926536  0.0000000000  0.0000000000
-504.5397801665  0.0000000000  3.1415926536  0.0000000000  0.0000000000
-503.2831431051  0.0000000000  3.1415926536  0.0000000000  0.0000000000
-502.0265060436  0.0000000000  3.1415926536  0.0000000000  0.0000000000
-500.7698689822  0.0000000000  3.1415926536  0.0000000000  0.0000000000
-499.5132319208  0.0000000000  3.1415926536  0.0000000000  0.0000000000
-498.2565948593  0.0000000000  3.1415926536  0.0000000000  0.0000000000
-496.9999577979  0.0000000000  3.1415926536  0.0000000000  0.0000000000
-495.7433207365  0.0000000000  3.1415926536  0.0000000000  0.0000000000
-494.4866836750  0.0000000000  3.1415926536  0.0000000000  0.0000000000
-493.2300466136  0.0000000000  3.1415926536  0.0000000000  0.0000000000
-491.9734095522  0.0000000000  3.1415926536  0.0000000000  0.0000000000
-490.7167724907  0.0000000000  3.1415926536  0.0000000000  0.0000000000
-489.4601354293  0.0000000000  3.1415926536  0.0000000000  0.0000000000
-488.2034983679  0.0000000000  3.1415926536  0.0000000000  0.0000000000
-486.9468613064  0.0000000000  3.1415926536  0.0000000000  0.0000000000
-485.6902242450  0.0000000000  3.1415926536  0.0000000000  0.0000000000
-484.4335871835  0.0000000000  3.1415926536  0.0000000000  0.0000000000
-483.1769501221  0.0000000000  3.1415926536  0.0000000000  0.0000000000
-481.9203130607  0.0000000000  3.1415926536  0.0000000000  0.0000000000
-480.6636759992  0.0000000000  3.1415926536  0.0000000000  0.0000000000
-479.4070389378  0.0000000000  3.1415926536  0.0000000000  0.0000000000
-478.1504018764  0.0000000000  3.1415926536  0.0000000000  0.0000000000
-476.8937648149  0.0000000000  3.1415926536  0.0000000000  0.0000000000
-475.6371277535  0.0000000000  3.1415926536  0.0000000000  0.0000000000
-474.3804906921  0.0000000000  3.1415926536  0.0000000000  0.0000000000
-473.1238536306  0.0000000000  3.1415926536  0.0000000000  0.0000000000
-471.8672165692  0.0000000000  3.1415926536  0.0000000000  0.0000000000
-470.6105795078  0.0000000000  3.1415926536  0.0000000000  0.0000000000
-469.3539424463  0.0000000000  3.1415926536  0.0000000000  0.0000000000
-468.0973053849  0.0000000000  3.1415926536  0.0000000000  0.0000000000
-466.8406683234  0.0000000000  3.1415926536  0.0000000000  0.0000000000
-465.5840312620  0.0000000000  3.1415926536  0.0000000000  0.0000000000
-464.3273942006  0.0000000000  3.1415926536  0.0000000000  0.0000000000
-463.0707571391  0.0000000000  3.1415926536  0.0000000000  0.0000000000
-461.8141200777  0.0000000000  3.1415926536  0.0000000000  0.0000000000
-460.5574830163  0.0000000000  3.1415926536  0.0000000000  0.0000000000
-459.3008459548  0.0000000000  3.1415926536  0.0000000000  0.0000000000
-458.0442088934  0.0000000000  3.1415926536  0.0000000000  0.0000000000
-456.7875718320  0.0000000000  3.1415926536  0.0000000000  0.0000000000
-455.5309347705  0.0000000000  3.1415926536  0.0000000000  0.0000000000
-454.2742977091  0.0000000000  3.1415926536  0.0000000000  0.0000000000
-453.0176606476  0.0000000000  3.1415926536  0.0000000000  0.0000000000
-451.7610235862  0.0000000000  3.1415926536  0.0000000000  0.0000000000
-450.5043865248  0.0000000000  3.1415926536  0.0000000000  0.0000000000
-449.2477494633  0.0000000000  3.1415926536  0.0000000000  0.0000000000
-447.9911124019  0.0000000000  3.1415926536  0.0000000000  0.0000000000
-446.7344753405  0.0000000000  3.1415926536  0.0000000000  0.0000000000
-445.4778382790  0.0000000000  3.1415926536  0.0000000000  0.0000000000
-444.2212012176  0.0000000000  3.1415926536  0.0000000000  0.0000000000
-442.9645641562  0.0000000000  3.1415926536  0.0000000000  0.0000000000
-441.7079270947  0.0000000000  3.1415926536  0.0000000000  0.0000000000
-440.4512900333  0.0000000000  3.1415926536  0.0000000000  0.0000000000
-439.1946529719  0.0000000000  3.1415926536  0.0000000000  0.0000000000
-437.9380159104  0.0000000000  3.1415926536  0.0000000000  0.0000000000
-436.6813788490  0.0000000000  3.1415926536  0.0000000000  0.0000000000
-435.4247417875  0.0000000000  3.1415926536  0.0000000000  0.0000000000
-434.1681047261  0.0000000000  3.1415926536  0.0000000000  0.0000000000
-432.9114676647  0.0000000000  3.1415926536  0.0000000000  0.0000000000
-431.6548306032  0.0000000000  3.1415926536  0.0000000000  0.0000000000
-430.3981935418  0.0000000000  3.1415926536  0.0000000000  0.0000000000
-429.1415564804  0.0000000000  3.1415926536  0.0000000000  0.0000000000
-427.8849194189  0.0000000000  3.1415926536  0.0000000000  0.0000000000
-426.6282823575  0.0000000000  3.1415926536  0.0000000000  0.0000000000
-425.3716452961  0.0000000000  3.1415926536  0.0000000000  0.0000000000
-424.1150082346  0.0000000000  3.1415926536  0.0000000000  0.0000000000
-422.8583711732  0.0000000000  3.1415926536  0.0000000000  0.0000000000
-421.6017341118  0.0000000000  3.1415926536  0.0000000000  0.0000000000
-420.3450970503  0.0000000000  3.1415926536  0.0000000000  0.0000000000
-419.0884599889  0.0000000000  3.1415926536  0.0000000000  0.0000000000
-417.8318229274  0.0000000000  3.1415926536  0.0000000000  0.0000000000
-416.5751858660  0.0000000000  3.1415926536  0.0000000000  0.0000000000
-415.3185488046  0.0000000000  3.1415926536  0.0000000000  0.0000000000
-414.0619117431  0.0000000000  3.1415926536  0.0000000000  0.0000000000
-412.8052746817  0.0000000000  3.1415926536  0.0000000000  0.0000000000
-411.5486376203  0.0000000000  3.1415926536  0.0000000000  0.0000000000
-410.2920005588  0.0000000000  3.1415926536  0.0000000000  0.0000000000
-409.0353634974  0.0000000000  3.1415926536  0.0000000000  0.0000000000
-407.7787264360  0.0000000000  3.1415926536  0.0000000000  0.0000000000
-406.5220893745  0.0000000000  3.1415926536  0.0000000000  0.0000000000
-405.2654523131  0.0000000000  3.1415926536  0.0000000000  0.0000000000
-404.0088152516  0.0000000000  3.1415926536  0.0000000000  0.0000000000
-402.7521781902  0.0000000000  3.1415926536  0.0000000000  0.0000000000
-401.4955411288  0.0000000000  3.1415926536  0.0000000000  0.0000000000
-400.2389040673  0.0000000000  3.1415926536  0.0000000000  0.0000000000
-398.9822670059  0.0000000000  3.1415926536  0.0000000000  0.0000000000
-397.7256299445  0.0000000000  3.1415926536  0.0000000000  0.0000000000
-396.4689928830  0.0000000000  3.1415926536  0.0000000000  0.0000000000
-395.2123558216  0.0000000000  3.1415926536  0.0000000000  0.0000000000
-393.9557187602  0.0000000000  3.1415926536  0.0000000000  0.0000000000
-392.6990816987  0.0000000000  3.1415926536  0.0000000000  0.0000000000
-391.4424446373  0.0000000000  3.1415926536  0.0000000000  0.0000000000
-390.1858075759  0.0000000000  3.1415926536  0.0000000000  0.0000000000
-388.9291705144  0.0000000000  3.1415926536  0.0000000000  0.0000000000
-387.6725334530  0.0000000000  3.1415926536  0.0000000000  0.0000000000
-386.4158963915  0.0000000000  3.1415926536  0.0000000000  0.0000000000
-385.1592593301  0.0000000000  3.1415926536  0.0000000000  0.0000000000
-383.9026222687  0.0000000000  3.1415926536  0.0000000000  0.0000000000
-382.6459852072  0.0000000000  3.1415926536  0.0000000000  0.0000000000
-381.3893481458  0.0000000000  3.1415926536  0.0000000000  0.0000000000
-380.1327110844  0.0000000000  3.1415926536  0.0000000000  0.0000000000
-378.8760740229  0.0000000000  3.1415926536  0.0000000000  0.0000000000
-377.6194369615  0.0000000000  3.1415926536  0.0000000000  0.0000000000
-376.3627999001  0.0000000000  3.1415926536  0.0000000000  0.0000000000
-375.1061628386  0.0000000000  3.1415926536  0.0000000000  0.0000000000
-373.8495257772  0.0000000000  3.1415926536  0.0000000000  0.0000000000
-372.5928887157  0.0000000000  3.1415926536  0.0000000000  0.0000000000
-371.3362516543  0.0000000000  3.1415926536  0.0000000000  0.0000000000
-370.0796145929  0.0000000000  3.1415926536  0.0000000000  0.0000000000
-368.8229775314  0.0000000000  3.1415926536  0.0000000000  0.0000000000
-367.5663404700  0.0000000000  3.1415926536  0.0000000000  0.0000000000
-366.3097034086  0.0000000000  3.1415926536  0.0000000000  0.0000000000
-365.0530663471  0.0000000000  3.1415926536  0.0000000000  0.0000000000
-363.7964292857  0.0000000000  3.1415926536  0.0000000000  0.0000000000
-362.5397922243  0.0000000000  3.1415926536  0.0000000000  0.0000000000
-361.2831551628  0.0000000000  3.1415926536  0.0000000000  0.0000000000
-360.0265181014  0.0000000000  3.1415926536  0.0000000000  0.0000000000
-358.7698810400  0.0000000000  3.1415926536  0.0000000000  0.0000000000
-357.5132439785  0.0000000000  3.1415926536  0.0000000000  0.0000000000
-356.2566069171  0.0000000000  3.1415926536  0.0000000000  0.0000000000
-354.9999698556  0.0000000000  3.1415926536  0.0000000000  0.0000000000
-353.7433327942  0.0000000000  3.1415926536  0.0000000000  0.0000000000
-352.4866957328  0.0000000000  3.1415926536  0.0000000000  0.0000000000
-351.2300586713  0.0000000000  3.1415926536  0.0000000000  0.0000000000
-349.9734216099  0.0000000000  3.1415926536  0.0000000000  0.0000000000
-348.7167845485  0.0000000000  3.1415926536  0.0000000000  0.0000000000
-347.4601474870  0.0000000000  3.1415926536  0.0000000000  0.0000000000
-346.2035104256  0.0000000000  3.1415926536  0.0000000000  0.0000000000
-344.9468733642  0.0000000000  3.1415926536  0.0000000000  0.0000000000
-343.6902363027  0.0000000000  3.1415926536  0.0000000000  0.0000000000
-342.4335992413  0.0000000000  3.1415926536  0.0000000000  0.0000000000
-341.1769621799  0.0000000000  3.1415926536  0.0000000000  0.0000000000
-339.9203251184  0.0000000000  3.1415926536  0.0000000000  0.0000000000
-338.6636880570  0.0000000000  3.1415926536  0.0000000000  0.0000000000
-337.4070509955  0.0000000000  3.1415926536  0.0000000000  0.0000000000
-336.1504139341  0.0000000000  3.1415926536  0.0000000000  0.0000000000
-334.8937768727  0.0000000000  3.1415926536  0.0000000000  0.0000000000
-333.6371398112  0.0000000000  3.1415926536  0.0000000000  0.0000000000
-332.3805027498  0.0000000000  3.1415926536  0.0000000000  0.0000000000
-331.1238656884  0.0000000000  3.1415926536  0.0000000000  0.0000000000
-329.8672286269  0.0000000000  3.1415926536  0.0000000000  0.0000000000
-328.6105915655  0.0000000000  3.1415926536  0.0000000000  0.0000000000
-327.3539545041  0.0000000000  3.1415926536  0.0000000000  0.0000000000
-326.0973174426  0.0000000000  3.1415926536  0.0000000000  0.0000000000
-324.8406803812  0.0000000000  3.1415926536  0.0000000000  0.0000000000
-323.5840433197  0.0000000000  3.1415926536  0.0000000000  0.0000000000
-322.3274062583  0.0000000000  3.1415926536  0.0000000000  0.0000000000
-321.0707691969  0.0000000000  3.1415926536  0.0000000000  0.0000000000
-319.8141321354  0.0000000000  3.1415926536  0.0000000000  0.0000000000
-318.5574950740  0.0000000000  3.1415926536  0.0000000000  0.0000000000
-317.3008580126  0.0000000000  3.1415926536  0.0000000000  0.0000000000
-316.0442209511  0.0000000000  3.1415926536  0.0000000000  0.0000000000
-314.7875838897  0.0000000000  3.1415926536  0.0000000000  0.0000000000
-313.5309468283  0.0000000000  3.1415926536  0.0000000000  0.0000000000
-312.2743097668  0.0000000000  3.1415926536  0.0000000000  0.0000000000
-311.0176727054  0.0000000000  3.1415926536  0.0000000000  0.0000000000
-309.7610356440  0.0000000000  3.1415926536  0.0000000000  0.0000000000
-308.5043985825  0.0000000000  3.1415926536  0.0000000000  0.0000000000
-307.2477615211  0.0000000000  3.1415926536  0.0000000000  0.0000000000
-305.9911244596  0.0000000000  3.1415926536  0.0000000000  0.0000000000
-304.7344873982  0.0000000000  3.1415926536  0.0000000000  0.0000000000
-303.4778503368  0.0000000000  3.1415926536  0.0000000000  0.0000000000
-302.2212132753  0.0000000000  3.1415926536  0.0000000000  0.0000000000
-300.9645762139  0.0000000000  3.1415926536  0.0000000000  0.0000000000
-299.7079391525  0.0000000000  3.1415926536  0.0000000000  0.0000000000
-298.4513020910  0.0000000000  3.1415926536  0.0000000000  0.0000000000
-297.1946650296  0.0000000000  3.1415926536  0.0000000000  0.0000000000
-295.9380279682  0.0000000000  3.1415926536  0.0000000000  0.0000000000
-294.6813909067  0.0000000000  3.1415926536  0.0000000000  0.0000000000
-293.4247538453  0.0000000000  3.1415926536  0.0000000000  0.0000000000
-292.1681167839  0.0000000000  3.1415926536  0.0000000000  0.0000000000
-290.9114797224  0.0000000000  3.1415926536  0.0000000000  0.0000000000
-289.6548426610  0.0000000000  3.1415926536  0.0000000000  0.0000000000
-288.3982055995  0.0000000000  3.1415926536  0.0000000000  0.0000000000
-287.1415685381  0.0000000000  3.1415926536  0.0000000000  0.0000000000
-285.8849314767  0.0000000000  3.1415926536  0.0000000000  0.0000000000
-284.6282944152  0.0000000000  3.1415926536  0.0000000000  0.0000000000
-283.3716573538  0.0000000000  3.1415926536  0.0000000000  0.0000000000
-282.1150202924  0.0000000000  3.1415926536  0.0000000000  0.0000000000
-280.8583832309  0.0000000000  3.1415926536  0.0000000000  0.0000000000
-279.6017461695  0.0000000000  3.1415926536  0.0000000000  0.0000000000
-278.3451091081  0.0000000000  3.1415926536  0.0000000000  0.0000000000
-277.0884720466  0.0000000000  3.1415926536  0.0000000000  0.0000000000
-275.8318349852  0.0000000000  3.1415926536  0.0000000000  0.0000000000
-274.5751979237  0.0000000000  3.1415926536  0.0000000000  0.0000000000
-273.3185608623  0.0000000000  3.1415926536  0.0000000000  0.0000000000
-272.0619238009  0.0000000000  3.1415926536  0.0000000000  0.0000000000
-270.8052867394  0.0000000000  3.1415926536  0.0000000000  0.0000000000
-269.5486496780  0.0000000000  3.1415926536  0.0000000000  0.0000000000
-268.2920126166  0.0000000000  3.1415926536  0.0000000000  0.0000000000
-267.0353755551  0.0000000000  3.1415926536  0.0000000000  0.0000000000
-265.7787384937  0.0000000000  3.1415926536  0.0000000000  0.0000000000
-264.5221014323  0.0000000000  3.1415926536  0.0000000000  0.0000000000
-263.2654643708  0.0000000000  3.1415926536  0.0000000000  0.0000000000
-262.0088273094  0.0000000000  3.1415926536  0.0000000000  0.0000000000
-260.7521902480  0.0000000000  3.1415926536  0.0000000000  0.0000000000
-259.4955531865  0.0000000000  3.1415926536  0.0000000000  0.0000000000
-258.2389161251  0.0000000000  3.1415926536  0.0000000000  0.0000000000
-256.9822790636  0.0000000000  3.1415926536  0.0000000000  0.0000000000
-255.7256420022  0.0000000000  3.1415926536  0.0000000000  0.0000000000
-254.4690049408  0.0000000000  3.1415926536  0.0000000000  0.0000000000
-253.2123678793  0.0000000000  3.1415926536  0.0000000000  0.0000000000
-251.9557308179  0.0000000000  3.1415926536  0.0000000000  0.0000000000
-250.6990937565  0.0000000000  3.1415926536  0.0000000000  0.0000000000
-249.4424566950  0.0000000000  3.1415926536  0.0000000000  0.0000000000
-248.1858196336  0.0000000000  3.1415926536  0.0000000000  0.0000000000
-246.9291825722  0.0000000000  3.1415926536  0.0000000000  0.0000000000
-245.6725455107  0.0000000000  3.1415926536  0.0000000000  0.0000000000
-244.4159084493  0.0000000000  3.1415926536  0.0000000000  0.0000000000
-243.1592713878  0.0000000000  3.1415926536  0.0000000000  0.0000000000
-241.9026343264  0.0000000000  3.1415926536  0.0000000000  0.0000000000
-240.6459972650  0.0000000000  3.1415926536  0.0000000000  0.0000000000
-239.3893602035  0.0000000000  3.1415926536  0.0000000000  0.0000000000
-238.1327231421  0.0000000000  3.1415926536  0.0000000000  0.0000000000
-236.8760860807  0.0000000000  3.1415926536  0.0000000000  0.0000000000
-235.6194490192  0.0000000000  3.1415926536  0.0000000000  0.0000000000
-234.3628119578  0.0000000000  3.1415926536  0.0000000000  0.0000000000
-233.1061748964  0.0000000000  3.1415926536  0.0000000000  0.0000000000
-231.8495378349  0.0000000000  3.1415926536  0.0000000000  0.0000000000
-230.5929007735  0.0000000000  3.1415926536  0.0000000000  0.0000000000
-229.3362637121  0.0000000000  3.1415926536  0.0000000000  0.0000000000
-228.0796266506  0.0000000000  3.1415926536  0.0000000000  0.0000000000
-226.8229895892  0.0000000000  3.1415926536  0.0000000000  0.0000000000
-225.5663525277  0.0000000000  3.1415926536  0.0000000000  0.0000000000
-224.3097154663  0.0000000000  3.1415926536  0.0000000000  0.0000000000
-223.0530784049  0.0000000000  3.1415926536  0.0000000000  0.0000000000
-221.7964413434  0.0000000000  3.1415926536  0.0000000000  0.0000000000
-220.5398042820  0.0000000000  3.1415926536  0.0000000000  0.0000000000
-219.2831672206  0.0000000000  3.1415926536  0.0000000000  0.0000000000
-218.0265301591  0.0000000000  3.1415926536  0.0000000000  0.0000000000
-216.7698930977  0.0000000000  3.1415926536  0.0000000000  0.0000000000
-215.5132560363  0.0000000000  3.1415926536  0.0000000000  0.0000000000
-214.2566189748  0.0000000000  3.1415926536  0.0000000000  0.0000000000
-212.9999819134  0.0000000000  3.1415926536  0.0000000000  0.0000000000
-211.7433448520  0.0000000000  3.1415926536  0.0000000000  0.0000000000
-210.4867077905  0.0000000000  3.1415926536  0.0000000000  0.0000000000
-209.2300707291  0.0000000000  3.1415926536  0.0000000000  0.0000000000
-207.9734336676  0.0000000000  3.1415926536  0.0000000000  0.0000000000
-206.7167966062  0.0000000000  3.1415926536  0.0000000000  0.0000000000
-205.4601595448  0.0000000000  3.1415926536  0.0000000000  0.0000000000
-204.2035224833  0.0000000000  3.1415926536  0.0000000000  0.0000000000
-202.9468854219  0.0000000000  3.1415926536  0.0000000000  0.0000000000
-201.6902483605  0.0000000000  3.1415926536  0.0000000000  0.0000000000
-200.4336112990  0.0000000000  3.1415926536  0.0000000000  0.0000000000
-199.1769742376  0.0000000000  3.1415926536  0.0000000000  0.0000000000
-197.9203371762  0.0000000000  3.1415926536  0.0000000000  0.0000000000
-196.6637001147  0.0000000000  3.1415926536  0.0000000000  0.0000000000
-195.4070630533  0.0000000000  3.1415926536  0.0000000000  0.0000000000
-194.1504259918  0.0000000000  3.1415926536  0.0000000000  0.0000000000
-192.8937889304  0.0000000000  3.1415926536  0.0000000000  0.0000000000
-191.6371518690  0.0000000000  3.1415926536  0.0000000000  0.0000000000
-190.3805148075  0.0000000000  3.1415926536  0.0000000000  0.0000000000
-189.1238777461  0.0000000000  3.1415926536  0.0000000000  0.0000000000
-187.8672406847  0.0000000000  3.1415926536  0.0000000000  0.0000000000
-186.6106036232  0.0000000000  3.1415926536  0.0000000000  0.0000000000
-185.3539665618  0.0000000000  3.1415926536  0.0000000000  0.0000000000
-184.0973295004  0.0000000000  3.1415926536  0.0000000000  0.0000000000
-182.8406924389  0.0000000000  3.1415926536  0.0000000000  0.0000000000
-181.5840553775  0.0000000000  3.1415926536  0.0000000000  0.0000000000
-180.3274183161  0.0000000000  3.1415926536  0.0000000000  0.0000000000
-179.0707812546  0.0000000000  3.1415926536  0.0000000000  0.0000000000
-177.8141441932  0.0000000000  3.1415926536  0.0000000000  0.0000000000
-176.5575071317  0.0000000000  3.1415926536  0.0000000000  0.0000000000
-175.3008700703  0.0000000000  3.1415926536  0.0000000000  0.0000000000
-174.0442330089  0.0000000000  3.1415926536  0.0000000000  0.0000000000
-172.7875959474  0.0000000000  3.1415926536  0.0000000000  0.0000000000
-171.5309588860  0.0000000000  3.1415926536  0.0000000000  0.0000000000
-170.2743218246  0.0000000000  3.1415926536  0.0000000000  0.0000000000
-169.0176847631  0.0000000000  3.1415926536  0.0000000000  0.0000000000
-167.7610477017  0.0000000000  3.1415926536  0.0000000000  0.0000000000
-166.5044106403  0.0000000000  3.1415926536  0.0000000000  0.0000000000
-165.2477735788  0.0000000000  3.1415926536  0.0000000000  0.0000000000
-163.9911365174  0.0000000000  3.1415926536  0.0000000000  0.0000000000
-162.7344994560  0.0000000000  3.1415926536  0.0000000000  0.0000000000
-161.4778623945  0.0000000000  3.1415926536  0.0000000000  0.0000000000
-160.2212253331  0.0000000000  3.1415926536  0.0000000000  0.0000000000
-158.9645882716  0.0000000000  3.1415926536  0.0000000000  0.0000000000
-157.7079512102  0.0000000000  3.1415926536  0.0000000000  0.0000000000
-156.4513141488  0.0000000000  3.1415926536  0.0000000000  0.0000000000
-155.1946770873  0.0000000000  3.1415926536  0.0000000000  0.0000000000
-153.9380400259  0.0000000000  3.1415926536  0.0000000000  0.0000000000
-152.6814029645  0.0000000000  3.1415926536  0.0000000000  0.0000000000
-151.4247659030  0.0000000000  3.1415926536  0.0000000000  0.0000000000
-150.1681288416  0.0000000000  3.1415926536  0.0000000000  0.0000000000
-148.9114917802  0.0000000000  3.1415926536  0.0000000000  0.0000000000
-147.6548547187  0.0000000000  3.1415926536  0.0000000000  0.0000000000
-146.3982176573  0.0000000000  3.1415926536  0.0000000000  0.0000000000
-145.1415805958  0.0000000000  3.1415926536  0.0000000000  0.0000000000
-143.8849435344  0.0000000000  3.1415926536  0.0000000000  0.0000000000
-142.6283064730  0.0000000000  3.1415926536  0.0000000000  0.0000000000
-141.3716694115  0.0000000000  3.1415926536  0.0000000000  0.0000000000
-140.1150323501  0.0000000000  3.1415926536  0.0000000000  0.0000000000
-138.8583952887  0.0000000000  3.1415926536  0.0000000000  0.0000000000
-137.6017582272  0.0000000000  3.1415926536  0.0000000000  0.0000000000
-136.3451211658  0.0000000000  3.1415926536  0.0000000000  0.0000000000
-135.0884841044  0.0000000000  3.1415926536  0.0000000000  0.0000000000
-133.8318470429  0.0000000000  3.1415926536  0.0000000000  0.0000000000
-132.5752099815  0.0000000000  3.1415926536  0.0000000000  0.0000000000
-131.3185729201  0.0000000000  3.1415926536  0.0000000000  0.0000000000
-130.0619358586  0.0000000000  3.1415926536  0.0000000000  0.0000000000
-128.8052987972  0.0000000000  3.1415926536  0.0000000000  0.0000000000
-127.5486617357  0.0000000000  3.1415926536  0.0000000000  0.0000000000
-126.2920246743  0.0000000000  3.1415926536  0.0000000000  0.0000000000
-125.0353876129  0.0000000000  3.1415926536  0.0000000000  0.0000000000
-123.7787505514  0.0000000000  3.1415926536  0.0000000000  0.0000000000
-122.5221134900  0.0000000000  3.1415926536  0.0000000000  0.0000000000
-121.2654764286  0.0000000000  3.1415926536  0.0000000000  0.0000000000
-120.0088393671  0.0000000000  3.1415926536  0.0000000000  0.0000000000
-118.7522023057  0.0000000000  3.1415926536  0.0000000000  0.0000000000
-117.4955652443  0.0000000000  3.1415926536  0.0000000000  0.0000000000
-116.2389281828  0.0000000000  3.1415926536  0.0000000000  0.0000000000
-114.9822911214  0.0000000000  3.1415926536  0.0000000000  0.0000000000
-113.7256540600  0.0000000000  3.1415926536  0.0000000000  0.0000000000
-112.4690169985  0.0000000000  3.1415926536  0.0000000000  0.0000000000
-111.2123799371  0.0000000000  3.1415926536  0.0000000000  0.0000000000
-109.9557428756  0.0000000000  3.1415926536  0.0000000000  0.0000000000
-108.6991058142  0.0000000000  3.1415926536  0.0000000000  0.0000000000
-107.4424687528  0.0000000000  3.1415926536  0.0000000000  0.0000000000
-106.1858316913  0.0000000000  3.1415926536  0.0000000000  0.0000000000
-104.9291946299  0.0000000000  3.1415926536  0.0000000000  0.0000000000
-103.6725575685  0.0000000000  3.1415926536  0.0000000000  0.0000000000
-102.4159205070  0.0000000000  3.1415926536  0.0000000000  0.0000000000
-101.1592834456  0.0000000000  3.1415926536  0.0000000000  0.0000000000
-99.9026463842  0.0000000000  3.1415926536  0.0000000000  0.0000000000
-98.6460093227  0.0000000000  3.1415926536  0.0000000000  0.0000000000
-97.3893722613  0.0000000000  3.1415926536  0.0000000000  0.0000000000
-96.1327351998  0.0000000000  3.1415926536  0.0000000000  0.0000000000
-94.8760981384  0.0000000000  3.1415926536  0.0000000000  0.0000000000
-93.6194610770  0.0000000000  3.1415926536  0.0000000000  0.0000000000
-92.3628240155  0.0000000000  3.1415926536  0.0000000000  0.0000000000
-91.1061869541  0.0000000000  3.1415926536  0.0000000000  0.0000000000
-89.8495498927  0.0000000000  3.1415926536  0.0000000000  0.0000000000
-88.5929128312  0.0000000000  3.1415926536  0.0000000000  0.0000000000
-87.3362757698  0.0000000000  3.1415926536  0.0000000000  0.0000000000
-86.0796387084  0.0000000000  3.1415926536  0.0000000000  0.0000000000
-84.8230016469  0.0000000000  3.1415926536  0.0000000000  0.0000000000
-83.5663645855  0.0000000000  3.1415926536  0.0000000000  0.0000000000
-82.3097275241  0.0000000000  3.1415926536  0.0000000000  0.0000000000
-81.0530904626  0.0000000000  3.1415926536  0.0000000000  0.0000000000
-79.7964534012  0.0000000000  3.1415926536  0.0000000000  0.0000000000
-78.5398163397  0.0000000000  3.1415926536  0.0000000000  0.0000000000
-77.2831792783  0.0000000000  3.1415926536  0.0000000000  0.0000000000
-76.0265422169  0.0000000000  3.1415926536  0.0000000000  0.0000000000
-74.7699051554  0.0000000000  3.1415926536  0.0000000000  0.0000000000
-73.5132680940  0.0000000000  3.1415926536  0.0000000000  0.0000000000
-72.2566310326  0.0000000000  3.1415926536  0.0000000000  0.0000000000
-70.9999939711  0.0000000000  3.1415926536  0.0000000000  0.0000000000
-69.7433569097  0.0000000000  3.1415926536  0.0000000000  0.0000000000
-68.4867198483  0.0000000000  3.1415926536  0.0000000000  0.0000000000
-67.2300827868  0.0000000000  3.1415926536  0.0000000000  0.0000000000
-65.9734457254  0.0000000000  3.1415926536  0.0000000000  0.0000000000
-64.7168086639  0.0000000000  3.1415926536  0.0000000000  0.0000000000
-63.4601716025  0.0000000000  3.1415926536  0.0000000000  0.0000000000
-62.2035345411  0.0000000000  3.1415926536  0.0000000000  0.0000000000
-60.9468974796  0.0000000000  3.1415926536  0.0000000000  0.0000000000
-59.6902604182  0.0000000000  3.1415926536  0.0000000000  0.0000000000
-58.4336233568  0.0000000000  3.1415926536  0.0000000000  0.0000000000
-57.1769862953  0.0000000000  3.1415926536  0.0000000000  0.0000000000
-55.9203492339  0.0000000000  3.1415926536  0.0000000000  0.0000000000
-54.6637121725  0.0000000000  3.1415926536  0.0000000000  0.0000000000
-53.4070751110  0.0000000000  3.1415926536  0.0000000000  0.0000000000
-52.1504380496  0.0000000000  3.1415926536  0.0000000000  0.0000000000
-50.8938009882  0.0000000000  3.1415926536  0.0000000000  0.0000000000
-49.6371639267  0.0000000000  3.1415926536  0.0000000000  0.0000000000
-48.3805268653  0.0000000000  3.1415926536  0.0000000000  0.0000000000
-47.1238898038  0.0000000000  3.1415926536  0.0000000000  0.0000000000
-45.8672527424  0.0000000000  3.1415926536  0.0000000000  0.0000000000
-44.6106156810  0.0000000000  3.1415926536  0.0000000000  0.0000000000
-43.3539786195  0.0000000000  3.1415926536  0.0000000000  0.0000000000
-42.0973415581  0.0000000000  3.1415926536  0.0000000000  0.0000000000
-40.8407044967  0.0000000000  3.1415926536  0.0000000000  0.0000000000
-39.5840674352  0.0000000000  3.1415926536  0.0000000000  0.0000000000
-38.3274303738  0.0000000000  3.1415926536  0.0000000000  0.0000000000
-37.0707933124  0.0000000000  3.1415926536  0.0000000000  0.0000000000
-35.8141562509  0.0000000000  3.1415926536  0.0000000000  0.0000000000
-34.5575191895  0.0000000000  3.1415926536  0.0000000000  0.0000000000
-33.3008821281  0.0000000000  3.1415926536  0.0000000000  0.0000000000
-32.0442450666  0.0000000000  3.1415926536  0.0000000000  0.0000000000
-30.7876080052  0.0000000000  3.1415926536  0.0000000000  0.0000000000
-29.5309709437  0.0000000000  3.1415926536  0.0000000000  0.0000000000
-28.2743338823  0.0000000000  3.1415926536  0.0000000000  0.0000000000
-27.0176968209  0.0000000000  3.1415926536  0.0000000000  0.0000000000
-25.7610597594  0.0000000000  3.1415926536  0.0000000000  0.0000000000
-24.5044226980  0.0000000000  3.1415926536  0.0000000000  0.0000000000
-23.2477856366  0.0000000000  3.1415926536  0.0000000000  0.0000000000
-21.9911485751  0.0000000000  3.1415926536  0.0000000000  0.0000000000
-20.7345115137  0.0000000000  3.1415926536  0.0000000000  0.0000000000
-19.4778744523  0.0000000000  3.1415926536  0.0000000000  0.0000000000
-18.2212373908  0.0000000000  3.1415926536  0.0000000000  0.0000000000
-16.9646003294  0.0000000000  3.1415926536  0.0000000000  0.0000000000
-15.7079632679  0.0000000000  3.1415926536  0.0000000000  0.0000000000
-14.4513262065  0.0000000000  3.1415926536  0.0000000000  0.0000000000
-13.1946891451  0.0000000000  3.1415926536  0.0000000000  0.0000000000
-11.9380520836  0.0000000000  3.1415926536  0.0000000000  0.0000000000
-10.6814150222  0.0000000000  3.1415926536  0.0000000000  0.0000000000
-9.4247779608  0.0000000000  3.1415926536  0.0000000000  0.0000000000
-8.1681408993  0.0000000000  3.1415926536  0.0000000000  0.0000000000
-6.9115038379  0.0000000000  3.1415926536  0.0000000000  0.0000000000
-5.6548667765  0.0000000000  3.1415926536  0.0000000000  0.0000000000
-4.3982297150  0.0000000000  3.1415926536  0.0000000000  0.0000000000
-3.1415926536  0.0000000000  3.1415926536  0.0000000000  0.0000000000
-1.8849555922  0.0000000000  3.1415926536  0.0000000000  -0.0000004357
-0.6283185307  0.0000000000  3.1415926536  -0.0000018318  0.0000000000
0.6283185307  0.0000000000  3.1415926536  -0.0000000000  -3.4563882781
1.8849555922  0.0000000000  3.1415926536  0.0000000000  -1.3793366371
3.1415926536  0.0000000000  3.1415926536  0.0000000000  -1.0992762763
4.3982297150  0.0000000000  3.1415926536  0.0000000000  -0.9480603327
5.6548667765  0.0000000000  3.1415926536  0.0000000000  -0.8296272141
6.9115038379  0.0000000000  3.1415926536  -0.0000034126  -0.7374989333
8.1681408993  0.0000000000  3.1415926536  -0.0000000000  -0.6584751449
9.4247779608  0.0000000000  3.1415926536  -0.0000013201  -0.5910576230
10.6814150222  0.0000000000  3.1415926536  -0.0000000000  -0.5342684913
11.9380520836  0.0000000000  3.1415926536  0.0000021695  -0.4864797594
13.1946891451  0.0000000000  3.1415926536  0.0000023427  -0.4460023791
14.4513262065  0.0000000000  3.1415926536  0.0000000000  -0.4113986796
15.7079632679  0.0000000000  3.1415926536  -0.0000039177  -0.3815323841
16.9646003294  0.0000000000  3.1415926536  -0.0000082129  -0.3555245815
18.2212373908  0.0000000000  3.1415926536  -0.0000119987  -0.3326947298
19.4778744523  0.0000000000  3.1415926536  -0.0000148002  -0.3125106367
20.7345115137  0.0000000000  3.1415926536  -0.0000164671  -0.2945508882
21.9911485751  0.0000000000  3.1415926536  -0.0000170505  -0.2784776231
23.2477856366  0.0000000000  3.1415926536  -0.0000167041  -0.2640168691
24.5044226980  0.0000000000  3.1415926536  -0.0000156172  -0.2509441954
25.7610597594  0.0000000000  3.1415926536  -0.0000139775  -0.2390740896
27.0176968209  0.0000000000  3.1415926536  -0.0000119520  -0.2282519674
28.2743338823  0.0000000000  3.1415926536  -0.0000096805  -0.2183480747
29.5309709437  0.0000000000  3.1415926536  -0.0000072741  -0.2092527737
30.7876080052  0.0000000000  3.1415926536  -0.0000048189  -0.2008728557
32.0442450666  0.0000000000  3.1415926536  -0.0000023788  -0.1931286285
33.3008821281  0.0000000000  3.1415926536  -0.0000000000  -0.1859515949
34.5575191895  0.0000000000  3.1415926536  0.0000022855  -0.1792825874
35.8141562509  0.0000000000  3.1415926536  0.0000044568  -0.1730702583
37.0707933124  0.0000000000  3.1415926536  0.0000065010  -0.1672698500
38.3274303738  0.0000000000  3.1415926536  0.0000084118  -0.1618421865
39.5840674352  0.0000000000  3.1415926536  0.0000101873  -0.1567528425
40.8407044967  0.0000000000  3.1415926536  0.0000118288  -0.1519714538
42.0973415581  0.0000000000  3.1415926536  0.0000133401  -0.1474711439
43.3539786195  0.0000000000  3.1415926536  0.0000147264  -0.1432280425
44.6106156810  0.0000000000  3.1415926536  0.0000159939  -0.1392208819
45.8672527424  0.0000000000  3.1415926536  0.0000171492  -0.1354306552
47.1238898038  0.0000000000  3.1415926536  0.0000181995  -0.1318403268
48.3805268653  0.0000000000  3.1415926536  0.0000191517  -0.1284345853
49.6371639267  0.0000000000  3.1415926536  0.0000200127  -0.1251996330
50.8938009882  0.0000000000  3.1415926536  0.0000207892  -0.1221230048
52.1504380496  0.0000000000  3.1415926536  0.0000214876  -0.1191934120
53.4070751110  0.0000000000  3.1415926536  0.0000221140  -0.1164006082
54.6637121725  0.0000000000  3.1415926536  0.0000226739  -0.1137352722
55.9203492339  0.0000000000  3.1415926536  0.0000231728  -0.1111889064
57.1769862953  0.0000000000  3.1415926536  0.0000236156  -0.1087537487
58.4336233568  0.0000000000  3.1415926536  0.0000240069  -0.1064226948
59.6902604182  0.0000000000  3.1415926536  0.0000243509  -0.1041892305
60.9468974796  0.0000000000  3.1415926536  0.0000246516  -0.1020473717
62.2035345411  0.0000000000  3.1415926536  0.0000249126  -0.0999916120
63.4601716025  0.0000000000  3.1415926536  0.0000251373  -0.0980168762
64.7168086639  0.0000000000  3.1415926536  0.0000253287  -0.0961184789
65.9734457254  0.0000000000  3.1415926536  0.0000254897  -0.0942920880
67.2300827868  0.0000000000  3.1415926536  0.0000256229  -0.0925336923
68.4867198483  0.0000000000  3.1415926536  0.0000257306  -0.0908395722
69.7433569097  0.0000000000  3.1415926536  0.0000258150  -0.0892062737
70.9999939711  0.0000000000  3.1415926536  0.0000258782  -0.0876305856
72.2566310326  0.0000000000  3.1415926536  0.0000259219  -0.0861095181
73.5132680940  0.0000000000  3.1415926536  0.0000259479  -0.0846402844
74.7699051554  0.0000000000  3.1415926536  0.0000259577  -0.0832202837
76.0265422169  0.0000000000  3.1415926536  0.0000259527  -0.0818470859
77.2831792783  0.0000000000  3.1415926536  0.0000259343  -0.0805184182
78.5398163397  0.0000000000  3.1415926536  0.0000259036  -0.0792321521
79.7964534012  0.0000000000  3.1415926536  0.0000258617  -0.0779862925
81.0530904626  0.0000000000  3.1415926536  0.0000258097  -0.0767789672
82.3097275241  0.0000000000  3.1415926536  0.0000257484  -0.0756084180
83.5663645855  0.0000000000  3.1415926536  0.0000256787  -0.0744729916
84.8230016469  0.0000000000  3.1415926536  0.0000256015  -0.0733711325
86.0796387084  0.0000000000  3.1415926536  0.0000255173  -0.0723013752
87.3362757698  0.0000000000  3.1415926536  0.0000254269  -0.0712623385
88.5929128312  0.0000000000  3.1415926536  0.0000253308  -0.0702527192
89.8495498927  0.0000000000  3.1415926536  0.0000252297  -0.0692712865
91.1061869541  0.0000000000  3.1415926536  0.0000251240  -0.0683168774
92.3628240155  0.0000000000  3.1415926536  0.0000250143  -0.0673883918
93.6194610770  0.0000000000  3.1415926536  0.0000249008  -0.0664847888
94.8760981384  0.0000000000  3.1415926536  0.0000247841  -0.0656050819
96.1327351998  0.0000000000  3.1415926536  0.0000246644  -0.0647483364
97.3893722613  0.0000000000  3.1415926536  0.0000245422  -0.0639136657
98.6460093227  0.0000000000  3.1415926536  0.0000244178  -0.0631002279
99.9026463842  0.0000000000  3.1415926536  0.0000242913  -0.0623072236
101.1592834456  0.0000000000  3.1415926536  0.0000241631  -0.0615338931
102.4159205070  0.0000000000  3.1415926536  0.0000240335  -0.0607795135
103.6725575685  0.0000000000  3.1415926536  0.0000239026  -0.0600433971
104.9291946299  0.0000000000  3.1415926536  0.0000237706  -0.0593248891
106.1858316913  0.0000000000  3.1415926536  0.0000236377  -0.0586233654
107.4424687528  0.0000000000  3.1415926536  0.0000235042  -0.0579382313
108.6991058142  0.0000000000  3.1415926536  0.0000233701  -0.0572689194
109.9557428756  0.0000000000  3.1415926536  0.0000232356  -0.0566148880
111.2123799371  0.0000000000  3.1415926536  0.0000231009  -0.0559756201
112.4690169985  0.0000000000  3.1415926536  0.0000229660  -0.0553506216
113.7256540600  0.0000000000  3.1415926536  0.0000228311  -0.0547394202
114.9822911214  0.0000000000  3.1415926536  0.0000226962  -0.0541415644
116.2389281828  0.0000000000  3.1415926536  0.0000225615  -0.0535566218
117.4955652443  0.0000000000  3.1415926536  0.0000224270  -0.0529841788
118.7522023057  0.0000000000  3.1415926536  0.0000222929  -0.0524238392
120.0088393671  0.0000000000  3.1415926536  0.0000221592  -0.0518752232
121.2654764286  0.0000000000  3.1415926536  0.0000220259  -0.0513379669
122.5221134900  0.0000000000  3.1415926536  0.0000218932  -0.0508117212
123.7787505514  0.0000000000  3.1415926536  0.0000217610  -0.0502961513
125.0353876129  0.0000000000  3.1415926536  0.0000216295  -0.0497909355
126.2920246743  0.0000000000  3.1415926536  0.0000214986  -0.0492957653
127.5486617357  0.0000000000  3.1415926536  0.0000213684  -0.0488103440
128.8052987972  0.0000000000  3.1415926536  0.0000212390  -0.0483343867
130.0619358586  0.0000000000  3.1415926536  0.0000211104  -0.0478676193
131.3185729201  0.0000000000  3.1415926536  0.0000209825  -0.0474097784
132.5752099815  0.0000000000  3.1415926536  0.0000208556  -0.0469606103
133.8318470429  0.0000000000  3.1415926536  0.0000207294  -0.0465198711
135.0884841044  0.0000000000  3.1415926536  0.0000206042  -0.0460873257
136.3451211658  0.0000000000  3.1415926536  0.0000204798  -0.0456627478
137.6017582272  0.0000000000  3.1415926536  0.0000203564  -0.0452459193
138.8583952887  0.0000000000  3.1415926536  0.0000202339  -0.0448366301
140.1150323501  0.0000000000  3.1415926536  0.0000201124  -0.0444346776
141.3716694115  0.0000000000  3.1415926536  0.0000199918  -0.0440398661
142.6283064730  0.0000000000  3.1415926536  0.0000198721  -0.0436520072
143.8849435344  0.0000000000  3.1415926536  0.0000197534  -0.0432709189
145.1415805958  0.0000000000  3.1415926536  0.0000196357  -0.0428964255
146.3982176573  0.0000000000  3.1415926536  0.0000195190  -0.0425283572
147.6548547187  0.0000000000  3.1415926536  0.0000194033  -0.0421665502
148.9114917802  0.0000000000  3.1415926536  0.0000192885  -0.0418108460
150.1681288416  0.0000000000  3.1415926536  0.0000191748  -0.0414610917
151.4247659030  0.0000000000  3.1415926536  0.0000190620  -0.0411171392
152.6814029645  0.0000000000  3.1415926536  0.0000189502  -0.0407788453
153.9380400259  0.0000000000  3.1415926536  0.0000188394  -0.0404460716
155.1946770873  0.0000000000  3.1415926536  0.0000187296  -0.0401186841
156.4513141488  0.0000000000  3.1415926536  0.0000186208  -0.0397965530
157.7079512102  0.0000000000  3.1415926536  0.0000185129  -0.0394795529
158.9645882716  0.0000000000  3.1415926536  0.0000184060  -0.0391675622
160.2212253331  0.0000000000  3.1415926536  0.0000183001  -0.0388604629
161.4778623945  0.0000000000  3.1415926536  0.0000181952  -0.0385581411
162.7344994560  0.0000000000  3.1415926536  0.0000180912  -0.0382604862
163.9911365174  0.0000000000  3.1415926536  0.0000179882  -0.0379673908
165.2477735788  0.0000000000  3.1415926536  0.0000178861  -0.0376787511
166.5044106403  0.0000000000  3.1415926536  0.0000177849  -0.0373944663
167.7610477017  0.0000000000  3.1415926536  0.0000176847  -0.0371144385
169.0176847631  0.0000000000  3.1415926536  0.0000175854  -0.0368385728
170.2743218246  0.0000000000  3.1415926536  0.0000174871  -0.0365667772
171.5309588860  0.0000000000  3.1415926536  0.0000173896  -0.0362989622
172.7875959474  0.0000000000  3.1415926536  0.0000172931  -0.0360350411
174.0442330089  0.0000000000  3.1415926536  0.0000171975  -0.0357749296
175.3008700703  0.0000000000  3.1415926536  0.0000171027  -0.0355185457
176.5575071317  0.0000000000  3.1415926536  0.0000170089  -0.0352658100
177.8141441932  0.0000000000  3.1415926536  0.0000169159  -0.0350166451
179.0707812546  0.0000000000  3.1415926536  0.0000168238  -0.0347709759
180.3274183161  0.0000000000  3.1415926536  0.0000167325  -0.0345287293
181.5840553775  0.0000000000  3.1415926536  0.0000166421  -0.0342898344
182.8406924389  0.0000000000  3.1415926536  0.0000165525  -0.0340542220
184.0973295004  0.0000000000  3.1415926536  0.0000164638  -0.0338218250
185.3539665618  0.0000000000  3.1415926536  0.0000163759  -0.0335925780
186.6106036232  0.0000000000  3.1415926536  0.0000162888  -0.0333664174
187.8672406847  0.0000000000  3.1415926536  0.0000162026  -0.0331432813
189.1238777461  0.0000000000  3.1415926536  0.0000161171  -0.0329231095
190.3805148075  0.0000000000  3.1415926536  0.0000160324  -0.0327058432
191.6371518690  0.0000000000  3.1415926536  0.0000159485  -0.0324914254
192.8937889304  0.0000000000  3.1415926536  0.0000158654  -0.0322798003
194.1504259918  0.0000000000  3.1415926536  0.0000157831  -0.0320709139
195.4070630533  0.0000000000  3.1415926536  0.0000157015  -0.0318647132
196.6637001147  0.0000000000  3.1415926536  0.0000156206  -0.0316611468
197.9203371762  0.0000000000  3.1415926536  0.0000155405  -0.0314601646
199.1769742376  0.0000000000  3.1415926536  0.0000154612  -0.0312617177
200.4336112990  0.0000000000  3.1415926536  0.0000153825  -0.0310657584
201.6902483605  0.0000000000  3.1415926536  0.0000153046  -0.0308722402
202.9468854219  0.0000000000  3.1415926536  0.0000152274  -0.0306811178
204.2035224833  0.0000000000  3.1415926536  0.0000151509  -0.0304923469
205.4601595448  0.0000000000  3.1415926536  0.0000150751  -0.0303058846
206.7167966062  0.0000000000  3.1415926536  0.0000150000  -0.0301216886
207.9734336676  0.0000000000  3.1415926536  0.0000149255  -0.0299397179
209.2300707291  0.0000000000  3.1415926536  0.0000148518  -0.0297599324
210.4867077905  0.0000000000  3.1415926536  0.0000147787  -0.0295822931
211.7433448520  0.0000000000  3.1415926536  0.0000147062  -0.0294067616
212.9999819134  0.0000000000  3.1415926536  0.0000146344  -0.0292333008
214.2566189748  0.0000000000  3.1415926536  0.0000145633  -0.0290618741
215.5132560363  0.0000000000  3.1415926536  0.0000144927  -0.0288924461
216.7698930977  0.0000000000  3.1415926536  0.0000144228  -0.0287249819
218.0265301591  0.0000000000  3.1415926536  0.0000143536  -0.0285594477
219.2831672206  0.0000000000  3.1415926536  0.0000142849  -0.0283958103
220.5398042820  0.0000000000  3.1415926536  0.0000142168  -0.0282340372
221.7964413434  0.0000000000  3.1415926536  0.0000141494  -0.0280740967
223.0530784049  0.0000000000  3.1415926536  0.0000140825  -0.0279159580
224.3097154663  0.0000000000  3.1415926536  0.0000140162  -0.0277595907
225.5663525277  0.0000000000  3.1415926536  0.0000139505  -0.0276049652
226.8229895892  0.0000000000  3.1415926536  0.0000138854  -0.0274520527
228.0796266506  0.0000000000  3.1415926536  0.0000138208  -0.0273008247
229.3362637121  0.0000000000  3.1415926536  0.0000137568  -0.0271512537
230.5929007735  0.0000000000  3.1415926536  0.0000136933  -0.0270033125
231.8495378349  0.0000000000  3.1415926536  0.0000136304  -0.0268569746
233.1061748964  0.0000000000  3.1415926536  0.0000135680  -0.0267122141
234.3628119578  0.0000000000  3.1415926536  0.0000135062  -0.0265690057
235.6194490192  0.0000000000  3.1415926536  0.0000134449  -0.0264273246
236.8760860807  0.0000000000  3.1415926536  0.0000133841  -0.0262871463
238.1327231421  0.0000000000  3.1415926536  0.0000133238  -0.0261484472
239.3893602035  0.0000000000  3.1415926536  0.0000132640  -0.0260112039
240.6459972650  0.0000000000  3.1415926536  0.0000132048  -0.0258753937
241.9026343264  0.0000000000  3.1415926536  0.0000131460  -0.0257409942
243.1592713878  0.0000000000  3.1415926536  0.0000130877  -0.0256079836
244.4159084493  0.0000000000  3.1415926536  0.0000130299  -0.0254763404
245.6725455107  0.0000000000  3.1415926536  0.0000129726  -0.0253460437
246.9291825722  0.0000000000  3.1415926536  0.0000129158  -0.0252170729
248.1858196336  0.0000000000  3.1415926536  0.0000128594  -0.0250894079
249.4424566950  0.0000000000  3.1415926536  0.0000128035  -0.0249630289
250.6990937565  0.0000000000  3.1415926536  0.0000127481  -0.0248379167
251.9557308179  0.0000000000  3.1415926536  0.0000126931  -0.0247140522
253.2123678793  0.0000000000  3.1415926536  0.0000126385  -0.0245914169
254.4690049408  0.0000000000  3.1415926536  0.0000125844  -0.0244699926
255.7256420022  0.0000000000  3.1415926536  0.0000125308  -0.0243497614
256.9822790636  0.0000000000  3.1415926536  0.0000124775  -0.0242307059
258.2389161251  0.0000000000  3.1415926536  0.0000124247  -0.0241128089
259.4955531865  0.0000000000  3.1415926536  0.0000123724  -0.0239960535
260.7521902480  0.0000000000  3.1415926536  0.0000123204  -0.0238804233
262.0088273094  0.0000000000  3.1415926536  0.0000122689  -0.0237659020
263.2654643708  0.0000000000  3.1415926536  0.0000122177  -0.0236524739
264.5221014323  0.0000000000  3.1415926536  0.0000121670  -0.0235401232
265.7787384937  0.0000000000  3.1415926536  0.0000121167  -0.0234288348
267.0353755551  0.0000000000  3.1415926536  0.0000120668  -0.0233185937
268.2920126166  0.0000000000  3.1415926536  0.0000120172  -0.0232093850
269.5486496780  0.0000000000  3.1415926536  0.0000119681  -0.0231011945
270.8052867394  0.0000000000  3.1415926536  0.0000119193  -0.0229940079
272.0619238009  0.0000000000  3.1415926536  0.0000118709  -0.0228878113
273.3185608623  0.0000000000  3.1415926536  0.0000118229  -0.0227825911
274.5751979237  0.0000000000  3.1415926536  0.0000117753  -0.0226783338
275.8318349852  0.0000000000  3.1415926536  0.0000117280  -0.0225750264
277.0884720466  0.0000000000  3.1415926536  0.0000116811  -0.0224726558
278.3451091081  0.0000000000  3.1415926536  0.0000116346  -0.0223712094
279.6017461695  0.0000000000  3.1415926536  0.0000115884  -0.0222706748
280.8583832309  0.0000000000  3.1415926536  0.0000115425  -0.0221710397
282.1150202924  0.0000000000  3.1415926536  0.0000114970  -0.0220722920
283.3716573538  0.0000000000  3.1415926536  0.0000114519  -0.0219744201
284.6282944152  0.0000000000  3.1415926536  0.0000114071  -0.0218774122
285.8849314767  0.0000000000  3.1415926536  0.0000113626  -0.0217812570
287.1415685381  0.0000000000  3.1415926536  0.0000113184  -0.0216859433
288.3982055995  0.0000000000  3.1415926536  0.0000112746  -0.0215914601
289.6548426610  0.0000000000  3.1415926536  0.0000112312  -0.0214977966
290.9114797224  0.0000000000  3.1415926536  0.0000111880  -0.0214049422
292.1681167839  0.0000000000  3.1415926536  0.0000111451  -0.0213128864
293.4247538453  0.0000000000  3.1415926536  0.0000111026  -0.0212216190
294.6813909067  0.0000000000  3.1415926536  0.0000110604  -0.0211311299
295.9380279682  0.0000000000  3.1415926536  0.0000110185  -0.0210414092
297.1946650296  0.0000000000  3.1415926536  0.0000109769  -0.0209524471
298.4513020910  0.0000000000  3.1415926536  0.0000109356  -0.0208642341
299.7079391525  0.0000000000  3.1415926536  0.0000108946  -0.0207767606
300.9645762139  0.0000000000  3.1415926536  0.0000108539  -0.0206900176
302.2212132753  0.0000000000  3.1415926536  0.0000108135  -0.0206039958
303.4778503368  0.0000000000  3.1415926536  0.0000107734  -0.0205186864
304.7344873982  0.0000000000  3.1415926536  0.0000107336  -0.0204340804
305.9911244596  0.0000000000  3.1415926536  0.0000106940  -0.0203501693
307.2477615211  0.0000000000  3.1415926536  0.0000106547  -0.0202669444
308.5043985825  0.0000000000  3.1415926536  0.0000106158  -0.0201843975
309.7610356440  0.0000000000  3.1415926536  0.0000105770  -0.0201025203
311.0176727054  0.0000000000  3.1415926536  0.0000105386  -0.0200213046
312.2743097668  0.0000000000  3.1415926536  0.0000105004  -0.0199407424
313.5309468283  0.0000000000  3.1415926536  0.0000104625  -0.0198608260
314.7875838897  0.0000000000  3.1415926536  0.0000104249  -0.0197815476
316.0442209511  0.0000000000  3.1415926536  0.0000103875  -0.0197028995
317.3008580126  0.0000000000  3.1415926536  0.0000103504  -0.0196248743
318.5574950740  0.0000000000  3.1415926536  0.0000103136  -0.0195474646
319.8141321354  0.0000000000  3.1415926536  0.0000102770  -0.0194706632
321.0707691969  0.0000000000  3.1415926536  0.0000102406  -0.0193944629
322.3274062583  0.0000000000  3.1415926536  0.0000102045  -0.0193188567
323.5840433197  0.0000000000  3.1415926536  0.0000101687  -0.0192438376
324.8406803812  0.0000000000  3.1415926536  0.0000101331  -0.0191693989
326.0973174426  0.0000000000  3.1415926536  0.0000100977  -0.0190955339
327.3539545041  0.0000000000  3.1415926536  0.0000100626  -0.0190222359
328.6105915655  0.0000000000  3.1415926536  0.0000100277  -0.0189494984
329.8672286269  0.0000000000  3.1415926536  0.0000099930  -0.0188773151
331.1238656884  0.0000000000  3.1415926536  0.0000099586  -0.0188056795
332.3805027498  0.0000000000  3.1415926536  0.0000099244  -0.0187345856
333.6371398112  0.0000000000  3.1415926536  0.0000098905  -0.0186640272
334.8937768727  0.0000000000  3.1415926536  0.0000098567  -0.0185939982
336.1504139341  0.0000000000  3.1415926536  0.0000098232  -0.0185244928
337.4070509955  0.0000000000  3.1415926536  0.0000097899  -0.0184555050
338.6636880570  0.0000000000  3.1415926536  0.0000097568  -0.0183870292
339.9203251184  0.0000000000  3.1415926536  0.0000097240  -0.0183190596
341.1769621799  0.0000000000  3.1415926536  0.0000096914  -0.0182515906
342.4335992413  0.0000000000  3.1415926536  0.0000096589  -0.0181846168
343.6902363027  0.0000000000  3.1415926536  0.0000096267  -0.0181181327
344.9468733642  0.0000000000  3.1415926536  0.0000095947  -0.0180521330
346.2035104256  0.0000000000  3.1415926536  0.0000095629  -0.0179866123
347.4601474870  0.0000000000  3.1415926536  0.0000095313  -0.0179215655
348.7167845485  0.0000000000  3.1415926536  0.0000094999  -0.0178569874
349.9734216099  0.0000000000  3.1415926536  0.0000094687  -0.0177928731
351.2300586713  0.0000000000  3.1415926536  0.0000094378  -0.0177292175
352.4866957328  0.0000000000  3.1415926536  0.0000094070  -0.0176660158
353.7433327942  0.0000000000  3.1415926536  0.0000093764  -0.0176032630
354.9999698556  0.0000000000  3.1415926536  0.0000093460  -0.0175409544
356.2566069171  0.0000000000  3.1415926536  0.0000093158  -0.0174790854
357.5132439785  0.0000000000  3.1415926536  0.0000092857  -0.0174176513
358.7698810400  0.0000000000  3.1415926536  0.0000092559  -0.0173566475
360.0265181014  0.0000000000  3.1415926536  0.0000092263  -0.0172960695
361.2831551628  0.0000000000  3.1415926536  0.0000091968  -0.0172359129
362.5397922243  0.0000000000  3.1415926536  0.0000091676  -0.0171761733
363.7964292857  0.0000000000  3.1415926536  0.0000091385  -0.0171168463
365.0530663471  0.0000000000  3.1415926536  0.0000091096  -0.0170579278
366.3097034086  0.0000000000  3.1415926536  0.0000090808  -0.0169994135
367.5663404700  0.0000000000  3.1415926536  0.0000090523  -0.0169412992
368.8229775314  0.0000000000  3.1415926536  0.0000090239  -0.0168835809
370.0796145929  0.0000000000  3.1415926536  0.0000089957  -0.0168262546
371.3362516543  0.0000000000  3.1415926536  0.0000089677  -0.0167693162
372.5928887157  0.0000000000  3.1415926536  0.0000089398  -0.0167127618
373.8495257772  0.0000000000  3.1415926536  0.0000089121  -0.0166565876
375.1061628386  0.0000000000  3.1415926536  0.0000088846  -0.0166007898
376.3627999001  0.0000000000  3.1415926536  0.0000088572  -0.0165453645
377.6194369615  0.0000000000  3.1415926536  0.0000088300  -0.0164903081
378.8760740229  0.0000000000  3.1415926536  0.0000088030  -0.0164356169
380.1327110844  0.0000000000  3.1415926536  0.0000087761  -0.0163812873
381.3893481458  0.0000000000  3.1415926536  0.0000087494  -0.0163273156
382.6459852072  0.0000000000  3.1415926536  0.0000087229  -0.0162736984
383.9026222687  0.0000000000  3.1415926536  0.0000086965  -0.0162204322
385.1592593301  0.0000000000  3.1415926536  0.0000086703  -0.0161675135
386.4158963915  0.0000000000  3.1415926536  0.0000086442  -0.0161149390
387.6725334530  0.0000000000  3.1415926536  0.0000086183  -0.0160627053
388.9291705144  0.0000000000  3.1415926536  0.0000085925  -0.0160108091
390.1858075759  0.0000000000  3.1415926536  0.0000085669  -0.0159592472
391.4424446373  0.0000000000  3.1415926536  0.0000085414  -0.0159080163
392.6990816987  0.0000000000  3.1415926536  0.0000085161  -0.0158571133
393.9557187602  0.0000000000  3.1415926536  0.0000084909  -0.0158065349
395.2123558216  0.0000000000  3.1415926536  0.0000084659  -0.0157562782
396.4689928830  0.0000000000  3.1415926536  0.0000084410  -0.0157063400
397.7256299445  0.0000000000  3.1415926536  0.0000084163  -0.0156567174
398.9822670059  0.0000000000  3.1415926536  0.0000083917  -0.0156074074
400.2389040673  0.0000000000  3.1415926536  0.0000083672  -0.0155584069
401.4955411288  0.0000000000  3.1415926536  0.0000083429  -0.0155097132
402.7521781902  0.0000000000  3.1415926536  0.0000083187  -0.0154613233
404.0088152516  0.0000000000  3.1415926536  0.0000082947  -0.0154132345
405.2654523131  0.0000000000  3.1415926536  0.0000082708  -0.0153654438
406.5220893745  0.0000000000  3.1415926536  0.0000082470  -0.0153179485
407.7787264360  0.0000000000  3.1415926536  0.0000082234  -0.0152707460
409.0353634974  0.0000000000  3.1415926536  0.0000081999  -0.0152238335
410.2920005588  0.0000000000  3.1415926536  0.0000081765  -0.0151772083
411.5486376203  0.0000000000  3.1415926536  0.0000081532  -0.0151308678
412.8052746817  0.0000000000  3.1415926536  0.0000081301  -0.0150848095
414.0619117431  0.0000000000  3.1415926536  0.0000081072  -0.0150390307
415.3185488046  0.0000000000  3.1415926536  0.0000080843  -0.0149935289
416.5751858660  0.0000000000  3.1415926536  0.0000080616  -0.0149483016
417.8318229274  0.0000000000  3.1415926536  0.0000080390  -0.0149033463
419.0884599889  0.0000000000  3.1415926536  0.0000080165  -0.0148586607
420.3450970503  0.0000000000  3.1415926536  0.0000079941  -0.0148142421
421.6017341118  0.0000000000  3.1415926536  0.0000079719  -0.0147700884
422.8583711732  0.0000000000  3.1415926536  0.0000079498  -0.0147261970
424.1150082346  0.0000000000  3.1415926536  0.0000079278  -0.0146825658
425.3716452961  0.0000000000  3.1415926536  0.0000079060  -0.0146391923
426.6282823575  0.0000000000  3.1415926536  0.0000078842  -0.0145960743
427.8849194189  0.0000000000  3.1415926536  0.0000078626  -0.0145532096
429.1415564804  0.0000000000  3.1415926536  0.0000078411  -0.0145105959
430.3981935418  0.0000000000  3.1415926536  0.0000078197  -0.0144682310
431.6548306032  0.0000000000  3.1415926536  0.0000077984  -0.0144261127
432.9114676647  0.0000000000  3.1415926536  0.0000077772  -0.0143842390
434.1681047261  0.0000000000  3.1415926536  0.0000077561  -0.0143426076
435.4247417875  0.0000000000  3.1415926536  0.0000077352  -0.0143012165
436.6813788490  0.0000000000  3.1415926536  0.0000077144  -0.0142600637
437.9380159104  0.0000000000  3.1415926536  0.0000076936  -0.0142191469
439.1946529719  0.0000000000  3.1415926536  0.0000076730  -0.0141784644
440.4512900333  0.0000000000  3.1415926536  0.0000076525  -0.0141380139
441.7079270947  0.0000000000  3.1415926536  0.0000076321  -0.0140977936
442.9645641562  0.0000000000  3.1415926536  0.0000076118  -0.0140578014
444.2212012176  0.0000000000  3.1415926536  0.0000075917  -0.0140180356
445.4778382790  0.0000000000  3.1415926536  0.0000075716  -0.0139784940
446.7344753405  0.0000000000  3.1415926536  0.0000075516  -0.0139391749
447.9911124019  0.0000000000  3.1415926536  0.0000075317  -0.0139000764
449.2477494633  0.0000000000  3.1415926536  0.0000075120  -0.0138611966
450.5043865248  0.0000000000  3.1415926536  0.0000074923  -0.0138225337
451.7610235862  0.0000000000  3.1415926536  0.0000074727  -0.0137840858
453.0176606476  0.0000000000  3.1415926536  0.0000074533  -0.0137458513
454.2742977091  0.0000000000  3.1415926536  0.0000074339  -0.0137078283
455.5309347705  0.0000000000  3.1415926536  0.0000074147  -0.0136700150
456.7875718320  0.0000000000  3.1415926536  0.0000073955  -0.0136324098
458.0442088934  0.0000000000  3.1415926536  0.0000073764  -0.0135950109
459.3008459548  0.0000000000  3.1415926536  0.0000073575  -0.0135578166
460.5574830163  0.0000000000  3.1415926536  0.0000073386  -0.0135208253
461.8141200777  0.0000000000  3.1415926536  0.0000073198  -0.0134840354
463.0707571391  0.0000000000  3.1415926536  0.0000073011  -0.0134474450
464.3273942006  0.0000000000  3.1415926536  0.0000072825  -0.0134110527
465.5840312620  0.0000000000  3.1415926536  0.0000072640  -0.0133748569
466.8406683234  0.0000000000  3.1415926536  0.0000072456  -0.0133388559
468.0973053849  0.0000000000  3.1415926536  0.0000072273  -0.0133030482
469.3539424463  0.0000000000  3.1415926536  0.0000072091  -0.0132674322
470.6105795078  0.0000000000  3.1415926536  0.0000071910  -0.0132320064
471.8672165692  0.0000000000  3.1415926536  0.0000071729  -0.0131967693
473.1238536306  0.0000000000  3.1415926536  0.0000071550  -0.0131617194
474.3804906921  0.0000000000  3.1415926536  0.0000071371  -0.0131268551
475.6371277535  0.0000000000  3.1415926536  0.0000071193  -0.0130921751
476.8937648149  0.0000000000  3.1415926536  0.0000071017  -0.0130576778
478.1504018764  0.0000000000  3.1415926536  0.0000070841  -0.0130233618
479.4070389378  0.0000000000  3.1415926536  0.0000070665  -0.0129892257
480.6636759992  0.0000000000  3.1415926536  0.0000070491  -0.0129552681
481.9203130607  0.0000000000  3.1415926536  0.0000070318  -0.0129214876
483.1769501221  0.0000000000  3.1415926536  0.0000070145  -0.0128878828
484.4335871835  0.0000000000  3.1415926536  0.0000069973  -0.0128544524
485.6902242450  0.0000000000  3.1415926536  0.0000069802  -0.0128211949
486.9468613064  0.0000000000  3.1415926536  0.0000069632  -0.0127881090
488.2034983679  0.0000000000  3.1415926536  0.0000069463  -0.0127551935
489.4601354293  0.0000000000  3.1415926536  0.0000069295  -0.0127224470
490.7167724907  0.0000000000  3.1415926536  0.0000069127  -0.0126898681
491.9734095522  0.0000000000  3.1415926536  0.0000068960  -0.0126574558
493.2300466136  0.0000000000  3.1415926536  0.0000068794  -0.0126252085
494.4866836750  0.0000000000  3.1415926536  0.0000068629  -0.0125931252
495.7433207365  0.0000000000  3.1415926536  0.0000068464  -0.0125612045
496.9999577979  0.0000000000  3.1415926536  0.0000068301  -0.0125294452
498.2565948593  0.0000000000  3.1415926536  0.0000068138  -0.0124978461
499.5132319208  0.0000000000  3.1415926536  0.0000067975  -0.0124664059
500.7698689822  0.0000000000  3.1415926536  0.0000067814  -0.0124351236
502.0265060436  0.0000000000  3.1415926536  0.0000067653  -0.0124039979
503.2831431051  0.0000000000  3.1415926536  0.0000067494  -0.0123730276
504.5397801665  0.0000000000  3.1415926536  0.0000067334  -0.0123422115
505.7964172280  0.0000000000  3.1415926536  0.0000067176  -0.0123115486
507.0530542894  0.0000000000  3.1415926536  0.0000067018  -0.0122810376
508.3096913508  0.0000000000  3.1415926536  0.0000066861  -0.0122506775
509.5663284123  0.0000000000  3.1415926536  0.0000066705  -0.0122204672
510.8229654737  0.0000000000  3.1415926536  0.0000066550  -0.0121904054
512.0796025351  0.0000000000  3.1415926536  0.0000066395  -0.0121604913
513.3362395966  0.0000000000  3.1415926536  0.0000066241  -0.0121307235
514.5928766580  0.0000000000  3.1415926536  0.0000066087  -0.0121011011
515.8495137194  0.0000000000  3.1415926536  0.0000065935  -0.0120716231
517.1061507809  0.0000000000  3.1415926536  0.0000065783  -0.0120422883
518.3627878423  0.0000000000  3.1415926536  0.0000065632  -0.0120130957
519.6194249038  0.0000000000  3.1415926536  0.0000065481  -0.0119840444
520.8760619652  0.0000000000  3.1415926536  0.0000065331  -0.0119551332
522.1326990266  0.0000000000  3.1415926536  0.0000065182  -0.0119263611
523.3893360881  0.0000000000  3.1415926536  0.0000065033  -0.0118977272
524.6459731495  0.0000000000  3.1415926536  0.0000064886  -0.0118692305
525.9026102109  0.0000000000  3.1415926536  0.0000064738  -0.0118408700
527.1592472724  0.0000000000  3.1415926536  0.0000064592  -0.0118126446
528.4158843338  0.0000000000  3.1415926536  0.0000064446  -0.0117845535
529.6725213952  0.0000000000  3.1415926536  0.0000064301  -0.0117565957
530.9291584567  0.0000000000  3.1415926536  0.0000064156  -0.0117287702
532.1857955181  0.0000000000  3.1415926536  0.0000064012  -0.0117010762
533.4424325795  0.0000000000  3.1415926536  0.0000063869  -0.0116735126
534.6990696410  0.0000000000  3.1415926536  0.0000063726  -0.0116460785
535.9557067024  0.0000000000  3.1415926536  0.0000063584  -0.0116187731
537.2123437639  0.0000000000  3.1415926536  0.0000063443  -0.0115915954
538.4689808253  0.0000000000  3.1415926536  0.0000063302  -0.0115645446
539.7256178867  0.0000000000  3.1415926536  0.0000063162  -0.0115376198
540.9822549482  0.0000000000  3.1415926536  0.0000063022  -0.0115108200
542.2388920096  0.0000000000  3.1415926536  0.0000062883  -0.0114841444
543.4955290710  0.0000000000  3.1415926536  0.0000062745  -0.0114575922
544.7521661325  0.0000000000  3.1415926536  0.0000062607  -0.0114311625
546.0088031939  0.0000000000  3.1415926536  0.0000062470  -0.0114048544
547.2654402553  0.0000000000  3.1415926536  0.0000062334  -0.0113786671
548.5220773168  0.0000000000  3.1415926536  0.0000062198  -0.0113525999
549.7787143782  0.0000000000  3.1415926536  0.0000062062  -0.0113266518
551.0353514396  0.0000000000  3.1415926536  0.0000061927  -0.0113008220
552.2919885011  0.0000000000  3.1415926536  0.0000061793  -0.0112751098
553.5486255625  0.0000000000  3.1415926536  0.0000061660  -0.0112495143
554.8052626240  0.0000000000  3.1415926536  0.0000061527  -0.0112240347
556.0618996854  0.0000000000  3.1415926536  0.0000061394  -0.0111986703
557.3185367468  0.0000000000  3.1415926536  0.0000061262  -0.0111734203
558.5751738083  0.0000000000  3.1415926536  0.0000061131  -0.0111482839
559.8318108697  0.0000000000  3.1415926536  0.0000061000  -0.0111232603
561.0884479311  0.0000000000  3.1415926536  0.0000060870  -0.0110983488
562.3450849926  0.0000000000  3.1415926536  0.0000060740  -0.0110735487
563.6017220540  0.0000000000  3.1415926536  0.0000060611  -0.0110488591
564.8583591154  0.0000000000  3.1415926536  0.0000060482  -0.0110242794
566.1149961769  0.0000000000  3.1415926536  0.0000060354  -0.0109998088
567.3716332383  0.0000000000  3.1415926536  0.0000060227  -0.0109754466
568.6282702998  0.0000000000  3.1415926536  0.0000060100  -0.0109511921
569.8849073612  0.0000000000  3.1415926536  0.0000059973  -0.0109270445
571.1415444226  0.0000000000  3.1415926536  0.0000059847  -0.0109030032
572.3981814841  0.0000000000  3.1415926536  0.0000059722  -0.0108790674
573.6548185455  0.0000000000  3.1415926536  0.0000059597  -0.0108552365
574.9114556069  0.0000000000  3.1415926536  0.0000059473  -0.0108315098
576.1680926684  0.0000000000  3.1415926536  0.0000059349  -0.0108078866
577.4247297298  0.0000000000  3.1415926536  0.0000059226  -0.0107843662
578.6813667912  0.0000000000  3.1415926536  0.0000059103  -0.0107609479
579.9380038527  0.0000000000  3.1415926536  0.0000058980  -0.0107376311
581.1946409141  0.0000000000  3.1415926536  0.0000058859  -0.0107144152
582.4512779755  0.0000000000  3.1415926536  0.0000058737  -0.0106912994
583.7079150370  0.0000000000  3.1415926536  0.0000058616  -0.0106682832
584.9645520984  0.0000000000  3.1415926536  0.0000058496  -0.0106453658
586.2211891599  0.0000000000  3.1415926536  0.0000058376  -0.0106225467
587.4778262213  0.0000000000  3.1415926536  0.0000058257  -0.0105998252
588.7344632827  0.0000000000  3.1415926536  0.0000058138  -0.0105772007
589.9911003442  0.0000000000  3.1415926536  0.0000058020  -0.0105546726
591.2477374056  0.0000000000  3.1415926536  0.0000057902  -0.0105322402
592.5043744670  0.0000000000  3.1415926536  0.0000057784  -0.0105099030
593.7610115285  0.0000000000  3.1415926536  0.0000057667  -0.0104876603
595.0176485899  0.0000000000  3.1415926536  0.0000057551  -0.0104655116
596.2742856513  0.0000000000  3.1415926536  0.0000057435  -0.0104434562
597.5309227128  0.0000000000  3.1415926536  0.0000057319  -0.0104214936
598.7875597742  0.0000000000  3.1415926536  0.0000057204  -0.0103996231
600.0441968357  0.0000000000  3.1415926536  0.0000057089  -0.0103778443
601.3008338971  0.0000000000  3.1415926536  0.0000056975  -0.0103561565
602.5574709585  0.0000000000  3.1415926536  0.0000056861  -0.0103345592
603.8141080200  0.0000000000  3.1415926536  0.0000056748  -0.0103130517
605.0707450814  0.0000000000  3.1415926536  0.0000056635  -0.0102916336
606.3273821428  0.0000000000  3.1415926536  0.0000056523  -0.0102703042
607.5840192043  0.0000000000  3.1415926536  0.0000056411  -0.0102490631
608.8406562657  0.0000000000  3.1415926536  0.0000056299  -0.0102279097
610.0972933271  0.0000000000  3.1415926536  0.0000056188  -0.0102068434
611.3539303886  0.0000000000  3.1415926536  0.0000056078  -0.0101858637
612.6105674500  0.0000000000  3.1415926536  0.0000055967  -0.0101649700
613.8672045114  0.0000000000  3.1415926536  0.0000055858  -0.0101441620
615.1238415729  0.0000000000  3.1415926536  0.0000055748  -0.0101234389
616.3804786343  0.0000000000  3.1415926536  0.0000055639  -0.0101028003
617.6371156958  0.0000000000  3.1415926536  0.0000055531  -0.0100822457
618.8937527572  0.0000000000  3.1415926536  0.0000055423  -0.0100617746
620.1503898186  0.0000000000  3.1415926536  0.0000055315  -0.0100413864
621.4070268801  0.0000000000  3.1415926536  0.0000055208  -0.0100210807
622.6636639415  0.0000000000  3.1415926536  0.0000055101  -0.0100008569
623.9203010029  0.0000000000  3.1415926536  0.0000054995  -0.0099807146
625.1769380644  0.0000000000  3.1415926536  0.0000054888  -0.0099606533
626.4335751258  0.0000000000  3.1415926536  0.0000054783  -0.0099406724
627.6902121872  0.0000000000  3.1415926536  0.0000054678  -0.0099207716
628.9468492487  0.0000000000  3.1415926536  0.0000000000  0.0000000000
-627.6902121872  3.1415926536  0.0000000000  0.0000000000  0.0000000000
-626.4335751258  3.1415926536  0.0000000000  0.0000000000  0.0000000000
-625.1769380644  3.1415926536  0.0000000000  0.0000000000  0.0000000000
-623.9203010029  3.1415926536  0.0000000000  0.0000000000  0.0000000000
-622.6636639415  3.1415926536  0.0000000000  0.0000000000  0.0000000000
-621.4070268801  3.1415926536  0.0000000000  0.0000000000  0.0000000000
-620.1503898186  3.1415926536  0.0000000000  0.0000000000  0.0000000000
-618.8937527572  3.1415926536  0.0000000000  0.0000000000  0.0000000000
-617.6371156958  3.1415926536  0.0000000000  0.0000000000  0.0000000000
-616.3804786343  3.1415926536  0.0000000000  0.0000000000  0.0000000000
-615.1238415729  3.1415926536  0.0000000000  0.0000000000  0.0000000000
-613.8672045114  3.1415926536  0.0000000000  0.0000000000  0.0000000000
-612.6105674500  3.1415926536  0.0000000000  0.0000000000  0.0000000000
-611.3539303886  3.1415926536  0.0000000000  0.0000000000  0.0000000000
-610.0972933271  3.1415926536  0.0000000000  0.0000000000  0.0000000000
-608.8406562657  3.1415926536  0.0000000000  0.0000000000  0.0000000000
-607.5840192043  3.1415926536  0.0000000000  0.0000000000  0.0000000000
-606.3273821428  3.1415926536  0.0000000000  0.0000000000  0.0000000000
-605.0707450814  3.1415926536  0.0000000000  0.0000000000  0.0000000000
-603.8141080200  3.1415926536  0.0000000000  0.0000000000  0.0000000000
-602.5574709585  3.1415926536  0.0000000000  0.0000000000  0.0000000000
-601.3008338971  3.1415926536  0.0000000000  0.0000000000  0.0000000000
-600.0441968357  3.1415926536  0.0000000000  0.0000000000  0.0000000000
-598.7875597742  3.1415926536  0.0000000000  0.0000000000  0.0000000000
-597.5309227128  3.1415926536  0.0000000000  0.0000000000  0.0000000000
-596.2742856513  3.1415926536  0.0000000000  0.0000000000  0.0000000000
-595.0176485899  3.1415926536  0.0000000000  0.0000000000  0.0000000000
-593.7610115285  3.1415926536  0.0000000000  0.0000000000  0.0000000000
-592.5043744670  3.1415926536  0.0000000000  0.0000000000  0.0000000000
-591.2477374056  3.1415926536  0.0000000000  0.0000000000  0.0000000000
-589.9911003442  3.1415926536  0.0000000000  0.0000000000  0.0000000000
-588.7344632827  3.1415926536  0.0000000000  0.0000000000  0.0000000000
-587.4778262213  3.1415926536  0.0000000000  0.0000000000  0.0000000000
-586.2211891599  3.1415926536  0.0000000000  0.0000000000  0.0000000000
-584.9645520984  3.1415926536  0.0000000000  0.0000000000  0.0000000000
-583.7079150370  3.1415926536  0.0000000000  0.0000000000  0.0000000000
-582.4512779755  3.1415926536  0.0000000000  0.0000000000  0.0000000000
-581.1946409141  3.1415926536  0.0000000000  0.0000000000  0.0000000000
-579.9380038527  3.1415926536  0.0000000000  0.0000000000  0.0000000000
-578.6813667912  3.1415926536  0.0000000000  0.0000000000  0.0000000000
-577.4247297298  3.1415926536  0.0000000000  0.0000000000  0.0000000000
-576.1680926684  3.1415926536  0.0000000000  0.0000000000  0.0000000000
-574.9114556069  3.1415926536  0.0000000000  0.0000000000  0.0000000000
-573.6548185455  3.1415926536  0.0000000000  0.0000000000  0.0000000000
-572.3981814841  3.1415926536  0.0000000000  0.0000000000  0.0000000000
-571.1415444226  3.1415926536  0.0000000000  0.0000000000  0.0000000000
-569.8849073612  3.1415926536  0.0000000000  0.0000000000  0.0000000000
-568.6282702998  3.1415926536  0.0000000000  0.0000000000  0.0000000000
-567.3716332383  3.1415926536  0.0000000000  0.0000000000  0.0000000000
-566.1149961769  3.1415926536  0.0000000000  0.0000000000  0.0000000000
-564.8583591154  3.1415926536  0.0000000000  0.0000000000  0.0000000000
-563.6017220540  3.1415926536  0.0000000000  0.0000000000  0.0000000000
-562.3450849926  3.1415926536  0.0000000000  0.0000000000  0.0000000000
-561.0884479311  3.1415926536  0.0000000000  0.0000000000  0.0000000000
-559.8318108697  3.1415926536  0.0000000000  0.0000000000  0.0000000000
-558.5751738083  3.1415926536  0.0000000000  0.0000000000  0.0000000000
-557.3185367468  3.1415926536  0.0000000000  0.0000000000  0.0000000000
-556.0618996854  3.1415926536  0.0000000000  0.0000000000  0.0000000000
-554.8052626240  3.1415926536  0.0000000000  0.0000000000  0.0000000000
-553.5486255625  3.1415926536  0.0000000000  0.0000000000  0.0000000000
-552.2919885011  3.1415926536  0.0000000000  0.0000000000  0.0000000000
-551.0353514396  3.1415926536  0.0000000000  0.0000000000  0.0000000000
-549.7787143782  3.1415926536  0.0000000000  0.0000000000  0.0000000000
-548.5220773168  3.1415926536  0.0000000000  0.0000000000  0.0000000000
-547.2654402553  3.1415926536  0.0000000000  0.0000000000  0.0000000000
-546.0088031939  3.1415926536  0.0000000000  0.0000000000  0.0000000000
-544.7521661325  3.1415926536  0.0000000000  0.0000000000  0.0000000000
-543.4955290710  3.1415926536  0.0000000000  0.0000000000  0.0000000000
-542.2388920096  3.1415926536  0.0000000000  0.0000000000  0.0000000000
-540.9822549482  3.1415926536  0.0000000000  0.0000000000  0.0000000000
-539.7256178867  3.1415926536  0.0000000000  0.0000000000  0.0000000000
-538.4689808253  3.1415926536  0.0000000000  0.0000000000  0.0000000000
-537.2123437639  3.1415926536  0.0000000000  0.0000000000  0.0000000000
-535.9557067024  3.1415926536  0.0000000000  0.0000000000  0.0000000000
-534.6990696410  3.1415926536  0.0000000000  0.0000000000  0.0000000000
-533.4424325795  3.1415926536  0.0000000000  0.0000000000  0.0000000000
-532.1857955181  3.1415926536  0.0000000000  0.0000000000  0.0000000000
-530.9291584567  3.1415926536  0.0000000000  0.0000000000  0.0000000000
-529.6725213952  3.1415926536  0.0000000000  0.0000000000  0.0000000000
-528.4158843338  3.1415926536  0.0000000000  0.0000000000  0.0000000000
-527.1592472724  3.1415926536  0.0000000000  0.0000000000  0.0000000000
-525.9026102109  3.1415926536  0.0000000000  0.0000000000  0.0000000000
-524.6459731495  3.1415926536  0.0000000000  0.0000000000  0.0000000000
-523.3893360881  3.1415926536  0.0000000000  0.0000000000  0.0000000000
-522.1326990266  3.1415926536  0.0000000000  0.0000000000  0.0000000000
-520.8760619652  3.1415926536  0.0000000000  0.0000000000  0.0000000000
-519.6194249038  3.1415926536  0.0000000000  0.0000000000  0.0000000000
-518.3627878423  3.1415926536  0.0000000000  0.0000000000  0.0000000000
-517.1061507809  3.1415926536  0.0000000000  0.0000000000  0.0000000000
-515.8495137194  3.1415926536  0.0000000000  0.0000000000  0.0000000000
-514.5928766580  3.1415926536  0.0000000000  0.0000000000  0.0000000000
-513.3362395966  3.1415926536  0.0000000000  0.0000000000  0.0000000000
-512.0796025351  3.1415926536  0.0000000000  0.0000000000  0.0000000000
-510.8229654737  3.1415926536  0.0000000000  0.0000000000  0.0000000000
-509.5663284123  3.1415926536  0.0000000000  0.0000000000  0.0000000000
-508.3096913508  3.1415926536  0.0000000000  0.0000000000  0.0000000000
-507.0530542894  3.1415926536  0.0000000000  0.0000000000  0.0000000000
-505.7964172280  3.1415926536  0.0000000000  0.0000000000  0.0000000000
-504.5397801665  3.1415926536  0.0000000000  0.0000000000  0.0000000000
-503.2831431051  3.1415926536  0.0000000000  0.0000000000  0.0000000000
-502.0265060436  3.1415926536  0.0000000000  0.0000000000  0.0000000000
-500.7698689822  3.1415926536  0.0000000000  0.0000000000  0.0000000000
-499.5132319208  3.1415926536  0.0000000000  0.0000000000  0.0000000000
-498.2565948593  3.1415926536  0.0000000000  0.0000000000  0.0000000000
-496.9999577979  3.1415926536  0.0000000000  0.0000000000  0.0000000000
-495.7433207365  3.1415926536  0.0000000000  0.0000000000  0.0000000000
-494.4866836750  3.1415926536  0.0000000000  0.0000000000  0.0000000000
-493.2300466136  3.1415926536  0.0000000000  0.0000000000  0.0000000000
-491.9734095522  3.1415926536  0.0000000000  0.0000000000  0.0000000000
-490.7167724907  3.1415926536  0.0000000000  0.0000000000  0.0000000000
-489.4601354293  3.1415926536  0.0000000000  0.0000000000  0.0000000000
-488.2034983679  3.1415926536  0.0000000000  0.0000000000  0.0000000000
-486.9468613064  3.1415926536  0.0000000000  0.0000000000  0.0000000000
-485.6902242450  3.1415926536  0.0000000000  0.0000000000  0.0000000000
-484.4335871835  3.1415926536  0.0000000000  0.0000000000  0.0000000000
-483.1769501221  3.1415926536  0.0000000000  0.0000000000  0.0000000000
-481.9203130607  3.1415926536  0.0000000000  0.0000000000  0.0000000000
-480.6636759992  3.1415926536  0.0000000000  0.0000000000  0.0000000000
-479.4070389378  3.1415926536  0.0000000000  0.0000000000  0.0000000000
-478.1504018764  3.1415926536  0.0000000000  0.0000000000  0.0000000000
-476.8937648149  3.1415926536  0.0000000000  0.0000000000  0.0000000000
-475.6371277535  3.1415926536  0.0000000000  0.0000000000  0.0000000000
-474.3804906921  3.1415926536  0.0000000000  0.0000000000  0.0000000000
-473.1238536306  3.1415926536  0.0000000000  0.0000000000  0.0000000000
-471.8672165692  3.1415926536  0.0000000000  0.0000000000  0.0000000000
-470.6105795078  3.1415926536  0.0000000000  0.0000000000  0.0000000000
-469.3539424463  3.1415926536  0.0000000000  0.0000000000  0.0000000000
-468.0973053849  3.1415926536  0.0000000000  0.0000000000  0.0000000000
-466.8406683234  3.1415926536  0.0000000000  0.0000000000  0.0000000000
-465.5840312620  3.1415926536  0.0000000000  0.0000000000  0.0000000000
-464.3273942006  3.1415926536  0.0000000000  0.0000000000  0.0000000000
-463.0707571391  3.1415926536  0.0000000000  0.0000000000  0.0000000000
-461.8141200777  3.1415926536  0.0000000000  0.0000000000  0.0000000000
-460.5574830163  3.1415926536  0.0000000000  0.0000000000  0.0000000000
-459.3008459548  3.1415926536  0.0000000000  0.0000000000  0.0000000000
-458.0442088934  3.1415926536  0.0000000000  0.0000000000  0.0000000000
-456.7875718320  3.1415926536  0.0000000000  0.0000000000  0.0000000000
-455.5309347705  3.1415926536  0.0000000000  0.0000000000  0.0000000000
-454.2742977091  3.1415926536  0.0000000000  0.0000000000  0.0000000000
-453.0176606476  3.1415926536  0.0000000000  0.0000000000  0.0000000000
-451.7610235862  3.1415926536  0.0000000000  0.0000000000  0.0000000000
-450.5043865248  3.1415926536  0.0000000000  0.0000000000  0.0000000000
-449.2477494633  3.1415926536  0.0000000000  0.0000000000  0.0000000000
-447.9911124019  3.1415926536  0.0000000000  0.0000000000  0.0000000000
-446.7344753405  3.1415926536  0.0000000000  0.0000000000  0.0000000000
-445.4778382790  3.1415926536  0.0000000000  0.0000000000  0.0000000000
-444.2212012176  3.1415926536  0.0000000000  0.0000000000  0.0000000000
-442.9645641562  3.1415926536  0.0000000000  0.0000000000  0.0000000000
-441.7079270947  3.1415926536  0.0000000000  0.0000000000  0.0000000000
-440.4512900333  3.1415926536  0.0000000000  0.0000000000  0.0000000000
-439.1946529719  3.1415926536  0.0000000000  0.0000000000  0.0000000000
-437.9380159104  3.1415926536  0.0000000000  0.0000000000  0.0000000000
-436.6813788490  3.1415926536  0.0000000000  0.0000000000  0.0000000000
-435.4247417875  3.1415926536  0.0000000000  0.0000000000  0.0000000000
-434.1681047261  3.1415926536  0.0000000000  0.0000000000  0.0000000000
-432.9114676647  3.1415926536  0.0000000000  0.0000000000  0.0000000000
-431.6548306032  3.1415926536  0.0000000000  0.0000000000  0.0000000000
-430.3981935418  3.1415926536  0.0000000000  0.0000000000  0.0000000000
-429.1415564804  3.1415926536  0.0000000000  0.0000000000  0.0000000000
-427.8849194189  3.1415926536  0.0000000000  0.0000000000  0.0000000000
-426.6282823575  3.1415926536  0.0000000000  0.0000000000  0.0000000000
-425.3716452961  3.1415926536  0.0000000000  0.0000000000  0.0000000000
-424.1150082346  3.1415926536  0.0000000000  0.0000000000  0.0000000000
-422.8583711732  3.1415926536  0.0000000000  0.0000000000  0.0000000000
-421.6017341118  3.1415926536  0.0000000000  0.0000000000  0.0000000000
-420.3450970503  3.1415926536  0.0000000000  0.0000000000  0.0000000000
-419.0884599889  3.1415926536  0.0000000000  0.0000000000  0.0000000000
-417.8318229274  3.1415926536  0.0000000000  0.0000000000  0.0000000000
-416.5751858660  3.1415926536  0.0000000000  0.0000000000  0.0000000000
-415.3185488046  3.1415926536  0.0000000000  0.0000000000  0.0000000000
-414.0619117431  3.1415926536  0.0000000000  0.0000000000  0.0000000000
-412.8052746817  3.1415926536  0.0000000000  0.0000000000  0.0000000000
-411.5486376203  3.1415926536  0.0000000000  0.0000000000  0.0000000000
-410.2920005588  3.1415926536  0.0000000000  0.0000000000  0.0000000000
-409.0353634974  3.1415926536  0.0000000000  0.0000000000  0.0000000000
-407.7787264360  3.1415926536  0.0000000000  0.0000000000  0.0000000000
-406.5220893745  3.1415926536  0.0000000000  0.0000000000  0.0000000000
-405.2654523131  3.1415926536  0.0000000000  0.0000000000  0.0000000000
-404.0088152516  3.1415926536  0.0000000000  0.0000000000  0.0000000000
-402.7521781902  3.1415926536  0.0000000000  0.0000000000  0.0000000000
-401.4955411288  3.1415926536  0.0000000000  0.0000000000  0.0000000000
-400.2389040673  3.1415926536  0.0000000000  0.0000000000  0.0000000000
-398.9822670059  3.1415926536  0.0000000000  0.0000000000  0.0000000000
-397.7256299445  3.1415926536  0.0000000000  0.0000000000  0.0000000000
-396.4689928830  3.1415926536  0.0000000000  0.0000000000  0.0000000000
-395.2123558216  3.1415926536  0.0000000000  0.0000000000  0.0000000000
-393.9557187602  3.1415926536  0.0000000000  0.0000000000  0.0000000000
-392.6990816987  3.1415926536  0.0000000000  0.0000000000  0.0000000000
-391.4424446373  3.1415926536  0.0000000000  0.0000000000  0.0000000000
-390.1858075759  3.1415926536  0.0000000000  0.0000000000  0.0000000000
-388.9291705144  3.1415926536  0.0000000000  0.0000000000  0.0000000000
-387.6725334530  3.1415926536  0.0000000000  0.0000000000  0.0000000000
-386.4158963915  3.1415926536  0.0000000000  0.0000000000  0.0000000000
-385.1592593301  3.1415926536  0.0000000000  0.0000000000  0.0000000000
-383.9026222687  3.1415926536  0.0000000000  0.0000000000  0.0000000000
-382.6459852072  3.1415926536  0.0000000000  0.0000000000  0.0000000000
-381.3893481458  3.1415926536  0.0000000000  0.0000000000  0.0000000000
-380.1327110844  3.1415926536  0.0000000000  0.0000000000  0.0000000000
-378.8760740229  3.1415926536  0.0000000000  0.0000000000  0.0000000000
-377.6194369615  3.1415926536  0.0000000000  0.0000000000  0.0000000000
-376.3627999001  3.1415926536  0.0000000000  0.0000000000  0.0000000000
-375.1061628386  3.1415926536  0.0000000000  0.0000000000  0.0000000000
-373.8495257772  3.1415926536  0.0000000000  0.0000000000  0.0000000000
-372.5928887157  3.1415926536  0.0000000000  0.0000000000  0.0000000000
-371.3362516543  3.1415926536  0.0000000000  0.0000000000  0.0000000000
-370.0796145929  3.1415926536  0.0000000000  0.0000000000  0.0000000000
-368.8229775314  3.1415926536  0.0000000000  0.0000000000  0.0000000000
-367.5663404700  3.1415926536  0.0000000000  0.0000000000  0.0000000000
-366.3097034086  3.1415926536  0.0000000000  0.0000000000  0.0000000000
-365.0530663471  3.1415926536  0.0000000000  0.0000000000  0.0000000000
-363.7964292857  3.1415926536  0.0000000000  0.0000000000  0.0000000000
-362.5397922243  3.1415926536  0.0000000000  0.0000000000  0.0000000000
-361.2831551628  3.1415926536  0.0000000000  0.0000000000  0.0000000000
-360.0265181014  3.1415926536  0.0000000000  0.0000000000  0.0000000000
-358.7698810400  3.1415926536  0.0000000000  0.0000000000  0.0000000000
-357.5132439785  3.1415926536  0.0000000000  0.0000000000  0.0000000000
-356.2566069171  3.1415926536  0.0000000000  0.0000000000  0.0000000000
-354.9999698556  3.1415926536  0.0000000000  0.0000000000  0.0000000000
-353.7433327942  3.1415926536  0.0000000000  0.0000000000  0.0000000000
-352.4866957328  3.1415926536  0.0000000000  0.0000000000  0.0000000000
-351.2300586713  3.1415926536  0.0000000000  0.0000000000  0.0000000000
-349.9734216099  3.1415926536  0.0000000000  0.0000000000  0.0000000000
-348.7167845485  3.1415926536  0.0000000000  0.0000000000  0.0000000000
-347.4601474870  3.1415926536  0.0000000000  0.0000000000  0.0000000000
-346.2035104256  3.1415926536  0.0000000000  0.0000000000  0.0000000000
-344.9468733642  3.1415926536  0.0000000000  0.0000000000  0.0000000000
-343.6902363027  3.1415926536  0.0000000000  0.0000000000  0.0000000000
-342.4335992413  3.1415926536  0.0000000000  0.0000000000  0.0000000000
-341.1769621799  3.1415926536  0.0000000000  0.0000000000  0.0000000000
-339.9203251184  3.1415926536  0.0000000000  0.0000000000  0.0000000000
-338.6636880570  3.1415926536  0.0000000000  0.0000000000  0.0000000000
-337.4070509955  3.1415926536  0.0000000000  0.0000000000  0.0000000000
-336.1504139341  3.1415926536  0.0000000000  0.0000000000  0.0000000000
-334.8937768727  3.1415926536  0.0000000000  0.0000000000  0.0000000000
-333.6371398112  3.1415926536  0.0000000000  0.0000000000  0.0000000000
-332.3805027498  3.1415926536  0.0000000000  0.0000000000  0.0000000000
-331.1238656884  3.1415926536  0.0000000000  0.0000000000  0.0000000000
-329.8672286269  3.1415926536  0.0000000000  0.0000000000  0.0000000000
-328.6105915655  3.1415926536  0.0000000000  0.0000000000  0.0000000000
-327.3539545041  3.1415926536  0.0000000000  0.0000000000  0.0000000000
-326.0973174426  3.1415926536  0.0000000000  0.0000000000  0.0000000000
-324.8406803812  3.1415926536  0.0000000000  0.0000000000  0.0000000000
-323.5840433197  3.1415926536  0.0000000000  0.0000000000  0.0000000000
-322.3274062583  3.1415926536  0.0000000000  0.0000000000  0.0000000000
-321.0707691969  3.1415926536  0.0000000000  0.0000000000  0.0000000000
-319.8141321354  3.1415926536  0.0000000000  0.0000000000  0.0000000000
-318.5574950740  3.1415926536  0.0000000000  0.0000000000  0.0000000000
-317.3008580126  3.1415926536  0.0000000000  0.0000000000  0.0000000000
-316.0442209511  3.1415926536  0.0000000000  0.0000000000  0.0000000000
-314.7875838897  3.1415926536  0.0000000000  0.0000000000  0.0000000000
-313.5309468283  3.1415926536  0.0000000000  0.0000000000  0.0000000000
-312.2743097668  3.1415926536  0.0000000000  0.0000000000  0.0000000000
-311.0176727054  3.1415926536  0.0000000000  0.0000000000  0.0000000000
-309.7610356440  3.1415926536  0.0000000000  0.0000000000  0.0000000000
-308.5043985825  3.1415926536  0.0000000000  0.0000000000  0.0000000000
-307.2477615211  3.1415926536  0.0000000000  0.0000000000  0.0000000000
-305.9911244596  3.1415926536  0.0000000000  0.0000000000  0.0000000000
-304.7344873982  3.1415926536  0.0000000000  0.0000000000  0.0000000000
-303.4778503368  3.1415926536  0.0000000000  0.0000000000  0.0000000000
-302.2212132753  3.1415926536  0.0000000000  0.0000000000  0.0000000000
-300.9645762139  3.1415926536  0.0000000000  0.0000000000  0.0000000000
-299.7079391525  3.1415926536  0.0000000000  0.0000000000  0.0000000000
-298.4513020910  3.1415926536  0.0000000000  0.0000000000  0.0000000000
-297.1946650296  3.1415926536  0.0000000000  0.0000000000  0.0000000000
-295.9380279682  3.1415926536  0.0000000000  0.0000000000  0.0000000000
-294.6813909067  3.1415926536  0.0000000000  0.0000000000  0.0000000000
-293.4247538453  3.1415926536  0.0000000000  0.0000000000  0.0000000000
-292.1681167839  3.1415926536  0.0000000000  0.0000000000  0.0000000000
-290.9114797224  3.1415926536  0.0000000000  0.0000000000  0.0000000000
-289.6548426610  3.1415926536  0.0000000000  0.0000000000  0.0000000000
-288.3982055995  3.1415926536  0.0000000000  0.0000000000  0.0000000000
-287.1415685381  3.1415926536  0.0000000000  0.0000000000  0.0000000000
-285.8849314767  3.1415926536  0.0000000000  0.0000000000  0.0000000000
-284.6282944152  3.1415926536  0.0000000000  0.0000000000  0.0000000000
-283.3716573538  3.1415926536  0.0000000000  0.0000000000  0.0000000000
-282.1150202924  3.1415926536  0.0000000000  0.0000000000  0.0000000000
-280.8583832309  3.1415926536  0.0000000000  0.0000000000  0.0000000000
-279.6017461695  3.1415926536  0.0000000000  0.0000000000  0.0000000000
-278.3451091081  3.1415926536  0.0000000000  0.0000000000  0.0000000000
-277.0884720466  3.1415926536  0.0000000000  0.0000000000  0.0000000000
-275.8318349852  3.1415926536  0.0000000000  0.0000000000  0.0000000000
-274.5751979237  3.1415926536  0.0000000000  0.0000000000  0.0000000000
-273.3185608623  3.1415926536  0.0000000000  0.0000000000  0.0000000000
-272.0619238009  3.1415926536  0.0000000000  0.0000000000  0.0000000000
-270.8052867394  3.1415926536  0.0000000000  0.0000000000  0.0000000000
-269.5486496780  3.1415926536  0.0000000000  0.0000000000  0.0000000000
-268.2920126166  3.1415926536  0.0000000000  0.0000000000  0.0000000000
-267.0353755551  3.1415926536  0.0000000000  0.0000000000  0.0000000000
-265.7787384937  3.1415926536  0.0000000000  0.0000000000  0.0000000000
-264.5221014323  3.1415926536  0.0000000000  0.0000000000  0.0000000000
-263.2654643708  3.1415926536  0.0000000000  0.0000000000  0.0000000000
-262.0088273094  3.1415926536  0.0000000000  0.0000000000  0.0000000000
-260.7521902480  3.1415926536  0.0000000000  0.0000000000  0.0000000000
-259.4955531865  3.1415926536  0.0000000000  0.0000000000  0.0000000000
-258.2389161251  3.1415926536  0.0000000000  0.0000000000  0.0000000000
-256.9822790636  3.1415926536  0.0000000000  0.0000000000  0.0000000000
-255.7256420022  3.1415926536  0.0000000000  0.0000000000  0.0000000000
-254.4690049408  3.1415926536  0.0000000000  0.0000000000  0.0000000000
-253.2123678793  3.1415926536  0.0000000000  0.0000000000  0.0000000000
-251.9557308179  3.1415926536  0.0000000000  0.0000000000  0.0000000000
-250.6990937565  3.1415926536  0.0000000000  0.0000000000  0.0000000000
-249.4424566950  3.1415926536  0.0000000000  0.0000000000  0.0000000000
-248.1858196336  3.1415926536  0.0000000000  0.0000000000  0.0000000000
-246.9291825722  3.1415926536  0.0000000000  0.0000000000  0.0000000000
-245.6725455107  3.1415926536  0.0000000000  0.0000000000  0.0000000000
-244.4159084493  3.1415926536  0.0000000000  0.0000000000  0.0000000000
-243.1592713878  3.1415926536  0.0000000000  0.0000000000  0.0000000000
-241.9026343264  3.1415926536  0.0000000000  0.0000000000  0.0000000000
-240.6459972650  3.1415926536  0.0000000000  0.0000000000  0.0000000000
-239.3893602035  3.1415926536  0.0000000000  0.0000000000  0.0000000000
-238.1327231421  3.1415926536  0.0000000000  0.0000000000  0.0000000000
-236.8760860807  3.1415926536  0.0000000000  0.0000000000  0.0000000000
-235.6194490192  3.1415926536  0.0000000000  0.0000000000  0.0000000000
-234.3628119578  3.1415926536  0.0000000000  0.0000000000  0.0000000000
-233.1061748964  3.1415926536  0.0000000000  0.0000000000  0.0000000000
-231.8495378349  3.1415926536  0.0000000000  0.0000000000  0.0000000000
-230.5929007735  3.1415926536  0.0000000000  0.0000000000  0.0000000000
-229.3362637121  3.1415926536  0.0000000000  0.0000000000  0.0000000000
-228.0796266506  3.1415926536  0.0000000000  0.0000000000  0.0000000000
-226.8229895892  3.1415926536  0.0000000000  0.0000000000  0.0000000000
-225.5663525277  3.1415926536  0.0000000000  0.0000000000  0.0000000000
-224.3097154663  3.1415926536  0.0000000000  0.0000000000  0.0000000000
-223.0530784049  3.1415926536  0.0000000000  0.0000000000  0.0000000000
-221.7964413434  3.1415926536  0.0000000000  0.0000000000  0.0000000000
-220.5398042820  3.1415926536  0.0000000000  0.0000000000  0.0000000000
-219.2831672206  3.1415926536  0.0000000000  0.0000000000  0.0000000000
-218.0265301591  3.1415926536  0.0000000000  0.0000000000  0.0000000000
-216.7698930977  3.1415926536  0.0000000000  0.0000000000  0.0000000000
-215.5132560363  3.1415926536  0.0000000000  0.0000000000  0.0000000000
-214.2566189748  3.1415926536  0.0000000000  0.0000000000  0.0000000000
-212.9999819134  3.1415926536  0.0000000000  0.0000000000  0.0000000000
-211.7433448520  3.1415926536  0.0000000000  0.0000000000  0.0000000000
-210.4867077905  3.1415926536  0.0000000000  0.0000000000  0.0000000000
-209.2300707291  3.1415926536  0.0000000000  0.0000000000  0.0000000000
-207.9734336676  3.1415926536  0.0000000000  0.0000000000  0.0000000000
-206.7167966062  3.1415926536  0.0000000000  0.0000000000  0.0000000000
-205.4601595448  3.1415926536  0.0000000000  0.0000000000  0.0000000000
-204.2035224833  3.1415926536  0.0000000000  0.0000000000  0.0000000000
-202.9468854219  3.1415926536  0.0000000000  0.0000000000  0.0000000000
-201.6902483605  3.1415926536  0.0000000000  0.0000000000  0.0000000000
-200.4336112990  3.1415926536  0.0000000000  0.0000000000  0.0000000000
-199.1769742376  3.1415926536  0.0000000000  0.0000000000  0.0000000000
-197.9203371762  3.1415926536  0.0000000000  0.0000000000  0.0000000000
-196.6637001147  3.1415926536  0.0000000000  0.0000000000  0.0000000000
-195.4070630533  3.1415926536  0.0000000000  0.0000000000  0.0000000000
-194.1504259918  3.1415926536  0.0000000000  0.0000000000  0.0000000000
-192.8937889304  3.1415926536  0.0000000000  0.0000000000  0.0000000000
-191.6371518690  3.1415926536  0.0000000000  0.0000000000  0.0000000000
-190.3805148075  3.1415926536  0.0000000000  0.0000000000  0.0000000000
-189.1238777461  3.1415926536  0.0000000000  0.0000000000  0.0000000000
-187.8672406847  3.1415926536  0.0000000000  0.0000000000  0.0000000000
-186.6106036232  3.1415926536  0.0000000000  0.0000000000  0.0000000000
-185.3539665618  3.1415926536  0.0000000000  0.0000000000  0.0000000000
-184.0973295004  3.1415926536  0.0000000000  0.0000000000  0.0000000000
-182.8406924389  3.1415926536  0.0000000000  0.0000000000  0.0000000000
-181.5840553775  3.1415926536  0.0000000000  0.0000000000  0.0000000000
-180.3274183161  3.1415926536  0.0000000000  0.0000000000  0.0000000000
-179.0707812546  3.1415926536  0.0000000000  0.0000000000  0.0000000000
-177.8141441932  3.1415926536  0.0000000000  0.0000000000  0.0000000000
-176.5575071317  3.1415926536  0.0000000000  0.0000000000  0.0000000000
-175.3008700703  3.1415926536  0.0000000000  0.0000000000  0.0000000000
-174.0442330089  3.1415926536  0.0000000000  0.0000000000  0.0000000000
-172.7875959474  3.1415926536  0.0000000000  0.0000000000  0.0000000000
-171.5309588860  3.1415926536  0.0000000000  0.0000000000  0.0000000000
-170.2743218246  3.1415926536  0.0000000000  0.0000000000  0.0000000000
-169.0176847631  3.1415926536  0.0000000000  0.0000000000  0.0000000000
-167.7610477017  3.1415926536  0.0000000000  0.0000000000  0.0000000000
-166.5044106403  3.1415926536  0.0000000000  0.0000000000  0.0000000000
-165.2477735788  3.1415926536  0.0000000000  0.0000000000  0.0000000000
-163.9911365174  3.1415926536  0.0000000000  0.0000000000  0.0000000000
-162.7344994560  3.1415926536  0.0000000000  0.0000000000  0.0000000000
-161.4778623945  3.1415926536  0.0000000000  0.0000000000  0.0000000000
-160.2212253331  3.1415926536  0.0000000000  0.0000000000  0.0000000000
-158.9645882716  3.1415926536  0.0000000000  0.0000000000  0.0000000000
-157.7079512102  3.1415926536  0.0000000000  0.0000000000  0.0000000000
-156.4513141488  3.1415926536  0.0000000000  0.0000000000  0.0000000000
-155.1946770873  3.1415926536  0.0000000000  0.0000000000  0.0000000000
-153.9380400259  3.1415926536  0.0000000000  0.0000000000  0.0000000000
-152.6814029645  3.1415926536  0.0000000000  0.0000000000  0.0000000000
-151.4247659030  3.1415926536  0.0000000000  0.0000000000  0.0000000000
-150.1681288416  3.1415926536  0.0000000000  0.0000000000  0.0000000000
-148.9114917802  3.1415926536  0.0000000000  0.0000000000  0.0000000000
-147.6548547187  3.1415926536  0.0000000000  0.0000000000  0.0000000000
-146.3982176573  3.1415926536  0.0000000000  0.0000000000  0.0000000000
-145.1415805958  3.1415926536  0.0000000000  0.0000000000  0.0000000000
-143.8849435344  3.1415926536  0.0000000000  0.0000000000  0.0000000000
-142.6283064730  3.1415926536  0.0000000000  0.0000000000  0.0000000000
-141.3716694115  3.1415926536  0.0000000000  0.0000000000  0.0000000000
-140.1150323501  3.1415926536  0.0000000000  0.0000000000  0.0000000000
-138.8583952887  3.1415926536  0.0000000000  0.0000000000  0.0000000000
-137.6017582272  3.1415926536  0.0000000000  0.0000000000  0.0000000000
-136.3451211658  3.1415926536  0.0000000000  0.0000000000  0.0000000000
-135.0884841044  3.1415926536  0.0000000000  0.0000000000  0.0000000000
-133.8318470429  3.1415926536  0.0000000000  0.0000000000  0.0000000000
-132.5752099815  3.1415926536  0.0000000000  0.0000000000  0.0000000000
-131.3185729201  3.1415926536  0.0000000000  0.0000000000  0.0000000000
-130.0619358586  3.1415926536  0.0000000000  0.0000000000  0.0000000000
-128.8052987972  3.1415926536  0.0000000000  0.0000000000  0.0000000000
-127.5486617357  3.1415926536  0.0000000000  0.0000000000  0.0000000000
-126.2920246743  3.1415926536  0.0000000000  0.0000000000  0.0000000000
-125.0353876129  3.1415926536  0.0000000000  0.0000000000  0.0000000000
-123.7787505514  3.1415926536  0.0000000000  0.0000000000  0.0000000000
-122.5221134900  3.1415926536  0.0000000000  0.0000000000  0.0000000000
-121.2654764286  3.1415926536  0.0000000000  0.0000000000  0.0000000000
-120.0088393671  3.1415926536  0.0000000000  0.0000000000  0.0000000000
-118.7522023057  3.1415926536  0.0000000000  0.0000000000  0.0000000000
-117.4955652443  3.1415926536  0.0000000000  0.0000000000  0.0000000000
-116.2389281828  3.1415926536  0.0000000000  0.0000000000  0.0000000000
-114.9822911214  3.1415926536  0.0000000000  0.0000000000  0.0000000000
-113.7256540600  3.1415926536  0.0000000000  0.0000000000  0.0000000000
-112.4690169985  3.1415926536  0.0000000000  0.0000000000  0.0000000000
-111.2123799371  3.1415926536  0.0000000000  0.0000000000  0.0000000000
-109.9557428756  3.1415926536  0.0000000000  0.0000000000  0.0000000000
-108.6991058142  3.1415926536  0.0000000000  0.0000000000  0.0000000000
-107.4424687528  3.1415926536  0.0000000000  0.0000000000  0.0000000000
-106.1858316913  3.1415926536  0.0000000000  0.0000000000  0.0000000000
-104.9291946299  3.1415926536  0.0000000000  0.0000000000  0.0000000000
-103.6725575685  3.1415926536  0.0000000000  0.0000000000  0.0000000000
-102.4159205070  3.1415926536  0.0000000000  0.0000000000  0.0000000000
-101.1592834456  3.1415926536  0.0000000000  0.0000000000  0.0000000000
-99.9026463842  3.1415926536  0.0000000000  0.0000000000  0.0000000000
-98.6460093227  3.1415926536  0.0000000000  0.0000000000  0.0000000000
-97.3893722613  3.1415926536  0.0000000000  0.0000000000  0.0000000000
-96.1327351998  3.1415926536  0.0000000000  0.0000000000  0.0000000000
-94.8760981384  3.1415926536  0.0000000000  0.0000000000  0.0000000000
-93.6194610770  3.1415926536  0.0000000000  0.0000000000  0.0000000000
-92.3628240155  3.1415926536  0.0000000000  0.0000000000  0.0000000000
-91.1061869541  3.1415926536  0.0000000000  0.0000000000  0.0000000000
-89.8495498927  3.1415926536  0.0000000000  0.0000000000  0.0000000000
-88.5929128312  3.1415926536  0.0000000000  0.0000000000  0.0000000000
-87.3362757698  3.1415926536  0.0000000000  0.0000000000  0.0000000000
-86.0796387084  3.1415926536  0.0000000000  0.0000000000  0.0000000000
-84.8230016469  3.1415926536  0.0000000000  0.0000000000  0.0000000000
-83.5663645855  3.1415926536  0.0000000000  0.0000000000  0.0000000000
-82.3097275241  3.1415926536  0.0000000000  0.0000000000  0.0000000000
-81.0530904626  3.1415926536  0.0000000000  0.0000000000  0.0000000000
-79.7964534012  3.1415926536  0.0000000000  0.0000000000  0.0000000000
-78.5398163397  3.1415926536  0.0000000000  0.0000000000  0.0000000000
-77.2831792783  3.1415926536  0.0000000000  0.0000000000  0.0000000000
-76.0265422169  3.1415926536  0.0000000000  0.0000000000  0.0000000000
-74.7699051554  3.1415926536  0.0000000000  0.0000000000  0.0000000000
-73.5132680940  3.1415926536  0.0000000000  0.0000000000  0.0000000000
-72.2566310326  3.1415926536  0.0000000000  0.0000000000  0.0000000000
-70.9999939711  3.1415926536  0.0000000000  0.0000000000  0.0000000000
-69.7433569097  3.1415926536  0.0000000000  0.0000000000  0.0000000000
-68.4867198483  3.1415926536  0.0000000000  0.0000000000  0.0000000000
-67.2300827868  3.1415926536  0.0000000000  0.0000000000  0.0000000000
-65.9734457254  3.1415926536  0.0000000000  0.0000000000  0.0000000000
-64.7168086639  3.1415926536  0.0000000000  0.0000000000  0.0000000000
-63.4601716025  3.1415926536  0.0000000000  0.0000000000  0.0000000000
-62.2035345411  3.1415926536  0.0000000000  0.0000000000  0.0000000000
-60.9468974796  3.1415926536  0.0000000000  0.0000000000  0.0000000000
-59.6902604182  3.1415926536  0.0000000000  0.0000000000  0.0000000000
-58.4336233568  3.1415926536  0.0000000000  0.0000000000  0.0000000000
-57.1769862953  3.1415926536  0.0000000000  0.0000000000  0.0000000000
-55.9203492339  3.1415926536  0.0000000000  0.0000000000  0.0000000000
-54.6637121725  3.1415926536  0.0000000000  0.0000000000  0.0000000000
-53.4070751110  3.1415926536  0.0000000000  0.0000000000  0.0000000000
-52.1504380496  3.1415926536  0.0000000000  0.0000000000  0.0000000000
-50.8938009882  3.1415926536  0.0000000000  0.0000000000  0.0000000000
-49.6371639267  3.1415926536  0.0000000000  0.0000000000  0.0000000000
-48.3805268653  3.1415926536  0.0000000000  0.0000000000  0.0000000000
-47.1238898038  3.1415926536  0.0000000000  0.0000000000  0.0000000000
-45.8672527424  3.1415926536  0.0000000000  0.0000000000  0.0000000000
-44.6106156810  3.1415926536  0.0000000000  0.0000000000  0.0000000000
-43.3539786195  3.1415926536  0.0000000000  0.0000000000  0.0000000000
-42.0973415581  3.1415926536  0.0000000000  0.0000000000  0.0000000000
-40.8407044967  3.1415926536  0.0000000000  0.0000000000  0.0000000000
-39.5840674352  3.1415926536  0.0000000000  0.0000000000  0.0000000000
-38.3274303738  3.1415926536  0.0000000000  0.0000000000  0.0000000000
-37.0707933124  3.1415926536  0.0000000000  0.0000000000  0.0000000000
-35.8141562509  3.1415926536  0.0000000000  0.0000000000  0.0000000000
-34.5575191895  3.1415926536  0.0000000000  0.0000000000  0.0000000000
-33.3008821281  3.1415926536  0.0000000000  0.0000000000  0.0000000000
-32.0442450666  3.1415926536  0.0000000000  0.0000000000  0.0000000000
-30.7876080052  3.1415926536  0.0000000000  0.0000000000  0.0000000000
-29.5309709437  3.1415926536  0.0000000000  0.0000000000  0.0000000000
-28.2743338823  3.1415926536  0.0000000000  0.0000000000  0.0000000000
-27.0176968209  3.1415926536  0.0000000000  0.0000000000  0.0000000000
-25.7610597594  3.1415926536  0.0000000000  0.0000000000  0.0000000000
-24.5044226980  3.1415926536  0.0000000000  0.0000000000  0.0000000000
-23.2477856366  3.1415926536  0.0000000000  0.0000000000  0.0000000000
-21.9911485751  3.1415926536  0.0000000000  0.0000000000  0.0000000000
-20.7345115137  3.1415926536  0.0000000000  0.0000000000  0.0000000000
-19.4778744523  3.1415926536  0.0000000000  0.0000000000  0.0000000000
-18.2212373908  3.1415926536  0.0000000000  0.0000000000  0.0000000000
-16.9646003294  3.1415926536  0.0000000000  0.0000000000  0.0000000000
-15.7079632679  3.1415926536  0.0000000000  0.0000000000  0.0000000000
-14.4513262065  3.1415926536  0.0000000000  0.0000000000  0.0000000000
-13.1946891451  3.1415926536  0.0000000000  0.0000000000  0.0000000000
-11.9380520836  3.1415926536  0.0000000000  0.0000000000  0.0000000000
-10.6814150222  3.1415926536  0.0000000000  0.0000000000  0.0000000000
-9.4247779608  3.1415926536  0.0000000000  0.0000000000  0.0000000000
-8.1681408993  3.1415926536  0.0000000000  0.0000000000  0.0000000000
-6.9115038379  3.1415926536  0.0000000000  0.0000000000  0.0000000000
-5.6548667765  3.1415926536  0.0000000000  0.0000000000  0.0000000000
-4.3982297150  3.1415926536  0.0000000000  0.0000000000  0.0000000000
-3.1415926536  3.1415926536  0.0000000000  0.0000000000  0.0000000000
-1.8849555922  3.1415926536  0.0000000000  0.0000000000  -0.0000004357
-0.6283185307  3.1415926536  0.0000000000  -0.0000018318  0.0000000000
0.6283185307  3.1415926536  0.0000000000  -0.0000000000  -3.4563882781
1.8849555922  3.1415926536  0.0000000000  0.0000000000  -1.3793366371
3.1415926536  3.1415926536  0.0000000000  0.0000000000  -1.0992762763
4.3982297150  3.1415926536  0.0000000000  0.0000000000  -0.9480603327
5.6548667765  3.1415926536  0.0000000000  0.0000000000  -0.8296272141
6.9115038379  3.1415926536  0.0000000000  -0.0000034126  -0.7374989333
8.1681408993  3.1415926536  0.0000000000  -0.0000000000  -0.6584751449
9.4247779608  3.1415926536  0.0000000000  -0.0000013201  -0.5910576230
10.6814150222  3.1415926536  0.0000000000  -0.0000000000  -0.5342684913
11.9380520836  3.1415926536  0.0000000000  0.0000021695  -0.4864797594
13.1946891451  3.1415926536  0.0000000000  0.0000023427  -0.4460023791
14.4513262065  3.1415926536  0.0000000000  0.0000000000  -0.4113986796
15.7079632679  3.1415926536  0.0000000000  -0.0000039177  -0.3815323841
16.9646003294  3.1415926536  0.0000000000  -0.0000082129  -0.3555245815
18.2212373908  3.1415926536  0.0000000000  -0.0000119987  -0.3326947298
19.4778744523  3.1415926536  0.0000000000  -0.0000148002  -0.3125106367
20.7345115137  3.1415926536  0.0000000000  -0.0000164671  -0.2945508882
21.9911485751  3.1415926536  0.0000000000  -0.0000170505  -0.2784776231
23.2477856366  3.1415926536  0.0000000000  -0.0000167041  -0.2640168691
24.5044226980  3.1415926536  0.0000000000  -0.0000156172  -0.2509441954
25.7610597594  3.1415926536  0.0000000000  -0.0000139775  -0.2390740896
27.0176968209  3.1415926536  0.0000000000  -0.0000119520  -0.2282519674
28.2743338823  3.1415926536  0.0000000000  -0.0000096805  -0.2183480747
29.5309709437  3.1415926536  0.0000000000  -0.0000072741  -0.2092527737
30.7876080052  3.1415926536  0.0000000000  -0.0000048189  -0.2008728557
32.0442450666  3.1415926536  0.0000000000  -0.0000023788  -0.1931286285
33.3008821281  3.1415926536  0.0000000000  -0.0000000000  -0.1859515949
34.5575191895  3.1415926536  0.0000000000  0.0000022855  -0.1792825874
35.8141562509  3.1415926536  0.0000000000  0.0000044568  -0.1730702583
37.0707933124  3.1415926536  0.0000000000  0.0000065010  -0.1672698500
38.3274303738  3.1415926536  0.0000000000  0.0000084118  -0.1618421865
39.5840674352  3.1415926536  0.0000000000  0.0000101873  -0.1567528425
40.8407044967  3.1415926536  0.0000000000  0.0000118288  -0.1519714538
42.0973415581  3.1415926536  0.0000000000  0.0000133401  -0.1474711439
43.3539786195  3.1415926536  0.0000000000  0.0000147264  -0.1432280425
44.6106156810  3.1415926536  0.0000000000  0.0000159939  -0.1392208819
45.8672527424  3.1415926536  0.0000000000  0.0000171492  -0.1354306552
47.1238898038  3.1415926536  0.0000000000  0.0000181995  -0.1318403268
48.3805268653  3.1415926536  0.0000000000  0.0000191517  -0.1284345853
49.6371639267  3.1415926536  0.0000000000  0.0000200127  -0.1251996330
50.8938009882  3.1415926536  0.0000000000  0.0000207892  -0.1221230048
52.1504380496  3.1415926536  0.0000000000  0.0000214876  -0.1191934120
53.4070751110  3.1415926536  0.0000000000  0.0000221140  -0.1164006082
54.6637121725  3.1415926536  0.0000000000  0.0000226739  -0.1137352722
55.9203492339  3.1415926536  0.0000000000  0.0000231728  -0.1111889064
57.1769862953  3.1415926536  0.0000000000  0.0000236156  -0.1087537487
58.4336233568  3.1415926536  0.0000000000  0.0000240069  -0.1064226948
59.6902604182  3.1415926536  0.0000000000  0.0000243509  -0.1041892305
60.9468974796  3.1415926536  0.0000000000  0.0000246516  -0.1020473717
62.2035345411  3.1415926536  0.0000000000  0.0000249126  -0.0999916120
63.4601716025  3.1415926536  0.0000000000  0.0000251373  -0.0980168762
64.7168086639  3.1415926536  0.0000000000  0.0000253287  -0.0961184789
65.9734457254  3.1415926536  0.0000000000  0.0000254897  -0.0942920880
67.2300827868  3.1415926536  0.0000000000  0.0000256229  -0.0925336923
68.4867198483  3.1415926536  0.0000000000  0.0000257306  -0.0908395722
69.7433569097  3.1415926536  0.0000000000  0.0000258150  -0.0892062737
70.9999939711  3.1415926536  0.0000000000  0.0000258782  -0.0876305856
72.2566310326  3.1415926536  0.0000000000  0.0000259219  -0.0861095181
73.5132680940  3.1415926536  0.0000000000  0.0000259479  -0.0846402844
74.7699051554  3.1415926536  0.0000000000  0.0000259577  -0.0832202837
76.0265422169  3.1415926536  0.0000000000  0.0000259527  -0.0818470859
77.2831792783  3.1415926536  0.0000000000  0.0000259343  -0.0805184182
78.5398163397  3.1415926536  0.0000000000  0.0000259036  -0.0792321521
79.7964534012  3.1415926536  0.0000000000  0.0000258617  -0.0779862925
81.0530904626  3.1415926536  0.0000000000  0.0000258097  -0.0767789672
82.3097275241  3.1415926536  0.0000000000  0.0000257484  -0.0756084180
83.5663645855  3.1415926536  0.0000000000  0.0000256787  -0.0744729916
84.8230016469  3.1415926536  0.0000000000  0.0000256015  -0.0733711325
86.0796387084  3.1415926536  0.0000000000  0.0000255173  -0.0723013752
87.3362757698  3.1415926536  0.0000000000  0.0000254269  -0.0712623385
88.5929128312  3.1415926536  0.0000000000  0.0000253308  -0.0702527192
89.8495498927  3.1415926536  0.0000000000  0.0000252297  -0.0692712865
91.1061869541  3.1415926536  0.0000000000  0.0000251240  -0.0683168774
92.3628240155  3.1415926536  0.0000000000  0.0000250143  -0.0673883918
93.6194610770  3.1415926536  0.0000000000  0.0000249008  -0.0664847888
94.8760981384  3.1415926536  0.0000000000  0.0000247841  -0.0656050819
96.1327351998  3.1415926536  0.0000000000  0.0000246644  -0.0647483364
97.3893722613  3.1415926536  0.0000000000  0.0000245422  -0.0639136657
98.6460093227  3.1415926536  0.0000000000  0.0000244178  -0.0631002279
99.9026463842  3.1415926536  0.0000000000  0.0000242913  -0.0623072236
101.1592834456  3.1415926536  0.0000000000  0.0000241631  -0.0615338931
102.4159205070  3.1415926536  0.0000000000  0.0000240335  -0.0607795135
103.6725575685  3.1415926536  0.0000000000  0.0000239026  -0.0600433971
104.9291946299  3.1415926536  0.0000000000  0.0000237706  -0.0593248891
106.1858316913  3.1415926536  0.0000000000  0.0000236377  -0.0586233654
107.4424687528  3.1415926536  0.0000000000  0.0000235042  -0.0579382313
108.6991058142  3.1415926536  0.0000000000  0.0000233701  -0.0572689194
109.9557428756  3.1415926536  0.0000000000  0.0000232356  -0.0566148880
111.2123799371  3.1415926536  0.0000000000  0.0000231009  -0.0559756201
112.4690169985  3.1415926536  0.0000000000  0.0000229660  -0.0553506216
113.7256540600  3.1415926536  0.0000000000  0.0000228311  -0.0547394202
114.9822911214  3.1415926536  0.0000000000  0.0000226962  -0.0541415644
116.2389281828  3.1415926536  0.0000000000  0.0000225615  -0.0535566218
117.4955652443  3.1415926536  0.0000000000  0.0000224270  -0.0529841788
118.7522023057  3.1415926536  0.0000000000  0.0000222929  -0.0524238392
120.0088393671  3.1415926536  0.0000000000  0.0000221592  -0.0518752232
121.2654764286  3.1415926536  0.0000000000  0.0000220259  -0.0513379669
122.5221134900  3.1415926536  0.0000000000  0.0000218932  -0.0508117212
123.7787505514  3.1415926536  0.0000000000  0.0000217610  -0.0502961513
125.0353876129  3.1415926536  0.0000000000  0.0000216295  -0.0497909355
126.2920246743  3.1415926536  0.0000000000  0.0000214986  -0.0492957653
127.5486617357  3.1415926536  0.0000000000  0.0000213684  -0.0488103440
128.8052987972  3.1415926536  0.0000000000  0.0000212390  -0.0483343867
130.0619358586  3.1415926536  0.0000000000  0.0000211104  -0.0478676193
131.3185729201  3.1415926536  0.0000000000  0.0000209825  -0.0474097784
132.5752099815  3.1415926536  0.0000000000  0.0000208556  -0.0469606103
133.8318470429  3.1415926536  0.0000000000  0.0000207294  -0.0465198711
135.0884841044  3.1415926536  0.0000000000  0.0000206042  -0.0460873257
136.3451211658  3.1415926536  0.0000000000  0.0000204798  -0.0456627478
137.6017582272  3.1415926536  0.0000000000  0.0000203564  -0.0452459193
138.8583952887  3.1415926536  0.0000000000  0.0000202339  -0.0448366301
140.1150323501  3.1415926536  0.0000000000  0.0000201124  -0.0444346776
141.3716694115  3.1415926536  0.0000000000  0.0000199918  -0.0440398661
142.6283064730  3.1415926536  0.0000000000  0.0000198721  -0.0436520072
143.8849435344  3.1415926536  0.0000000000  0.0000197534  -0.0432709189
145.1415805958  3.1415926536  0.0000000000  0.0000196357  -0.0428964255
146.3982176573  3.1415926536  0.0000000000  0.0000195190  -0.0425283572
147.6548547187  3.1415926536  0.0000000000  0.0000194033  -0.0421665502
148.9114917802  3.1415926536  0.0000000000  0.0000192885  -0.0418108460
150.1681288416  3.1415926536  0.0000000000  0.0000191748  -0.0414610917
151.4247659030  3.1415926536  0.0000000000  0.0000190620  -0.0411171392
152.6814029645  3.1415926536  0.0000000000  0.0000189502  -0.0407788453
153.9380400259  3.1415926536  0.0000000000  0.0000188394  -0.0404460716
155.1946770873  3.1415926536  0.0000000000  0.0000187296  -0.0401186841
156.4513141488  3.1415926536  0.0000000000  0.0000186208  -0.0397965530
157.7079512102  3.1415926536  0.0000000000  0.0000185129  -0.0394795529
158.9645882716  3.1415926536  0.0000000000  0.0000184060  -0.0391675622
160.2212253331  3.1415926536  0.0000000000  0.0000183001  -0.0388604629
161.4778623945  3.1415926536  0.0000000000  0.0000181952  -0.0385581411
162.7344994560  3.1415926536  0.0000000000  0.0000180912  -0.0382604862
163.9911365174  3.1415926536  0.0000000000  0.0000179882  -0.0379673908
165.2477735788  3.1415926536  0.0000000000  0.0000178861  -0.0376787511
166.5044106403  3.1415926536  0.0000000000  0.0000177849  -0.0373944663
167.7610477017  3.1415926536  0.0000000000  0.0000176847  -0.0371144385
169.0176847631  3.1415926536  0.0000000000  0.0000175854  -0.0368385728
170.2743218246  3.1415926536  0.0000000000  0.0000174871  -0.0365667772
171.5309588860  3.1415926536  0.0000000000  0.0000173896  -0.0362989622
172.7875959474  3.1415926536  0.0000000000  0.0000172931  -0.0360350411
174.0442330089  3.1415926536  0.0000000000  0.0000171975  -0.0357749296
175.3008700703  3.1415926536  0.0000000000  0.0000171027  -0.0355185457
176.5575071317  3.1415926536  0.0000000000  0.0000170089  -0.0352658100
177.8141441932  3.1415926536  0.0000000000  0.0000169159  -0.0350166451
179.0707812546  3.1415926536  0.0000000000  0.0000168238  -0.0347709759
180.3274183161  3.1415926536  0.0000000000  0.0000167325  -0.0345287293
181.5840553775  3.1415926536  0.0000000000  0.0000166421  -0.0342898344
182.8406924389  3.1415926536  0.0000000000  0.0000165525  -0.0340542220
184.0973295004  3.1415926536  0.0000000000  0.0000164638  -0.0338218250
185.3539665618  3.1415926536  0.0000000000  0.0000163759  -0.0335925780
186.6106036232  3.1415926536  0.0000000000  0.0000162888  -0.0333664174
187.8672406847  3.1415926536  0.0000000000  0.0000162026  -0.0331432813
189.1238777461  3.1415926536  0.0000000000  0.0000161171  -0.0329231095
190.3805148075  3.1415926536  0.0000000000  0.0000160324  -0.0327058432
191.6371518690  3.1415926536  0.0000000000  0.0000159485  -0.0324914254
192.8937889304  3.1415926536  0.0000000000  0.0000158654  -0.0322798003
194.1504259918  3.1415926536  0.0000000000  0.0000157831  -0.0320709139
195.4070630533  3.1415926536  0.0000000000  0.0000157015  -0.0318647132
196.6637001147  3.1415926536  0.0000000000  0.0000156206  -0.0316611468
197.9203371762  3.1415926536  0.0000000000  0.0000155405  -0.0314601646
199.1769742376  3.1415926536  0.0000000000  0.0000154612  -0.0312617177
200.4336112990  3.1415926536  0.0000000000  0.0000153825  -0.0310657584
201.6902483605  3.1415926536  0.0000000000  0.0000153046  -0.0308722402
202.9468854219  3.1415926536  0.0000000000  0.0000152274  -0.0306811178
204.2035224833  3.1415926536  0.0000000000  0.0000151509  -0.0304923469
205.4601595448  3.1415926536  0.0000000000  0.0000150751  -0.0303058846
206.7167966062  3.1415926536  0.0000000000  0.0000150000  -0.0301216886
207.9734336676  3.1415926536  0.0000000000  0.0000149255  -0.0299397179
209.2300707291  3.1415926536  0.0000000000  0.0000148518  -0.0297599324
210.4867077905  3.1415926536  0.0000000000  0.0000147787  -0.0295822931
211.7433448520  3.1415926536  0.0000000000  0.0000147062  -0.0294067616
212.9999819134  3.1415926536  0.0000000000  0.0000146344  -0.0292333008
214.2566189748  3.1415926536  0.0000000000  0.0000145633  -0.0290618741
215.5132560363  3.1415926536  0.0000000000  0.0000144927  -0.0288924461
216.7698930977  3.1415926536  0.0000000000  0.0000144228  -0.0287249819
218.0265301591  3.1415926536  0.0000000000  0.0000143536  -0.0285594477
219.2831672206  3.1415926536  0.0000000000  0.0000142849  -0.0283958103
220.5398042820  3.1415926536  0.0000000000  0.0000142168  -0.0282340372
221.7964413434  3.1415926536  0.0000000000  0.0000141494  -0.0280740967
223.0530784049  3.1415926536  0.0000000000  0.0000140825  -0.0279159580
224.3097154663  3.1415926536  0.0000000000  0.0000140162  -0.0277595907
225.5663525277  3.1415926536  0.0000000000  0.0000139505  -0.0276049652
226.8229895892  3.1415926536  0.0000000000  0.0000138854  -0.0274520527
228.0796266506  3.1415926536  0.0000000000  0.0000138208  -0.0273008247
229.3362637121  3.1415926536  0.0000000000  0.0000137568  -0.0271512537
230.5929007735  3.1415926536  0.0000000000  0.0000136933  -0.0270033125
231.8495378349  3.1415926536  0.0000000000  0.0000136304  -0.0268569746
233.1061748964  3.1415926536  0.0000000000  0.0000135680  -0.0267122141
234.3628119578  3.1415926536  0.0000000000  0.0000135062  -0.0265690057
235.6194490192  3.1415926536  0.0000000000  0.0000134449  -0.0264273246
236.8760860807  3.1415926536  0.0000000000  0.0000133841  -0.0262871463
238.1327231421  3.1415926536  0.0000000000  0.0000133238  -0.0261484472
239.3893602035  3.1415926536  0.0000000000  0.0000132640  -0.0260112039
240.6459972650  3.1415926536  0.0000000000  0.0000132048  -0.0258753937
241.9026343264  3.1415926536  0.0000000000  0.0000131460  -0.0257409942
243.1592713878  3.1415926536  0.0000000000  0.0000130877  -0.0256079836
244.4159084493  3.1415926536  0.0000000000  0.0000130299  -0.0254763404
245.6725455107  3.1415926536  0.0000000000  0.0000129726  -0.0253460437
246.9291825722  3.1415926536  0.0000000000  0.0000129158  -0.0252170729
248.1858196336  3.1415926536  0.0000000000  0.0000128594  -0.0250894079
249.4424566950  3.1415926536  0.0000000000  0.0000128035  -0.0249630289
250.6990937565  3.1415926536  0.0000000000  0.0000127481  -0.0248379167
251.9557308179  3.1415926536  0.0000000000  0.0000126931  -0.0247140522
253.2123678793  3.1415926536  0.0000000000  0.0000126385  -0.0245914169
254.4690049408  3.1415926536  0.0000000000  0.0000125844  -0.0244699926
255.7256420022  3.1415926536  0.0000000000  0.0000125308  -0.0243497614
256.9822790636  3.1415926536  0.0000000000  0.0000124775  -0.0242307059
258.2389161251  3.1415926536  0.0000000000  0.0000124247  -0.0241128089
259.4955531865  3.1415926536  0.0000000000  0.0000123724  -0.0239960535
260.7521902480  3.1415926536  0.0000000000  0.0000123204  -0.0238804233
262.0088273094  3.1415926536  0.0000000000  0.0000122689  -0.0237659020
263.2654643708  3.1415926536  0.0000000000  0.0000122177  -0.0236524739
264.5221014323  3.1415926536  0.0000000000  0.0000121670  -0.0235401232
265.7787384937  3.1415926536  0.0000000000  0.0000121167  -0.0234288348
267.0353755551  3.1415926536  0.0000000000  0.0000120668  -0.0233185937
268.2920126166  3.1415926536  0.0000000000  0.0000120172  -0.0232093850
269.5486496780  3.1415926536  0.0000000000  0.0000119681  -0.0231011945
270.8052867394  3.1415926536  0.0000000000  0.0000119193  -0.0229940079
272.0619238009  3.1415926536  0.0000000000  0.0000118709  -0.0228878113
273.3185608623  3.1415926536  0.0000000000  0.0000118229  -0.0227825911
274.5751979237  3.1415926536  0.0000000000  0.0000117753  -0.0226783338
275.8318349852  3.1415926536  0.0000000000  0.0000117280  -0.0225750264
277.0884720466  3.1415926536  0.0000000000  0.0000116811  -0.0224726558
278.3451091081  3.1415926536  0.0000000000  0.0000116346  -0.0223712094
279.6017461695  3.1415926536  0.0000000000  0.0000115884  -0.0222706748
280.8583832309  3.1415926536  0.0000000000  0.0000115425  -0.0221710397
282.1150202924  3.1415926536  0.0000000000  0.0000114970  -0.0220722920
283.3716573538  3.1415926536  0.0000000000  0.0000114519  -0.0219744201
284.6282944152  3.1415926536  0.0000000000  0.0000114071  -0.0218774122
285.8849314767  3.1415926536  0.0000000000  0.0000113626  -0.0217812570
287.1415685381  3.1415926536  0.0000000000  0.0000113184  -0.0216859433
288.3982055995  3.1415926536  0.0000000000  0.0000112746  -0.0215914601
289.6548426610  3.1415926536  0.0000000000  0.0000112312  -0.0214977966
290.9114797224  3.1415926536  0.0000000000  0.0000111880  -0.0214049422
292.1681167839  3.1415926536  0.0000000000  0.0000111451  -0.0213128864
293.4247538453  3.1415926536  0.0000000000  0.0000111026  -0.0212216190
294.6813909067  3.1415926536  0.0000000000  0.0000110604  -0.0211311299
295.9380279682  3.1415926536  0.0000000000  0.0000110185  -0.0210414092
297.1946650296  3.1415926536  0.0000000000  0.0000109769  -0.0209524471
298.4513020910  3.1415926536  0.0000000000  0.0000109356  -0.0208642341
299.7079391525  3.1415926536  0.0000000000  0.0000108946  -0.0207767606
300.9645762139  3.1415926536  0.0000000000  0.0000108539  -0.0206900176
302.2212132753  3.1415926536  0.0000000000  0.0000108135  -0.0206039958
303.4778503368  3.1415926536  0.0000000000  0.0000107734  -0.0205186864
304.7344873982  3.1415926536  0.0000000000  0.0000107336  -0.0204340804
305.9911244596  3.1415926536  0.0000000000  0.0000106940  -0.0203501693
307.2477615211  3.1415926536  0.0000000000  0.0000106547  -0.0202669444
308.5043985825  3.1415926536  0.0000000000  0.0000106158  -0.0201843975
309.7610356440  3.1415926536  0.0000000000  0.0000105770  -0.0201025203
311.0176727054  3.1415926536  0.0000000000  0.0000105386  -0.0200213046
312.2743097668  3.1415926536  0.0000000000  0.0000105004  -0.0199407424
313.5309468283  3.1415926536  0.0000000000  0.0000104625  -0.0198608260
314.7875838897  3.1415926536  0.0000000000  0.0000104249  -0.0197815476
316.0442209511  3.1415926536  0.0000000000  0.0000103875  -0.0197028995
317.3008580126  3.1415926536  0.0000000000  0.0000103504  -0.0196248743
318.5574950740  3.1415926536  0.0000000000  0.0000103136  -0.0195474646
319.8141321354  3.1415926536  0.0000000000  0.0000102770  -0.0194706632
321.0707691969  3.1415926536  0.0000000000  0.0000102406  -0.0193944629
322.3274062583  3.1415926536  0.0000000000  0.0000102045  -0.0193188567
323.5840433197  3.1415926536  0.0000000000  0.0000101687  -0.0192438376
324.8406803812  3.1415926536  0.0000000000  0.0000101331  -0.0191693989
326.0973174426  3.1415926536  0.0000000000  0.0000100977  -0.0190955339
327.3539545041  3.1415926536  0.0000000000  0.0000100626  -0.0190222359
328.6105915655  3.1415926536  0.0000000000  0.0000100277  -0.0189494984
329.8672286269  3.1415926536  0.0000000000  0.0000099930  -0.0188773151
331.1238656884  3.1415926536  0.0000000000  0.0000099586  -0.0188056795
332.3805027498  3.1415926536  0.0000000000  0.0000099244  -0.0187345856
333.6371398112  3.1415926536  0.0000000000  0.0000098905  -0.0186640272
334.8937768727  3.1415926536  0.0000000000  0.0000098567  -0.0185939982
336.1504139341  3.1415926536  0.0000000000  0.0000098232  -0.0185244928
337.4070509955  3.1415926536  0.0000000000  0.0000097899  -0.0184555050
338.6636880570  3.1415926536  0.0000000000  0.0000097568  -0.0183870292
339.9203251184  3.1415926536  0.0000000000  0.0000097240  -0.0183190596
341.1769621799  3.1415926536  0.0000000000  0.0000096914  -0.0182515906
342.4335992413  3.1415926536  0.0000000000  0.0000096589  -0.0181846168
343.6902363027  3.1415926536  0.0000000000  0.0000096267  -0.0181181327
344.9468733642  3.1415926536  0.0000000000  0.0000095947  -0.0180521330
346.2035104256  3.1415926536  0.0000000000  0.0000095629  -0.0179866123
347.4601474870  3.1415926536  0.0000000000  0.0000095313  -0.0179215655
348.7167845485  3.1415926536  0.0000000000  0.0000094999  -0.0178569874
349.9734216099  3.1415926536  0.0000000000  0.0000094687  -0.0177928731
351.2300586713  3.1415926536  0.0000000000  0.0000094378  -0.0177292175
352.4866957328  3.1415926536  0.0000000000  0.0000094070  -0.0176660158
353.7433327942  3.1415926536  0.0000000000  0.0000093764  -0.0176032630
354.9999698556  3.1415926536  0.0000000000  0.0000093460  -0.0175409544
356.2566069171  3.1415926536  0.0000000000  0.0000093158  -0.0174790854
357.5132439785  3.1415926536  0.0000000000  0.0000092857  -0.0174176513
358.7698810400  3.1415926536  0.0000000000  0.0000092559  -0.0173566475
360.0265181014  3.1415926536  0.0000000000  0.0000092263  -0.0172960695
361.2831551628  3.1415926536  0.0000000000  0.0000091968  -0.0172359129
362.5397922243  3.1415926536  0.0000000000  0.0000091676  -0.0171761733
363.7964292857  3.1415926536  0.0000000000  0.0000091385  -0.0171168463
365.0530663471  3.1415926536  0.0000000000  0.0000091096  -0.0170579278
366.3097034086  3.1415926536  0.0000000000  0.0000090808  -0.0169994135
367.5663404700  3.1415926536  0.0000000000  0.0000090523  -0.0169412992
368.8229775314  3.1415926536  0.0000000000  0.0000090239  -0.0168835809
370.0796145929  3.1415926536  0.0000000000  0.0000089957  -0.0168262546
371.3362516543  3.1415926536  0.0000000000  0.0000089677  -0.0167693162
372.5928887157  3.1415926536  0.0000000000  0.0000089398  -0.0167127618
373.8495257772  3.1415926536  0.0000000000  0.0000089121  -0.0166565876
375.1061628386  3.1415926536  0.0000000000  0.0000088846  -0.0166007898
376.3627999001  3.1415926536  0.0000000000  0.0000088572  -0.0165453645
377.6194369615  3.1415926536  0.0000000000  0.0000088300  -0.0164903081
378.8760740229  3.1415926536  0.0000000000  0.0000088030  -0.0164356169
380.1327110844  3.1415926536  0.0000000000  0.0000087761  -0.0163812873
381.3893481458  3.1415926536  0.0000000000  0.0000087494  -0.0163273156
382.6459852072  3.1415926536  0.0000000000  0.0000087229  -0.0162736984
383.9026222687  3.1415926536  0.0000000000  0.0000086965  -0.0162204322
385.1592593301  3.1415926536  0.0000000000  0.0000086703  -0.0161675135
386.4158963915  3.1415926536  0.0000000000  0.0000086442  -0.0161149390
387.6725334530  3.1415926536  0.0000000000  0.0000086183  -0.0160627053
388.9291705144  3.1415926536  0.0000000000  0.0000085925  -0.0160108091
390.1858075759  3.1415926536  0.0000000000  0.0000085669  -0.0159592472
391.4424446373  3.1415926536  0.0000000000  0.0000085414  -0.0159080163
392.6990816987  3.1415926536  0.0000000000  0.0000085161  -0.0158571133
393.9557187602  3.1415926536  0.0000000000  0.0000084909  -0.0158065349
395.2123558216  3.1415926536  0.0000000000  0.0000084659  -0.0157562782
396.4689928830  3.1415926536  0.0000000000  0.0000084410  -0.0157063400
397.7256299445  3.1415926536  0.0000000000  0.0000084163  -0.0156567174
398.9822670059  3.1415926536  0.0000000000  0.0000083917  -0.0156074074
400.2389040673  3.1415926536  0.0000000000  0.0000083672  -0.0155584069
401.4955411288  3.1415926536  0.0000000000  0.0000083429  -0.0155097132
402.7521781902  3.1415926536  0.0000000000  0.0000083187  -0.0154613233
404.0088152516  3.1415926536  0.0000000000  0.0000082947  -0.0154132345
405.2654523131  3.1415926536  0.0000000000  0.0000082708  -0.0153654438
406.5220893745  3.1415926536  0.0000000000  0.0000082470  -0.0153179485
407.7787264360  3.1415926536  0.0000000000  0.0000082234  -0.0152707460
409.0353634974  3.1415926536  0.0000000000  0.0000081999  -0.0152238335
410.2920005588  3.1415926536  0.0000000000  0.0000081765  -0.0151772083
411.5486376203  3.1415926536  0.0000000000  0.0000081532  -0.0151308678
412.8052746817  3.1415926536  0.0000000000  0.0000081301  -0.0150848095
414.0619117431  3.1415926536  0.0000000000  0.0000081072  -0.0150390307
415.3185488046  3.1415926536  0.0000000000  0.0000080843  -0.0149935289
416.5751858660  3.1415926536  0.0000000000  0.0000080616  -0.0149483016
417.8318229274  3.1415926536  0.0000000000  0.0000080390  -0.0149033463
419.0884599889  3.1415926536  0.0000000000  0.0000080165  -0.0148586607
420.3450970503  3.1415926536  0.0000000000  0.0000079941  -0.0148142421
421.6017341118  3.1415926536  0.0000000000  0.0000079719  -0.0147700884
422.8583711732  3.1415926536  0.0000000000  0.0000079498  -0.0147261970
424.1150082346  3.1415926536  0.0000000000  0.0000079278  -0.0146825658
425.3716452961  3.1415926536  0.0000000000  0.0000079060  -0.0146391923
426.6282823575  3.1415926536  0.0000000000  0.0000078842  -0.0145960743
427.8849194189  3.1415926536  0.0000000000  0.0000078626  -0.0145532096
429.1415564804  3.1415926536  0.0000000000  0.0000078411  -0.0145105959
430.3981935418  3.1415926536  0.0000000000  0.0000078197  -0.0144682310
431.6548306032  3.1415926536  0.0000000000  0.0000077984  -0.0144261127
432.9114676647  3.1415926536  0.0000000000  0.0000077772  -0.0143842390
434.1681047261  3.1415926536  0.0000000000  0.0000077561  -0.0143426076
435.4247417875  3.1415926536  0.0000000000  0.0000077352  -0.0143012165
436.6813788490  3.1415926536  0.0000000000  0.0000077144  -0.0142600637
437.9380159104  3.1415926536  0.0000000000  0.0000076936  -0.0142191469
439.1946529719  3.1415926536  0.0000000000  0.0000076730  -0.0141784644
440.4512900333  3.1415926536  0.0000000000  0.0000076525  -0.0141380139
441.7079270947  3.1415926536  0.0000000000  0.0000076321  -0.0140977936
442.9645641562  3.1415926536  0.0000000000  0.0000076118  -0.0140578014
444.2212012176  3.1415926536  0.0000000000  0.0000075917  -0.0140180356
445.4778382790  3.1415926536  0.0000000000  0.0000075716  -0.0139784940
446.7344753405  3.1415926536  0.0000000000  0.0000075516  -0.0139391749
447.9911124019  3.1415926536  0.0000000000  0.0000075317  -0.0139000764
449.2477494633  3.1415926536  0.0000000000  0.0000075120  -0.0138611966
450.5043865248  3.1415926536  0.0000000000  0.0000074923  -0.0138225337
451.7610235862  3.1415926536  0.0000000000  0.0000074727  -0.0137840858
453.0176606476  3.1415926536  0.0000000000  0.0000074533  -0.0137458513
454.2742977091  3.1415926536  0.0000000000  0.0000074339  -0.0137078283
455.5309347705  3.1415926536  0.0000000000  0.0000074147  -0.0136700150
456.7875718320  3.1415926536  0.0000000000  0.0000073955  -0.0136324098
458.0442088934  3.1415926536  0.0000000000  0.0000073764  -0.0135950109
459.3008459548  3.1415926536  0.0000000000  0.0000073575  -0.0135578166
460.5574830163  3.1415926536  0.0000000000  0.0000073386  -0.0135208253
461.8141200777  3.1415926536  0.0000000000  0.0000073198  -0.0134840354
463.0707571391  3.1415926536  0.0000000000  0.0000073011  -0.0134474450
464.3273942006  3.1415926536  0.0000000000  0.0000072825  -0.0134110527
465.5840312620  3.1415926536  0.0000000000  0.0000072640  -0.0133748569
466.8406683234  3.1415926536  0.0000000000  0.0000072456  -0.0133388559
468.0973053849  3.1415926536  0.0000000000  0.0000072273  -0.0133030482
469.3539424463  3.1415926536  0.0000000000  0.0000072091  -0.0132674322
470.6105795078  3.1415926536  0.0000000000  0.0000071910  -0.0132320064
471.8672165692  3.1415926536  0.0000000000  0.0000071729  -0.0131967693
473.1238536306  3.1415926536  0.0000000000  0.0000071550  -0.0131617194
474.3804906921  3.1415926536  0.0000000000  0.0000071371  -0.0131268551
475.6371277535  3.1415926536  0.0000000000  0.0000071193  -0.0130921751
476.8937648149  3.1415926536  0.0000000000  0.0000071017  -0.0130576778
478.1504018764  3.1415926536  0.0000000000  0.0000070841  -0.0130233618
479.4070389378  3.1415926536  0.0000000000  0.0000070665  -0.0129892257
480.6636759992  3.1415926536  0.0000000000  0.0000070491  -0.0129552681
481.9203130607  3.1415926536  0.0000000000  0.0000070318  -0.0129214876
483.1769501221  3.1415926536  0.0000000000  0.0000070145  -0.0128878828
484.4335871835  3.1415926536  0.0000000000  0.0000069973  -0.0128544524
485.6902242450  3.1415926536  0.0000000000  0.0000069802  -0.0128211949
486.9468613064  3.1415926536  0.0000000000  0.0000069632  -0.0127881090
488.2034983679  3.1415926536  0.0000000000  0.0000069463  -0.0127551935
489.4601354293  3.1415926536  0.0000000000  0.0000069295  -0.0127224470
490.7167724907  3.1415926536  0.0000000000  0.0000069127  -0.0126898681
491.9734095522  3.1415926536  0.0000000000  0.0000068960  -0.0126574558
493.2300466136  3.1415926536  0.0000000000  0.0000068794  -0.0126252085
494.4866836750  3.1415926536  0.0000000000  0.0000068629  -0.0125931252
495.7433207365  3.1415926536  0.0000000000  0.0000068464  -0.0125612045
496.9999577979  3.1415926536  0.0000000000  0.0000068301  -0.0125294452
498.2565948593  3.1415926536  0.0000000000  0.0000068138  -0.0124978461
499.5132319208  3.1415926536  0.0000000000  0.0000067975  -0.0124664059
500.7698689822  3.1415926536  0.0000000000  0.0000067814  -0.0124351236
502.0265060436  3.1415926536  0.0000000000  0.0000067653  -0.0124039979
503.2831431051  3.1415926536  0.0000000000  0.0000067494  -0.0123730276
504.5397801665  3.1415926536  0.0000000000  0.0000067334  -0.0123422115
505.7964172280  3.1415926536  0.0000000000  0.0000067176  -0.0123115486
507.0530542894  3.1415926536  0.0000000000  0.0000067018  -0.0122810376
508.3096913508  3.1415926536  0.0000000000  0.0000066861  -0.0122506775
509.5663284123  3.1415926536  0.0000000000  0.0000066705  -0.0122204672
510.8229654737  3.1415926536  0.0000000000  0.0000066550  -0.0121904054
512.0796025351  3.1415926536  0.0000000000  0.0000066395  -0.0121604913
513.3362395966  3.1415926536  0.0000000000  0.0000066241  -0.0121307235
514.5928766580  3.1415926536  0.0000000000  0.0000066087  -0.0121011011
515.8495137194  3.1415926536  0.0000000000  0.0000065935  -0.0120716231
517.1061507809  3.1415926536  0.0000000000  0.0000065783  -0.0120422883
518.3627878423  3.1415926536  0.0000000000  0.0000065632  -0.0120130957
519.6194249038  3.1415926536  0.0000000000  0.0000065481  -0.0119840444
520.8760619652  3.1415926536  0.0000000000  0.0000065331  -0.0119551332
522.1326990266  3.1415926536  0.0000000000  0.0000065182  -0.0119263611
523.3893360881  3.1415926536  0.0000000000  0.0000065033  -0.0118977272
524.6459731495  3.1415926536  0.0000000000  0.0000064886  -0.0118692305
525.9026102109  3.1415926536  0.0000000000  0.0000064738  -0.0118408700
527.1592472724  3.1415926536  0.0000000000  0.0000064592  -0.0118126446
528.4158843338  3.1415926536  0.0000000000  0.0000064446  -0.0117845535
529.6725213952  3.1415926536  0.0000000000  0.0000064301  -0.0117565957
530.9291584567  3.1415926536  0.0000000000  0.0000064156  -0.0117287702
532.1857955181  3.1415926536  0.0000000000  0.0000064012  -0.0117010762
533.4424325795  3.1415926536  0.0000000000  0.0000063869  -0.0116735126
534.6990696410  3.1415926536  0.0000000000  0.0000063726  -0.0116460785
535.9557067024  3.1415926536  0.0000000000  0.0000063584  -0.0116187731
537.2123437639  3.1415926536  0.0000000000  0.0000063443  -0.0115915954
538.4689808253  3.1415926536  0.0000000000  0.0000063302  -0.0115645446
539.7256178867  3.1415926536  0.0000000000  0.0000063162  -0.0115376198
540.9822549482  3.1415926536  0.0000000000  0.0000063022  -0.0115108200
542.2388920096  3.1415926536  0.0000000000  0.0000062883  -0.0114841444
543.4955290710  3.1415926536  0.0000000000  0.0000062745  -0.0114575922
544.7521661325  3.1415926536  0.0000000000  0.0000062607  -0.0114311625
546.0088031939  3.1415926536  0.0000000000  0.0000062470  -0.0114048544
547.2654402553  3.1415926536  0.0000000000  0.0000062334  -0.0113786671
548.5220773168  3.1415926536  0.0000000000  0.0000062198  -0.0113525999
549.7787143782  3.1415926536  0.0000000000  0.0000062062  -0.0113266518
551.0353514396  3.1415926536  0.0000000000  0.0000061927  -0.0113008220
552.2919885011  3.1415926536  0.0000000000  0.0000061793  -0.0112751098
553.5486255625  3.1415926536  0.0000000000  0.0000061660  -0.0112495143
554.8052626240  3.1415926536  0.0000000000  0.0000061527  -0.0112240347
556.0618996854  3.1415926536  0.0000000000  0.0000061394  -0.0111986703
557.3185367468  3.1415926536  0.0000000000  0.0000061262  -0.0111734203
558.5751738083  3.1415926536  0.0000000000  0.0000061131  -0.0111482839
559.8318108697  3.1415926536  0.0000000000  0.0000061000  -0.0111232603
561.0884479311  3.1415926536  0.0000000000  0.0000060870  -0.0110983488
562.3450849926  3.1415926536  0.0000000000  0.0000060740  -0.0110735487
563.6017220540  3.1415926536  0.0000000000  0.0000060611  -0.0110488591
564.8583591154  3.1415926536  0.0000000000  0.0000060482  -0.0110242794
566.1149961769  3.1415926536  0.0000000000  0.0000060354  -0.0109998088
567.3716332383  3.1415926536  0.0000000000  0.0000060227  -0.0109754466
568.6282702998  3.1415926536  0.0000000000  0.0000060100  -0.0109511921
569.8849073612  3.1415926536  0.0000000000  0.0000059973  -0.0109270445
571.1415444226  3.1415926536  0.0000000000  0.0000059847  -0.0109030032
572.3981814841  3.1415926536  0.0000000000  0.0000059722  -0.0108790674
573.6548185455  3.1415926536  0.0000000000  0.0000059597  -0.0108552365
574.9114556069  3.1415926536  0.0000000000  0.0000059473  -0.0108315098
576.1680926684  3.1415926536  0.0000000000  0.0000059349  -0.0108078866
577.4247297298  3.1415926536  0.0000000000  0.0000059226  -0.0107843662
578.6813667912  3.1415926536  0.0000000000  0.0000059103  -0.0107609479
579.9380038527  3.1415926536  0.0000000000  0.0000058980  -0.0107376311
581.1946409141  3.1415926536  0.0000000000  0.0000058859  -0.0107144152
582.4512779755  3.1415926536  0.0000000000  0.0000058737  -0.0106912994
583.7079150370  3.1415926536  0.0000000000  0.0000058616  -0.0106682832
584.9645520984  3.1415926536  0.0000000000  0.0000058496  -0.0106453658
586.2211891599  3.1415926536  0.0000000000  0.0000058376  -0.0106225467
587.4778262213  3.1415926536  0.0000000000  0.0000058257  -0.0105998252
588.7344632827  3.1415926536  0.0000000000  0.0000058138  -0.0105772007
589.9911003442  3.1415926536  0.0000000000  0.0000058020  -0.0105546726
591.2477374056  3.1415926536  0.0000000000  0.0000057902  -0.0105322402
592.5043744670  3.1415926536  0.0000000000  0.0000057784  -0.0105099030
593.7610115285  3.1415926536  0.0000000000  0.0000057667  -0.0104876603
595.0176485899  3.1415926536  0.0000000000  0.0000057551  -0.0104655116
596.2742856513  3.1415926536  0.0000000000  0.0000057435  -0.0104434562
597.5309227128  3.1415926536  0.0000000000  0.0000057319  -0.0104214936
598.7875597742  3.1415926536  0.0000000000  0.0000057204  -0.0103996231
600.0441968357  3.1415926536  0.0000000000  0.0000057089  -0.0103778443
601.3008338971  3.1415926536  0.0000000000  0.0000056975  -0.0103561565
602.5574709585  3.1415926536  0.0000000000  0.0000056861  -0.0103345592
603.8141080200  3.1415926536  0.0000000000  0.0000056748  -0.0103130517
605.0707450814  3.1415926536  0.0000000000  0.0000056635  -0.0102916336
606.3273821428  3.1415926536  0.0000000000  0.0000056523  -0.0102703042
607.5840192043  3.1415926536  0.0000000000  0.0000056411  -0.0102490631
608.8406562657  3.1415926536  0.0000000000  0.0000056299  -0.0102279097
610.0972933271  3.1415926536  0.0000000000  0.0000056188  -0.0102068434
611.3539303886  3.1415926536  0.0000000000  0.0000056078  -0.0101858637
612.6105674500  3.1415926536  0.0000000000  0.0000055967  -0.0101649700
613.8672045114  3.1415926536  0.0000000000  0.0000055858  -0.0101441620
615.1238415729  3.1415926536  0.0000000000  0.0000055748  -0.0101234389
616.3804786343  3.1415926536  0.0000000000  0.0000055639  -0.0101028003
617.6371156958  3.1415926536  0.0000000000  0.0000055531  -0.0100822457
618.8937527572  3.1415926536  0.0000000000  0.0000055423  -0.0100617746
620.1503898186  3.1415926536  0.0000000000  0.0000055315  -0.0100413864
621.4070268801  3.1415926536  0.0000000000  0.0000055208  -0.0100210807
622.6636639415  3.1415926536  0.0000000000  0.0000055101  -0.0100008569
623.9203010029  3.1415926536  0.0000000000  0.0000054995  -0.0099807146
625.1769380644  3.1415926536  0.0000000000  0.0000054888  -0.0099606533
626.4335751258  3.1415926536  0.0000000000  0.0000054783  -0.0099406724
627.6902121872  3.1415926536  0.0000000000  0.0000054678  -0.0099207716
628.9468492487  3.1415926536  0.0000000000  0.0000000000  0.0000000000
-627.6902121872  3.1415926536  3.1415926536  0.0000000000  0.0000000000
-626.4335751258  3.1415926536  3.1415926536  0.0000000000  0.0000000000
-625.1769380644  3.1415926536  3.1415926536  0.0000000000  0.0000000000
-623.9203010029  3.1415926536  3.1415926536  0.0000000000  0.0000000000
-622.6636639415  3.1415926536  3.1415926536  0.0000000000  0.0000000000
-621.4070268801  3.1415926536  3.1415926536  0.0000000000  0.0000000000
-620.1503898186  3.1415926536  3.1415926536  0.0000000000  0.0000000000
-618.8937527572  3.1415926536  3.1415926536  0.0000000000  0.0000000000
-617.6371156958  3.1415926536  3.1415926536  0.0000000000  0.0000000000
-616.3804786343  3.1415926536  3.1415926536  0.0000000000  0.0000000000
-615.1238415729  3.1415926536  3.1415926536  0.0000000000  0.0000000000
-613.8672045114  3.1415926536  3.1415926536  0.0000000000  0.0000000000
-612.6105674500  3.1415926536  3.1415926536  0.0000000000  0.0000000000
-611.3539303886  3.1415926536  3.1415926536  0.0000000000  0.0000000000
-610.0972933271  3.1415926536  3.1415926536  0.0000000000  0.0000000000
-608.8406562657  3.1415926536  3.1415926536  0.0000000000  0.0000000000
-607.5840192043  3.1415926536  3.1415926536  0.0000000000  0.0000000000
-606.3273821428  3.1415926536  3.1415926536  0.0000000000  0.0000000000
-605.0707450814  3.1415926536  3.1415926536  0.0000000000  0.0000000000
-603.8141080200  3.1415926536  3.1415926536  0.0000000000  0.0000000000
-602.5574709585  3.1415926536  3.1415926536  0.0000000000  0.0000000000
-601.3008338971  3.1415926536  3.1415926536  0.0000000000  0.0000000000
-600.0441968357  3.1415926536  3.1415926536  0.0000000000  0.0000000000
-598.7875597742  3.1415926536  3.1415926536  0.0000000000  0.0000000000
-597.5309227128  3.1415926536  3.1415926536  0.0000000000  0.0000000000
-596.2742856513  3.1415926536  3.1415926536  0.0000000000  0.0000000000
-595.0176485899  3.1415926536  3.1415926536  0.0000000000  0.0000000000
-593.7610115285  3.1415926536  3.1415926536  0.0000000000  0.0000000000
-592.5043744670  3.1415926536  3.1415926536  0.0000000000  0.0000000000
-591.2477374056  3.1415926536  3.1415926536  0.0000000000  0.0000000000
-589.9911003442  3.1415926536  3.1415926536  0.0000000000  0.0000000000
-588.7344632827  3.1415926536  3.1415926536  0.0000000000  0.0000000000
-587.4778262213  3.1415926536  3.1415926536  0.0000000000  0.0000000000
-586.2211891599  3.1415926536  3.1415926536  0.0000000000  0.0000000000
-584.9645520984  3.1415926536  3.1415926536  0.0000000000  0.0000000000
-583.7079150370  3.1415926536  3.1415926536  0.0000000000  0.0000000000
-582.4512779755  3.1415926536  3.1415926536  0.0000000000  0.0000000000
-581.1946409141  3.1415926536  3.1415926536  0.0000000000  0.0000000000
-579.9380038527  3.1415926536  3.1415926536  0.0000000000  0.0000000000
-578.6813667912  3.1415926536  3.1415926536  0.0000000000  0.0000000000
-577.4247297298  3.1415926536  3.1415926536  0.0000000000  0.0000000000
-576.1680926684  3.1415926536  3.1415926536  0.0000000000  0.0000000000
-574.9114556069  3.1415926536  3.1415926536  0.0000000000  0.0000000000
-573.6548185455  3.1415926536  3.1415926536  0.0000000000  0.0000000000
-572.3981814841  3.1415926536  3.1415926536  0.0000000000  0.0000000000
-571.1415444226  3.1415926536  3.1415926536  0.0000000000  0.0000000000
-569.8849073612  3.1415926536  3.1415926536  0.0000000000  0.0000000000
-568.6282702998  3.1415926536  3.1415926536  0.0000000000  0.0000000000
-567.3716332383  3.1415926536  3.1415926536  0.0000000000  0.0000000000
-566.1149961769  3.1415926536  3.1415926536  0.0000000000  0.0000000000
-564.8583591154  3.1415926536  3.1415926536  0.0000000000  0.0000000000
-563.6017220540  3.1415926536  3.1415926536  0.0000000000  0.0000000000
-562.3450849926  3.1415926536  3.1415926536  0.0000000000  0.0000000000
-561.0884479311  3.1415926536  3.1415926536  0.0000000000  0.0000000000
-559.8318108697  3.1415926536  3.1415926536  0.0000000000  0.0000000000
-558.5751738083  3.1415926536  3.1415926536  0.0000000000  0.0000000000
-557.3185367468  3.1415926536  3.1415926536  0.0000000000  0.0000000000
-556.0618996854  3.1415926536  3.1415926536  0.0000000000  0.0000000000
-554.8052626240  3.1415926536  3.1415926536  0.0000000000  0.0000000000
-553.5486255625  3.1415926536  3.1415926536  0.0000000000  0.0000000000
-552.2919885011  3.1415926536  3.1415926536  0.0000000000  0.0000000000
-551.0353514396  3.1415926536  3.1415926536  0.0000000000  0.0000000000
-549.7787143782  3.1415926536  3.1415926536  0.0000000000  0.0000000000
-548.5220773168  3.1415926536  3.1415926536  0.0000000000  0.0000000000
-547.2654402553  3.1415926536  3.1415926536  0.0000000000  0.0000000000
-546.0088031939  3.1415926536  3.1415926536  0.0000000000  0.0000000000
-544.7521661325  3.1415926536  3.1415926536  0.0000000000  0.0000000000
-543.4955290710  3.1415926536  3.1415926536  0.0000000000  0.0000000000
-542.2388920096  3.1415926536  3.1415926536  0.0000000000  0.0000000000
-540.9822549482  3.1415926536  3.1415926536  0.0000000000  0.0000000000
-539.7256178867  3.1415926536  3.1415926536  0.0000000000  0.0000000000
-538.4689808253  3.1415926536  3.1415926536  0.0000000000  0.0000000000
-537.2123437639  3.1415926536  3.1415926536  0.0000000000  0.0000000000
-535.9557067024  3.1415926536  3.1415926536  0.0000000000  0.0000000000
-534.6990696410  3.1415926536  3.1415926536  0.0000000000  0.0000000000
-533.4424325795  3.1415926536  3.1415926536  0.0000000000  0.0000000000
-532.1857955181  3.1415926536  3.1415926536  0.0000000000  0.0000000000
-530.9291584567  3.1415926536  3.1415926536  0.0000000000  0.0000000000
-529.6725213952  3.1415926536  3.1415926536  0.0000000000  0.0000000000
-528.4158843338  3.1415926536  3.1415926536  0.0000000000  0.0000000000
-527.1592472724  3.1415926536  3.1415926536  0.0000000000  0.0000000000
-525.9026102109  3.1415926536  3.1415926536  0.0000000000  0.0000000000
-524.6459731495  3.1415926536  3.1415926536  0.0000000000  0.0000000000
-523.3893360881  3.1415926536  3.1415926536  0.0000000000  0.0000000000
-522.1326990266  3.1415926536  3.1415926536  0.0000000000  0.0000000000
-520.8760619652  3.1415926536  3.1415926536  0.0000000000  0.0000000000
-519.6194249038  3.1415926536  3.1415926536  0.0000000000  0.0000000000
-518.3627878423  3.1415926536  3.1415926536  0.0000000000  0.0000000000
-517.1061507809  3.1415926536  3.1415926536  0.0000000000  0.0000000000
-515.8495137194  3.1415926536  3.1415926536  0.0000000000  0.0000000000
-514.5928766580  3.1415926536  3.1415926536  0.0000000000  0.0000000000
-513.3362395966  3.1415926536  3.1415926536  0.0000000000  0.0000000000
-512.0796025351  3.1415926536  3.1415926536  0.0000000000  0.0000000000
-510.8229654737  3.1415926536  3.1415926536  0.0000000000  0.0000000000
-509.5663284123  3.1415926536  3.1415926536  0.0000000000  0.0000000000
-508.3096913508  3.1415926536  3.1415926536  0.0000000000  0.0000000000
-507.0530542894  3.1415926536  3.1415926536  0.0000000000  0.0000000000
-505.7964172280  3.1415926536  3.1415926536  0.0000000000  0.0000000000
-504.5397801665  3.1415926536  3.1415926536  0.0000000000  0.0000000000
-503.2831431051  3.1415926536  3.1415926536  0.0000000000  0.0000000000
-502.0265060436  3.1415926536  3.1415926536  0.0000000000  0.0000000000
-500.7698689822  3.1415926536  3.1415926536  0.0000000000  0.0000000000
-499.5132319208  3.1415926536  3.1415926536  0.0000000000  0.0000000000
-498.2565948593  3.1415926536  3.1415926536  0.0000000000  0.0000000000
-496.9999577979  3.1415926536  3.1415926536  0.0000000000  0.0000000000
-495.7433207365  3.1415926536  3.1415926536  0.0000000000  0.0000000000
-494.4866836750  3.1415926536  3.1415926536  0.0000000000  0.0000000000
-493.2300466136  3.1415926536  3.1415926536  0.0000000000  0.0000000000
-491.9734095522  3.1415926536  3.1415926536  0.0000000000  0.0000000000
-490.7167724907  3.1415926536  3.1415926536  0.0000000000  0.0000000000
-489.4601354293  3.1415926536  3.1415926536  0.0000000000  0.0000000000
-488.2034983679  3.1415926536  3.1415926536  0.0000000000  0.0000000000
-486.9468613064  3.1415926536  3.1415926536  0.0000000000  0.0000000000
-485.6902242450  3.1415926536  3.1415926536  0.0000000000  0.0000000000
-484.4335871835  3.1415926536  3.1415926536  0.0000000000  0.0000000000
-483.1769501221  3.1415926536  3.1415926536  0.0000000000  0.0000000000
-481.9203130607  3.1415926536  3.1415926536  0.0000000000  0.0000000000
-480.6636759992  3.1415926536  3.1415926536  0.0000000000  0.0000000000
-479.4070389378  3.1415926536  3.1415926536  0.0000000000  0.0000000000
-478.1504018764  3.1415926536  3.1415926536  0.0000000000  0.0000000000
-476.8937648149  3.1415926536  3.1415926536  0.0000000000  0.0000000000
-475.6371277535  3.1415926536  3.1415926536  0.0000000000  0.0000000000
-474.3804906921  3.1415926536  3.1415926536  0.0000000000  0.0000000000
-473.1238536306  3.1415926536  3.1415926536  0.0000000000  0.0000000000
-471.8672165692  3.1415926536  3.1415926536  0.0000000000  0.0000000000
-470.6105795078  3.1415926536  3.1415926536  0.0000000000  0.0000000000
-469.3539424463  3.1415926536  3.1415926536  0.0000000000  0.0000000000
-468.0973053849  3.1415926536  3.1415926536  0.0000000000  0.0000000000
-466.8406683234  3.1415926536  3.1415926536  0.0000000000  0.0000000000
-465.5840312620  3.1415926536  3.1415926536  0.0000000000  0.0000000000
-464.3273942006  3.1415926536  3.1415926536  0.0000000000  0.0000000000
-463.0707571391  3.1415926536  3.1415926536  0.0000000000  0.0000000000
-461.8141200777  3.1415926536  3.1415926536  0.0000000000  0.0000000000
-460.5574830163  3.1415926536  3.1415926536  0.0000000000  0.0000000000
-459.3008459548  3.1415926536  3.1415926536  0.0000000000  0.0000000000
-458.0442088934  3.1415926536  3.1415926536  0.0000000000  0.0000000000
-456.7875718320  3.1415926536  3.1415926536  0.0000000000  0.0000000000
-455.5309347705  3.1415926536  3.1415926536  0.0000000000  0.0000000000
-454.2742977091  3.1415926536  3.1415926536  0.0000000000  0.0000000000
-453.0176606476  3.1415926536  3.1415926536  0.0000000000  0.0000000000
-451.7610235862  3.1415926536  3.1415926536  0.0000000000  0.0000000000
-450.5043865248  3.1415926536  3.1415926536  0.0000000000  0.0000000000
-449.2477494633  3.1415926536  3.1415926536  0.0000000000  0.0000000000
-447.9911124019  3.1415926536  3.1415926536  0.0000000000  0.0000000000
-446.7344753405  3.1415926536  3.1415926536  0.0000000000  0.0000000000
-445.4778382790  3.1415926536  3.1415926536  0.0000000000  0.0000000000
-444.2212012176  3.1415926536  3.1415926536  0.0000000000  0.0000000000
-442.9645641562  3.1415926536  3.1415926536  0.0000000000  0.0000000000
-441.7079270947  3.1415926536  3.1415926536  0.0000000000  0.0000000000
-440.4512900333  3.1415926536  3.1415926536  0.0000000000  0.0000000000
-439.1946529719  3.1415926536  3.1415926536  0.0000000000  0.0000000000
-437.9380159104  3.1415926536  3.1415926536  0.0000000000  0.0000000000
-436.6813788490  3.1415926536  3.1415926536  0.0000000000  0.0000000000
-435.4247417875  3.1415926536  3.1415926536  0.0000000000  0.0000000000
-434.1681047261  3.1415926536  3.1415926536  0.0000000000  0.0000000000
-432.9114676647  3.1415926536  3.1415926536  0.0000000000  0.0000000000
-431.6548306032  3.1415926536  3.1415926536  0.0000000000  0.0000000000
-430.3981935418  3.1415926536  3.1415926536  0.0000000000  0.0000000000
-429.1415564804  3.1415926536  3.1415926536  0.0000000000  0.0000000000
-427.8849194189  3.1415926536  3.1415926536  0.0000000000  0.0000000000
-426.6282823575  3.1415926536  3.1415926536  0.0000000000  0.0000000000
-425.3716452961  3.1415926536  3.1415926536  0.0000000000  0.0000000000
-424.1150082346  3.1415926536  3.1415926536  0.0000000000  0.0000000000
-422.8583711732  3.1415926536  3.1415926536  0.0000000000  0.0000000000
-421.6017341118  3.1415926536  3.1415926536  0.0000000000  0.0000000000
-420.3450970503  3.1415926536  3.1415926536  0.0000000000  0.0000000000
-419.0884599889  3.1415926536  3.1415926536  0.0000000000  0.0000000000
-417.8318229274  3.1415926536  3.1415926536  0.0000000000  0.0000000000
-416.5751858660  3.1415926536  3.1415926536  0.0000000000  0.0000000000
-415.3185488046  3.1415926536  3.1415926536  0.0000000000  0.0000000000
-414.0619117431  3.1415926536  3.1415926536  0.0000000000  0.0000000000
-412.8052746817  3.1415926536  3.1415926536  0.0000000000  0.0000000000
-411.5486376203  3.1415926536  3.1415926536  0.0000000000  0.0000000000
-410.2920005588  3.1415926536  3.1415926536  0.0000000000  0.0000000000
-409.0353634974  3.1415926536  3.1415926536  0.0000000000  0.0000000000
-407.7787264360  3.1415926536  3.1415926536  0.0000000000  0.0000000000
-406.5220893745  3.1415926536  3.1415926536  0.0000000000  0.0000000000
-405.2654523131  3.1415926536  3.1415926536  0.0000000000  0.0000000000
-404.0088152516  3.1415926536  3.1415926536  0.0000000000  0.0000000000
-402.7521781902  3.1415926536  3.1415926536  0.0000000000  0.0000000000
-401.4955411288  3.1415926536  3.1415926536  0.0000000000  0.0000000000
-400.2389040673  3.1415926536  3.1415926536  0.0000000000  0.0000000000
-398.9822670059  3.1415926536  3.1415926536  0.0000000000  0.0000000000
-397.7256299445  3.1415926536  3.1415926536  0.0000000000  0.0000000000
-396.4689928830  3.1415926536  3.1415926536  0.0000000000  0.0000000000
-395.2123558216  3.1415926536  3.1415926536  0.0000000000  0.0000000000
-393.9557187602  3.1415926536  3.1415926536  0.0000000000  0.0000000000
-392.6990816987  3.1415926536  3.1415926536  0.0000000000  0.0000000000
-391.4424446373  3.1415926536  3.1415926536  0.0000000000  0.0000000000
-390.1858075759  3.1415926536  3.1415926536  0.0000000000  0.0000000000
-388.9291705144  3.1415926536  3.1415926536  0.0000000000  0.0000000000
-387.6725334530  3.1415926536  3.1415926536  0.0000000000  0.0000000000
-386.4158963915  3.1415926536  3.1415926536  0.0000000000  0.0000000000
-385.1592593301  3.1415926536  3.1415926536  0.0000000000  0.0000000000
-383.9026222687  3.1415926536  3.1415926536  0.0000000000  0.0000000000
-382.6459852072  3.1415926536  3.1415926536  0.0000000000  0.0000000000
-381.3893481458  3.1415926536  3.1415926536  0.0000000000  0.0000000000
-380.1327110844  3.1415926536  3.1415926536  0.0000000000  0.0000000000
-378.8760740229  3.1415926536  3.1415926536  0.0000000000  0.0000000000
-377.6194369615  3.1415926536  3.1415926536  0.0000000000  0.0000000000
-376.3627999001  3.1415926536  3.1415926536  0.0000000000  0.0000000000
-375.1061628386  3.1415926536  3.1415926536  0.0000000000  0.0000000000
-373.8495257772  3.1415926536  3.1415926536  0.0000000000  0.0000000000
-372.5928887157  3.1415926536  3.1415926536  0.0000000000  0.0000000000
-371.3362516543  3.1415926536  3.1415926536  0.0000000000  0.0000000000
-370.0796145929  3.1415926536  3.1415926536  0.0000000000  0.0000000000
-368.8229775314  3.1415926536  3.1415926536  0.0000000000  0.0000000000
-367.5663404700  3.1415926536  3.1415926536  0.0000000000  0.0000000000
-366.3097034086  3.1415926536  3.1415926536  0.0000000000  0.0000000000
-365.0530663471  3.1415926536  3.1415926536  0.0000000000  0.0000000000
-363.7964292857  3.1415926536  3.1415926536  0.0000000000  0.0000000000
-362.5397922243  3.1415926536  3.1415926536  0.0000000000  0.0000000000
-361.2831551628  3.1415926536  3.1415926536  0.0000000000  0.0000000000
-360.0265181014  3.1415926536  3.1415926536  0.0000000000  0.0000000000
-358.7698810400  3.1415926536  3.1415926536  0.0000000000  0.0000000000
-357.5132439785  3.1415926536  3.1415926536  0.0000000000  0.0000000000
-356.2566069171  3.1415926536  3.1415926536  0.0000000000  0.0000000000
-354.9999698556  3.1415926536  3.1415926536  0.0000000000  0.0000000000
-353.7433327942  3.1415926536  3.1415926536  0.0000000000  0.0000000000
-352.4866957328  3.1415926536  3.1415926536  0.0000000000  0.0000000000
-351.2300586713  3.1415926536  3.1415926536  0.0000000000  0.0000000000
-349.9734216099  3.1415926536  3.1415926536  0.0000000000  0.0000000000
-348.7167845485  3.1415926536  3.1415926536  0.0000000000  0.0000000000
-347.4601474870  3.1415926536  3.1415926536  0.0000000000  0.0000000000
-346.2035104256  3.1415926536  3.1415926536  0.0000000000  0.0000000000
-344.9468733642  3.1415926536  3.1415926536  0.0000000000  0.0000000000
-343.6902363027  3.1415926536  3.1415926536  0.0000000000  0.0000000000
-342.4335992413  3.1415926536  3.1415926536  0.0000000000  0.0000000000
-341.1769621799  3.1415926536  3.1415926536  0.0000000000  0.0000000000
-339.9203251184  3.1415926536  3.1415926536  0.0000000000  0.0000000000
-338.6636880570  3.1415926536  3.1415926536  0.0000000000  0.0000000000
-337.4070509955  3.1415926536  3.1415926536  0.0000000000  0.0000000000
-336.1504139341  3.1415926536  3.1415926536  0.0000000000  0.0000000000
-334.8937768727  3.1415926536  3.1415926536  0.0000000000  0.0000000000
-333.6371398112  3.1415926536  3.1415926536  0.0000000000  0.0000000000
-332.3805027498  3.1415926536  3.1415926536  0.0000000000  0.0000000000
-331.1238656884  3.1415926536  3.1415926536  0.0000000000  0.0000000000
-329.8672286269  3.1415926536  3.1415926536  0.0000000000  0.0000000000
-328.6105915655  3.1415926536  3.1415926536  0.0000000000  0.0000000000
-327.3539545041  3.1415926536  3.1415926536  0.0000000000  0.0000000000
-326.0973174426  3.1415926536  3.1415926536  0.0000000000  0.0000000000
-324.8406803812  3.1415926536  3.1415926536  0.0000000000  0.0000000000
-323.5840433197  3.1415926536  3.1415926536  0.0000000000  0.0000000000
-322.3274062583  3.1415926536  3.1415926536  0.0000000000  0.0000000000
-321.0707691969  3.1415926536  3.1415926536  0.0000000000  0.0000000000
-319.8141321354  3.1415926536  3.1415926536  0.0000000000  0.0000000000
-318.5574950740  3.1415926536  3.1415926536  0.0000000000  0.0000000000
-317.3008580126  3.1415926536  3.1415926536  0.0000000000  0.0000000000
-316.0442209511  3.1415926536  3.1415926536  0.0000000000  0.0000000000
-314.7875838897  3.1415926536  3.1415926536  0.0000000000  0.0000000000
-313.5309468283  3.1415926536  3.1415926536  0.0000000000  0.0000000000
-312.2743097668  3.1415926536  3.1415926536  0.0000000000  0.0000000000
-311.0176727054  3.1415926536  3.1415926536  0.0000000000  0.0000000000
-309.7610356440  3.1415926536  3.1415926536  0.0000000000  0.0000000000
-308.5043985825  3.1415926536  3.1415926536  0.0000000000  0.0000000000
-307.2477615211  3.1415926536  3.1415926536  0.0000000000  0.0000000000
-305.9911244596  3.1415926536  3.1415926536  0.0000000000  0.0000000000
-304.7344873982  3.1415926536  3.1415926536  0.0000000000  0.0000000000
-303.4778503368  3.1415926536  3.1415926536  0.0000000000  0.0000000000
-302.2212132753  3.1415926536  3.1415926536  0.0000000000  0.0000000000
-300.9645762139  3.1415926536  3.1415926536  0.0000000000  0.0000000000
-299.7079391525  3.1415926536  3.1415926536  0.0000000000  0.0000000000
-298.4513020910  3.1415926536  3.1415926536  0.0000000000  0.0000000000
-297.1946650296  3.1415926536  3.1415926536  0.0000000000  0.0000000000
-295.9380279682  3.1415926536  3.1415926536  0.0000000000  0.0000000000
-294.6813909067  3.1415926536  3.1415926536  0.0000000000  0.0000000000
-293.4247538453  3.1415926536  3.1415926536  0.0000000000  0.0000000000
-292.1681167839  3.1415926536  3.1415926536  0.0000000000  0.0000000000
-290.9114797224  3.1415926536  3.1415926536  0.0000000000  0.0000000000
-289.6548426610  3.1415926536  3.1415926536  0.0000000000  0.0000000000
-288.3982055995  3.1415926536  3.1415926536  0.0000000000  0.0000000000
-287.1415685381  3.1415926536  3.1415926536  0.0000000000  0.0000000000
-285.8849314767  3.1415926536  3.1415926536  0.0000000000  0.0000000000
-284.6282944152  3.1415926536  3.1415926536  0.0000000000  0.0000000000
-283.3716573538  3.1415926536  3.1415926536  0.0000000000  0.0000000000
-282.1150202924  3.1415926536  3.1415926536  0.0000000000  0.0000000000
-280.8583832309  3.1415926536  3.1415926536  0.0000000000  0.0000000000
-279.6017461695  3.1415926536  3.1415926536  0.0000000000  0.0000000000
-278.3451091081  3.1415926536  3.1415926536  0.0000000000  0.0000000000
-277.0884720466  3.1415926536  3.1415926536  0.0000000000  0.0000000000
-275.8318349852  3.1415926536  3.1415926536  0.0000000000  0.0000000000
-274.5751979237  3.1415926536  3.1415926536  0.0000000000  0.0000000000
-273.3185608623  3.1415926536  3.1415926536  0.0000000000  0.0000000000
-272.0619238009  3.1415926536  3.1415926536  0.0000000000  0.0000000000
-270.8052867394  3.1415926536  3.1415926536  0.0000000000  0.0000000000
-269.5486496780  3.1415926536  3.1415926536  0.0000000000  0.0000000000
-268.2920126166  3.1415926536  3.1415926536  0.0000000000  0.0000000000
-267.0353755551  3.1415926536  3.1415926536  0.0000000000  0.0000000000
-265.7787384937  3.1415926536  3.1415926536  0.0000000000  0.0000000000
-264.5221014323  3.1415926536  3.1415926536  0.0000000000  0.0000000000
-263.2654643708  3.1415926536  3.1415926536  0.0000000000  0.0000000000
-262.0088273094  3.1415926536  3.1415926536  0.0000000000  0.0000000000
-260.7521902480  3.1415926536  3.1415926536  0.0000000000  0.0000000000
-259.4955531865  3.1415926536  3.1415926536  0.0000000000  0.0000000000
-258.2389161251  3.1415926536  3.1415926536  0.0000000000  0.0000000000
-256.9822790636  3.1415926536  3.1415926536  0.0000000000  0.0000000000
-255.7256420022  3.1415926536  3.1415926536  0.0000000000  0.0000000000
-254.4690049408  3.1415926536  3.1415926536  0.0000000000  0.0000000000
-253.2123678793  3.1415926536  3.1415926536  0.0000000000  0.0000000000
-251.9557308179  3.1415926536  3.1415926536  0.0000000000  0.0000000000
-250.6990937565  3.1415926536  3.1415926536  0.0000000000  0.0000000000
-249.4424566950  3.1415926536  3.1415926536  0.0000000000  0.0000000000
-248.1858196336  3.1415926536  3.1415926536  0.0000000000  0.0000000000
-246.9291825722  3.1415926536  3.1415926536  0.0000000000  0.0000000000
-245.6725455107  3.1415926536  3.1415926536  0.0000000000  0.0000000000
-244.4159084493  3.1415926536  3.1415926536  0.0000000000  0.0000000000
-243.1592713878  3.1415926536  3.1415926536  0.0000000000  0.0000000000
-241.9026343264  3.1415926536  3.1415926536  0.0000000000  0.0000000000
-240.6459972650  3.1415926536  3.1415926536  0.0000000000  0.0000000000
-239.3893602035  3.1415926536  3.1415926536  0.0000000000  0.0000000000
-238.1327231421  3.1415926536  3.1415926536  0.0000000000  0.0000000000
-236.8760860807  3.1415926536  3.1415926536  0.0000000000  0.0000000000
-235.6194490192  3.1415926536  3.1415926536  0.0000000000  0.0000000000
-234.3628119578  3.1415926536  3.1415926536  0.0000000000  0.0000000000
-233.1061748964  3.1415926536  3.1415926536  0.0000000000  0.0000000000
-231.8495378349  3.1415926536  3.1415926536  0.0000000000  0.0000000000
-230.5929007735  3.1415926536  3.1415926536  0.0000000000  0.0000000000
-229.3362637121  3.1415926536  3.1415926536  0.0000000000  0.0000000000
-228.0796266506  3.1415926536  3.1415926536  0.0000000000  0.0000000000
-226.8229895892  3.1415926536  3.1415926536  0.0000000000  0.0000000000
-225.5663525277  3.1415926536  3.1415926536  0.0000000000  0.0000000000
-224.3097154663  3.1415926536  3.1415926536  0.0000000000  0.0000000000
-223.0530784049  3.1415926536  3.1415926536  0.0000000000  0.0000000000
-221.7964413434  3.1415926536  3.1415926536  0.0000000000  0.0000000000
-220.5398042820  3.1415926536  3.1415926536  0.0000000000  0.0000000000
-219.2831672206  3.1415926536  3.1415926536  0.0000000000  0.0000000000
-218.0265301591  3.1415926536  3.1415926536  0.0000000000  0.0000000000
-216.7698930977  3.1415926536  3.1415926536  0.0000000000  0.0000000000
-215.5132560363  3.1415926536  3.1415926536  0.0000000000  0.0000000000
-214.2566189748  3.1415926536  3.1415926536  0.0000000000  0.0000000000
-212.9999819134  3.1415926536  3.1415926536  0.0000000000  0.0000000000
-211.7433448520  3.1415926536  3.1415926536  0.0000000000  0.0000000000
-210.4867077905  3.1415926536  3.1415926536  0.0000000000  0.0000000000
-209.2300707291  3.1415926536  3.1415926536  0.0000000000  0.0000000000
-207.9734336676  3.1415926536  3.1415926536  0.0000000000  0.0000000000
-206.7167966062  3.1415926536  3.1415926536  0.0000000000  0.0000000000
-205.4601595448  3.1415926536  3.1415926536  0.0000000000  0.0000000000
-204.2035224833  3.1415926536  3.1415926536  0.0000000000  0.0000000000
-202.9468854219  3.1415926536  3.1415926536  0.0000000000  0.0000000000
-201.6902483605  3.1415926536  3.1415926536  0.0000000000  0.0000000000
-200.4336112990  3.1415926536  3.1415926536  0.0000000000  0.0000000000
-199.1769742376  3.1415926536  3.1415926536  0.0000000000  0.0000000000
-197.9203371762  3.1415926536  3.1415926536  0.0000000000  0.0000000000
-196.6637001147  3.1415926536  3.1415926536  0.0000000000  0.0000000000
-195.4070630533  3.1415926536  3.1415926536  0.0000000000  0.0000000000
-194.1504259918  3.1415926536  3.1415926536  0.0000000000  0.0000000000
-192.8937889304  3.1415926536  3.1415926536  0.0000000000  0.0000000000
-191.6371518690  3.1415926536  3.1415926536  0.0000000000  0.0000000000
-190.3805148075  3.1415926536  3.1415926536  0.0000000000  0.0000000000
-189.1238777461  3.1415926536  3.1415926536  0.0000000000  0.0000000000
-187.8672406847  3.1415926536  3.1415926536  0.0000000000  0.0000000000
-186.6106036232  3.1415926536  3.1415926536  0.0000000000  0.0000000000
-185.3539665618  3.1415926536  3.1415926536  0.0000000000  0.0000000000
-184.0973295004  3.1415926536  3.1415926536  0.0000000000  0.0000000000
-182.8406924389  3.1415926536  3.1415926536  0.0000000000  0.0000000000
-181.5840553775  3.1415926536  3.1415926536  0.0000000000  0.0000000000
-180.3274183161  3.1415926536  3.1415926536  0.0000000000  0.0000000000
-179.0707812546  3.1415926536  3.1415926536  0.0000000000  0.0000000000
-177.8141441932  3.1415926536  3.1415926536  0.0000000000  0.0000000000
-176.5575071317  3.1415926536  3.1415926536  0.0000000000  0.0000000000
-175.3008700703  3.1415926536  3.1415926536  0.0000000000  0.0000000000
-174.0442330089  3.1415926536  3.1415926536  0.0000000000  0.0000000000
-172.7875959474  3.1415926536  3.1415926536  0.0000000000  0.0000000000
-171.5309588860  3.1415926536  3.1415926536  0.0000000000  0.0000000000
-170.2743218246  3.1415926536  3.1415926536  0.0000000000  0.0000000000
-169.0176847631  3.1415926536  3.1415926536  0.0000000000  0.0000000000
-167.7610477017  3.1415926536  3.1415926536  0.0000000000  0.0000000000
-166.5044106403  3.1415926536  3.1415926536  0.0000000000  0.0000000000
-165.2477735788  3.1415926536  3.1415926536  0.0000000000  0.0000000000
-163.9911365174  3.1415926536  3.1415926536  0.0000000000  0.0000000000
-162.7344994560  3.1415926536  3.1415926536  0.0000000000  0.0000000000
-161.4778623945  3.1415926536  3.1415926536  0.0000000000  0.0000000000
-160.2212253331  3.1415926536  3.1415926536  0.0000000000  0.0000000000
-158.9645882716  3.1415926536  3.1415926536  0.0000000000  0.0000000000
-157.7079512102  3.1415926536  3.1415926536  0.0000000000  0.0000000000
-156.4513141488  3.1415926536  3.1415926536  0.0000000000  0.0000000000
-155.1946770873  3.1415926536  3.1415926536  0.0000000000  0.0000000000
-153.9380400259  3.1415926536  3.1415926536  0.0000000000  0.0000000000
-152.6814029645  3.1415926536  3.1415926536  0.0000000000  0.0000000000
-151.4247659030  3.1415926536  3.1415926536  0.0000000000  0.0000000000
-150.1681288416  3.1415926536  3.1415926536  0.0000000000  0.0000000000
-148.9114917802  3.1415926536  3.1415926536  0.0000000000  0.0000000000
-147.6548547187  3.1415926536  3.1415926536  0.0000000000  0.0000000000
-146.3982176573  3.1415926536  3.1415926536  0.0000000000  0.0000000000
-145.1415805958  3.1415926536  3.1415926536  0.0000000000  0.0000000000
-143.8849435344  3.1415926536  3.1415926536  0.0000000000  0.0000000000
-142.6283064730  3.1415926536  3.1415926536  0.0000000000  0.0000000000
-141.3716694115  3.1415926536  3.1415926536  0.0000000000  0.0000000000
-140.1150323501  3.1415926536  3.1415926536  0.0000000000  0.0000000000
-138.8583952887  3.1415926536  3.1415926536  0.0000000000  0.0000000000
-137.6017582272  3.1415926536  3.1415926536  0.0000000000  0.0000000000
-136.3451211658  3.1415926536  3.1415926536  0.0000000000  0.0000000000
-135.0884841044  3.1415926536  3.1415926536  0.0000000000  0.0000000000
-133.8318470429  3.1415926536  3.1415926536  0.0000000000  0.0000000000
-132.5752099815  3.1415926536  3.1415926536  0.0000000000  0.0000000000
-131.3185729201  3.1415926536  3.1415926536  0.0000000000  0.0000000000
-130.0619358586  3.1415926536  3.1415926536  0.0000000000  0.0000000000
-128.8052987972  3.1415926536  3.1415926536  0.0000000000  0.0000000000
-127.5486617357  3.1415926536  3.1415926536  0.0000000000  0.0000000000
-126.2920246743  3.1415926536  3.1415926536  0.0000000000  0.0000000000
-125.0353876129  3.1415926536  3.1415926536  0.0000000000  0.0000000000
-123.7787505514  3.1415926536  3.1415926536  0.0000000000  0.0000000000
-122.5221134900  3.1415926536  3.1415926536  0.0000000000  0.0000000000
-121.2654764286  3.1415926536  3.1415926536  0.0000000000  0.0000000000
-120.0088393671  3.1415926536  3.1415926536  0.0000000000  0.0000000000
-118.7522023057  3.1415926536  3.1415926536  0.0000000000  0.0000000000
-117.4955652443  3.1415926536  3.1415926536  0.0000000000  0.0000000000
-116.2389281828  3.1415926536  3.1415926536  0.0000000000  0.0000000000
-114.9822911214  3.1415926536  3.1415926536  0.0000000000  0.0000000000
-113.7256540600  3.1415926536  3.1415926536  0.0000000000  0.0000000000
-112.4690169985  3.1415926536  3.1415926536  0.0000000000  0.0000000000
-111.2123799371  3.1415926536  3.1415926536  0.0000000000  0.0000000000
-109.9557428756  3.1415926536  3.1415926536  0.0000000000  0.0000000000
-108.6991058142  3.1415926536  3.1415926536  0.0000000000  0.0000000000
-107.4424687528  3.1415926536  3.1415926536  0.0000000000  0.0000000000
-106.1858316913  3.1415926536  3.1415926536  0.0000000000  0.0000000000
-104.9291946299  3.1415926536  3.1415926536  0.0000000000  0.0000000000
-103.6725575685  3.1415926536  3.1415926536  0.0000000000  0.0000000000
-102.4159205070  3.1415926536  3.1415926536  0.0000000000  0.0000000000
-101.1592834456  3.1415926536  3.1415926536  0.0000000000  0.0000000000
-99.9026463842  3.1415926536  3.1415926536  0.0000000000  0.0000000000
-98.6460093227  3.1415926536  3.1415926536  0.0000000000  0.0000000000
-97.3893722613  3.1415926536  3.1415926536  0.0000000000  0.0000000000
-96.1327351998  3.1415926536  3.1415926536  0.0000000000  0.0000000000
-94.8760981384  3.1415926536  3.1415926536  0.0000000000  0.0000000000
-93.6194610770  3.1415926536  3.1415926536  0.0000000000  0.0000000000
-92.3628240155  3.1415926536  3.1415926536  0.0000000000  0.0000000000
-91.1061869541  3.1415926536  3.1415926536  0.0000000000  0.0000000000
-89.8495498927  3.1415926536  3.1415926536  0.0000000000  0.0000000000
-88.5929128312  3.1415926536  3.1415926536  0.0000000000  0.0000000000
-87.3362757698  3.1415926536  3.1415926536  0.0000000000  0.0000000000
-86.0796387084  3.1415926536  3.1415926536  0.0000000000  0.0000000000
-84.8230016469  3.1415926536  3.1415926536  0.0000000000  0.0000000000
-83.5663645855  3.1415926536  3.1415926536  0.0000000000  0.0000000000
-82.3097275241  3.1415926536  3.1415926536  0.0000000000  0.0000000000
-81.0530904626  3.1415926536  3.1415926536  0.0000000000  0.0000000000
-79.7964534012  3.1415926536  3.1415926536  0.0000000000  0.0000000000
-78.5398163397  3.1415926536  3.1415926536  0.0000000000  0.0000000000
-77.2831792783  3.1415926536  3.1415926536  0.0000000000  0.0000000000
-76.0265422169  3.1415926536  3.1415926536  0.0000000000  0.0000000000
-74.7699051554  3.1415926536  3.1415926536  0.0000000000  0.0000000000
-73.5132680940  3.1415926536  3.1415926536  0.0000000000  0.0000000000
-72.2566310326  3.1415926536  3.1415926536  0.0000000000  0.0000000000
-70.9999939711  3.1415926536  3.1415926536  0.0000000000  0.0000000000
-69.7433569097  3.1415926536  3.1415926536  0.0000000000  0.0000000000
-68.4867198483  3.1415926536  3.1415926536  0.0000000000  0.0000000000
-67.2300827868  3.1415926536  3.1415926536  0.0000000000  0.0000000000
-65.9734457254  3.1415926536  3.1415926536  0.0000000000  0.0000000000
-64.7168086639  3.1415926536  3.1415926536  0.0000000000  0.0000000000
-63.4601716025  3.1415926536  3.1415926536  0.0000000000  0.0000000000
-62.2035345411  3.1415926536  3.1415926536  0.0000000000  0.0000000000
-60.9468974796  3.1415926536  3.1415926536  0.0000000000  0.0000000000
-59.6902604182  3.1415926536  3.1415926536  0.0000000000  0.0000000000
-58.4336233568  3.1415926536  3.1415926536  0.0000000000  0.0000000000
-57.1769862953  3.1415926536  3.1415926536  0.0000000000  0.0000000000
-55.9203492339  3.1415926536  3.1415926536  0.0000000000  0.0000000000
-54.6637121725  3.1415926536  3.1415926536  0.0000000000  0.0000000000
-53.4070751110  3.1415926536  3.1415926536  0.0000000000  0.0000000000
-52.1504380496  3.1415926536  3.1415926536  0.0000000000  0.0000000000
-50.8938009882  3.1415926536  3.1415926536  0.0000000000  0.0000000000
-49.6371639267  3.1415926536  3.1415926536  0.0000000000  0.0000000000
-48.3805268653  3.1415926536  3.1415926536  0.0000000000  0.0000000000
-47.1238898038  3.1415926536  3.1415926536  0.0000000000  0.0000000000
-45.8672527424  3.1415926536  3.1415926536  0.0000000000  0.0000000000
-44.6106156810  3.1415926536  3.1415926536  0.0000000000  0.0000000000
-43.3539786195  3.1415926536  3.1415926536  0.0000000000  0.0000000000
-42.0973415581  3.1415926536  3.1415926536  0.0000000000  0.0000000000
-40.8407044967  3.1415926536  3.1415926536  0.0000000000  0.0000000000
-39.5840674352  3.1415926536  3.1415926536  0.0000000000  0.0000000000
-38.3274303738  3.1415926536  3.1415926536  0.0000000000  0.0000000000
-37.0707933124  3.1415926536  3.1415926536  0.0000000000  0.0000000000
-35.8141562509  3.1415926536  3.1415926536  0.0000000000  0.0000000000
-34.5575191895  3.1415926536  3.1415926536  0.0000000000  0.0000000000
-33.3008821281  3.1415926536  3.1415926536  0.0000000000  0.0000000000
-32.0442450666  3.1415926536  3.1415926536  0.0000000000  0.0000000000
-30.7876080052  3.1415926536  3.1415926536  0.0000000000  0.0000000000
-29.5309709437  3.1415926536  3.1415926536  0.0000000000  0.0000000000
-28.2743338823  3.1415926536  3.1415926536  0.0000000000  0.0000000000
-27.0176968209  3.1415926536  3.1415926536  0.0000000000  0.0000000000
-25.7610597594  3.1415926536  3.1415926536  0.0000000000  0.0000000000
-24.5044226980  3.1415926536  3.1415926536  0.0000000000  0.0000000000
-23.2477856366  3.1415926536  3.1415926536  0.0000000000  0.0000000000
-21.9911485751  3.1415926536  3.1415926536  0.0000000000  0.0000000000
-20.7345115137  3.1415926536  3.1415926536  0.0000000000  0.0000000000
-19.4778744523  3.1415926536  3.1415926536  0.0000000000  0.0000000000
-18.2212373908  3.1415926536  3.1415926536  0.0000000000  0.0000000000
-16.9646003294  3.1415926536  3.1415926536  0.0000000000  0.0000000000
-15.7079632679  3.1415926536  3.1415926536  0.0000000000  0.0000000000
-14.4513262065  3.1415926536  3.1415926536  0.0000000000  0.0000000000
-13.1946891451  3.1415926536  3.1415926536  0.0000000000  0.0000000000
-11.9380520836  3.1415926536  3.1415926536  0.0000000000  0.0000000000
-10.6814150222  3.1415926536  3.1415926536  0.0000000000  0.0000000000
-9.4247779608  3.1415926536  3.1415926536  0.0000000000  0.0000000000
-8.1681408993  3.1415926536  3.1415926536  0.0000000000  0.0000000000
-6.9115038379  3.1415926536  3.1415926536  0.0000000000  0.0000000000
-5.6548667765  3.1415926536  3.1415926536  0.0000000000  0.0000000000
-4.3982297150  3.1415926536  3.1415926536  0.0000000000  0.0000000000
-3.1415926536  3.1415926536  3.1415926536  0.0000000000  0.0000000000
-1.8849555922  3.1415926536  3.1415926536  0.0000000000  -0.0000004357
-0.6283185307  3.1415926536  3.1415926536  -0.0000018318  0.0000000000
0.6283185307  3.1415926536  3.1415926536  0.6846736915  -0.6662239418
1.8849555922  3.1415926536  3.1415926536  0.5589886170  -1.0885642370
3.1415926536  3.1415926536  3.1415926536  0.4252095647  -1.0796570564
4.3982297150  3.1415926536  3.1415926536  0.3238574226  -0.9645620826
5.6548667765  3.1415926536  3.1415926536  0.2521714354  -0.8485259126
6.9115038379  3.1415926536  3.1415926536  0.2002722977  -0.7480263493
8.1681408993  3.1415926536  3.1415926536  0.1616028741  -0.6625433722
9.4247779608  3.1415926536  3.1415926536  0.1323450342  -0.5918518226
10.6814150222  3.1415926536  3.1415926536  0.1099086476  -0.5337768423
11.9380520836  3.1415926536  3.1415926536  0.0924506611  -0.4856570620
13.1946891451  3.1415926536  3.1415926536  0.0786641261  -0.4452289637
14.4513262065  3.1415926536  3.1415926536  0.0676234541  -0.4107865398
15.7079632679  3.1415926536  3.1415926536  0.0586677424  -0.3810842187
16.9646003294  3.1415926536  3.1415926536  0.0513185613  -0.3552070067
18.2212373908  3.1415926536  3.1415926536  0.0452241755  -0.3324687273
19.4778744523  3.1415926536  3.1415926536  0.0401220384  -0.3123424665
20.7345115137  3.1415926536  3.1415926536  0.0358133929  -0.2944147344
21.9911485751  3.1415926536  3.1415926536  0.0321458241  -0.2783550985
23.2477856366  3.1415926536  3.1415926536  0.0290010786  -0.2638955807
24.5044226980  3.1415926536  3.1415926536  0.0262864207  -0.2508162434
25.7610597594  3.1415926536  3.1415926536  0.0239284082  -0.2389347933
27.0176968209  3.1415926536  3.1415926536  0.0218683472  -0.2280988774
28.2743338823  3.1415926536  3.1415926536  0.0200589327  -0.2181802436
29.5309709437  3.1415926536  3.1415926536  0.0184617370  -0.2090702335
30.7876080052  3.1415926536  3.1415926536  0.0170453130  -0.2006762512
32.0442450666  3.1415926536  3.1415926536  0.0157837477  -0.1929189650
33.3008821281  3.1415926536  3.1415926536  0.0146555486  -0.1857300675
34.5575191895  3.1415926536  3.1415926536  0.0136427804  -0.1790504675
35.8141562509  3.1415926536  3.1415926536  0.0127303898  -0.1728288201
37.0707933124  3.1415926536  3.1415926536  0.0119056730  -0.1670203247
38.3274303738  3.1415926536  3.1415926536  0.0111578540  -0.1615857350
39.5840674352  3.1415926536  3.1415926536  0.0104777472  -0.1564905409
40.8407044967  3.1415926536  3.1415926536  0.0098574864  -0.1517042874
42.0973415581  3.1415926536  3.1415926536  0.0092903059  -0.1472000059
43.3539786195  3.1415926536  3.1415926536  0.0087703623  -0.1429537375
44.6106156810  3.1415926536  3.1415926536  0.0082925888  -0.1389441298
45.8672527424  3.1415926536  3.1415926536  0.0078525753  -0.1351520976
47.1238898038  3.1415926536  3.1415926536  0.0074464698  -0.1315605328
48.3805268653  3.1415926536  3.1415926536  0.0070708963  -0.1281540584
49.6371639267  3.1415926536  3.1415926536  0.0067228861  -0.1249188170
50.8938009882  3.1415926536  3.1415926536  0.0063998208  -0.1218422897
52.1504380496  3.1415926536  3.1415926536  0.0060993840  -0.1189131398
53.4070751110  3.1415926536  3.1415926536  0.0058195208  -0.1161210778
54.6637121725  3.1415926536  3.1415926536  0.0055584033  -0.1134567440
55.9203492339  3.1415926536  3.1415926536  0.0053144011  -0.1109116067
57.1769862953  3.1415926536  3.1415926536  0.0050860567  -0.1084778734
58.4336233568  3.1415926536  3.1415926536  0.0048720636  -0.1061484129
59.6902604182  3.1415926536  3.1415926536  0.0046712486  -0.1039166869
60.9468974796  3.1415926536  3.1415926536  0.0044825552  -0.1017766901
62.2035345411  3.1415926536  3.1415926536  0.0043050306  -0.0997228974
63.4601716025  3.1415926536  3.1415926536  0.0041378132  -0.0977502169
64.7168086639  3.1415926536  3.1415926536  0.0039801229  -0.0958539486
65.9734457254  3.1415926536  3.1415926536  0.0038312515  -0.0940297475
67.2300827868  3.1415926536  3.1415926536  0.0036905556  -0.0922735907
68.4867198483  3.1415926536  3.1415926536  0.0035574488  -0.0905817485
69.7433569097  3.1415926536  3.1415926536  0.0034313966  -0.0889507582
70.9999939711  3.1415926536  3.1415926536  0.0033119104  -0.0873774005
72.2566310326  3.1415926536  3.1415926536  0.0031985431  -0.0858586788
73.5132680940  3.1415926536  3.1415926536  0.0030908848  -0.0843918002
74.7699051554  3.1415926536  3.1415926536  0.0029885597  -0.0829741585
76.0265422169  3.1415926536  3.1415926536  0.0028912218  -0.0816033191
77.2831792783  3.1415926536  3.1415926536  0.0027985530  -0.0802770049
78.5398163397  3.1415926536  3.1415926536  0.0027102600  -0.0789930839
79.7964534012  3.1415926536  3.1415926536  0.0026260721  -0.0777495578
81.0530904626  3.1415926536  3.1415926536  0.0025457393  -0.0765445519
82.3097275241  3.1415926536  3.1415926536  0.0024690301  -0.0753763054
83.5663645855  3.1415926536  3.1415926536  0.0023957303  -0.0742431631
84.8230016469  3.1415926536  3.1415926536  0.0023256412  -0.0731435677
86.0796387084  3.1415926536  3.1415926536  0.0022585782  -0.0720760524
87.3362757698  3.1415926536  3.1415926536  0.0021943699  -0.0710392346
88.5929128312  3.1415926536  3.1415926536  0.0021328568  -0.0700318100
89.8495498927  3.1415926536  3.1415926536  0.0020738904  -0.0690525471
91.1061869541  3.1415926536  3.1415926536  0.0020173323  -0.0681002820
92.3628240155  3.1415926536  3.1415926536  0.0019630533  -0.0671739143
93.6194610770  3.1415926536  3.1415926536  0.0019109327  -0.0662724022
94.8760981384  3.1415926536  3.1415926536  0.0018608577  -0.0653947592
96.1327351998  3.1415926536  3.1415926536  0.0018127229  -0.0645400503
97.3893722613  3.1415926536  3.1415926536  0.0017664293  -0.0637073886
98.6460093227  3.1415926536  3.1415926536  0.0017218845  -0.0628959323
99.9026463842  3.1415926536  3.1415926536  0.0016790015  -0.0621048819
101.1592834456  3.1415926536  3.1415926536  0.0016376989  -0.0613334776
102.4159205070  3.1415926536  3.1415926536  0.0015978999  -0.0605809968
103.6725575685  3.1415926536  3.1415926536  0.0015595325  -0.0598467519
104.9291946299  3.1415926536  3.1415926536  0.0015225291  -0.0591300881
106.1858316913  3.1415926536  3.1415926536  0.0014868257  -0.0584303818
107.4424687528  3.1415926536  3.1415926536  0.0014523622  -0.0577470383
108.6991058142  3.1415926536  3.1415926536  0.0014190820  -0.0570794905
109.9557428756  3.1415926536  3.1415926536  0.0013869316  -0.0564271971
111.2123799371  3.1415926536  3.1415926536  0.0013558604  -0.0557896413
112.4690169985  3.1415926536  3.1415926536  0.0013258207  -0.0551663293
113.7256540600  3.1415926536  3.1415926536  0.0012967674  -0.0545567893
114.9822911214  3.1415926536  3.1415926536  0.0012686578  -0.0539605699
116.2389281828  3.1415926536  3.1415926536  0.0012414516  -0.0533772393
117.4955652443  3.1415926536  3.1415926536  0.0012151104  -0.0528063841
118.7522023057  3.1415926536  3.1415926536  0.0011895981  -0.0522476084
120.0088393671  3.1415926536  3.1415926536  0.0011648801  -0.0517005330
121.2654764286  3.1415926536  3.1415926536  0.0011409240  -0.0511647941
122.5221134900  3.1415926536  3.1415926536  0.0011176988  -0.0506400432
123.7787505514  3.1415926536  3.1415926536  0.0010951750  -0.0501259457
125.0353876129  3.1415926536  3.1415926536  0.0010733247  -0.0496221805
126.2920246743  3.1415926536  3.1415926536  0.0010521213  -0.0491284392
127.5486617357  3.1415926536  3.1415926536  0.0010315396  -0.0486444257
128.8052987972  3.1415926536  3.1415926536  0.0010115556  -0.0481698553
130.0619358586  3.1415926536  3.1415926536  0.0009921462  -0.0477044544
131.3185729201  3.1415926536  3.1415926536  0.0009732898  -0.0472479598
132.5752099815  3.1415926536  3.1415926536  0.0009549655  -0.0468001183
133.8318470429  3.1415926536  3.1415926536  0.0009371535  -0.0463606863
135.0884841044  3.1415926536  3.1415926536  0.0009198349  -0.0459294290
136.3451211658  3.1415926536  3.1415926536  0.0009029917  -0.0455061206
137.6017582272  3.1415926536  3.1415926536  0.0008866065  -0.0450905432
138.8583952887  3.1415926536  3.1415926536  0.0008706631  -0.0446824871
140.1150323501  3.1415926536  3.1415926536  0.0008551456  -0.0442817499
141.3716694115  3.1415926536  3.1415926536  0.0008400390  -0.0438881364
142.6283064730  3.1415926536  3.1415926536  0.0008253289  -0.0435014584
143.8849435344  3.1415926536  3.1415926536  0.0008110017  -0.0431215343
145.1415805958  3.1415926536  3.1415926536  0.0007970441  -0.0427481885
146.3982176573  3.1415926536  3.1415926536  0.0007834435  -0.0423812519
147.6548547187  3.1415926536  3.1415926536  0.0007701879  -0.0420205606
148.9114917802  3.1415926536  3.1415926536  0.0007572657  -0.0416659567
150.1681288416  3.1415926536  3.1415926536  0.0007446659  -0.0413172873
151.4247659030  3.1415926536  3.1415926536  0.0007323777  -0.0409744048
152.6814029645  3.1415926536  3.1415926536  0.0007203910  -0.0406371662
153.9380400259  3.1415926536  3.1415926536  0.0007086961  -0.0403054333
155.1946770873  3.1415926536  3.1415926536  0.0006972835  -0.0399790724
156.4513141488  3.1415926536  3.1415926536  0.0006861443  -0.0396579541
157.7079512102  3.1415926536  3.1415926536  0.0006752697  -0.0393419531
158.9645882716  3.1415926536  3.1415926536  0.0006646515  -0.0390309481
160.2212253331  3.1415926536  3.1415926536  0.0006542816  -0.0387248214
161.4778623945  3.1415926536  3.1415926536  0.0006441525  -0.0384234592
162.7344994560  3.1415926536  3.1415926536  0.0006342566  -0.0381267511
163.9911365174  3.1415926536  3.1415926536  0.0006245870  -0.0378345902
165.2477735788  3.1415926536  3.1415926536  0.0006151367  -0.0375468727
166.5044106403  3.1415926536  3.1415926536  0.0006058992  -0.0372634981
167.7610477017  3.1415926536  3.1415926536  0.0005968681  -0.0369843687
169.0176847631  3.1415926536  3.1415926536  0.0005880373  -0.0367093898
170.2743218246  3.1415926536  3.1415926536  0.0005794010  -0.0364384696
171.5309588860  3.1415926536  3.1415926536  0.0005709535  -0.0361715189
172.7875959474  3.1415926536  3.1415926536  0.0005626893  -0.0359084511
174.0442330089  3.1415926536  3.1415926536  0.0005546032  -0.0356491820
175.3008700703  3.1415926536  3.1415926536  0.0005466901  -0.0353936300
176.5575071317  3.1415926536  3.1415926536  0.0005389450  -0.0351417157
177.8141441932  3.1415926536  3.1415926536  0.0005313633  -0.0348933621
179.0707812546  3.1415926536  3.1415926536  0.0005239405  -0.0346484940
180.3274183161  3.1415926536  3.1415926536  0.0005166720  -0.0344070388
181.5840553775  3.1415926536  3.1415926536  0.0005095537  -0.0341689254
182.8406924389  3.1415926536  3.1415926536  0.0005025814  -0.0339340851
184.0973295004  3.1415926536  3.1415926536  0.0004957512  -0.0337024508
185.3539665618  3.1415926536  3.1415926536  0.0004890593  -0.0334739573
186.6106036232  3.1415926536  3.1415926536  0.0004825018  -0.0332485411
187.8672406847  3.1415926536  3.1415926536  0.0004760754  -0.0330261405
189.1238777461  3.1415926536  3.1415926536  0.0004697764  -0.0328066954
190.3805148075  3.1415926536  3.1415926536  0.0004636016  -0.0325901473
191.6371518690  3.1415926536  3.1415926536  0.0004575477  -0.0323764391
192.8937889304  3.1415926536  3.1415926536  0.0004516116  -0.0321655154
194.1504259918  3.1415926536  3.1415926536  0.0004457902  -0.0319573221
195.4070630533  3.1415926536  3.1415926536  0.0004400806  -0.0317518065
196.6637001147  3.1415926536  3.1415926536  0.0004344800  -0.0315489174
197.9203371762  3.1415926536  3.1415926536  0.0004289856  -0.0313486046
199.1769742376  3.1415926536  3.1415926536  0.0004235947  -0.0311508194
200.4336112990  3.1415926536  3.1415926536  0.0004183047  -0.0309555143
201.6902483605  3.1415926536  3.1415926536  0.0004131132  -0.0307626429
202.9468854219  3.1415926536  3.1415926536  0.0004080178  -0.0305721601
204.2035224833  3.1415926536  3.1415926536  0.0004030160  -0.0303840216
205.4601595448  3.1415926536  3.1415926536  0.0003981055  -0.0301981845
206.7167966062  3.1415926536  3.1415926536  0.0003932843  -0.0300146069
207.9734336676  3.1415926536  3.1415926536  0.0003885501  -0.0298332477
209.2300707291  3.1415926536  3.1415926536  0.0003839008  -0.0296540671
210.4867077905  3.1415926536  3.1415926536  0.0003793345  -0.0294770259
211.7433448520  3.1415926536  3.1415926536  0.0003748491  -0.0293020861
212.9999819134  3.1415926536  3.1415926536  0.0003704428  -0.0291292105
214.2566189748  3.1415926536  3.1415926536  0.0003661137  -0.0289583628
215.5132560363  3.1415926536  3.1415926536  0.0003618600  -0.0287895075
216.7698930977  3.1415926536  3.1415926536  0.0003576801  -0.0286226099
218.0265301591  3.1415926536  3.1415926536  0.0003535721  -0.0284576363
219.2831672206  3.1415926536  3.1415926536  0.0003495344  -0.0282945534
220.5398042820  3.1415926536  3.1415926536  0.0003455655  -0.0281333291
221.7964413434  3.1415926536  3.1415926536  0.0003416638  -0.0279739317
223.0530784049  3.1415926536  3.1415926536  0.0003378278  -0.0278163304
224.3097154663  3.1415926536  3.1415926536  0.0003340561  -0.0276604949
225.5663525277  3.1415926536  3.1415926536  0.0003303471  -0.0275063957
226.8229895892  3.1415926536  3.1415926536  0.0003266995  -0.0273540040
228.0796266506  3.1415926536  3.1415926536  0.0003231121  -0.0272032916
229.3362637121  3.1415926536  3.1415926536  0.0003195833  -0.0270542309
230.5929007735  3.1415926536  3.1415926536  0.0003161121  -0.0269067948
231.8495378349  3.1415926536  3.1415926536  0.0003126970  -0.0267609569
233.1061748964  3.1415926536  3.1415926536  0.0003093370  -0.0266166914
234.3628119578  3.1415926536  3.1415926536  0.0003060309  -0.0264739731
235.6194490192  3.1415926536  3.1415926536  0.0003027775  -0.0263327770
236.8760860807  3.1415926536  3.1415926536  0.0002995757  -0.0261930791
238.1327231421  3.1415926536  3.1415926536  0.0002964243  -0.0260548556
239.3893602035  3.1415926536  3.1415926536  0.0002933225  -0.0259180832
240.6459972650  3.1415926536  3.1415926536  0.0002902690  -0.0257827393
241.9026343264  3.1415926536  3.1415926536  0.0002872630  -0.0256488016
243.1592713878  3.1415926536  3.1415926536  0.0002843034  -0.0255162483
244.4159084493  3.1415926536  3.1415926536  0.0002813893  -0.0253850580
245.6725455107  3.1415926536  3.1415926536  0.0002785198  -0.0252552098
246.9291825722  3.1415926536  3.1415926536  0.0002756940  -0.0251266832
248.1858196336  3.1415926536  3.1415926536  0.0002729109  -0.0249994582
249.4424566950  3.1415926536  3.1415926536  0.0002701697  -0.0248735150
250.6990937565  3.1415926536  3.1415926536  0.0002674697  -0.0247488345
251.9557308179  3.1415926536  3.1415926536  0.0002648099  -0.0246253976
253.2123678793  3.1415926536  3.1415926536  0.0002621895  -0.0245031860
254.4690049408  3.1415926536  3.1415926536  0.0002596079  -0.0243821814
255.7256420022  3.1415926536  3.1415926536  0.0002570642  -0.0242623660
256.9822790636  3.1415926536  3.1415926536  0.0002545577  -0.0241437225
258.2389161251  3.1415926536  3.1415926536  0.0002520876  -0.0240262336
259.4955531865  3.1415926536  3.1415926536  0.0002496534  -0.0239098826
260.7521902480  3.1415926536  3.1415926536  0.0002472542  -0.0237946532
262.0088273094  3.1415926536  3.1415926536  0.0002448894  -0.0236805290
263.2654643708  3.1415926536  3.1415926536  0.0002425584  -0.0235674944
264.5221014323  3.1415926536  3.1415926536  0.0002402605  -0.0234555337
265.7787384937  3.1415926536  3.1415926536  0.0002379952  -0.0233446317
267.0353755551  3.1415926536  3.1415926536  0.0002357616  -0.0232347736
268.2920126166  3.1415926536  3.1415926536  0.0002335594  -0.0231259446
269.5486496780  3.1415926536  3.1415926536  0.0002313879  -0.0230181303
270.8052867394  3.1415926536  3.1415926536  0.0002292465  -0.0229113166
272.0619238009  3.1415926536  3.1415926536  0.0002271347  -0.0228054897
273.3185608623  3.1415926536  3.1415926536  0.0002250520  -0.0227006359
274.5751979237  3.1415926536  3.1415926536  0.0002229978  -0.0225967418
275.8318349852  3.1415926536  3.1415926536  0.0002209715  -0.0224937945
277.0884720466  3.1415926536  3.1415926536  0.0002189728  -0.0223917809
278.3451091081  3.1415926536  3.1415926536  0.0002170010  -0.0222906884
279.6017461695  3.1415926536  3.1415926536  0.0002150557  -0.0221905046
280.8583832309  3.1415926536  3.1415926536  0.0002131365  -0.0220912173
282.1150202924  3.1415926536  3.1415926536  0.0002112429  -0.0219928146
283.3716573538  3.1415926536  3.1415926536  0.0002093743  -0.0218952846
284.6282944152  3.1415926536  3.1415926536  0.0002075305  -0.0217986158
285.8849314767  3.1415926536  3.1415926536  0.0002057109  -0.0217027969
287.1415685381  3.1415926536  3.1415926536  0.0002039151  -0.0216078166
288.3982055995  3.1415926536  3.1415926536  0.0002021428  -0.0215136641
289.6548426610  3.1415926536  3.1415926536  0.0002003934  -0.0214203285
290.9114797224  3.1415926536  3.1415926536  0.0001986666  -0.0213277993
292.1681167839  3.1415926536  3.1415926536  0.0001969621  -0.0212360660
293.4247538453  3.1415926536  3.1415926536  0.0001952794  -0.0211451185
294.6813909067  3.1415926536  3.1415926536  0.0001936182  -0.0210549466
295.9380279682  3.1415926536  3.1415926536  0.0001919781  -0.0209655406
297.1946650296  3.1415926536  3.1415926536  0.0001903587  -0.0208768906
298.4513020910  3.1415926536  3.1415926536  0.0001887597  -0.0207889872
299.7079391525  3.1415926536  3.1415926536  0.0001871808  -0.0207018209
300.9645762139  3.1415926536  3.1415926536  0.0001856216  -0.0206153825
302.2212132753  3.1415926536  3.1415926536  0.0001840818  -0.0205296630
303.4778503368  3.1415926536  3.1415926536  0.0001825611  -0.0204446533
304.7344873982  3.1415926536  3.1415926536  0.0001810592  -0.0203603448
305.9911244596  3.1415926536  3.1415926536  0.0001795757  -0.0202767287
307.2477615211  3.1415926536  3.1415926536  0.0001781103  -0.0201937967
308.5043985825  3.1415926536  3.1415926536  0.0001766629  -0.0201115402
309.7610356440  3.1415926536  3.1415926536  0.0001752329  -0.0200299512
311.0176727054  3.1415926536  3.1415926536  0.0001738203  -0.0199490214
312.2743097668  3.1415926536  3.1415926536  0.0001724247  -0.0198687430
313.5309468283  3.1415926536  3.1415926536  0.0001710459  -0.0197891082
314.7875838897  3.1415926536  3.1415926536  0.0001696835  -0.0197101091
316.0442209511  3.1415926536  3.1415926536  0.0001683373  -0.0196317383
317.3008580126  3.1415926536  3.1415926536  0.0001670071  -0.0195539883
318.5574950740  3.1415926536  3.1415926536  0.0001656925  -0.0194768516
319.8141321354  3.1415926536  3.1415926536  0.0001643935  -0.0194003212
321.0707691969  3.1415926536  3.1415926536  0.0001631096  -0.0193243898
322.3274062583  3.1415926536  3.1415926536  0.0001618407  -0.0192490505
323.5840433197  3.1415926536  3.1415926536  0.0001605866  -0.0191742963
324.8406803812  3.1415926536  3.1415926536  0.0001593470  -0.0191001205
326.0973174426  3.1415926536  3.1415926536  0.0001581217  -0.0190265164
327.3539545041  3.1415926536  3.1415926536  0.0001569105  -0.0189534775
328.6105915655  3.1415926536  3.1415926536  0.0001557131  -0.0188809971
329.8672286269  3.1415926536  3.1415926536  0.0001545294  -0.0188090690
331.1238656884  3.1415926536  3.1415926536  0.0001533591  -0.0187376868
332.3805027498  3.1415926536  3.1415926536  0.0001522021  -0.0186668444
333.6371398112  3.1415926536  3.1415926536  0.0001510581  -0.0185965356
334.8937768727  3.1415926536  3.1415926536  0.0001499269  -0.0185267545
336.1504139341  3.1415926536  3.1415926536  0.0001488085  -0.0184574951
337.4070509955  3.1415926536  3.1415926536  0.0001477024  -0.0183887516
338.6636880570  3.1415926536  3.1415926536  0.0001466087  -0.0183205183
339.9203251184  3.1415926536  3.1415926536  0.0001455271  -0.0182527895
341.1769621799  3.1415926536  3.1415926536  0.0001444574  -0.0181855596
342.4335992413  3.1415926536  3.1415926536  0.0001433994  -0.0181188231
343.6902363027  3.1415926536  3.1415926536  0.0001423530  -0.0180525747
344.9468733642  3.1415926536  3.1415926536  0.0001413181  -0.0179868089
346.2035104256  3.1415926536  3.1415926536  0.0001402944  -0.0179215206
347.4601474870  3.1415926536  3.1415926536  0.0001392817  -0.0178567046
348.7167845485  3.1415926536  3.1415926536  0.0001382800  -0.0177923556
349.9734216099  3.1415926536  3.1415926536  0.0001372891  -0.0177284688
351.2300586713  3.1415926536  3.1415926536  0.0001363087  -0.0176650392
352.4866957328  3.1415926536  3.1415926536  0.0001353388  -0.0176020618
353.7433327942  3.1415926536  3.1415926536  0.0001343793  -0.0175395319
354.9999698556  3.1415926536  3.1415926536  0.0001334299  -0.0174774446
356.2566069171  3.1415926536  3.1415926536  0.0001324905  -0.0174157954
357.5132439785  3.1415926536  3.1415926536  0.0001315610  -0.0173545796
358.7698810400  3.1415926536  3.1415926536  0.0001306413  -0.0172937926
360.0265181014  3.1415926536  3.1415926536  0.0001297312  -0.0172334299
361.2831551628  3.1415926536  3.1415926536  0.0001288305  -0.0171734872
362.5397922243  3.1415926536  3.1415926536  0.0001279392  -0.0171139600
363.7964292857  3.1415926536  3.1415926536  0.0001270571  -0.0170548440
365.0530663471  3.1415926536  3.1415926536  0.0001261841  -0.0169961351
366.3097034086  3.1415926536  3.1415926536  0.0001253201  -0.0169378289
367.5663404700  3.1415926536  3.1415926536  0.0001244649  -0.0168799215
368.8229775314  3.1415926536  3.1415926536  0.0001236185  -0.0168224086
370.0796145929  3.1415926536  3.1415926536  0.0001227806  -0.0167652863
371.3362516543  3.1415926536  3.1415926536  0.0001219512  -0.0167085507
372.5928887157  3.1415926536  3.1415926536  0.0001211302  -0.0166521977
373.8495257772  3.1415926536  3.1415926536  0.0001203175  -0.0165962236
375.1061628386  3.1415926536  3.1415926536  0.0001195129  -0.0165406245
376.3627999001  3.1415926536  3.1415926536  0.0001187164  -0.0164853967
377.6194369615  3.1415926536  3.1415926536  0.0001179278  -0.0164305365
378.8760740229  3.1415926536  3.1415926536  0.0001171470  -0.0163760402
380.1327110844  3.1415926536  3.1415926536  0.0001163740  -0.0163219043
381.3893481458  3.1415926536  3.1415926536  0.0001156085  -0.0162681250
382.6459852072  3.1415926536  3.1415926536  0.0001148506  -0.0162146990
383.9026222687  3.1415926536  3.1415926536  0.0001141002  -0.0161616228
385.1592593301  3.1415926536  3.1415926536  0.0001133570  -0.0161088929
386.4158963915  3.1415926536  3.1415926536  0.0001126211  -0.0160565059
387.6725334530  3.1415926536  3.1415926536  0.0001118924  -0.0160044586
388.9291705144  3.1415926536  3.1415926536  0.0001111707  -0.0159527476
390.1858075759  3.1415926536  3.1415926536  0.0001104559  -0.0159013697
391.4424446373  3.1415926536  3.1415926536  0.0001097481  -0.0158503217
392.6990816987  3.1415926536  3.1415926536  0.0001090470  -0.0157996004
393.9557187602  3.1415926536  3.1415926536  0.0001083526  -0.0157492027
395.2123558216  3.1415926536  3.1415926536  0.0001076648  -0.0156991255
396.4689928830  3.1415926536  3.1415926536  0.0001069835  -0.0156493657
397.7256299445  3.1415926536  3.1415926536  0.0001063087  -0.0155999203
398.9822670059  3.1415926536  3.1415926536  0.0001056403  -0.0155507865
400.2389040673  3.1415926536  3.1415926536  0.0001049781  -0.0155019611
401.4955411288  3.1415926536  3.1415926536  0.0001043221  -0.0154534414
402.7521781902  3.1415926536  3.1415926536  0.0001036723  -0.0154052245
404.0088152516  3.1415926536  3.1415926536  0.0001030285  -0.0153573075
405.2654523131  3.1415926536  3.1415926536  0.0001023907  -0.0153096877
406.5220893745  3.1415926536  3.1415926536  0.0001017588  -0.0152623623
407.7787264360  3.1415926536  3.1415926536  0.0001011328  -0.0152153286
409.0353634974  3.1415926536  3.1415926536  0.0001005125  -0.0151685839
410.2920005588  3.1415926536  3.1415926536  0.0000998978  -0.0151221255
411.5486376203  3.1415926536  3.1415926536  0.0000992888  -0.0150759508
412.8052746817  3.1415926536  3.1415926536  0.0000986854  -0.0150300573
414.0619117431  3.1415926536  3.1415926536  0.0000980874  -0.0149844423
415.3185488046  3.1415926536  3.1415926536  0.0000974949  -0.0149391034
416.5751858660  3.1415926536  3.1415926536  0.0000969077  -0.0148940380
417.8318229274  3.1415926536  3.1415926536  0.0000963258  -0.0148492437
419.0884599889  3.1415926536  3.1415926536  0.0000957491  -0.0148047180
420.3450970503  3.1415926536  3.1415926536  0.0000951776  -0.0147604585
421.6017341118  3.1415926536  3.1415926536  0.0000946112  -0.0147164629
422.8583711732  3.1415926536  3.1415926536  0.0000940498  -0.0146727288
424.1150082346  3.1415926536  3.1415926536  0.0000934934  -0.0146292538
425.3716452961  3.1415926536  3.1415926536  0.0000929420  -0.0145860357
426.6282823575  3.1415926536  3.1415926536  0.0000923954  -0.0145430722
427.8849194189  3.1415926536  3.1415926536  0.0000918536  -0.0145003611
429.1415564804  3.1415926536  3.1415926536  0.0000913165  -0.0144579001
430.3981935418  3.1415926536  3.1415926536  0.0000907842  -0.0144156871
431.6548306032  3.1415926536  3.1415926536  0.0000902565  -0.0143737198
432.9114676647  3.1415926536  3.1415926536  0.0000897333  -0.0143319962
434.1681047261  3.1415926536  3.1415926536  0.0000892148  -0.0142905141
435.4247417875  3.1415926536  3.1415926536  0.0000887007  -0.0142492714
436.6813788490  3.1415926536  3.1415926536  0.0000881910  -0.0142082661
437.9380159104  3.1415926536  3.1415926536  0.0000876857  -0.0141674962
439.1946529719  3.1415926536  3.1415926536  0.0000871847  -0.0141269595
440.4512900333  3.1415926536  3.1415926536  0.0000866880  -0.0140866542
441.7079270947  3.1415926536  3.1415926536  0.0000861956  -0.0140465782
442.9645641562  3.1415926536  3.1415926536  0.0000857073  -0.0140067295
444.2212012176  3.1415926536  3.1415926536  0.0000852232  -0.0139671064
445.4778382790  3.1415926536  3.1415926536  0.0000847432  -0.0139277067
446.7344753405  3.1415926536  3.1415926536  0.0000842672  -0.0138885288
447.9911124019  3.1415926536  3.1415926536  0.0000837952  -0.0138495706
449.2477494633  3.1415926536  3.1415926536  0.0000833271  -0.0138108304
450.5043865248  3.1415926536  3.1415926536  0.0000828630  -0.0137723063
451.7610235862  3.1415926536  3.1415926536  0.0000824027  -0.0137339965
453.0176606476  3.1415926536  3.1415926536  0.0000819463  -0.0136958992
454.2742977091  3.1415926536  3.1415926536  0.0000814936  -0.0136580128
455.5309347705  3.1415926536  3.1415926536  0.0000810447  -0.0136203353
456.7875718320  3.1415926536  3.1415926536  0.0000805995  -0.0135828652
458.0442088934  3.1415926536  3.1415926536  0.0000801579  -0.0135456007
459.3008459548  3.1415926536  3.1415926536  0.0000797200  -0.0135085400
460.5574830163  3.1415926536  3.1415926536  0.0000792856  -0.0134716817
461.8141200777  3.1415926536  3.1415926536  0.0000788548  -0.0134350239
463.0707571391  3.1415926536  3.1415926536  0.0000784275  -0.0133985650
464.3273942006  3.1415926536  3.1415926536  0.0000780036  -0.0133623036
465.5840312620  3.1415926536  3.1415926536  0.0000775832  -0.0133262378
466.8406683234  3.1415926536  3.1415926536  0.0000771662  -0.0132903662
468.0973053849  3.1415926536  3.1415926536  0.0000767525  -0.0132546872
469.3539424463  3.1415926536  3.1415926536  0.0000763421  -0.0132191993
470.6105795078  3.1415926536  3.1415926536  0.0000759350  -0.0131839009
471.8672165692  3.1415926536  3.1415926536  0.0000755312  -0.0131487905
473.1238536306  3.1415926536  3.1415926536  0.0000751305  -0.0131138666
474.3804906921  3.1415926536  3.1415926536  0.0000747331  -0.0130791278
475.6371277535  3.1415926536  3.1415926536  0.0000743388  -0.0130445725
476.8937648149  3.1415926536  3.1415926536  0.0000739476  -0.0130101993
478.1504018764  3.1415926536  3.1415926536  0.0000735595  -0.0129760068
479.4070389378  3.1415926536  3.1415926536  0.0000731744  -0.0129419935
480.6636759992  3.1415926536  3.1415926536  0.0000727924  -0.0129081581
481.9203130607  3.1415926536  3.1415926536  0.0000724133  -0.0128744992
483.1769501221  3.1415926536  3.1415926536  0.0000720372  -0.0128410153
484.4335871835  3.1415926536  3.1415926536  0.0000716640  -0.0128077051
485.6902242450  3.1415926536  3.1415926536  0.0000712937  -0.0127745674
486.9468613064  3.1415926536  3.1415926536  0.0000709263  -0.0127416006
488.2034983679  3.1415926536  3.1415926536  0.0000705617  -0.0127088036
489.4601354293  3.1415926536  3.1415926536  0.0000701999  -0.0126761749
490.7167724907  3.1415926536  3.1415926536  0.0000698408  -0.0126437134
491.9734095522  3.1415926536  3.1415926536  0.0000694846  -0.0126114177
493.2300466136  3.1415926536  3.1415926536  0.0000691310  -0.0125792866
494.4866836750  3.1415926536  3.1415926536  0.0000687801  -0.0125473188
495.7433207365  3.1415926536  3.1415926536  0.0000684319  -0.0125155131
496.9999577979  3.1415926536  3.1415926536  0.0000680864  -0.0124838682
498.2565948593  3.1415926536  3.1415926536  0.0000677434  -0.0124523829
499.5132319208  3.1415926536  3.1415926536  0.0000674031  -0.0124210560
500.7698689822  3.1415926536  3.1415926536  0.0000670653  -0.0123898864
502.0265060436  3.1415926536  3.1415926536  0.0000667300  -0.0123588728
503.2831431051  3.1415926536  3.1415926536  0.0000663972  -0.0123280141
504.5397801665  3.1415926536  3.1415926536  0.0000660669  -0.0122973091
505.7964172280  3.1415926536  3.1415926536  0.0000657391  -0.0122667566
507.0530542894  3.1415926536  3.1415926536  0.0000654137  -0.0122363556
508.3096913508  3.1415926536  3.1415926536  0.0000650907  -0.0122061050
509.5663284123  3.1415926536  3.1415926536  0.0000647701  -0.0121760035
510.8229654737  3.1415926536  3.1415926536  0.0000644519  -0.0121460501
512.0796025351  3.1415926536  3.1415926536  0.0000641360  -0.0121162438
513.3362395966  3.1415926536  3.1415926536  0.0000638224  -0.0120865833
514.5928766580  3.1415926536  3.1415926536  0.0000635111  -0.0120570678
515.8495137194  3.1415926536  3.1415926536  0.0000632021  -0.0120276960
517.1061507809  3.1415926536  3.1415926536  0.0000628954  -0.0119984670
518.3627878423  3.1415926536  3.1415926536  0.0000625908  -0.0119693797
519.6194249038  3.1415926536  3.1415926536  0.0000622885  -0.0119404331
520.8760619652  3.1415926536  3.1415926536  0.0000619884  -0.0119116262
522.1326990266  3.1415926536  3.1415926536  0.0000616904  -0.0118829579
523.3893360881  3.1415926536  3.1415926536  0.0000613945  -0.0118544273
524.6459731495  3.1415926536  3.1415926536  0.0000611008  -0.0118260334
525.9026102109  3.1415926536  3.1415926536  0.0000608092  -0.0117977751
527.1592472724  3.1415926536  3.1415926536  0.0000605197  -0.0117696516
528.4158843338  3.1415926536  3.1415926536  0.0000602322  -0.0117416619
529.6725213952  3.1415926536  3.1415926536  0.0000599468  -0.0117138049
530.9291584567  3.1415926536  3.1415926536  0.0000596634  -0.0116860798
532.1857955181  3.1415926536  3.1415926536  0.0000593820  -0.0116584857
533.4424325795  3.1415926536  3.1415926536  0.0000591026  -0.0116310216
534.6990696410  3.1415926536  3.1415926536  0.0000588252  -0.0116036865
535.9557067024  3.1415926536  3.1415926536  0.0000585497  -0.0115764797
537.2123437639  3.1415926536  3.1415926536  0.0000582761  -0.0115494001
538.4689808253  3.1415926536  3.1415926536  0.0000580045  -0.0115224469
539.7256178867  3.1415926536  3.1415926536  0.0000577347  -0.0114956193
540.9822549482  3.1415926536  3.1415926536  0.0000574668  -0.0114689162
542.2388920096  3.1415926536  3.1415926536  0.0000572008  -0.0114423370
543.4955290710  3.1415926536  3.1415926536  0.0000569366  -0.0114158806
544.7521661325  3.1415926536  3.1415926536  0.0000566743  -0.0113895463
546.0088031939  3.1415926536  3.1415926536  0.0000564138  -0.0113633332
547.2654402553  3.1415926536  3.1415926536  0.0000561550  -0.0113372406
548.5220773168  3.1415926536  3.1415926536  0.0000558980  -0.0113112674
549.7787143782  3.1415926536  3.1415926536  0.0000556428  -0.0112854130
551.0353514396  3.1415926536  3.1415926536  0.0000553894  -0.0112596765
552.2919885011  3.1415926536  3.1415926536  0.0000551376  -0.0112340572
553.5486255625  3.1415926536  3.1415926536  0.0000548876  -0.0112085541
554.8052626240  3.1415926536  3.1415926536  0.0000546393  -0.0111831666
556.0618996854  3.1415926536  3.1415926536  0.0000543926  -0.0111578938
557.3185367468  3.1415926536  3.1415926536  0.0000541476  -0.0111327350
558.5751738083  3.1415926536  3.1415926536  0.0000539043  -0.0111076894
559.8318108697  3.1415926536  3.1415926536  0.0000536626  -0.0110827563
561.0884479311  3.1415926536  3.1415926536  0.0000534225  -0.0110579348
562.3450849926  3.1415926536  3.1415926536  0.0000531841  -0.0110332243
563.6017220540  3.1415926536  3.1415926536  0.0000529472  -0.0110086239
564.8583591154  3.1415926536  3.1415926536  0.0000527119  -0.0109841330
566.1149961769  3.1415926536  3.1415926536  0.0000524782  -0.0109597509
567.3716332383  3.1415926536  3.1415926536  0.0000522460  -0.0109354767
568.6282702998  3.1415926536  3.1415926536  0.0000520154  -0.0109113098
569.8849073612  3.1415926536  3.1415926536  0.0000517862  -0.0108872496
571.1415444226  3.1415926536  3.1415926536  0.0000515586  -0.0108632951
572.3981814841  3.1415926536  3.1415926536  0.0000513325  -0.0108394459
573.6548185455  3.1415926536  3.1415926536  0.0000511079  -0.0108157012
574.9114556069  3.1415926536  3.1415926536  0.0000508848  -0.0107920602
576.1680926684  3.1415926536  3.1415926536  0.0000506631  -0.0107685224
577.4247297298  3.1415926536  3.1415926536  0.0000504428  -0.0107450870
578.6813667912  3.1415926536  3.1415926536  0.0000502240  -0.0107217534
579.9380038527  3.1415926536  3.1415926536  0.0000500066  -0.0106985210
581.1946409141  3.1415926536  3.1415926536  0.0000497906  -0.0106753890
582.4512779755  3.1415926536  3.1415926536  0.0000495760  -0.0106523568
583.7079150370  3.1415926536  3.1415926536  0.0000493628  -0.0106294238
584.9645520984  3.1415926536  3.1415926536  0.0000491510  -0.0106065893
586.2211891599  3.1415926536  3.1415926536  0.0000489405  -0.0105838527
587.4778262213  3.1415926536  3.1415926536  0.0000487314  -0.0105612134
588.7344632827  3.1415926536  3.1415926536  0.0000485236  -0.0105386707
589.9911003442  3.1415926536  3.1415926536  0.0000483171  -0.0105162241
591.2477374056  3.1415926536  3.1415926536  0.0000481120  -0.0104938728
592.5043744670  3.1415926536  3.1415926536  0.0000479081  -0.0104716164
593.7610115285  3.1415926536  3.1415926536  0.0000477056  -0.0104494542
595.0176485899  3.1415926536  3.1415926536  0.0000475043  -0.0104273856
596.2742856513  3.1415926536  3.1415926536  0.0000473043  -0.0104054100
597.5309227128  3.1415926536  3.1415926536  0.0000471056  -0.0103835269
598.7875597742  3.1415926536  3.1415926536  0.0000469081  -0.0103617356
600.0441968357  3.1415926536  3.1415926536  0.0000467119  -0.0103400356
601.3008338971  3.1415926536  3.1415926536  0.0000465168  -0.0103184262
602.5574709585  3.1415926536  3.1415926536  0.0000463230  -0.0102969070
603.8141080200  3.1415926536  3.1415926536  0.0000461305  -0.0102754774
605.0707450814  3.1415926536  3.1415926536  0.0000459391  -0.0102541368
606.3273821428  3.1415926536  3.1415926536  0.0000457489  -0.0102328847
607.5840192043  3.1415926536  3.1415926536  0.0000455598  -0.0102117204
608.8406562657  3.1415926536  3.1415926536  0.0000453720  -0.0101906435
610.0972933271  3.1415926536  3.1415926536  0.0000451853  -0.0101696535
611.3539303886  3.1415926536  3.1415926536  0.0000449997  -0.0101487497
612.6105674500  3.1415926536  3.1415926536  0.0000448153  -0.0101279317
613.8672045114  3.1415926536  3.1415926536  0.0000446320  -0.0101071990
615.1238415729  3.1415926536  3.1415926536  0.0000444499  -0.0100865509
616.3804786343  3.1415926536  3.1415926536  0.0000442689  -0.0100659870
617.6371156958  3.1415926536  3.1415926536  0.0000440889  -0.0100455069
618.8937527572  3.1415926536  3.1415926536  0.0000439101  -0.0100251098
620.1503898186  3.1415926536  3.1415926536  0.0000437323  -0.0100047955
621.4070268801  3.1415926536  3.1415926536  0.0000435556  -0.0099845633
622.6636639415  3.1415926536  3.1415926536  0.0000433800  -0.0099644128
623.9203010029  3.1415926536  3.1415926536  0.0000432055  -0.0099443434
625.1769380644  3.1415926536  3.1415926536  0.0000430320  -0.0099243547
626.4335751258  3.1415926536  3.1415926536  0.0000428595  -0.0099044462
627.6902121872  3.1415926536  3.1415926536  0.0000426881  -0.0098846175
628.9468492487  3.1415926536  3.1415926536  0.0000000000  0.0000000000
