-627.6902121872  0.0000000000  0.0000000000  0.0000000000  0.0000000000
-626.4335751258  0.0000000000  0.0000000000  0.0000000000  0.0000000000
-625.1769380644  0.0000000000  0.0000000000  0.0000000000  0.0000000000
-623.9203010029  0.0000000000  0.0000000000  0.0000000000  0.0000000000
-622.6636639415  0.0000000000  0.0000000000  0.0000000000  0.0000000000
-621.4070268801  0.0000000000  0.0000000000  0.0000000000  0.0000000000
-620.1503898186  0.0000000000  0.0000000000  0.0000000000  0.0000000000
-618.8937527572  0.0000000000  0.0000000000  0.0000000000  0.0000000000
-617.6371156958  0.0000000000  0.0000000000  0.0000000000  0.0000000000
-616.3804786343  0.0000000000  0.0000000000  0.0000000000  0.0000000000
-615.1238415729  0.0000000000  0.0000000000  0.0000000000  0.0000000000
-613.8672045114  0.0000000000  0.0000000000  0.0000000000  0.0000000000
-612.6105674500  0.0000000000  0.0000000000  0.0000000000  0.0000000000
-611.3539303886  0.0000000000  0.0000000000  0.0000000000  0.0000000000
-610.0972933271  0.0000000000  0.0000000000  0.0000000000  0.0000000000
-608.8406562657  0.0000000000  0.0000000000  0.0000000000  0.0000000000
-607.5840192043  0.0000000000  0.0000000000  0.0000000000  0.0000000000
-606.3273821428  0.0000000000  0.0000000000  0.0000000000  0.0000000000
-605.0707450814  0.0000000000  0.0000000000  0.0000000000  0.0000000000
-603.8141080200  0.0000000000  0.0000000000  0.0000000000  0.0000000000
-602.5574709585  0.0000000000  0.0000000000  0.0000000000  0.0000000000
-601.3008338971  0.0000000000  0.0000000000  0.0000000000  0.0000000000
-600.0441968357  0.0000000000  0.0000000000  0.0000000000  0.0000000000
-598.7875597742  0.0000000000  0.0000000000  0.0000000000  0.0000000000
-597.5309227128  0.0000000000  0.0000000000  0.0000000000  0.0000000000
-596.2742856513  0.0000000000  0.0000000000  0.0000000000  0.0000000000
-595.0176485899  0.0000000000  0.0000000000  0.0000000000  0.0000000000
-593.7610115285  0.0000000000  0.0000000000  0.0000000000  0.0000000000
-592.5043744670  0.0000000000  0.0000000000  0.0000000000  0.0000000000
-591.2477374056  0.0000000000  0.0000000000  0.0000000000  0.0000000000
-589.9911003442  0.0000000000  0.0000000000  0.0000000000  0.0000000000
-588.7344632827  0.0000000000  0.0000000000  0.0000000000  0.0000000000
-587.4778262213  0.0000000000  0.0000000000  0.0000000000  0.0000000000
-586.2211891599  0.0000000000  0.0000000000  0.0000000000  0.0000000000
-584.9645520984  0.0000000000  0.0000000000  0.0000000000  0.0000000000
-583.7079150370  0.0000000000  0.0000000000  0.0000000000  0.0000000000
-582.4512779755  0.0000000000  0.0000000000  0.0000000000  0.0000000000
-581.1946409141  0.0000000000  0.0000000000  0.0000000000  0.0000000000
-579.9380038527  0.0000000000  0.0000000000  0.0000000000  0.0000000000
-578.6813667912  0.0000000000  0.0000000000  0.0000000000  0.0000000000
-577.4247297298  0.0000000000  0.0000000000  0.0000000000  0.0000000000
-576.1680926684  0.0000000000  0.0000000000  0.0000000000  0.0000000000
-574.9114556069  0.0000000000  0.0000000000  0.0000000000  0.0000000000
-573.6548185455  0.0000000000  0.0000000000  0.0000000000  0.0000000000
-572.3981814841  0.0000000000  0.0000000000  0.0000000000  0.0000000000
-571.1415444226  0.0000000000  0.0000000000  0.0000000000  0.0000000000
-569.8849073612  0.0000000000  0.0000000000  0.0000000000  0.0000000000
-568.6282702998  0.0000000000  0.0000000000  0.0000000000  0.0000000000
-567.3716332383  0.0000000000  0.0000000000  0.0000000000  0.0000000000
-566.1149961769  0.0000000000  0.0000000000  0.0000000000  0.0000000000
-564.8583591154  0.0000000000  0.0000000000  0.0000000000  0.0000000000
-563.6017220540  0.0000000000  0.0000000000  0.0000000000  0.0000000000
-562.3450849926  0.0000000000  0.0000000000  0.0000000000  0.0000000000
-561.0884479311  0.0000000000  0.0000000000  0.0000000000  0.0000000000
-559.8318108697  0.0000000000  0.0000000000  0.0000000000  0.0000000000
-558.5751738083  0.0000000000  0.0000000000  0.0000000000  0.0000000000
-557.3185367468  0.0000000000  0.0000000000  0.0000000000  0.0000000000
-556.0618996854  0.0000000000  0.0000000000  0.0000000000  0.0000000000
-554.8052626240  0.0000000000  0.0000000000  0.0000000000  0.0000000000
-553.5486255625  0.0000000000  0.0000000000  0.0000000000  0.0000000000
-552.2919885011  0.0000000000  0.0000000000  0.0000000000  0.0000000000
-551.0353514396  0.0000000000  0.0000000000  0.0000000000  0.0000000000
-549.7787143782  0.0000000000  0.0000000000  0.0000000000  0.0000000000
-548.5220773168  0.0000000000  0.0000000000  0.0000000000  0.0000000000
-547.2654402553  0.0000000000  0.0000000000  0.0000000000  0.0000000000
-546.0088031939  0.0000000000  0.0000000000  0.0000000000  0.0000000000
-544.7521661325  0.0000000000  0.0000000000  0.0000000000  0.0000000000
-543.4955290710  0.0000000000  0.0000000000  0.0000000000  0.0000000000
-542.2388920096  0.0000000000  0.0000000000  0.0000000000  0.0000000000
-540.9822549482  0.0000000000  0.0000000000  0.0000000000  0.0000000000
-539.7256178867  0.0000000000  0.0000000000  0.0000000000  0.0000000000
-538.4689808253  0.0000000000  0.0000000000  0.0000000000  0.0000000000
-537.2123437639  0.0000000000  0.0000000000  0.0000000000  0.0000000000
-535.9557067024  0.0000000000  0.0000000000  0.0000000000  0.0000000000
-534.6990696410  0.0000000000  0.0000000000  0.0000000000  0.0000000000
-533.4424325795  0.0000000000  0.0000000000  0.0000000000  0.0000000000
-532.1857955181  0.0000000000  0.0000000000  0.0000000000  0.0000000000
-530.9291584567  0.0000000000  0.0000000000  0.0000000000  0.0000000000
-529.6725213952  0.0000000000  0.0000000000  0.0000000000  0.0000000000
-528.4158843338  0.0000000000  0.0000000000  0.0000000000  0.0000000000
-527.1592472724  0.0000000000  0.0000000000  0.0000000000  0.0000000000
-525.9026102109  0.0000000000  0.0000000000  0.0000000000  0.0000000000
-524.6459731495  0.0000000000  0.0000000000  0.0000000000  0.0000000000
-523.3893360881  0.0000000000  0.0000000000  0.0000000000  0.0000000000
-522.1326990266  0.0000000000  0.0000000000  0.0000000000  0.0000000000
-520.8760619652  0.0000000000  0.0000000000  0.0000000000  0.0000000000
-519.6194249038  0.0000000000  0.0000000000  0.0000000000  0.0000000000
-518.3627878423  0.0000000000  0.0000000000  0.0000000000  0.0000000000
-517.1061507809  0.0000000000  0.0000000000  0.0000000000  0.0000000000
-515.8495137194  0.0000000000  0.0000000000  0.0000000000  0.0000000000
-514.5928766580  0.0000000000  0.0000000000  0.0000000000  0.0000000000
-513.3362395966  0.0000000000  0.0000000000  0.0000000000  0.0000000000
-512.0796025351  0.0000000000  0.0000000000  0.0000000000  0.0000000000
-510.8229654737  0.0000000000  0.0000000000  0.0000000000  0.0000000000
-509.5663284123  0.0000000000  0.0000000000  0.0000000000  0.0000000000
-508.3096913508  0.0000000000  0.0000000000  0.0000000000  0.0000000000
-507.0530542894  0.0000000000  0.0000000000  0.0000000000  0.0000000000
-505.7964172280  0.0000000000  0.0000000000  0.0000000000  0.0000000000
-504.5397801665  0.0000000000  0.0000000000  0.0000000000  0.0000000000
-503.2831431051  0.0000000000  0.0000000000  0.0000000000  0.0000000000
-502.0265060436  0.0000000000  0.0000000000  0.0000000000  0.0000000000
-500.7698689822  0.0000000000  0.0000000000  0.0000000000  0.0000000000
-499.5132319208  0.0000000000  0.0000000000  0.0000000000  0.0000000000
-498.2565948593  0.0000000000  0.0000000000  0.0000000000  0.0000000000
-496.9999577979  0.0000000000  0.0000000000  0.0000000000  0.0000000000
-495.7433207365  0.0000000000  0.0000000000  0.0000000000  0.0000000000
-494.4866836750  0.0000000000  0.0000000000  0.0000000000  0.0000000000
-493.2300466136  0.0000000000  0.0000000000  0.0000000000  0.0000000000
-491.9734095522  0.0000000000  0.0000000000  0.0000000000  0.0000000000
-490.7167724907  0.0000000000  0.0000000000  0.0000000000  0.0000000000
-489.4601354293  0.0000000000  0.0000000000  0.0000000000  0.0000000000
-488.2034983679  0.0000000000  0.0000000000  0.0000000000  0.0000000000
-486.9468613064  0.0000000000  0.0000000000  0.0000000000  0.0000000000
-485.6902242450  0.0000000000  0.0000000000  0.0000000000  0.0000000000
-484.4335871835  0.0000000000  0.0000000000  0.0000000000  0.0000000000
-483.1769501221  0.0000000000  0.0000000000  0.0000000000  0.0000000000
-481.9203130607  0.0000000000  0.0000000000  0.0000000000  0.0000000000
-480.6636759992  0.0000000000  0.0000000000  0.0000000000  0.0000000000
-479.4070389378  0.0000000000  0.0000000000  0.0000000000  0.0000000000
-478.1504018764  0.0000000000  0.0000000000  0.0000000000  0.0000000000
-476.8937648149  0.0000000000  0.0000000000  0.0000000000  0.0000000000
-475.6371277535  0.0000000000  0.0000000000  0.0000000000  0.0000000000
-474.3804906921  0.0000000000  0.0000000000  0.0000000000  0.0000000000
-473.1238536306  0.0000000000  0.0000000000  0.0000000000  0.0000000000
-471.8672165692  0.0000000000  0.0000000000  0.0000000000  0.0000000000
-470.6105795078  0.0000000000  0.0000000000  0.0000000000  0.0000000000
-469.3539424463  0.0000000000  0.0000000000  0.0000000000  0.0000000000
-468.0973053849  0.0000000000  0.0000000000  0.0000000000  0.0000000000
-466.8406683234  0.0000000000  0.0000000000  0.0000000000  0.0000000000
-465.5840312620  0.0000000000  0.0000000000  0.0000000000  0.0000000000
-464.3273942006  0.0000000000  0.0000000000  0.0000000000  0.0000000000
-463.0707571391  0.0000000000  0.0000000000  0.0000000000  0.0000000000
-461.8141200777  0.0000000000  0.0000000000  0.0000000000  0.0000000000
-460.5574830163  0.0000000000  0.0000000000  0.0000000000  0.0000000000
-459.3008459548  0.0000000000  0.0000000000  0.0000000000  0.0000000000
-458.0442088934  0.0000000000  0.0000000000  0.0000000000  0.0000000000
-456.7875718320  0.0000000000  0.0000000000  0.0000000000  0.0000000000
-455.5309347705  0.0000000000  0.0000000000  0.0000000000  0.0000000000
-454.2742977091  0.0000000000  0.0000000000  0.0000000000  0.0000000000
-453.0176606476  0.0000000000  0.0000000000  0.0000000000  0.0000000000
-451.7610235862  0.0000000000  0.0000000000  0.0000000000  0.0000000000
-450.5043865248  0.0000000000  0.0000000000  0.0000000000  0.0000000000
-449.2477494633  0.0000000000  0.0000000000  0.0000000000  0.0000000000
-447.9911124019  0.0000000000  0.0000000000  0.0000000000  0.0000000000
-446.7344753405  0.0000000000  0.0000000000  0.0000000000  0.0000000000
-445.4778382790  0.0000000000  0.0000000000  0.0000000000  0.0000000000
-444.2212012176  0.0000000000  0.0000000000  0.0000000000  0.0000000000
-442.9645641562  0.0000000000  0.0000000000  0.0000000000  0.0000000000
-441.7079270947  0.0000000000  0.0000000000  0.0000000000  0.0000000000
-440.4512900333  0.0000000000  0.0000000000  0.0000000000  0.0000000000
-439.1946529719  0.0000000000  0.0000000000  0.0000000000  0.0000000000
-437.9380159104  0.0000000000  0.0000000000  0.0000000000  0.0000000000
-436.6813788490  0.0000000000  0.0000000000  0.0000000000  0.0000000000
-435.4247417875  0.0000000000  0.0000000000  0.0000000000  0.0000000000
-434.1681047261  0.0000000000  0.0000000000  0.0000000000  0.0000000000
-432.9114676647  0.0000000000  0.0000000000  0.0000000000  0.0000000000
-431.6548306032  0.0000000000  0.0000000000  0.0000000000  0.0000000000
-430.3981935418  0.0000000000  0.0000000000  0.0000000000  0.0000000000
-429.1415564804  0.0000000000  0.0000000000  0.0000000000  0.0000000000
-427.8849194189  0.0000000000  0.0000000000  0.0000000000  0.0000000000
-426.6282823575  0.0000000000  0.0000000000  0.0000000000  0.0000000000
-425.3716452961  0.0000000000  0.0000000000  0.0000000000  0.0000000000
-424.1150082346  0.0000000000  0.0000000000  0.0000000000  0.0000000000
-422.8583711732  0.0000000000  0.0000000000  0.0000000000  0.0000000000
-421.6017341118  0.0000000000  0.0000000000  0.0000000000  0.0000000000
-420.3450970503  0.0000000000  0.0000000000  0.0000000000  0.0000000000
-419.0884599889  0.0000000000  0.0000000000  0.0000000000  0.0000000000
-417.8318229274  0.0000000000  0.0000000000  0.0000000000  0.0000000000
-416.5751858660  0.0000000000  0.0000000000  0.0000000000  0.0000000000
-415.3185488046  0.0000000000  0.0000000000  0.0000000000  0.0000000000
-414.0619117431  0.0000000000  0.0000000000  0.0000000000  0.0000000000
-412.8052746817  0.0000000000  0.0000000000  0.0000000000  0.0000000000
-411.5486376203  0.0000000000  0.0000000000  0.0000000000  0.0000000000
-410.2920005588  0.0000000000  0.0000000000  0.0000000000  0.0000000000
-409.0353634974  0.0000000000  0.0000000000  0.0000000000  0.0000000000
-407.7787264360  0.0000000000  0.0000000000  0.0000000000  0.0000000000
-406.5220893745  0.0000000000  0.0000000000  0.0000000000  0.0000000000
-405.2654523131  0.0000000000  0.0000000000  0.0000000000  0.0000000000
-404.0088152516  0.0000000000  0.0000000000  0.0000000000  0.0000000000
-402.7521781902  0.0000000000  0.0000000000  0.0000000000  0.0000000000
-401.4955411288  0.0000000000  0.0000000000  0.0000000000  0.0000000000
-400.2389040673  0.0000000000  0.0000000000  0.0000000000  0.0000000000
-398.9822670059  0.0000000000  0.0000000000  0.0000000000  0.0000000000
-397.7256299445  0.0000000000  0.0000000000  0.0000000000  0.0000000000
-396.4689928830  0.0000000000  0.0000000000  0.0000000000  0.0000000000
-395.2123558216  0.0000000000  0.0000000000  0.0000000000  0.0000000000
-393.9557187602  0.0000000000  0.0000000000  0.0000000000  0.0000000000
-392.6990816987  0.0000000000  0.0000000000  0.0000000000  0.0000000000
-391.4424446373  0.0000000000  0.0000000000  0.0000000000  0.0000000000
-390.1858075759  0.0000000000  0.0000000000  0.0000000000  0.0000000000
-388.9291705144  0.0000000000  0.0000000000  0.0000000000  0.0000000000
-387.6725334530  0.0000000000  0.0000000000  0.0000000000  0.0000000000
-386.4158963915  0.0000000000  0.0000000000  0.0000000000  0.0000000000
-385.1592593301  0.0000000000  0.0000000000  0.0000000000  0.0000000000
-383.9026222687  0.0000000000  0.0000000000  0.0000000000  0.0000000000
-382.6459852072  0.0000000000  0.0000000000  0.0000000000  0.0000000000
-381.3893481458  0.0000000000  0.0000000000  0.0000000000  0.0000000000
-380.1327110844  0.0000000000  0.0000000000  0.0000000000  0.0000000000
-378.8760740229  0.0000000000  0.0000000000  0.0000000000  0.0000000000
-377.6194369615  0.0000000000  0.0000000000  0.0000000000  0.0000000000
-376.3627999001  0.0000000000  0.0000000000  0.0000000000  0.0000000000
-375.1061628386  0.0000000000  0.0000000000  0.0000000000  0.0000000000
-373.8495257772  0.0000000000  0.0000000000  0.0000000000  0.0000000000
-372.5928887157  0.0000000000  0.0000000000  0.0000000000  0.0000000000
-371.3362516543  0.0000000000  0.0000000000  0.0000000000  0.0000000000
-370.0796145929  0.0000000000  0.0000000000  0.0000000000  0.0000000000
-368.8229775314  0.0000000000  0.0000000000  0.0000000000  0.0000000000
-367.5663404700  0.0000000000  0.0000000000  0.0000000000  0.0000000000
-366.3097034086  0.0000000000  0.0000000000  0.0000000000  0.0000000000
-365.0530663471  0.0000000000  0.0000000000  0.0000000000  0.0000000000
-363.7964292857  0.0000000000  0.0000000000  0.0000000000  0.0000000000
-362.5397922243  0.0000000000  0.0000000000  0.0000000000  0.0000000000
-361.2831551628  0.0000000000  0.0000000000  0.0000000000  0.0000000000
-360.0265181014  0.0000000000  0.0000000000  0.0000000000  0.0000000000
-358.7698810400  0.0000000000  0.0000000000  0.0000000000  0.0000000000
-357.5132439785  0.0000000000  0.0000000000  0.0000000000  0.0000000000
-356.2566069171  0.0000000000  0.0000000000  0.0000000000  0.0000000000
-354.9999698556  0.0000000000  0.0000000000  0.0000000000  0.0000000000
-353.7433327942  0.0000000000  0.0000000000  0.0000000000  0.0000000000
-352.4866957328  0.0000000000  0.0000000000  0.0000000000  0.0000000000
-351.2300586713  0.0000000000  0.0000000000  0.0000000000  0.0000000000
-349.9734216099  0.0000000000  0.0000000000  0.0000000000  0.0000000000
-348.7167845485  0.0000000000  0.0000000000  0.0000000000  0.0000000000
-347.4601474870  0.0000000000  0.0000000000  0.0000000000  0.0000000000
-346.2035104256  0.0000000000  0.0000000000  0.0000000000  0.0000000000
-344.9468733642  0.0000000000  0.0000000000  0.0000000000  0.0000000000
-343.6902363027  0.0000000000  0.0000000000  0.0000000000  0.0000000000
-342.4335992413  0.0000000000  0.0000000000  0.0000000000  0.0000000000
-341.1769621799  0.0000000000  0.0000000000  0.0000000000  0.0000000000
-339.9203251184  0.0000000000  0.0000000000  0.0000000000  0.0000000000
-338.6636880570  0.0000000000  0.0000000000  0.0000000000  0.0000000000
-337.4070509955  0.0000000000  0.0000000000  0.0000000000  0.0000000000
-336.1504139341  0.0000000000  0.0000000000  0.0000000000  0.0000000000
-334.8937768727  0.0000000000  0.0000000000  0.0000000000  0.0000000000
-333.6371398112  0.0000000000  0.0000000000  0.0000000000  0.0000000000
-332.3805027498  0.0000000000  0.0000000000  0.0000000000  0.0000000000
-331.1238656884  0.0000000000  0.0000000000  0.0000000000  0.0000000000
-329.8672286269  0.0000000000  0.0000000000  0.0000000000  0.0000000000
-328.6105915655  0.0000000000  0.0000000000  0.0000000000  0.0000000000
-327.3539545041  0.0000000000  0.0000000000  0.0000000000  0.0000000000
-326.0973174426  0.0000000000  0.0000000000  0.0000000000  0.0000000000
-324.8406803812  0.0000000000  0.0000000000  0.0000000000  0.0000000000
-323.5840433197  0.0000000000  0.0000000000  0.0000000000  0.0000000000
-322.3274062583  0.0000000000  0.0000000000  0.0000000000  0.0000000000
-321.0707691969  0.0000000000  0.0000000000  0.0000000000  0.0000000000
-319.8141321354  0.0000000000  0.0000000000  0.0000000000  0.0000000000
-318.5574950740  0.0000000000  0.0000000000  0.0000000000  0.0000000000
-317.3008580126  0.0000000000  0.0000000000  0.0000000000  0.0000000000
-316.0442209511  0.0000000000  0.0000000000  0.0000000000  0.0000000000
-314.7875838897  0.0000000000  0.0000000000  0.0000000000  0.0000000000
-313.5309468283  0.0000000000  0.0000000000  0.0000000000  0.0000000000
-312.2743097668  0.0000000000  0.0000000000  0.0000000000  0.0000000000
-311.0176727054  0.0000000000  0.0000000000  0.0000000000  0.0000000000
-309.7610356440  0.0000000000  0.0000000000  0.0000000000  0.0000000000
-308.5043985825  0.0000000000  0.0000000000  0.0000000000  0.0000000000
-307.2477615211  0.0000000000  0.0000000000  0.0000000000  0.0000000000
-305.9911244596  0.0000000000  0.0000000000  0.0000000000  0.0000000000
-304.7344873982  0.0000000000  0.0000000000  0.0000000000  0.0000000000
-303.4778503368  0.0000000000  0.0000000000  0.0000000000  0.0000000000
-302.2212132753  0.0000000000  0.0000000000  0.0000000000  0.0000000000
-300.9645762139  0.0000000000  0.0000000000  0.0000000000  0.0000000000
-299.7079391525  0.0000000000  0.0000000000  0.0000000000  0.0000000000
-298.4513020910  0.0000000000  0.0000000000  0.0000000000  0.0000000000
-297.1946650296  0.0000000000  0.0000000000  0.0000000000  0.0000000000
-295.9380279682  0.0000000000  0.0000000000  0.0000000000  0.0000000000
-294.6813909067  0.0000000000  0.0000000000  0.0000000000  0.0000000000
-293.4247538453  0.0000000000  0.0000000000  0.0000000000  0.0000000000
-292.1681167839  0.0000000000  0.0000000000  0.0000000000  0.0000000000
-290.9114797224  0.0000000000  0.0000000000  0.0000000000  0.0000000000
-289.6548426610  0.0000000000  0.0000000000  0.0000000000  0.0000000000
-288.3982055995  0.0000000000  0.0000000000  0.0000000000  0.0000000000
-287.1415685381  0.0000000000  0.0000000000  0.0000000000  0.0000000000
-285.8849314767  0.0000000000  0.0000000000  0.0000000000  0.0000000000
-284.6282944152  0.0000000000  0.0000000000  0.0000000000  0.0000000000
-283.3716573538  0.0000000000  0.0000000000  0.0000000000  0.0000000000
-282.1150202924  0.0000000000  0.0000000000  0.0000000000  0.0000000000
-280.8583832309  0.0000000000  0.0000000000  0.0000000000  0.0000000000
-279.6017461695  0.0000000000  0.0000000000  0.0000000000  0.0000000000
-278.3451091081  0.0000000000  0.0000000000  0.0000000000  0.0000000000
-277.0884720466  0.0000000000  0.0000000000  0.0000000000  0.0000000000
-275.8318349852  0.0000000000  0.0000000000  0.0000000000  0.0000000000
-274.5751979237  0.0000000000  0.0000000000  0.0000000000  0.0000000000
-273.3185608623  0.0000000000  0.0000000000  0.0000000000  0.0000000000
-272.0619238009  0.0000000000  0.0000000000  0.0000000000  0.0000000000
-270.8052867394  0.0000000000  0.0000000000  0.0000000000  0.0000000000
-269.5486496780  0.0000000000  0.0000000000  0.0000000000  0.0000000000
-268.2920126166  0.0000000000  0.0000000000  0.0000000000  0.0000000000
-267.0353755551  0.0000000000  0.0000000000  0.0000000000  0.0000000000
-265.7787384937  0.0000000000  0.0000000000  0.0000000000  0.0000000000
-264.5221014323  0.0000000000  0.0000000000  0.0000000000  0.0000000000
-263.2654643708  0.0000000000  0.0000000000  0.0000000000  0.0000000000
-262.0088273094  0.0000000000  0.0000000000  0.0000000000  0.0000000000
-260.7521902480  0.0000000000  0.0000000000  0.0000000000  0.0000000000
-259.4955531865  0.0000000000  0.0000000000  0.0000000000  0.0000000000
-258.2389161251  0.0000000000  0.0000000000  0.0000000000  0.0000000000
-256.9822790636  0.0000000000  0.0000000000  0.0000000000  0.0000000000
-255.7256420022  0.0000000000  0.0000000000  0.0000000000  0.0000000000
-254.4690049408  0.0000000000  0.0000000000  0.0000000000  0.0000000000
-253.2123678793  0.0000000000  0.0000000000  0.0000000000  0.0000000000
-251.9557308179  0.0000000000  0.0000000000  0.0000000000  0.0000000000
-250.6990937565  0.0000000000  0.0000000000  0.0000000000  0.0000000000
-249.4424566950  0.0000000000  0.0000000000  0.0000000000  0.0000000000
-248.1858196336  0.0000000000  0.0000000000  0.0000000000  0.0000000000
-246.9291825722  0.0000000000  0.0000000000  0.0000000000  0.0000000000
-245.6725455107  0.0000000000  0.0000000000  0.0000000000  0.0000000000
-244.4159084493  0.0000000000  0.0000000000  0.0000000000  0.0000000000
-243.1592713878  0.0000000000  0.0000000000  0.0000000000  0.0000000000
-241.9026343264  0.0000000000  0.0000000000  0.0000000000  0.0000000000
-240.6459972650  0.0000000000  0.0000000000  0.0000000000  0.0000000000
-239.3893602035  0.0000000000  0.0000000000  0.0000000000  0.0000000000
-238.1327231421  0.0000000000  0.0000000000  0.0000000000  0.0000000000
-236.8760860807  0.0000000000  0.0000000000  0.0000000000  0.0000000000
-235.6194490192  0.0000000000  0.0000000000  0.0000000000  0.0000000000
-234.3628119578  0.0000000000  0.0000000000  0.0000000000  0.0000000000
-233.1061748964  0.0000000000  0.0000000000  0.0000000000  0.0000000000
-231.8495378349  0.0000000000  0.0000000000  0.0000000000  0.0000000000
-230.5929007735  0.0000000000  0.0000000000  0.0000000000  0.0000000000
-229.3362637121  0.0000000000  0.0000000000  0.0000000000  0.0000000000
-228.0796266506  0.0000000000  0.0000000000  0.0000000000  0.0000000000
-226.8229895892  0.0000000000  0.0000000000  0.0000000000  0.0000000000
-225.5663525277  0.0000000000  0.0000000000  0.0000000000  0.0000000000
-224.3097154663  0.0000000000  0.0000000000  0.0000000000  0.0000000000
-223.0530784049  0.0000000000  0.0000000000  0.0000000000  0.0000000000
-221.7964413434  0.0000000000  0.0000000000  0.0000000000  0.0000000000
-220.5398042820  0.0000000000  0.0000000000  0.0000000000  0.0000000000
-219.2831672206  0.0000000000  0.0000000000  0.0000000000  0.0000000000
-218.0265301591  0.0000000000  0.0000000000  0.0000000000  0.0000000000
-216.7698930977  0.0000000000  0.0000000000  0.0000000000  0.0000000000
-215.5132560363  0.0000000000  0.0000000000  0.0000000000  0.0000000000
-214.2566189748  0.0000000000  0.0000000000  0.0000000000  0.0000000000
-212.9999819134  0.0000000000  0.0000000000  0.0000000000  0.0000000000
-211.7433448520  0.0000000000  0.0000000000  0.0000000000  0.0000000000
-210.4867077905  0.0000000000  0.0000000000  0.0000000000  0.0000000000
-209.2300707291  0.0000000000  0.0000000000  0.0000000000  0.0000000000
-207.9734336676  0.0000000000  0.0000000000  0.0000000000  0.0000000000
-206.7167966062  0.0000000000  0.0000000000  0.0000000000  0.0000000000
-205.4601595448  0.0000000000  0.0000000000  0.0000000000  0.0000000000
-204.2035224833  0.0000000000  0.0000000000  0.0000000000  0.0000000000
-202.9468854219  0.0000000000  0.0000000000  0.0000000000  0.0000000000
-201.6902483605  0.0000000000  0.0000000000  0.0000000000  0.0000000000
-200.4336112990  0.0000000000  0.0000000000  0.0000000000  0.0000000000
-199.1769742376  0.0000000000  0.0000000000  0.0000000000  0.0000000000
-197.9203371762  0.0000000000  0.0000000000  0.0000000000  0.0000000000
-196.6637001147  0.0000000000  0.0000000000  0.0000000000  0.0000000000
-195.4070630533  0.0000000000  0.0000000000  0.0000000000  0.0000000000
-194.1504259918  0.0000000000  0.0000000000  0.0000000000  0.0000000000
-192.8937889304  0.0000000000  0.0000000000  0.0000000000  0.0000000000
-191.6371518690  0.0000000000  0.0000000000  0.0000000000  0.0000000000
-190.3805148075  0.0000000000  0.0000000000  0.0000000000  0.0000000000
-189.1238777461  0.0000000000  0.0000000000  0.0000000000  0.0000000000
-187.8672406847  0.0000000000  0.0000000000  0.0000000000  0.0000000000
-186.6106036232  0.0000000000  0.0000000000  0.0000000000  0.0000000000
-185.3539665618  0.0000000000  0.0000000000  0.0000000000  0.0000000000
-184.0973295004  0.0000000000  0.0000000000  0.0000000000  0.0000000000
-182.8406924389  0.0000000000  0.0000000000  0.0000000000  0.0000000000
-181.5840553775  0.0000000000  0.0000000000  0.0000000000  0.0000000000
-180.3274183161  0.0000000000  0.0000000000  0.0000000000  0.0000000000
-179.0707812546  0.0000000000  0.0000000000  0.0000000000  0.0000000000
-177.8141441932  0.0000000000  0.0000000000  0.0000000000  0.0000000000
-176.5575071317  0.0000000000  0.0000000000  0.0000000000  0.0000000000
-175.3008700703  0.0000000000  0.0000000000  0.0000000000  0.0000000000
-174.0442330089  0.0000000000  0.0000000000  0.0000000000  0.0000000000
-172.7875959474  0.0000000000  0.0000000000  0.0000000000  0.0000000000
-171.5309588860  0.0000000000  0.0000000000  0.0000000000  0.0000000000
-170.2743218246  0.0000000000  0.0000000000  0.0000000000  0.0000000000
-169.0176847631  0.0000000000  0.0000000000  0.0000000000  0.0000000000
-167.7610477017  0.0000000000  0.0000000000  0.0000000000  0.0000000000
-166.5044106403  0.0000000000  0.0000000000  0.0000000000  0.0000000000
-165.2477735788  0.0000000000  0.0000000000  0.0000000000  0.0000000000
-163.9911365174  0.0000000000  0.0000000000  0.0000000000  0.0000000000
-162.7344994560  0.0000000000  0.0000000000  0.0000000000  0.0000000000
-161.4778623945  0.0000000000  0.0000000000  0.0000000000  0.0000000000
-160.2212253331  0.0000000000  0.0000000000  0.0000000000  0.0000000000
-158.9645882716  0.0000000000  0.0000000000  0.0000000000  0.0000000000
-157.7079512102  0.0000000000  0.0000000000  0.0000000000  0.0000000000
-156.4513141488  0.0000000000  0.0000000000  0.0000000000  0.0000000000
-155.1946770873  0.0000000000  0.0000000000  0.0000000000  0.0000000000
-153.9380400259  0.0000000000  0.0000000000  0.0000000000  0.0000000000
-152.6814029645  0.0000000000  0.0000000000  0.0000000000  0.0000000000
-151.4247659030  0.0000000000  0.0000000000  0.0000000000  0.0000000000
-150.1681288416  0.0000000000  0.0000000000  0.0000000000  0.0000000000
-148.9114917802  0.0000000000  0.0000000000  0.0000000000  0.0000000000
-147.6548547187  0.0000000000  0.0000000000  0.0000000000  0.0000000000
-146.3982176573  0.0000000000  0.0000000000  0.0000000000  0.0000000000
-145.1415805958  0.0000000000  0.0000000000  0.0000000000  0.0000000000
-143.8849435344  0.0000000000  0.0000000000  0.0000000000  0.0000000000
-142.6283064730  0.0000000000  0.0000000000  0.0000000000  0.0000000000
-141.3716694115  0.0000000000  0.0000000000  0.0000000000  0.0000000000
-140.1150323501  0.0000000000  0.0000000000  0.0000000000  0.0000000000
-138.8583952887  0.0000000000  0.0000000000  0.0000000000  0.0000000000
-137.6017582272  0.0000000000  0.0000000000  0.0000000000  0.0000000000
-136.3451211658  0.0000000000  0.0000000000  0.0000000000  0.0000000000
-135.0884841044  0.0000000000  0.0000000000  0.0000000000  0.0000000000
-133.8318470429  0.0000000000  0.0000000000  0.0000000000  0.0000000000
-132.5752099815  0.0000000000  0.0000000000  0.0000000000  0.0000000000
-131.3185729201  0.0000000000  0.0000000000  0.0000000000  0.0000000000
-130.0619358586  0.0000000000  0.0000000000  0.0000000000  0.0000000000
-128.8052987972  0.0000000000  0.0000000000  0.0000000000  0.0000000000
-127.5486617357  0.0000000000  0.0000000000  0.0000000000  0.0000000000
-126.2920246743  0.0000000000  0.0000000000  0.0000000000  0.0000000000
-125.0353876129  0.0000000000  0.0000000000  0.0000000000  0.0000000000
-123.7787505514  0.0000000000  0.0000000000  0.0000000000  0.0000000000
-122.5221134900  0.0000000000  0.0000000000  0.0000000000  0.0000000000
-121.2654764286  0.0000000000  0.0000000000  0.0000000000  0.0000000000
-120.0088393671  0.0000000000  0.0000000000  0.0000000000  0.0000000000
-118.7522023057  0.0000000000  0.0000000000  0.0000000000  0.0000000000
-117.4955652443  0.0000000000  0.0000000000  0.0000000000  0.0000000000
-116.2389281828  0.0000000000  0.0000000000  0.0000000000  0.0000000000
-114.9822911214  0.0000000000  0.0000000000  0.0000000000  0.0000000000
-113.7256540600  0.0000000000  0.0000000000  0.0000000000  0.0000000000
-112.4690169985  0.0000000000  0.0000000000  0.0000000000  0.0000000000
-111.2123799371  0.0000000000  0.0000000000  0.0000000000  0.0000000000
-109.9557428756  0.0000000000  0.0000000000  0.0000000000  0.0000000000
-108.6991058142  0.0000000000  0.0000000000  0.0000000000  0.0000000000
-107.4424687528  0.0000000000  0.0000000000  0.0000000000  0.0000000000
-106.1858316913  0.0000000000  0.0000000000  0.0000000000  0.0000000000
-104.9291946299  0.0000000000  0.0000000000  0.0000000000  0.0000000000
-103.6725575685  0.0000000000  0.0000000000  0.0000000000  0.0000000000
-102.4159205070  0.0000000000  0.0000000000  0.0000000000  0.0000000000
-101.1592834456  0.0000000000  0.0000000000  0.0000000000  0.0000000000
-99.9026463842  0.0000000000  0.0000000000  0.0000000000  0.0000000000
-98.6460093227  0.0000000000  0.0000000000  0.0000000000  0.0000000000
-97.3893722613  0.0000000000  0.0000000000  0.0000000000  0.0000000000
-96.1327351998  0.0000000000  0.0000000000  0.0000000000  0.0000000000
-94.8760981384  0.0000000000  0.0000000000  0.0000000000  0.0000000000
-93.6194610770  0.0000000000  0.0000000000  0.0000000000  0.0000000000
-92.3628240155  0.0000000000  0.0000000000  0.0000000000  0.0000000000
-91.1061869541  0.0000000000  0.0000000000  0.0000000000  0.0000000000
-89.8495498927  0.0000000000  0.0000000000  0.0000000000  0.0000000000
-88.5929128312  0.0000000000  0.0000000000  0.0000000000  0.0000000000
-87.3362757698  0.0000000000  0.0000000000  0.0000000000  0.0000000000
-86.0796387084  0.0000000000  0.0000000000  0.0000000000  0.0000000000
-84.8230016469  0.0000000000  0.0000000000  0.0000000000  0.0000000000
-83.5663645855  0.0000000000  0.0000000000  0.0000000000  0.0000000000
-82.3097275241  0.0000000000  0.0000000000  0.0000000000  0.0000000000
-81.0530904626  0.0000000000  0.0000000000  0.0000000000  0.0000000000
-79.7964534012  0.0000000000  0.0000000000  0.0000000000  0.0000000000
-78.5398163397  0.0000000000  0.0000000000  0.0000000000  0.0000000000
-77.2831792783  0.0000000000  0.0000000000  0.0000000000  0.0000000000
-76.0265422169  0.0000000000  0.0000000000  0.0000000000  0.0000000000
-74.7699051554  0.0000000000  0.0000000000  0.0000000000  0.0000000000
-73.5132680940  0.0000000000  0.0000000000  0.0000000000  0.0000000000
-72.2566310326  0.0000000000  0.0000000000  0.0000000000  0.0000000000
-70.9999939711  0.0000000000  0.0000000000  0.0000000000  0.0000000000
-69.7433569097  0.0000000000  0.0000000000  0.0000000000  0.0000000000
-68.4867198483  0.0000000000  0.0000000000  0.0000000000  0.0000000000
-67.2300827868  0.0000000000  0.0000000000  0.0000000000  0.0000000000
-65.9734457254  0.0000000000  0.0000000000  0.0000000000  0.0000000000
-64.7168086639  0.0000000000  0.0000000000  0.0000000000  0.0000000000
-63.4601716025  0.0000000000  0.0000000000  0.0000000000  0.0000000000
-62.2035345411  0.0000000000  0.0000000000  0.0000000000  0.0000000000
-60.9468974796  0.0000000000  0.0000000000  0.0000000000  0.0000000000
-59.6902604182  0.0000000000  0.0000000000  0.0000000000  0.0000000000
-58.4336233568  0.0000000000  0.0000000000  0.0000000000  0.0000000000
-57.1769862953  0.0000000000  0.0000000000  0.0000000000  0.0000000000
-55.9203492339  0.0000000000  0.0000000000  0.0000000000  0.0000000000
-54.6637121725  0.0000000000  0.0000000000  0.0000000000  0.0000000000
-53.4070751110  0.0000000000  0.0000000000  0.0000000000  0.0000000000
-52.1504380496  0.0000000000  0.0000000000  0.0000000000  0.0000000000
-50.8938009882  0.0000000000  0.0000000000  0.0000000000  0.0000000000
-49.6371639267  0.0000000000  0.0000000000  0.0000000000  0.0000000000
-48.3805268653  0.0000000000  0.0000000000  0.0000000000  0.0000000000
-47.1238898038  0.0000000000  0.0000000000  0.0000000000  0.0000000000
-45.8672527424  0.0000000000  0.0000000000  0.0000000000  0.0000000000
-44.6106156810  0.0000000000  0.0000000000  0.0000000000  0.0000000000
-43.3539786195  0.0000000000  0.0000000000  0.0000000000  0.0000000000
-42.0973415581  0.0000000000  0.0000000000  0.0000000000  0.0000000000
-40.8407044967  0.0000000000  0.0000000000  0.0000000000  0.0000000000
-39.5840674352  0.0000000000  0.0000000000  0.0000000000  0.0000000000
-38.3274303738  0.0000000000  0.0000000000  0.0000000000  0.0000000000
-37.0707933124  0.0000000000  0.0000000000  0.0000000000  0.0000000000
-35.8141562509  0.0000000000  0.0000000000  0.0000000000  0.0000000000
-34.5575191895  0.0000000000  0.0000000000  0.0000000000  0.0000000000
-33.3008821281  0.0000000000  0.0000000000  0.0000000000  0.0000000000
-32.0442450666  0.0000000000  0.0000000000  0.0000000000  0.0000000000
-30.7876080052  0.0000000000  0.0000000000  0.0000000000  0.0000000000
-29.5309709437  0.0000000000  0.0000000000  0.0000000000  0.0000000000
-28.2743338823  0.0000000000  0.0000000000  0.0000000000  0.0000000000
-27.0176968209  0.0000000000  0.0000000000  0.0000000000  0.0000000000
-25.7610597594  0.0000000000  0.0000000000  0.0000000000  0.0000000000
-24.5044226980  0.0000000000  0.0000000000  0.0000000000  0.0000000000
-23.2477856366  0.0000000000  0.0000000000  0.0000000000  0.0000000000
-21.9911485751  0.0000000000  0.0000000000  0.0000000000  0.0000000000
-20.7345115137  0.0000000000  0.0000000000  0.0000000000  0.0000000000
-19.4778744523  0.0000000000  0.0000000000  0.0000000000  0.0000000000
-18.2212373908  0.0000000000  0.0000000000  0.0000000000  0.0000000000
-16.9646003294  0.0000000000  0.0000000000  0.0000000000  0.0000000000
-15.7079632679  0.0000000000  0.0000000000  0.0000000000  0.0000000000
-14.4513262065  0.0000000000  0.0000000000  0.0000000000  0.0000000000
-13.1946891451  0.0000000000  0.0000000000  0.0000000000  0.0000000000
-11.9380520836  0.0000000000  0.0000000000  0.0000000000  0.0000000000
-10.6814150222  0.0000000000  0.0000000000  0.0000000000  0.0000000000
-9.4247779608  0.0000000000  0.0000000000  0.0000000000  0.0000000000
-8.1681408993  0.0000000000  0.0000000000  0.0000000000  0.0000000000
-6.9115038379  0.0000000000  0.0000000000  0.0000000000  0.0000000000
-5.6548667765  0.0000000000  0.0000000000  0.0000000000  0.0000000000
-4.3982297150  0.0000000000  0.0000000000  0.0000000000  0.0000000000
-3.1415926536  0.0000000000  0.0000000000  0.0000000000  0.0000000000
-1.8849555922  0.0000000000  0.0000000000  0.0000000000  0.0001167209
-0.6283185307  0.0000000000  0.0000000000  -0.0031518834  0.0000000000
0.6283185307  0.0000000000  0.0000000000  -0.9616363459  -0.8964723272
1.8849555922  0.0000000000  0.0000000000  -0.7896440036  -1.3941497477
3.1415926536  0.0000000000  0.0000000000  -0.5933210383  -1.3180422739
4.3982297150  0.0000000000  0.0000000000  -0.4457060162  -1.1394121038
5.6548667765  0.0000000000  0.0000000000  -0.3413819717  -0.9832419371
6.9115038379  0.0000000000  0.0000000000  -0.2671238482  -0.8572458260
8.1681408993  0.0000000000  0.0000000000  -0.2135346665  -0.7524556659
9.4247779608  0.0000000000  0.0000000000  -0.1738210493  -0.6673834186
10.6814150222  0.0000000000  0.0000000000  -0.1436598354  -0.5988255710
11.9380520836  0.0000000000  0.0000000000  -0.1203120209  -0.5429731696
13.1946891451  0.0000000000  0.0000000000  -0.1019571140  -0.4966476910
14.4513262065  0.0000000000  0.0000000000  -0.0873308559  -0.4575278480
15.7079632679  0.0000000000  0.0000000000  -0.0755301082  -0.4239829955
16.9646003294  0.0000000000  0.0000000000  -0.0658980778  -0.3948610853
18.2212373908  0.0000000000  0.0000000000  -0.0579507793  -0.3693273263
19.4778744523  0.0000000000  0.0000000000  -0.0513274161  -0.3467578181
20.7345115137  0.0000000000  0.0000000000  -0.0457560147  -0.3266724509
21.9911485751  0.0000000000  0.0000000000  -0.0410292944  -0.3086925680
23.2477856366  0.0000000000  0.0000000000  -0.0369875654  -0.2925136195
24.5044226980  0.0000000000  0.0000000000  -0.0335065054  -0.2778868788
25.7610597594  0.0000000000  0.0000000000  -0.0304883461  -0.2646067494
27.0176968209  0.0000000000  0.0000000000  -0.0278554610  -0.2525016326
28.2743338823  0.0000000000  0.0000000000  -0.0255456537  -0.2414271532
29.5309709437  0.0000000000  0.0000000000  -0.0235086633  -0.2312610055
30.7876080052  0.0000000000  0.0000000000  -0.0217035468  -0.2218989536
32.0442450666  0.0000000000  0.0000000000  -0.0200966992  -0.2132516784
33.3008821281  0.0000000000  0.0000000000  -0.0186603436  -0.2052422611
34.5575191895  0.0000000000  0.0000000000  -0.0173713676  -0.1978041547
35.8141562509  0.0000000000  0.0000000000  -0.0162104206  -0.1908795345
37.0707933124  0.0000000000  0.0000000000  -0.0151612068  -0.1844179486
38.3274303738  0.0000000000  0.0000000000  -0.0142099274  -0.1783752065
39.5840674352  0.0000000000  0.0000000000  -0.0133448379  -0.1727124580
40.8407044967  0.0000000000  0.0000000000  -0.0125558935  -0.1673954274
42.0973415581  0.0000000000  0.0000000000  -0.0118344635  -0.1623937729
43.3539786195  0.0000000000  0.0000000000  -0.0111731004  -0.1576805479
44.6106156810  0.0000000000  0.0000000000  -0.0105653511  -0.1532317478
45.8672527424  0.0000000000  0.0000000000  -0.0100056023  -0.1490259256
47.1238898038  0.0000000000  0.0000000000  -0.0094889533  -0.1450438648
48.3805268653  0.0000000000  0.0000000000  -0.0090111109  -0.1412683015
49.6371639267  0.0000000000  0.0000000000  -0.0085683009  -0.1376836854
50.8938009882  0.0000000000  0.0000000000  -0.0081571954  -0.1342759748
52.1504380496  0.0000000000  0.0000000000  -0.0077748509  -0.1310324605
53.4070751110  0.0000000000  0.0000000000  -0.0074186566  -0.1279416126
54.6637121725  0.0000000000  0.0000000000  -0.0070862902  -0.1249929483
55.9203492339  0.0000000000  0.0000000000  -0.0067756807  -0.1221769169
57.1769862953  0.0000000000  0.0000000000  -0.0064849765  -0.1194847991
58.4336233568  0.0000000000  0.0000000000  -0.0062125184  -0.1169086193
59.6902604182  0.0000000000  0.0000000000  -0.0059568159  -0.1144410683
60.9468974796  0.0000000000  0.0000000000  -0.0057165272  -0.1120754361
62.2035345411  0.0000000000  0.0000000000  -0.0054904416  -0.1098055516
63.4601716025  0.0000000000  0.0000000000  -0.0052774650  -0.1076257299
64.7168086639  0.0000000000  0.0000000000  -0.0050766061  -0.1055307260
65.9734457254  0.0000000000  0.0000000000  -0.0048869654  -0.1035156931
67.2300827868  0.0000000000  0.0000000000  -0.0047077250  -0.1015761453
68.4867198483  0.0000000000  0.0000000000  -0.0045381402  -0.0997079253
69.7433569097  0.0000000000  0.0000000000  -0.0043775315  -0.0979071748
70.9999939711  0.0000000000  0.0000000000  -0.0042252780  -0.0961703082
72.2566310326  0.0000000000  0.0000000000  -0.0040808116  -0.0944939887
73.5132680940  0.0000000000  0.0000000000  -0.0039436113  -0.0928751077
74.7699051554  0.0000000000  0.0000000000  -0.0038131990  -0.0913107653
76.0265422169  0.0000000000  0.0000000000  -0.0036891352  -0.0897982533
77.2831792783  0.0000000000  0.0000000000  -0.0035710154  -0.0883350395
78.5398163397  0.0000000000  0.0000000000  -0.0034584666  -0.0869187538
79.7964534012  0.0000000000  0.0000000000  -0.0033511447  -0.0855471754
81.0530904626  0.0000000000  0.0000000000  -0.0032487316  -0.0842182214
82.3097275241  0.0000000000  0.0000000000  -0.0031509329  -0.0829299361
83.5663645855  0.0000000000  0.0000000000  -0.0030574762  -0.0816804813
84.8230016469  0.0000000000  0.0000000000  -0.0029681086  -0.0804681281
86.0796387084  0.0000000000  0.0000000000  -0.0028825954  -0.0792912485
87.3362757698  0.0000000000  0.0000000000  -0.0028007185  -0.0781483084
88.5929128312  0.0000000000  0.0000000000  -0.0027222750  -0.0770378608
89.8495498927  0.0000000000  0.0000000000  -0.0026470759  -0.0759585396
91.1061869541  0.0000000000  0.0000000000  -0.0025749450  -0.0749090544
92.3628240155  0.0000000000  0.0000000000  -0.0025057179  -0.0738881849
93.6194610770  0.0000000000  0.0000000000  -0.0024392410  -0.0728947767
94.8760981384  0.0000000000  0.0000000000  -0.0023753707  -0.0719277363
96.1327351998  0.0000000000  0.0000000000  -0.0023139729  -0.0709860276
97.3893722613  0.0000000000  0.0000000000  -0.0022549216  -0.0700686683
98.6460093227  0.0000000000  0.0000000000  -0.0021980989  -0.0691747258
99.9026463842  0.0000000000  0.0000000000  -0.0021433944  -0.0683033149
101.1592834456  0.0000000000  0.0000000000  -0.0020907040  -0.0674535942
102.4159205070  0.0000000000  0.0000000000  -0.0020399304  -0.0666247637
103.6725575685  0.0000000000  0.0000000000  -0.0019909816  -0.0658160624
104.9291946299  0.0000000000  0.0000000000  -0.0019437715  -0.0650267657
106.1858316913  0.0000000000  0.0000000000  -0.0018982188  -0.0642561832
107.4424687528  0.0000000000  0.0000000000  -0.0018542469  -0.0635036572
108.6991058142  0.0000000000  0.0000000000  -0.0018117835  -0.0627685603
109.9557428756  0.0000000000  0.0000000000  -0.0017707605  -0.0620502938
111.2123799371  0.0000000000  0.0000000000  -0.0017311136  -0.0613482860
112.4690169985  0.0000000000  0.0000000000  -0.0016927819  -0.0606619911
113.7256540600  0.0000000000  0.0000000000  -0.0016557081  -0.0599908873
114.9822911214  0.0000000000  0.0000000000  -0.0016198376  -0.0593344755
116.2389281828  0.0000000000  0.0000000000  -0.0015851191  -0.0586922784
117.4955652443  0.0000000000  0.0000000000  -0.0015515038  -0.0580638392
118.7522023057  0.0000000000  0.0000000000  -0.0015189455  -0.0574487204
120.0088393671  0.0000000000  0.0000000000  -0.0014874004  -0.0568465027
121.2654764286  0.0000000000  0.0000000000  -0.0014568269  -0.0562567845
122.5221134900  0.0000000000  0.0000000000  -0.0014271856  -0.0556791805
123.7787505514  0.0000000000  0.0000000000  -0.0013984389  -0.0551133211
125.0353876129  0.0000000000  0.0000000000  -0.0013705513  -0.0545588516
126.2920246743  0.0000000000  0.0000000000  -0.0013434889  -0.0540154316
127.5486617357  0.0000000000  0.0000000000  -0.0013172195  -0.0534827339
128.8052987972  0.0000000000  0.0000000000  -0.0012917124  -0.0529604441
130.0619358586  0.0000000000  0.0000000000  -0.0012669385  -0.0524482602
131.3185729201  0.0000000000  0.0000000000  -0.0012428699  -0.0519458915
132.5752099815  0.0000000000  0.0000000000  -0.0012194801  -0.0514530586
133.8318470429  0.0000000000  0.0000000000  -0.0011967440  -0.0509694924
135.0884841044  0.0000000000  0.0000000000  -0.0011746373  -0.0504949339
136.3451211658  0.0000000000  0.0000000000  -0.0011531370  -0.0500291337
137.6017582272  0.0000000000  0.0000000000  -0.0011322212  -0.0495718515
138.8583952887  0.0000000000  0.0000000000  -0.0011118690  -0.0491228558
140.1150323501  0.0000000000  0.0000000000  -0.0010920602  -0.0486819231
141.3716694115  0.0000000000  0.0000000000  -0.0010727757  -0.0482488384
142.6283064730  0.0000000000  0.0000000000  -0.0010539972  -0.0478233937
143.8849435344  0.0000000000  0.0000000000  -0.0010357071  -0.0474053887
145.1415805958  0.0000000000  0.0000000000  -0.0010178887  -0.0469946299
146.3982176573  0.0000000000  0.0000000000  -0.0010005259  -0.0465909303
147.6548547187  0.0000000000  0.0000000000  -0.0009836032  -0.0461941097
148.9114917802  0.0000000000  0.0000000000  -0.0009671060  -0.0458039935
150.1681288416  0.0000000000  0.0000000000  -0.0009510202  -0.0454204133
151.4247659030  0.0000000000  0.0000000000  -0.0009353321  -0.0450432060
152.6814029645  0.0000000000  0.0000000000  -0.0009200287  -0.0446722143
153.9380400259  0.0000000000  0.0000000000  -0.0009050977  -0.0443072856
155.1946770873  0.0000000000  0.0000000000  -0.0008905270  -0.0439482725
156.4513141488  0.0000000000  0.0000000000  -0.0008763051  -0.0435950323
157.7079512102  0.0000000000  0.0000000000  -0.0008624210  -0.0432474268
158.9645882716  0.0000000000  0.0000000000  -0.0008488641  -0.0429053223
160.2212253331  0.0000000000  0.0000000000  -0.0008356241  -0.0425685891
161.4778623945  0.0000000000  0.0000000000  -0.0008226914  -0.0422371018
162.7344994560  0.0000000000  0.0000000000  -0.0008100564  -0.0419107385
163.9911365174  0.0000000000  0.0000000000  -0.0007977101  -0.0415893815
165.2477735788  0.0000000000  0.0000000000  -0.0007856438  -0.0412729164
166.5044106403  0.0000000000  0.0000000000  -0.0007738491  -0.0409612323
167.7610477017  0.0000000000  0.0000000000  -0.0007623178  -0.0406542217
169.0176847631  0.0000000000  0.0000000000  -0.0007510423  -0.0403517801
170.2743218246  0.0000000000  0.0000000000  -0.0007400149  -0.0400538064
171.5309588860  0.0000000000  0.0000000000  -0.0007292286  -0.0397602022
172.7875959474  0.0000000000  0.0000000000  -0.0007186762  -0.0394708721
174.0442330089  0.0000000000  0.0000000000  -0.0007083511  -0.0391857234
175.3008700703  0.0000000000  0.0000000000  -0.0006982469  -0.0389046662
176.5575071317  0.0000000000  0.0000000000  -0.0006883572  -0.0386276129
177.8141441932  0.0000000000  0.0000000000  -0.0006786760  -0.0383544786
179.0707812546  0.0000000000  0.0000000000  -0.0006691976  -0.0380851808
180.3274183161  0.0000000000  0.0000000000  -0.0006599162  -0.0378196390
181.5840553775  0.0000000000  0.0000000000  -0.0006508265  -0.0375577753
182.8406924389  0.0000000000  0.0000000000  -0.0006419233  -0.0372995138
184.0973295004  0.0000000000  0.0000000000  -0.0006332014  -0.0370447806
185.3539665618  0.0000000000  0.0000000000  -0.0006246560  -0.0367935040
186.6106036232  0.0000000000  0.0000000000  -0.0006162824  -0.0365456139
187.8672406847  0.0000000000  0.0000000000  -0.0006080759  -0.0363010424
189.1238777461  0.0000000000  0.0000000000  -0.0006000323  -0.0360597233
190.3805148075  0.0000000000  0.0000000000  -0.0005921471  -0.0358215922
191.6371518690  0.0000000000  0.0000000000  -0.0005844162  -0.0355865861
192.8937889304  0.0000000000  0.0000000000  -0.0005768357  -0.0353546442
194.1504259918  0.0000000000  0.0000000000  -0.0005694017  -0.0351257067
195.4070630533  0.0000000000  0.0000000000  -0.0005621104  -0.0348997156
196.6637001147  0.0000000000  0.0000000000  -0.0005549583  -0.0346766145
197.9203371762  0.0000000000  0.0000000000  -0.0005479417  -0.0344563483
199.1769742376  0.0000000000  0.0000000000  -0.0005410573  -0.0342388632
200.4336112990  0.0000000000  0.0000000000  -0.0005343018  -0.0340241068
201.6902483605  0.0000000000  0.0000000000  -0.0005276719  -0.0338120283
202.9468854219  0.0000000000  0.0000000000  -0.0005211647  -0.0336025777
204.2035224833  0.0000000000  0.0000000000  -0.0005147771  -0.0333957065
205.4601595448  0.0000000000  0.0000000000  -0.0005085061  -0.0331913674
206.7167966062  0.0000000000  0.0000000000  -0.0005023490  -0.0329895141
207.9734336676  0.0000000000  0.0000000000  -0.0004963030  -0.0327901015
209.2300707291  0.0000000000  0.0000000000  -0.0004903655  -0.0325930857
210.4867077905  0.0000000000  0.0000000000  -0.0004845338  -0.0323984237
211.7433448520  0.0000000000  0.0000000000  -0.0004788056  -0.0322060734
212.9999819134  0.0000000000  0.0000000000  -0.0004731782  -0.0320159941
214.2566189748  0.0000000000  0.0000000000  -0.0004676495  -0.0318281457
215.5132560363  0.0000000000  0.0000000000  -0.0004622171  -0.0316424892
216.7698930977  0.0000000000  0.0000000000  -0.0004568787  -0.0314589863
218.0265301591  0.0000000000  0.0000000000  -0.0004516323  -0.0312775999
219.2831672206  0.0000000000  0.0000000000  -0.0004464757  -0.0310982935
220.5398042820  0.0000000000  0.0000000000  -0.0004414069  -0.0309210316
221.7964413434  0.0000000000  0.0000000000  -0.0004364239  -0.0307457793
223.0530784049  0.0000000000  0.0000000000  -0.0004315248  -0.0305725028
224.3097154663  0.0000000000  0.0000000000  -0.0004267077  -0.0304011687
225.5663525277  0.0000000000  0.0000000000  -0.0004219707  -0.0302317446
226.8229895892  0.0000000000  0.0000000000  -0.0004173122  -0.0300641987
228.0796266506  0.0000000000  0.0000000000  -0.0004127304  -0.0298984999
229.3362637121  0.0000000000  0.0000000000  -0.0004082236  -0.0297346179
230.5929007735  0.0000000000  0.0000000000  -0.0004037902  -0.0295725229
231.8495378349  0.0000000000  0.0000000000  -0.0003994287  -0.0294121859
233.1061748964  0.0000000000  0.0000000000  -0.0003951374  -0.0292535785
234.3628119578  0.0000000000  0.0000000000  -0.0003909148  -0.0290966727
235.6194490192  0.0000000000  0.0000000000  -0.0003867596  -0.0289414413
236.8760860807  0.0000000000  0.0000000000  -0.0003826702  -0.0287878578
238.1327231421  0.0000000000  0.0000000000  -0.0003786454  -0.0286358958
239.3893602035  0.0000000000  0.0000000000  -0.0003746837  -0.0284855301
240.6459972650  0.0000000000  0.0000000000  -0.0003707838  -0.0283367354
241.9026343264  0.0000000000  0.0000000000  -0.0003669445  -0.0281894873
243.1592713878  0.0000000000  0.0000000000  -0.0003631645  -0.0280437618
244.4159084493  0.0000000000  0.0000000000  -0.0003594426  -0.0278995355
245.6725455107  0.0000000000  0.0000000000  -0.0003557776  -0.0277567852
246.9291825722  0.0000000000  0.0000000000  -0.0003521684  -0.0276154885
248.1858196336  0.0000000000  0.0000000000  -0.0003486137  -0.0274756232
249.4424566950  0.0000000000  0.0000000000  -0.0003451127  -0.0273371677
250.6990937565  0.0000000000  0.0000000000  -0.0003416641  -0.0272001009
251.9557308179  0.0000000000  0.0000000000  -0.0003382669  -0.0270644018
253.2123678793  0.0000000000  0.0000000000  -0.0003349201  -0.0269300502
254.4690049408  0.0000000000  0.0000000000  -0.0003316227  -0.0267970261
255.7256420022  0.0000000000  0.0000000000  -0.0003283738  -0.0266653098
256.9822790636  0.0000000000  0.0000000000  -0.0003251724  -0.0265348822
258.2389161251  0.0000000000  0.0000000000  -0.0003220175  -0.0264057245
259.4955531865  0.0000000000  0.0000000000  -0.0003189084  -0.0262778182
260.7521902480  0.0000000000  0.0000000000  -0.0003158440  -0.0261511451
262.0088273094  0.0000000000  0.0000000000  -0.0003128236  -0.0260256877
263.2654643708  0.0000000000  0.0000000000  -0.0003098463  -0.0259014284
264.5221014323  0.0000000000  0.0000000000  -0.0003069113  -0.0257783501
265.7787384937  0.0000000000  0.0000000000  -0.0003040178  -0.0256564361
267.0353755551  0.0000000000  0.0000000000  -0.0003011650  -0.0255356700
268.2920126166  0.0000000000  0.0000000000  -0.0002983522  -0.0254160355
269.5486496780  0.0000000000  0.0000000000  -0.0002955785  -0.0252975170
270.8052867394  0.0000000000  0.0000000000  -0.0002928434  -0.0251800987
272.0619238009  0.0000000000  0.0000000000  -0.0002901461  -0.0250637656
273.3185608623  0.0000000000  0.0000000000  -0.0002874858  -0.0249485025
274.5751979237  0.0000000000  0.0000000000  -0.0002848620  -0.0248342949
275.8318349852  0.0000000000  0.0000000000  -0.0002822739  -0.0247211283
277.0884720466  0.0000000000  0.0000000000  -0.0002797209  -0.0246089884
278.3451091081  0.0000000000  0.0000000000  -0.0002772024  -0.0244978614
279.6017461695  0.0000000000  0.0000000000  -0.0002747177  -0.0243877337
280.8583832309  0.0000000000  0.0000000000  -0.0002722663  -0.0242785918
282.1150202924  0.0000000000  0.0000000000  -0.0002698476  -0.0241704225
283.3716573538  0.0000000000  0.0000000000  -0.0002674609  -0.0240632129
284.6282944152  0.0000000000  0.0000000000  -0.0002651057  -0.0239569502
285.8849314767  0.0000000000  0.0000000000  -0.0002627816  -0.0238516221
287.1415685381  0.0000000000  0.0000000000  -0.0002604878  -0.0237472161
288.3982055995  0.0000000000  0.0000000000  -0.0002582239  -0.0236437203
289.6548426610  0.0000000000  0.0000000000  -0.0002559895  -0.0235411228
290.9114797224  0.0000000000  0.0000000000  -0.0002537838  -0.0234394119
292.1681167839  0.0000000000  0.0000000000  -0.0002516066  -0.0233385762
293.4247538453  0.0000000000  0.0000000000  -0.0002494573  -0.0232386045
294.6813909067  0.0000000000  0.0000000000  -0.0002473354  -0.0231394857
295.9380279682  0.0000000000  0.0000000000  -0.0002452404  -0.0230412089
297.1946650296  0.0000000000  0.0000000000  -0.0002431719  -0.0229437634
298.4513020910  0.0000000000  0.0000000000  -0.0002411295  -0.0228471388
299.7079391525  0.0000000000  0.0000000000  -0.0002391127  -0.0227513247
300.9645762139  0.0000000000  0.0000000000  -0.0002371211  -0.0226563109
302.2212132753  0.0000000000  0.0000000000  -0.0002351543  -0.0225620875
303.4778503368  0.0000000000  0.0000000000  -0.0002332119  -0.0224686447
304.7344873982  0.0000000000  0.0000000000  -0.0002312934  -0.0223759727
305.9911244596  0.0000000000  0.0000000000  -0.0002293984  -0.0222840621
307.2477615211  0.0000000000  0.0000000000  -0.0002275267  -0.0221929035
308.5043985825  0.0000000000  0.0000000000  -0.0002256778  -0.0221024878
309.7610356440  0.0000000000  0.0000000000  -0.0002238513  -0.0220128059
311.0176727054  0.0000000000  0.0000000000  -0.0002220469  -0.0219238489
312.2743097668  0.0000000000  0.0000000000  -0.0002202643  -0.0218356080
313.5309468283  0.0000000000  0.0000000000  -0.0002185030  -0.0217480747
314.7875838897  0.0000000000  0.0000000000  -0.0002167627  -0.0216612404
316.0442209511  0.0000000000  0.0000000000  -0.0002150432  -0.0215750968
317.3008580126  0.0000000000  0.0000000000  -0.0002133440  -0.0214896357
318.5574950740  0.0000000000  0.0000000000  -0.0002116649  -0.0214048491
319.8141321354  0.0000000000  0.0000000000  -0.0002100055  -0.0213207289
321.0707691969  0.0000000000  0.0000000000  -0.0002083656  -0.0212372674
322.3274062583  0.0000000000  0.0000000000  -0.0002067448  -0.0211544568
323.5840433197  0.0000000000  0.0000000000  -0.0002051428  -0.0210722896
324.8406803812  0.0000000000  0.0000000000  -0.0002035594  -0.0209907582
326.0973174426  0.0000000000  0.0000000000  -0.0002019942  -0.0209098554
327.3539545041  0.0000000000  0.0000000000  -0.0002004470  -0.0208295739
328.6105915655  0.0000000000  0.0000000000  -0.0001989175  -0.0207499065
329.8672286269  0.0000000000  0.0000000000  -0.0001974055  -0.0206708462
331.1238656884  0.0000000000  0.0000000000  -0.0001959106  -0.0205923862
332.3805027498  0.0000000000  0.0000000000  -0.0001944327  -0.0205145196
333.6371398112  0.0000000000  0.0000000000  -0.0001929714  -0.0204372397
334.8937768727  0.0000000000  0.0000000000  -0.0001915265  -0.0203605399
336.1504139341  0.0000000000  0.0000000000  -0.0001900978  -0.0202844137
337.4070509955  0.0000000000  0.0000000000  -0.0001886850  -0.0202088547
338.6636880570  0.0000000000  0.0000000000  -0.0001872879  -0.0201338565
339.9203251184  0.0000000000  0.0000000000  -0.0001859062  -0.0200594130
341.1769621799  0.0000000000  0.0000000000  -0.0001845398  -0.0199855180
342.4335992413  0.0000000000  0.0000000000  -0.0001831884  -0.0199121654
343.6902363027  0.0000000000  0.0000000000  -0.0001818518  -0.0198393494
344.9468733642  0.0000000000  0.0000000000  -0.0001805297  -0.0197670641
346.2035104256  0.0000000000  0.0000000000  -0.0001792220  -0.0196953036
347.4601474870  0.0000000000  0.0000000000  -0.0001779285  -0.0196240623
348.7167845485  0.0000000000  0.0000000000  -0.0001766489  -0.0195533345
349.9734216099  0.0000000000  0.0000000000  -0.0001753831  -0.0194831148
351.2300586713  0.0000000000  0.0000000000  -0.0001741308  -0.0194133976
352.4866957328  0.0000000000  0.0000000000  -0.0001728919  -0.0193441777
353.7433327942  0.0000000000  0.0000000000  -0.0001716662  -0.0192754497
354.9999698556  0.0000000000  0.0000000000  -0.0001704534  -0.0192072083
356.2566069171  0.0000000000  0.0000000000  -0.0001692535  -0.0191394484
357.5132439785  0.0000000000  0.0000000000  -0.0001680662  -0.0190721650
358.7698810400  0.0000000000  0.0000000000  -0.0001668913  -0.0190053530
360.0265181014  0.0000000000  0.0000000000  -0.0001657287  -0.0189390076
361.2831551628  0.0000000000  0.0000000000  -0.0001645782  -0.0188731237
362.5397922243  0.0000000000  0.0000000000  -0.0001634397  -0.0188076967
363.7964292857  0.0000000000  0.0000000000  -0.0001623129  -0.0187427217
365.0530663471  0.0000000000  0.0000000000  -0.0001611977  -0.0186781942
366.3097034086  0.0000000000  0.0000000000  -0.0001600940  -0.0186141095
367.5663404700  0.0000000000  0.0000000000  -0.0001590016  -0.0185504631
368.8229775314  0.0000000000  0.0000000000  -0.0001579203  -0.0184872505
370.0796145929  0.0000000000  0.0000000000  -0.0001568500  -0.0184244672
371.3362516543  0.0000000000  0.0000000000  -0.0001557906  -0.0183621090
372.5928887157  0.0000000000  0.0000000000  -0.0001547418  -0.0183001714
373.8495257772  0.0000000000  0.0000000000  -0.0001537036  -0.0182386504
375.1061628386  0.0000000000  0.0000000000  -0.0001526759  -0.0181775416
376.3627999001  0.0000000000  0.0000000000  -0.0001516584  -0.0181168409
377.6194369615  0.0000000000  0.0000000000  -0.0001506510  -0.0180565443
378.8760740229  0.0000000000  0.0000000000  -0.0001496536  -0.0179966478
380.1327110844  0.0000000000  0.0000000000  -0.0001486661  -0.0179371474
381.3893481458  0.0000000000  0.0000000000  -0.0001476884  -0.0178780391
382.6459852072  0.0000000000  0.0000000000  -0.0001467202  -0.0178193191
383.9026222687  0.0000000000  0.0000000000  -0.0001457616  -0.0177609837
385.1592593301  0.0000000000  0.0000000000  -0.0001448123  -0.0177030289
386.4158963915  0.0000000000  0.0000000000  -0.0001438722  -0.0176454512
387.6725334530  0.0000000000  0.0000000000  -0.0001429413  -0.0175882468
388.9291705144  0.0000000000  0.0000000000  -0.0001420194  -0.0175314121
390.1858075759  0.0000000000  0.0000000000  -0.0001411063  -0.0174749435
391.4424446373  0.0000000000  0.0000000000  -0.0001402021  -0.0174188376
392.6990816987  0.0000000000  0.0000000000  -0.0001393065  -0.0173630909
393.9557187602  0.0000000000  0.0000000000  -0.0001384194  -0.0173076998
395.2123558216  0.0000000000  0.0000000000  -0.0001375408  -0.0172526610
396.4689928830  0.0000000000  0.0000000000  -0.0001366706  -0.0171979712
397.7256299445  0.0000000000  0.0000000000  -0.0001358086  -0.0171436271
398.9822670059  0.0000000000  0.0000000000  -0.0001349547  -0.0170896253
400.2389040673  0.0000000000  0.0000000000  -0.0001341088  -0.0170359627
401.4955411288  0.0000000000  0.0000000000  -0.0001332709  -0.0169826361
402.7521781902  0.0000000000  0.0000000000  -0.0001324407  -0.0169296423
404.0088152516  0.0000000000  0.0000000000  -0.0001316184  -0.0168769782
405.2654523131  0.0000000000  0.0000000000  -0.0001308036  -0.0168246407
406.5220893745  0.0000000000  0.0000000000  -0.0001299964  -0.0167726269
407.7787264360  0.0000000000  0.0000000000  -0.0001291967  -0.0167209337
409.0353634974  0.0000000000  0.0000000000  -0.0001284043  -0.0166695582
410.2920005588  0.0000000000  0.0000000000  -0.0001276191  -0.0166184974
411.5486376203  0.0000000000  0.0000000000  -0.0001268412  -0.0165677486
412.8052746817  0.0000000000  0.0000000000  -0.0001260703  -0.0165173087
414.0619117431  0.0000000000  0.0000000000  -0.0001253064  -0.0164671750
415.3185488046  0.0000000000  0.0000000000  -0.0001245495  -0.0164173448
416.5751858660  0.0000000000  0.0000000000  -0.0001237994  -0.0163678152
417.8318229274  0.0000000000  0.0000000000  -0.0001230561  -0.0163185837
419.0884599889  0.0000000000  0.0000000000  -0.0001223194  -0.0162696474
420.3450970503  0.0000000000  0.0000000000  -0.0001215893  -0.0162210037
421.6017341118  0.0000000000  0.0000000000  -0.0001208658  -0.0161726501
422.8583711732  0.0000000000  0.0000000000  -0.0001201486  -0.0161245839
424.1150082346  0.0000000000  0.0000000000  -0.0001194379  -0.0160768026
425.3716452961  0.0000000000  0.0000000000  -0.0001187334  -0.0160293036
426.6282823575  0.0000000000  0.0000000000  -0.0001180352  -0.0159820845
427.8849194189  0.0000000000  0.0000000000  -0.0001173430  -0.0159351428
429.1415564804  0.0000000000  0.0000000000  -0.0001166570  -0.0158884760
430.3981935418  0.0000000000  0.0000000000  -0.0001159770  -0.0158420818
431.6548306032  0.0000000000  0.0000000000  -0.0001153028  -0.0157959577
432.9114676647  0.0000000000  0.0000000000  -0.0001146346  -0.0157501015
434.1681047261  0.0000000000  0.0000000000  -0.0001139721  -0.0157045107
435.4247417875  0.0000000000  0.0000000000  -0.0001133154  -0.0156591832
436.6813788490  0.0000000000  0.0000000000  -0.0001126643  -0.0156141165
437.9380159104  0.0000000000  0.0000000000  -0.0001120188  -0.0155693085
439.1946529719  0.0000000000  0.0000000000  -0.0001113788  -0.0155247570
440.4512900333  0.0000000000  0.0000000000  -0.0001107444  -0.0154804597
441.7079270947  0.0000000000  0.0000000000  -0.0001101153  -0.0154364145
442.9645641562  0.0000000000  0.0000000000  -0.0001094915  -0.0153926193
444.2212012176  0.0000000000  0.0000000000  -0.0001088731  -0.0153490718
445.4778382790  0.0000000000  0.0000000000  -0.0001082599  -0.0153057701
446.7344753405  0.0000000000  0.0000000000  -0.0001076518  -0.0152627120
447.9911124019  0.0000000000  0.0000000000  -0.0001070489  -0.0152198955
449.2477494633  0.0000000000  0.0000000000  -0.0001064509  -0.0151773186
450.5043865248  0.0000000000  0.0000000000  -0.0001058580  -0.0151349792
451.7610235862  0.0000000000  0.0000000000  -0.0001052701  -0.0150928754
453.0176606476  0.0000000000  0.0000000000  -0.0001046870  -0.0150510052
454.2742977091  0.0000000000  0.0000000000  -0.0001041087  -0.0150093667
455.5309347705  0.0000000000  0.0000000000  -0.0001035353  -0.0149679580
456.7875718320  0.0000000000  0.0000000000  -0.0001029665  -0.0149267771
458.0442088934  0.0000000000  0.0000000000  -0.0001024024  -0.0148858222
459.3008459548  0.0000000000  0.0000000000  -0.0001018430  -0.0148450914
460.5574830163  0.0000000000  0.0000000000  -0.0001012881  -0.0148045830
461.8141200777  0.0000000000  0.0000000000  -0.0001007377  -0.0147642950
463.0707571391  0.0000000000  0.0000000000  -0.0001001919  -0.0147242257
464.3273942006  0.0000000000  0.0000000000  -0.0000996504  -0.0146843733
465.5840312620  0.0000000000  0.0000000000  -0.0000991133  -0.0146447361
466.8406683234  0.0000000000  0.0000000000  -0.0000985806  -0.0146053122
468.0973053849  0.0000000000  0.0000000000  -0.0000980521  -0.0145661001
469.3539424463  0.0000000000  0.0000000000  -0.0000975278  -0.0145270980
470.6105795078  0.0000000000  0.0000000000  -0.0000970078  -0.0144883042
471.8672165692  0.0000000000  0.0000000000  -0.0000964919  -0.0144497171
473.1238536306  0.0000000000  0.0000000000  -0.0000959801  -0.0144113349
474.3804906921  0.0000000000  0.0000000000  -0.0000954724  -0.0143731561
475.6371277535  0.0000000000  0.0000000000  -0.0000949687  -0.0143351791
476.8937648149  0.0000000000  0.0000000000  -0.0000944690  -0.0142974023
478.1504018764  0.0000000000  0.0000000000  -0.0000939732  -0.0142598240
479.4070389378  0.0000000000  0.0000000000  -0.0000934812  -0.0142224427
480.6636759992  0.0000000000  0.0000000000  -0.0000929932  -0.0141852570
481.9203130607  0.0000000000  0.0000000000  -0.0000925089  -0.0141482652
483.1769501221  0.0000000000  0.0000000000  -0.0000920285  -0.0141114658
484.4335871835  0.0000000000  0.0000000000  -0.0000915517  -0.0140748574
485.6902242450  0.0000000000  0.0000000000  -0.0000910787  -0.0140384384
486.9468613064  0.0000000000  0.0000000000  -0.0000906093  -0.0140022074
488.2034983679  0.0000000000  0.0000000000  -0.0000901435  -0.0139661630
489.4601354293  0.0000000000  0.0000000000  -0.0000896814  -0.0139303036
490.7167724907  0.0000000000  0.0000000000  -0.0000892227  -0.0138946280
491.9734095522  0.0000000000  0.0000000000  -0.0000887676  -0.0138591346
493.2300466136  0.0000000000  0.0000000000  -0.0000883159  -0.0138238221
494.4866836750  0.0000000000  0.0000000000  -0.0000878677  -0.0137886891
495.7433207365  0.0000000000  0.0000000000  -0.0000874229  -0.0137537342
496.9999577979  0.0000000000  0.0000000000  -0.0000869814  -0.0137189561
498.2565948593  0.0000000000  0.0000000000  -0.0000865433  -0.0136843534
499.5132319208  0.0000000000  0.0000000000  -0.0000861085  -0.0136499249
500.7698689822  0.0000000000  0.0000000000  -0.0000856770  -0.0136156692
502.0265060436  0.0000000000  0.0000000000  -0.0000852487  -0.0135815849
503.2831431051  0.0000000000  0.0000000000  -0.0000848236  -0.0135476710
504.5397801665  0.0000000000  0.0000000000  -0.0000844016  -0.0135139259
505.7964172280  0.0000000000  0.0000000000  -0.0000839828  -0.0134803486
507.0530542894  0.0000000000  0.0000000000  -0.0000835672  -0.0134469377
508.3096913508  0.0000000000  0.0000000000  -0.0000831546  -0.0134136920
509.5663284123  0.0000000000  0.0000000000  -0.0000827450  -0.0133806103
510.8229654737  0.0000000000  0.0000000000  -0.0000823385  -0.0133476914
512.0796025351  0.0000000000  0.0000000000  -0.0000819349  -0.0133149341
513.3362395966  0.0000000000  0.0000000000  -0.0000815343  -0.0132823372
514.5928766580  0.0000000000  0.0000000000  -0.0000811367  -0.0132498995
515.8495137194  0.0000000000  0.0000000000  -0.0000807419  -0.0132176198
517.1061507809  0.0000000000  0.0000000000  -0.0000803500  -0.0131854970
518.3627878423  0.0000000000  0.0000000000  -0.0000799610  -0.0131535301
519.6194249038  0.0000000000  0.0000000000  -0.0000795748  -0.0131217177
520.8760619652  0.0000000000  0.0000000000  -0.0000791913  -0.0130900589
522.1326990266  0.0000000000  0.0000000000  -0.0000788107  -0.0130585524
523.3893360881  0.0000000000  0.0000000000  -0.0000784327  -0.0130271973
524.6459731495  0.0000000000  0.0000000000  -0.0000780575  -0.0129959924
525.9026102109  0.0000000000  0.0000000000  -0.0000776850  -0.0129649366
527.1592472724  0.0000000000  0.0000000000  -0.0000773151  -0.0129340289
528.4158843338  0.0000000000  0.0000000000  -0.0000769479  -0.0129032682
529.6725213952  0.0000000000  0.0000000000  -0.0000765833  -0.0128726535
530.9291584567  0.0000000000  0.0000000000  -0.0000762212  -0.0128421837
532.1857955181  0.0000000000  0.0000000000  -0.0000758618  -0.0128118579
533.4424325795  0.0000000000  0.0000000000  -0.0000755048  -0.0127816749
534.6990696410  0.0000000000  0.0000000000  -0.0000751504  -0.0127516338
535.9557067024  0.0000000000  0.0000000000  -0.0000747985  -0.0127217336
537.2123437639  0.0000000000  0.0000000000  -0.0000744490  -0.0126919733
538.4689808253  0.0000000000  0.0000000000  -0.0000741020  -0.0126623519
539.7256178867  0.0000000000  0.0000000000  -0.0000737574  -0.0126328685
540.9822549482  0.0000000000  0.0000000000  -0.0000734152  -0.0126035221
542.2388920096  0.0000000000  0.0000000000  -0.0000730753  -0.0125743116
543.4955290710  0.0000000000  0.0000000000  -0.0000727379  -0.0125452363
544.7521661325  0.0000000000  0.0000000000  -0.0000724027  -0.0125162951
546.0088031939  0.0000000000  0.0000000000  -0.0000720699  -0.0124874872
547.2654402553  0.0000000000  0.0000000000  -0.0000717393  -0.0124588115
548.5220773168  0.0000000000  0.0000000000  -0.0000714110  -0.0124302673
549.7787143782  0.0000000000  0.0000000000  -0.0000710850  -0.0124018536
551.0353514396  0.0000000000  0.0000000000  -0.0000707612  -0.0123735694
552.2919885011  0.0000000000  0.0000000000  -0.0000704396  -0.0123454140
553.5486255625  0.0000000000  0.0000000000  -0.0000701202  -0.0123173865
554.8052626240  0.0000000000  0.0000000000  -0.0000698030  -0.0122894859
556.0618996854  0.0000000000  0.0000000000  -0.0000694879  -0.0122617114
557.3185367468  0.0000000000  0.0000000000  -0.0000691749  -0.0122340622
558.5751738083  0.0000000000  0.0000000000  -0.0000688641  -0.0122065374
559.8318108697  0.0000000000  0.0000000000  -0.0000685553  -0.0121791362
561.0884479311  0.0000000000  0.0000000000  -0.0000682486  -0.0121518577
562.3450849926  0.0000000000  0.0000000000  -0.0000679440  -0.0121247012
563.6017220540  0.0000000000  0.0000000000  -0.0000676414  -0.0120976658
564.8583591154  0.0000000000  0.0000000000  -0.0000673408  -0.0120707506
566.1149961769  0.0000000000  0.0000000000  -0.0000670422  -0.0120439550
567.3716332383  0.0000000000  0.0000000000  -0.0000667456  -0.0120172781
568.6282702998  0.0000000000  0.0000000000  -0.0000664510  -0.0119907191
569.8849073612  0.0000000000  0.0000000000  -0.0000661583  -0.0119642772
571.1415444226  0.0000000000  0.0000000000  -0.0000658675  -0.0119379517
572.3981814841  0.0000000000  0.0000000000  -0.0000655787  -0.0119117418
573.6548185455  0.0000000000  0.0000000000  -0.0000652917  -0.0118856467
574.9114556069  0.0000000000  0.0000000000  -0.0000650066  -0.0118596658
576.1680926684  0.0000000000  0.0000000000  -0.0000647234  -0.0118337981
577.4247297298  0.0000000000  0.0000000000  -0.0000644420  -0.0118080431
578.6813667912  0.0000000000  0.0000000000  -0.0000641625  -0.0117823999
579.9380038527  0.0000000000  0.0000000000  -0.0000638848  -0.0117568679
581.1946409141  0.0000000000  0.0000000000  -0.0000636089  -0.0117314463
582.4512779755  0.0000000000  0.0000000000  -0.0000633347  -0.0117061344
583.7079150370  0.0000000000  0.0000000000  -0.0000630624  -0.0116809314
584.9645520984  0.0000000000  0.0000000000  -0.0000627917  -0.0116558368
586.2211891599  0.0000000000  0.0000000000  -0.0000625229  -0.0116308498
587.4778262213  0.0000000000  0.0000000000  -0.0000622557  -0.0116059697
588.7344632827  0.0000000000  0.0000000000  -0.0000619903  -0.0115811957
589.9911003442  0.0000000000  0.0000000000  -0.0000617265  -0.0115565274
591.2477374056  0.0000000000  0.0000000000  -0.0000614644  -0.0115319639
592.5043744670  0.0000000000  0.0000000000  -0.0000612040  -0.0115075046
593.7610115285  0.0000000000  0.0000000000  -0.0000609453  -0.0114831488
595.0176485899  0.0000000000  0.0000000000  -0.0000606881  -0.0114588960
596.2742856513  0.0000000000  0.0000000000  -0.0000604326  -0.0114347453
597.5309227128  0.0000000000  0.0000000000  -0.0000601788  -0.0114106963
598.7875597742  0.0000000000  0.0000000000  -0.0000599265  -0.0113867482
600.0441968357  0.0000000000  0.0000000000  -0.0000596758  -0.0113629004
601.3008338971  0.0000000000  0.0000000000  -0.0000594266  -0.0113391523
602.5574709585  0.0000000000  0.0000000000  -0.0000591790  -0.0113155032
603.8141080200  0.0000000000  0.0000000000  -0.0000589330  -0.0112919526
605.0707450814  0.0000000000  0.0000000000  -0.0000586885  -0.0112684999
606.3273821428  0.0000000000  0.0000000000  -0.0000584455  -0.0112451443
607.5840192043  0.0000000000  0.0000000000  -0.0000582040  -0.0112218854
608.8406562657  0.0000000000  0.0000000000  -0.0000579641  -0.0111987224
610.0972933271  0.0000000000  0.0000000000  -0.0000577255  -0.0111756550
611.3539303886  0.0000000000  0.0000000000  -0.0000574885  -0.0111526823
612.6105674500  0.0000000000  0.0000000000  -0.0000572529  -0.0111298039
613.8672045114  0.0000000000  0.0000000000  -0.0000570188  -0.0111070192
615.1238415729  0.0000000000  0.0000000000  -0.0000567861  -0.0110843276
616.3804786343  0.0000000000  0.0000000000  -0.0000565548  -0.0110617285
617.6371156958  0.0000000000  0.0000000000  -0.0000563249  -0.0110392213
618.8937527572  0.0000000000  0.0000000000  -0.0000560965  -0.0110168056
620.1503898186  0.0000000000  0.0000000000  -0.0000558694  -0.0109944807
621.4070268801  0.0000000000  0.0000000000  -0.0000556437  -0.0109722462
622.6636639415  0.0000000000  0.0000000000  -0.0000554193  -0.0109501014
623.9203010029  0.0000000000  0.0000000000  -0.0000551963  -0.0109280457
625.1769380644  0.0000000000  0.0000000000  -0.0000549747  -0.0109060788
626.4335751258  0.0000000000  0.0000000000  -0.0000547544  -0.0108842000
627.6902121872  0.0000000000  0.0000000000  -0.0000545354  -0.0108624088
628.9468492487  0.0000000000  0.0000000000  0.0000000000  0.0000000000
-627.6902121872  0.0000000000  3.1415926536  0.0000000000  0.0000000000
-626.4335751258  0.0000000000  3.1415926536  0.0000000000  0.0000000000
-625.1769380644  0.0000000000  3.1415926536  0.0000000000  0.0000000000
-623.9203010029  0.0000000000  3.1415926536  0.0000000000  0.0000000000
-622.6636639415  0.0000000000  3.1415926536  0.0000000000  0.0000000000
-621.4070268801  0.0000000000  3.1415926536  0.0000000000  0.0000000000
-620.1503898186  0.0000000000  3.1415926536  0.0000000000  0.0000000000
-618.8937527572  0.0000000000  3.1415926536  0.0000000000  0.0000000000
-617.6371156958  0.0000000000  3.1415926536  0.0000000000  0.0000000000
-616.3804786343  0.0000000000  3.1415926536  0.0000000000  0.0000000000
-615.1238415729  0.0000000000  3.1415926536  0.0000000000  0.0000000000
-613.8672045114  0.0000000000  3.1415926536  0.0000000000  0.0000000000
-612.6105674500  0.0000000000  3.1415926536  0.0000000000  0.0000000000
-611.3539303886  0.0000000000  3.1415926536  0.0000000000  0.0000000000
-610.0972933271  0.0000000000  3.1415926536  0.0000000000  0.0000000000
-608.8406562657  0.0000000000  3.1415926536  0.0000000000  0.0000000000
-607.5840192043  0.0000000000  3.1415926536  0.0000000000  0.0000000000
-606.3273821428  0.0000000000  3.1415926536  0.0000000000  0.0000000000
-605.0707450814  0.0000000000  3.1415926536  0.0000000000  0.0000000000
-603.8141080200  0.0000000000  3.1415926536  0.0000000000  0.0000000000
-602.5574709585  0.0000000000  3.1415926536  0.0000000000  0.0000000000
-601.3008338971  0.0000000000  3.1415926536  0.0000000000  0.0000000000
-600.0441968357  0.0000000000  3.1415926536  0.0000000000  0.0000000000
-598.7875597742  0.0000000000  3.1415926536  0.0000000000  0.0000000000
-597.5309227128  0.0000000000  3.1415926536  0.0000000000  0.0000000000
-596.2742856513  0.0000000000  3.1415926536  0.0000000000  0.0000000000
-595.0176485899  0.0000000000  3.1415926536  0.0000000000  0.0000000000
-593.7610115285  0.0000000000  3.1415926536  0.0000000000  0.0000000000
-592.5043744670  0.0000000000  3.1415926536  0.0000000000  0.0000000000
-591.2477374056  0.0000000000  3.1415926536  0.0000000000  0.0000000000
-589.9911003442  0.0000000000  3.1415926536  0.0000000000  0.0000000000
-588.7344632827  0.0000000000  3.1415926536  0.0000000000  0.0000000000
-587.4778262213  0.0000000000  3.1415926536  0.0000000000  0.0000000000
-586.2211891599  0.0000000000  3.1415926536  0.0000000000  0.0000000000
-584.9645520984  0.0000000000  3.1415926536  0.0000000000  0.0000000000
-583.7079150370  0.0000000000  3.1415926536  0.0000000000  0.0000000000
-582.4512779755  0.0000000000  3.1415926536  0.0000000000  0.0000000000
-581.1946409141  0.0000000000  3.1415926536  0.0000000000  0.0000000000
-579.9380038527  0.0000000000  3.1415926536  0.0000000000  0.0000000000
-578.6813667912  0.0000000000  3.1415926536  0.0000000000  0.0000000000
-577.4247297298  0.0000000000  3.1415926536  0.0000000000  0.0000000000
-576.1680926684  0.0000000000  3.1415926536  0.0000000000  0.0000000000
-574.9114556069  0.0000000000  3.1415926536  0.0000000000  0.0000000000
-573.6548185455  0.0000000000  3.1415926536  0.0000000000  0.0000000000
-572.3981814841  0.0000000000  3.1415926536  0.0000000000  0.0000000000
-571.1415444226  0.0000000000  3.1415926536  0.0000000000  0.0000000000
-569.8849073612  0.0000000000  3.1415926536  0.0000000000  0.0000000000
-568.6282702998  0.0000000000  3.1415926536  0.0000000000  0.0000000000
-567.3716332383  0.0000000000  3.1415926536  0.0000000000  0.0000000000
-566.1149961769  0.0000000000  3.1415926536  0.0000000000  0.0000000000
-564.8583591154  0.0000000000  3.1415926536  0.0000000000  0.0000000000
-563.6017220540  0.0000000000  3.1415926536  0.0000000000  0.0000000000
-562.3450849926  0.0000000000  3.1415926536  0.0000000000  0.0000000000
-561.0884479311  0.0000000000  3.1415926536  0.0000000000  0.0000000000
-559.8318108697  0.0000000000  3.1415926536  0.0000000000  0.0000000000
-558.5751738083  0.0000000000  3.1415926536  0.0000000000  0.0000000000
-557.3185367468  0.0000000000  3.1415926536  0.0000000000  0.0000000000
-556.0618996854  0.0000000000  3.1415926536  0.0000000000  0.0000000000
-554.8052626240  0.0000000000  3.1415926536  0.0000000000  0.0000000000
-553.5486255625  0.0000000000  3.1415926536  0.0000000000  0.0000000000
-552.2919885011  0.0000000000  3.1415926536  0.0000000000  0.0000000000
-551.0353514396  0.0000000000  3.1415926536  0.0000000000  0.0000000000
-549.7787143782  0.0000000000  3.1415926536  0.0000000000  0.0000000000
-548.5220773168  0.0000000000  3.1415926536  0.0000000000  0.0000000000
-547.2654402553  0.0000000000  3.1415926536  0.0000000000  0.0000000000
-546.0088031939  0.0000000000  3.1415926536  0.0000000000  0.0000000000
-544.7521661325  0.0000000000  3.1415926536  0.0000000000  0.0000000000
-543.4955290710  0.0000000000  3.1415926536  0.0000000000  0.0000000000
-542.2388920096  0.0000000000  3.1415926536  0.0000000000  0.0000000000
-540.9822549482  0.0000000000  3.1415926536  0.0000000000  0.0000000000
-539.7256178867  0.0000000000  3.1415926536  0.0000000000  0.0000000000
-538.4689808253  0.0000000000  3.1415926536  0.0000000000  0.0000000000
-537.2123437639  0.0000000000  3.1415926536  0.0000000000  0.0000000000
-535.9557067024  0.0000000000  3.1415926536  0.0000000000  0.0000000000
-534.6990696410  0.0000000000  3.1415926536  0.0000000000  0.0000000000
-533.4424325795  0.0000000000  3.1415926536  0.0000000000  0.0000000000
-532.1857955181  0.0000000000  3.1415926536  0.0000000000  0.0000000000
-530.9291584567  0.0000000000  3.1415926536  0.0000000000  0.0000000000
-529.6725213952  0.0000000000  3.1415926536  0.0000000000  0.0000000000
-528.4158843338  0.0000000000  3.1415926536  0.0000000000  0.0000000000
-527.1592472724  0.0000000000  3.1415926536  0.0000000000  0.0000000000
-525.9026102109  0.0000000000  3.1415926536  0.0000000000  0.0000000000
-524.6459731495  0.0000000000  3.1415926536  0.0000000000  0.0000000000
-523.3893360881  0.0000000000  3.1415926536  0.0000000000  0.0000000000
-522.1326990266  0.0000000000  3.1415926536  0.0000000000  0.0000000000
-520.8760619652  0.0000000000  3.1415926536  0.0000000000  0.0000000000
-519.6194249038  0.0000000000  3.1415926536  0.0000000000  0.0000000000
-518.3627878423  0.0000000000  3.1415926536  0.0000000000  0.0000000000
-517.1061507809  0.0000000000  3.1415926536  0.0000000000  0.0000000000
-515.8495137194  0.0000000000  3.1415926536  0.0000000000  0.0000000000
-514.5928766580  0.0000000000  3.1415926536  0.0000000000  0.0000000000
-513.3362395966  0.0000000000  3.1415926536  0.0000000000  0.0000000000
-512.0796025351  0.0000000000  3.1415926536  0.0000000000  0.0000000000
-510.8229654737  0.0000000000  3.1415926536  0.0000000000  0.0000000000
-509.5663284123  0.0000000000  3.1415926536  0.0000000000  0.0000000000
-508.3096913508  0.0000000000  3.1415926536  0.0000000000  0.0000000000
-507.0530542894  0.0000000000  3.1415926536  0.0000000000  0.0000000000
-505.7964172280  0.0000000000  3.1415926536  0.0000000000  0.0000000000
-504.5397801665  0.0000000000  3.1415926536  0.0000000000  0.0000000000
-503.2831431051  0.0000000000  3.1415926536  0.0000000000  0.0000000000
-502.0265060436  0.0000000000  3.1415926536  0.0000000000  0.0000000000
-500.7698689822  0.0000000000  3.1415926536  0.0000000000  0.0000000000
-499.5132319208  0.0000000000  3.1415926536  0.0000000000  0.0000000000
-498.2565948593  0.0000000000  3.1415926536  0.0000000000  0.0000000000
-496.9999577979  0.0000000000  3.1415926536  0.0000000000  0.0000000000
-495.7433207365  0.0000000000  3.1415926536  0.0000000000  0.0000000000
-494.4866836750  0.0000000000  3.1415926536  0.0000000000  0.0000000000
-493.2300466136  0.0000000000  3.1415926536  0.0000000000  0.0000000000
-491.9734095522  0.0000000000  3.1415926536  0.0000000000  0.0000000000
-490.7167724907  0.0000000000  3.1415926536  0.0000000000  0.0000000000
-489.4601354293  0.0000000000  3.1415926536  0.0000000000  0.0000000000
-488.2034983679  0.0000000000  3.1415926536  0.0000000000  0.0000000000
-486.9468613064  0.0000000000  3.1415926536  0.0000000000  0.0000000000
-485.6902242450  0.0000000000  3.1415926536  0.0000000000  0.0000000000
-484.4335871835  0.0000000000  3.1415926536  0.0000000000  0.0000000000
-483.1769501221  0.0000000000  3.1415926536  0.0000000000  0.0000000000
-481.9203130607  0.0000000000  3.1415926536  0.0000000000  0.0000000000
-480.6636759992  0.0000000000  3.1415926536  0.0000000000  0.0000000000
-479.4070389378  0.0000000000  3.1415926536  0.0000000000  0.0000000000
-478.1504018764  0.0000000000  3.1415926536  0.0000000000  0.0000000000
-476.8937648149  0.0000000000  3.1415926536  0.0000000000  0.0000000000
-475.6371277535  0.0000000000  3.1415926536  0.0000000000  0.0000000000
-474.3804906921  0.0000000000  3.1415926536  0.0000000000  0.0000000000
-473.1238536306  0.0000000000  3.1415926536  0.0000000000  0.0000000000
-471.8672165692  0.0000000000  3.1415926536  0.0000000000  0.0000000000
-470.6105795078  0.0000000000  3.1415926536  0.0000000000  0.0000000000
-469.3539424463  0.0000000000  3.1415926536  0.0000000000  0.0000000000
-468.0973053849  0.0000000000  3.1415926536  0.0000000000  0.0000000000
-466.8406683234  0.0000000000  3.1415926536  0.0000000000  0.0000000000
-465.5840312620  0.0000000000  3.1415926536  0.0000000000  0.0000000000
-464.3273942006  0.0000000000  3.1415926536  0.0000000000  0.0000000000
-463.0707571391  0.0000000000  3.1415926536  0.0000000000  0.0000000000
-461.8141200777  0.0000000000  3.1415926536  0.0000000000  0.0000000000
-460.5574830163  0.0000000000  3.1415926536  0.0000000000  0.0000000000
-459.3008459548  0.0000000000  3.1415926536  0.0000000000  0.0000000000
-458.0442088934  0.0000000000  3.1415926536  0.0000000000  0.0000000000
-456.7875718320  0.0000000000  3.1415926536  0.0000000000  0.0000000000
-455.5309347705  0.0000000000  3.1415926536  0.0000000000  0.0000000000
-454.2742977091  0.0000000000  3.1415926536  0.0000000000  0.0000000000
-453.0176606476  0.0000000000  3.1415926536  0.0000000000  0.0000000000
-451.7610235862  0.0000000000  3.1415926536  0.0000000000  0.0000000000
-450.5043865248  0.0000000000  3.1415926536  0.0000000000  0.0000000000
-449.2477494633  0.0000000000  3.1415926536  0.0000000000  0.0000000000
-447.9911124019  0.0000000000  3.1415926536  0.0000000000  0.0000000000
-446.7344753405  0.0000000000  3.1415926536  0.0000000000  0.0000000000
-445.4778382790  0.0000000000  3.1415926536  0.0000000000  0.0000000000
-444.2212012176  0.0000000000  3.1415926536  0.0000000000  0.0000000000
-442.9645641562  0.0000000000  3.1415926536  0.0000000000  0.0000000000
-441.7079270947  0.0000000000  3.1415926536  0.0000000000  0.0000000000
-440.4512900333  0.0000000000  3.1415926536  0.0000000000  0.0000000000
-439.1946529719  0.0000000000  3.1415926536  0.0000000000  0.0000000000
-437.9380159104  0.0000000000  3.1415926536  0.0000000000  0.0000000000
-436.6813788490  0.0000000000  3.1415926536  0.0000000000  0.0000000000
-435.4247417875  0.0000000000  3.1415926536  0.0000000000  0.0000000000
-434.1681047261  0.0000000000  3.1415926536  0.0000000000  0.0000000000
-432.9114676647  0.0000000000  3.1415926536  0.0000000000  0.0000000000
-431.6548306032  0.0000000000  3.1415926536  0.0000000000  0.0000000000
-430.3981935418  0.0000000000  3.1415926536  0.0000000000  0.0000000000
-429.1415564804  0.0000000000  3.1415926536  0.0000000000  0.0000000000
-427.8849194189  0.0000000000  3.1415926536  0.0000000000  0.0000000000
-426.6282823575  0.0000000000  3.1415926536  0.0000000000  0.0000000000
-425.3716452961  0.0000000000  3.1415926536  0.0000000000  0.0000000000
-424.1150082346  0.0000000000  3.1415926536  0.0000000000  0.0000000000
-422.8583711732  0.0000000000  3.1415926536  0.0000000000  0.0000000000
-421.6017341118  0.0000000000  3.1415926536  0.0000000000  0.0000000000
-420.3450970503  0.0000000000  3.1415926536  0.0000000000  0.0000000000
-419.0884599889  0.0000000000  3.1415926536  0.0000000000  0.0000000000
-417.8318229274  0.0000000000  3.1415926536  0.0000000000  0.0000000000
-416.5751858660  0.0000000000  3.1415926536  0.0000000000  0.0000000000
-415.3185488046  0.0000000000  3.1415926536  0.0000000000  0.0000000000
-414.0619117431  0.0000000000  3.1415926536  0.0000000000  0.0000000000
-412.8052746817  0.0000000000  3.1415926536  0.0000000000  0.0000000000
-411.5486376203  0.0000000000  3.1415926536  0.0000000000  0.0000000000
-410.2920005588  0.0000000000  3.1415926536  0.0000000000  0.0000000000
-409.0353634974  0.0000000000  3.1415926536  0.0000000000  0.0000000000
-407.7787264360  0.0000000000  3.1415926536  0.0000000000  0.0000000000
-406.5220893745  0.0000000000  3.1415926536  0.0000000000  0.0000000000
-405.2654523131  0.0000000000  3.1415926536  0.0000000000  0.0000000000
-404.0088152516  0.0000000000  3.1415926536  0.0000000000  0.0000000000
-402.7521781902  0.0000000000  3.1415926536  0.0000000000  0.0000000000
-401.4955411288  0.0000000000  3.1415926536  0.0000000000  0.0000000000
-400.2389040673  0.0000000000  3.1415926536  0.0000000000  0.0000000000
-398.9822670059  0.0000000000  3.1415926536  0.0000000000  0.0000000000
-397.7256299445  0.0000000000  3.1415926536  0.0000000000  0.0000000000
-396.4689928830  0.0000000000  3.1415926536  0.0000000000  0.0000000000
-395.2123558216  0.0000000000  3.1415926536  0.0000000000  0.0000000000
-393.9557187602  0.0000000000  3.1415926536  0.0000000000  0.0000000000
-392.6990816987  0.0000000000  3.1415926536  0.0000000000  0.0000000000
-391.4424446373  0.0000000000  3.1415926536  0.0000000000  0.0000000000
-390.1858075759  0.0000000000  3.1415926536  0.0000000000  0.0000000000
-388.9291705144  0.0000000000  3.1415926536  0.0000000000  0.0000000000
-387.6725334530  0.0000000000  3.1415926536  0.0000000000  0.0000000000
-386.4158963915  0.0000000000  3.1415926536  0.0000000000  0.0000000000
-385.1592593301  0.0000000000  3.1415926536  0.0000000000  0.0000000000
-383.9026222687  0.0000000000  3.1415926536  0.0000000000  0.0000000000
-382.6459852072  0.0000000000  3.1415926536  0.0000000000  0.0000000000
-381.3893481458  0.0000000000  3.1415926536  0.0000000000  0.0000000000
-380.1327110844  0.0000000000  3.1415926536  0.0000000000  0.0000000000
-378.8760740229  0.0000000000  3.1415926536  0.0000000000  0.0000000000
-377.6194369615  0.0000000000  3.1415926536  0.0000000000  0.0000000000
-376.3627999001  0.0000000000  3.1415926536  0.0000000000  0.0000000000
-375.1061628386  0.0000000000  3.1415926536  0.0000000000  0.0000000000
-373.8495257772  0.0000000000  3.1415926536  0.0000000000  0.0000000000
-372.5928887157  0.0000000000  3.1415926536  0.0000000000  0.0000000000
-371.3362516543  0.0000000000  3.1415926536  0.0000000000  0.0000000000
-370.0796145929  0.0000000000  3.1415926536  0.0000000000  0.0000000000
-368.8229775314  0.0000000000  3.1415926536  0.0000000000  0.0000000000
-367.5663404700  0.0000000000  3.1415926536  0.0000000000  0.0000000000
-366.3097034086  0.0000000000  3.1415926536  0.0000000000  0.0000000000
-365.0530663471  0.0000000000  3.1415926536  0.0000000000  0.0000000000
-363.7964292857  0.0000000000  3.1415926536  0.0000000000  0.0000000000
-362.5397922243  0.0000000000  3.1415926536  0.0000000000  0.0000000000
-361.2831551628  0.0000000000  3.1415926536  0.0000000000  0.0000000000
-360.0265181014  0.0000000000  3.1415926536  0.0000000000  0.0000000000
-358.7698810400  0.0000000000  3.1415926536  0.0000000000  0.0000000000
-357.5132439785  0.0000000000  3.1415926536  0.0000000000  0.0000000000
-356.2566069171  0.0000000000  3.1415926536  0.0000000000  0.0000000000
-354.9999698556  0.0000000000  3.1415926536  0.0000000000  0.0000000000
-353.7433327942  0.0000000000  3.1415926536  0.0000000000  0.0000000000
-352.4866957328  0.0000000000  3.1415926536  0.0000000000  0.0000000000
-351.2300586713  0.0000000000  3.1415926536  0.0000000000  0.0000000000
-349.9734216099  0.0000000000  3.1415926536  0.0000000000  0.0000000000
-348.7167845485  0.0000000000  3.1415926536  0.0000000000  0.0000000000
-347.4601474870  0.0000000000  3.1415926536  0.0000000000  0.0000000000
-346.2035104256  0.0000000000  3.1415926536  0.0000000000  0.0000000000
-344.9468733642  0.0000000000  3.1415926536  0.0000000000  0.0000000000
-343.6902363027  0.0000000000  3.1415926536  0.0000000000  0.0000000000
-342.4335992413  0.0000000000  3.1415926536  0.0000000000  0.0000000000
-341.1769621799  0.0000000000  3.1415926536  0.0000000000  0.0000000000
-339.9203251184  0.0000000000  3.1415926536  0.0000000000  0.0000000000
-338.6636880570  0.0000000000  3.1415926536  0.0000000000  0.0000000000
-337.4070509955  0.0000000000  3.1415926536  0.0000000000  0.0000000000
-336.1504139341  0.0000000000  3.1415926536  0.0000000000  0.0000000000
-334.8937768727  0.0000000000  3.1415926536  0.0000000000  0.0000000000
-333.6371398112  0.0000000000  3.1415926536  0.0000000000  0.0000000000
-332.3805027498  0.0000000000  3.1415926536  0.0000000000  0.0000000000
-331.1238656884  0.0000000000  3.1415926536  0.0000000000  0.0000000000
-329.8672286269  0.0000000000  3.1415926536  0.0000000000  0.0000000000
-328.6105915655  0.0000000000  3.1415926536  0.0000000000  0.0000000000
-327.3539545041  0.0000000000  3.1415926536  0.0000000000  0.0000000000
-326.0973174426  0.0000000000  3.1415926536  0.0000000000  0.0000000000
-324.8406803812  0.0000000000  3.1415926536  0.0000000000  0.0000000000
-323.5840433197  0.0000000000  3.1415926536  0.0000000000  0.0000000000
-322.3274062583  0.0000000000  3.1415926536  0.0000000000  0.0000000000
-321.0707691969  0.0000000000  3.1415926536  0.0000000000  0.0000000000
-319.8141321354  0.0000000000  3.1415926536  0.0000000000  0.0000000000
-318.5574950740  0.0000000000  3.1415926536  0.0000000000  0.0000000000
-317.3008580126  0.0000000000  3.1415926536  0.0000000000  0.0000000000
-316.0442209511  0.0000000000  3.1415926536  0.0000000000  0.0000000000
-314.7875838897  0.0000000000  3.1415926536  0.0000000000  0.0000000000
-313.5309468283  0.0000000000  3.1415926536  0.0000000000  0.0000000000
-312.2743097668  0.0000000000  3.1415926536  0.0000000000  0.0000000000
-311.0176727054  0.0000000000  3.1415926536  0.0000000000  0.0000000000
-309.7610356440  0.0000000000  3.1415926536  0.0000000000  0.0000000000
-308.5043985825  0.0000000000  3.1415926536  0.0000000000  0.0000000000
-307.2477615211  0.0000000000  3.1415926536  0.0000000000  0.0000000000
-305.9911244596  0.0000000000  3.1415926536  0.0000000000  0.0000000000
-304.7344873982  0.0000000000  3.1415926536  0.0000000000  0.0000000000
-303.4778503368  0.0000000000  3.1415926536  0.0000000000  0.0000000000
-302.2212132753  0.0000000000  3.1415926536  0.0000000000  0.0000000000
-300.9645762139  0.0000000000  3.1415926536  0.0000000000  0.0000000000
-299.7079391525  0.0000000000  3.1415926536  0.0000000000  0.0000000000
-298.4513020910  0.0000000000  3.1415926536  0.0000000000  0.0000000000
-297.1946650296  0.0000000000  3.1415926536  0.0000000000  0.0000000000
-295.9380279682  0.0000000000  3.1415926536  0.0000000000  0.0000000000
-294.6813909067  0.0000000000  3.1415926536  0.0000000000  0.0000000000
-293.4247538453  0.0000000000  3.1415926536  0.0000000000  0.0000000000
-292.1681167839  0.0000000000  3.1415926536  0.0000000000  0.0000000000
-290.9114797224  0.0000000000  3.1415926536  0.0000000000  0.0000000000
-289.6548426610  0.0000000000  3.1415926536  0.0000000000  0.0000000000
-288.3982055995  0.0000000000  3.1415926536  0.0000000000  0.0000000000
-287.1415685381  0.0000000000  3.1415926536  0.0000000000  0.0000000000
-285.8849314767  0.0000000000  3.1415926536  0.0000000000  0.0000000000
-284.6282944152  0.0000000000  3.1415926536  0.0000000000  0.0000000000
-283.3716573538  0.0000000000  3.1415926536  0.0000000000  0.0000000000
-282.1150202924  0.0000000000  3.1415926536  0.0000000000  0.0000000000
-280.8583832309  0.0000000000  3.1415926536  0.0000000000  0.0000000000
-279.6017461695  0.0000000000  3.1415926536  0.0000000000  0.0000000000
-278.3451091081  0.0000000000  3.1415926536  0.0000000000  0.0000000000
-277.0884720466  0.0000000000  3.1415926536  0.0000000000  0.0000000000
-275.8318349852  0.0000000000  3.1415926536  0.0000000000  0.0000000000
-274.5751979237  0.0000000000  3.1415926536  0.0000000000  0.0000000000
-273.3185608623  0.0000000000  3.1415926536  0.0000000000  0.0000000000
-272.0619238009  0.0000000000  3.1415926536  0.0000000000  0.0000000000
-270.8052867394  0.0000000000  3.1415926536  0.0000000000  0.0000000000
-269.5486496780  0.0000000000  3.1415926536  0.0000000000  0.0000000000
-268.2920126166  0.0000000000  3.1415926536  0.0000000000  0.0000000000
-267.0353755551  0.0000000000  3.1415926536  0.0000000000  0.0000000000
-265.7787384937  0.0000000000  3.1415926536  0.0000000000  0.0000000000
-264.5221014323  0.0000000000  3.1415926536  0.0000000000  0.0000000000
-263.2654643708  0.0000000000  3.1415926536  0.0000000000  0.0000000000
-262.0088273094  0.0000000000  3.1415926536  0.0000000000  0.0000000000
-260.7521902480  0.0000000000  3.1415926536  0.0000000000  0.0000000000
-259.4955531865  0.0000000000  3.1415926536  0.0000000000  0.0000000000
-258.2389161251  0.0000000000  3.1415926536  0.0000000000  0.0000000000
-256.9822790636  0.0000000000  3.1415926536  0.0000000000  0.0000000000
-255.7256420022  0.0000000000  3.1415926536  0.0000000000  0.0000000000
-254.4690049408  0.0000000000  3.1415926536  0.0000000000  0.0000000000
-253.2123678793  0.0000000000  3.1415926536  0.0000000000  0.0000000000
-251.9557308179  0.0000000000  3.1415926536  0.0000000000  0.0000000000
-250.6990937565  0.0000000000  3.1415926536  0.0000000000  0.0000000000
-249.4424566950  0.0000000000  3.1415926536  0.0000000000  0.0000000000
-248.1858196336  0.0000000000  3.1415926536  0.0000000000  0.0000000000
-246.9291825722  0.0000000000  3.1415926536  0.0000000000  0.0000000000
-245.6725455107  0.0000000000  3.1415926536  0.0000000000  0.0000000000
-244.4159084493  0.0000000000  3.1415926536  0.0000000000  0.0000000000
-243.1592713878  0.0000000000  3.1415926536  0.0000000000  0.0000000000
-241.9026343264  0.0000000000  3.1415926536  0.0000000000  0.0000000000
-240.6459972650  0.0000000000  3.1415926536  0.0000000000  0.0000000000
-239.3893602035  0.0000000000  3.1415926536  0.0000000000  0.0000000000
-238.1327231421  0.0000000000  3.1415926536  0.0000000000  0.0000000000
-236.8760860807  0.0000000000  3.1415926536  0.0000000000  0.0000000000
-235.6194490192  0.0000000000  3.1415926536  0.0000000000  0.0000000000
-234.3628119578  0.0000000000  3.1415926536  0.0000000000  0.0000000000
-233.1061748964  0.0000000000  3.1415926536  0.0000000000  0.0000000000
-231.8495378349  0.0000000000  3.1415926536  0.0000000000  0.0000000000
-230.5929007735  0.0000000000  3.1415926536  0.0000000000  0.0000000000
-229.3362637121  0.0000000000  3.1415926536  0.0000000000  0.0000000000
-228.0796266506  0.0000000000  3.1415926536  0.0000000000  0.0000000000
-226.8229895892  0.0000000000  3.1415926536  0.0000000000  0.0000000000
-225.5663525277  0.0000000000  3.1415926536  0.0000000000  0.0000000000
-224.3097154663  0.0000000000  3.1415926536  0.0000000000  0.0000000000
-223.0530784049  0.0000000000  3.1415926536  0.0000000000  0.0000000000
-221.7964413434  0.0000000000  3.1415926536  0.0000000000  0.0000000000
-220.5398042820  0.0000000000  3.1415926536  0.0000000000  0.0000000000
-219.2831672206  0.0000000000  3.1415926536  0.0000000000  0.0000000000
-218.0265301591  0.0000000000  3.1415926536  0.0000000000  0.0000000000
-216.7698930977  0.0000000000  3.1415926536  0.0000000000  0.0000000000
-215.5132560363  0.0000000000  3.1415926536  0.0000000000  0.0000000000
-214.2566189748  0.0000000000  3.1415926536  0.0000000000  0.0000000000
-212.9999819134  0.0000000000  3.1415926536  0.0000000000  0.0000000000
-211.7433448520  0.0000000000  3.1415926536  0.0000000000  0.0000000000
-210.4867077905  0.0000000000  3.1415926536  0.0000000000  0.0000000000
-209.2300707291  0.0000000000  3.1415926536  0.0000000000  0.0000000000
-207.9734336676  0.0000000000  3.1415926536  0.0000000000  0.0000000000
-206.7167966062  0.0000000000  3.1415926536  0.0000000000  0.0000000000
-205.4601595448  0.0000000000  3.1415926536  0.0000000000  0.0000000000
-204.2035224833  0.0000000000  3.1415926536  0.0000000000  0.0000000000
-202.9468854219  0.0000000000  3.1415926536  0.0000000000  0.0000000000
-201.6902483605  0.0000000000  3.1415926536  0.0000000000  0.0000000000
-200.4336112990  0.0000000000  3.1415926536  0.0000000000  0.0000000000
-199.1769742376  0.0000000000  3.1415926536  0.0000000000  0.0000000000
-197.9203371762  0.0000000000  3.1415926536  0.0000000000  0.0000000000
-196.6637001147  0.0000000000  3.1415926536  0.0000000000  0.0000000000
-195.4070630533  0.0000000000  3.1415926536  0.0000000000  0.0000000000
-194.1504259918  0.0000000000  3.1415926536  0.0000000000  0.0000000000
-192.8937889304  0.0000000000  3.1415926536  0.0000000000  0.0000000000
-191.6371518690  0.0000000000  3.1415926536  0.0000000000  0.0000000000
-190.3805148075  0.0000000000  3.1415926536  0.0000000000  0.0000000000
-189.1238777461  0.0000000000  3.1415926536  0.0000000000  0.0000000000
-187.8672406847  0.0000000000  3.1415926536  0.0000000000  0.0000000000
-186.6106036232  0.0000000000  3.1415926536  0.0000000000  0.0000000000
-185.3539665618  0.0000000000  3.1415926536  0.0000000000  0.0000000000
-184.0973295004  0.0000000000  3.1415926536  0.0000000000  0.0000000000
-182.8406924389  0.0000000000  3.1415926536  0.0000000000  0.0000000000
-181.5840553775  0.0000000000  3.1415926536  0.0000000000  0.0000000000
-180.3274183161  0.0000000000  3.1415926536  0.0000000000  0.0000000000
-179.0707812546  0.0000000000  3.1415926536  0.0000000000  0.0000000000
-177.8141441932  0.0000000000  3.1415926536  0.0000000000  0.0000000000
-176.5575071317  0.0000000000  3.1415926536  0.0000000000  0.0000000000
-175.3008700703  0.0000000000  3.1415926536  0.0000000000  0.0000000000
-174.0442330089  0.0000000000  3.1415926536  0.0000000000  0.0000000000
-172.7875959474  0.0000000000  3.1415926536  0.0000000000  0.0000000000
-171.5309588860  0.0000000000  3.1415926536  0.0000000000  0.0000000000
-170.2743218246  0.0000000000  3.1415926536  0.0000000000  0.0000000000
-169.0176847631  0.0000000000  3.1415926536  0.0000000000  0.0000000000
-167.7610477017  0.0000000000  3.1415926536  0.0000000000  0.0000000000
-166.5044106403  0.0000000000  3.1415926536  0.0000000000  0.0000000000
-165.2477735788  0.0000000000  3.1415926536  0.0000000000  0.0000000000
-163.9911365174  0.0000000000  3.1415926536  0.0000000000  0.0000000000
-162.7344994560  0.0000000000  3.1415926536  0.0000000000  0.0000000000
-161.4778623945  0.0000000000  3.1415926536  0.0000000000  0.0000000000
-160.2212253331  0.0000000000  3.1415926536  0.0000000000  0.0000000000
-158.9645882716  0.0000000000  3.1415926536  0.0000000000  0.0000000000
-157.7079512102  0.0000000000  3.1415926536  0.0000000000  0.0000000000
-156.4513141488  0.0000000000  3.1415926536  0.0000000000  0.0000000000
-155.1946770873  0.0000000000  3.1415926536  0.0000000000  0.0000000000
-153.9380400259  0.0000000000  3.1415926536  0.0000000000  0.0000000000
-152.6814029645  0.0000000000  3.1415926536  0.0000000000  0.0000000000
-151.4247659030  0.0000000000  3.1415926536  0.0000000000  0.0000000000
-150.1681288416  0.0000000000  3.1415926536  0.0000000000  0.0000000000
-148.9114917802  0.0000000000  3.1415926536  0.0000000000  0.0000000000
-147.6548547187  0.0000000000  3.1415926536  0.0000000000  0.0000000000
-146.3982176573  0.0000000000  3.1415926536  0.0000000000  0.0000000000
-145.1415805958  0.0000000000  3.1415926536  0.0000000000  0.0000000000
-143.8849435344  0.0000000000  3.1415926536  0.0000000000  0.0000000000
-142.6283064730  0.0000000000  3.1415926536  0.0000000000  0.0000000000
-141.3716694115  0.0000000000  3.1415926536  0.0000000000  0.0000000000
-140.1150323501  0.0000000000  3.1415926536  0.0000000000  0.0000000000
-138.8583952887  0.0000000000  3.1415926536  0.0000000000  0.0000000000
-137.6017582272  0.0000000000  3.1415926536  0.0000000000  0.0000000000
-136.3451211658  0.0000000000  3.1415926536  0.0000000000  0.0000000000
-135.0884841044  0.0000000000  3.1415926536  0.0000000000  0.0000000000
-133.8318470429  0.0000000000  3.1415926536  0.0000000000  0.0000000000
-132.5752099815  0.0000000000  3.1415926536  0.0000000000  0.0000000000
-131.3185729201  0.0000000000  3.1415926536  0.0000000000  0.0000000000
-130.0619358586  0.0000000000  3.1415926536  0.0000000000  0.0000000000
-128.8052987972  0.0000000000  3.1415926536  0.0000000000  0.0000000000
-127.5486617357  0.0000000000  3.1415926536  0.0000000000  0.0000000000
-126.2920246743  0.0000000000  3.1415926536  0.0000000000  0.0000000000
-125.0353876129  0.0000000000  3.1415926536  0.0000000000  0.0000000000
-123.7787505514  0.0000000000  3.1415926536  0.0000000000  0.0000000000
-122.5221134900  0.0000000000  3.1415926536  0.0000000000  0.0000000000
-121.2654764286  0.0000000000  3.1415926536  0.0000000000  0.0000000000
-120.0088393671  0.0000000000  3.1415926536  0.0000000000  0.0000000000
-118.7522023057  0.0000000000  3.1415926536  0.0000000000  0.0000000000
-117.4955652443  0.0000000000  3.1415926536  0.0000000000  0.0000000000
-116.2389281828  0.0000000000  3.1415926536  0.0000000000  0.0000000000
-114.9822911214  0.0000000000  3.1415926536  0.0000000000  0.0000000000
-113.7256540600  0.0000000000  3.1415926536  0.0000000000  0.0000000000
-112.4690169985  0.0000000000  3.1415926536  0.0000000000  0.0000000000
-111.2123799371  0.0000000000  3.1415926536  0.0000000000  0.0000000000
-109.9557428756  0.0000000000  3.1415926536  0.0000000000  0.0000000000
-108.6991058142  0.0000000000  3.1415926536  0.0000000000  0.0000000000
-107.4424687528  0.0000000000  3.1415926536  0.0000000000  0.0000000000
-106.1858316913  0.0000000000  3.1415926536  0.0000000000  0.0000000000
-104.9291946299  0.0000000000  3.1415926536  0.0000000000  0.0000000000
-103.6725575685  0.0000000000  3.1415926536  0.0000000000  0.0000000000
-102.4159205070  0.0000000000  3.1415926536  0.0000000000  0.0000000000
-101.1592834456  0.0000000000  3.1415926536  0.0000000000  0.0000000000
-99.9026463842  0.0000000000  3.1415926536  0.0000000000  0.0000000000
-98.6460093227  0.0000000000  3.1415926536  0.0000000000  0.0000000000
-97.3893722613  0.0000000000  3.1415926536  0.0000000000  0.0000000000
-96.1327351998  0.0000000000  3.1415926536  0.0000000000  0.0000000000
-94.8760981384  0.0000000000  3.1415926536  0.0000000000  0.0000000000
-93.6194610770  0.0000000000  3.1415926536  0.0000000000  0.0000000000
-92.3628240155  0.0000000000  3.1415926536  0.0000000000  0.0000000000
-91.1061869541  0.0000000000  3.1415926536  0.0000000000  0.0000000000
-89.8495498927  0.0000000000  3.1415926536  0.0000000000  0.0000000000
-88.5929128312  0.0000000000  3.1415926536  0.0000000000  0.0000000000
-87.3362757698  0.0000000000  3.1415926536  0.0000000000  0.0000000000
-86.0796387084  0.0000000000  3.1415926536  0.0000000000  0.0000000000
-84.8230016469  0.0000000000  3.1415926536  0.0000000000  0.0000000000
-83.5663645855  0.0000000000  3.1415926536  0.0000000000  0.0000000000
-82.3097275241  0.0000000000  3.1415926536  0.0000000000  0.0000000000
-81.0530904626  0.0000000000  3.1415926536  0.0000000000  0.0000000000
-79.7964534012  0.0000000000  3.1415926536  0.0000000000  0.0000000000
-78.5398163397  0.0000000000  3.1415926536  0.0000000000  0.0000000000
-77.2831792783  0.0000000000  3.1415926536  0.0000000000  0.0000000000
-76.0265422169  0.0000000000  3.1415926536  0.0000000000  0.0000000000
-74.7699051554  0.0000000000  3.1415926536  0.0000000000  0.0000000000
-73.5132680940  0.0000000000  3.1415926536  0.0000000000  0.0000000000
-72.2566310326  0.0000000000  3.1415926536  0.0000000000  0.0000000000
-70.9999939711  0.0000000000  3.1415926536  0.0000000000  0.0000000000
-69.7433569097  0.0000000000  3.1415926536  0.0000000000  0.0000000000
-68.4867198483  0.0000000000  3.1415926536  0.0000000000  0.0000000000
-67.2300827868  0.0000000000  3.1415926536  0.0000000000  0.0000000000
-65.9734457254  0.0000000000  3.1415926536  0.0000000000  0.0000000000
-64.7168086639  0.0000000000  3.1415926536  0.0000000000  0.0000000000
-63.4601716025  0.0000000000  3.1415926536  0.0000000000  0.0000000000
-62.2035345411  0.0000000000  3.1415926536  0.0000000000  0.0000000000
-60.9468974796  0.0000000000  3.1415926536  0.0000000000  0.0000000000
-59.6902604182  0.0000000000  3.1415926536  0.0000000000  0.0000000000
-58.4336233568  0.0000000000  3.1415926536  0.0000000000  0.0000000000
-57.1769862953  0.0000000000  3.1415926536  0.0000000000  0.0000000000
-55.9203492339  0.0000000000  3.1415926536  0.0000000000  0.0000000000
-54.6637121725  0.0000000000  3.1415926536  0.0000000000  0.0000000000
-53.4070751110  0.0000000000  3.1415926536  0.0000000000  0.0000000000
-52.1504380496  0.0000000000  3.1415926536  0.0000000000  0.0000000000
-50.8938009882  0.0000000000  3.1415926536  0.0000000000  0.0000000000
-49.6371639267  0.0000000000  3.1415926536  0.0000000000  0.0000000000
-48.3805268653  0.0000000000  3.1415926536  0.0000000000  0.0000000000
-47.1238898038  0.0000000000  3.1415926536  0.0000000000  0.0000000000
-45.8672527424  0.0000000000  3.1415926536  0.0000000000  0.0000000000
-44.6106156810  0.0000000000  3.1415926536  0.0000000000  0.0000000000
-43.3539786195  0.0000000000  3.1415926536  0.0000000000  0.0000000000
-42.0973415581  0.0000000000  3.1415926536  0.0000000000  0.0000000000
-40.8407044967  0.0000000000  3.1415926536  0.0000000000  0.0000000000
-39.5840674352  0.0000000000  3.1415926536  0.0000000000  0.0000000000
-38.3274303738  0.0000000000  3.1415926536  0.0000000000  0.0000000000
-37.0707933124  0.0000000000  3.1415926536  0.0000000000  0.0000000000
-35.8141562509  0.0000000000  3.1415926536  0.0000000000  0.0000000000
-34.5575191895  0.0000000000  3.1415926536  0.0000000000  0.0000000000
-33.3008821281  0.0000000000  3.1415926536  0.0000000000  0.0000000000
-32.0442450666  0.0000000000  3.1415926536  0.0000000000  0.0000000000
-30.7876080052  0.0000000000  3.1415926536  0.0000000000  0.0000000000
-29.5309709437  0.0000000000  3.1415926536  0.0000000000  0.0000000000
-28.2743338823  0.0000000000  3.1415926536  0.0000000000  0.0000000000
-27.0176968209  0.0000000000  3.1415926536  0.0000000000  0.0000000000
-25.7610597594  0.0000000000  3.1415926536  0.0000000000  0.0000000000
-24.5044226980  0.0000000000  3.1415926536  0.0000000000  0.0000000000
-23.2477856366  0.0000000000  3.1415926536  0.0000000000  0.0000000000
-21.9911485751  0.0000000000  3.1415926536  0.0000000000  0.0000000000
-20.7345115137  0.0000000000  3.1415926536  0.0000000000  0.0000000000
-19.4778744523  0.0000000000  3.1415926536  0.0000000000  0.0000000000
-18.2212373908  0.0000000000  3.1415926536  0.0000000000  0.0000000000
-16.9646003294  0.0000000000  3.1415926536  0.0000000000  0.0000000000
-15.7079632679  0.0000000000  3.1415926536  0.0000000000  0.0000000000
-14.4513262065  0.0000000000  3.1415926536  0.0000000000  0.0000000000
-13.1946891451  0.0000000000  3.1415926536  0.0000000000  0.0000000000
-11.9380520836  0.0000000000  3.1415926536  0.0000000000  0.0000000000
-10.6814150222  0.0000000000  3.1415926536  0.0000000000  0.0000000000
-9.4247779608  0.0000000000  3.1415926536  0.0000000000  0.0000000000
-8.1681408993  0.0000000000  3.1415926536  0.0000000000  0.0000000000
-6.9115038379  0.0000000000  3.1415926536  0.0000000000  0.0000000000
-5.6548667765  0.0000000000  3.1415926536  0.0000000000  0.0000000000
-4.3982297150  0.0000000000  3.1415926536  0.0000000000  0.0000000000
-3.1415926536  0.0000000000  3.1415926536  0.0000000000  0.0000000000
-1.8849555922  0.0000000000  3.1415926536  0.0000000000  0.0001167209
-0.6283185307  0.0000000000  3.1415926536  -0.0031518834  0.0000000000
0.6283185307  0.0000000000  3.1415926536  0.0000000000  -6.6516902422
1.8849555922  0.0000000000  3.1415926536  0.0000000000  -1.6224073882
3.1415926536  0.0000000000  3.1415926536  -0.0000000000  -1.3029740855
4.3982297150  0.0000000000  3.1415926536  -0.0000000000  -1.1111652390
5.6548667765  0.0000000000  3.1415926536  -0.0000000000  -0.9512755047
6.9115038379  0.0000000000  3.1415926536  -0.0000184617  -0.8420665624
8.1681408993  0.0000000000  3.1415926536  -0.0000000000  -0.7494285041
9.4247779608  0.0000000000  3.1415926536  0.0000009732  -0.6691710937
10.6814150222  0.0000000000  3.1415926536  -0.0000000000  -0.6012648268
11.9380520836  0.0000000000  3.1415926536  0.0000010656  -0.5445050638
13.1946891451  0.0000000000  3.1415926536  0.0000015716  -0.4970275118
14.4513262065  0.0000000000  3.1415926536  -0.0000000000  -0.4570054646
15.7079632679  0.0000000000  3.1415926536  -0.0000033420  -0.4229139025
16.9646003294  0.0000000000  3.1415926536  -0.0000074309  -0.3935573999
18.2212373908  0.0000000000  3.1415926536  -0.0000113171  -0.3680187715
19.4778744523  0.0000000000  3.1415926536  -0.0000143967  -0.3455956172
20.7345115137  0.0000000000  3.1415926536  -0.0000164024  -0.3257460133
21.9911485751  0.0000000000  3.1415926536  -0.0000173052  -0.3080470182
23.2477856366  0.0000000000  3.1415926536  -0.0000172129  -0.2921642870
24.5044226980  0.0000000000  3.1415926536  -0.0000162955  -0.2778301103
25.7610597594  0.0000000000  3.1415926536  -0.0000147381  -0.2648275238
27.0176968209  0.0000000000  3.1415926536  -0.0000127150  -0.2529787187
28.2743338823  0.0000000000  3.1415926536  -0.0000103773  -0.2421364902
29.5309709437  0.0000000000  3.1415926536  -0.0000078496  -0.2321778473
30.7876080052  0.0000000000  3.1415926536  -0.0000052303  -0.2229991740
32.0442450666  0.0000000000  3.1415926536  -0.0000025951  -0.2145125195
33.3008821281  0.0000000000  3.1415926536  -0.0000000000  -0.2066427184
34.5575191895  0.0000000000  3.1415926536  0.0000025148  -0.1993251312
35.8141562509  0.0000000000  3.1415926536  0.0000049216  -0.1925038525
37.0707933124  0.0000000000  3.1415926536  0.0000072026  -0.1861302764
38.3274303738  0.0000000000  3.1415926536  0.0000093474  -0.1801619383
39.5840674352  0.0000000000  3.1415926536  0.0000113510  -0.1745615716
40.8407044967  0.0000000000  3.1415926536  0.0000132127  -0.1692963348
42.0973415581  0.0000000000  3.1415926536  0.0000149346  -0.1643371725
43.3539786195  0.0000000000  3.1415926536  0.0000165211  -0.1596582851
44.6106156810  0.0000000000  3.1415926536  0.0000179777  -0.1552366849
45.8672527424  0.0000000000  3.1415926536  0.0000193108  -0.1510518237
47.1238898038  0.0000000000  3.1415926536  0.0000205275  -0.1470852775
48.3805268653  0.0000000000  3.1415926536  0.0000216348  -0.1433204796
49.6371639267  0.0000000000  3.1415926536  0.0000226401  -0.1397424925
50.8938009882  0.0000000000  3.1415926536  0.0000235503  -0.1363378128
52.1504380496  0.0000000000  3.1415926536  0.0000243722  -0.1330942035
53.4070751110  0.0000000000  3.1415926536  0.0000251123  -0.1300005493
54.6637121725  0.0000000000  3.1415926536  0.0000257769  -0.1270467309
55.9203492339  0.0000000000  3.1415926536  0.0000263717  -0.1242235167
57.1769862953  0.0000000000  3.1415926536  0.0000269023  -0.1215224674
58.4336233568  0.0000000000  3.1415926536  0.0000273736  -0.1189358530
59.6902604182  0.0000000000  3.1415926536  0.0000277905  -0.1164565800
60.9468974796  0.0000000000  3.1415926536  0.0000281574  -0.1140781277
62.2035345411  0.0000000000  3.1415926536  0.0000284782  -0.1117944912
63.4601716025  0.0000000000  3.1415926536  0.0000287569  -0.1096001318
64.7168086639  0.0000000000  3.1415926536  0.0000289968  -0.1074899325
65.9734457254  0.0000000000  3.1415926536  0.0000292011  -0.1054591591
67.2300827868  0.0000000000  3.1415926536  0.0000293729  -0.1035034248
68.4867198483  0.0000000000  3.1415926536  0.0000295148  -0.1016186590
69.7433569097  0.0000000000  3.1415926536  0.0000296294  -0.0998010796
70.9999939711  0.0000000000  3.1415926536  0.0000297189  -0.0980471679
72.2566310326  0.0000000000  3.1415926536  0.0000297854  -0.0963536458
73.5132680940  0.0000000000  3.1415926536  0.0000298309  -0.0947174560
74.7699051554  0.0000000000  3.1415926536  0.0000298572  -0.0931357437
76.0265422169  0.0000000000  3.1415926536  0.0000298659  -0.0916058399
77.2831792783  0.0000000000  3.1415926536  0.0000298586  -0.0901252470
78.5398163397  0.0000000000  3.1415926536  0.0000298365  -0.0886916246
79.7964534012  0.0000000000  3.1415926536  0.0000298011  -0.0873027782
81.0530904626  0.0000000000  3.1415926536  0.0000297534  -0.0859566472
82.3097275241  0.0000000000  3.1415926536  0.0000296946  -0.0846512957
83.5663645855  0.0000000000  3.1415926536  0.0000296257  -0.0833849023
84.8230016469  0.0000000000  3.1415926536  0.0000295474  -0.0821557527
86.0796387084  0.0000000000  3.1415926536  0.0000294608  -0.0809622312
87.3362757698  0.0000000000  3.1415926536  0.0000293666  -0.0798028141
88.5929128312  0.0000000000  3.1415926536  0.0000292654  -0.0786760634
89.8495498927  0.0000000000  3.1415926536  0.0000291580  -0.0775806203
91.1061869541  0.0000000000  3.1415926536  0.0000290449  -0.0765152006
92.3628240155  0.0000000000  3.1415926536  0.0000289268  -0.0754785890
93.6194610770  0.0000000000  3.1415926536  0.0000288040  -0.0744696348
94.8760981384  0.0000000000  3.1415926536  0.0000286771  -0.0734872477
96.1327351998  0.0000000000  3.1415926536  0.0000285465  -0.0725303940
97.3893722613  0.0000000000  3.1415926536  0.0000284126  -0.0715980928
98.6460093227  0.0000000000  3.1415926536  0.0000282759  -0.0706894125
99.9026463842  0.0000000000  3.1415926536  0.0000281365  -0.0698034682
101.1592834456  0.0000000000  3.1415926536  0.0000279949  -0.0689394186
102.4159205070  0.0000000000  3.1415926536  0.0000278513  -0.0680964632
103.6725575685  0.0000000000  3.1415926536  0.0000277059  -0.0672738400
104.9291946299  0.0000000000  3.1415926536  0.0000275591  -0.0664708234
106.1858316913  0.0000000000  3.1415926536  0.0000274111  -0.0656867217
107.4424687528  0.0000000000  3.1415926536  0.0000272620  -0.0649208753
108.6991058142  0.0000000000  3.1415926536  0.0000271121  -0.0641726550
109.9557428756  0.0000000000  3.1415926536  0.0000269615  -0.0634414600
111.2123799371  0.0000000000  3.1415926536  0.0000268104  -0.0627267166
112.4690169985  0.0000000000  3.1415926536  0.0000266589  -0.0620278764
113.7256540600  0.0000000000  3.1415926536  0.0000265072  -0.0613444153
114.9822911214  0.0000000000  3.1415926536  0.0000263554  -0.0606758317
116.2389281828  0.0000000000  3.1415926536  0.0000262036  -0.0600216457
117.4955652443  0.0000000000  3.1415926536  0.0000260519  -0.0593813978
118.7522023057  0.0000000000  3.1415926536  0.0000259005  -0.0587546477
120.0088393671  0.0000000000  3.1415926536  0.0000257493  -0.0581409737
121.2654764286  0.0000000000  3.1415926536  0.0000255986  -0.0575399711
122.5221134900  0.0000000000  3.1415926536  0.0000254483  -0.0569512519
123.7787505514  0.0000000000  3.1415926536  0.0000252985  -0.0563744439
125.0353876129  0.0000000000  3.1415926536  0.0000251494  -0.0558091895
126.2920246743  0.0000000000  3.1415926536  0.0000250009  -0.0552551455
127.5486617357  0.0000000000  3.1415926536  0.0000248530  -0.0547119819
128.8052987972  0.0000000000  3.1415926536  0.0000247060  -0.0541793817
130.0619358586  0.0000000000  3.1415926536  0.0000245597  -0.0536570401
131.3185729201  0.0000000000  3.1415926536  0.0000244143  -0.0531446638
132.5752099815  0.0000000000  3.1415926536  0.0000242697  -0.0526419705
133.8318470429  0.0000000000  3.1415926536  0.0000241260  -0.0521486887
135.0884841044  0.0000000000  3.1415926536  0.0000239833  -0.0516645567
136.3451211658  0.0000000000  3.1415926536  0.0000238414  -0.0511893225
137.6017582272  0.0000000000  3.1415926536  0.0000237006  -0.0507227432
138.8583952887  0.0000000000  3.1415926536  0.0000235608  -0.0502645849
140.1150323501  0.0000000000  3.1415926536  0.0000234219  -0.0498146218
141.3716694115  0.0000000000  3.1415926536  0.0000232841  -0.0493726360
142.6283064730  0.0000000000  3.1415926536  0.0000231473  -0.0489384176
143.8849435344  0.0000000000  3.1415926536  0.0000230116  -0.0485117637
145.1415805958  0.0000000000  3.1415926536  0.0000228770  -0.0480924786
146.3982176573  0.0000000000  3.1415926536  0.0000227434  -0.0476803730
147.6548547187  0.0000000000  3.1415926536  0.0000226108  -0.0472752644
148.9114917802  0.0000000000  3.1415926536  0.0000224794  -0.0468769761
150.1681288416  0.0000000000  3.1415926536  0.0000223490  -0.0464853375
151.4247659030  0.0000000000  3.1415926536  0.0000222197  -0.0461001837
152.6814029645  0.0000000000  3.1415926536  0.0000220915  -0.0457213548
153.9380400259  0.0000000000  3.1415926536  0.0000219644  -0.0453486966
155.1946770873  0.0000000000  3.1415926536  0.0000218384  -0.0449820596
156.4513141488  0.0000000000  3.1415926536  0.0000217135  -0.0446212992
157.7079512102  0.0000000000  3.1415926536  0.0000215896  -0.0442662752
158.9645882716  0.0000000000  3.1415926536  0.0000214668  -0.0439168520
160.2212253331  0.0000000000  3.1415926536  0.0000213451  -0.0435728983
161.4778623945  0.0000000000  3.1415926536  0.0000212245  -0.0432342867
162.7344994560  0.0000000000  3.1415926536  0.0000211050  -0.0429008937
163.9911365174  0.0000000000  3.1415926536  0.0000209865  -0.0425725998
165.2477735788  0.0000000000  3.1415926536  0.0000208690  -0.0422492888
166.5044106403  0.0000000000  3.1415926536  0.0000207527  -0.0419308484
167.7610477017  0.0000000000  3.1415926536  0.0000206373  -0.0416171693
169.0176847631  0.0000000000  3.1415926536  0.0000205230  -0.0413081456
170.2743218246  0.0000000000  3.1415926536  0.0000204098  -0.0410036745
171.5309588860  0.0000000000  3.1415926536  0.0000202976  -0.0407036561
172.7875959474  0.0000000000  3.1415926536  0.0000201863  -0.0404079936
174.0442330089  0.0000000000  3.1415926536  0.0000200761  -0.0401165929
175.3008700703  0.0000000000  3.1415926536  0.0000199669  -0.0398293625
176.5575071317  0.0000000000  3.1415926536  0.0000198587  -0.0395462135
177.8141441932  0.0000000000  3.1415926536  0.0000197515  -0.0392670597
179.0707812546  0.0000000000  3.1415926536  0.0000196453  -0.0389918171
180.3274183161  0.0000000000  3.1415926536  0.0000195400  -0.0387204041
181.5840553775  0.0000000000  3.1415926536  0.0000194357  -0.0384527415
182.8406924389  0.0000000000  3.1415926536  0.0000193323  -0.0381887520
184.0973295004  0.0000000000  3.1415926536  0.0000192299  -0.0379283606
185.3539665618  0.0000000000  3.1415926536  0.0000191285  -0.0376714943
186.6106036232  0.0000000000  3.1415926536  0.0000190279  -0.0374180820
187.8672406847  0.0000000000  3.1415926536  0.0000189283  -0.0371680545
189.1238777461  0.0000000000  3.1415926536  0.0000188295  -0.0369213445
190.3805148075  0.0000000000  3.1415926536  0.0000187317  -0.0366778865
191.6371518690  0.0000000000  3.1415926536  0.0000186348  -0.0364376166
192.8937889304  0.0000000000  3.1415926536  0.0000185387  -0.0362004726
194.1504259918  0.0000000000  3.1415926536  0.0000184435  -0.0359663940
195.4070630533  0.0000000000  3.1415926536  0.0000183492  -0.0357353216
196.6637001147  0.0000000000  3.1415926536  0.0000182557  -0.0355071981
197.9203371762  0.0000000000  3.1415926536  0.0000181631  -0.0352819673
199.1769742376  0.0000000000  3.1415926536  0.0000180713  -0.0350595746
200.4336112990  0.0000000000  3.1415926536  0.0000179803  -0.0348399666
201.6902483605  0.0000000000  3.1415926536  0.0000178902  -0.0346230915
202.9468854219  0.0000000000  3.1415926536  0.0000178008  -0.0344088986
204.2035224833  0.0000000000  3.1415926536  0.0000177123  -0.0341973384
205.4601595448  0.0000000000  3.1415926536  0.0000176246  -0.0339883627
206.7167966062  0.0000000000  3.1415926536  0.0000175376  -0.0337819245
207.9734336676  0.0000000000  3.1415926536  0.0000174514  -0.0335779778
209.2300707291  0.0000000000  3.1415926536  0.0000173660  -0.0333764779
210.4867077905  0.0000000000  3.1415926536  0.0000172813  -0.0331773809
211.7433448520  0.0000000000  3.1415926536  0.0000171974  -0.0329806442
212.9999819134  0.0000000000  3.1415926536  0.0000171142  -0.0327862260
214.2566189748  0.0000000000  3.1415926536  0.0000170318  -0.0325940856
215.5132560363  0.0000000000  3.1415926536  0.0000169501  -0.0324041834
216.7698930977  0.0000000000  3.1415926536  0.0000168691  -0.0322164802
218.0265301591  0.0000000000  3.1415926536  0.0000167888  -0.0320309383
219.2831672206  0.0000000000  3.1415926536  0.0000167092  -0.0318475205
220.5398042820  0.0000000000  3.1415926536  0.0000166303  -0.0316661906
221.7964413434  0.0000000000  3.1415926536  0.0000165520  -0.0314869131
223.0530784049  0.0000000000  3.1415926536  0.0000164745  -0.0313096534
224.3097154663  0.0000000000  3.1415926536  0.0000163976  -0.0311343776
225.5663525277  0.0000000000  3.1415926536  0.0000163214  -0.0309610526
226.8229895892  0.0000000000  3.1415926536  0.0000162459  -0.0307896461
228.0796266506  0.0000000000  3.1415926536  0.0000161710  -0.0306201263
229.3362637121  0.0000000000  3.1415926536  0.0000160967  -0.0304524624
230.5929007735  0.0000000000  3.1415926536  0.0000160231  -0.0302866239
231.8495378349  0.0000000000  3.1415926536  0.0000159501  -0.0301225813
233.1061748964  0.0000000000  3.1415926536  0.0000158777  -0.0299603056
234.3628119578  0.0000000000  3.1415926536  0.0000158059  -0.0297997683
235.6194490192  0.0000000000  3.1415926536  0.0000157347  -0.0296409417
236.8760860807  0.0000000000  3.1415926536  0.0000156641  -0.0294837986
238.1327231421  0.0000000000  3.1415926536  0.0000155941  -0.0293283124
239.3893602035  0.0000000000  3.1415926536  0.0000155247  -0.0291744571
240.6459972650  0.0000000000  3.1415926536  0.0000154559  -0.0290222070
241.9026343264  0.0000000000  3.1415926536  0.0000153877  -0.0288715373
243.1592713878  0.0000000000  3.1415926536  0.0000153200  -0.0287224235
244.4159084493  0.0000000000  3.1415926536  0.0000152528  -0.0285748415
245.6725455107  0.0000000000  3.1415926536  0.0000151863  -0.0284287679
246.9291825722  0.0000000000  3.1415926536  0.0000151202  -0.0282841798
248.1858196336  0.0000000000  3.1415926536  0.0000150547  -0.0281410545
249.4424566950  0.0000000000  3.1415926536  0.0000149898  -0.0279993700
250.6990937565  0.0000000000  3.1415926536  0.0000149254  -0.0278591046
251.9557308179  0.0000000000  3.1415926536  0.0000148614  -0.0277202372
253.2123678793  0.0000000000  3.1415926536  0.0000147981  -0.0275827469
254.4690049408  0.0000000000  3.1415926536  0.0000147352  -0.0274466134
255.7256420022  0.0000000000  3.1415926536  0.0000146728  -0.0273118167
256.9822790636  0.0000000000  3.1415926536  0.0000146109  -0.0271783372
258.2389161251  0.0000000000  3.1415926536  0.0000145495  -0.0270461557
259.4955531865  0.0000000000  3.1415926536  0.0000144886  -0.0269152533
260.7521902480  0.0000000000  3.1415926536  0.0000144282  -0.0267856117
262.0088273094  0.0000000000  3.1415926536  0.0000143683  -0.0266572126
263.2654643708  0.0000000000  3.1415926536  0.0000143088  -0.0265300382
264.5221014323  0.0000000000  3.1415926536  0.0000142498  -0.0264040713
265.7787384937  0.0000000000  3.1415926536  0.0000141913  -0.0262792946
267.0353755551  0.0000000000  3.1415926536  0.0000141332  -0.0261556913
268.2920126166  0.0000000000  3.1415926536  0.0000140756  -0.0260332450
269.5486496780  0.0000000000  3.1415926536  0.0000140184  -0.0259119396
270.8052867394  0.0000000000  3.1415926536  0.0000139617  -0.0257917591
272.0619238009  0.0000000000  3.1415926536  0.0000139054  -0.0256726880
273.3185608623  0.0000000000  3.1415926536  0.0000138495  -0.0255547109
274.5751979237  0.0000000000  3.1415926536  0.0000137941  -0.0254378130
275.8318349852  0.0000000000  3.1415926536  0.0000137391  -0.0253219794
277.0884720466  0.0000000000  3.1415926536  0.0000136845  -0.0252071958
278.3451091081  0.0000000000  3.1415926536  0.0000136303  -0.0250934478
279.6017461695  0.0000000000  3.1415926536  0.0000135765  -0.0249807215
280.8583832309  0.0000000000  3.1415926536  0.0000135232  -0.0248690032
282.1150202924  0.0000000000  3.1415926536  0.0000134702  -0.0247582796
283.3716573538  0.0000000000  3.1415926536  0.0000134176  -0.0246485372
284.6282944152  0.0000000000  3.1415926536  0.0000133655  -0.0245397633
285.8849314767  0.0000000000  3.1415926536  0.0000133137  -0.0244319449
287.1415685381  0.0000000000  3.1415926536  0.0000132623  -0.0243250697
288.3982055995  0.0000000000  3.1415926536  0.0000132113  -0.0242191251
289.6548426610  0.0000000000  3.1415926536  0.0000131606  -0.0241140993
290.9114797224  0.0000000000  3.1415926536  0.0000131104  -0.0240099802
292.1681167839  0.0000000000  3.1415926536  0.0000130605  -0.0239067561
293.4247538453  0.0000000000  3.1415926536  0.0000130109  -0.0238044157
294.6813909067  0.0000000000  3.1415926536  0.0000129618  -0.0237029475
295.9380279682  0.0000000000  3.1415926536  0.0000129129  -0.0236023405
297.1946650296  0.0000000000  3.1415926536  0.0000128645  -0.0235025838
298.4513020910  0.0000000000  3.1415926536  0.0000128164  -0.0234036666
299.7079391525  0.0000000000  3.1415926536  0.0000127686  -0.0233055783
300.9645762139  0.0000000000  3.1415926536  0.0000127212  -0.0232083087
302.2212132753  0.0000000000  3.1415926536  0.0000126741  -0.0231118475
303.4778503368  0.0000000000  3.1415926536  0.0000126273  -0.0230161847
304.7344873982  0.0000000000  3.1415926536  0.0000125809  -0.0229213104
305.9911244596  0.0000000000  3.1415926536  0.0000125348  -0.0228272148
307.2477615211  0.0000000000  3.1415926536  0.0000124891  -0.0227338885
308.5043985825  0.0000000000  3.1415926536  0.0000124436  -0.0226413221
309.7610356440  0.0000000000  3.1415926536  0.0000123985  -0.0225495063
311.0176727054  0.0000000000  3.1415926536  0.0000123537  -0.0224584320
312.2743097668  0.0000000000  3.1415926536  0.0000123092  -0.0223680903
313.5309468283  0.0000000000  3.1415926536  0.0000122651  -0.0222784723
314.7875838897  0.0000000000  3.1415926536  0.0000122212  -0.0221895695
316.0442209511  0.0000000000  3.1415926536  0.0000121776  -0.0221013732
317.3008580126  0.0000000000  3.1415926536  0.0000121343  -0.0220138752
318.5574950740  0.0000000000  3.1415926536  0.0000120914  -0.0219270671
319.8141321354  0.0000000000  3.1415926536  0.0000120487  -0.0218409408
321.0707691969  0.0000000000  3.1415926536  0.0000120063  -0.0217554883
322.3274062583  0.0000000000  3.1415926536  0.0000119642  -0.0216707018
323.5840433197  0.0000000000  3.1415926536  0.0000119224  -0.0215865734
324.8406803812  0.0000000000  3.1415926536  0.0000118809  -0.0215030957
326.0973174426  0.0000000000  3.1415926536  0.0000118396  -0.0214202609
327.3539545041  0.0000000000  3.1415926536  0.0000117987  -0.0213380618
328.6105915655  0.0000000000  3.1415926536  0.0000117580  -0.0212564910
329.8672286269  0.0000000000  3.1415926536  0.0000117175  -0.0211755415
331.1238656884  0.0000000000  3.1415926536  0.0000116774  -0.0210952060
332.3805027498  0.0000000000  3.1415926536  0.0000116375  -0.0210154777
333.6371398112  0.0000000000  3.1415926536  0.0000115979  -0.0209363496
334.8937768727  0.0000000000  3.1415926536  0.0000115585  -0.0208578151
336.1504139341  0.0000000000  3.1415926536  0.0000115194  -0.0207798675
337.4070509955  0.0000000000  3.1415926536  0.0000114806  -0.0207025002
338.6636880570  0.0000000000  3.1415926536  0.0000114420  -0.0206257068
339.9203251184  0.0000000000  3.1415926536  0.0000114037  -0.0205494809
341.1769621799  0.0000000000  3.1415926536  0.0000113656  -0.0204738163
342.4335992413  0.0000000000  3.1415926536  0.0000113277  -0.0203987067
343.6902363027  0.0000000000  3.1415926536  0.0000112901  -0.0203241462
344.9468733642  0.0000000000  3.1415926536  0.0000112528  -0.0202501286
346.2035104256  0.0000000000  3.1415926536  0.0000112157  -0.0201766481
347.4601474870  0.0000000000  3.1415926536  0.0000111788  -0.0201036988
348.7167845485  0.0000000000  3.1415926536  0.0000111422  -0.0200312751
349.9734216099  0.0000000000  3.1415926536  0.0000111058  -0.0199593713
351.2300586713  0.0000000000  3.1415926536  0.0000110696  -0.0198879817
352.4866957328  0.0000000000  3.1415926536  0.0000110337  -0.0198171009
353.7433327942  0.0000000000  3.1415926536  0.0000109980  -0.0197467235
354.9999698556  0.0000000000  3.1415926536  0.0000109625  -0.0196768442
356.2566069171  0.0000000000  3.1415926536  0.0000109272  -0.0196074576
357.5132439785  0.0000000000  3.1415926536  0.0000108922  -0.0195385585
358.7698810400  0.0000000000  3.1415926536  0.0000108573  -0.0194701419
360.0265181014  0.0000000000  3.1415926536  0.0000108227  -0.0194022027
361.2831551628  0.0000000000  3.1415926536  0.0000107883  -0.0193347359
362.5397922243  0.0000000000  3.1415926536  0.0000107542  -0.0192677367
363.7964292857  0.0000000000  3.1415926536  0.0000107202  -0.0192012000
365.0530663471  0.0000000000  3.1415926536  0.0000106864  -0.0191351213
366.3097034086  0.0000000000  3.1415926536  0.0000106529  -0.0190694958
367.5663404700  0.0000000000  3.1415926536  0.0000106196  -0.0190043188
368.8229775314  0.0000000000  3.1415926536  0.0000105864  -0.0189395858
370.0796145929  0.0000000000  3.1415926536  0.0000105535  -0.0188752922
371.3362516543  0.0000000000  3.1415926536  0.0000105207  -0.0188114336
372.5928887157  0.0000000000  3.1415926536  0.0000104882  -0.0187480055
373.8495257772  0.0000000000  3.1415926536  0.0000104559  -0.0186850037
375.1061628386  0.0000000000  3.1415926536  0.0000104237  -0.0186224239
376.3627999001  0.0000000000  3.1415926536  0.0000103918  -0.0185602617
377.6194369615  0.0000000000  3.1415926536  0.0000103600  -0.0184985132
378.8760740229  0.0000000000  3.1415926536  0.0000103284  -0.0184371741
380.1327110844  0.0000000000  3.1415926536  0.0000102970  -0.0183762404
381.3893481458  0.0000000000  3.1415926536  0.0000102658  -0.0183157081
382.6459852072  0.0000000000  3.1415926536  0.0000102348  -0.0182555732
383.9026222687  0.0000000000  3.1415926536  0.0000102040  -0.0181958318
385.1592593301  0.0000000000  3.1415926536  0.0000101734  -0.0181364801
386.4158963915  0.0000000000  3.1415926536  0.0000101429  -0.0180775143
387.6725334530  0.0000000000  3.1415926536  0.0000101126  -0.0180189307
388.9291705144  0.0000000000  3.1415926536  0.0000100825  -0.0179607255
390.1858075759  0.0000000000  3.1415926536  0.0000100526  -0.0179028950
391.4424446373  0.0000000000  3.1415926536  0.0000100228  -0.0178454357
392.6990816987  0.0000000000  3.1415926536  0.0000099932  -0.0177883441
393.9557187602  0.0000000000  3.1415926536  0.0000099638  -0.0177316165
395.2123558216  0.0000000000  3.1415926536  0.0000099345  -0.0176752495
396.4689928830  0.0000000000  3.1415926536  0.0000099055  -0.0176192397
397.7256299445  0.0000000000  3.1415926536  0.0000098765  -0.0175635838
398.9822670059  0.0000000000  3.1415926536  0.0000098478  -0.0175082783
400.2389040673  0.0000000000  3.1415926536  0.0000098192  -0.0174533200
401.4955411288  0.0000000000  3.1415926536  0.0000097908  -0.0173987055
402.7521781902  0.0000000000  3.1415926536  0.0000097625  -0.0173444318
404.0088152516  0.0000000000  3.1415926536  0.0000097344  -0.0172904956
405.2654523131  0.0000000000  3.1415926536  0.0000097065  -0.0172368938
406.5220893745  0.0000000000  3.1415926536  0.0000096787  -0.0171836232
407.7787264360  0.0000000000  3.1415926536  0.0000096511  -0.0171306809
409.0353634974  0.0000000000  3.1415926536  0.0000096236  -0.0170780637
410.2920005588  0.0000000000  3.1415926536  0.0000095963  -0.0170257687
411.5486376203  0.0000000000  3.1415926536  0.0000095691  -0.0169737930
412.8052746817  0.0000000000  3.1415926536  0.0000095421  -0.0169221337
414.0619117431  0.0000000000  3.1415926536  0.0000095153  -0.0168707878
415.3185488046  0.0000000000  3.1415926536  0.0000094885  -0.0168197525
416.5751858660  0.0000000000  3.1415926536  0.0000094620  -0.0167690250
417.8318229274  0.0000000000  3.1415926536  0.0000094355  -0.0167186026
419.0884599889  0.0000000000  3.1415926536  0.0000094093  -0.0166684824
420.3450970503  0.0000000000  3.1415926536  0.0000093831  -0.0166186618
421.6017341118  0.0000000000  3.1415926536  0.0000093571  -0.0165691382
422.8583711732  0.0000000000  3.1415926536  0.0000093313  -0.0165199087
424.1150082346  0.0000000000  3.1415926536  0.0000093056  -0.0164709709
425.3716452961  0.0000000000  3.1415926536  0.0000092800  -0.0164223222
426.6282823575  0.0000000000  3.1415926536  0.0000092546  -0.0163739600
427.8849194189  0.0000000000  3.1415926536  0.0000092293  -0.0163258817
429.1415564804  0.0000000000  3.1415926536  0.0000092041  -0.0162780850
430.3981935418  0.0000000000  3.1415926536  0.0000091791  -0.0162305672
431.6548306032  0.0000000000  3.1415926536  0.0000091542  -0.0161833261
432.9114676647  0.0000000000  3.1415926536  0.0000091295  -0.0161363591
434.1681047261  0.0000000000  3.1415926536  0.0000091048  -0.0160896639
435.4247417875  0.0000000000  3.1415926536  0.0000090803  -0.0160432382
436.6813788490  0.0000000000  3.1415926536  0.0000090560  -0.0159970796
437.9380159104  0.0000000000  3.1415926536  0.0000090317  -0.0159511858
439.1946529719  0.0000000000  3.1415926536  0.0000090076  -0.0159055546
440.4512900333  0.0000000000  3.1415926536  0.0000089836  -0.0158601836
441.7079270947  0.0000000000  3.1415926536  0.0000089598  -0.0158150708
442.9645641562  0.0000000000  3.1415926536  0.0000089361  -0.0157702138
444.2212012176  0.0000000000  3.1415926536  0.0000089124  -0.0157256106
445.4778382790  0.0000000000  3.1415926536  0.0000088890  -0.0156812589
446.7344753405  0.0000000000  3.1415926536  0.0000088656  -0.0156371567
447.9911124019  0.0000000000  3.1415926536  0.0000088424  -0.0155933018
449.2477494633  0.0000000000  3.1415926536  0.0000088192  -0.0155496922
450.5043865248  0.0000000000  3.1415926536  0.0000087962  -0.0155063258
451.7610235862  0.0000000000  3.1415926536  0.0000087733  -0.0154632006
453.0176606476  0.0000000000  3.1415926536  0.0000087506  -0.0154203146
454.2742977091  0.0000000000  3.1415926536  0.0000087279  -0.0153776658
455.5309347705  0.0000000000  3.1415926536  0.0000087054  -0.0153352522
456.7875718320  0.0000000000  3.1415926536  0.0000086830  -0.0152930720
458.0442088934  0.0000000000  3.1415926536  0.0000086607  -0.0152511231
459.3008459548  0.0000000000  3.1415926536  0.0000086385  -0.0152094037
460.5574830163  0.0000000000  3.1415926536  0.0000086164  -0.0151679119
461.8141200777  0.0000000000  3.1415926536  0.0000085944  -0.0151266459
463.0707571391  0.0000000000  3.1415926536  0.0000085725  -0.0150856037
464.3273942006  0.0000000000  3.1415926536  0.0000085508  -0.0150447837
465.5840312620  0.0000000000  3.1415926536  0.0000085292  -0.0150041839
466.8406683234  0.0000000000  3.1415926536  0.0000085076  -0.0149638027
468.0973053849  0.0000000000  3.1415926536  0.0000084862  -0.0149236382
469.3539424463  0.0000000000  3.1415926536  0.0000084649  -0.0148836888
470.6105795078  0.0000000000  3.1415926536  0.0000084437  -0.0148439526
471.8672165692  0.0000000000  3.1415926536  0.0000084225  -0.0148044280
473.1238536306  0.0000000000  3.1415926536  0.0000084015  -0.0147651134
474.3804906921  0.0000000000  3.1415926536  0.0000083806  -0.0147260070
475.6371277535  0.0000000000  3.1415926536  0.0000083598  -0.0146871071
476.8937648149  0.0000000000  3.1415926536  0.0000083391  -0.0146484122
478.1504018764  0.0000000000  3.1415926536  0.0000083185  -0.0146099207
479.4070389378  0.0000000000  3.1415926536  0.0000082980  -0.0145716309
480.6636759992  0.0000000000  3.1415926536  0.0000082776  -0.0145335412
481.9203130607  0.0000000000  3.1415926536  0.0000082574  -0.0144956502
483.1769501221  0.0000000000  3.1415926536  0.0000082372  -0.0144579562
484.4335871835  0.0000000000  3.1415926536  0.0000082170  -0.0144204577
485.6902242450  0.0000000000  3.1415926536  0.0000081970  -0.0143831532
486.9468613064  0.0000000000  3.1415926536  0.0000081771  -0.0143460412
488.2034983679  0.0000000000  3.1415926536  0.0000081573  -0.0143091202
489.4601354293  0.0000000000  3.1415926536  0.0000081376  -0.0142723888
490.7167724907  0.0000000000  3.1415926536  0.0000081180  -0.0142358454
491.9734095522  0.0000000000  3.1415926536  0.0000080984  -0.0141994887
493.2300466136  0.0000000000  3.1415926536  0.0000080790  -0.0141633171
494.4866836750  0.0000000000  3.1415926536  0.0000080597  -0.0141273294
495.7433207365  0.0000000000  3.1415926536  0.0000080404  -0.0140915241
496.9999577979  0.0000000000  3.1415926536  0.0000080212  -0.0140558998
498.2565948593  0.0000000000  3.1415926536  0.0000080022  -0.0140204552
499.5132319208  0.0000000000  3.1415926536  0.0000079832  -0.0139851889
500.7698689822  0.0000000000  3.1415926536  0.0000079643  -0.0139500995
502.0265060436  0.0000000000  3.1415926536  0.0000079455  -0.0139151858
503.2831431051  0.0000000000  3.1415926536  0.0000079268  -0.0138804463
504.5397801665  0.0000000000  3.1415926536  0.0000079081  -0.0138458799
505.7964172280  0.0000000000  3.1415926536  0.0000078896  -0.0138114852
507.0530542894  0.0000000000  3.1415926536  0.0000078711  -0.0137772609
508.3096913508  0.0000000000  3.1415926536  0.0000078527  -0.0137432059
509.5663284123  0.0000000000  3.1415926536  0.0000078345  -0.0137093187
510.8229654737  0.0000000000  3.1415926536  0.0000078163  -0.0136755983
512.0796025351  0.0000000000  3.1415926536  0.0000077981  -0.0136420433
513.3362395966  0.0000000000  3.1415926536  0.0000077801  -0.0136086525
514.5928766580  0.0000000000  3.1415926536  0.0000077621  -0.0135754248
515.8495137194  0.0000000000  3.1415926536  0.0000077443  -0.0135423590
517.1061507809  0.0000000000  3.1415926536  0.0000077265  -0.0135094538
518.3627878423  0.0000000000  3.1415926536  0.0000077088  -0.0134767082
519.6194249038  0.0000000000  3.1415926536  0.0000076911  -0.0134441208
520.8760619652  0.0000000000  3.1415926536  0.0000076736  -0.0134116907
522.1326990266  0.0000000000  3.1415926536  0.0000076561  -0.0133794167
523.3893360881  0.0000000000  3.1415926536  0.0000076387  -0.0133472976
524.6459731495  0.0000000000  3.1415926536  0.0000076214  -0.0133153324
525.9026102109  0.0000000000  3.1415926536  0.0000076042  -0.0132835198
527.1592472724  0.0000000000  3.1415926536  0.0000075870  -0.0132518589
528.4158843338  0.0000000000  3.1415926536  0.0000075699  -0.0132203486
529.6725213952  0.0000000000  3.1415926536  0.0000075529  -0.0131889878
530.9291584567  0.0000000000  3.1415926536  0.0000075360  -0.0131577754
532.1857955181  0.0000000000  3.1415926536  0.0000075191  -0.0131267103
533.4424325795  0.0000000000  3.1415926536  0.0000075023  -0.0130957916
534.6990696410  0.0000000000  3.1415926536  0.0000074856  -0.0130650182
535.9557067024  0.0000000000  3.1415926536  0.0000074690  -0.0130343890
537.2123437639  0.0000000000  3.1415926536  0.0000074524  -0.0130039032
538.4689808253  0.0000000000  3.1415926536  0.0000074359  -0.0129735596
539.7256178867  0.0000000000  3.1415926536  0.0000074195  -0.0129433572
540.9822549482  0.0000000000  3.1415926536  0.0000074032  -0.0129132952
542.2388920096  0.0000000000  3.1415926536  0.0000073869  -0.0128833724
543.4955290710  0.0000000000  3.1415926536  0.0000073707  -0.0128535881
544.7521661325  0.0000000000  3.1415926536  0.0000073546  -0.0128239410
546.0088031939  0.0000000000  3.1415926536  0.0000073385  -0.0127944305
547.2654402553  0.0000000000  3.1415926536  0.0000073225  -0.0127650554
548.5220773168  0.0000000000  3.1415926536  0.0000073066  -0.0127358149
549.7787143782  0.0000000000  3.1415926536  0.0000072907  -0.0127067081
551.0353514396  0.0000000000  3.1415926536  0.0000072749  -0.0126777340
552.2919885011  0.0000000000  3.1415926536  0.0000072592  -0.0126488917
553.5486255625  0.0000000000  3.1415926536  0.0000072436  -0.0126201803
554.8052626240  0.0000000000  3.1415926536  0.0000072280  -0.0125915990
556.0618996854  0.0000000000  3.1415926536  0.0000072125  -0.0125631468
557.3185367468  0.0000000000  3.1415926536  0.0000071970  -0.0125348229
558.5751738083  0.0000000000  3.1415926536  0.0000071816  -0.0125066265
559.8318108697  0.0000000000  3.1415926536  0.0000071663  -0.0124785566
561.0884479311  0.0000000000  3.1415926536  0.0000071510  -0.0124506124
562.3450849926  0.0000000000  3.1415926536  0.0000071358  -0.0124227930
563.6017220540  0.0000000000  3.1415926536  0.0000071207  -0.0123950978
564.8583591154  0.0000000000  3.1415926536  0.0000071056  -0.0123675257
566.1149961769  0.0000000000  3.1415926536  0.0000070906  -0.0123400760
567.3716332383  0.0000000000  3.1415926536  0.0000070757  -0.0123127479
568.6282702998  0.0000000000  3.1415926536  0.0000070608  -0.0122855405
569.8849073612  0.0000000000  3.1415926536  0.0000070460  -0.0122584531
571.1415444226  0.0000000000  3.1415926536  0.0000070312  -0.0122314849
572.3981814841  0.0000000000  3.1415926536  0.0000070166  -0.0122046351
573.6548185455  0.0000000000  3.1415926536  0.0000070019  -0.0121779029
574.9114556069  0.0000000000  3.1415926536  0.0000069873  -0.0121512875
576.1680926684  0.0000000000  3.1415926536  0.0000069728  -0.0121247882
577.4247297298  0.0000000000  3.1415926536  0.0000069584  -0.0120984042
578.6813667912  0.0000000000  3.1415926536  0.0000069440  -0.0120721348
579.9380038527  0.0000000000  3.1415926536  0.0000069297  -0.0120459792
581.1946409141  0.0000000000  3.1415926536  0.0000069154  -0.0120199368
582.4512779755  0.0000000000  3.1415926536  0.0000069012  -0.0119940066
583.7079150370  0.0000000000  3.1415926536  0.0000068870  -0.0119681881
584.9645520984  0.0000000000  3.1415926536  0.0000068729  -0.0119424805
586.2211891599  0.0000000000  3.1415926536  0.0000068589  -0.0119168831
587.4778262213  0.0000000000  3.1415926536  0.0000068449  -0.0118913952
588.7344632827  0.0000000000  3.1415926536  0.0000068309  -0.0118660161
589.9911003442  0.0000000000  3.1415926536  0.0000068171  -0.0118407451
591.2477374056  0.0000000000  3.1415926536  0.0000068032  -0.0118155815
592.5043744670  0.0000000000  3.1415926536  0.0000067895  -0.0117905246
593.7610115285  0.0000000000  3.1415926536  0.0000067758  -0.0117655737
595.0176485899  0.0000000000  3.1415926536  0.0000067621  -0.0117407282
596.2742856513  0.0000000000  3.1415926536  0.0000067485  -0.0117159874
597.5309227128  0.0000000000  3.1415926536  0.0000067350  -0.0116913507
598.7875597742  0.0000000000  3.1415926536  0.0000067215  -0.0116668174
600.0441968357  0.0000000000  3.1415926536  0.0000067081  -0.0116423868
601.3008338971  0.0000000000  3.1415926536  0.0000066947  -0.0116180583
602.5574709585  0.0000000000  3.1415926536  0.0000066813  -0.0115938312
603.8141080200  0.0000000000  3.1415926536  0.0000066681  -0.0115697050
605.0707450814  0.0000000000  3.1415926536  0.0000066548  -0.0115456790
606.3273821428  0.0000000000  3.1415926536  0.0000066417  -0.0115217526
607.5840192043  0.0000000000  3.1415926536  0.0000066285  -0.0114979251
608.8406562657  0.0000000000  3.1415926536  0.0000066155  -0.0114741959
610.0972933271  0.0000000000  3.1415926536  0.0000066024  -0.0114505645
611.3539303886  0.0000000000  3.1415926536  0.0000065895  -0.0114270303
612.6105674500  0.0000000000  3.1415926536  0.0000065766  -0.0114035925
613.8672045114  0.0000000000  3.1415926536  0.0000065637  -0.0113802507
615.1238415729  0.0000000000  3.1415926536  0.0000065509  -0.0113570043
616.3804786343  0.0000000000  3.1415926536  0.0000065381  -0.0113338526
617.6371156958  0.0000000000  3.1415926536  0.0000065254  -0.0113107952
618.8937527572  0.0000000000  3.1415926536  0.0000065127  -0.0112878313
620.1503898186  0.0000000000  3.1415926536  0.0000065001  -0.0112649605
621.4070268801  0.0000000000  3.1415926536  0.0000064875  -0.0112421822
622.6636639415  0.0000000000  3.1415926536  0.0000064750  -0.0112194958
623.9203010029  0.0000000000  3.1415926536  0.0000064625  -0.0111969008
625.1769380644  0.0000000000  3.1415926536  0.0000064501  -0.0111743967
626.4335751258  0.0000000000  3.1415926536  0.0000064377  -0.0111519827
627.6902121872  0.0000000000  3.1415926536  0.0000064254  -0.0111296586
628.9468492487  0.0000000000  3.1415926536  0.0000000000  0.0000000000
-627.6902121872  3.1415926536  0.0000000000  0.0000000000  0.0000000000
-626.4335751258  3.1415926536  0.0000000000  0.0000000000  0.0000000000
-625.1769380644  3.1415926536  0.0000000000  0.0000000000  0.0000000000
-623.9203010029  3.1415926536  0.0000000000  0.0000000000  0.0000000000
-622.6636639415  3.1415926536  0.0000000000  0.0000000000  0.0000000000
-621.4070268801  3.1415926536  0.0000000000  0.0000000000  0.0000000000
-620.1503898186  3.1415926536  0.0000000000  0.0000000000  0.0000000000
-618.8937527572  3.1415926536  0.0000000000  0.0000000000  0.0000000000
-617.6371156958  3.1415926536  0.0000000000  0.0000000000  0.0000000000
-616.3804786343  3.1415926536  0.0000000000  0.0000000000  0.0000000000
-615.1238415729  3.1415926536  0.0000000000  0.0000000000  0.0000000000
-613.8672045114  3.1415926536  0.0000000000  0.0000000000  0.0000000000
-612.6105674500  3.1415926536  0.0000000000  0.0000000000  0.0000000000
-611.3539303886  3.1415926536  0.0000000000  0.0000000000  0.0000000000
-610.0972933271  3.1415926536  0.0000000000  0.0000000000  0.0000000000
-608.8406562657  3.1415926536  0.0000000000  0.0000000000  0.0000000000
-607.5840192043  3.1415926536  0.0000000000  0.0000000000  0.0000000000
-606.3273821428  3.1415926536  0.0000000000  0.0000000000  0.0000000000
-605.0707450814  3.1415926536  0.0000000000  0.0000000000  0.0000000000
-603.8141080200  3.1415926536  0.0000000000  0.0000000000  0.0000000000
-602.5574709585  3.1415926536  0.0000000000  0.0000000000  0.0000000000
-601.3008338971  3.1415926536  0.0000000000  0.0000000000  0.0000000000
-600.0441968357  3.1415926536  0.0000000000  0.0000000000  0.0000000000
-598.7875597742  3.1415926536  0.0000000000  0.0000000000  0.0000000000
-597.5309227128  3.1415926536  0.0000000000  0.0000000000  0.0000000000
-596.2742856513  3.1415926536  0.0000000000  0.0000000000  0.0000000000
-595.0176485899  3.1415926536  0.0000000000  0.0000000000  0.0000000000
-593.7610115285  3.1415926536  0.0000000000  0.0000000000  0.0000000000
-592.5043744670  3.1415926536  0.0000000000  0.0000000000  0.0000000000
-591.2477374056  3.1415926536  0.0000000000  0.0000000000  0.0000000000
-589.9911003442  3.1415926536  0.0000000000  0.0000000000  0.0000000000
-588.7344632827  3.1415926536  0.0000000000  0.0000000000  0.0000000000
-587.4778262213  3.1415926536  0.0000000000  0.0000000000  0.0000000000
-586.2211891599  3.1415926536  0.0000000000  0.0000000000  0.0000000000
-584.9645520984  3.1415926536  0.0000000000  0.0000000000  0.0000000000
-583.7079150370  3.1415926536  0.0000000000  0.0000000000  0.0000000000
-582.4512779755  3.1415926536  0.0000000000  0.0000000000  0.0000000000
-581.1946409141  3.1415926536  0.0000000000  0.0000000000  0.0000000000
-579.9380038527  3.1415926536  0.0000000000  0.0000000000  0.0000000000
-578.6813667912  3.1415926536  0.0000000000  0.0000000000  0.0000000000
-577.4247297298  3.1415926536  0.0000000000  0.0000000000  0.0000000000
-576.1680926684  3.1415926536  0.0000000000  0.0000000000  0.0000000000
-574.9114556069  3.1415926536  0.0000000000  0.0000000000  0.0000000000
-573.6548185455  3.1415926536  0.0000000000  0.0000000000  0.0000000000
-572.3981814841  3.1415926536  0.0000000000  0.0000000000  0.0000000000
-571.1415444226  3.1415926536  0.0000000000  0.0000000000  0.0000000000
-569.8849073612  3.1415926536  0.0000000000  0.0000000000  0.0000000000
-568.6282702998  3.1415926536  0.0000000000  0.0000000000  0.0000000000
-567.3716332383  3.1415926536  0.0000000000  0.0000000000  0.0000000000
-566.1149961769  3.1415926536  0.0000000000  0.0000000000  0.0000000000
-564.8583591154  3.1415926536  0.0000000000  0.0000000000  0.0000000000
-563.6017220540  3.1415926536  0.0000000000  0.0000000000  0.0000000000
-562.3450849926  3.1415926536  0.0000000000  0.0000000000  0.0000000000
-561.0884479311  3.1415926536  0.0000000000  0.0000000000  0.0000000000
-559.8318108697  3.1415926536  0.0000000000  0.0000000000  0.0000000000
-558.5751738083  3.1415926536  0.0000000000  0.0000000000  0.0000000000
-557.3185367468  3.1415926536  0.0000000000  0.0000000000  0.0000000000
-556.0618996854  3.1415926536  0.0000000000  0.0000000000  0.0000000000
-554.8052626240  3.1415926536  0.0000000000  0.0000000000  0.0000000000
-553.5486255625  3.1415926536  0.0000000000  0.0000000000  0.0000000000
-552.2919885011  3.1415926536  0.0000000000  0.0000000000  0.0000000000
-551.0353514396  3.1415926536  0.0000000000  0.0000000000  0.0000000000
-549.7787143782  3.1415926536  0.0000000000  0.0000000000  0.0000000000
-548.5220773168  3.1415926536  0.0000000000  0.0000000000  0.0000000000
-547.2654402553  3.1415926536  0.0000000000  0.0000000000  0.0000000000
-546.0088031939  3.1415926536  0.0000000000  0.0000000000  0.0000000000
-544.7521661325  3.1415926536  0.0000000000  0.0000000000  0.0000000000
-543.4955290710  3.1415926536  0.0000000000  0.0000000000  0.0000000000
-542.2388920096  3.1415926536  0.0000000000  0.0000000000  0.0000000000
-540.9822549482  3.1415926536  0.0000000000  0.0000000000  0.0000000000
-539.7256178867  3.1415926536  0.0000000000  0.0000000000  0.0000000000
-538.4689808253  3.1415926536  0.0000000000  0.0000000000  0.0000000000
-537.2123437639  3.1415926536  0.0000000000  0.0000000000  0.0000000000
-535.9557067024  3.1415926536  0.0000000000  0.0000000000  0.0000000000
-534.6990696410  3.1415926536  0.0000000000  0.0000000000  0.0000000000
-533.4424325795  3.1415926536  0.0000000000  0.0000000000  0.0000000000
-532.1857955181  3.1415926536  0.0000000000  0.0000000000  0.0000000000
-530.9291584567  3.1415926536  0.0000000000  0.0000000000  0.0000000000
-529.6725213952  3.1415926536  0.0000000000  0.0000000000  0.0000000000
-528.4158843338  3.1415926536  0.0000000000  0.0000000000  0.0000000000
-527.1592472724  3.1415926536  0.0000000000  0.0000000000  0.0000000000
-525.9026102109  3.1415926536  0.0000000000  0.0000000000  0.0000000000
-524.6459731495  3.1415926536  0.0000000000  0.0000000000  0.0000000000
-523.3893360881  3.1415926536  0.0000000000  0.0000000000  0.0000000000
-522.1326990266  3.1415926536  0.0000000000  0.0000000000  0.0000000000
-520.8760619652  3.1415926536  0.0000000000  0.0000000000  0.0000000000
-519.6194249038  3.1415926536  0.0000000000  0.0000000000  0.0000000000
-518.3627878423  3.1415926536  0.0000000000  0.0000000000  0.0000000000
-517.1061507809  3.1415926536  0.0000000000  0.0000000000  0.0000000000
-515.8495137194  3.1415926536  0.0000000000  0.0000000000  0.0000000000
-514.5928766580  3.1415926536  0.0000000000  0.0000000000  0.0000000000
-513.3362395966  3.1415926536  0.0000000000  0.0000000000  0.0000000000
-512.0796025351  3.1415926536  0.0000000000  0.0000000000  0.0000000000
-510.8229654737  3.1415926536  0.0000000000  0.0000000000  0.0000000000
-509.5663284123  3.1415926536  0.0000000000  0.0000000000  0.0000000000
-508.3096913508  3.1415926536  0.0000000000  0.0000000000  0.0000000000
-507.0530542894  3.1415926536  0.0000000000  0.0000000000  0.0000000000
-505.7964172280  3.1415926536  0.0000000000  0.0000000000  0.0000000000
-504.5397801665  3.1415926536  0.0000000000  0.0000000000  0.0000000000
-503.2831431051  3.1415926536  0.0000000000  0.0000000000  0.0000000000
-502.0265060436  3.1415926536  0.0000000000  0.0000000000  0.0000000000
-500.7698689822  3.1415926536  0.0000000000  0.0000000000  0.0000000000
-499.5132319208  3.1415926536  0.0000000000  0.0000000000  0.0000000000
-498.2565948593  3.1415926536  0.0000000000  0.0000000000  0.0000000000
-496.9999577979  3.1415926536  0.0000000000  0.0000000000  0.0000000000
-495.7433207365  3.1415926536  0.0000000000  0.0000000000  0.0000000000
-494.4866836750  3.1415926536  0.0000000000  0.0000000000  0.0000000000
-493.2300466136  3.1415926536  0.0000000000  0.0000000000  0.0000000000
-491.9734095522  3.1415926536  0.0000000000  0.0000000000  0.0000000000
-490.7167724907  3.1415926536  0.0000000000  0.0000000000  0.0000000000
-489.4601354293  3.1415926536  0.0000000000  0.0000000000  0.0000000000
-488.2034983679  3.1415926536  0.0000000000  0.0000000000  0.0000000000
-486.9468613064  3.1415926536  0.0000000000  0.0000000000  0.0000000000
-485.6902242450  3.1415926536  0.0000000000  0.0000000000  0.0000000000
-484.4335871835  3.1415926536  0.0000000000  0.0000000000  0.0000000000
-483.1769501221  3.1415926536  0.0000000000  0.0000000000  0.0000000000
-481.9203130607  3.1415926536  0.0000000000  0.0000000000  0.0000000000
-480.6636759992  3.1415926536  0.0000000000  0.0000000000  0.0000000000
-479.4070389378  3.1415926536  0.0000000000  0.0000000000  0.0000000000
-478.1504018764  3.1415926536  0.0000000000  0.0000000000  0.0000000000
-476.8937648149  3.1415926536  0.0000000000  0.0000000000  0.0000000000
-475.6371277535  3.1415926536  0.0000000000  0.0000000000  0.0000000000
-474.3804906921  3.1415926536  0.0000000000  0.0000000000  0.0000000000
-473.1238536306  3.1415926536  0.0000000000  0.0000000000  0.0000000000
-471.8672165692  3.1415926536  0.0000000000  0.0000000000  0.0000000000
-470.6105795078  3.1415926536  0.0000000000  0.0000000000  0.0000000000
-469.3539424463  3.1415926536  0.0000000000  0.0000000000  0.0000000000
-468.0973053849  3.1415926536  0.0000000000  0.0000000000  0.0000000000
-466.8406683234  3.1415926536  0.0000000000  0.0000000000  0.0000000000
-465.5840312620  3.1415926536  0.0000000000  0.0000000000  0.0000000000
-464.3273942006  3.1415926536  0.0000000000  0.0000000000  0.0000000000
-463.0707571391  3.1415926536  0.0000000000  0.0000000000  0.0000000000
-461.8141200777  3.1415926536  0.0000000000  0.0000000000  0.0000000000
-460.5574830163  3.1415926536  0.0000000000  0.0000000000  0.0000000000
-459.3008459548  3.1415926536  0.0000000000  0.0000000000  0.0000000000
-458.0442088934  3.1415926536  0.0000000000  0.0000000000  0.0000000000
-456.7875718320  3.1415926536  0.0000000000  0.0000000000  0.0000000000
-455.5309347705  3.1415926536  0.0000000000  0.0000000000  0.0000000000
-454.2742977091  3.1415926536  0.0000000000  0.0000000000  0.0000000000
-453.0176606476  3.1415926536  0.0000000000  0.0000000000  0.0000000000
-451.7610235862  3.1415926536  0.0000000000  0.0000000000  0.0000000000
-450.5043865248  3.1415926536  0.0000000000  0.0000000000  0.0000000000
-449.2477494633  3.1415926536  0.0000000000  0.0000000000  0.0000000000
-447.9911124019  3.1415926536  0.0000000000  0.0000000000  0.0000000000
-446.7344753405  3.1415926536  0.0000000000  0.0000000000  0.0000000000
-445.4778382790  3.1415926536  0.0000000000  0.0000000000  0.0000000000
-444.2212012176  3.1415926536  0.0000000000  0.0000000000  0.0000000000
-442.9645641562  3.1415926536  0.0000000000  0.0000000000  0.0000000000
-441.7079270947  3.1415926536  0.0000000000  0.0000000000  0.0000000000
-440.4512900333  3.1415926536  0.0000000000  0.0000000000  0.0000000000
-439.1946529719  3.1415926536  0.0000000000  0.0000000000  0.0000000000
-437.9380159104  3.1415926536  0.0000000000  0.0000000000  0.0000000000
-436.6813788490  3.1415926536  0.0000000000  0.0000000000  0.0000000000
-435.4247417875  3.1415926536  0.0000000000  0.0000000000  0.0000000000
-434.1681047261  3.1415926536  0.0000000000  0.0000000000  0.0000000000
-432.9114676647  3.1415926536  0.0000000000  0.0000000000  0.0000000000
-431.6548306032  3.1415926536  0.0000000000  0.0000000000  0.0000000000
-430.3981935418  3.1415926536  0.0000000000  0.0000000000  0.0000000000
-429.1415564804  3.1415926536  0.0000000000  0.0000000000  0.0000000000
-427.8849194189  3.1415926536  0.0000000000  0.0000000000  0.0000000000
-426.6282823575  3.1415926536  0.0000000000  0.0000000000  0.0000000000
-425.3716452961  3.1415926536  0.0000000000  0.0000000000  0.0000000000
-424.1150082346  3.1415926536  0.0000000000  0.0000000000  0.0000000000
-422.8583711732  3.1415926536  0.0000000000  0.0000000000  0.0000000000
-421.6017341118  3.1415926536  0.0000000000  0.0000000000  0.0000000000
-420.3450970503  3.1415926536  0.0000000000  0.0000000000  0.0000000000
-419.0884599889  3.1415926536  0.0000000000  0.0000000000  0.0000000000
-417.8318229274  3.1415926536  0.0000000000  0.0000000000  0.0000000000
-416.5751858660  3.1415926536  0.0000000000  0.0000000000  0.0000000000
-415.3185488046  3.1415926536  0.0000000000  0.0000000000  0.0000000000
-414.0619117431  3.1415926536  0.0000000000  0.0000000000  0.0000000000
-412.8052746817  3.1415926536  0.0000000000  0.0000000000  0.0000000000
-411.5486376203  3.1415926536  0.0000000000  0.0000000000  0.0000000000
-410.2920005588  3.1415926536  0.0000000000  0.0000000000  0.0000000000
-409.0353634974  3.1415926536  0.0000000000  0.0000000000  0.0000000000
-407.7787264360  3.1415926536  0.0000000000  0.0000000000  0.0000000000
-406.5220893745  3.1415926536  0.0000000000  0.0000000000  0.0000000000
-405.2654523131  3.1415926536  0.0000000000  0.0000000000  0.0000000000
-404.0088152516  3.1415926536  0.0000000000  0.0000000000  0.0000000000
-402.7521781902  3.1415926536  0.0000000000  0.0000000000  0.0000000000
-401.4955411288  3.1415926536  0.0000000000  0.0000000000  0.0000000000
-400.2389040673  3.1415926536  0.0000000000  0.0000000000  0.0000000000
-398.9822670059  3.1415926536  0.0000000000  0.0000000000  0.0000000000
-397.7256299445  3.1415926536  0.0000000000  0.0000000000  0.0000000000
-396.4689928830  3.1415926536  0.0000000000  0.0000000000  0.0000000000
-395.2123558216  3.1415926536  0.0000000000  0.0000000000  0.0000000000
-393.9557187602  3.1415926536  0.0000000000  0.0000000000  0.0000000000
-392.6990816987  3.1415926536  0.0000000000  0.0000000000  0.0000000000
-391.4424446373  3.1415926536  0.0000000000  0.0000000000  0.0000000000
-390.1858075759  3.1415926536  0.0000000000  0.0000000000  0.0000000000
-388.9291705144  3.1415926536  0.0000000000  0.0000000000  0.0000000000
-387.6725334530  3.1415926536  0.0000000000  0.0000000000  0.0000000000
-386.4158963915  3.1415926536  0.0000000000  0.0000000000  0.0000000000
-385.1592593301  3.1415926536  0.0000000000  0.0000000000  0.0000000000
-383.9026222687  3.1415926536  0.0000000000  0.0000000000  0.0000000000
-382.6459852072  3.1415926536  0.0000000000  0.0000000000  0.0000000000
-381.3893481458  3.1415926536  0.0000000000  0.0000000000  0.0000000000
-380.1327110844  3.1415926536  0.0000000000  0.0000000000  0.0000000000
-378.8760740229  3.1415926536  0.0000000000  0.0000000000  0.0000000000
-377.6194369615  3.1415926536  0.0000000000  0.0000000000  0.0000000000
-376.3627999001  3.1415926536  0.0000000000  0.0000000000  0.0000000000
-375.1061628386  3.1415926536  0.0000000000  0.0000000000  0.0000000000
-373.8495257772  3.1415926536  0.0000000000  0.0000000000  0.0000000000
-372.5928887157  3.1415926536  0.0000000000  0.0000000000  0.0000000000
-371.3362516543  3.1415926536  0.0000000000  0.0000000000  0.0000000000
-370.0796145929  3.1415926536  0.0000000000  0.0000000000  0.0000000000
-368.8229775314  3.1415926536  0.0000000000  0.0000000000  0.0000000000
-367.5663404700  3.1415926536  0.0000000000  0.0000000000  0.0000000000
-366.3097034086  3.1415926536  0.0000000000  0.0000000000  0.0000000000
-365.0530663471  3.1415926536  0.0000000000  0.0000000000  0.0000000000
-363.7964292857  3.1415926536  0.0000000000  0.0000000000  0.0000000000
-362.5397922243  3.1415926536  0.0000000000  0.0000000000  0.0000000000
-361.2831551628  3.1415926536  0.0000000000  0.0000000000  0.0000000000
-360.0265181014  3.1415926536  0.0000000000  0.0000000000  0.0000000000
-358.7698810400  3.1415926536  0.0000000000  0.0000000000  0.0000000000
-357.5132439785  3.1415926536  0.0000000000  0.0000000000  0.0000000000
-356.2566069171  3.1415926536  0.0000000000  0.0000000000  0.0000000000
-354.9999698556  3.1415926536  0.0000000000  0.0000000000  0.0000000000
-353.7433327942  3.1415926536  0.0000000000  0.0000000000  0.0000000000
-352.4866957328  3.1415926536  0.0000000000  0.0000000000  0.0000000000
-351.2300586713  3.1415926536  0.0000000000  0.0000000000  0.0000000000
-349.9734216099  3.1415926536  0.0000000000  0.0000000000  0.0000000000
-348.7167845485  3.1415926536  0.0000000000  0.0000000000  0.0000000000
-347.4601474870  3.1415926536  0.0000000000  0.0000000000  0.0000000000
-346.2035104256  3.1415926536  0.0000000000  0.0000000000  0.0000000000
-344.9468733642  3.1415926536  0.0000000000  0.0000000000  0.0000000000
-343.6902363027  3.1415926536  0.0000000000  0.0000000000  0.0000000000
-342.4335992413  3.1415926536  0.0000000000  0.0000000000  0.0000000000
-341.1769621799  3.1415926536  0.0000000000  0.0000000000  0.0000000000
-339.9203251184  3.1415926536  0.0000000000  0.0000000000  0.0000000000
-338.6636880570  3.1415926536  0.0000000000  0.0000000000  0.0000000000
-337.4070509955  3.1415926536  0.0000000000  0.0000000000  0.0000000000
-336.1504139341  3.1415926536  0.0000000000  0.0000000000  0.0000000000
-334.8937768727  3.1415926536  0.0000000000  0.0000000000  0.0000000000
-333.6371398112  3.1415926536  0.0000000000  0.0000000000  0.0000000000
-332.3805027498  3.1415926536  0.0000000000  0.0000000000  0.0000000000
-331.1238656884  3.1415926536  0.0000000000  0.0000000000  0.0000000000
-329.8672286269  3.1415926536  0.0000000000  0.0000000000  0.0000000000
-328.6105915655  3.1415926536  0.0000000000  0.0000000000  0.0000000000
-327.3539545041  3.1415926536  0.0000000000  0.0000000000  0.0000000000
-326.0973174426  3.1415926536  0.0000000000  0.0000000000  0.0000000000
-324.8406803812  3.1415926536  0.0000000000  0.0000000000  0.0000000000
-323.5840433197  3.1415926536  0.0000000000  0.0000000000  0.0000000000
-322.3274062583  3.1415926536  0.0000000000  0.0000000000  0.0000000000
-321.0707691969  3.1415926536  0.0000000000  0.0000000000  0.0000000000
-319.8141321354  3.1415926536  0.0000000000  0.0000000000  0.0000000000
-318.5574950740  3.1415926536  0.0000000000  0.0000000000  0.0000000000
-317.3008580126  3.1415926536  0.0000000000  0.0000000000  0.0000000000
-316.0442209511  3.1415926536  0.0000000000  0.0000000000  0.0000000000
-314.7875838897  3.1415926536  0.0000000000  0.0000000000  0.0000000000
-313.5309468283  3.1415926536  0.0000000000  0.0000000000  0.0000000000
-312.2743097668  3.1415926536  0.0000000000  0.0000000000  0.0000000000
-311.0176727054  3.1415926536  0.0000000000  0.0000000000  0.0000000000
-309.7610356440  3.1415926536  0.0000000000  0.0000000000  0.0000000000
-308.5043985825  3.1415926536  0.0000000000  0.0000000000  0.0000000000
-307.2477615211  3.1415926536  0.0000000000  0.0000000000  0.0000000000
-305.9911244596  3.1415926536  0.0000000000  0.0000000000  0.0000000000
-304.7344873982  3.1415926536  0.0000000000  0.0000000000  0.0000000000
-303.4778503368  3.1415926536  0.0000000000  0.0000000000  0.0000000000
-302.2212132753  3.1415926536  0.0000000000  0.0000000000  0.0000000000
-300.9645762139  3.1415926536  0.0000000000  0.0000000000  0.0000000000
-299.7079391525  3.1415926536  0.0000000000  0.0000000000  0.0000000000
-298.4513020910  3.1415926536  0.0000000000  0.0000000000  0.0000000000
-297.1946650296  3.1415926536  0.0000000000  0.0000000000  0.0000000000
-295.9380279682  3.1415926536  0.0000000000  0.0000000000  0.0000000000
-294.6813909067  3.1415926536  0.0000000000  0.0000000000  0.0000000000
-293.4247538453  3.1415926536  0.0000000000  0.0000000000  0.0000000000
-292.1681167839  3.1415926536  0.0000000000  0.0000000000  0.0000000000
-290.9114797224  3.1415926536  0.0000000000  0.0000000000  0.0000000000
-289.6548426610  3.1415926536  0.0000000000  0.0000000000  0.0000000000
-288.3982055995  3.1415926536  0.0000000000  0.0000000000  0.0000000000
-287.1415685381  3.1415926536  0.0000000000  0.0000000000  0.0000000000
-285.8849314767  3.1415926536  0.0000000000  0.0000000000  0.0000000000
-284.6282944152  3.1415926536  0.0000000000  0.0000000000  0.0000000000
-283.3716573538  3.1415926536  0.0000000000  0.0000000000  0.0000000000
-282.1150202924  3.1415926536  0.0000000000  0.0000000000  0.0000000000
-280.8583832309  3.1415926536  0.0000000000  0.0000000000  0.0000000000
-279.6017461695  3.1415926536  0.0000000000  0.0000000000  0.0000000000
-278.3451091081  3.1415926536  0.0000000000  0.0000000000  0.0000000000
-277.0884720466  3.1415926536  0.0000000000  0.0000000000  0.0000000000
-275.8318349852  3.1415926536  0.0000000000  0.0000000000  0.0000000000
-274.5751979237  3.1415926536  0.0000000000  0.0000000000  0.0000000000
-273.3185608623  3.1415926536  0.0000000000  0.0000000000  0.0000000000
-272.0619238009  3.1415926536  0.0000000000  0.0000000000  0.0000000000
-270.8052867394  3.1415926536  0.0000000000  0.0000000000  0.0000000000
-269.5486496780  3.1415926536  0.0000000000  0.0000000000  0.0000000000
-268.2920126166  3.1415926536  0.0000000000  0.0000000000  0.0000000000
-267.0353755551  3.1415926536  0.0000000000  0.0000000000  0.0000000000
-265.7787384937  3.1415926536  0.0000000000  0.0000000000  0.0000000000
-264.5221014323  3.1415926536  0.0000000000  0.0000000000  0.0000000000
-263.2654643708  3.1415926536  0.0000000000  0.0000000000  0.0000000000
-262.0088273094  3.1415926536  0.0000000000  0.0000000000  0.0000000000
-260.7521902480  3.1415926536  0.0000000000  0.0000000000  0.0000000000
-259.4955531865  3.1415926536  0.0000000000  0.0000000000  0.0000000000
-258.2389161251  3.1415926536  0.0000000000  0.0000000000  0.0000000000
-256.9822790636  3.1415926536  0.0000000000  0.0000000000  0.0000000000
-255.7256420022  3.1415926536  0.0000000000  0.0000000000  0.0000000000
-254.4690049408  3.1415926536  0.0000000000  0.0000000000  0.0000000000
-253.2123678793  3.1415926536  0.0000000000  0.0000000000  0.0000000000
-251.9557308179  3.1415926536  0.0000000000  0.0000000000  0.0000000000
-250.6990937565  3.1415926536  0.0000000000  0.0000000000  0.0000000000
-249.4424566950  3.1415926536  0.0000000000  0.0000000000  0.0000000000
-248.1858196336  3.1415926536  0.0000000000  0.0000000000  0.0000000000
-246.9291825722  3.1415926536  0.0000000000  0.0000000000  0.0000000000
-245.6725455107  3.1415926536  0.0000000000  0.0000000000  0.0000000000
-244.4159084493  3.1415926536  0.0000000000  0.0000000000  0.0000000000
-243.1592713878  3.1415926536  0.0000000000  0.0000000000  0.0000000000
-241.9026343264  3.1415926536  0.0000000000  0.0000000000  0.0000000000
-240.6459972650  3.1415926536  0.0000000000  0.0000000000  0.0000000000
-239.3893602035  3.1415926536  0.0000000000  0.0000000000  0.0000000000
-238.1327231421  3.1415926536  0.0000000000  0.0000000000  0.0000000000
-236.8760860807  3.1415926536  0.0000000000  0.0000000000  0.0000000000
-235.6194490192  3.1415926536  0.0000000000  0.0000000000  0.0000000000
-234.3628119578  3.1415926536  0.0000000000  0.0000000000  0.0000000000
-233.1061748964  3.1415926536  0.0000000000  0.0000000000  0.0000000000
-231.8495378349  3.1415926536  0.0000000000  0.0000000000  0.0000000000
-230.5929007735  3.1415926536  0.0000000000  0.0000000000  0.0000000000
-229.3362637121  3.1415926536  0.0000000000  0.0000000000  0.0000000000
-228.0796266506  3.1415926536  0.0000000000  0.0000000000  0.0000000000
-226.8229895892  3.1415926536  0.0000000000  0.0000000000  0.0000000000
-225.5663525277  3.1415926536  0.0000000000  0.0000000000  0.0000000000
-224.3097154663  3.1415926536  0.0000000000  0.0000000000  0.0000000000
-223.0530784049  3.1415926536  0.0000000000  0.0000000000  0.0000000000
-221.7964413434  3.1415926536  0.0000000000  0.0000000000  0.0000000000
-220.5398042820  3.1415926536  0.0000000000  0.0000000000  0.0000000000
-219.2831672206  3.1415926536  0.0000000000  0.0000000000  0.0000000000
-218.0265301591  3.1415926536  0.0000000000  0.0000000000  0.0000000000
-216.7698930977  3.1415926536  0.0000000000  0.0000000000  0.0000000000
-215.5132560363  3.1415926536  0.0000000000  0.0000000000  0.0000000000
-214.2566189748  3.1415926536  0.0000000000  0.0000000000  0.0000000000
-212.9999819134  3.1415926536  0.0000000000  0.0000000000  0.0000000000
-211.7433448520  3.1415926536  0.0000000000  0.0000000000  0.0000000000
-210.4867077905  3.1415926536  0.0000000000  0.0000000000  0.0000000000
-209.2300707291  3.1415926536  0.0000000000  0.0000000000  0.0000000000
-207.9734336676  3.1415926536  0.0000000000  0.0000000000  0.0000000000
-206.7167966062  3.1415926536  0.0000000000  0.0000000000  0.0000000000
-205.4601595448  3.1415926536  0.0000000000  0.0000000000  0.0000000000
-204.2035224833  3.1415926536  0.0000000000  0.0000000000  0.0000000000
-202.9468854219  3.1415926536  0.0000000000  0.0000000000  0.0000000000
-201.6902483605  3.1415926536  0.0000000000  0.0000000000  0.0000000000
-200.4336112990  3.1415926536  0.0000000000  0.0000000000  0.0000000000
-199.1769742376  3.1415926536  0.0000000000  0.0000000000  0.0000000000
-197.9203371762  3.1415926536  0.0000000000  0.0000000000  0.0000000000
-196.6637001147  3.1415926536  0.0000000000  0.0000000000  0.0000000000
-195.4070630533  3.1415926536  0.0000000000  0.0000000000  0.0000000000
-194.1504259918  3.1415926536  0.0000000000  0.0000000000  0.0000000000
-192.8937889304  3.1415926536  0.0000000000  0.0000000000  0.0000000000
-191.6371518690  3.1415926536  0.0000000000  0.0000000000  0.0000000000
-190.3805148075  3.1415926536  0.0000000000  0.0000000000  0.0000000000
-189.1238777461  3.1415926536  0.0000000000  0.0000000000  0.0000000000
-187.8672406847  3.1415926536  0.0000000000  0.0000000000  0.0000000000
-186.6106036232  3.1415926536  0.0000000000  0.0000000000  0.0000000000
-185.3539665618  3.1415926536  0.0000000000  0.0000000000  0.0000000000
-184.0973295004  3.1415926536  0.0000000000  0.0000000000  0.0000000000
-182.8406924389  3.1415926536  0.0000000000  0.0000000000  0.0000000000
-181.5840553775  3.1415926536  0.0000000000  0.0000000000  0.0000000000
-180.3274183161  3.1415926536  0.0000000000  0.0000000000  0.0000000000
-179.0707812546  3.1415926536  0.0000000000  0.0000000000  0.0000000000
-177.8141441932  3.1415926536  0.0000000000  0.0000000000  0.0000000000
-176.5575071317  3.1415926536  0.0000000000  0.0000000000  0.0000000000
-175.3008700703  3.1415926536  0.0000000000  0.0000000000  0.0000000000
-174.0442330089  3.1415926536  0.0000000000  0.0000000000  0.0000000000
-172.7875959474  3.1415926536  0.0000000000  0.0000000000  0.0000000000
-171.5309588860  3.1415926536  0.0000000000  0.0000000000  0.0000000000
-170.2743218246  3.1415926536  0.0000000000  0.0000000000  0.0000000000
-169.0176847631  3.1415926536  0.0000000000  0.0000000000  0.0000000000
-167.7610477017  3.1415926536  0.0000000000  0.0000000000  0.0000000000
-166.5044106403  3.1415926536  0.0000000000  0.0000000000  0.0000000000
-165.2477735788  3.1415926536  0.0000000000  0.0000000000  0.0000000000
-163.9911365174  3.1415926536  0.0000000000  0.0000000000  0.0000000000
-162.7344994560  3.1415926536  0.0000000000  0.0000000000  0.0000000000
-161.4778623945  3.1415926536  0.0000000000  0.0000000000  0.0000000000
-160.2212253331  3.1415926536  0.0000000000  0.0000000000  0.0000000000
-158.9645882716  3.1415926536  0.0000000000  0.0000000000  0.0000000000
-157.7079512102  3.1415926536  0.0000000000  0.0000000000  0.0000000000
-156.4513141488  3.1415926536  0.0000000000  0.0000000000  0.0000000000
-155.1946770873  3.1415926536  0.0000000000  0.0000000000  0.0000000000
-153.9380400259  3.1415926536  0.0000000000  0.0000000000  0.0000000000
-152.6814029645  3.1415926536  0.0000000000  0.0000000000  0.0000000000
-151.4247659030  3.1415926536  0.0000000000  0.0000000000  0.0000000000
-150.1681288416  3.1415926536  0.0000000000  0.0000000000  0.0000000000
-148.9114917802  3.1415926536  0.0000000000  0.0000000000  0.0000000000
-147.6548547187  3.1415926536  0.0000000000  0.0000000000  0.0000000000
-146.3982176573  3.1415926536  0.0000000000  0.0000000000  0.0000000000
-145.1415805958  3.1415926536  0.0000000000  0.0000000000  0.0000000000
-143.8849435344  3.1415926536  0.0000000000  0.0000000000  0.0000000000
-142.6283064730  3.1415926536  0.0000000000  0.0000000000  0.0000000000
-141.3716694115  3.1415926536  0.0000000000  0.0000000000  0.0000000000
-140.1150323501  3.1415926536  0.0000000000  0.0000000000  0.0000000000
-138.8583952887  3.1415926536  0.0000000000  0.0000000000  0.0000000000
-137.6017582272  3.1415926536  0.0000000000  0.0000000000  0.0000000000
-136.3451211658  3.1415926536  0.0000000000  0.0000000000  0.0000000000
-135.0884841044  3.1415926536  0.0000000000  0.0000000000  0.0000000000
-133.8318470429  3.1415926536  0.0000000000  0.0000000000  0.0000000000
-132.5752099815  3.1415926536  0.0000000000  0.0000000000  0.0000000000
-131.3185729201  3.1415926536  0.0000000000  0.0000000000  0.0000000000
-130.0619358586  3.1415926536  0.0000000000  0.0000000000  0.0000000000
-128.8052987972  3.1415926536  0.0000000000  0.0000000000  0.0000000000
-127.5486617357  3.1415926536  0.0000000000  0.0000000000  0.0000000000
-126.2920246743  3.1415926536  0.0000000000  0.0000000000  0.0000000000
-125.0353876129  3.1415926536  0.0000000000  0.0000000000  0.0000000000
-123.7787505514  3.1415926536  0.0000000000  0.0000000000  0.0000000000
-122.5221134900  3.1415926536  0.0000000000  0.0000000000  0.0000000000
-121.2654764286  3.1415926536  0.0000000000  0.0000000000  0.0000000000
-120.0088393671  3.1415926536  0.0000000000  0.0000000000  0.0000000000
-118.7522023057  3.1415926536  0.0000000000  0.0000000000  0.0000000000
-117.4955652443  3.1415926536  0.0000000000  0.0000000000  0.0000000000
-116.2389281828  3.1415926536  0.0000000000  0.0000000000  0.0000000000
-114.9822911214  3.1415926536  0.0000000000  0.0000000000  0.0000000000
-113.7256540600  3.1415926536  0.0000000000  0.0000000000  0.0000000000
-112.4690169985  3.1415926536  0.0000000000  0.0000000000  0.0000000000
-111.2123799371  3.1415926536  0.0000000000  0.0000000000  0.0000000000
-109.9557428756  3.1415926536  0.0000000000  0.0000000000  0.0000000000
-108.6991058142  3.1415926536  0.0000000000  0.0000000000  0.0000000000
-107.4424687528  3.1415926536  0.0000000000  0.0000000000  0.0000000000
-106.1858316913  3.1415926536  0.0000000000  0.0000000000  0.0000000000
-104.9291946299  3.1415926536  0.0000000000  0.0000000000  0.0000000000
-103.6725575685  3.1415926536  0.0000000000  0.0000000000  0.0000000000
-102.4159205070  3.1415926536  0.0000000000  0.0000000000  0.0000000000
-101.1592834456  3.1415926536  0.0000000000  0.0000000000  0.0000000000
-99.9026463842  3.1415926536  0.0000000000  0.0000000000  0.0000000000
-98.6460093227  3.1415926536  0.0000000000  0.0000000000  0.0000000000
-97.3893722613  3.1415926536  0.0000000000  0.0000000000  0.0000000000
-96.1327351998  3.1415926536  0.0000000000  0.0000000000  0.0000000000
-94.8760981384  3.1415926536  0.0000000000  0.0000000000  0.0000000000
-93.6194610770  3.1415926536  0.0000000000  0.0000000000  0.0000000000
-92.3628240155  3.1415926536  0.0000000000  0.0000000000  0.0000000000
-91.1061869541  3.1415926536  0.0000000000  0.0000000000  0.0000000000
-89.8495498927  3.1415926536  0.0000000000  0.0000000000  0.0000000000
-88.5929128312  3.1415926536  0.0000000000  0.0000000000  0.0000000000
-87.3362757698  3.1415926536  0.0000000000  0.0000000000  0.0000000000
-86.0796387084  3.1415926536  0.0000000000  0.0000000000  0.0000000000
-84.8230016469  3.1415926536  0.0000000000  0.0000000000  0.0000000000
-83.5663645855  3.1415926536  0.0000000000  0.0000000000  0.0000000000
-82.3097275241  3.1415926536  0.0000000000  0.0000000000  0.0000000000
-81.0530904626  3.1415926536  0.0000000000  0.0000000000  0.0000000000
-79.7964534012  3.1415926536  0.0000000000  0.0000000000  0.0000000000
-78.5398163397  3.1415926536  0.0000000000  0.0000000000  0.0000000000
-77.2831792783  3.1415926536  0.0000000000  0.0000000000  0.0000000000
-76.0265422169  3.1415926536  0.0000000000  0.0000000000  0.0000000000
-74.7699051554  3.1415926536  0.0000000000  0.0000000000  0.0000000000
-73.5132680940  3.1415926536  0.0000000000  0.0000000000  0.0000000000
-72.2566310326  3.1415926536  0.0000000000  0.0000000000  0.0000000000
-70.9999939711  3.1415926536  0.0000000000  0.0000000000  0.0000000000
-69.7433569097  3.1415926536  0.0000000000  0.0000000000  0.0000000000
-68.4867198483  3.1415926536  0.0000000000  0.0000000000  0.0000000000
-67.2300827868  3.1415926536  0.0000000000  0.0000000000  0.0000000000
-65.9734457254  3.1415926536  0.0000000000  0.0000000000  0.0000000000
-64.7168086639  3.1415926536  0.0000000000  0.0000000000  0.0000000000
-63.4601716025  3.1415926536  0.0000000000  0.0000000000  0.0000000000
-62.2035345411  3.1415926536  0.0000000000  0.0000000000  0.0000000000
-60.9468974796  3.1415926536  0.0000000000  0.0000000000  0.0000000000
-59.6902604182  3.1415926536  0.0000000000  0.0000000000  0.0000000000
-58.4336233568  3.1415926536  0.0000000000  0.0000000000  0.0000000000
-57.1769862953  3.1415926536  0.0000000000  0.0000000000  0.0000000000
-55.9203492339  3.1415926536  0.0000000000  0.0000000000  0.0000000000
-54.6637121725  3.1415926536  0.0000000000  0.0000000000  0.0000000000
-53.4070751110  3.1415926536  0.0000000000  0.0000000000  0.0000000000
-52.1504380496  3.1415926536  0.0000000000  0.0000000000  0.0000000000
-50.8938009882  3.1415926536  0.0000000000  0.0000000000  0.0000000000
-49.6371639267  3.1415926536  0.0000000000  0.0000000000  0.0000000000
-48.3805268653  3.1415926536  0.0000000000  0.0000000000  0.0000000000
-47.1238898038  3.1415926536  0.0000000000  0.0000000000  0.0000000000
-45.8672527424  3.1415926536  0.0000000000  0.0000000000  0.0000000000
-44.6106156810  3.1415926536  0.0000000000  0.0000000000  0.0000000000
-43.3539786195  3.1415926536  0.0000000000  0.0000000000  0.0000000000
-42.0973415581  3.1415926536  0.0000000000  0.0000000000  0.0000000000
-40.8407044967  3.1415926536  0.0000000000  0.0000000000  0.0000000000
-39.5840674352  3.1415926536  0.0000000000  0.0000000000  0.0000000000
-38.3274303738  3.1415926536  0.0000000000  0.0000000000  0.0000000000
-37.0707933124  3.1415926536  0.0000000000  0.0000000000  0.0000000000
-35.8141562509  3.1415926536  0.0000000000  0.0000000000  0.0000000000
-34.5575191895  3.1415926536  0.0000000000  0.0000000000  0.0000000000
-33.3008821281  3.1415926536  0.0000000000  0.0000000000  0.0000000000
-32.0442450666  3.1415926536  0.0000000000  0.0000000000  0.0000000000
-30.7876080052  3.1415926536  0.0000000000  0.0000000000  0.0000000000
-29.5309709437  3.1415926536  0.0000000000  0.0000000000  0.0000000000
-28.2743338823  3.1415926536  0.0000000000  0.0000000000  0.0000000000
-27.0176968209  3.1415926536  0.0000000000  0.0000000000  0.0000000000
-25.7610597594  3.1415926536  0.0000000000  0.0000000000  0.0000000000
-24.5044226980  3.1415926536  0.0000000000  0.0000000000  0.0000000000
-23.2477856366  3.1415926536  0.0000000000  0.0000000000  0.0000000000
-21.9911485751  3.1415926536  0.0000000000  0.0000000000  0.0000000000
-20.7345115137  3.1415926536  0.0000000000  0.0000000000  0.0000000000
-19.4778744523  3.1415926536  0.0000000000  0.0000000000  0.0000000000
-18.2212373908  3.1415926536  0.0000000000  0.0000000000  0.0000000000
-16.9646003294  3.1415926536  0.0000000000  0.0000000000  0.0000000000
-15.7079632679  3.1415926536  0.0000000000  0.0000000000  0.0000000000
-14.4513262065  3.1415926536  0.0000000000  0.0000000000  0.0000000000
-13.1946891451  3.1415926536  0.0000000000  0.0000000000  0.0000000000
-11.9380520836  3.1415926536  0.0000000000  0.0000000000  0.0000000000
-10.6814150222  3.1415926536  0.0000000000  0.0000000000  0.0000000000
-9.4247779608  3.1415926536  0.0000000000  0.0000000000  0.0000000000
-8.1681408993  3.1415926536  0.0000000000  0.0000000000  0.0000000000
-6.9115038379  3.1415926536  0.0000000000  0.0000000000  0.0000000000
-5.6548667765  3.1415926536  0.0000000000  0.0000000000  0.0000000000
-4.3982297150  3.1415926536  0.0000000000  0.0000000000  0.0000000000
-3.1415926536  3.1415926536  0.0000000000  0.0000000000  0.0000000000
-1.8849555922  3.1415926536  0.0000000000  0.0000000000  0.0001167209
-0.6283185307  3.1415926536  0.0000000000  -0.0031518834  0.0000000000
0.6283185307  3.1415926536  0.0000000000  0.0000000000  -6.6516902422
1.8849555922  3.1415926536  0.0000000000  0.0000000000  -1.6224073882
3.1415926536  3.1415926536  0.0000000000  -0.0000000000  -1.3029740855
4.3982297150  3.1415926536  0.0000000000  -0.0000000000  -1.1111652390
5.6548667765  3.1415926536  0.0000000000  -0.0000000000  -0.9512755047
6.9115038379  3.1415926536  0.0000000000  -0.0000184617  -0.8420665624
8.1681408993  3.1415926536  0.0000000000  -0.0000000000  -0.7494285041
9.4247779608  3.1415926536  0.0000000000  0.0000009732  -0.6691710937
10.6814150222  3.1415926536  0.0000000000  -0.0000000000  -0.6012648268
11.9380520836  3.1415926536  0.0000000000  0.0000010656  -0.5445050638
13.1946891451  3.1415926536  0.0000000000  0.0000015716  -0.4970275118
14.4513262065  3.1415926536  0.0000000000  -0.0000000000  -0.4570054646
15.7079632679  3.1415926536  0.0000000000  -0.0000033420  -0.4229139025
16.9646003294  3.1415926536  0.0000000000  -0.0000074309  -0.3935573999
18.2212373908  3.1415926536  0.0000000000  -0.0000113171  -0.3680187715
19.4778744523  3.1415926536  0.0000000000  -0.0000143967  -0.3455956172
20.7345115137  3.1415926536  0.0000000000  -0.0000164024  -0.3257460133
21.9911485751  3.1415926536  0.0000000000  -0.0000173052  -0.3080470182
23.2477856366  3.1415926536  0.0000000000  -0.0000172129  -0.2921642870
24.5044226980  3.1415926536  0.0000000000  -0.0000162955  -0.2778301103
25.7610597594  3.1415926536  0.0000000000  -0.0000147381  -0.2648275238
27.0176968209  3.1415926536  0.0000000000  -0.0000127150  -0.2529787187
28.2743338823  3.1415926536  0.0000000000  -0.0000103773  -0.2421364902
29.5309709437  3.1415926536  0.0000000000  -0.0000078496  -0.2321778473
30.7876080052  3.1415926536  0.0000000000  -0.0000052303  -0.2229991740
32.0442450666  3.1415926536  0.0000000000  -0.0000025951  -0.2145125195
33.3008821281  3.1415926536  0.0000000000  -0.0000000000  -0.2066427184
34.5575191895  3.1415926536  0.0000000000  0.0000025148  -0.1993251312
35.8141562509  3.1415926536  0.0000000000  0.0000049216  -0.1925038525
37.0707933124  3.1415926536  0.0000000000  0.0000072026  -0.1861302764
38.3274303738  3.1415926536  0.0000000000  0.0000093474  -0.1801619383
39.5840674352  3.1415926536  0.0000000000  0.0000113510  -0.1745615716
40.8407044967  3.1415926536  0.0000000000  0.0000132127  -0.1692963348
42.0973415581  3.1415926536  0.0000000000  0.0000149346  -0.1643371725
43.3539786195  3.1415926536  0.0000000000  0.0000165211  -0.1596582851
44.6106156810  3.1415926536  0.0000000000  0.0000179777  -0.1552366849
45.8672527424  3.1415926536  0.0000000000  0.0000193108  -0.1510518237
47.1238898038  3.1415926536  0.0000000000  0.0000205275  -0.1470852775
48.3805268653  3.1415926536  0.0000000000  0.0000216348  -0.1433204796
49.6371639267  3.1415926536  0.0000000000  0.0000226401  -0.1397424925
50.8938009882  3.1415926536  0.0000000000  0.0000235503  -0.1363378128
52.1504380496  3.1415926536  0.0000000000  0.0000243722  -0.1330942035
53.4070751110  3.1415926536  0.0000000000  0.0000251123  -0.1300005493
54.6637121725  3.1415926536  0.0000000000  0.0000257769  -0.1270467309
55.9203492339  3.1415926536  0.0000000000  0.0000263717  -0.1242235167
57.1769862953  3.1415926536  0.0000000000  0.0000269023  -0.1215224674
58.4336233568  3.1415926536  0.0000000000  0.0000273736  -0.1189358530
59.6902604182  3.1415926536  0.0000000000  0.0000277905  -0.1164565800
60.9468974796  3.1415926536  0.0000000000  0.0000281574  -0.1140781277
62.2035345411  3.1415926536  0.0000000000  0.0000284782  -0.1117944912
63.4601716025  3.1415926536  0.0000000000  0.0000287569  -0.1096001318
64.7168086639  3.1415926536  0.0000000000  0.0000289968  -0.1074899325
65.9734457254  3.1415926536  0.0000000000  0.0000292011  -0.1054591591
67.2300827868  3.1415926536  0.0000000000  0.0000293729  -0.1035034248
68.4867198483  3.1415926536  0.0000000000  0.0000295148  -0.1016186590
69.7433569097  3.1415926536  0.0000000000  0.0000296294  -0.0998010796
70.9999939711  3.1415926536  0.0000000000  0.0000297189  -0.0980471679
72.2566310326  3.1415926536  0.0000000000  0.0000297854  -0.0963536458
73.5132680940  3.1415926536  0.0000000000  0.0000298309  -0.0947174560
74.7699051554  3.1415926536  0.0000000000  0.0000298572  -0.0931357437
76.0265422169  3.1415926536  0.0000000000  0.0000298659  -0.0916058399
77.2831792783  3.1415926536  0.0000000000  0.0000298586  -0.0901252470
78.5398163397  3.1415926536  0.0000000000  0.0000298365  -0.0886916246
79.7964534012  3.1415926536  0.0000000000  0.0000298011  -0.0873027782
81.0530904626  3.1415926536  0.0000000000  0.0000297534  -0.0859566472
82.3097275241  3.1415926536  0.0000000000  0.0000296946  -0.0846512957
83.5663645855  3.1415926536  0.0000000000  0.0000296257  -0.0833849023
84.8230016469  3.1415926536  0.0000000000  0.0000295474  -0.0821557527
86.0796387084  3.1415926536  0.0000000000  0.0000294608  -0.0809622312
87.3362757698  3.1415926536  0.0000000000  0.0000293666  -0.0798028141
88.5929128312  3.1415926536  0.0000000000  0.0000292654  -0.0786760634
89.8495498927  3.1415926536  0.0000000000  0.0000291580  -0.0775806203
91.1061869541  3.1415926536  0.0000000000  0.0000290449  -0.0765152006
92.3628240155  3.1415926536  0.0000000000  0.0000289268  -0.0754785890
93.6194610770  3.1415926536  0.0000000000  0.0000288040  -0.0744696348
94.8760981384  3.1415926536  0.0000000000  0.0000286771  -0.0734872477
96.1327351998  3.1415926536  0.0000000000  0.0000285465  -0.0725303940
97.3893722613  3.1415926536  0.0000000000  0.0000284126  -0.0715980928
98.6460093227  3.1415926536  0.0000000000  0.0000282759  -0.0706894125
99.9026463842  3.1415926536  0.0000000000  0.0000281365  -0.0698034682
101.1592834456  3.1415926536  0.0000000000  0.0000279949  -0.0689394186
102.4159205070  3.1415926536  0.0000000000  0.0000278513  -0.0680964632
103.6725575685  3.1415926536  0.0000000000  0.0000277059  -0.0672738400
104.9291946299  3.1415926536  0.0000000000  0.0000275591  -0.0664708234
106.1858316913  3.1415926536  0.0000000000  0.0000274111  -0.0656867217
107.4424687528  3.1415926536  0.0000000000  0.0000272620  -0.0649208753
108.6991058142  3.1415926536  0.0000000000  0.0000271121  -0.0641726550
109.9557428756  3.1415926536  0.0000000000  0.0000269615  -0.0634414600
111.2123799371  3.1415926536  0.0000000000  0.0000268104  -0.0627267166
112.4690169985  3.1415926536  0.0000000000  0.0000266589  -0.0620278764
113.7256540600  3.1415926536  0.0000000000  0.0000265072  -0.0613444153
114.9822911214  3.1415926536  0.0000000000  0.0000263554  -0.0606758317
116.2389281828  3.1415926536  0.0000000000  0.0000262036  -0.0600216457
117.4955652443  3.1415926536  0.0000000000  0.0000260519  -0.0593813978
118.7522023057  3.1415926536  0.0000000000  0.0000259005  -0.0587546477
120.0088393671  3.1415926536  0.0000000000  0.0000257493  -0.0581409737
121.2654764286  3.1415926536  0.0000000000  0.0000255986  -0.0575399711
122.5221134900  3.1415926536  0.0000000000  0.0000254483  -0.0569512519
123.7787505514  3.1415926536  0.0000000000  0.0000252985  -0.0563744439
125.0353876129  3.1415926536  0.0000000000  0.0000251494  -0.0558091895
126.2920246743  3.1415926536  0.0000000000  0.0000250009  -0.0552551455
127.5486617357  3.1415926536  0.0000000000  0.0000248530  -0.0547119819
128.8052987972  3.1415926536  0.0000000000  0.0000247060  -0.0541793817
130.0619358586  3.1415926536  0.0000000000  0.0000245597  -0.0536570401
131.3185729201  3.1415926536  0.0000000000  0.0000244143  -0.0531446638
132.5752099815  3.1415926536  0.0000000000  0.0000242697  -0.0526419705
133.8318470429  3.1415926536  0.0000000000  0.0000241260  -0.0521486887
135.0884841044  3.1415926536  0.0000000000  0.0000239833  -0.0516645567
136.3451211658  3.1415926536  0.0000000000  0.0000238414  -0.0511893225
137.6017582272  3.1415926536  0.0000000000  0.0000237006  -0.0507227432
138.8583952887  3.1415926536  0.0000000000  0.0000235608  -0.0502645849
140.1150323501  3.1415926536  0.0000000000  0.0000234219  -0.0498146218
141.3716694115  3.1415926536  0.0000000000  0.0000232841  -0.0493726360
142.6283064730  3.1415926536  0.0000000000  0.0000231473  -0.0489384176
143.8849435344  3.1415926536  0.0000000000  0.0000230116  -0.0485117637
145.1415805958  3.1415926536  0.0000000000  0.0000228770  -0.0480924786
146.3982176573  3.1415926536  0.0000000000  0.0000227434  -0.0476803730
147.6548547187  3.1415926536  0.0000000000  0.0000226108  -0.0472752644
148.9114917802  3.1415926536  0.0000000000  0.0000224794  -0.0468769761
150.1681288416  3.1415926536  0.0000000000  0.0000223490  -0.0464853375
151.4247659030  3.1415926536  0.0000000000  0.0000222197  -0.0461001837
152.6814029645  3.1415926536  0.0000000000  0.0000220915  -0.0457213548
153.9380400259  3.1415926536  0.0000000000  0.0000219644  -0.0453486966
155.1946770873  3.1415926536  0.0000000000  0.0000218384  -0.0449820596
156.4513141488  3.1415926536  0.0000000000  0.0000217135  -0.0446212992
157.7079512102  3.1415926536  0.0000000000  0.0000215896  -0.0442662752
158.9645882716  3.1415926536  0.0000000000  0.0000214668  -0.0439168520
160.2212253331  3.1415926536  0.0000000000  0.0000213451  -0.0435728983
161.4778623945  3.1415926536  0.0000000000  0.0000212245  -0.0432342867
162.7344994560  3.1415926536  0.0000000000  0.0000211050  -0.0429008937
163.9911365174  3.1415926536  0.0000000000  0.0000209865  -0.0425725998
165.2477735788  3.1415926536  0.0000000000  0.0000208690  -0.0422492888
166.5044106403  3.1415926536  0.0000000000  0.0000207527  -0.0419308484
167.7610477017  3.1415926536  0.0000000000  0.0000206373  -0.0416171693
169.0176847631  3.1415926536  0.0000000000  0.0000205230  -0.0413081456
170.2743218246  3.1415926536  0.0000000000  0.0000204098  -0.0410036745
171.5309588860  3.1415926536  0.0000000000  0.0000202976  -0.0407036561
172.7875959474  3.1415926536  0.0000000000  0.0000201863  -0.0404079936
174.0442330089  3.1415926536  0.0000000000  0.0000200761  -0.0401165929
175.3008700703  3.1415926536  0.0000000000  0.0000199669  -0.0398293625
176.5575071317  3.1415926536  0.0000000000  0.0000198587  -0.0395462135
177.8141441932  3.1415926536  0.0000000000  0.0000197515  -0.0392670597
179.0707812546  3.1415926536  0.0000000000  0.0000196453  -0.0389918171
180.3274183161  3.1415926536  0.0000000000  0.0000195400  -0.0387204041
181.5840553775  3.1415926536  0.0000000000  0.0000194357  -0.0384527415
182.8406924389  3.1415926536  0.0000000000  0.0000193323  -0.0381887520
184.0973295004  3.1415926536  0.0000000000  0.0000192299  -0.0379283606
185.3539665618  3.1415926536  0.0000000000  0.0000191285  -0.0376714943
186.6106036232  3.1415926536  0.0000000000  0.0000190279  -0.0374180820
187.8672406847  3.1415926536  0.0000000000  0.0000189283  -0.0371680545
189.1238777461  3.1415926536  0.0000000000  0.0000188295  -0.0369213445
190.3805148075  3.1415926536  0.0000000000  0.0000187317  -0.0366778865
191.6371518690  3.1415926536  0.0000000000  0.0000186348  -0.0364376166
192.8937889304  3.1415926536  0.0000000000  0.0000185387  -0.0362004726
194.1504259918  3.1415926536  0.0000000000  0.0000184435  -0.0359663940
195.4070630533  3.1415926536  0.0000000000  0.0000183492  -0.0357353216
196.6637001147  3.1415926536  0.0000000000  0.0000182557  -0.0355071981
197.9203371762  3.1415926536  0.0000000000  0.0000181631  -0.0352819673
199.1769742376  3.1415926536  0.0000000000  0.0000180713  -0.0350595746
200.4336112990  3.1415926536  0.0000000000  0.0000179803  -0.0348399666
201.6902483605  3.1415926536  0.0000000000  0.0000178902  -0.0346230915
202.9468854219  3.1415926536  0.0000000000  0.0000178008  -0.0344088986
204.2035224833  3.1415926536  0.0000000000  0.0000177123  -0.0341973384
205.4601595448  3.1415926536  0.0000000000  0.0000176246  -0.0339883627
206.7167966062  3.1415926536  0.0000000000  0.0000175376  -0.0337819245
207.9734336676  3.1415926536  0.0000000000  0.0000174514  -0.0335779778
209.2300707291  3.1415926536  0.0000000000  0.0000173660  -0.0333764779
210.4867077905  3.1415926536  0.0000000000  0.0000172813  -0.0331773809
211.7433448520  3.1415926536  0.0000000000  0.0000171974  -0.0329806442
212.9999819134  3.1415926536  0.0000000000  0.0000171142  -0.0327862260
214.2566189748  3.1415926536  0.0000000000  0.0000170318  -0.0325940856
215.5132560363  3.1415926536  0.0000000000  0.0000169501  -0.0324041834
216.7698930977  3.1415926536  0.0000000000  0.0000168691  -0.0322164802
218.0265301591  3.1415926536  0.0000000000  0.0000167888  -0.0320309383
219.2831672206  3.1415926536  0.0000000000  0.0000167092  -0.0318475205
220.5398042820  3.1415926536  0.0000000000  0.0000166303  -0.0316661906
221.7964413434  3.1415926536  0.0000000000  0.0000165520  -0.0314869131
223.0530784049  3.1415926536  0.0000000000  0.0000164745  -0.0313096534
224.3097154663  3.1415926536  0.0000000000  0.0000163976  -0.0311343776
225.5663525277  3.1415926536  0.0000000000  0.0000163214  -0.0309610526
226.8229895892  3.1415926536  0.0000000000  0.0000162459  -0.0307896461
228.0796266506  3.1415926536  0.0000000000  0.0000161710  -0.0306201263
229.3362637121  3.1415926536  0.0000000000  0.0000160967  -0.0304524624
230.5929007735  3.1415926536  0.0000000000  0.0000160231  -0.0302866239
231.8495378349  3.1415926536  0.0000000000  0.0000159501  -0.0301225813
233.1061748964  3.1415926536  0.0000000000  0.0000158777  -0.0299603056
234.3628119578  3.1415926536  0.0000000000  0.0000158059  -0.0297997683
235.6194490192  3.1415926536  0.0000000000  0.0000157347  -0.0296409417
236.8760860807  3.1415926536  0.0000000000  0.0000156641  -0.0294837986
238.1327231421  3.1415926536  0.0000000000  0.0000155941  -0.0293283124
239.3893602035  3.1415926536  0.0000000000  0.0000155247  -0.0291744571
240.6459972650  3.1415926536  0.0000000000  0.0000154559  -0.0290222070
241.9026343264  3.1415926536  0.0000000000  0.0000153877  -0.0288715373
243.1592713878  3.1415926536  0.0000000000  0.0000153200  -0.0287224235
244.4159084493  3.1415926536  0.0000000000  0.0000152528  -0.0285748415
245.6725455107  3.1415926536  0.0000000000  0.0000151863  -0.0284287679
246.9291825722  3.1415926536  0.0000000000  0.0000151202  -0.0282841798
248.1858196336  3.1415926536  0.0000000000  0.0000150547  -0.0281410545
249.4424566950  3.1415926536  0.0000000000  0.0000149898  -0.0279993700
250.6990937565  3.1415926536  0.0000000000  0.0000149254  -0.0278591046
251.9557308179  3.1415926536  0.0000000000  0.0000148614  -0.0277202372
253.2123678793  3.1415926536  0.0000000000  0.0000147981  -0.0275827469
254.4690049408  3.1415926536  0.0000000000  0.0000147352  -0.0274466134
255.7256420022  3.1415926536  0.0000000000  0.0000146728  -0.0273118167
256.9822790636  3.1415926536  0.0000000000  0.0000146109  -0.0271783372
258.2389161251  3.1415926536  0.0000000000  0.0000145495  -0.0270461557
259.4955531865  3.1415926536  0.0000000000  0.0000144886  -0.0269152533
260.7521902480  3.1415926536  0.0000000000  0.0000144282  -0.0267856117
262.0088273094  3.1415926536  0.0000000000  0.0000143683  -0.0266572126
263.2654643708  3.1415926536  0.0000000000  0.0000143088  -0.0265300382
264.5221014323  3.1415926536  0.0000000000  0.0000142498  -0.0264040713
265.7787384937  3.1415926536  0.0000000000  0.0000141913  -0.0262792946
267.0353755551  3.1415926536  0.0000000000  0.0000141332  -0.0261556913
268.2920126166  3.1415926536  0.0000000000  0.0000140756  -0.0260332450
269.5486496780  3.1415926536  0.0000000000  0.0000140184  -0.0259119396
270.8052867394  3.1415926536  0.0000000000  0.0000139617  -0.0257917591
272.0619238009  3.1415926536  0.0000000000  0.0000139054  -0.0256726880
273.3185608623  3.1415926536  0.0000000000  0.0000138495  -0.0255547109
274.5751979237  3.1415926536  0.0000000000  0.0000137941  -0.0254378130
275.8318349852  3.1415926536  0.0000000000  0.0000137391  -0.0253219794
277.0884720466  3.1415926536  0.0000000000  0.0000136845  -0.0252071958
278.3451091081  3.1415926536  0.0000000000  0.0000136303  -0.0250934478
279.6017461695  3.1415926536  0.0000000000  0.0000135765  -0.0249807215
280.8583832309  3.1415926536  0.0000000000  0.0000135232  -0.0248690032
282.1150202924  3.1415926536  0.0000000000  0.0000134702  -0.0247582796
283.3716573538  3.1415926536  0.0000000000  0.0000134176  -0.0246485372
284.6282944152  3.1415926536  0.0000000000  0.0000133655  -0.0245397633
285.8849314767  3.1415926536  0.0000000000  0.0000133137  -0.0244319449
287.1415685381  3.1415926536  0.0000000000  0.0000132623  -0.0243250697
288.3982055995  3.1415926536  0.0000000000  0.0000132113  -0.0242191251
289.6548426610  3.1415926536  0.0000000000  0.0000131606  -0.0241140993
290.9114797224  3.1415926536  0.0000000000  0.0000131104  -0.0240099802
292.1681167839  3.1415926536  0.0000000000  0.0000130605  -0.0239067561
293.4247538453  3.1415926536  0.0000000000  0.0000130109  -0.0238044157
294.6813909067  3.1415926536  0.0000000000  0.0000129618  -0.0237029475
295.9380279682  3.1415926536  0.0000000000  0.0000129129  -0.0236023405
297.1946650296  3.1415926536  0.0000000000  0.0000128645  -0.0235025838
298.4513020910  3.1415926536  0.0000000000  0.0000128164  -0.0234036666
299.7079391525  3.1415926536  0.0000000000  0.0000127686  -0.0233055783
300.9645762139  3.1415926536  0.0000000000  0.0000127212  -0.0232083087
302.2212132753  3.1415926536  0.0000000000  0.0000126741  -0.0231118475
303.4778503368  3.1415926536  0.0000000000  0.0000126273  -0.0230161847
304.7344873982  3.1415926536  0.0000000000  0.0000125809  -0.0229213104
305.9911244596  3.1415926536  0.0000000000  0.0000125348  -0.0228272148
307.2477615211  3.1415926536  0.0000000000  0.0000124891  -0.0227338885
308.5043985825  3.1415926536  0.0000000000  0.0000124436  -0.0226413221
309.7610356440  3.1415926536  0.0000000000  0.0000123985  -0.0225495063
311.0176727054  3.1415926536  0.0000000000  0.0000123537  -0.0224584320
312.2743097668  3.1415926536  0.0000000000  0.0000123092  -0.0223680903
313.5309468283  3.1415926536  0.0000000000  0.0000122651  -0.0222784723
314.7875838897  3.1415926536  0.0000000000  0.0000122212  -0.0221895695
316.0442209511  3.1415926536  0.0000000000  0.0000121776  -0.0221013732
317.3008580126  3.1415926536  0.0000000000  0.0000121343  -0.0220138752
318.5574950740  3.1415926536  0.0000000000  0.0000120914  -0.0219270671
319.8141321354  3.1415926536  0.0000000000  0.0000120487  -0.0218409408
321.0707691969  3.1415926536  0.0000000000  0.0000120063  -0.0217554883
322.3274062583  3.1415926536  0.0000000000  0.0000119642  -0.0216707018
323.5840433197  3.1415926536  0.0000000000  0.0000119224  -0.0215865734
324.8406803812  3.1415926536  0.0000000000  0.0000118809  -0.0215030957
326.0973174426  3.1415926536  0.0000000000  0.0000118396  -0.0214202609
327.3539545041  3.1415926536  0.0000000000  0.0000117987  -0.0213380618
328.6105915655  3.1415926536  0.0000000000  0.0000117580  -0.0212564910
329.8672286269  3.1415926536  0.0000000000  0.0000117175  -0.0211755415
331.1238656884  3.1415926536  0.0000000000  0.0000116774  -0.0210952060
332.3805027498  3.1415926536  0.0000000000  0.0000116375  -0.0210154777
333.6371398112  3.1415926536  0.0000000000  0.0000115979  -0.0209363496
334.8937768727  3.1415926536  0.0000000000  0.0000115585  -0.0208578151
336.1504139341  3.1415926536  0.0000000000  0.0000115194  -0.0207798675
337.4070509955  3.1415926536  0.0000000000  0.0000114806  -0.0207025002
338.6636880570  3.1415926536  0.0000000000  0.0000114420  -0.0206257068
339.9203251184  3.1415926536  0.0000000000  0.0000114037  -0.0205494809
341.1769621799  3.1415926536  0.0000000000  0.0000113656  -0.0204738163
342.4335992413  3.1415926536  0.0000000000  0.0000113277  -0.0203987067
343.6902363027  3.1415926536  0.0000000000  0.0000112901  -0.0203241462
344.9468733642  3.1415926536  0.0000000000  0.0000112528  -0.0202501286
346.2035104256  3.1415926536  0.0000000000  0.0000112157  -0.0201766481
347.4601474870  3.1415926536  0.0000000000  0.0000111788  -0.0201036988
348.7167845485  3.1415926536  0.0000000000  0.0000111422  -0.0200312751
349.9734216099  3.1415926536  0.0000000000  0.0000111058  -0.0199593713
351.2300586713  3.1415926536  0.0000000000  0.0000110696  -0.0198879817
352.4866957328  3.1415926536  0.0000000000  0.0000110337  -0.0198171009
353.7433327942  3.1415926536  0.0000000000  0.0000109980  -0.0197467235
354.9999698556  3.1415926536  0.0000000000  0.0000109625  -0.0196768442
356.2566069171  3.1415926536  0.0000000000  0.0000109272  -0.0196074576
357.5132439785  3.1415926536  0.0000000000  0.0000108922  -0.0195385585
358.7698810400  3.1415926536  0.0000000000  0.0000108573  -0.0194701419
360.0265181014  3.1415926536  0.0000000000  0.0000108227  -0.0194022027
361.2831551628  3.1415926536  0.0000000000  0.0000107883  -0.0193347359
362.5397922243  3.1415926536  0.0000000000  0.0000107542  -0.0192677367
363.7964292857  3.1415926536  0.0000000000  0.0000107202  -0.0192012000
365.0530663471  3.1415926536  0.0000000000  0.0000106864  -0.0191351213
366.3097034086  3.1415926536  0.0000000000  0.0000106529  -0.0190694958
367.5663404700  3.1415926536  0.0000000000  0.0000106196  -0.0190043188
368.8229775314  3.1415926536  0.0000000000  0.0000105864  -0.0189395858
370.0796145929  3.1415926536  0.0000000000  0.0000105535  -0.0188752922
371.3362516543  3.1415926536  0.0000000000  0.0000105207  -0.0188114336
372.5928887157  3.1415926536  0.0000000000  0.0000104882  -0.0187480055
373.8495257772  3.1415926536  0.0000000000  0.0000104559  -0.0186850037
375.1061628386  3.1415926536  0.0000000000  0.0000104237  -0.0186224239
376.3627999001  3.1415926536  0.0000000000  0.0000103918  -0.0185602617
377.6194369615  3.1415926536  0.0000000000  0.0000103600  -0.0184985132
378.8760740229  3.1415926536  0.0000000000  0.0000103284  -0.0184371741
380.1327110844  3.1415926536  0.0000000000  0.0000102970  -0.0183762404
381.3893481458  3.1415926536  0.0000000000  0.0000102658  -0.0183157081
382.6459852072  3.1415926536  0.0000000000  0.0000102348  -0.0182555732
383.9026222687  3.1415926536  0.0000000000  0.0000102040  -0.0181958318
385.1592593301  3.1415926536  0.0000000000  0.0000101734  -0.0181364801
386.4158963915  3.1415926536  0.0000000000  0.0000101429  -0.0180775143
387.6725334530  3.1415926536  0.0000000000  0.0000101126  -0.0180189307
388.9291705144  3.1415926536  0.0000000000  0.0000100825  -0.0179607255
390.1858075759  3.1415926536  0.0000000000  0.0000100526  -0.0179028950
391.4424446373  3.1415926536  0.0000000000  0.0000100228  -0.0178454357
392.6990816987  3.1415926536  0.0000000000  0.0000099932  -0.0177883441
393.9557187602  3.1415926536  0.0000000000  0.0000099638  -0.0177316165
395.2123558216  3.1415926536  0.0000000000  0.0000099345  -0.0176752495
396.4689928830  3.1415926536  0.0000000000  0.0000099055  -0.0176192397
397.7256299445  3.1415926536  0.0000000000  0.0000098765  -0.0175635838
398.9822670059  3.1415926536  0.0000000000  0.0000098478  -0.0175082783
400.2389040673  3.1415926536  0.0000000000  0.0000098192  -0.0174533200
401.4955411288  3.1415926536  0.0000000000  0.0000097908  -0.0173987055
402.7521781902  3.1415926536  0.0000000000  0.0000097625  -0.0173444318
404.0088152516  3.1415926536  0.0000000000  0.0000097344  -0.0172904956
405.2654523131  3.1415926536  0.0000000000  0.0000097065  -0.0172368938
406.5220893745  3.1415926536  0.0000000000  0.0000096787  -0.0171836232
407.7787264360  3.1415926536  0.0000000000  0.0000096511  -0.0171306809
409.0353634974  3.1415926536  0.0000000000  0.0000096236  -0.0170780637
410.2920005588  3.1415926536  0.0000000000  0.0000095963  -0.0170257687
411.5486376203  3.1415926536  0.0000000000  0.0000095691  -0.0169737930
412.8052746817  3.1415926536  0.0000000000  0.0000095421  -0.0169221337
414.0619117431  3.1415926536  0.0000000000  0.0000095153  -0.0168707878
415.3185488046  3.1415926536  0.0000000000  0.0000094885  -0.0168197525
416.5751858660  3.1415926536  0.0000000000  0.0000094620  -0.0167690250
417.8318229274  3.1415926536  0.0000000000  0.0000094355  -0.0167186026
419.0884599889  3.1415926536  0.0000000000  0.0000094093  -0.0166684824
420.3450970503  3.1415926536  0.0000000000  0.0000093831  -0.0166186618
421.6017341118  3.1415926536  0.0000000000  0.0000093571  -0.0165691382
422.8583711732  3.1415926536  0.0000000000  0.0000093313  -0.0165199087
424.1150082346  3.1415926536  0.0000000000  0.0000093056  -0.0164709709
425.3716452961  3.1415926536  0.0000000000  0.0000092800  -0.0164223222
426.6282823575  3.1415926536  0.0000000000  0.0000092546  -0.0163739600
427.8849194189  3.1415926536  0.0000000000  0.0000092293  -0.0163258817
429.1415564804  3.1415926536  0.0000000000  0.0000092041  -0.0162780850
430.3981935418  3.1415926536  0.0000000000  0.0000091791  -0.0162305672
431.6548306032  3.1415926536  0.0000000000  0.0000091542  -0.0161833261
432.9114676647  3.1415926536  0.0000000000  0.0000091295  -0.0161363591
434.1681047261  3.1415926536  0.0000000000  0.0000091048  -0.0160896639
435.4247417875  3.1415926536  0.0000000000  0.0000090803  -0.0160432382
436.6813788490  3.1415926536  0.0000000000  0.0000090560  -0.0159970796
437.9380159104  3.1415926536  0.0000000000  0.0000090317  -0.0159511858
439.1946529719  3.1415926536  0.0000000000  0.0000090076  -0.0159055546
440.4512900333  3.1415926536  0.0000000000  0.0000089836  -0.0158601836
441.7079270947  3.1415926536  0.0000000000  0.0000089598  -0.0158150708
442.9645641562  3.1415926536  0.0000000000  0.0000089361  -0.0157702138
444.2212012176  3.1415926536  0.0000000000  0.0000089124  -0.0157256106
445.4778382790  3.1415926536  0.0000000000  0.0000088890  -0.0156812589
446.7344753405  3.1415926536  0.0000000000  0.0000088656  -0.0156371567
447.9911124019  3.1415926536  0.0000000000  0.0000088424  -0.0155933018
449.2477494633  3.1415926536  0.0000000000  0.0000088192  -0.0155496922
450.5043865248  3.1415926536  0.0000000000  0.0000087962  -0.0155063258
451.7610235862  3.1415926536  0.0000000000  0.0000087733  -0.0154632006
453.0176606476  3.1415926536  0.0000000000  0.0000087506  -0.0154203146
454.2742977091  3.1415926536  0.0000000000  0.0000087279  -0.0153776658
455.5309347705  3.1415926536  0.0000000000  0.0000087054  -0.0153352522
456.7875718320  3.1415926536  0.0000000000  0.0000086830  -0.0152930720
458.0442088934  3.1415926536  0.0000000000  0.0000086607  -0.0152511231
459.3008459548  3.1415926536  0.0000000000  0.0000086385  -0.0152094037
460.5574830163  3.1415926536  0.0000000000  0.0000086164  -0.0151679119
461.8141200777  3.1415926536  0.0000000000  0.0000085944  -0.0151266459
463.0707571391  3.1415926536  0.0000000000  0.0000085725  -0.0150856037
464.3273942006  3.1415926536  0.0000000000  0.0000085508  -0.0150447837
465.5840312620  3.1415926536  0.0000000000  0.0000085292  -0.0150041839
466.8406683234  3.1415926536  0.0000000000  0.0000085076  -0.0149638027
468.0973053849  3.1415926536  0.0000000000  0.0000084862  -0.0149236382
469.3539424463  3.1415926536  0.0000000000  0.0000084649  -0.0148836888
470.6105795078  3.1415926536  0.0000000000  0.0000084437  -0.0148439526
471.8672165692  3.1415926536  0.0000000000  0.0000084225  -0.0148044280
473.1238536306  3.1415926536  0.0000000000  0.0000084015  -0.0147651134
474.3804906921  3.1415926536  0.0000000000  0.0000083806  -0.0147260070
475.6371277535  3.1415926536  0.0000000000  0.0000083598  -0.0146871071
476.8937648149  3.1415926536  0.0000000000  0.0000083391  -0.0146484122
478.1504018764  3.1415926536  0.0000000000  0.0000083185  -0.0146099207
479.4070389378  3.1415926536  0.0000000000  0.0000082980  -0.0145716309
480.6636759992  3.1415926536  0.0000000000  0.0000082776  -0.0145335412
481.9203130607  3.1415926536  0.0000000000  0.0000082574  -0.0144956502
483.1769501221  3.1415926536  0.0000000000  0.0000082372  -0.0144579562
484.4335871835  3.1415926536  0.0000000000  0.0000082170  -0.0144204577
485.6902242450  3.1415926536  0.0000000000  0.0000081970  -0.0143831532
486.9468613064  3.1415926536  0.0000000000  0.0000081771  -0.0143460412
488.2034983679  3.1415926536  0.0000000000  0.0000081573  -0.0143091202
489.4601354293  3.1415926536  0.0000000000  0.0000081376  -0.0142723888
490.7167724907  3.1415926536  0.0000000000  0.0000081180  -0.0142358454
491.9734095522  3.1415926536  0.0000000000  0.0000080984  -0.0141994887
493.2300466136  3.1415926536  0.0000000000  0.0000080790  -0.0141633171
494.4866836750  3.1415926536  0.0000000000  0.0000080597  -0.0141273294
495.7433207365  3.1415926536  0.0000000000  0.0000080404  -0.0140915241
496.9999577979  3.1415926536  0.0000000000  0.0000080212  -0.0140558998
498.2565948593  3.1415926536  0.0000000000  0.0000080022  -0.0140204552
499.5132319208  3.1415926536  0.0000000000  0.0000079832  -0.0139851889
500.7698689822  3.1415926536  0.0000000000  0.0000079643  -0.0139500995
502.0265060436  3.1415926536  0.0000000000  0.0000079455  -0.0139151858
503.2831431051  3.1415926536  0.0000000000  0.0000079268  -0.0138804463
504.5397801665  3.1415926536  0.0000000000  0.0000079081  -0.0138458799
505.7964172280  3.1415926536  0.0000000000  0.0000078896  -0.0138114852
507.0530542894  3.1415926536  0.0000000000  0.0000078711  -0.0137772609
508.3096913508  3.1415926536  0.0000000000  0.0000078527  -0.0137432059
509.5663284123  3.1415926536  0.0000000000  0.0000078345  -0.0137093187
510.8229654737  3.1415926536  0.0000000000  0.0000078163  -0.0136755983
512.0796025351  3.1415926536  0.0000000000  0.0000077981  -0.0136420433
513.3362395966  3.1415926536  0.0000000000  0.0000077801  -0.0136086525
514.5928766580  3.1415926536  0.0000000000  0.0000077621  -0.0135754248
515.8495137194  3.1415926536  0.0000000000  0.0000077443  -0.0135423590
517.1061507809  3.1415926536  0.0000000000  0.0000077265  -0.0135094538
518.3627878423  3.1415926536  0.0000000000  0.0000077088  -0.0134767082
519.6194249038  3.1415926536  0.0000000000  0.0000076911  -0.0134441208
520.8760619652  3.1415926536  0.0000000000  0.0000076736  -0.0134116907
522.1326990266  3.1415926536  0.0000000000  0.0000076561  -0.0133794167
523.3893360881  3.1415926536  0.0000000000  0.0000076387  -0.0133472976
524.6459731495  3.1415926536  0.0000000000  0.0000076214  -0.0133153324
525.9026102109  3.1415926536  0.0000000000  0.0000076042  -0.0132835198
527.1592472724  3.1415926536  0.0000000000  0.0000075870  -0.0132518589
528.4158843338  3.1415926536  0.0000000000  0.0000075699  -0.0132203486
529.6725213952  3.1415926536  0.0000000000  0.0000075529  -0.0131889878
530.9291584567  3.1415926536  0.0000000000  0.0000075360  -0.0131577754
532.1857955181  3.1415926536  0.0000000000  0.0000075191  -0.0131267103
533.4424325795  3.1415926536  0.0000000000  0.0000075023  -0.0130957916
534.6990696410  3.1415926536  0.0000000000  0.0000074856  -0.0130650182
535.9557067024  3.1415926536  0.0000000000  0.0000074690  -0.0130343890
537.2123437639  3.1415926536  0.0000000000  0.0000074524  -0.0130039032
538.4689808253  3.1415926536  0.0000000000  0.0000074359  -0.0129735596
539.7256178867  3.1415926536  0.0000000000  0.0000074195  -0.0129433572
540.9822549482  3.1415926536  0.0000000000  0.0000074032  -0.0129132952
542.2388920096  3.1415926536  0.0000000000  0.0000073869  -0.0128833724
543.4955290710  3.1415926536  0.0000000000  0.0000073707  -0.0128535881
544.7521661325  3.1415926536  0.0000000000  0.0000073546  -0.0128239410
546.0088031939  3.1415926536  0.0000000000  0.0000073385  -0.0127944305
547.2654402553  3.1415926536  0.0000000000  0.0000073225  -0.0127650554
548.5220773168  3.1415926536  0.0000000000  0.0000073066  -0.0127358149
549.7787143782  3.1415926536  0.0000000000  0.0000072907  -0.0127067081
551.0353514396  3.1415926536  0.0000000000  0.0000072749  -0.0126777340
552.2919885011  3.1415926536  0.0000000000  0.0000072592  -0.0126488917
553.5486255625  3.1415926536  0.0000000000  0.0000072436  -0.0126201803
554.8052626240  3.1415926536  0.0000000000  0.0000072280  -0.0125915990
556.0618996854  3.1415926536  0.0000000000  0.0000072125  -0.0125631468
557.3185367468  3.1415926536  0.0000000000  0.0000071970  -0.0125348229
558.5751738083  3.1415926536  0.0000000000  0.0000071816  -0.0125066265
559.8318108697  3.1415926536  0.0000000000  0.0000071663  -0.0124785566
561.0884479311  3.1415926536  0.0000000000  0.0000071510  -0.0124506124
562.3450849926  3.1415926536  0.0000000000  0.0000071358  -0.0124227930
563.6017220540  3.1415926536  0.0000000000  0.0000071207  -0.0123950978
564.8583591154  3.1415926536  0.0000000000  0.0000071056  -0.0123675257
566.1149961769  3.1415926536  0.0000000000  0.0000070906  -0.0123400760
567.3716332383  3.1415926536  0.0000000000  0.0000070757  -0.0123127479
568.6282702998  3.1415926536  0.0000000000  0.0000070608  -0.0122855405
569.8849073612  3.1415926536  0.0000000000  0.0000070460  -0.0122584531
571.1415444226  3.1415926536  0.0000000000  0.0000070312  -0.0122314849
572.3981814841  3.1415926536  0.0000000000  0.0000070166  -0.0122046351
573.6548185455  3.1415926536  0.0000000000  0.0000070019  -0.0121779029
574.9114556069  3.1415926536  0.0000000000  0.0000069873  -0.0121512875
576.1680926684  3.1415926536  0.0000000000  0.0000069728  -0.0121247882
577.4247297298  3.1415926536  0.0000000000  0.0000069584  -0.0120984042
578.6813667912  3.1415926536  0.0000000000  0.0000069440  -0.0120721348
579.9380038527  3.1415926536  0.0000000000  0.0000069297  -0.0120459792
581.1946409141  3.1415926536  0.0000000000  0.0000069154  -0.0120199368
582.4512779755  3.1415926536  0.0000000000  0.0000069012  -0.0119940066
583.7079150370  3.1415926536  0.0000000000  0.0000068870  -0.0119681881
584.9645520984  3.1415926536  0.0000000000  0.0000068729  -0.0119424805
586.2211891599  3.1415926536  0.0000000000  0.0000068589  -0.0119168831
587.4778262213  3.1415926536  0.0000000000  0.0000068449  -0.0118913952
588.7344632827  3.1415926536  0.0000000000  0.0000068309  -0.0118660161
589.9911003442  3.1415926536  0.0000000000  0.0000068171  -0.0118407451
591.2477374056  3.1415926536  0.0000000000  0.0000068032  -0.0118155815
592.5043744670  3.1415926536  0.0000000000  0.0000067895  -0.0117905246
593.7610115285  3.1415926536  0.0000000000  0.0000067758  -0.0117655737
595.0176485899  3.1415926536  0.0000000000  0.0000067621  -0.0117407282
596.2742856513  3.1415926536  0.0000000000  0.0000067485  -0.0117159874
597.5309227128  3.1415926536  0.0000000000  0.0000067350  -0.0116913507
598.7875597742  3.1415926536  0.0000000000  0.0000067215  -0.0116668174
600.0441968357  3.1415926536  0.0000000000  0.0000067081  -0.0116423868
601.3008338971  3.1415926536  0.0000000000  0.0000066947  -0.0116180583
602.5574709585  3.1415926536  0.0000000000  0.0000066813  -0.0115938312
603.8141080200  3.1415926536  0.0000000000  0.0000066681  -0.0115697050
605.0707450814  3.1415926536  0.0000000000  0.0000066548  -0.0115456790
606.3273821428  3.1415926536  0.0000000000  0.0000066417  -0.0115217526
607.5840192043  3.1415926536  0.0000000000  0.0000066285  -0.0114979251
608.8406562657  3.1415926536  0.0000000000  0.0000066155  -0.0114741959
610.0972933271  3.1415926536  0.0000000000  0.0000066024  -0.0114505645
611.3539303886  3.1415926536  0.0000000000  0.0000065895  -0.0114270303
612.6105674500  3.1415926536  0.0000000000  0.0000065766  -0.0114035925
613.8672045114  3.1415926536  0.0000000000  0.0000065637  -0.0113802507
615.1238415729  3.1415926536  0.0000000000  0.0000065509  -0.0113570043
616.3804786343  3.1415926536  0.0000000000  0.0000065381  -0.0113338526
617.6371156958  3.1415926536  0.0000000000  0.0000065254  -0.0113107952
618.8937527572  3.1415926536  0.0000000000  0.0000065127  -0.0112878313
620.1503898186  3.1415926536  0.0000000000  0.0000065001  -0.0112649605
621.4070268801  3.1415926536  0.0000000000  0.0000064875  -0.0112421822
622.6636639415  3.1415926536  0.0000000000  0.0000064750  -0.0112194958
623.9203010029  3.1415926536  0.0000000000  0.0000064625  -0.0111969008
625.1769380644  3.1415926536  0.0000000000  0.0000064501  -0.0111743967
626.4335751258  3.1415926536  0.0000000000  0.0000064377  -0.0111519827
627.6902121872  3.1415926536  0.0000000000  0.0000064254  -0.0111296586
628.9468492487  3.1415926536  0.0000000000  0.0000000000  0.0000000000
-627.6902121872  3.1415926536  3.1415926536  0.0000000000  0.0000000000
-626.4335751258  3.1415926536  3.1415926536  0.0000000000  0.0000000000
-625.1769380644  3.1415926536  3.1415926536  0.0000000000  0.0000000000
-623.9203010029  3.1415926536  3.1415926536  0.0000000000  0.0000000000
-622.6636639415  3.1415926536  3.1415926536  0.0000000000  0.0000000000
-621.4070268801  3.1415926536  3.1415926536  0.0000000000  0.0000000000
-620.1503898186  3.1415926536  3.1415926536  0.0000000000  0.0000000000
-618.8937527572  3.1415926536  3.1415926536  0.0000000000  0.0000000000
-617.6371156958  3.1415926536  3.1415926536  0.0000000000  0.0000000000
-616.3804786343  3.1415926536  3.1415926536  0.0000000000  0.0000000000
-615.1238415729  3.1415926536  3.1415926536  0.0000000000  0.0000000000
-613.8672045114  3.1415926536  3.1415926536  0.0000000000  0.0000000000
-612.6105674500  3.1415926536  3.1415926536  0.0000000000  0.0000000000
-611.3539303886  3.1415926536  3.1415926536  0.0000000000  0.0000000000
-610.0972933271  3.1415926536  3.1415926536  0.0000000000  0.0000000000
-608.8406562657  3.1415926536  3.1415926536  0.0000000000  0.0000000000
-607.5840192043  3.1415926536  3.1415926536  0.0000000000  0.0000000000
-606.3273821428  3.1415926536  3.1415926536  0.0000000000  0.0000000000
-605.0707450814  3.1415926536  3.1415926536  0.0000000000  0.0000000000
-603.8141080200  3.1415926536  3.1415926536  0.0000000000  0.0000000000
-602.5574709585  3.1415926536  3.1415926536  0.0000000000  0.0000000000
-601.3008338971  3.1415926536  3.1415926536  0.0000000000  0.0000000000
-600.0441968357  3.1415926536  3.1415926536  0.0000000000  0.0000000000
-598.7875597742  3.1415926536  3.1415926536  0.0000000000  0.0000000000
-597.5309227128  3.1415926536  3.1415926536  0.0000000000  0.0000000000
-596.2742856513  3.1415926536  3.1415926536  0.0000000000  0.0000000000
-595.0176485899  3.1415926536  3.1415926536  0.0000000000  0.0000000000
-593.7610115285  3.1415926536  3.1415926536  0.0000000000  0.0000000000
-592.5043744670  3.1415926536  3.1415926536  0.0000000000  0.0000000000
-591.2477374056  3.1415926536  3.1415926536  0.0000000000  0.0000000000
-589.9911003442  3.1415926536  3.1415926536  0.0000000000  0.0000000000
-588.7344632827  3.1415926536  3.1415926536  0.0000000000  0.0000000000
-587.4778262213  3.1415926536  3.1415926536  0.0000000000  0.0000000000
-586.2211891599  3.1415926536  3.1415926536  0.0000000000  0.0000000000
-584.9645520984  3.1415926536  3.1415926536  0.0000000000  0.0000000000
-583.7079150370  3.1415926536  3.1415926536  0.0000000000  0.0000000000
-582.4512779755  3.1415926536  3.1415926536  0.0000000000  0.0000000000
-581.1946409141  3.1415926536  3.1415926536  0.0000000000  0.0000000000
-579.9380038527  3.1415926536  3.1415926536  0.0000000000  0.0000000000
-578.6813667912  3.1415926536  3.1415926536  0.0000000000  0.0000000000
-577.4247297298  3.1415926536  3.1415926536  0.0000000000  0.0000000000
-576.1680926684  3.1415926536  3.1415926536  0.0000000000  0.0000000000
-574.9114556069  3.1415926536  3.1415926536  0.0000000000  0.0000000000
-573.6548185455  3.1415926536  3.1415926536  0.0000000000  0.0000000000
-572.3981814841  3.1415926536  3.1415926536  0.0000000000  0.0000000000
-571.1415444226  3.1415926536  3.1415926536  0.0000000000  0.0000000000
-569.8849073612  3.1415926536  3.1415926536  0.0000000000  0.0000000000
-568.6282702998  3.1415926536  3.1415926536  0.0000000000  0.0000000000
-567.3716332383  3.1415926536  3.1415926536  0.0000000000  0.0000000000
-566.1149961769  3.1415926536  3.1415926536  0.0000000000  0.0000000000
-564.8583591154  3.1415926536  3.1415926536  0.0000000000  0.0000000000
-563.6017220540  3.1415926536  3.1415926536  0.0000000000  0.0000000000
-562.3450849926  3.1415926536  3.1415926536  0.0000000000  0.0000000000
-561.0884479311  3.1415926536  3.1415926536  0.0000000000  0.0000000000
-559.8318108697  3.1415926536  3.1415926536  0.0000000000  0.0000000000
-558.5751738083  3.1415926536  3.1415926536  0.0000000000  0.0000000000
-557.3185367468  3.1415926536  3.1415926536  0.0000000000  0.0000000000
-556.0618996854  3.1415926536  3.1415926536  0.0000000000  0.0000000000
-554.8052626240  3.1415926536  3.1415926536  0.0000000000  0.0000000000
-553.5486255625  3.1415926536  3.1415926536  0.0000000000  0.0000000000
-552.2919885011  3.1415926536  3.1415926536  0.0000000000  0.0000000000
-551.0353514396  3.1415926536  3.1415926536  0.0000000000  0.0000000000
-549.7787143782  3.1415926536  3.1415926536  0.0000000000  0.0000000000
-548.5220773168  3.1415926536  3.1415926536  0.0000000000  0.0000000000
-547.2654402553  3.1415926536  3.1415926536  0.0000000000  0.0000000000
-546.0088031939  3.1415926536  3.1415926536  0.0000000000  0.0000000000
-544.7521661325  3.1415926536  3.1415926536  0.0000000000  0.0000000000
-543.4955290710  3.1415926536  3.1415926536  0.0000000000  0.0000000000
-542.2388920096  3.1415926536  3.1415926536  0.0000000000  0.0000000000
-540.9822549482  3.1415926536  3.1415926536  0.0000000000  0.0000000000
-539.7256178867  3.1415926536  3.1415926536  0.0000000000  0.0000000000
-538.4689808253  3.1415926536  3.1415926536  0.0000000000  0.0000000000
-537.2123437639  3.1415926536  3.1415926536  0.0000000000  0.0000000000
-535.9557067024  3.1415926536  3.1415926536  0.0000000000  0.0000000000
-534.6990696410  3.1415926536  3.1415926536  0.0000000000  0.0000000000
-533.4424325795  3.1415926536  3.1415926536  0.0000000000  0.0000000000
-532.1857955181  3.1415926536  3.1415926536  0.0000000000  0.0000000000
-530.9291584567  3.1415926536  3.1415926536  0.0000000000  0.0000000000
-529.6725213952  3.1415926536  3.1415926536  0.0000000000  0.0000000000
-528.4158843338  3.1415926536  3.1415926536  0.0000000000  0.0000000000
-527.1592472724  3.1415926536  3.1415926536  0.0000000000  0.0000000000
-525.9026102109  3.1415926536  3.1415926536  0.0000000000  0.0000000000
-524.6459731495  3.1415926536  3.1415926536  0.0000000000  0.0000000000
-523.3893360881  3.1415926536  3.1415926536  0.0000000000  0.0000000000
-522.1326990266  3.1415926536  3.1415926536  0.0000000000  0.0000000000
-520.8760619652  3.1415926536  3.1415926536  0.0000000000  0.0000000000
-519.6194249038  3.1415926536  3.1415926536  0.0000000000  0.0000000000
-518.3627878423  3.1415926536  3.1415926536  0.0000000000  0.0000000000
-517.1061507809  3.1415926536  3.1415926536  0.0000000000  0.0000000000
-515.8495137194  3.1415926536  3.1415926536  0.0000000000  0.0000000000
-514.5928766580  3.1415926536  3.1415926536  0.0000000000  0.0000000000
-513.3362395966  3.1415926536  3.1415926536  0.0000000000  0.0000000000
-512.0796025351  3.1415926536  3.1415926536  0.0000000000  0.0000000000
-510.8229654737  3.1415926536  3.1415926536  0.0000000000  0.0000000000
-509.5663284123  3.1415926536  3.1415926536  0.0000000000  0.0000000000
-508.3096913508  3.1415926536  3.1415926536  0.0000000000  0.0000000000
-507.0530542894  3.1415926536  3.1415926536  0.0000000000  0.0000000000
-505.7964172280  3.1415926536  3.1415926536  0.0000000000  0.0000000000
-504.5397801665  3.1415926536  3.1415926536  0.0000000000  0.0000000000
-503.2831431051  3.1415926536  3.1415926536  0.0000000000  0.0000000000
-502.0265060436  3.1415926536  3.1415926536  0.0000000000  0.0000000000
-500.7698689822  3.1415926536  3.1415926536  0.0000000000  0.0000000000
-499.5132319208  3.1415926536  3.1415926536  0.0000000000  0.0000000000
-498.2565948593  3.1415926536  3.1415926536  0.0000000000  0.0000000000
-496.9999577979  3.1415926536  3.1415926536  0.0000000000  0.0000000000
-495.7433207365  3.1415926536  3.1415926536  0.0000000000  0.0000000000
-494.4866836750  3.1415926536  3.1415926536  0.0000000000  0.0000000000
-493.2300466136  3.1415926536  3.1415926536  0.0000000000  0.0000000000
-491.9734095522  3.1415926536  3.1415926536  0.0000000000  0.0000000000
-490.7167724907  3.1415926536  3.1415926536  0.0000000000  0.0000000000
-489.4601354293  3.1415926536  3.1415926536  0.0000000000  0.0000000000
-488.2034983679  3.1415926536  3.1415926536  0.0000000000  0.0000000000
-486.9468613064  3.1415926536  3.1415926536  0.0000000000  0.0000000000
-485.6902242450  3.1415926536  3.1415926536  0.0000000000  0.0000000000
-484.4335871835  3.1415926536  3.1415926536  0.0000000000  0.0000000000
-483.1769501221  3.1415926536  3.1415926536  0.0000000000  0.0000000000
-481.9203130607  3.1415926536  3.1415926536  0.0000000000  0.0000000000
-480.6636759992  3.1415926536  3.1415926536  0.0000000000  0.0000000000
-479.4070389378  3.1415926536  3.1415926536  0.0000000000  0.0000000000
-478.1504018764  3.1415926536  3.1415926536  0.0000000000  0.0000000000
-476.8937648149  3.1415926536  3.1415926536  0.0000000000  0.0000000000
-475.6371277535  3.1415926536  3.1415926536  0.0000000000  0.0000000000
-474.3804906921  3.1415926536  3.1415926536  0.0000000000  0.0000000000
-473.1238536306  3.1415926536  3.1415926536  0.0000000000  0.0000000000
-471.8672165692  3.1415926536  3.1415926536  0.0000000000  0.0000000000
-470.6105795078  3.1415926536  3.1415926536  0.0000000000  0.0000000000
-469.3539424463  3.1415926536  3.1415926536  0.0000000000  0.0000000000
-468.0973053849  3.1415926536  3.1415926536  0.0000000000  0.0000000000
-466.8406683234  3.1415926536  3.1415926536  0.0000000000  0.0000000000
-465.5840312620  3.1415926536  3.1415926536  0.0000000000  0.0000000000
-464.3273942006  3.1415926536  3.1415926536  0.0000000000  0.0000000000
-463.0707571391  3.1415926536  3.1415926536  0.0000000000  0.0000000000
-461.8141200777  3.1415926536  3.1415926536  0.0000000000  0.0000000000
-460.5574830163  3.1415926536  3.1415926536  0.0000000000  0.0000000000
-459.3008459548  3.1415926536  3.1415926536  0.0000000000  0.0000000000
-458.0442088934  3.1415926536  3.1415926536  0.0000000000  0.0000000000
-456.7875718320  3.1415926536  3.1415926536  0.0000000000  0.0000000000
-455.5309347705  3.1415926536  3.1415926536  0.0000000000  0.0000000000
-454.2742977091  3.1415926536  3.1415926536  0.0000000000  0.0000000000
-453.0176606476  3.1415926536  3.1415926536  0.0000000000  0.0000000000
-451.7610235862  3.1415926536  3.1415926536  0.0000000000  0.0000000000
-450.5043865248  3.1415926536  3.1415926536  0.0000000000  0.0000000000
-449.2477494633  3.1415926536  3.1415926536  0.0000000000  0.0000000000
-447.9911124019  3.1415926536  3.1415926536  0.0000000000  0.0000000000
-446.7344753405  3.1415926536  3.1415926536  0.0000000000  0.0000000000
-445.4778382790  3.1415926536  3.1415926536  0.0000000000  0.0000000000
-444.2212012176  3.1415926536  3.1415926536  0.0000000000  0.0000000000
-442.9645641562  3.1415926536  3.1415926536  0.0000000000  0.0000000000
-441.7079270947  3.1415926536  3.1415926536  0.0000000000  0.0000000000
-440.4512900333  3.1415926536  3.1415926536  0.0000000000  0.0000000000
-439.1946529719  3.1415926536  3.1415926536  0.0000000000  0.0000000000
-437.9380159104  3.1415926536  3.1415926536  0.0000000000  0.0000000000
-436.6813788490  3.1415926536  3.1415926536  0.0000000000  0.0000000000
-435.4247417875  3.1415926536  3.1415926536  0.0000000000  0.0000000000
-434.1681047261  3.1415926536  3.1415926536  0.0000000000  0.0000000000
-432.9114676647  3.1415926536  3.1415926536  0.0000000000  0.0000000000
-431.6548306032  3.1415926536  3.1415926536  0.0000000000  0.0000000000
-430.3981935418  3.1415926536  3.1415926536  0.0000000000  0.0000000000
-429.1415564804  3.1415926536  3.1415926536  0.0000000000  0.0000000000
-427.8849194189  3.1415926536  3.1415926536  0.0000000000  0.0000000000
-426.6282823575  3.1415926536  3.1415926536  0.0000000000  0.0000000000
-425.3716452961  3.1415926536  3.1415926536  0.0000000000  0.0000000000
-424.1150082346  3.1415926536  3.1415926536  0.0000000000  0.0000000000
-422.8583711732  3.1415926536  3.1415926536  0.0000000000  0.0000000000
-421.6017341118  3.1415926536  3.1415926536  0.0000000000  0.0000000000
-420.3450970503  3.1415926536  3.1415926536  0.0000000000  0.0000000000
-419.0884599889  3.1415926536  3.1415926536  0.0000000000  0.0000000000
-417.8318229274  3.1415926536  3.1415926536  0.0000000000  0.0000000000
-416.5751858660  3.1415926536  3.1415926536  0.0000000000  0.0000000000
-415.3185488046  3.1415926536  3.1415926536  0.0000000000  0.0000000000
-414.0619117431  3.1415926536  3.1415926536  0.0000000000  0.0000000000
-412.8052746817  3.1415926536  3.1415926536  0.0000000000  0.0000000000
-411.5486376203  3.1415926536  3.1415926536  0.0000000000  0.0000000000
-410.2920005588  3.1415926536  3.1415926536  0.0000000000  0.0000000000
-409.0353634974  3.1415926536  3.1415926536  0.0000000000  0.0000000000
-407.7787264360  3.1415926536  3.1415926536  0.0000000000  0.0000000000
-406.5220893745  3.1415926536  3.1415926536  0.0000000000  0.0000000000
-405.2654523131  3.1415926536  3.1415926536  0.0000000000  0.0000000000
-404.0088152516  3.1415926536  3.1415926536  0.0000000000  0.0000000000
-402.7521781902  3.1415926536  3.1415926536  0.0000000000  0.0000000000
-401.4955411288  3.1415926536  3.1415926536  0.0000000000  0.0000000000
-400.2389040673  3.1415926536  3.1415926536  0.0000000000  0.0000000000
-398.9822670059  3.1415926536  3.1415926536  0.0000000000  0.0000000000
-397.7256299445  3.1415926536  3.1415926536  0.0000000000  0.0000000000
-396.4689928830  3.1415926536  3.1415926536  0.0000000000  0.0000000000
-395.2123558216  3.1415926536  3.1415926536  0.0000000000  0.0000000000
-393.9557187602  3.1415926536  3.1415926536  0.0000000000  0.0000000000
-392.6990816987  3.1415926536  3.1415926536  0.0000000000  0.0000000000
-391.4424446373  3.1415926536  3.1415926536  0.0000000000  0.0000000000
-390.1858075759  3.1415926536  3.1415926536  0.0000000000  0.0000000000
-388.9291705144  3.1415926536  3.1415926536  0.0000000000  0.0000000000
-387.6725334530  3.1415926536  3.1415926536  0.0000000000  0.0000000000
-386.4158963915  3.1415926536  3.1415926536  0.0000000000  0.0000000000
-385.1592593301  3.1415926536  3.1415926536  0.0000000000  0.0000000000
-383.9026222687  3.1415926536  3.1415926536  0.0000000000  0.0000000000
-382.6459852072  3.1415926536  3.1415926536  0.0000000000  0.0000000000
-381.3893481458  3.1415926536  3.1415926536  0.0000000000  0.0000000000
-380.1327110844  3.1415926536  3.1415926536  0.0000000000  0.0000000000
-378.8760740229  3.1415926536  3.1415926536  0.0000000000  0.0000000000
-377.6194369615  3.1415926536  3.1415926536  0.0000000000  0.0000000000
-376.3627999001  3.1415926536  3.1415926536  0.0000000000  0.0000000000
-375.1061628386  3.1415926536  3.1415926536  0.0000000000  0.0000000000
-373.8495257772  3.1415926536  3.1415926536  0.0000000000  0.0000000000
-372.5928887157  3.1415926536  3.1415926536  0.0000000000  0.0000000000
-371.3362516543  3.1415926536  3.1415926536  0.0000000000  0.0000000000
-370.0796145929  3.1415926536  3.1415926536  0.0000000000  0.0000000000
-368.8229775314  3.1415926536  3.1415926536  0.0000000000  0.0000000000
-367.5663404700  3.1415926536  3.1415926536  0.0000000000  0.0000000000
-366.3097034086  3.1415926536  3.1415926536  0.0000000000  0.0000000000
-365.0530663471  3.1415926536  3.1415926536  0.0000000000  0.0000000000
-363.7964292857  3.1415926536  3.1415926536  0.0000000000  0.0000000000
-362.5397922243  3.1415926536  3.1415926536  0.0000000000  0.0000000000
-361.2831551628  3.1415926536  3.1415926536  0.0000000000  0.0000000000
-360.0265181014  3.1415926536  3.1415926536  0.0000000000  0.0000000000
-358.7698810400  3.1415926536  3.1415926536  0.0000000000  0.0000000000
-357.5132439785  3.1415926536  3.1415926536  0.0000000000  0.0000000000
-356.2566069171  3.1415926536  3.1415926536  0.0000000000  0.0000000000
-354.9999698556  3.1415926536  3.1415926536  0.0000000000  0.0000000000
-353.7433327942  3.1415926536  3.1415926536  0.0000000000  0.0000000000
-352.4866957328  3.1415926536  3.1415926536  0.0000000000  0.0000000000
-351.2300586713  3.1415926536  3.1415926536  0.0000000000  0.0000000000
-349.9734216099  3.1415926536  3.1415926536  0.0000000000  0.0000000000
-348.7167845485  3.1415926536  3.1415926536  0.0000000000  0.0000000000
-347.4601474870  3.1415926536  3.1415926536  0.0000000000  0.0000000000
-346.2035104256  3.1415926536  3.1415926536  0.0000000000  0.0000000000
-344.9468733642  3.1415926536  3.1415926536  0.0000000000  0.0000000000
-343.6902363027  3.1415926536  3.1415926536  0.0000000000  0.0000000000
-342.4335992413  3.1415926536  3.1415926536  0.0000000000  0.0000000000
-341.1769621799  3.1415926536  3.1415926536  0.0000000000  0.0000000000
-339.9203251184  3.1415926536  3.1415926536  0.0000000000  0.0000000000
-338.6636880570  3.1415926536  3.1415926536  0.0000000000  0.0000000000
-337.4070509955  3.1415926536  3.1415926536  0.0000000000  0.0000000000
-336.1504139341  3.1415926536  3.1415926536  0.0000000000  0.0000000000
-334.8937768727  3.1415926536  3.1415926536  0.0000000000  0.0000000000
-333.6371398112  3.1415926536  3.1415926536  0.0000000000  0.0000000000
-332.3805027498  3.1415926536  3.1415926536  0.0000000000  0.0000000000
-331.1238656884  3.1415926536  3.1415926536  0.0000000000  0.0000000000
-329.8672286269  3.1415926536  3.1415926536  0.0000000000  0.0000000000
-328.6105915655  3.1415926536  3.1415926536  0.0000000000  0.0000000000
-327.3539545041  3.1415926536  3.1415926536  0.0000000000  0.0000000000
-326.0973174426  3.1415926536  3.1415926536  0.0000000000  0.0000000000
-324.8406803812  3.1415926536  3.1415926536  0.0000000000  0.0000000000
-323.5840433197  3.1415926536  3.1415926536  0.0000000000  0.0000000000
-322.3274062583  3.1415926536  3.1415926536  0.0000000000  0.0000000000
-321.0707691969  3.1415926536  3.1415926536  0.0000000000  0.0000000000
-319.8141321354  3.1415926536  3.1415926536  0.0000000000  0.0000000000
-318.5574950740  3.1415926536  3.1415926536  0.0000000000  0.0000000000
-317.3008580126  3.1415926536  3.1415926536  0.0000000000  0.0000000000
-316.0442209511  3.1415926536  3.1415926536  0.0000000000  0.0000000000
-314.7875838897  3.1415926536  3.1415926536  0.0000000000  0.0000000000
-313.5309468283  3.1415926536  3.1415926536  0.0000000000  0.0000000000
-312.2743097668  3.1415926536  3.1415926536  0.0000000000  0.0000000000
-311.0176727054  3.1415926536  3.1415926536  0.0000000000  0.0000000000
-309.7610356440  3.1415926536  3.1415926536  0.0000000000  0.0000000000
-308.5043985825  3.1415926536  3.1415926536  0.0000000000  0.0000000000
-307.2477615211  3.1415926536  3.1415926536  0.0000000000  0.0000000000
-305.9911244596  3.1415926536  3.1415926536  0.0000000000  0.0000000000
-304.7344873982  3.1415926536  3.1415926536  0.0000000000  0.0000000000
-303.4778503368  3.1415926536  3.1415926536  0.0000000000  0.0000000000
-302.2212132753  3.1415926536  3.1415926536  0.0000000000  0.0000000000
-300.9645762139  3.1415926536  3.1415926536  0.0000000000  0.0000000000
-299.7079391525  3.1415926536  3.1415926536  0.0000000000  0.0000000000
-298.4513020910  3.1415926536  3.1415926536  0.0000000000  0.0000000000
-297.1946650296  3.1415926536  3.1415926536  0.0000000000  0.0000000000
-295.9380279682  3.1415926536  3.1415926536  0.0000000000  0.0000000000
-294.6813909067  3.1415926536  3.1415926536  0.0000000000  0.0000000000
-293.4247538453  3.1415926536  3.1415926536  0.0000000000  0.0000000000
-292.1681167839  3.1415926536  3.1415926536  0.0000000000  0.0000000000
-290.9114797224  3.1415926536  3.1415926536  0.0000000000  0.0000000000
-289.6548426610  3.1415926536  3.1415926536  0.0000000000  0.0000000000
-288.3982055995  3.1415926536  3.1415926536  0.0000000000  0.0000000000
-287.1415685381  3.1415926536  3.1415926536  0.0000000000  0.0000000000
-285.8849314767  3.1415926536  3.1415926536  0.0000000000  0.0000000000
-284.6282944152  3.1415926536  3.1415926536  0.0000000000  0.0000000000
-283.3716573538  3.1415926536  3.1415926536  0.0000000000  0.0000000000
-282.1150202924  3.1415926536  3.1415926536  0.0000000000  0.0000000000
-280.8583832309  3.1415926536  3.1415926536  0.0000000000  0.0000000000
-279.6017461695  3.1415926536  3.1415926536  0.0000000000  0.0000000000
-278.3451091081  3.1415926536  3.1415926536  0.0000000000  0.0000000000
-277.0884720466  3.1415926536  3.1415926536  0.0000000000  0.0000000000
-275.8318349852  3.1415926536  3.1415926536  0.0000000000  0.0000000000
-274.5751979237  3.1415926536  3.1415926536  0.0000000000  0.0000000000
-273.3185608623  3.1415926536  3.1415926536  0.0000000000  0.0000000000
-272.0619238009  3.1415926536  3.1415926536  0.0000000000  0.0000000000
-270.8052867394  3.1415926536  3.1415926536  0.0000000000  0.0000000000
-269.5486496780  3.1415926536  3.1415926536  0.0000000000  0.0000000000
-268.2920126166  3.1415926536  3.1415926536  0.0000000000  0.0000000000
-267.0353755551  3.1415926536  3.1415926536  0.0000000000  0.0000000000
-265.7787384937  3.1415926536  3.1415926536  0.0000000000  0.0000000000
-264.5221014323  3.1415926536  3.1415926536  0.0000000000  0.0000000000
-263.2654643708  3.1415926536  3.1415926536  0.0000000000  0.0000000000
-262.0088273094  3.1415926536  3.1415926536  0.0000000000  0.0000000000
-260.7521902480  3.1415926536  3.1415926536  0.0000000000  0.0000000000
-259.4955531865  3.1415926536  3.1415926536  0.0000000000  0.0000000000
-258.2389161251  3.1415926536  3.1415926536  0.0000000000  0.0000000000
-256.9822790636  3.1415926536  3.1415926536  0.0000000000  0.0000000000
-255.7256420022  3.1415926536  3.1415926536  0.0000000000  0.0000000000
-254.4690049408  3.1415926536  3.1415926536  0.0000000000  0.0000000000
-253.2123678793  3.1415926536  3.1415926536  0.0000000000  0.0000000000
-251.9557308179  3.1415926536  3.1415926536  0.0000000000  0.0000000000
-250.6990937565  3.1415926536  3.1415926536  0.0000000000  0.0000000000
-249.4424566950  3.1415926536  3.1415926536  0.0000000000  0.0000000000
-248.1858196336  3.1415926536  3.1415926536  0.0000000000  0.0000000000
-246.9291825722  3.1415926536  3.1415926536  0.0000000000  0.0000000000
-245.6725455107  3.1415926536  3.1415926536  0.0000000000  0.0000000000
-244.4159084493  3.1415926536  3.1415926536  0.0000000000  0.0000000000
-243.1592713878  3.1415926536  3.1415926536  0.0000000000  0.0000000000
-241.9026343264  3.1415926536  3.1415926536  0.0000000000  0.0000000000
-240.6459972650  3.1415926536  3.1415926536  0.0000000000  0.0000000000
-239.3893602035  3.1415926536  3.1415926536  0.0000000000  0.0000000000
-238.1327231421  3.1415926536  3.1415926536  0.0000000000  0.0000000000
-236.8760860807  3.1415926536  3.1415926536  0.0000000000  0.0000000000
-235.6194490192  3.1415926536  3.1415926536  0.0000000000  0.0000000000
-234.3628119578  3.1415926536  3.1415926536  0.0000000000  0.0000000000
-233.1061748964  3.1415926536  3.1415926536  0.0000000000  0.0000000000
-231.8495378349  3.1415926536  3.1415926536  0.0000000000  0.0000000000
-230.5929007735  3.1415926536  3.1415926536  0.0000000000  0.0000000000
-229.3362637121  3.1415926536  3.1415926536  0.0000000000  0.0000000000
-228.0796266506  3.1415926536  3.1415926536  0.0000000000  0.0000000000
-226.8229895892  3.1415926536  3.1415926536  0.0000000000  0.0000000000
-225.5663525277  3.1415926536  3.1415926536  0.0000000000  0.0000000000
-224.3097154663  3.1415926536  3.1415926536  0.0000000000  0.0000000000
-223.0530784049  3.1415926536  3.1415926536  0.0000000000  0.0000000000
-221.7964413434  3.1415926536  3.1415926536  0.0000000000  0.0000000000
-220.5398042820  3.1415926536  3.1415926536  0.0000000000  0.0000000000
-219.2831672206  3.1415926536  3.1415926536  0.0000000000  0.0000000000
-218.0265301591  3.1415926536  3.1415926536  0.0000000000  0.0000000000
-216.7698930977  3.1415926536  3.1415926536  0.0000000000  0.0000000000
-215.5132560363  3.1415926536  3.1415926536  0.0000000000  0.0000000000
-214.2566189748  3.1415926536  3.1415926536  0.0000000000  0.0000000000
-212.9999819134  3.1415926536  3.1415926536  0.0000000000  0.0000000000
-211.7433448520  3.1415926536  3.1415926536  0.0000000000  0.0000000000
-210.4867077905  3.1415926536  3.1415926536  0.0000000000  0.0000000000
-209.2300707291  3.1415926536  3.1415926536  0.0000000000  0.0000000000
-207.9734336676  3.1415926536  3.1415926536  0.0000000000  0.0000000000
-206.7167966062  3.1415926536  3.1415926536  0.0000000000  0.0000000000
-205.4601595448  3.1415926536  3.1415926536  0.0000000000  0.0000000000
-204.2035224833  3.1415926536  3.1415926536  0.0000000000  0.0000000000
-202.9468854219  3.1415926536  3.1415926536  0.0000000000  0.0000000000
-201.6902483605  3.1415926536  3.1415926536  0.0000000000  0.0000000000
-200.4336112990  3.1415926536  3.1415926536  0.0000000000  0.0000000000
-199.1769742376  3.1415926536  3.1415926536  0.0000000000  0.0000000000
-197.9203371762  3.1415926536  3.1415926536  0.0000000000  0.0000000000
-196.6637001147  3.1415926536  3.1415926536  0.0000000000  0.0000000000
-195.4070630533  3.1415926536  3.1415926536  0.0000000000  0.0000000000
-194.1504259918  3.1415926536  3.1415926536  0.0000000000  0.0000000000
-192.8937889304  3.1415926536  3.1415926536  0.0000000000  0.0000000000
-191.6371518690  3.1415926536  3.1415926536  0.0000000000  0.0000000000
-190.3805148075  3.1415926536  3.1415926536  0.0000000000  0.0000000000
-189.1238777461  3.1415926536  3.1415926536  0.0000000000  0.0000000000
-187.8672406847  3.1415926536  3.1415926536  0.0000000000  0.0000000000
-186.6106036232  3.1415926536  3.1415926536  0.0000000000  0.0000000000
-185.3539665618  3.1415926536  3.1415926536  0.0000000000  0.0000000000
-184.0973295004  3.1415926536  3.1415926536  0.0000000000  0.0000000000
-182.8406924389  3.1415926536  3.1415926536  0.0000000000  0.0000000000
-181.5840553775  3.1415926536  3.1415926536  0.0000000000  0.0000000000
-180.3274183161  3.1415926536  3.1415926536  0.0000000000  0.0000000000
-179.0707812546  3.1415926536  3.1415926536  0.0000000000  0.0000000000
-177.8141441932  3.1415926536  3.1415926536  0.0000000000  0.0000000000
-176.5575071317  3.1415926536  3.1415926536  0.0000000000  0.0000000000
-175.3008700703  3.1415926536  3.1415926536  0.0000000000  0.0000000000
-174.0442330089  3.1415926536  3.1415926536  0.0000000000  0.0000000000
-172.7875959474  3.1415926536  3.1415926536  0.0000000000  0.0000000000
-171.5309588860  3.1415926536  3.1415926536  0.0000000000  0.0000000000
-170.2743218246  3.1415926536  3.1415926536  0.0000000000  0.0000000000
-169.0176847631  3.1415926536  3.1415926536  0.0000000000  0.0000000000
-167.7610477017  3.1415926536  3.1415926536  0.0000000000  0.0000000000
-166.5044106403  3.1415926536  3.1415926536  0.0000000000  0.0000000000
-165.2477735788  3.1415926536  3.1415926536  0.0000000000  0.0000000000
-163.9911365174  3.1415926536  3.1415926536  0.0000000000  0.0000000000
-162.7344994560  3.1415926536  3.1415926536  0.0000000000  0.0000000000
-161.4778623945  3.1415926536  3.1415926536  0.0000000000  0.0000000000
-160.2212253331  3.1415926536  3.1415926536  0.0000000000  0.0000000000
-158.9645882716  3.1415926536  3.1415926536  0.0000000000  0.0000000000
-157.7079512102  3.1415926536  3.1415926536  0.0000000000  0.0000000000
-156.4513141488  3.1415926536  3.1415926536  0.0000000000  0.0000000000
-155.1946770873  3.1415926536  3.1415926536  0.0000000000  0.0000000000
-153.9380400259  3.1415926536  3.1415926536  0.0000000000  0.0000000000
-152.6814029645  3.1415926536  3.1415926536  0.0000000000  0.0000000000
-151.4247659030  3.1415926536  3.1415926536  0.0000000000  0.0000000000
-150.1681288416  3.1415926536  3.1415926536  0.0000000000  0.0000000000
-148.9114917802  3.1415926536  3.1415926536  0.0000000000  0.0000000000
-147.6548547187  3.1415926536  3.1415926536  0.0000000000  0.0000000000
-146.3982176573  3.1415926536  3.1415926536  0.0000000000  0.0000000000
-145.1415805958  3.1415926536  3.1415926536  0.0000000000  0.0000000000
-143.8849435344  3.1415926536  3.1415926536  0.0000000000  0.0000000000
-142.6283064730  3.1415926536  3.1415926536  0.0000000000  0.0000000000
-141.3716694115  3.1415926536  3.1415926536  0.0000000000  0.0000000000
-140.1150323501  3.1415926536  3.1415926536  0.0000000000  0.0000000000
-138.8583952887  3.1415926536  3.1415926536  0.0000000000  0.0000000000
-137.6017582272  3.1415926536  3.1415926536  0.0000000000  0.0000000000
-136.3451211658  3.1415926536  3.1415926536  0.0000000000  0.0000000000
-135.0884841044  3.1415926536  3.1415926536  0.0000000000  0.0000000000
-133.8318470429  3.1415926536  3.1415926536  0.0000000000  0.0000000000
-132.5752099815  3.1415926536  3.1415926536  0.0000000000  0.0000000000
-131.3185729201  3.1415926536  3.1415926536  0.0000000000  0.0000000000
-130.0619358586  3.1415926536  3.1415926536  0.0000000000  0.0000000000
-128.8052987972  3.1415926536  3.1415926536  0.0000000000  0.0000000000
-127.5486617357  3.1415926536  3.1415926536  0.0000000000  0.0000000000
-126.2920246743  3.1415926536  3.1415926536  0.0000000000  0.0000000000
-125.0353876129  3.1415926536  3.1415926536  0.0000000000  0.0000000000
-123.7787505514  3.1415926536  3.1415926536  0.0000000000  0.0000000000
-122.5221134900  3.1415926536  3.1415926536  0.0000000000  0.0000000000
-121.2654764286  3.1415926536  3.1415926536  0.0000000000  0.0000000000
-120.0088393671  3.1415926536  3.1415926536  0.0000000000  0.0000000000
-118.7522023057  3.1415926536  3.1415926536  0.0000000000  0.0000000000
-117.4955652443  3.1415926536  3.1415926536  0.0000000000  0.0000000000
-116.2389281828  3.1415926536  3.1415926536  0.0000000000  0.0000000000
-114.9822911214  3.1415926536  3.1415926536  0.0000000000  0.0000000000
-113.7256540600  3.1415926536  3.1415926536  0.0000000000  0.0000000000
-112.4690169985  3.1415926536  3.1415926536  0.0000000000  0.0000000000
-111.2123799371  3.1415926536  3.1415926536  0.0000000000  0.0000000000
-109.9557428756  3.1415926536  3.1415926536  0.0000000000  0.0000000000
-108.6991058142  3.1415926536  3.1415926536  0.0000000000  0.0000000000
-107.4424687528  3.1415926536  3.1415926536  0.0000000000  0.0000000000
-106.1858316913  3.1415926536  3.1415926536  0.0000000000  0.0000000000
-104.9291946299  3.1415926536  3.1415926536  0.0000000000  0.0000000000
-103.6725575685  3.1415926536  3.1415926536  0.0000000000  0.0000000000
-102.4159205070  3.1415926536  3.1415926536  0.0000000000  0.0000000000
-101.1592834456  3.1415926536  3.1415926536  0.0000000000  0.0000000000
-99.9026463842  3.1415926536  3.1415926536  0.0000000000  0.0000000000
-98.6460093227  3.1415926536  3.1415926536  0.0000000000  0.0000000000
-97.3893722613  3.1415926536  3.1415926536  0.0000000000  0.0000000000
-96.1327351998  3.1415926536  3.1415926536  0.0000000000  0.0000000000
-94.8760981384  3.1415926536  3.1415926536  0.0000000000  0.0000000000
-93.6194610770  3.1415926536  3.1415926536  0.0000000000  0.0000000000
-92.3628240155  3.1415926536  3.1415926536  0.0000000000  0.0000000000
-91.1061869541  3.1415926536  3.1415926536  0.0000000000  0.0000000000
-89.8495498927  3.1415926536  3.1415926536  0.0000000000  0.0000000000
-88.5929128312  3.1415926536  3.1415926536  0.0000000000  0.0000000000
-87.3362757698  3.1415926536  3.1415926536  0.0000000000  0.0000000000
-86.0796387084  3.1415926536  3.1415926536  0.0000000000  0.0000000000
-84.8230016469  3.1415926536  3.1415926536  0.0000000000  0.0000000000
-83.5663645855  3.1415926536  3.1415926536  0.0000000000  0.0000000000
-82.3097275241  3.1415926536  3.1415926536  0.0000000000  0.0000000000
-81.0530904626  3.1415926536  3.1415926536  0.0000000000  0.0000000000
-79.7964534012  3.1415926536  3.1415926536  0.0000000000  0.0000000000
-78.5398163397  3.1415926536  3.1415926536  0.0000000000  0.0000000000
-77.2831792783  3.1415926536  3.1415926536  0.0000000000  0.0000000000
-76.0265422169  3.1415926536  3.1415926536  0.0000000000  0.0000000000
-74.7699051554  3.1415926536  3.1415926536  0.0000000000  0.0000000000
-73.5132680940  3.1415926536  3.1415926536  0.0000000000  0.0000000000
-72.2566310326  3.1415926536  3.1415926536  0.0000000000  0.0000000000
-70.9999939711  3.1415926536  3.1415926536  0.0000000000  0.0000000000
-69.7433569097  3.1415926536  3.1415926536  0.0000000000  0.0000000000
-68.4867198483  3.1415926536  3.1415926536  0.0000000000  0.0000000000
-67.2300827868  3.1415926536  3.1415926536  0.0000000000  0.0000000000
-65.9734457254  3.1415926536  3.1415926536  0.0000000000  0.0000000000
-64.7168086639  3.1415926536  3.1415926536  0.0000000000  0.0000000000
-63.4601716025  3.1415926536  3.1415926536  0.0000000000  0.0000000000
-62.2035345411  3.1415926536  3.1415926536  0.0000000000  0.0000000000
-60.9468974796  3.1415926536  3.1415926536  0.0000000000  0.0000000000
-59.6902604182  3.1415926536  3.1415926536  0.0000000000  0.0000000000
-58.4336233568  3.1415926536  3.1415926536  0.0000000000  0.0000000000
-57.1769862953  3.1415926536  3.1415926536  0.0000000000  0.0000000000
-55.9203492339  3.1415926536  3.1415926536  0.0000000000  0.0000000000
-54.6637121725  3.1415926536  3.1415926536  0.0000000000  0.0000000000
-53.4070751110  3.1415926536  3.1415926536  0.0000000000  0.0000000000
-52.1504380496  3.1415926536  3.1415926536  0.0000000000  0.0000000000
-50.8938009882  3.1415926536  3.1415926536  0.0000000000  0.0000000000
-49.6371639267  3.1415926536  3.1415926536  0.0000000000  0.0000000000
-48.3805268653  3.1415926536  3.1415926536  0.0000000000  0.0000000000
-47.1238898038  3.1415926536  3.1415926536  0.0000000000  0.0000000000
-45.8672527424  3.1415926536  3.1415926536  0.0000000000  0.0000000000
-44.6106156810  3.1415926536  3.1415926536  0.0000000000  0.0000000000
-43.3539786195  3.1415926536  3.1415926536  0.0000000000  0.0000000000
-42.0973415581  3.1415926536  3.1415926536  0.0000000000  0.0000000000
-40.8407044967  3.1415926536  3.1415926536  0.0000000000  0.0000000000
-39.5840674352  3.1415926536  3.1415926536  0.0000000000  0.0000000000
-38.3274303738  3.1415926536  3.1415926536  0.0000000000  0.0000000000
-37.0707933124  3.1415926536  3.1415926536  0.0000000000  0.0000000000
-35.8141562509  3.1415926536  3.1415926536  0.0000000000  0.0000000000
-34.5575191895  3.1415926536  3.1415926536  0.0000000000  0.0000000000
-33.3008821281  3.1415926536  3.1415926536  0.0000000000  0.0000000000
-32.0442450666  3.1415926536  3.1415926536  0.0000000000  0.0000000000
-30.7876080052  3.1415926536  3.1415926536  0.0000000000  0.0000000000
-29.5309709437  3.1415926536  3.1415926536  0.0000000000  0.0000000000
-28.2743338823  3.1415926536  3.1415926536  0.0000000000  0.0000000000
-27.0176968209  3.1415926536  3.1415926536  0.0000000000  0.0000000000
-25.7610597594  3.1415926536  3.1415926536  0.0000000000  0.0000000000
-24.5044226980  3.1415926536  3.1415926536  0.0000000000  0.0000000000
-23.2477856366  3.1415926536  3.1415926536  0.0000000000  0.0000000000
-21.9911485751  3.1415926536  3.1415926536  0.0000000000  0.0000000000
-20.7345115137  3.1415926536  3.1415926536  0.0000000000  0.0000000000
-19.4778744523  3.1415926536  3.1415926536  0.0000000000  0.0000000000
-18.2212373908  3.1415926536  3.1415926536  0.0000000000  0.0000000000
-16.9646003294  3.1415926536  3.1415926536  0.0000000000  0.0000000000
-15.7079632679  3.1415926536  3.1415926536  0.0000000000  0.0000000000
-14.4513262065  3.1415926536  3.1415926536  0.0000000000  0.0000000000
-13.1946891451  3.1415926536  3.1415926536  0.0000000000  0.0000000000
-11.9380520836  3.1415926536  3.1415926536  0.0000000000  0.0000000000
-10.6814150222  3.1415926536  3.1415926536  0.0000000000  0.0000000000
-9.4247779608  3.1415926536  3.1415926536  0.0000000000  0.0000000000
-8.1681408993  3.1415926536  3.1415926536  0.0000000000  0.0000000000
-6.9115038379  3.1415926536  3.1415926536  0.0000000000  0.0000000000
-5.6548667765  3.1415926536  3.1415926536  0.0000000000  0.0000000000
-4.3982297150  3.1415926536  3.1415926536  0.0000000000  0.0000000000
-3.1415926536  3.1415926536  3.1415926536  0.0000000000  0.0000000000
-1.8849555922  3.1415926536  3.1415926536  0.0000000000  0.0001151590
-0.6283185307  3.1415926536  3.1415926536  -0.0031518834  0.0000000000
0.6283185307  3.1415926536  3.1415926536  1.0481883402  -0.9180252097
1.8849555922  3.1415926536  3.1415926536  0.8189510250  -1.4103799412
3.1415926536  3.1415926536  3.1415926536  0.5917577836  -1.3278832447
4.3982297150  3.1415926536  3.1415926536  0.4343240306  -1.1453627838
5.6548667765  3.1415926536  3.1415926536  0.3297163856  -0.9870520853
6.9115038379  3.1415926536  3.1415926536  0.2575068205  -0.8597643181
8.1681408993  3.1415926536  3.1415926536  0.2053446001  -0.7542159378
9.4247779608  3.1415926536  3.1415926536  0.1667215674  -0.6686709346
10.6814150222  3.1415926536  3.1415926536  0.1375805350  -0.5997942158
11.9380520836  3.1415926536  3.1415926536  0.1151837990  -0.5437146681
13.1946891451  3.1415926536  3.1415926536  0.0976608255  -0.4972225621
14.4513262065  3.1415926536  3.1415926536  0.0837253941  -0.4579786300
15.7079632679  3.1415926536  3.1415926536  0.0724809301  -0.4243405137
16.9646003294  3.1415926536  3.1415926536  0.0632907894  -0.3951479767
18.2212373908  3.1415926536  3.1415926536  0.0556939233  -0.3695603259
19.4778744523  3.1415926536  3.1415926536  0.0493501623  -0.3469493592
20.7345115137  3.1415926536  3.1415926536  0.0440042671  -0.3268318194
21.9911485751  3.1415926536  3.1415926536  0.0394618477  -0.3088267408
23.2477856366  3.1415926536  3.1415926536  0.0355728880  -0.2926278745
24.5044226980  3.1415926536  3.1415926536  0.0322202432  -0.2779852384
25.7610597594  3.1415926536  3.1415926536  0.0293114589  -0.2646923035
27.0176968209  3.1415926536  3.1415926536  0.0267728575  -0.2525767743
28.2743338823  3.1415926536  3.1415926536  0.0245452004  -0.2414937509
29.5309709437  3.1415926536  3.1415926536  0.0225804656  -0.2313205304
30.7876080052  3.1415926536  3.1415926536  0.0208394255  -0.2219525733
32.0442450666  3.1415926536  3.1415926536  0.0192898070  -0.2133003273
33.3008821281  3.1415926536  3.1415926536  0.0179048815  -0.2052866928
34.5575191895  3.1415926536  3.1415926536  0.0166623729  -0.1978449813
35.8141562509  3.1415926536  3.1415926536  0.0155436063  -0.1909172571
37.0707933124  3.1415926536  3.1415926536  0.0145328390  -0.1844529805
38.3274303738  3.1415926536  3.1415926536  0.0136167303  -0.1784078905
39.5840674352  3.1415926536  3.1415926536  0.0127839187  -0.1727430809
40.8407044967  3.1415926536  3.1415926536  0.0120246833  -0.1674242302
42.0973415581  3.1415926536  3.1415926536  0.0113306696  -0.1624209594
43.3539786195  3.1415926536  3.1415926536  0.0106946672  -0.1577062917
44.6106156810  3.1415926536  3.1415926536  0.0101104284  -0.1532561974
45.8672527424  3.1415926536  3.1415926536  0.0095725188  -0.1490492088
47.1238898038  3.1415926536  3.1415926536  0.0090761945  -0.1450660922
48.3805268653  3.1415926536  3.1415926536  0.0086173002  -0.1412895692
49.6371639267  3.1415926536  3.1415926536  0.0081921838  -0.1377040773
50.8938009882  3.1415926536  3.1415926536  0.0077976259  -0.1342955646
52.1504380496  3.1415926536  3.1415926536  0.0074307796  -0.1310513130
53.4070751110  3.1415926536  3.1415926536  0.0070891208  -0.1279597852
54.6637121725  3.1415926536  3.1415926536  0.0067704046  -0.1250104921
55.9203492339  3.1415926536  3.1415926536  0.0064726301  -0.1221938773
57.1769862953  3.1415926536  3.1415926536  0.0061940088  -0.1195012168
58.4336233568  3.1415926536  3.1415926536  0.0059329385  -0.1169245309
59.6902604182  3.1415926536  3.1415926536  0.0056879804  -0.1144565068
60.9468974796  3.1415926536  3.1415926536  0.0054578396  -0.1120904312
62.2035345411  3.1415926536  3.1415926536  0.0052413486  -0.1098201303
63.4601716025  3.1415926536  3.1415926536  0.0050374520  -0.1076399168
64.7168086639  3.1415926536  3.1415926536  0.0048451942  -0.1055445435
65.9734457254  3.1415926536  3.1415926536  0.0046637084  -0.1035291615
67.2300827868  3.1415926536  3.1415926536  0.0044922067  -0.1015892835
68.4867198483  3.1415926536  3.1415926536  0.0043299719  -0.0997207505
69.7433569097  3.1415926536  3.1415926536  0.0041763496  -0.0979197030
70.9999939711  3.1415926536  3.1415926536  0.0040307424  -0.0961825538
72.2566310326  3.1415926536  3.1415926536  0.0038926033  -0.0945059654
73.5132680940  3.1415926536  3.1415926536  0.0037614314  -0.0928868281
74.7699051554  3.1415926536  3.1415926536  0.0036367669  -0.0913222410
76.0265422169  3.1415926536  3.1415926536  0.0035181872  -0.0898094952
77.2831792783  3.1415926536  3.1415926536  0.0034053033  -0.0883460576
78.5398163397  3.1415926536  3.1415926536  0.0032977570  -0.0869295576
79.7964534012  3.1415926536  3.1415926536  0.0031952175  -0.0855577739
81.0530904626  3.1415926536  3.1415926536  0.0030973793  -0.0842286227
82.3097275241  3.1415926536  3.1415926536  0.0030039599  -0.0829401479
83.5663645855  3.1415926536  3.1415926536  0.0029146975  -0.0816905110
84.8230016469  3.1415926536  3.1415926536  0.0028293495  -0.0804779825
86.0796387084  3.1415926536  3.1415926536  0.0027476907  -0.0793009341
87.3362757698  3.1415926536  3.1415926536  0.0026695117  -0.0781578313
88.5929128312  3.1415926536  3.1415926536  0.0025946179  -0.0770472267
89.8495498927  3.1415926536  3.1415926536  0.0025228281  -0.0759677539
91.1061869541  3.1415926536  3.1415926536  0.0024539732  -0.0749181223
92.3628240155  3.1415926536  3.1415926536  0.0023878957  -0.0738971113
93.6194610770  3.1415926536  3.1415926536  0.0023244483  -0.0729035662
94.8760981384  3.1415926536  3.1415926536  0.0022634935  -0.0719363933
96.1327351998  3.1415926536  3.1415926536  0.0022049025  -0.0709945563
97.3893722613  3.1415926536  3.1415926536  0.0021485549  -0.0700770726
98.6460093227  3.1415926536  3.1415926536  0.0020943376  -0.0691830096
99.9026463842  3.1415926536  3.1415926536  0.0020421447  -0.0683114817
101.1592834456  3.1415926536  3.1415926536  0.0019918769  -0.0674616475
102.4159205070  3.1415926536  3.1415926536  0.0019434406  -0.0666327068
103.6725575685  3.1415926536  3.1415926536  0.0018967481  -0.0658238983
104.9291946299  3.1415926536  3.1415926536  0.0018517167  -0.0650344974
106.1858316913  3.1415926536  3.1415926536  0.0018082687  -0.0642638138
107.4424687528  3.1415926536  3.1415926536  0.0017663306  -0.0635111893
108.6991058142  3.1415926536  3.1415926536  0.0017258335  -0.0627759965
109.9557428756  3.1415926536  3.1415926536  0.0016867122  -0.0620576366
111.2123799371  3.1415926536  3.1415926536  0.0016489049  -0.0613555380
112.4690169985  3.1415926536  3.1415926536  0.0016123537  -0.0606691545
113.7256540600  3.1415926536  3.1415926536  0.0015770036  -0.0599979642
114.9822911214  3.1415926536  3.1415926536  0.0015428024  -0.0593414682
116.2389281828  3.1415926536  3.1415926536  0.0015097010  -0.0586991890
117.4955652443  3.1415926536  3.1415926536  0.0014776528  -0.0580706697
118.7522023057  3.1415926536  3.1415926536  0.0014466137  -0.0574554726
120.0088393671  3.1415926536  3.1415926536  0.0014165416  -0.0568531785
121.2654764286  3.1415926536  3.1415926536  0.0013873969  -0.0562633857
122.5221134900  3.1415926536  3.1415926536  0.0013591419  -0.0556857087
123.7787505514  3.1415926536  3.1415926536  0.0013317407  -0.0551197781
125.0353876129  3.1415926536  3.1415926536  0.0013051594  -0.0545652390
126.2920246743  3.1415926536  3.1415926536  0.0012793655  -0.0540217508
127.5486617357  3.1415926536  3.1415926536  0.0012543283  -0.0534889864
128.8052987972  3.1415926536  3.1415926536  0.0012300184  -0.0529666315
130.0619358586  3.1415926536  3.1415926536  0.0012064080  -0.0524543837
131.3185729201  3.1415926536  3.1415926536  0.0011834706  -0.0519519526
132.5752099815  3.1415926536  3.1415926536  0.0011611808  -0.0514590585
133.8318470429  3.1415926536  3.1415926536  0.0011395145  -0.0509754324
135.0884841044  3.1415926536  3.1415926536  0.0011184486  -0.0505008152
136.3451211658  3.1415926536  3.1415926536  0.0010979611  -0.0500349576
137.6017582272  3.1415926536  3.1415926536  0.0010780312  -0.0495776191
138.8583952887  3.1415926536  3.1415926536  0.0010586388  -0.0491285681
140.1150323501  3.1415926536  3.1415926536  0.0010397647  -0.0486875813
141.3716694115  3.1415926536  3.1415926536  0.0010213906  -0.0482544434
142.6283064730  3.1415926536  3.1415926536  0.0010034990  -0.0478289466
143.8849435344  3.1415926536  3.1415926536  0.0009860733  -0.0474108905
145.1415805958  3.1415926536  3.1415926536  0.0009690972  -0.0470000815
146.3982176573  3.1415926536  3.1415926536  0.0009525557  -0.0465963328
147.6548547187  3.1415926536  3.1415926536  0.0009364338  -0.0461994638
148.9114917802  3.1415926536  3.1415926536  0.0009207176  -0.0458093002
150.1681288416  3.1415926536  3.1415926536  0.0009053936  -0.0454256734
151.4247659030  3.1415926536  3.1415926536  0.0008904488  -0.0450484204
152.6814029645  3.1415926536  3.1415926536  0.0008758709  -0.0446773837
153.9380400259  3.1415926536  3.1415926536  0.0008616479  -0.0443124109
155.1946770873  3.1415926536  3.1415926536  0.0008477684  -0.0439533544
156.4513141488  3.1415926536  3.1415926536  0.0008342214  -0.0436000715
157.7079512102  3.1415926536  3.1415926536  0.0008209964  -0.0432524241
158.9645882716  3.1415926536  3.1415926536  0.0008080833  -0.0429102784
160.2212253331  3.1415926536  3.1415926536  0.0007954724  -0.0425735047
161.4778623945  3.1415926536  3.1415926536  0.0007831543  -0.0422419775
162.7344994560  3.1415926536  3.1415926536  0.0007711200  -0.0419155750
163.9911365174  3.1415926536  3.1415926536  0.0007593608  -0.0415941795
165.2477735788  3.1415926536  3.1415926536  0.0007478685  -0.0412776764
166.5044106403  3.1415926536  3.1415926536  0.0007366350  -0.0409659550
167.7610477017  3.1415926536  3.1415926536  0.0007256527  -0.0406589076
169.0176847631  3.1415926536  3.1415926536  0.0007149140  -0.0403564299
170.2743218246  3.1415926536  3.1415926536  0.0007044119  -0.0400584205
171.5309588860  3.1415926536  3.1415926536  0.0006941394  -0.0397647813
172.7875959474  3.1415926536  3.1415926536  0.0006840899  -0.0394754167
174.0442330089  3.1415926536  3.1415926536  0.0006742571  -0.0391902341
175.3008700703  3.1415926536  3.1415926536  0.0006646346  -0.0389091434
176.5575071317  3.1415926536  3.1415926536  0.0006552166  -0.0386320571
177.8141441932  3.1415926536  3.1415926536  0.0006459973  -0.0383588903
179.0707812546  3.1415926536  3.1415926536  0.0006369712  -0.0380895605
180.3274183161  3.1415926536  3.1415926536  0.0006281328  -0.0378239872
181.5840553775  3.1415926536  3.1415926536  0.0006194771  -0.0375620924
182.8406924389  3.1415926536  3.1415926536  0.0006109991  -0.0373038003
184.0973295004  3.1415926536  3.1415926536  0.0006026938  -0.0370490369
185.3539665618  3.1415926536  3.1415926536  0.0005945567  -0.0367977305
186.6106036232  3.1415926536  3.1415926536  0.0005865832  -0.0365498111
187.8672406847  3.1415926536  3.1415926536  0.0005787690  -0.0363052107
189.1238777461  3.1415926536  3.1415926536  0.0005711099  -0.0360638631
190.3805148075  3.1415926536  3.1415926536  0.0005636017  -0.0358257038
191.6371518690  3.1415926536  3.1415926536  0.0005562407  -0.0355906700
192.8937889304  3.1415926536  3.1415926536  0.0005490228  -0.0353587007
194.1504259918  3.1415926536  3.1415926536  0.0005419445  -0.0351297362
195.4070630533  3.1415926536  3.1415926536  0.0005350022  -0.0349037185
196.6637001147  3.1415926536  3.1415926536  0.0005281923  -0.0346805911
197.9203371762  3.1415926536  3.1415926536  0.0005215117  -0.0344602989
199.1769742376  3.1415926536  3.1415926536  0.0005149569  -0.0342427882
200.4336112990  3.1415926536  3.1415926536  0.0005085250  -0.0340280067
201.6902483605  3.1415926536  3.1415926536  0.0005022127  -0.0338159032
202.9468854219  3.1415926536  3.1415926536  0.0004960173  -0.0336064280
204.2035224833  3.1415926536  3.1415926536  0.0004899357  -0.0333995325
205.4601595448  3.1415926536  3.1415926536  0.0004839653  -0.0331951694
206.7167966062  3.1415926536  3.1415926536  0.0004781033  -0.0329932924
207.9734336676  3.1415926536  3.1415926536  0.0004723472  -0.0327938565
209.2300707291  3.1415926536  3.1415926536  0.0004666944  -0.0325968175
210.4867077905  3.1415926536  3.1415926536  0.0004611424  -0.0324021327
211.7433448520  3.1415926536  3.1415926536  0.0004556889  -0.0322097600
212.9999819134  3.1415926536  3.1415926536  0.0004503315  -0.0320196584
214.2566189748  3.1415926536  3.1415926536  0.0004450681  -0.0318317880
215.5132560363  3.1415926536  3.1415926536  0.0004398963  -0.0316461097
216.7698930977  3.1415926536  3.1415926536  0.0004348142  -0.0314625854
218.0265301591  3.1415926536  3.1415926536  0.0004298196  -0.0312811778
219.2831672206  3.1415926536  3.1415926536  0.0004249105  -0.0311018505
220.5398042820  3.1415926536  3.1415926536  0.0004200851  -0.0309245678
221.7964413434  3.1415926536  3.1415926536  0.0004153414  -0.0307492951
223.0530784049  3.1415926536  3.1415926536  0.0004106776  -0.0305759983
224.3097154663  3.1415926536  3.1415926536  0.0004060918  -0.0304046442
225.5663525277  3.1415926536  3.1415926536  0.0004015824  -0.0302352004
226.8229895892  3.1415926536  3.1415926536  0.0003971478  -0.0300676349
228.0796266506  3.1415926536  3.1415926536  0.0003927861  -0.0299019168
229.3362637121  3.1415926536  3.1415926536  0.0003884959  -0.0297380157
230.5929007735  3.1415926536  3.1415926536  0.0003842756  -0.0295759019
231.8495378349  3.1415926536  3.1415926536  0.0003801237  -0.0294155462
233.1061748964  3.1415926536  3.1415926536  0.0003760387  -0.0292569203
234.3628119578  3.1415926536  3.1415926536  0.0003720191  -0.0290999963
235.6194490192  3.1415926536  3.1415926536  0.0003680637  -0.0289447468
236.8760860807  3.1415926536  3.1415926536  0.0003641710  -0.0287911454
238.1327231421  3.1415926536  3.1415926536  0.0003603397  -0.0286391658
239.3893602035  3.1415926536  3.1415926536  0.0003565686  -0.0284887826
240.6459972650  3.1415926536  3.1415926536  0.0003528563  -0.0283399706
241.9026343264  3.1415926536  3.1415926536  0.0003492017  -0.0281927054
243.1592713878  3.1415926536  3.1415926536  0.0003456036  -0.0280469630
244.4159084493  3.1415926536  3.1415926536  0.0003420608  -0.0279027199
245.6725455107  3.1415926536  3.1415926536  0.0003385722  -0.0277599531
246.9291825722  3.1415926536  3.1415926536  0.0003351367  -0.0276186399
248.1858196336  3.1415926536  3.1415926536  0.0003317532  -0.0274787585
249.4424566950  3.1415926536  3.1415926536  0.0003284206  -0.0273402869
250.6990937565  3.1415926536  3.1415926536  0.0003251380  -0.0272032042
251.9557308179  3.1415926536  3.1415926536  0.0003219044  -0.0270674894
253.2123678793  3.1415926536  3.1415926536  0.0003187188  -0.0269331222
254.4690049408  3.1415926536  3.1415926536  0.0003155802  -0.0268000826
255.7256420022  3.1415926536  3.1415926536  0.0003124878  -0.0266683511
256.9822790636  3.1415926536  3.1415926536  0.0003094405  -0.0265379084
258.2389161251  3.1415926536  3.1415926536  0.0003064377  -0.0264087357
259.4955531865  3.1415926536  3.1415926536  0.0003034783  -0.0262808146
260.7521902480  3.1415926536  3.1415926536  0.0003005616  -0.0261541269
262.0088273094  3.1415926536  3.1415926536  0.0002976867  -0.0260286550
263.2654643708  3.1415926536  3.1415926536  0.0002948528  -0.0259043813
264.5221014323  3.1415926536  3.1415926536  0.0002920593  -0.0257812888
265.7787384937  3.1415926536  3.1415926536  0.0002893052  -0.0256593607
267.0353755551  3.1415926536  3.1415926536  0.0002865899  -0.0255385806
268.2920126166  3.1415926536  3.1415926536  0.0002839127  -0.0254189323
269.5486496780  3.1415926536  3.1415926536  0.0002812727  -0.0253004001
270.8052867394  3.1415926536  3.1415926536  0.0002786695  -0.0251829683
272.0619238009  3.1415926536  3.1415926536  0.0002761022  -0.0250666217
273.3185608623  3.1415926536  3.1415926536  0.0002735702  -0.0249513453
274.5751979237  3.1415926536  3.1415926536  0.0002710728  -0.0248371245
275.8318349852  3.1415926536  3.1415926536  0.0002686096  -0.0247239448
277.0884720466  3.1415926536  3.1415926536  0.0002661797  -0.0246117920
278.3451091081  3.1415926536  3.1415926536  0.0002637826  -0.0245006522
279.6017461695  3.1415926536  3.1415926536  0.0002614178  -0.0243905117
280.8583832309  3.1415926536  3.1415926536  0.0002590846  -0.0242813572
282.1150202924  3.1415926536  3.1415926536  0.0002567826  -0.0241731754
283.3716573538  3.1415926536  3.1415926536  0.0002545110  -0.0240659535
284.6282944152  3.1415926536  3.1415926536  0.0002522695  -0.0239596786
285.8849314767  3.1415926536  3.1415926536  0.0002500575  -0.0238543383
287.1415685381  3.1415926536  3.1415926536  0.0002478744  -0.0237499203
288.3982055995  3.1415926536  3.1415926536  0.0002457198  -0.0236464125
289.6548426610  3.1415926536  3.1415926536  0.0002435931  -0.0235438032
290.9114797224  3.1415926536  3.1415926536  0.0002414939  -0.0234420806
292.1681167839  3.1415926536  3.1415926536  0.0002394218  -0.0233412333
293.4247538453  3.1415926536  3.1415926536  0.0002373762  -0.0232412501
294.6813909067  3.1415926536  3.1415926536  0.0002353567  -0.0231421198
295.9380279682  3.1415926536  3.1415926536  0.0002333628  -0.0230438317
297.1946650296  3.1415926536  3.1415926536  0.0002313942  -0.0229463751
298.4513020910  3.1415926536  3.1415926536  0.0002294504  -0.0228497393
299.7079391525  3.1415926536  3.1415926536  0.0002275310  -0.0227539142
300.9645762139  3.1415926536  3.1415926536  0.0002256355  -0.0226588895
302.2212132753  3.1415926536  3.1415926536  0.0002237637  -0.0225646552
303.4778503368  3.1415926536  3.1415926536  0.0002219150  -0.0224712016
304.7344873982  3.1415926536  3.1415926536  0.0002200892  -0.0223785190
305.9911244596  3.1415926536  3.1415926536  0.0002182858  -0.0222865978
307.2477615211  3.1415926536  3.1415926536  0.0002165044  -0.0221954288
308.5043985825  3.1415926536  3.1415926536  0.0002147448  -0.0221050027
309.7610356440  3.1415926536  3.1415926536  0.0002130065  -0.0220153104
311.0176727054  3.1415926536  3.1415926536  0.0002112893  -0.0219263432
312.2743097668  3.1415926536  3.1415926536  0.0002095927  -0.0218380922
313.5309468283  3.1415926536  3.1415926536  0.0002079165  -0.0217505488
314.7875838897  3.1415926536  3.1415926536  0.0002062603  -0.0216637045
316.0442209511  3.1415926536  3.1415926536  0.0002046239  -0.0215775510
317.3008580126  3.1415926536  3.1415926536  0.0002030068  -0.0214920801
318.5574950740  3.1415926536  3.1415926536  0.0002014088  -0.0214072838
319.8141321354  3.1415926536  3.1415926536  0.0001998296  -0.0213231539
321.0707691969  3.1415926536  3.1415926536  0.0001982689  -0.0212396828
322.3274062583  3.1415926536  3.1415926536  0.0001967264  -0.0211568627
323.5840433197  3.1415926536  3.1415926536  0.0001952019  -0.0210746860
324.8406803812  3.1415926536  3.1415926536  0.0001936950  -0.0209931453
326.0973174426  3.1415926536  3.1415926536  0.0001922054  -0.0209122332
327.3539545041  3.1415926536  3.1415926536  0.0001907330  -0.0208319425
328.6105915655  3.1415926536  3.1415926536  0.0001892775  -0.0207522659
329.8672286269  3.1415926536  3.1415926536  0.0001878385  -0.0206731966
331.1238656884  3.1415926536  3.1415926536  0.0001864159  -0.0205947276
332.3805027498  3.1415926536  3.1415926536  0.0001850094  -0.0205168521
333.6371398112  3.1415926536  3.1415926536  0.0001836187  -0.0204395633
334.8937768727  3.1415926536  3.1415926536  0.0001822437  -0.0203628547
336.1504139341  3.1415926536  3.1415926536  0.0001808840  -0.0202867198
337.4070509955  3.1415926536  3.1415926536  0.0001795395  -0.0202111521
338.6636880570  3.1415926536  3.1415926536  0.0001782100  -0.0201361453
339.9203251184  3.1415926536  3.1415926536  0.0001768951  -0.0200616932
341.1769621799  3.1415926536  3.1415926536  0.0001755948  -0.0199877898
342.4335992413  3.1415926536  3.1415926536  0.0001743087  -0.0199144288
343.6902363027  3.1415926536  3.1415926536  0.0001730367  -0.0198416045
344.9468733642  3.1415926536  3.1415926536  0.0001717786  -0.0197693108
346.2035104256  3.1415926536  3.1415926536  0.0001705341  -0.0196975421
347.4601474870  3.1415926536  3.1415926536  0.0001693031  -0.0196262926
348.7167845485  3.1415926536  3.1415926536  0.0001680854  -0.0195555568
349.9734216099  3.1415926536  3.1415926536  0.0001668808  -0.0194853290
351.2300586713  3.1415926536  3.1415926536  0.0001656891  -0.0194156039
352.4866957328  3.1415926536  3.1415926536  0.0001645101  -0.0193463760
353.7433327942  3.1415926536  3.1415926536  0.0001633437  -0.0192776401
354.9999698556  3.1415926536  3.1415926536  0.0001621896  -0.0192093909
356.2566069171  3.1415926536  3.1415926536  0.0001610477  -0.0191416233
357.5132439785  3.1415926536  3.1415926536  0.0001599178  -0.0190743321
358.7698810400  3.1415926536  3.1415926536  0.0001587998  -0.0190075125
360.0265181014  3.1415926536  3.1415926536  0.0001576934  -0.0189411594
361.2831551628  3.1415926536  3.1415926536  0.0001565986  -0.0188752680
362.5397922243  3.1415926536  3.1415926536  0.0001555151  -0.0188098335
363.7964292857  3.1415926536  3.1415926536  0.0001544429  -0.0187448512
365.0530663471  3.1415926536  3.1415926536  0.0001533817  -0.0186803163
366.3097034086  3.1415926536  3.1415926536  0.0001523313  -0.0186162242
367.5663404700  3.1415926536  3.1415926536  0.0001512918  -0.0185525705
368.8229775314  3.1415926536  3.1415926536  0.0001502628  -0.0184893507
370.0796145929  3.1415926536  3.1415926536  0.0001492443  -0.0184265602
371.3362516543  3.1415926536  3.1415926536  0.0001482361  -0.0183641948
372.5928887157  3.1415926536  3.1415926536  0.0001472381  -0.0183022502
373.8495257772  3.1415926536  3.1415926536  0.0001462502  -0.0182407221
375.1061628386  3.1415926536  3.1415926536  0.0001452721  -0.0181796063
376.3627999001  3.1415926536  3.1415926536  0.0001443039  -0.0181188987
377.6194369615  3.1415926536  3.1415926536  0.0001433452  -0.0180585952
378.8760740229  3.1415926536  3.1415926536  0.0001423961  -0.0179986919
380.1327110844  3.1415926536  3.1415926536  0.0001414564  -0.0179391846
381.3893481458  3.1415926536  3.1415926536  0.0001405260  -0.0178800696
382.6459852072  3.1415926536  3.1415926536  0.0001396047  -0.0178213429
383.9026222687  3.1415926536  3.1415926536  0.0001386925  -0.0177630008
385.1592593301  3.1415926536  3.1415926536  0.0001377891  -0.0177050394
386.4158963915  3.1415926536  3.1415926536  0.0001368946  -0.0176474551
387.6725334530  3.1415926536  3.1415926536  0.0001360087  -0.0175902441
388.9291705144  3.1415926536  3.1415926536  0.0001351314  -0.0175334029
390.1858075759  3.1415926536  3.1415926536  0.0001342626  -0.0174769279
391.4424446373  3.1415926536  3.1415926536  0.0001334021  -0.0174208156
392.6990816987  3.1415926536  3.1415926536  0.0001325498  -0.0173650625
393.9557187602  3.1415926536  3.1415926536  0.0001317057  -0.0173096651
395.2123558216  3.1415926536  3.1415926536  0.0001308697  -0.0172546200
396.4689928830  3.1415926536  3.1415926536  0.0001300416  -0.0171999240
397.7256299445  3.1415926536  3.1415926536  0.0001292213  -0.0171455736
398.9822670059  3.1415926536  3.1415926536  0.0001284087  -0.0170915657
400.2389040673  3.1415926536  3.1415926536  0.0001276038  -0.0170378969
401.4955411288  3.1415926536  3.1415926536  0.0001268064  -0.0169845642
402.7521781902  3.1415926536  3.1415926536  0.0001260165  -0.0169315643
404.0088152516  3.1415926536  3.1415926536  0.0001252339  -0.0168788942
405.2654523131  3.1415926536  3.1415926536  0.0001244587  -0.0168265508
406.5220893745  3.1415926536  3.1415926536  0.0001236905  -0.0167745311
407.7787264360  3.1415926536  3.1415926536  0.0001229295  -0.0167228320
409.0353634974  3.1415926536  3.1415926536  0.0001221755  -0.0166714506
410.2920005588  3.1415926536  3.1415926536  0.0001214284  -0.0166203840
411.5486376203  3.1415926536  3.1415926536  0.0001206881  -0.0165696293
412.8052746817  3.1415926536  3.1415926536  0.0001199545  -0.0165191837
414.0619117431  3.1415926536  3.1415926536  0.0001192277  -0.0164690443
415.3185488046  3.1415926536  3.1415926536  0.0001185074  -0.0164192084
416.5751858660  3.1415926536  3.1415926536  0.0001177936  -0.0163696732
417.8318229274  3.1415926536  3.1415926536  0.0001170863  -0.0163204360
419.0884599889  3.1415926536  3.1415926536  0.0001163853  -0.0162714941
420.3450970503  3.1415926536  3.1415926536  0.0001156906  -0.0162228449
421.6017341118  3.1415926536  3.1415926536  0.0001150021  -0.0161744857
422.8583711732  3.1415926536  3.1415926536  0.0001143197  -0.0161264140
424.1150082346  3.1415926536  3.1415926536  0.0001136434  -0.0160786273
425.3716452961  3.1415926536  3.1415926536  0.0001129730  -0.0160311229
426.6282823575  3.1415926536  3.1415926536  0.0001123086  -0.0159838984
427.8849194189  3.1415926536  3.1415926536  0.0001116500  -0.0159369513
429.1415564804  3.1415926536  3.1415926536  0.0001109972  -0.0158902792
430.3981935418  3.1415926536  3.1415926536  0.0001103501  -0.0158438797
431.6548306032  3.1415926536  3.1415926536  0.0001097086  -0.0157977504
432.9114676647  3.1415926536  3.1415926536  0.0001090727  -0.0157518889
434.1681047261  3.1415926536  3.1415926536  0.0001084423  -0.0157062930
435.4247417875  3.1415926536  3.1415926536  0.0001078174  -0.0156609602
436.6813788490  3.1415926536  3.1415926536  0.0001071979  -0.0156158884
437.9380159104  3.1415926536  3.1415926536  0.0001065837  -0.0155710753
439.1946529719  3.1415926536  3.1415926536  0.0001059747  -0.0155265187
440.4512900333  3.1415926536  3.1415926536  0.0001053710  -0.0154822164
441.7079270947  3.1415926536  3.1415926536  0.0001047724  -0.0154381662
442.9645641562  3.1415926536  3.1415926536  0.0001041788  -0.0153943659
444.2212012176  3.1415926536  3.1415926536  0.0001035903  -0.0153508135
445.4778382790  3.1415926536  3.1415926536  0.0001030068  -0.0153075068
446.7344753405  3.1415926536  3.1415926536  0.0001024282  -0.0152644438
447.9911124019  3.1415926536  3.1415926536  0.0001018545  -0.0152216224
449.2477494633  3.1415926536  3.1415926536  0.0001012856  -0.0151790407
450.5043865248  3.1415926536  3.1415926536  0.0001007214  -0.0151366965
451.7610235862  3.1415926536  3.1415926536  0.0001001619  -0.0150945879
453.0176606476  3.1415926536  3.1415926536  0.0000996071  -0.0150527129
454.2742977091  3.1415926536  3.1415926536  0.0000990568  -0.0150110697
455.5309347705  3.1415926536  3.1415926536  0.0000985112  -0.0149696562
456.7875718320  3.1415926536  3.1415926536  0.0000979700  -0.0149284706
458.0442088934  3.1415926536  3.1415926536  0.0000974332  -0.0148875111
459.3008459548  3.1415926536  3.1415926536  0.0000969009  -0.0148467757
460.5574830163  3.1415926536  3.1415926536  0.0000963729  -0.0148062626
461.8141200777  3.1415926536  3.1415926536  0.0000958492  -0.0147659700
463.0707571391  3.1415926536  3.1415926536  0.0000953298  -0.0147258961
464.3273942006  3.1415926536  3.1415926536  0.0000948145  -0.0146860392
465.5840312620  3.1415926536  3.1415926536  0.0000943035  -0.0146463975
466.8406683234  3.1415926536  3.1415926536  0.0000937966  -0.0146069692
468.0973053849  3.1415926536  3.1415926536  0.0000932937  -0.0145677526
469.3539424463  3.1415926536  3.1415926536  0.0000927949  -0.0145287460
470.6105795078  3.1415926536  3.1415926536  0.0000923000  -0.0144899478
471.8672165692  3.1415926536  3.1415926536  0.0000918091  -0.0144513562
473.1238536306  3.1415926536  3.1415926536  0.0000913222  -0.0144129697
474.3804906921  3.1415926536  3.1415926536  0.0000908390  -0.0143747866
475.6371277535  3.1415926536  3.1415926536  0.0000903597  -0.0143368052
476.8937648149  3.1415926536  3.1415926536  0.0000898842  -0.0142990241
478.1504018764  3.1415926536  3.1415926536  0.0000894125  -0.0142614415
479.4070389378  3.1415926536  3.1415926536  0.0000889444  -0.0142240560
480.6636759992  3.1415926536  3.1415926536  0.0000884800  -0.0141868660
481.9203130607  3.1415926536  3.1415926536  0.0000880192  -0.0141498700
483.1769501221  3.1415926536  3.1415926536  0.0000875620  -0.0141130665
484.4335871835  3.1415926536  3.1415926536  0.0000871084  -0.0140764538
485.6902242450  3.1415926536  3.1415926536  0.0000866583  -0.0140400307
486.9468613064  3.1415926536  3.1415926536  0.0000862117  -0.0140037956
488.2034983679  3.1415926536  3.1415926536  0.0000857685  -0.0139677471
489.4601354293  3.1415926536  3.1415926536  0.0000853287  -0.0139318836
490.7167724907  3.1415926536  3.1415926536  0.0000848923  -0.0138962039
491.9734095522  3.1415926536  3.1415926536  0.0000844592  -0.0138607065
493.2300466136  3.1415926536  3.1415926536  0.0000840295  -0.0138253899
494.4866836750  3.1415926536  3.1415926536  0.0000836030  -0.0137902529
495.7433207365  3.1415926536  3.1415926536  0.0000831797  -0.0137552941
496.9999577979  3.1415926536  3.1415926536  0.0000827597  -0.0137205120
498.2565948593  3.1415926536  3.1415926536  0.0000823428  -0.0136859054
499.5132319208  3.1415926536  3.1415926536  0.0000819291  -0.0136514730
500.7698689822  3.1415926536  3.1415926536  0.0000815184  -0.0136172133
502.0265060436  3.1415926536  3.1415926536  0.0000811109  -0.0135831252
503.2831431051  3.1415926536  3.1415926536  0.0000807064  -0.0135492074
504.5397801665  3.1415926536  3.1415926536  0.0000803049  -0.0135154585
505.7964172280  3.1415926536  3.1415926536  0.0000799064  -0.0134818773
507.0530542894  3.1415926536  3.1415926536  0.0000795109  -0.0134484627
508.3096913508  3.1415926536  3.1415926536  0.0000791183  -0.0134152132
509.5663284123  3.1415926536  3.1415926536  0.0000787286  -0.0133821277
510.8229654737  3.1415926536  3.1415926536  0.0000783418  -0.0133492051
512.0796025351  3.1415926536  3.1415926536  0.0000779578  -0.0133164440
513.3362395966  3.1415926536  3.1415926536  0.0000775766  -0.0132838434
514.5928766580  3.1415926536  3.1415926536  0.0000771983  -0.0132514020
515.8495137194  3.1415926536  3.1415926536  0.0000768226  -0.0132191187
517.1061507809  3.1415926536  3.1415926536  0.0000764498  -0.0131869923
518.3627878423  3.1415926536  3.1415926536  0.0000760796  -0.0131550216
519.6194249038  3.1415926536  3.1415926536  0.0000757121  -0.0131232056
520.8760619652  3.1415926536  3.1415926536  0.0000753473  -0.0130915432
522.1326990266  3.1415926536  3.1415926536  0.0000749851  -0.0130600332
523.3893360881  3.1415926536  3.1415926536  0.0000746255  -0.0130286745
524.6459731495  3.1415926536  3.1415926536  0.0000742684  -0.0129974660
525.9026102109  3.1415926536  3.1415926536  0.0000739140  -0.0129664067
527.1592472724  3.1415926536  3.1415926536  0.0000735620  -0.0129354955
528.4158843338  3.1415926536  3.1415926536  0.0000732126  -0.0129047313
529.6725213952  3.1415926536  3.1415926536  0.0000728657  -0.0128741131
530.9291584567  3.1415926536  3.1415926536  0.0000725212  -0.0128436399
532.1857955181  3.1415926536  3.1415926536  0.0000721792  -0.0128133106
533.4424325795  3.1415926536  3.1415926536  0.0000718395  -0.0127831242
534.6990696410  3.1415926536  3.1415926536  0.0000715023  -0.0127530797
535.9557067024  3.1415926536  3.1415926536  0.0000711674  -0.0127231761
537.2123437639  3.1415926536  3.1415926536  0.0000708349  -0.0126934124
538.4689808253  3.1415926536  3.1415926536  0.0000705047  -0.0126637876
539.7256178867  3.1415926536  3.1415926536  0.0000701768  -0.0126343008
540.9822549482  3.1415926536  3.1415926536  0.0000698512  -0.0126049510
542.2388920096  3.1415926536  3.1415926536  0.0000695278  -0.0125757373
543.4955290710  3.1415926536  3.1415926536  0.0000692067  -0.0125466587
544.7521661325  3.1415926536  3.1415926536  0.0000688878  -0.0125177142
546.0088031939  3.1415926536  3.1415926536  0.0000685711  -0.0124889030
547.2654402553  3.1415926536  3.1415926536  0.0000682566  -0.0124602241
548.5220773168  3.1415926536  3.1415926536  0.0000679443  -0.0124316766
549.7787143782  3.1415926536  3.1415926536  0.0000676341  -0.0124032596
551.0353514396  3.1415926536  3.1415926536  0.0000673260  -0.0123749723
552.2919885011  3.1415926536  3.1415926536  0.0000670200  -0.0123468136
553.5486255625  3.1415926536  3.1415926536  0.0000667161  -0.0123187829
554.8052626240  3.1415926536  3.1415926536  0.0000664142  -0.0122908791
556.0618996854  3.1415926536  3.1415926536  0.0000661144  -0.0122631015
557.3185367468  3.1415926536  3.1415926536  0.0000658166  -0.0122354492
558.5751738083  3.1415926536  3.1415926536  0.0000655208  -0.0122079212
559.8318108697  3.1415926536  3.1415926536  0.0000652270  -0.0121805169
561.0884479311  3.1415926536  3.1415926536  0.0000649352  -0.0121532353
562.3450849926  3.1415926536  3.1415926536  0.0000646454  -0.0121260757
563.6017220540  3.1415926536  3.1415926536  0.0000643574  -0.0120990372
564.8583591154  3.1415926536  3.1415926536  0.0000640714  -0.0120721190
566.1149961769  3.1415926536  3.1415926536  0.0000637873  -0.0120453203
567.3716332383  3.1415926536  3.1415926536  0.0000635051  -0.0120186404
568.6282702998  3.1415926536  3.1415926536  0.0000632248  -0.0119920783
569.8849073612  3.1415926536  3.1415926536  0.0000629463  -0.0119656335
571.1415444226  3.1415926536  3.1415926536  0.0000626696  -0.0119393050
572.3981814841  3.1415926536  3.1415926536  0.0000623948  -0.0119130921
573.6548185455  3.1415926536  3.1415926536  0.0000621217  -0.0118869941
574.9114556069  3.1415926536  3.1415926536  0.0000618505  -0.0118610101
576.1680926684  3.1415926536  3.1415926536  0.0000615810  -0.0118351396
577.4247297298  3.1415926536  3.1415926536  0.0000613133  -0.0118093816
578.6813667912  3.1415926536  3.1415926536  0.0000610473  -0.0117837355
579.9380038527  3.1415926536  3.1415926536  0.0000607831  -0.0117582006
581.1946409141  3.1415926536  3.1415926536  0.0000605205  -0.0117327761
582.4512779755  3.1415926536  3.1415926536  0.0000602597  -0.0117074613
583.7079150370  3.1415926536  3.1415926536  0.0000600005  -0.0116822555
584.9645520984  3.1415926536  3.1415926536  0.0000597430  -0.0116571580
586.2211891599  3.1415926536  3.1415926536  0.0000594872  -0.0116321681
587.4778262213  3.1415926536  3.1415926536  0.0000592330  -0.0116072852
588.7344632827  3.1415926536  3.1415926536  0.0000589804  -0.0115825085
589.9911003442  3.1415926536  3.1415926536  0.0000587295  -0.0115578373
591.2477374056  3.1415926536  3.1415926536  0.0000584801  -0.0115332710
592.5043744670  3.1415926536  3.1415926536  0.0000582323  -0.0115088089
593.7610115285  3.1415926536  3.1415926536  0.0000579861  -0.0114844504
595.0176485899  3.1415926536  3.1415926536  0.0000577415  -0.0114601948
596.2742856513  3.1415926536  3.1415926536  0.0000574984  -0.0114360414
597.5309227128  3.1415926536  3.1415926536  0.0000572568  -0.0114119896
598.7875597742  3.1415926536  3.1415926536  0.0000570168  -0.0113880388
600.0441968357  3.1415926536  3.1415926536  0.0000567782  -0.0113641883
601.3008338971  3.1415926536  3.1415926536  0.0000565412  -0.0113404375
602.5574709585  3.1415926536  3.1415926536  0.0000563056  -0.0113167858
603.8141080200  3.1415926536  3.1415926536  0.0000560715  -0.0112932325
605.0707450814  3.1415926536  3.1415926536  0.0000558389  -0.0112697770
606.3273821428  3.1415926536  3.1415926536  0.0000556077  -0.0112464188
607.5840192043  3.1415926536  3.1415926536  0.0000553779  -0.0112231573
608.8406562657  3.1415926536  3.1415926536  0.0000551496  -0.0111999917
610.0972933271  3.1415926536  3.1415926536  0.0000549226  -0.0111769216
611.3539303886  3.1415926536  3.1415926536  0.0000546971  -0.0111539463
612.6105674500  3.1415926536  3.1415926536  0.0000544729  -0.0111310653
613.8672045114  3.1415926536  3.1415926536  0.0000542502  -0.0111082780
615.1238415729  3.1415926536  3.1415926536  0.0000540288  -0.0110855838
616.3804786343  3.1415926536  3.1415926536  0.0000538087  -0.0110629822
617.6371156958  3.1415926536  3.1415926536  0.0000535900  -0.0110404725
618.8937527572  3.1415926536  3.1415926536  0.0000533726  -0.0110180542
620.1503898186  3.1415926536  3.1415926536  0.0000531565  -0.0109957268
621.4070268801  3.1415926536  3.1415926536  0.0000529418  -0.0109734897
622.6636639415  3.1415926536  3.1415926536  0.0000527283  -0.0109513424
623.9203010029  3.1415926536  3.1415926536  0.0000525162  -0.0109292842
625.1769380644  3.1415926536  3.1415926536  0.0000523053  -0.0109073148
626.4335751258  3.1415926536  3.1415926536  0.0000520956  -0.0108854335
627.6902121872  3.1415926536  3.1415926536  0.0000518873  -0.0108636399
628.9468492487  3.1415926536  3.1415926536  0.0000000000  0.0000000000
