-627.6902121872  0.0000000000  0.0000000000  0.0000000000  0.0000000000
-626.4335751258  0.0000000000  0.0000000000  0.0000000000  0.0000000000
-625.1769380644  0.0000000000  0.0000000000  0.0000000000  0.0000000000
-623.9203010029  0.0000000000  0.0000000000  0.0000000000  0.0000000000
-622.6636639415  0.0000000000  0.0000000000  0.0000000000  0.0000000000
-621.4070268801  0.0000000000  0.0000000000  0.0000000000  0.0000000000
-620.1503898186  0.0000000000  0.0000000000  0.0000000000  0.0000000000
-618.8937527572  0.0000000000  0.0000000000  0.0000000000  0.0000000000
-617.6371156958  0.0000000000  0.0000000000  0.0000000000  0.0000000000
-616.3804786343  0.0000000000  0.0000000000  0.0000000000  0.0000000000
-615.1238415729  0.0000000000  0.0000000000  0.0000000000  0.0000000000
-613.8672045114  0.0000000000  0.0000000000  0.0000000000  0.0000000000
-612.6105674500  0.0000000000  0.0000000000  0.0000000000  0.0000000000
-611.3539303886  0.0000000000  0.0000000000  0.0000000000  0.0000000000
-610.0972933271  0.0000000000  0.0000000000  0.0000000000  0.0000000000
-608.8406562657  0.0000000000  0.0000000000  0.0000000000  0.0000000000
-607.5840192043  0.0000000000  0.0000000000  0.0000000000  0.0000000000
-606.3273821428  0.0000000000  0.0000000000  0.0000000000  0.0000000000
-605.0707450814  0.0000000000  0.0000000000  0.0000000000  0.0000000000
-603.8141080200  0.0000000000  0.0000000000  0.0000000000  0.0000000000
-602.5574709585  0.0000000000  0.0000000000  0.0000000000  0.0000000000
-601.3008338971  0.0000000000  0.0000000000  0.0000000000  0.0000000000
-600.0441968357  0.0000000000  0.0000000000  0.0000000000  0.0000000000
-598.7875597742  0.0000000000  0.0000000000  0.0000000000  0.0000000000
-597.5309227128  0.0000000000  0.0000000000  0.0000000000  0.0000000000
-596.2742856513  0.0000000000  0.0000000000  0.0000000000  0.0000000000
-595.0176485899  0.0000000000  0.0000000000  0.0000000000  0.0000000000
-593.7610115285  0.0000000000  0.0000000000  0.0000000000  0.0000000000
-592.5043744670  0.0000000000  0.0000000000  0.0000000000  0.0000000000
-591.2477374056  0.0000000000  0.0000000000  0.0000000000  0.0000000000
-589.9911003442  0.0000000000  0.0000000000  0.0000000000  0.0000000000
-588.7344632827  0.0000000000  0.0000000000  0.0000000000  0.0000000000
-587.4778262213  0.0000000000  0.0000000000  0.0000000000  0.0000000000
-586.2211891599  0.0000000000  0.0000000000  0.0000000000  0.0000000000
-584.9645520984  0.0000000000  0.0000000000  0.0000000000  0.0000000000
-583.7079150370  0.0000000000  0.0000000000  0.0000000000  0.0000000000
-582.4512779755  0.0000000000  0.0000000000  0.0000000000  0.0000000000
-581.1946409141  0.0000000000  0.0000000000  0.0000000000  0.0000000000
-579.9380038527  0.0000000000  0.0000000000  0.0000000000  0.0000000000
-578.6813667912  0.0000000000  0.0000000000  0.0000000000  0.0000000000
-577.4247297298  0.0000000000  0.0000000000  0.0000000000  0.0000000000
-576.1680926684  0.0000000000  0.0000000000  0.0000000000  0.0000000000
-574.9114556069  0.0000000000  0.0000000000  0.0000000000  0.0000000000
-573.6548185455  0.0000000000  0.0000000000  0.0000000000  0.0000000000
-572.3981814841  0.0000000000  0.0000000000  0.0000000000  0.0000000000
-571.1415444226  0.0000000000  0.0000000000  0.0000000000  0.0000000000
-569.8849073612  0.0000000000  0.0000000000  0.0000000000  0.0000000000
-568.6282702998  0.0000000000  0.0000000000  0.0000000000  0.0000000000
-567.3716332383  0.0000000000  0.0000000000  0.0000000000  0.0000000000
-566.1149961769  0.0000000000  0.0000000000  0.0000000000  0.0000000000
-564.8583591154  0.0000000000  0.0000000000  0.0000000000  0.0000000000
-563.6017220540  0.0000000000  0.0000000000  0.0000000000  0.0000000000
-562.3450849926  0.0000000000  0.0000000000  0.0000000000  0.0000000000
-561.0884479311  0.0000000000  0.0000000000  0.0000000000  0.0000000000
-559.8318108697  0.0000000000  0.0000000000  0.0000000000  0.0000000000
-558.5751738083  0.0000000000  0.0000000000  0.0000000000  0.0000000000
-557.3185367468  0.0000000000  0.0000000000  0.0000000000  0.0000000000
-556.0618996854  0.0000000000  0.0000000000  0.0000000000  0.0000000000
-554.8052626240  0.0000000000  0.0000000000  0.0000000000  0.0000000000
-553.5486255625  0.0000000000  0.0000000000  0.0000000000  0.0000000000
-552.2919885011  0.0000000000  0.0000000000  0.0000000000  0.0000000000
-551.0353514396  0.0000000000  0.0000000000  0.0000000000  0.0000000000
-549.7787143782  0.0000000000  0.0000000000  0.0000000000  0.0000000000
-548.5220773168  0.0000000000  0.0000000000  0.0000000000  0.0000000000
-547.2654402553  0.0000000000  0.0000000000  0.0000000000  0.0000000000
-546.0088031939  0.0000000000  0.0000000000  0.0000000000  0.0000000000
-544.7521661325  0.0000000000  0.0000000000  0.0000000000  0.0000000000
-543.4955290710  0.0000000000  0.0000000000  0.0000000000  0.0000000000
-542.2388920096  0.0000000000  0.0000000000  0.0000000000  0.0000000000
-540.9822549482  0.0000000000  0.0000000000  0.0000000000  0.0000000000
-539.7256178867  0.0000000000  0.0000000000  0.0000000000  0.0000000000
-538.4689808253  0.0000000000  0.0000000000  0.0000000000  0.0000000000
-537.2123437639  0.0000000000  0.0000000000  0.0000000000  0.0000000000
-535.9557067024  0.0000000000  0.0000000000  0.0000000000  0.0000000000
-534.6990696410  0.0000000000  0.0000000000  0.0000000000  0.0000000000
-533.4424325795  0.0000000000  0.0000000000  0.0000000000  0.0000000000
-532.1857955181  0.0000000000  0.0000000000  0.0000000000  0.0000000000
-530.9291584567  0.0000000000  0.0000000000  0.0000000000  0.0000000000
-529.6725213952  0.0000000000  0.0000000000  0.0000000000  0.0000000000
-528.4158843338  0.0000000000  0.0000000000  0.0000000000  0.0000000000
-527.1592472724  0.0000000000  0.0000000000  0.0000000000  0.0000000000
-525.9026102109  0.0000000000  0.0000000000  0.0000000000  0.0000000000
-524.6459731495  0.0000000000  0.0000000000  0.0000000000  0.0000000000
-523.3893360881  0.0000000000  0.0000000000  0.0000000000  0.0000000000
-522.1326990266  0.0000000000  0.0000000000  0.0000000000  0.0000000000
-520.8760619652  0.0000000000  0.0000000000  0.0000000000  0.0000000000
-519.6194249038  0.0000000000  0.0000000000  0.0000000000  0.0000000000
-518.3627878423  0.0000000000  0.0000000000  0.0000000000  0.0000000000
-517.1061507809  0.0000000000  0.0000000000  0.0000000000  0.0000000000
-515.8495137194  0.0000000000  0.0000000000  0.0000000000  0.0000000000
-514.5928766580  0.0000000000  0.0000000000  0.0000000000  0.0000000000
-513.3362395966  0.0000000000  0.0000000000  0.0000000000  0.0000000000
-512.0796025351  0.0000000000  0.0000000000  0.0000000000  0.0000000000
-510.8229654737  0.0000000000  0.0000000000  0.0000000000  0.0000000000
-509.5663284123  0.0000000000  0.0000000000  0.0000000000  0.0000000000
-508.3096913508  0.0000000000  0.0000000000  0.0000000000  0.0000000000
-507.0530542894  0.0000000000  0.0000000000  0.0000000000  0.0000000000
-505.7964172280  0.0000000000  0.0000000000  0.0000000000  0.0000000000
-504.5397801665  0.0000000000  0.0000000000  0.0000000000  0.0000000000
-503.2831431051  0.0000000000  0.0000000000  0.0000000000  0.0000000000
-502.0265060436  0.0000000000  0.0000000000  0.0000000000  0.0000000000
-500.7698689822  0.0000000000  0.0000000000  0.0000000000  0.0000000000
-499.5132319208  0.0000000000  0.0000000000  0.0000000000  0.0000000000
-498.2565948593  0.0000000000  0.0000000000  0.0000000000  0.0000000000
-496.9999577979  0.0000000000  0.0000000000  0.0000000000  0.0000000000
-495.7433207365  0.0000000000  0.0000000000  0.0000000000  0.0000000000
-494.4866836750  0.0000000000  0.0000000000  0.0000000000  0.0000000000
-493.2300466136  0.0000000000  0.0000000000  0.0000000000  0.0000000000
-491.9734095522  0.0000000000  0.0000000000  0.0000000000  0.0000000000
-490.7167724907  0.0000000000  0.0000000000  0.0000000000  0.0000000000
-489.4601354293  0.0000000000  0.0000000000  0.0000000000  0.0000000000
-488.2034983679  0.0000000000  0.0000000000  0.0000000000  0.0000000000
-486.9468613064  0.0000000000  0.0000000000  0.0000000000  0.0000000000
-485.6902242450  0.0000000000  0.0000000000  0.0000000000  0.0000000000
-484.4335871835  0.0000000000  0.0000000000  0.0000000000  0.0000000000
-483.1769501221  0.0000000000  0.0000000000  0.0000000000  0.0000000000
-481.9203130607  0.0000000000  0.0000000000  0.0000000000  0.0000000000
-480.6636759992  0.0000000000  0.0000000000  0.0000000000  0.0000000000
-479.4070389378  0.0000000000  0.0000000000  0.0000000000  0.0000000000
-478.1504018764  0.0000000000  0.0000000000  0.0000000000  0.0000000000
-476.8937648149  0.0000000000  0.0000000000  0.0000000000  0.0000000000
-475.6371277535  0.0000000000  0.0000000000  0.0000000000  0.0000000000
-474.3804906921  0.0000000000  0.0000000000  0.0000000000  0.0000000000
-473.1238536306  0.0000000000  0.0000000000  0.0000000000  0.0000000000
-471.8672165692  0.0000000000  0.0000000000  0.0000000000  0.0000000000
-470.6105795078  0.0000000000  0.0000000000  0.0000000000  0.0000000000
-469.3539424463  0.0000000000  0.0000000000  0.0000000000  0.0000000000
-468.0973053849  0.0000000000  0.0000000000  0.0000000000  0.0000000000
-466.8406683234  0.0000000000  0.0000000000  0.0000000000  0.0000000000
-465.5840312620  0.0000000000  0.0000000000  0.0000000000  0.0000000000
-464.3273942006  0.0000000000  0.0000000000  0.0000000000  0.0000000000
-463.0707571391  0.0000000000  0.0000000000  0.0000000000  0.0000000000
-461.8141200777  0.0000000000  0.0000000000  0.0000000000  0.0000000000
-460.5574830163  0.0000000000  0.0000000000  0.0000000000  0.0000000000
-459.3008459548  0.0000000000  0.0000000000  0.0000000000  0.0000000000
-458.0442088934  0.0000000000  0.0000000000  0.0000000000  0.0000000000
-456.7875718320  0.0000000000  0.0000000000  0.0000000000  0.0000000000
-455.5309347705  0.0000000000  0.0000000000  0.0000000000  0.0000000000
-454.2742977091  0.0000000000  0.0000000000  0.0000000000  0.0000000000
-453.0176606476  0.0000000000  0.0000000000  0.0000000000  0.0000000000
-451.7610235862  0.0000000000  0.0000000000  0.0000000000  0.0000000000
-450.5043865248  0.0000000000  0.0000000000  0.0000000000  0.0000000000
-449.2477494633  0.0000000000  0.0000000000  0.0000000000  0.0000000000
-447.9911124019  0.0000000000  0.0000000000  0.0000000000  0.0000000000
-446.7344753405  0.0000000000  0.0000000000  0.0000000000  0.0000000000
-445.4778382790  0.0000000000  0.0000000000  0.0000000000  0.0000000000
-444.2212012176  0.0000000000  0.0000000000  0.0000000000  0.0000000000
-442.9645641562  0.0000000000  0.0000000000  0.0000000000  0.0000000000
-441.7079270947  0.0000000000  0.0000000000  0.0000000000  0.0000000000
-440.4512900333  0.0000000000  0.0000000000  0.0000000000  0.0000000000
-439.1946529719  0.0000000000  0.0000000000  0.0000000000  0.0000000000
-437.9380159104  0.0000000000  0.0000000000  0.0000000000  0.0000000000
-436.6813788490  0.0000000000  0.0000000000  0.0000000000  0.0000000000
-435.4247417875  0.0000000000  0.0000000000  0.0000000000  0.0000000000
-434.1681047261  0.0000000000  0.0000000000  0.0000000000  0.0000000000
-432.9114676647  0.0000000000  0.0000000000  0.0000000000  0.0000000000
-431.6548306032  0.0000000000  0.0000000000  0.0000000000  0.0000000000
-430.3981935418  0.0000000000  0.0000000000  0.0000000000  0.0000000000
-429.1415564804  0.0000000000  0.0000000000  0.0000000000  0.0000000000
-427.8849194189  0.0000000000  0.0000000000  0.0000000000  0.0000000000
-426.6282823575  0.0000000000  0.0000000000  0.0000000000  0.0000000000
-425.3716452961  0.0000000000  0.0000000000  0.0000000000  0.0000000000
-424.1150082346  0.0000000000  0.0000000000  0.0000000000  0.0000000000
-422.8583711732  0.0000000000  0.0000000000  0.0000000000  0.0000000000
-421.6017341118  0.0000000000  0.0000000000  0.0000000000  0.0000000000
-420.3450970503  0.0000000000  0.0000000000  0.0000000000  0.0000000000
-419.0884599889  0.0000000000  0.0000000000  0.0000000000  0.0000000000
-417.8318229274  0.0000000000  0.0000000000  0.0000000000  0.0000000000
-416.5751858660  0.0000000000  0.0000000000  0.0000000000  0.0000000000
-415.3185488046  0.0000000000  0.0000000000  0.0000000000  0.0000000000
-414.0619117431  0.0000000000  0.0000000000  0.0000000000  0.0000000000
-412.8052746817  0.0000000000  0.0000000000  0.0000000000  0.0000000000
-411.5486376203  0.0000000000  0.0000000000  0.0000000000  0.0000000000
-410.2920005588  0.0000000000  0.0000000000  0.0000000000  0.0000000000
-409.0353634974  0.0000000000  0.0000000000  0.0000000000  0.0000000000
-407.7787264360  0.0000000000  0.0000000000  0.0000000000  0.0000000000
-406.5220893745  0.0000000000  0.0000000000  0.0000000000  0.0000000000
-405.2654523131  0.0000000000  0.0000000000  0.0000000000  0.0000000000
-404.0088152516  0.0000000000  0.0000000000  0.0000000000  0.0000000000
-402.7521781902  0.0000000000  0.0000000000  0.0000000000  0.0000000000
-401.4955411288  0.0000000000  0.0000000000  0.0000000000  0.0000000000
-400.2389040673  0.0000000000  0.0000000000  0.0000000000  0.0000000000
-398.9822670059  0.0000000000  0.0000000000  0.0000000000  0.0000000000
-397.7256299445  0.0000000000  0.0000000000  0.0000000000  0.0000000000
-396.4689928830  0.0000000000  0.0000000000  0.0000000000  0.0000000000
-395.2123558216  0.0000000000  0.0000000000  0.0000000000  0.0000000000
-393.9557187602  0.0000000000  0.0000000000  0.0000000000  0.0000000000
-392.6990816987  0.0000000000  0.0000000000  0.0000000000  0.0000000000
-391.4424446373  0.0000000000  0.0000000000  0.0000000000  0.0000000000
-390.1858075759  0.0000000000  0.0000000000  0.0000000000  0.0000000000
-388.9291705144  0.0000000000  0.0000000000  0.0000000000  0.0000000000
-387.6725334530  0.0000000000  0.0000000000  0.0000000000  0.0000000000
-386.4158963915  0.0000000000  0.0000000000  0.0000000000  0.0000000000
-385.1592593301  0.0000000000  0.0000000000  0.0000000000  0.0000000000
-383.9026222687  0.0000000000  0.0000000000  0.0000000000  0.0000000000
-382.6459852072  0.0000000000  0.0000000000  0.0000000000  0.0000000000
-381.3893481458  0.0000000000  0.0000000000  0.0000000000  0.0000000000
-380.1327110844  0.0000000000  0.0000000000  0.0000000000  0.0000000000
-378.8760740229  0.0000000000  0.0000000000  0.0000000000  0.0000000000
-377.6194369615  0.0000000000  0.0000000000  0.0000000000  0.0000000000
-376.3627999001  0.0000000000  0.0000000000  0.0000000000  0.0000000000
-375.1061628386  0.0000000000  0.0000000000  0.0000000000  0.0000000000
-373.8495257772  0.0000000000  0.0000000000  0.0000000000  0.0000000000
-372.5928887157  0.0000000000  0.0000000000  0.0000000000  0.0000000000
-371.3362516543  0.0000000000  0.0000000000  0.0000000000  0.0000000000
-370.0796145929  0.0000000000  0.0000000000  0.0000000000  0.0000000000
-368.8229775314  0.0000000000  0.0000000000  0.0000000000  0.0000000000
-367.5663404700  0.0000000000  0.0000000000  0.0000000000  0.0000000000
-366.3097034086  0.0000000000  0.0000000000  0.0000000000  0.0000000000
-365.0530663471  0.0000000000  0.0000000000  0.0000000000  0.0000000000
-363.7964292857  0.0000000000  0.0000000000  0.0000000000  0.0000000000
-362.5397922243  0.0000000000  0.0000000000  0.0000000000  0.0000000000
-361.2831551628  0.0000000000  0.0000000000  0.0000000000  0.0000000000
-360.0265181014  0.0000000000  0.0000000000  0.0000000000  0.0000000000
-358.7698810400  0.0000000000  0.0000000000  0.0000000000  0.0000000000
-357.5132439785  0.0000000000  0.0000000000  0.0000000000  0.0000000000
-356.2566069171  0.0000000000  0.0000000000  0.0000000000  0.0000000000
-354.9999698556  0.0000000000  0.0000000000  0.0000000000  0.0000000000
-353.7433327942  0.0000000000  0.0000000000  0.0000000000  0.0000000000
-352.4866957328  0.0000000000  0.0000000000  0.0000000000  0.0000000000
-351.2300586713  0.0000000000  0.0000000000  0.0000000000  0.0000000000
-349.9734216099  0.0000000000  0.0000000000  0.0000000000  0.0000000000
-348.7167845485  0.0000000000  0.0000000000  0.0000000000  0.0000000000
-347.4601474870  0.0000000000  0.0000000000  0.0000000000  0.0000000000
-346.2035104256  0.0000000000  0.0000000000  0.0000000000  0.0000000000
-344.9468733642  0.0000000000  0.0000000000  0.0000000000  0.0000000000
-343.6902363027  0.0000000000  0.0000000000  0.0000000000  0.0000000000
-342.4335992413  0.0000000000  0.0000000000  0.0000000000  0.0000000000
-341.1769621799  0.0000000000  0.0000000000  0.0000000000  0.0000000000
-339.9203251184  0.0000000000  0.0000000000  0.0000000000  0.0000000000
-338.6636880570  0.0000000000  0.0000000000  0.0000000000  0.0000000000
-337.4070509955  0.0000000000  0.0000000000  0.0000000000  0.0000000000
-336.1504139341  0.0000000000  0.0000000000  0.0000000000  0.0000000000
-334.8937768727  0.0000000000  0.0000000000  0.0000000000  0.0000000000
-333.6371398112  0.0000000000  0.0000000000  0.0000000000  0.0000000000
-332.3805027498  0.0000000000  0.0000000000  0.0000000000  0.0000000000
-331.1238656884  0.0000000000  0.0000000000  0.0000000000  0.0000000000
-329.8672286269  0.0000000000  0.0000000000  0.0000000000  0.0000000000
-328.6105915655  0.0000000000  0.0000000000  0.0000000000  0.0000000000
-327.3539545041  0.0000000000  0.0000000000  0.0000000000  0.0000000000
-326.0973174426  0.0000000000  0.0000000000  0.0000000000  0.0000000000
-324.8406803812  0.0000000000  0.0000000000  0.0000000000  0.0000000000
-323.5840433197  0.0000000000  0.0000000000  0.0000000000  0.0000000000
-322.3274062583  0.0000000000  0.0000000000  0.0000000000  0.0000000000
-321.0707691969  0.0000000000  0.0000000000  0.0000000000  0.0000000000
-319.8141321354  0.0000000000  0.0000000000  0.0000000000  0.0000000000
-318.5574950740  0.0000000000  0.0000000000  0.0000000000  0.0000000000
-317.3008580126  0.0000000000  0.0000000000  0.0000000000  0.0000000000
-316.0442209511  0.0000000000  0.0000000000  0.0000000000  0.0000000000
-314.7875838897  0.0000000000  0.0000000000  0.0000000000  0.0000000000
-313.5309468283  0.0000000000  0.0000000000  0.0000000000  0.0000000000
-312.2743097668  0.0000000000  0.0000000000  0.0000000000  0.0000000000
-311.0176727054  0.0000000000  0.0000000000  0.0000000000  0.0000000000
-309.7610356440  0.0000000000  0.0000000000  0.0000000000  0.0000000000
-308.5043985825  0.0000000000  0.0000000000  0.0000000000  0.0000000000
-307.2477615211  0.0000000000  0.0000000000  0.0000000000  0.0000000000
-305.9911244596  0.0000000000  0.0000000000  0.0000000000  0.0000000000
-304.7344873982  0.0000000000  0.0000000000  0.0000000000  0.0000000000
-303.4778503368  0.0000000000  0.0000000000  0.0000000000  0.0000000000
-302.2212132753  0.0000000000  0.0000000000  0.0000000000  0.0000000000
-300.9645762139  0.0000000000  0.0000000000  0.0000000000  0.0000000000
-299.7079391525  0.0000000000  0.0000000000  0.0000000000  0.0000000000
-298.4513020910  0.0000000000  0.0000000000  0.0000000000  0.0000000000
-297.1946650296  0.0000000000  0.0000000000  0.0000000000  0.0000000000
-295.9380279682  0.0000000000  0.0000000000  0.0000000000  0.0000000000
-294.6813909067  0.0000000000  0.0000000000  0.0000000000  0.0000000000
-293.4247538453  0.0000000000  0.0000000000  0.0000000000  0.0000000000
-292.1681167839  0.0000000000  0.0000000000  0.0000000000  0.0000000000
-290.9114797224  0.0000000000  0.0000000000  0.0000000000  0.0000000000
-289.6548426610  0.0000000000  0.0000000000  0.0000000000  0.0000000000
-288.3982055995  0.0000000000  0.0000000000  0.0000000000  0.0000000000
-287.1415685381  0.0000000000  0.0000000000  0.0000000000  0.0000000000
-285.8849314767  0.0000000000  0.0000000000  0.0000000000  0.0000000000
-284.6282944152  0.0000000000  0.0000000000  0.0000000000  0.0000000000
-283.3716573538  0.0000000000  0.0000000000  0.0000000000  0.0000000000
-282.1150202924  0.0000000000  0.0000000000  0.0000000000  0.0000000000
-280.8583832309  0.0000000000  0.0000000000  0.0000000000  0.0000000000
-279.6017461695  0.0000000000  0.0000000000  0.0000000000  0.0000000000
-278.3451091081  0.0000000000  0.0000000000  0.0000000000  0.0000000000
-277.0884720466  0.0000000000  0.0000000000  0.0000000000  0.0000000000
-275.8318349852  0.0000000000  0.0000000000  0.0000000000  0.0000000000
-274.5751979237  0.0000000000  0.0000000000  0.0000000000  0.0000000000
-273.3185608623  0.0000000000  0.0000000000  0.0000000000  0.0000000000
-272.0619238009  0.0000000000  0.0000000000  0.0000000000  0.0000000000
-270.8052867394  0.0000000000  0.0000000000  0.0000000000  0.0000000000
-269.5486496780  0.0000000000  0.0000000000  0.0000000000  0.0000000000
-268.2920126166  0.0000000000  0.0000000000  0.0000000000  0.0000000000
-267.0353755551  0.0000000000  0.0000000000  0.0000000000  0.0000000000
-265.7787384937  0.0000000000  0.0000000000  0.0000000000  0.0000000000
-264.5221014323  0.0000000000  0.0000000000  0.0000000000  0.0000000000
-263.2654643708  0.0000000000  0.0000000000  0.0000000000  0.0000000000
-262.0088273094  0.0000000000  0.0000000000  0.0000000000  0.0000000000
-260.7521902480  0.0000000000  0.0000000000  0.0000000000  0.0000000000
-259.4955531865  0.0000000000  0.0000000000  0.0000000000  0.0000000000
-258.2389161251  0.0000000000  0.0000000000  0.0000000000  0.0000000000
-256.9822790636  0.0000000000  0.0000000000  0.0000000000  0.0000000000
-255.7256420022  0.0000000000  0.0000000000  0.0000000000  0.0000000000
-254.4690049408  0.0000000000  0.0000000000  0.0000000000  0.0000000000
-253.2123678793  0.0000000000  0.0000000000  0.0000000000  0.0000000000
-251.9557308179  0.0000000000  0.0000000000  0.0000000000  0.0000000000
-250.6990937565  0.0000000000  0.0000000000  0.0000000000  0.0000000000
-249.4424566950  0.0000000000  0.0000000000  0.0000000000  0.0000000000
-248.1858196336  0.0000000000  0.0000000000  0.0000000000  0.0000000000
-246.9291825722  0.0000000000  0.0000000000  0.0000000000  0.0000000000
-245.6725455107  0.0000000000  0.0000000000  0.0000000000  0.0000000000
-244.4159084493  0.0000000000  0.0000000000  0.0000000000  0.0000000000
-243.1592713878  0.0000000000  0.0000000000  0.0000000000  0.0000000000
-241.9026343264  0.0000000000  0.0000000000  0.0000000000  0.0000000000
-240.6459972650  0.0000000000  0.0000000000  0.0000000000  0.0000000000
-239.3893602035  0.0000000000  0.0000000000  0.0000000000  0.0000000000
-238.1327231421  0.0000000000  0.0000000000  0.0000000000  0.0000000000
-236.8760860807  0.0000000000  0.0000000000  0.0000000000  0.0000000000
-235.6194490192  0.0000000000  0.0000000000  0.0000000000  0.0000000000
-234.3628119578  0.0000000000  0.0000000000  0.0000000000  0.0000000000
-233.1061748964  0.0000000000  0.0000000000  0.0000000000  0.0000000000
-231.8495378349  0.0000000000  0.0000000000  0.0000000000  0.0000000000
-230.5929007735  0.0000000000  0.0000000000  0.0000000000  0.0000000000
-229.3362637121  0.0000000000  0.0000000000  0.0000000000  0.0000000000
-228.0796266506  0.0000000000  0.0000000000  0.0000000000  0.0000000000
-226.8229895892  0.0000000000  0.0000000000  0.0000000000  0.0000000000
-225.5663525277  0.0000000000  0.0000000000  0.0000000000  0.0000000000
-224.3097154663  0.0000000000  0.0000000000  0.0000000000  0.0000000000
-223.0530784049  0.0000000000  0.0000000000  0.0000000000  0.0000000000
-221.7964413434  0.0000000000  0.0000000000  0.0000000000  0.0000000000
-220.5398042820  0.0000000000  0.0000000000  0.0000000000  0.0000000000
-219.2831672206  0.0000000000  0.0000000000  0.0000000000  0.0000000000
-218.0265301591  0.0000000000  0.0000000000  0.0000000000  0.0000000000
-216.7698930977  0.0000000000  0.0000000000  0.0000000000  0.0000000000
-215.5132560363  0.0000000000  0.0000000000  0.0000000000  0.0000000000
-214.2566189748  0.0000000000  0.0000000000  0.0000000000  0.0000000000
-212.9999819134  0.0000000000  0.0000000000  0.0000000000  0.0000000000
-211.7433448520  0.0000000000  0.0000000000  0.0000000000  0.0000000000
-210.4867077905  0.0000000000  0.0000000000  0.0000000000  0.0000000000
-209.2300707291  0.0000000000  0.0000000000  0.0000000000  0.0000000000
-207.9734336676  0.0000000000  0.0000000000  0.0000000000  0.0000000000
-206.7167966062  0.0000000000  0.0000000000  0.0000000000  0.0000000000
-205.4601595448  0.0000000000  0.0000000000  0.0000000000  0.0000000000
-204.2035224833  0.0000000000  0.0000000000  0.0000000000  0.0000000000
-202.9468854219  0.0000000000  0.0000000000  0.0000000000  0.0000000000
-201.6902483605  0.0000000000  0.0000000000  0.0000000000  0.0000000000
-200.4336112990  0.0000000000  0.0000000000  0.0000000000  0.0000000000
-199.1769742376  0.0000000000  0.0000000000  0.0000000000  0.0000000000
-197.9203371762  0.0000000000  0.0000000000  0.0000000000  0.0000000000
-196.6637001147  0.0000000000  0.0000000000  0.0000000000  0.0000000000
-195.4070630533  0.0000000000  0.0000000000  0.0000000000  0.0000000000
-194.1504259918  0.0000000000  0.0000000000  0.0000000000  0.0000000000
-192.8937889304  0.0000000000  0.0000000000  0.0000000000  0.0000000000
-191.6371518690  0.0000000000  0.0000000000  0.0000000000  0.0000000000
-190.3805148075  0.0000000000  0.0000000000  0.0000000000  0.0000000000
-189.1238777461  0.0000000000  0.0000000000  0.0000000000  0.0000000000
-187.8672406847  0.0000000000  0.0000000000  0.0000000000  0.0000000000
-186.6106036232  0.0000000000  0.0000000000  0.0000000000  0.0000000000
-185.3539665618  0.0000000000  0.0000000000  0.0000000000  0.0000000000
-184.0973295004  0.0000000000  0.0000000000  0.0000000000  0.0000000000
-182.8406924389  0.0000000000  0.0000000000  0.0000000000  0.0000000000
-181.5840553775  0.0000000000  0.0000000000  0.0000000000  0.0000000000
-180.3274183161  0.0000000000  0.0000000000  0.0000000000  0.0000000000
-179.0707812546  0.0000000000  0.0000000000  0.0000000000  0.0000000000
-177.8141441932  0.0000000000  0.0000000000  0.0000000000  0.0000000000
-176.5575071317  0.0000000000  0.0000000000  0.0000000000  0.0000000000
-175.3008700703  0.0000000000  0.0000000000  0.0000000000  0.0000000000
-174.0442330089  0.0000000000  0.0000000000  0.0000000000  0.0000000000
-172.7875959474  0.0000000000  0.0000000000  0.0000000000  0.0000000000
-171.5309588860  0.0000000000  0.0000000000  0.0000000000  0.0000000000
-170.2743218246  0.0000000000  0.0000000000  0.0000000000  0.0000000000
-169.0176847631  0.0000000000  0.0000000000  0.0000000000  0.0000000000
-167.7610477017  0.0000000000  0.0000000000  0.0000000000  0.0000000000
-166.5044106403  0.0000000000  0.0000000000  0.0000000000  0.0000000000
-165.2477735788  0.0000000000  0.0000000000  0.0000000000  0.0000000000
-163.9911365174  0.0000000000  0.0000000000  0.0000000000  0.0000000000
-162.7344994560  0.0000000000  0.0000000000  0.0000000000  0.0000000000
-161.4778623945  0.0000000000  0.0000000000  0.0000000000  0.0000000000
-160.2212253331  0.0000000000  0.0000000000  0.0000000000  0.0000000000
-158.9645882716  0.0000000000  0.0000000000  0.0000000000  0.0000000000
-157.7079512102  0.0000000000  0.0000000000  0.0000000000  0.0000000000
-156.4513141488  0.0000000000  0.0000000000  0.0000000000  0.0000000000
-155.1946770873  0.0000000000  0.0000000000  0.0000000000  0.0000000000
-153.9380400259  0.0000000000  0.0000000000  0.0000000000  0.0000000000
-152.6814029645  0.0000000000  0.0000000000  0.0000000000  0.0000000000
-151.4247659030  0.0000000000  0.0000000000  0.0000000000  0.0000000000
-150.1681288416  0.0000000000  0.0000000000  0.0000000000  0.0000000000
-148.9114917802  0.0000000000  0.0000000000  0.0000000000  0.0000000000
-147.6548547187  0.0000000000  0.0000000000  0.0000000000  0.0000000000
-146.3982176573  0.0000000000  0.0000000000  0.0000000000  0.0000000000
-145.1415805958  0.0000000000  0.0000000000  0.0000000000  0.0000000000
-143.8849435344  0.0000000000  0.0000000000  0.0000000000  0.0000000000
-142.6283064730  0.0000000000  0.0000000000  0.0000000000  0.0000000000
-141.3716694115  0.0000000000  0.0000000000  0.0000000000  0.0000000000
-140.1150323501  0.0000000000  0.0000000000  0.0000000000  0.0000000000
-138.8583952887  0.0000000000  0.0000000000  0.0000000000  0.0000000000
-137.6017582272  0.0000000000  0.0000000000  0.0000000000  0.0000000000
-136.3451211658  0.0000000000  0.0000000000  0.0000000000  0.0000000000
-135.0884841044  0.0000000000  0.0000000000  0.0000000000  0.0000000000
-133.8318470429  0.0000000000  0.0000000000  0.0000000000  0.0000000000
-132.5752099815  0.0000000000  0.0000000000  0.0000000000  0.0000000000
-131.3185729201  0.0000000000  0.0000000000  0.0000000000  0.0000000000
-130.0619358586  0.0000000000  0.0000000000  0.0000000000  0.0000000000
-128.8052987972  0.0000000000  0.0000000000  0.0000000000  0.0000000000
-127.5486617357  0.0000000000  0.0000000000  0.0000000000  0.0000000000
-126.2920246743  0.0000000000  0.0000000000  0.0000000000  0.0000000000
-125.0353876129  0.0000000000  0.0000000000  0.0000000000  0.0000000000
-123.7787505514  0.0000000000  0.0000000000  0.0000000000  0.0000000000
-122.5221134900  0.0000000000  0.0000000000  0.0000000000  0.0000000000
-121.2654764286  0.0000000000  0.0000000000  0.0000000000  0.0000000000
-120.0088393671  0.0000000000  0.0000000000  0.0000000000  0.0000000000
-118.7522023057  0.0000000000  0.0000000000  0.0000000000  0.0000000000
-117.4955652443  0.0000000000  0.0000000000  0.0000000000  0.0000000000
-116.2389281828  0.0000000000  0.0000000000  0.0000000000  0.0000000000
-114.9822911214  0.0000000000  0.0000000000  0.0000000000  0.0000000000
-113.7256540600  0.0000000000  0.0000000000  0.0000000000  0.0000000000
-112.4690169985  0.0000000000  0.0000000000  0.0000000000  0.0000000000
-111.2123799371  0.0000000000  0.0000000000  0.0000000000  0.0000000000
-109.9557428756  0.0000000000  0.0000000000  0.0000000000  0.0000000000
-108.6991058142  0.0000000000  0.0000000000  0.0000000000  0.0000000000
-107.4424687528  0.0000000000  0.0000000000  0.0000000000  0.0000000000
-106.1858316913  0.0000000000  0.0000000000  0.0000000000  0.0000000000
-104.9291946299  0.0000000000  0.0000000000  0.0000000000  0.0000000000
-103.6725575685  0.0000000000  0.0000000000  0.0000000000  0.0000000000
-102.4159205070  0.0000000000  0.0000000000  0.0000000000  0.0000000000
-101.1592834456  0.0000000000  0.0000000000  0.0000000000  0.0000000000
-99.9026463842  0.0000000000  0.0000000000  0.0000000000  0.0000000000
-98.6460093227  0.0000000000  0.0000000000  0.0000000000  0.0000000000
-97.3893722613  0.0000000000  0.0000000000  0.0000000000  0.0000000000
-96.1327351998  0.0000000000  0.0000000000  0.0000000000  0.0000000000
-94.8760981384  0.0000000000  0.0000000000  0.0000000000  0.0000000000
-93.6194610770  0.0000000000  0.0000000000  0.0000000000  0.0000000000
-92.3628240155  0.0000000000  0.0000000000  0.0000000000  0.0000000000
-91.1061869541  0.0000000000  0.0000000000  0.0000000000  0.0000000000
-89.8495498927  0.0000000000  0.0000000000  0.0000000000  0.0000000000
-88.5929128312  0.0000000000  0.0000000000  0.0000000000  0.0000000000
-87.3362757698  0.0000000000  0.0000000000  0.0000000000  0.0000000000
-86.0796387084  0.0000000000  0.0000000000  0.0000000000  0.0000000000
-84.8230016469  0.0000000000  0.0000000000  0.0000000000  0.0000000000
-83.5663645855  0.0000000000  0.0000000000  0.0000000000  0.0000000000
-82.3097275241  0.0000000000  0.0000000000  0.0000000000  0.0000000000
-81.0530904626  0.0000000000  0.0000000000  0.0000000000  0.0000000000
-79.7964534012  0.0000000000  0.0000000000  0.0000000000  0.0000000000
-78.5398163397  0.0000000000  0.0000000000  0.0000000000  0.0000000000
-77.2831792783  0.0000000000  0.0000000000  0.0000000000  0.0000000000
-76.0265422169  0.0000000000  0.0000000000  0.0000000000  0.0000000000
-74.7699051554  0.0000000000  0.0000000000  0.0000000000  0.0000000000
-73.5132680940  0.0000000000  0.0000000000  0.0000000000  0.0000000000
-72.2566310326  0.0000000000  0.0000000000  0.0000000000  0.0000000000
-70.9999939711  0.0000000000  0.0000000000  0.0000000000  0.0000000000
-69.7433569097  0.0000000000  0.0000000000  0.0000000000  0.0000000000
-68.4867198483  0.0000000000  0.0000000000  0.0000000000  0.0000000000
-67.2300827868  0.0000000000  0.0000000000  0.0000000000  0.0000000000
-65.9734457254  0.0000000000  0.0000000000  0.0000000000  0.0000000000
-64.7168086639  0.0000000000  0.0000000000  0.0000000000  0.0000000000
-63.4601716025  0.0000000000  0.0000000000  0.0000000000  0.0000000000
-62.2035345411  0.0000000000  0.0000000000  0.0000000000  0.0000000000
-60.9468974796  0.0000000000  0.0000000000  0.0000000000  0.0000000000
-59.6902604182  0.0000000000  0.0000000000  0.0000000000  0.0000000000
-58.4336233568  0.0000000000  0.0000000000  0.0000000000  0.0000000000
-57.1769862953  0.0000000000  0.0000000000  0.0000000000  0.0000000000
-55.9203492339  0.0000000000  0.0000000000  0.0000000000  0.0000000000
-54.6637121725  0.0000000000  0.0000000000  0.0000000000  0.0000000000
-53.4070751110  0.0000000000  0.0000000000  0.0000000000  0.0000000000
-52.1504380496  0.0000000000  0.0000000000  0.0000000000  0.0000000000
-50.8938009882  0.0000000000  0.0000000000  0.0000000000  0.0000000000
-49.6371639267  0.0000000000  0.0000000000  0.0000000000  0.0000000000
-48.3805268653  0.0000000000  0.0000000000  0.0000000000  0.0000000000
-47.1238898038  0.0000000000  0.0000000000  0.0000000000  0.0000000000
-45.8672527424  0.0000000000  0.0000000000  0.0000000000  0.0000000000
-44.6106156810  0.0000000000  0.0000000000  0.0000000000  0.0000000000
-43.3539786195  0.0000000000  0.0000000000  0.0000000000  0.0000000000
-42.0973415581  0.0000000000  0.0000000000  0.0000000000  0.0000000000
-40.8407044967  0.0000000000  0.0000000000  0.0000000000  0.0000000000
-39.5840674352  0.0000000000  0.0000000000  0.0000000000  0.0000000000
-38.3274303738  0.0000000000  0.0000000000  0.0000000000  0.0000000000
-37.0707933124  0.0000000000  0.0000000000  0.0000000000  0.0000000000
-35.8141562509  0.0000000000  0.0000000000  0.0000000000  0.0000000000
-34.5575191895  0.0000000000  0.0000000000  0.0000000000  0.0000000000
-33.3008821281  0.0000000000  0.0000000000  0.0000000000  0.0000000000
-32.0442450666  0.0000000000  0.0000000000  0.0000000000  0.0000000000
-30.7876080052  0.0000000000  0.0000000000  0.0000000000  0.0000000000
-29.5309709437  0.0000000000  0.0000000000  0.0000000000  0.0000000000
-28.2743338823  0.0000000000  0.0000000000  0.0000000000  0.0000000000
-27.0176968209  0.0000000000  0.0000000000  0.0000000000  0.0000000000
-25.7610597594  0.0000000000  0.0000000000  0.0000000000  0.0000000000
-24.5044226980  0.0000000000  0.0000000000  0.0000000000  0.0000000000
-23.2477856366  0.0000000000  0.0000000000  0.0000000000  0.0000000000
-21.9911485751  0.0000000000  0.0000000000  0.0000000000  0.0000000000
-20.7345115137  0.0000000000  0.0000000000  0.0000000000  0.0000000000
-19.4778744523  0.0000000000  0.0000000000  0.0000000000  0.0000000000
-18.2212373908  0.0000000000  0.0000000000  0.0000000000  0.0000000000
-16.9646003294  0.0000000000  0.0000000000  0.0000000000  0.0000000000
-15.7079632679  0.0000000000  0.0000000000  0.0000000000  0.0000000000
-14.4513262065  0.0000000000  0.0000000000  0.0000000000  0.0000000000
-13.1946891451  0.0000000000  0.0000000000  0.0000000000  0.0000000000
-11.9380520836  0.0000000000  0.0000000000  0.0000000000  0.0000000000
-10.6814150222  0.0000000000  0.0000000000  0.0000000000  0.0000000000
-9.4247779608  0.0000000000  0.0000000000  0.0000000000  0.0000000000
-8.1681408993  0.0000000000  0.0000000000  0.0000000000  0.0000000000
-6.9115038379  0.0000000000  0.0000000000  0.0000000000  0.0000000000
-5.6548667765  0.0000000000  0.0000000000  0.0000000000  0.0000000000
-4.3982297150  0.0000000000  0.0000000000  0.0000000000  0.0000000000
-3.1415926536  0.0000000000  0.0000000000  0.0000000000  0.0000000000
-1.8849555922  0.0000000000  0.0000000000  0.0000000000  0.0001151580
-0.6283185307  0.0000000000  0.0000000000  -0.0031518834  0.0000000000
0.6283185307  0.0000000000  0.0000000000  0.3889162353  -0.1236051358
1.8849555922  0.0000000000  0.0000000000  0.2439465143  -0.2029202340
3.1415926536  0.0000000000  0.0000000000  0.1472536265  -0.1954542244
4.3982297150  0.0000000000  0.0000000000  0.0936572707  -0.1702697573
5.6548667765  0.0000000000  0.0000000000  0.0634218210  -0.1463127969
6.9115038379  0.0000000000  0.0000000000  0.0453009602  -0.1266662987
8.1681408993  0.0000000000  0.0000000000  0.0337735039  -0.1109805744
9.4247779608  0.0000000000  0.0000000000  0.0260567149  -0.0984125887
10.6814150222  0.0000000000  0.0000000000  0.0206673165  -0.0882193305
11.9380520836  0.0000000000  0.0000000000  0.0167686423  -0.0798345738
13.1946891451  0.0000000000  0.0000000000  0.0138641871  -0.0728416022
14.4513262065  0.0000000000  0.0000000000  0.0116460168  -0.0669345746
15.7079632679  0.0000000000  0.0000000000  0.0099157251  -0.0618870753
16.9646003294  0.0000000000  0.0000000000  0.0085411825  -0.0575293339
18.2212373908  0.0000000000  0.0000000000  0.0074318280  -0.0537322652
19.4778744523  0.0000000000  0.0000000000  0.0065240077  -0.0503963486
20.7345115137  0.0000000000  0.0000000000  0.0057719751  -0.0474438337
21.9911485751  0.0000000000  0.0000000000  0.0051421994  -0.0448132193
23.2477856366  0.0000000000  0.0000000000  0.0046096680  -0.0424552937
24.5044226980  0.0000000000  0.0000000000  0.0041554264  -0.0403302577
25.7610597594  0.0000000000  0.0000000000  0.0037649055  -0.0384056068
27.0176968209  0.0000000000  0.0000000000  0.0034267626  -0.0366545524
28.2743338823  0.0000000000  0.0000000000  0.0031320630  -0.0350548320
29.5309709437  0.0000000000  0.0000000000  0.0028736931  -0.0335878004
30.7876080052  0.0000000000  0.0000000000  0.0026459343  -0.0322377306
32.0442450666  0.0000000000  0.0000000000  0.0024441474  -0.0309912681
33.3008821281  0.0000000000  0.0000000000  0.0022645379  -0.0298370036
34.5575191895  0.0000000000  0.0000000000  0.0021039784  -0.0287651334
35.8141562509  0.0000000000  0.0000000000  0.0019598725  -0.0277671879
37.0707933124  0.0000000000  0.0000000000  0.0018300510  -0.0268358138
38.3274303738  0.0000000000  0.0000000000  0.0017126899  -0.0259645971
39.5840674352  0.0000000000  0.0000000000  0.0016062469  -0.0251479181
40.8407044967  0.0000000000  0.0000000000  0.0015094108  -0.0243808329
42.0973415581  0.0000000000  0.0000000000  0.0014210610  -0.0236589751
43.3539786195  0.0000000000  0.0000000000  0.0013402357  -0.0229784745
44.6106156810  0.0000000000  0.0000000000  0.0012661051  -0.0223358885
45.8672527424  0.0000000000  0.0000000000  0.0011979508  -0.0217281450
47.1238898038  0.0000000000  0.0000000000  0.0011351481  -0.0211524938
48.3805268653  0.0000000000  0.0000000000  0.0010771515  -0.0206064662
49.6371639267  0.0000000000  0.0000000000  0.0010234836  -0.0200878394
50.8938009882  0.0000000000  0.0000000000  0.0009737244  -0.0195946068
52.1504380496  0.0000000000  0.0000000000  0.0009275038  -0.0191249529
53.4070751110  0.0000000000  0.0000000000  0.0008844944  -0.0186772305
54.6637121725  0.0000000000  0.0000000000  0.0008444057  -0.0182499421
55.9203492339  0.0000000000  0.0000000000  0.0008069794  -0.0178417232
57.1769862953  0.0000000000  0.0000000000  0.0007719851  -0.0174513278
58.4336233568  0.0000000000  0.0000000000  0.0007392166  -0.0170776160
59.6902604182  0.0000000000  0.0000000000  0.0007084894  -0.0167195428
60.9468974796  0.0000000000  0.0000000000  0.0006796373  -0.0163761486
62.2035345411  0.0000000000  0.0000000000  0.0006525111  -0.0160465504
63.4601716025  0.0000000000  0.0000000000  0.0006269759  -0.0157299348
64.7168086639  0.0000000000  0.0000000000  0.0006029096  -0.0154255509
65.9734457254  0.0000000000  0.0000000000  0.0005802019  -0.0151327042
67.2300827868  0.0000000000  0.0000000000  0.0005587525  -0.0148507522
68.4867198483  0.0000000000  0.0000000000  0.0005384701  -0.0145790990
69.7433569097  0.0000000000  0.0000000000  0.0005192716  -0.0143171910
70.9999939711  0.0000000000  0.0000000000  0.0005010811  -0.0140645141
72.2566310326  0.0000000000  0.0000000000  0.0004838295  -0.0138205891
73.5132680940  0.0000000000  0.0000000000  0.0004674531  -0.0135849698
74.7699051554  0.0000000000  0.0000000000  0.0004518939  -0.0133572396
76.0265422169  0.0000000000  0.0000000000  0.0004370983  -0.0131370093
77.2831792783  0.0000000000  0.0000000000  0.0004230172  -0.0129239148
78.5398163397  0.0000000000  0.0000000000  0.0004096054  -0.0127176152
79.7964534012  0.0000000000  0.0000000000  0.0003968211  -0.0125177910
81.0530904626  0.0000000000  0.0000000000  0.0003846258  -0.0123241423
82.3097275241  0.0000000000  0.0000000000  0.0003729839  -0.0121363876
83.5663645855  0.0000000000  0.0000000000  0.0003618624  -0.0119542620
84.8230016469  0.0000000000  0.0000000000  0.0003512308  -0.0117775164
86.0796387084  0.0000000000  0.0000000000  0.0003410607  -0.0116059161
87.3362757698  0.0000000000  0.0000000000  0.0003313258  -0.0114392398
88.5929128312  0.0000000000  0.0000000000  0.0003220016  -0.0112772789
89.8495498927  0.0000000000  0.0000000000  0.0003130654  -0.0111198361
91.1061869541  0.0000000000  0.0000000000  0.0003044960  -0.0109667251
92.3628240155  0.0000000000  0.0000000000  0.0002962734  -0.0108177698
93.6194610770  0.0000000000  0.0000000000  0.0002883794  -0.0106728034
94.8760981384  0.0000000000  0.0000000000  0.0002807965  -0.0105316679
96.1327351998  0.0000000000  0.0000000000  0.0002735087  -0.0103942135
97.3893722613  0.0000000000  0.0000000000  0.0002665009  -0.0102602983
98.6460093227  0.0000000000  0.0000000000  0.0002597589  -0.0101297872
99.9026463842  0.0000000000  0.0000000000  0.0002532695  -0.0100025523
101.1592834456  0.0000000000  0.0000000000  0.0002470201  -0.0098784718
102.4159205070  0.0000000000  0.0000000000  0.0002409991  -0.0097574298
103.6725575685  0.0000000000  0.0000000000  0.0002351955  -0.0096393164
104.9291946299  0.0000000000  0.0000000000  0.0002295990  -0.0095240264
106.1858316913  0.0000000000  0.0000000000  0.0002241998  -0.0094114599
107.4424687528  0.0000000000  0.0000000000  0.0002189888  -0.0093015215
108.6991058142  0.0000000000  0.0000000000  0.0002139573  -0.0091941205
109.9557428756  0.0000000000  0.0000000000  0.0002090972  -0.0090891699
111.2123799371  0.0000000000  0.0000000000  0.0002044007  -0.0089865869
112.4690169985  0.0000000000  0.0000000000  0.0001998607  -0.0088862923
113.7256540600  0.0000000000  0.0000000000  0.0001954702  -0.0087882105
114.9822911214  0.0000000000  0.0000000000  0.0001912227  -0.0086922690
116.2389281828  0.0000000000  0.0000000000  0.0001871122  -0.0085983986
117.4955652443  0.0000000000  0.0000000000  0.0001831327  -0.0085065329
118.7522023057  0.0000000000  0.0000000000  0.0001792788  -0.0084166085
120.0088393671  0.0000000000  0.0000000000  0.0001755453  -0.0083285645
121.2654764286  0.0000000000  0.0000000000  0.0001719271  -0.0082423426
122.5221134900  0.0000000000  0.0000000000  0.0001684197  -0.0081578868
123.7787505514  0.0000000000  0.0000000000  0.0001650184  -0.0080751433
125.0353876129  0.0000000000  0.0000000000  0.0001617191  -0.0079940608
126.2920246743  0.0000000000  0.0000000000  0.0001585178  -0.0079145896
127.5486617357  0.0000000000  0.0000000000  0.0001554105  -0.0078366823
128.8052987972  0.0000000000  0.0000000000  0.0001523937  -0.0077602932
130.0619358586  0.0000000000  0.0000000000  0.0001494638  -0.0076853782
131.3185729201  0.0000000000  0.0000000000  0.0001466176  -0.0076118953
132.5752099815  0.0000000000  0.0000000000  0.0001438520  -0.0075398036
133.8318470429  0.0000000000  0.0000000000  0.0001411638  -0.0074690642
135.0884841044  0.0000000000  0.0000000000  0.0001385502  -0.0073996393
136.3451211658  0.0000000000  0.0000000000  0.0001360086  -0.0073314926
137.6017582272  0.0000000000  0.0000000000  0.0001335362  -0.0072645892
138.8583952887  0.0000000000  0.0000000000  0.0001311306  -0.0071988953
140.1150323501  0.0000000000  0.0000000000  0.0001287894  -0.0071343785
141.3716694115  0.0000000000  0.0000000000  0.0001265103  -0.0070710074
142.6283064730  0.0000000000  0.0000000000  0.0001242912  -0.0070087518
143.8849435344  0.0000000000  0.0000000000  0.0001221299  -0.0069475825
145.1415805958  0.0000000000  0.0000000000  0.0001200246  -0.0068874714
146.3982176573  0.0000000000  0.0000000000  0.0001179731  -0.0068283911
147.6548547187  0.0000000000  0.0000000000  0.0001159738  -0.0067703154
148.9114917802  0.0000000000  0.0000000000  0.0001140249  -0.0067132190
150.1681288416  0.0000000000  0.0000000000  0.0001121247  -0.0066570773
151.4247659030  0.0000000000  0.0000000000  0.0001102716  -0.0066018664
152.6814029645  0.0000000000  0.0000000000  0.0001084640  -0.0065475636
153.9380400259  0.0000000000  0.0000000000  0.0001067005  -0.0064941465
155.1946770873  0.0000000000  0.0000000000  0.0001049796  -0.0064415937
156.4513141488  0.0000000000  0.0000000000  0.0001033001  -0.0063898844
157.7079512102  0.0000000000  0.0000000000  0.0001016605  -0.0063389984
158.9645882716  0.0000000000  0.0000000000  0.0001000596  -0.0062889162
160.2212253331  0.0000000000  0.0000000000  0.0000984962  -0.0062396190
161.4778623945  0.0000000000  0.0000000000  0.0000969692  -0.0061910884
162.7344994560  0.0000000000  0.0000000000  0.0000954774  -0.0061433067
163.9911365174  0.0000000000  0.0000000000  0.0000940197  -0.0060962567
165.2477735788  0.0000000000  0.0000000000  0.0000925952  -0.0060499218
166.5044106403  0.0000000000  0.0000000000  0.0000912028  -0.0060042857
167.7610477017  0.0000000000  0.0000000000  0.0000898416  -0.0059593327
169.0176847631  0.0000000000  0.0000000000  0.0000885106  -0.0059150477
170.2743218246  0.0000000000  0.0000000000  0.0000872089  -0.0058714158
171.5309588860  0.0000000000  0.0000000000  0.0000859357  -0.0058284228
172.7875959474  0.0000000000  0.0000000000  0.0000846903  -0.0057860547
174.0442330089  0.0000000000  0.0000000000  0.0000834716  -0.0057442979
175.3008700703  0.0000000000  0.0000000000  0.0000822791  -0.0057031394
176.5575071317  0.0000000000  0.0000000000  0.0000811120  -0.0056625664
177.8141441932  0.0000000000  0.0000000000  0.0000799695  -0.0056225664
179.0707812546  0.0000000000  0.0000000000  0.0000788510  -0.0055831275
180.3274183161  0.0000000000  0.0000000000  0.0000777557  -0.0055442379
181.5840553775  0.0000000000  0.0000000000  0.0000766832  -0.0055058862
182.8406924389  0.0000000000  0.0000000000  0.0000756326  -0.0054680613
184.0973295004  0.0000000000  0.0000000000  0.0000746035  -0.0054307524
185.3539665618  0.0000000000  0.0000000000  0.0000735953  -0.0053939492
186.6106036232  0.0000000000  0.0000000000  0.0000726073  -0.0053576413
187.8672406847  0.0000000000  0.0000000000  0.0000716391  -0.0053218188
189.1238777461  0.0000000000  0.0000000000  0.0000706901  -0.0052864721
190.3805148075  0.0000000000  0.0000000000  0.0000697599  -0.0052515917
191.6371518690  0.0000000000  0.0000000000  0.0000688479  -0.0052171685
192.8937889304  0.0000000000  0.0000000000  0.0000679536  -0.0051831936
194.1504259918  0.0000000000  0.0000000000  0.0000670767  -0.0051496582
195.4070630533  0.0000000000  0.0000000000  0.0000662166  -0.0051165538
196.6637001147  0.0000000000  0.0000000000  0.0000653730  -0.0050838723
197.9203371762  0.0000000000  0.0000000000  0.0000645453  -0.0050516056
199.1769742376  0.0000000000  0.0000000000  0.0000637333  -0.0050197458
200.4336112990  0.0000000000  0.0000000000  0.0000629365  -0.0049882853
201.6902483605  0.0000000000  0.0000000000  0.0000621546  -0.0049572166
202.9468854219  0.0000000000  0.0000000000  0.0000613871  -0.0049265325
204.2035224833  0.0000000000  0.0000000000  0.0000606338  -0.0048962258
205.4601595448  0.0000000000  0.0000000000  0.0000598942  -0.0048662897
206.7167966062  0.0000000000  0.0000000000  0.0000591681  -0.0048367173
207.9734336676  0.0000000000  0.0000000000  0.0000584551  -0.0048075021
209.2300707291  0.0000000000  0.0000000000  0.0000577549  -0.0047786377
210.4867077905  0.0000000000  0.0000000000  0.0000570672  -0.0047501178
211.7433448520  0.0000000000  0.0000000000  0.0000563917  -0.0047219362
212.9999819134  0.0000000000  0.0000000000  0.0000557281  -0.0046940870
214.2566189748  0.0000000000  0.0000000000  0.0000550762  -0.0046665643
215.5132560363  0.0000000000  0.0000000000  0.0000544356  -0.0046393624
216.7698930977  0.0000000000  0.0000000000  0.0000538062  -0.0046124758
218.0265301591  0.0000000000  0.0000000000  0.0000531876  -0.0045858989
219.2831672206  0.0000000000  0.0000000000  0.0000525796  -0.0045596266
220.5398042820  0.0000000000  0.0000000000  0.0000519819  -0.0045336535
221.7964413434  0.0000000000  0.0000000000  0.0000513944  -0.0045079745
223.0530784049  0.0000000000  0.0000000000  0.0000508168  -0.0044825848
224.3097154663  0.0000000000  0.0000000000  0.0000502489  -0.0044574795
225.5663525277  0.0000000000  0.0000000000  0.0000496904  -0.0044326537
226.8229895892  0.0000000000  0.0000000000  0.0000491412  -0.0044081029
228.0796266506  0.0000000000  0.0000000000  0.0000486011  -0.0043838226
229.3362637121  0.0000000000  0.0000000000  0.0000480698  -0.0043598082
230.5929007735  0.0000000000  0.0000000000  0.0000475471  -0.0043360554
231.8495378349  0.0000000000  0.0000000000  0.0000470330  -0.0043125601
233.1061748964  0.0000000000  0.0000000000  0.0000465271  -0.0042893179
234.3628119578  0.0000000000  0.0000000000  0.0000460293  -0.0042663249
235.6194490192  0.0000000000  0.0000000000  0.0000455395  -0.0042435770
236.8760860807  0.0000000000  0.0000000000  0.0000450575  -0.0042210704
238.1327231421  0.0000000000  0.0000000000  0.0000445830  -0.0041988013
239.3893602035  0.0000000000  0.0000000000  0.0000441161  -0.0041767659
240.6459972650  0.0000000000  0.0000000000  0.0000436564  -0.0041549605
241.9026343264  0.0000000000  0.0000000000  0.0000432038  -0.0041333816
243.1592713878  0.0000000000  0.0000000000  0.0000427583  -0.0041120256
244.4159084493  0.0000000000  0.0000000000  0.0000423196  -0.0040908892
245.6725455107  0.0000000000  0.0000000000  0.0000418876  -0.0040699689
246.9291825722  0.0000000000  0.0000000000  0.0000414623  -0.0040492615
248.1858196336  0.0000000000  0.0000000000  0.0000410433  -0.0040287636
249.4424566950  0.0000000000  0.0000000000  0.0000406307  -0.0040084723
250.6990937565  0.0000000000  0.0000000000  0.0000402242  -0.0039883843
251.9557308179  0.0000000000  0.0000000000  0.0000398239  -0.0039684966
253.2123678793  0.0000000000  0.0000000000  0.0000394294  -0.0039488062
254.4690049408  0.0000000000  0.0000000000  0.0000390408  -0.0039293103
255.7256420022  0.0000000000  0.0000000000  0.0000386579  -0.0039100059
256.9822790636  0.0000000000  0.0000000000  0.0000382807  -0.0038908902
258.2389161251  0.0000000000  0.0000000000  0.0000379089  -0.0038719605
259.4955531865  0.0000000000  0.0000000000  0.0000375425  -0.0038532141
260.7521902480  0.0000000000  0.0000000000  0.0000371814  -0.0038346483
262.0088273094  0.0000000000  0.0000000000  0.0000368254  -0.0038162605
263.2654643708  0.0000000000  0.0000000000  0.0000364746  -0.0037980483
264.5221014323  0.0000000000  0.0000000000  0.0000361287  -0.0037800090
265.7787384937  0.0000000000  0.0000000000  0.0000357877  -0.0037621402
267.0353755551  0.0000000000  0.0000000000  0.0000354516  -0.0037444396
268.2920126166  0.0000000000  0.0000000000  0.0000351201  -0.0037269047
269.5486496780  0.0000000000  0.0000000000  0.0000347933  -0.0037095333
270.8052867394  0.0000000000  0.0000000000  0.0000344710  -0.0036923231
272.0619238009  0.0000000000  0.0000000000  0.0000341532  -0.0036752718
273.3185608623  0.0000000000  0.0000000000  0.0000338397  -0.0036583772
274.5751979237  0.0000000000  0.0000000000  0.0000335306  -0.0036416373
275.8318349852  0.0000000000  0.0000000000  0.0000332256  -0.0036250498
277.0884720466  0.0000000000  0.0000000000  0.0000329248  -0.0036086127
278.3451091081  0.0000000000  0.0000000000  0.0000326281  -0.0035923240
279.6017461695  0.0000000000  0.0000000000  0.0000323353  -0.0035761817
280.8583832309  0.0000000000  0.0000000000  0.0000320465  -0.0035601838
282.1150202924  0.0000000000  0.0000000000  0.0000317615  -0.0035443284
283.3716573538  0.0000000000  0.0000000000  0.0000314803  -0.0035286136
284.6282944152  0.0000000000  0.0000000000  0.0000312028  -0.0035130375
285.8849314767  0.0000000000  0.0000000000  0.0000309290  -0.0034975982
287.1415685381  0.0000000000  0.0000000000  0.0000306588  -0.0034822941
288.3982055995  0.0000000000  0.0000000000  0.0000303921  -0.0034671234
289.6548426610  0.0000000000  0.0000000000  0.0000301288  -0.0034520842
290.9114797224  0.0000000000  0.0000000000  0.0000298690  -0.0034371749
292.1681167839  0.0000000000  0.0000000000  0.0000296125  -0.0034223938
293.4247538453  0.0000000000  0.0000000000  0.0000293592  -0.0034077393
294.6813909067  0.0000000000  0.0000000000  0.0000291093  -0.0033932098
295.9380279682  0.0000000000  0.0000000000  0.0000288625  -0.0033788036
297.1946650296  0.0000000000  0.0000000000  0.0000286188  -0.0033645193
298.4513020910  0.0000000000  0.0000000000  0.0000283782  -0.0033503551
299.7079391525  0.0000000000  0.0000000000  0.0000281406  -0.0033363098
300.9645762139  0.0000000000  0.0000000000  0.0000279060  -0.0033223817
302.2212132753  0.0000000000  0.0000000000  0.0000276743  -0.0033085694
303.4778503368  0.0000000000  0.0000000000  0.0000274455  -0.0032948714
304.7344873982  0.0000000000  0.0000000000  0.0000272195  -0.0032812864
305.9911244596  0.0000000000  0.0000000000  0.0000269963  -0.0032678130
307.2477615211  0.0000000000  0.0000000000  0.0000267758  -0.0032544497
308.5043985825  0.0000000000  0.0000000000  0.0000265580  -0.0032411953
309.7610356440  0.0000000000  0.0000000000  0.0000263428  -0.0032280484
311.0176727054  0.0000000000  0.0000000000  0.0000261303  -0.0032150077
312.2743097668  0.0000000000  0.0000000000  0.0000259203  -0.0032020720
313.5309468283  0.0000000000  0.0000000000  0.0000257128  -0.0031892399
314.7875838897  0.0000000000  0.0000000000  0.0000255078  -0.0031765102
316.0442209511  0.0000000000  0.0000000000  0.0000253053  -0.0031638818
317.3008580126  0.0000000000  0.0000000000  0.0000251051  -0.0031513533
318.5574950740  0.0000000000  0.0000000000  0.0000249074  -0.0031389237
319.8141321354  0.0000000000  0.0000000000  0.0000247119  -0.0031265918
321.0707691969  0.0000000000  0.0000000000  0.0000245187  -0.0031143563
322.3274062583  0.0000000000  0.0000000000  0.0000243278  -0.0031022163
323.5840433197  0.0000000000  0.0000000000  0.0000241392  -0.0030901705
324.8406803812  0.0000000000  0.0000000000  0.0000239527  -0.0030782179
326.0973174426  0.0000000000  0.0000000000  0.0000237683  -0.0030663573
327.3539545041  0.0000000000  0.0000000000  0.0000235861  -0.0030545879
328.6105915655  0.0000000000  0.0000000000  0.0000234059  -0.0030429084
329.8672286269  0.0000000000  0.0000000000  0.0000232278  -0.0030313179
331.1238656884  0.0000000000  0.0000000000  0.0000230518  -0.0030198154
332.3805027498  0.0000000000  0.0000000000  0.0000228777  -0.0030083998
333.6371398112  0.0000000000  0.0000000000  0.0000227056  -0.0029970701
334.8937768727  0.0000000000  0.0000000000  0.0000225354  -0.0029858255
336.1504139341  0.0000000000  0.0000000000  0.0000223672  -0.0029746650
337.4070509955  0.0000000000  0.0000000000  0.0000222008  -0.0029635876
338.6636880570  0.0000000000  0.0000000000  0.0000220362  -0.0029525923
339.9203251184  0.0000000000  0.0000000000  0.0000218735  -0.0029416784
341.1769621799  0.0000000000  0.0000000000  0.0000217126  -0.0029308448
342.4335992413  0.0000000000  0.0000000000  0.0000215534  -0.0029200907
343.6902363027  0.0000000000  0.0000000000  0.0000213960  -0.0029094153
344.9468733642  0.0000000000  0.0000000000  0.0000212403  -0.0028988176
346.2035104256  0.0000000000  0.0000000000  0.0000210863  -0.0028882968
347.4601474870  0.0000000000  0.0000000000  0.0000209340  -0.0028778521
348.7167845485  0.0000000000  0.0000000000  0.0000207833  -0.0028674827
349.9734216099  0.0000000000  0.0000000000  0.0000206342  -0.0028571878
351.2300586713  0.0000000000  0.0000000000  0.0000204867  -0.0028469664
352.4866957328  0.0000000000  0.0000000000  0.0000203408  -0.0028368180
353.7433327942  0.0000000000  0.0000000000  0.0000201965  -0.0028267417
354.9999698556  0.0000000000  0.0000000000  0.0000200537  -0.0028167366
356.2566069171  0.0000000000  0.0000000000  0.0000199124  -0.0028068022
357.5132439785  0.0000000000  0.0000000000  0.0000197725  -0.0027969375
358.7698810400  0.0000000000  0.0000000000  0.0000196342  -0.0027871420
360.0265181014  0.0000000000  0.0000000000  0.0000194973  -0.0027774148
361.2831551628  0.0000000000  0.0000000000  0.0000193618  -0.0027677553
362.5397922243  0.0000000000  0.0000000000  0.0000192277  -0.0027581628
363.7964292857  0.0000000000  0.0000000000  0.0000190950  -0.0027486365
365.0530663471  0.0000000000  0.0000000000  0.0000189637  -0.0027391757
366.3097034086  0.0000000000  0.0000000000  0.0000188337  -0.0027297799
367.5663404700  0.0000000000  0.0000000000  0.0000187051  -0.0027204483
368.8229775314  0.0000000000  0.0000000000  0.0000185778  -0.0027111803
370.0796145929  0.0000000000  0.0000000000  0.0000184518  -0.0027019752
371.3362516543  0.0000000000  0.0000000000  0.0000183270  -0.0026928324
372.5928887157  0.0000000000  0.0000000000  0.0000182035  -0.0026837513
373.8495257772  0.0000000000  0.0000000000  0.0000180813  -0.0026747312
375.1061628386  0.0000000000  0.0000000000  0.0000179602  -0.0026657716
376.3627999001  0.0000000000  0.0000000000  0.0000178404  -0.0026568717
377.6194369615  0.0000000000  0.0000000000  0.0000177218  -0.0026480311
378.8760740229  0.0000000000  0.0000000000  0.0000176044  -0.0026392491
380.1327110844  0.0000000000  0.0000000000  0.0000174881  -0.0026305252
381.3893481458  0.0000000000  0.0000000000  0.0000173730  -0.0026218588
382.6459852072  0.0000000000  0.0000000000  0.0000172590  -0.0026132492
383.9026222687  0.0000000000  0.0000000000  0.0000171461  -0.0026046961
385.1592593301  0.0000000000  0.0000000000  0.0000170343  -0.0025961987
386.4158963915  0.0000000000  0.0000000000  0.0000169236  -0.0025877566
387.6725334530  0.0000000000  0.0000000000  0.0000168140  -0.0025793692
388.9291705144  0.0000000000  0.0000000000  0.0000167055  -0.0025710360
390.1858075759  0.0000000000  0.0000000000  0.0000165980  -0.0025627565
391.4424446373  0.0000000000  0.0000000000  0.0000164915  -0.0025545301
392.6990816987  0.0000000000  0.0000000000  0.0000163860  -0.0025463564
393.9557187602  0.0000000000  0.0000000000  0.0000162816  -0.0025382348
395.2123558216  0.0000000000  0.0000000000  0.0000161782  -0.0025301648
396.4689928830  0.0000000000  0.0000000000  0.0000160757  -0.0025221460
397.7256299445  0.0000000000  0.0000000000  0.0000159742  -0.0025141778
398.9822670059  0.0000000000  0.0000000000  0.0000158737  -0.0025062599
400.2389040673  0.0000000000  0.0000000000  0.0000157741  -0.0024983916
401.4955411288  0.0000000000  0.0000000000  0.0000156754  -0.0024905726
402.7521781902  0.0000000000  0.0000000000  0.0000155777  -0.0024828024
404.0088152516  0.0000000000  0.0000000000  0.0000154809  -0.0024750806
405.2654523131  0.0000000000  0.0000000000  0.0000153849  -0.0024674066
406.5220893745  0.0000000000  0.0000000000  0.0000152899  -0.0024597800
407.7787264360  0.0000000000  0.0000000000  0.0000151957  -0.0024522004
409.0353634974  0.0000000000  0.0000000000  0.0000151024  -0.0024446674
410.2920005588  0.0000000000  0.0000000000  0.0000150100  -0.0024371806
411.5486376203  0.0000000000  0.0000000000  0.0000149184  -0.0024297394
412.8052746817  0.0000000000  0.0000000000  0.0000148277  -0.0024223436
414.0619117431  0.0000000000  0.0000000000  0.0000147377  -0.0024149926
415.3185488046  0.0000000000  0.0000000000  0.0000146486  -0.0024076862
416.5751858660  0.0000000000  0.0000000000  0.0000145603  -0.0024004237
417.8318229274  0.0000000000  0.0000000000  0.0000144728  -0.0023932050
419.0884599889  0.0000000000  0.0000000000  0.0000143861  -0.0023860296
420.3450970503  0.0000000000  0.0000000000  0.0000143001  -0.0023788970
421.6017341118  0.0000000000  0.0000000000  0.0000142149  -0.0023718070
422.8583711732  0.0000000000  0.0000000000  0.0000141305  -0.0023647591
424.1150082346  0.0000000000  0.0000000000  0.0000140468  -0.0023577530
425.3716452961  0.0000000000  0.0000000000  0.0000139639  -0.0023507882
426.6282823575  0.0000000000  0.0000000000  0.0000138817  -0.0023438645
427.8849194189  0.0000000000  0.0000000000  0.0000138002  -0.0023369815
429.1415564804  0.0000000000  0.0000000000  0.0000137194  -0.0023301387
430.3981935418  0.0000000000  0.0000000000  0.0000136394  -0.0023233359
431.6548306032  0.0000000000  0.0000000000  0.0000135600  -0.0023165727
432.9114676647  0.0000000000  0.0000000000  0.0000134814  -0.0023098488
434.1681047261  0.0000000000  0.0000000000  0.0000134034  -0.0023031638
435.4247417875  0.0000000000  0.0000000000  0.0000133261  -0.0022965173
436.6813788490  0.0000000000  0.0000000000  0.0000132494  -0.0022899091
437.9380159104  0.0000000000  0.0000000000  0.0000131734  -0.0022833389
439.1946529719  0.0000000000  0.0000000000  0.0000130981  -0.0022768062
440.4512900333  0.0000000000  0.0000000000  0.0000130234  -0.0022703108
441.7079270947  0.0000000000  0.0000000000  0.0000129493  -0.0022638524
442.9645641562  0.0000000000  0.0000000000  0.0000128759  -0.0022574305
444.2212012176  0.0000000000  0.0000000000  0.0000128031  -0.0022510451
445.4778382790  0.0000000000  0.0000000000  0.0000127309  -0.0022446956
446.7344753405  0.0000000000  0.0000000000  0.0000126594  -0.0022383819
447.9911124019  0.0000000000  0.0000000000  0.0000125884  -0.0022321035
449.2477494633  0.0000000000  0.0000000000  0.0000125180  -0.0022258603
450.5043865248  0.0000000000  0.0000000000  0.0000124482  -0.0022196520
451.7610235862  0.0000000000  0.0000000000  0.0000123790  -0.0022134781
453.0176606476  0.0000000000  0.0000000000  0.0000123104  -0.0022073385
454.2742977091  0.0000000000  0.0000000000  0.0000122423  -0.0022012329
455.5309347705  0.0000000000  0.0000000000  0.0000121748  -0.0021951610
456.7875718320  0.0000000000  0.0000000000  0.0000121078  -0.0021891224
458.0442088934  0.0000000000  0.0000000000  0.0000120414  -0.0021831170
459.3008459548  0.0000000000  0.0000000000  0.0000119756  -0.0021771444
460.5574830163  0.0000000000  0.0000000000  0.0000119103  -0.0021712045
461.8141200777  0.0000000000  0.0000000000  0.0000118455  -0.0021652968
463.0707571391  0.0000000000  0.0000000000  0.0000117812  -0.0021594213
464.3273942006  0.0000000000  0.0000000000  0.0000117175  -0.0021535775
465.5840312620  0.0000000000  0.0000000000  0.0000116543  -0.0021477652
466.8406683234  0.0000000000  0.0000000000  0.0000115916  -0.0021419843
468.0973053849  0.0000000000  0.0000000000  0.0000115294  -0.0021362344
469.3539424463  0.0000000000  0.0000000000  0.0000114676  -0.0021305152
470.6105795078  0.0000000000  0.0000000000  0.0000114064  -0.0021248266
471.8672165692  0.0000000000  0.0000000000  0.0000113457  -0.0021191683
473.1238536306  0.0000000000  0.0000000000  0.0000112855  -0.0021135401
474.3804906921  0.0000000000  0.0000000000  0.0000112257  -0.0021079417
475.6371277535  0.0000000000  0.0000000000  0.0000111664  -0.0021023728
476.8937648149  0.0000000000  0.0000000000  0.0000111076  -0.0020968333
478.1504018764  0.0000000000  0.0000000000  0.0000110492  -0.0020913229
479.4070389378  0.0000000000  0.0000000000  0.0000109913  -0.0020858414
480.6636759992  0.0000000000  0.0000000000  0.0000109339  -0.0020803886
481.9203130607  0.0000000000  0.0000000000  0.0000108769  -0.0020749642
483.1769501221  0.0000000000  0.0000000000  0.0000108203  -0.0020695680
484.4335871835  0.0000000000  0.0000000000  0.0000107642  -0.0020641998
485.6902242450  0.0000000000  0.0000000000  0.0000107086  -0.0020588594
486.9468613064  0.0000000000  0.0000000000  0.0000106533  -0.0020535465
488.2034983679  0.0000000000  0.0000000000  0.0000105985  -0.0020482610
489.4601354293  0.0000000000  0.0000000000  0.0000105441  -0.0020430026
490.7167724907  0.0000000000  0.0000000000  0.0000104901  -0.0020377712
491.9734095522  0.0000000000  0.0000000000  0.0000104365  -0.0020325664
493.2300466136  0.0000000000  0.0000000000  0.0000103834  -0.0020273882
494.4866836750  0.0000000000  0.0000000000  0.0000103306  -0.0020222363
495.7433207365  0.0000000000  0.0000000000  0.0000102783  -0.0020171106
496.9999577979  0.0000000000  0.0000000000  0.0000102263  -0.0020120107
498.2565948593  0.0000000000  0.0000000000  0.0000101747  -0.0020069366
499.5132319208  0.0000000000  0.0000000000  0.0000101236  -0.0020018880
500.7698689822  0.0000000000  0.0000000000  0.0000100728  -0.0019968647
502.0265060436  0.0000000000  0.0000000000  0.0000100224  -0.0019918666
503.2831431051  0.0000000000  0.0000000000  0.0000099723  -0.0019868934
504.5397801665  0.0000000000  0.0000000000  0.0000099227  -0.0019819450
505.7964172280  0.0000000000  0.0000000000  0.0000098734  -0.0019770212
507.0530542894  0.0000000000  0.0000000000  0.0000098245  -0.0019721218
508.3096913508  0.0000000000  0.0000000000  0.0000097759  -0.0019672466
509.5663284123  0.0000000000  0.0000000000  0.0000097277  -0.0019623955
510.8229654737  0.0000000000  0.0000000000  0.0000096799  -0.0019575682
512.0796025351  0.0000000000  0.0000000000  0.0000096324  -0.0019527646
513.3362395966  0.0000000000  0.0000000000  0.0000095852  -0.0019479845
514.5928766580  0.0000000000  0.0000000000  0.0000095384  -0.0019432278
515.8495137194  0.0000000000  0.0000000000  0.0000094920  -0.0019384943
517.1061507809  0.0000000000  0.0000000000  0.0000094458  -0.0019337837
518.3627878423  0.0000000000  0.0000000000  0.0000094001  -0.0019290960
519.6194249038  0.0000000000  0.0000000000  0.0000093546  -0.0019244310
520.8760619652  0.0000000000  0.0000000000  0.0000093095  -0.0019197884
522.1326990266  0.0000000000  0.0000000000  0.0000092647  -0.0019151682
523.3893360881  0.0000000000  0.0000000000  0.0000092202  -0.0019105702
524.6459731495  0.0000000000  0.0000000000  0.0000091760  -0.0019059943
525.9026102109  0.0000000000  0.0000000000  0.0000091322  -0.0019014401
527.1592472724  0.0000000000  0.0000000000  0.0000090887  -0.0018969077
528.4158843338  0.0000000000  0.0000000000  0.0000090454  -0.0018923969
529.6725213952  0.0000000000  0.0000000000  0.0000090025  -0.0018879075
530.9291584567  0.0000000000  0.0000000000  0.0000089599  -0.0018834393
532.1857955181  0.0000000000  0.0000000000  0.0000089176  -0.0018789922
533.4424325795  0.0000000000  0.0000000000  0.0000088756  -0.0018745660
534.6990696410  0.0000000000  0.0000000000  0.0000088339  -0.0018701607
535.9557067024  0.0000000000  0.0000000000  0.0000087925  -0.0018657760
537.2123437639  0.0000000000  0.0000000000  0.0000087514  -0.0018614118
538.4689808253  0.0000000000  0.0000000000  0.0000087105  -0.0018570680
539.7256178867  0.0000000000  0.0000000000  0.0000086700  -0.0018527445
540.9822549482  0.0000000000  0.0000000000  0.0000086297  -0.0018484410
542.2388920096  0.0000000000  0.0000000000  0.0000085897  -0.0018441574
543.4955290710  0.0000000000  0.0000000000  0.0000085500  -0.0018398937
544.7521661325  0.0000000000  0.0000000000  0.0000085106  -0.0018356496
546.0088031939  0.0000000000  0.0000000000  0.0000084714  -0.0018314251
547.2654402553  0.0000000000  0.0000000000  0.0000084325  -0.0018272199
548.5220773168  0.0000000000  0.0000000000  0.0000083939  -0.0018230341
549.7787143782  0.0000000000  0.0000000000  0.0000083555  -0.0018188673
551.0353514396  0.0000000000  0.0000000000  0.0000083174  -0.0018147196
552.2919885011  0.0000000000  0.0000000000  0.0000082795  -0.0018105907
553.5486255625  0.0000000000  0.0000000000  0.0000082420  -0.0018064806
554.8052626240  0.0000000000  0.0000000000  0.0000082046  -0.0018023891
556.0618996854  0.0000000000  0.0000000000  0.0000081675  -0.0017983161
557.3185367468  0.0000000000  0.0000000000  0.0000081307  -0.0017942615
558.5751738083  0.0000000000  0.0000000000  0.0000080941  -0.0017902251
559.8318108697  0.0000000000  0.0000000000  0.0000080578  -0.0017862068
561.0884479311  0.0000000000  0.0000000000  0.0000080217  -0.0017822065
562.3450849926  0.0000000000  0.0000000000  0.0000079859  -0.0017782241
563.6017220540  0.0000000000  0.0000000000  0.0000079503  -0.0017742594
564.8583591154  0.0000000000  0.0000000000  0.0000079149  -0.0017703124
566.1149961769  0.0000000000  0.0000000000  0.0000078798  -0.0017663830
567.3716332383  0.0000000000  0.0000000000  0.0000078448  -0.0017624709
568.6282702998  0.0000000000  0.0000000000  0.0000078102  -0.0017585761
569.8849073612  0.0000000000  0.0000000000  0.0000077757  -0.0017546985
571.1415444226  0.0000000000  0.0000000000  0.0000077415  -0.0017508379
572.3981814841  0.0000000000  0.0000000000  0.0000077075  -0.0017469943
573.6548185455  0.0000000000  0.0000000000  0.0000076738  -0.0017431675
574.9114556069  0.0000000000  0.0000000000  0.0000076402  -0.0017393575
576.1680926684  0.0000000000  0.0000000000  0.0000076069  -0.0017355641
577.4247297298  0.0000000000  0.0000000000  0.0000075738  -0.0017317872
578.6813667912  0.0000000000  0.0000000000  0.0000075409  -0.0017280267
579.9380038527  0.0000000000  0.0000000000  0.0000075082  -0.0017242825
581.1946409141  0.0000000000  0.0000000000  0.0000074757  -0.0017205544
582.4512779755  0.0000000000  0.0000000000  0.0000074435  -0.0017168425
583.7079150370  0.0000000000  0.0000000000  0.0000074114  -0.0017131466
584.9645520984  0.0000000000  0.0000000000  0.0000073796  -0.0017094665
586.2211891599  0.0000000000  0.0000000000  0.0000073480  -0.0017058022
587.4778262213  0.0000000000  0.0000000000  0.0000073165  -0.0017021536
588.7344632827  0.0000000000  0.0000000000  0.0000072853  -0.0016985205
589.9911003442  0.0000000000  0.0000000000  0.0000072543  -0.0016949029
591.2477374056  0.0000000000  0.0000000000  0.0000072234  -0.0016913007
592.5043744670  0.0000000000  0.0000000000  0.0000071928  -0.0016877138
593.7610115285  0.0000000000  0.0000000000  0.0000071623  -0.0016841421
595.0176485899  0.0000000000  0.0000000000  0.0000071321  -0.0016805854
596.2742856513  0.0000000000  0.0000000000  0.0000071020  -0.0016770438
597.5309227128  0.0000000000  0.0000000000  0.0000070721  -0.0016735170
598.7875597742  0.0000000000  0.0000000000  0.0000070425  -0.0016700051
600.0441968357  0.0000000000  0.0000000000  0.0000070130  -0.0016665078
601.3008338971  0.0000000000  0.0000000000  0.0000069836  -0.0016630252
602.5574709585  0.0000000000  0.0000000000  0.0000069545  -0.0016595571
603.8141080200  0.0000000000  0.0000000000  0.0000069256  -0.0016561034
605.0707450814  0.0000000000  0.0000000000  0.0000068968  -0.0016526640
606.3273821428  0.0000000000  0.0000000000  0.0000068682  -0.0016492390
607.5840192043  0.0000000000  0.0000000000  0.0000068398  -0.0016458281
608.8406562657  0.0000000000  0.0000000000  0.0000068116  -0.0016424312
610.0972933271  0.0000000000  0.0000000000  0.0000067835  -0.0016390484
611.3539303886  0.0000000000  0.0000000000  0.0000067556  -0.0016356795
612.6105674500  0.0000000000  0.0000000000  0.0000067279  -0.0016323243
613.8672045114  0.0000000000  0.0000000000  0.0000067003  -0.0016289830
615.1238415729  0.0000000000  0.0000000000  0.0000066730  -0.0016256552
616.3804786343  0.0000000000  0.0000000000  0.0000066457  -0.0016223411
617.6371156958  0.0000000000  0.0000000000  0.0000066187  -0.0016190404
618.8937527572  0.0000000000  0.0000000000  0.0000065918  -0.0016157531
620.1503898186  0.0000000000  0.0000000000  0.0000065651  -0.0016124792
621.4070268801  0.0000000000  0.0000000000  0.0000065385  -0.0016092185
622.6636639415  0.0000000000  0.0000000000  0.0000065121  -0.0016059709
623.9203010029  0.0000000000  0.0000000000  0.0000064859  -0.0016027365
625.1769380644  0.0000000000  0.0000000000  0.0000064598  -0.0015995150
626.4335751258  0.0000000000  0.0000000000  0.0000064339  -0.0015963065
627.6902121872  0.0000000000  0.0000000000  0.0000064081  -0.0015931108
628.9468492487  0.0000000000  0.0000000000  0.0000000000  0.0000000000
-627.6902121872  0.0000000000  3.1415926536  0.0000000000  0.0000000000
-626.4335751258  0.0000000000  3.1415926536  0.0000000000  0.0000000000
-625.1769380644  0.0000000000  3.1415926536  0.0000000000  0.0000000000
-623.9203010029  0.0000000000  3.1415926536  0.0000000000  0.0000000000
-622.6636639415  0.0000000000  3.1415926536  0.0000000000  0.0000000000
-621.4070268801  0.0000000000  3.1415926536  0.0000000000  0.0000000000
-620.1503898186  0.0000000000  3.1415926536  0.0000000000  0.0000000000
-618.8937527572  0.0000000000  3.1415926536  0.0000000000  0.0000000000
-617.6371156958  0.0000000000  3.1415926536  0.0000000000  0.0000000000
-616.3804786343  0.0000000000  3.1415926536  0.0000000000  0.0000000000
-615.1238415729  0.0000000000  3.1415926536  0.0000000000  0.0000000000
-613.8672045114  0.0000000000  3.1415926536  0.0000000000  0.0000000000
-612.6105674500  0.0000000000  3.1415926536  0.0000000000  0.0000000000
-611.3539303886  0.0000000000  3.1415926536  0.0000000000  0.0000000000
-610.0972933271  0.0000000000  3.1415926536  0.0000000000  0.0000000000
-608.8406562657  0.0000000000  3.1415926536  0.0000000000  0.0000000000
-607.5840192043  0.0000000000  3.1415926536  0.0000000000  0.0000000000
-606.3273821428  0.0000000000  3.1415926536  0.0000000000  0.0000000000
-605.0707450814  0.0000000000  3.1415926536  0.0000000000  0.0000000000
-603.8141080200  0.0000000000  3.1415926536  0.0000000000  0.0000000000
-602.5574709585  0.0000000000  3.1415926536  0.0000000000  0.0000000000
-601.3008338971  0.0000000000  3.1415926536  0.0000000000  0.0000000000
-600.0441968357  0.0000000000  3.1415926536  0.0000000000  0.0000000000
-598.7875597742  0.0000000000  3.1415926536  0.0000000000  0.0000000000
-597.5309227128  0.0000000000  3.1415926536  0.0000000000  0.0000000000
-596.2742856513  0.0000000000  3.1415926536  0.0000000000  0.0000000000
-595.0176485899  0.0000000000  3.1415926536  0.0000000000  0.0000000000
-593.7610115285  0.0000000000  3.1415926536  0.0000000000  0.0000000000
-592.5043744670  0.0000000000  3.1415926536  0.0000000000  0.0000000000
-591.2477374056  0.0000000000  3.1415926536  0.0000000000  0.0000000000
-589.9911003442  0.0000000000  3.1415926536  0.0000000000  0.0000000000
-588.7344632827  0.0000000000  3.1415926536  0.0000000000  0.0000000000
-587.4778262213  0.0000000000  3.1415926536  0.0000000000  0.0000000000
-586.2211891599  0.0000000000  3.1415926536  0.0000000000  0.0000000000
-584.9645520984  0.0000000000  3.1415926536  0.0000000000  0.0000000000
-583.7079150370  0.0000000000  3.1415926536  0.0000000000  0.0000000000
-582.4512779755  0.0000000000  3.1415926536  0.0000000000  0.0000000000
-581.1946409141  0.0000000000  3.1415926536  0.0000000000  0.0000000000
-579.9380038527  0.0000000000  3.1415926536  0.0000000000  0.0000000000
-578.6813667912  0.0000000000  3.1415926536  0.0000000000  0.0000000000
-577.4247297298  0.0000000000  3.1415926536  0.0000000000  0.0000000000
-576.1680926684  0.0000000000  3.1415926536  0.0000000000  0.0000000000
-574.9114556069  0.0000000000  3.1415926536  0.0000000000  0.0000000000
-573.6548185455  0.0000000000  3.1415926536  0.0000000000  0.0000000000
-572.3981814841  0.0000000000  3.1415926536  0.0000000000  0.0000000000
-571.1415444226  0.0000000000  3.1415926536  0.0000000000  0.0000000000
-569.8849073612  0.0000000000  3.1415926536  0.0000000000  0.0000000000
-568.6282702998  0.0000000000  3.1415926536  0.0000000000  0.0000000000
-567.3716332383  0.0000000000  3.1415926536  0.0000000000  0.0000000000
-566.1149961769  0.0000000000  3.1415926536  0.0000000000  0.0000000000
-564.8583591154  0.0000000000  3.1415926536  0.0000000000  0.0000000000
-563.6017220540  0.0000000000  3.1415926536  0.0000000000  0.0000000000
-562.3450849926  0.0000000000  3.1415926536  0.0000000000  0.0000000000
-561.0884479311  0.0000000000  3.1415926536  0.0000000000  0.0000000000
-559.8318108697  0.0000000000  3.1415926536  0.0000000000  0.0000000000
-558.5751738083  0.0000000000  3.1415926536  0.0000000000  0.0000000000
-557.3185367468  0.0000000000  3.1415926536  0.0000000000  0.0000000000
-556.0618996854  0.0000000000  3.1415926536  0.0000000000  0.0000000000
-554.8052626240  0.0000000000  3.1415926536  0.0000000000  0.0000000000
-553.5486255625  0.0000000000  3.1415926536  0.0000000000  0.0000000000
-552.2919885011  0.0000000000  3.1415926536  0.0000000000  0.0000000000
-551.0353514396  0.0000000000  3.1415926536  0.0000000000  0.0000000000
-549.7787143782  0.0000000000  3.1415926536  0.0000000000  0.0000000000
-548.5220773168  0.0000000000  3.1415926536  0.0000000000  0.0000000000
-547.2654402553  0.0000000000  3.1415926536  0.0000000000  0.0000000000
-546.0088031939  0.0000000000  3.1415926536  0.0000000000  0.0000000000
-544.7521661325  0.0000000000  3.1415926536  0.0000000000  0.0000000000
-543.4955290710  0.0000000000  3.1415926536  0.0000000000  0.0000000000
-542.2388920096  0.0000000000  3.1415926536  0.0000000000  0.0000000000
-540.9822549482  0.0000000000  3.1415926536  0.0000000000  0.0000000000
-539.7256178867  0.0000000000  3.1415926536  0.0000000000  0.0000000000
-538.4689808253  0.0000000000  3.1415926536  0.0000000000  0.0000000000
-537.2123437639  0.0000000000  3.1415926536  0.0000000000  0.0000000000
-535.9557067024  0.0000000000  3.1415926536  0.0000000000  0.0000000000
-534.6990696410  0.0000000000  3.1415926536  0.0000000000  0.0000000000
-533.4424325795  0.0000000000  3.1415926536  0.0000000000  0.0000000000
-532.1857955181  0.0000000000  3.1415926536  0.0000000000  0.0000000000
-530.9291584567  0.0000000000  3.1415926536  0.0000000000  0.0000000000
-529.6725213952  0.0000000000  3.1415926536  0.0000000000  0.0000000000
-528.4158843338  0.0000000000  3.1415926536  0.0000000000  0.0000000000
-527.1592472724  0.0000000000  3.1415926536  0.0000000000  0.0000000000
-525.9026102109  0.0000000000  3.1415926536  0.0000000000  0.0000000000
-524.6459731495  0.0000000000  3.1415926536  0.0000000000  0.0000000000
-523.3893360881  0.0000000000  3.1415926536  0.0000000000  0.0000000000
-522.1326990266  0.0000000000  3.1415926536  0.0000000000  0.0000000000
-520.8760619652  0.0000000000  3.1415926536  0.0000000000  0.0000000000
-519.6194249038  0.0000000000  3.1415926536  0.0000000000  0.0000000000
-518.3627878423  0.0000000000  3.1415926536  0.0000000000  0.0000000000
-517.1061507809  0.0000000000  3.1415926536  0.0000000000  0.0000000000
-515.8495137194  0.0000000000  3.1415926536  0.0000000000  0.0000000000
-514.5928766580  0.0000000000  3.1415926536  0.0000000000  0.0000000000
-513.3362395966  0.0000000000  3.1415926536  0.0000000000  0.0000000000
-512.0796025351  0.0000000000  3.1415926536  0.0000000000  0.0000000000
-510.8229654737  0.0000000000  3.1415926536  0.0000000000  0.0000000000
-509.5663284123  0.0000000000  3.1415926536  0.0000000000  0.0000000000
-508.3096913508  0.0000000000  3.1415926536  0.0000000000  0.0000000000
-507.0530542894  0.0000000000  3.1415926536  0.0000000000  0.0000000000
-505.7964172280  0.0000000000  3.1415926536  0.0000000000  0.0000000000
-504.5397801665  0.0000000000  3.1415926536  0.0000000000  0.0000000000
-503.2831431051  0.0000000000  3.1415926536  0.0000000000  0.0000000000
-502.0265060436  0.0000000000  3.1415926536  0.0000000000  0.0000000000
-500.7698689822  0.0000000000  3.1415926536  0.0000000000  0.0000000000
-499.5132319208  0.0000000000  3.1415926536  0.0000000000  0.0000000000
-498.2565948593  0.0000000000  3.1415926536  0.0000000000  0.0000000000
-496.9999577979  0.0000000000  3.1415926536  0.0000000000  0.0000000000
-495.7433207365  0.0000000000  3.1415926536  0.0000000000  0.0000000000
-494.4866836750  0.0000000000  3.1415926536  0.0000000000  0.0000000000
-493.2300466136  0.0000000000  3.1415926536  0.0000000000  0.0000000000
-491.9734095522  0.0000000000  3.1415926536  0.0000000000  0.0000000000
-490.7167724907  0.0000000000  3.1415926536  0.0000000000  0.0000000000
-489.4601354293  0.0000000000  3.1415926536  0.0000000000  0.0000000000
-488.2034983679  0.0000000000  3.1415926536  0.0000000000  0.0000000000
-486.9468613064  0.0000000000  3.1415926536  0.0000000000  0.0000000000
-485.6902242450  0.0000000000  3.1415926536  0.0000000000  0.0000000000
-484.4335871835  0.0000000000  3.1415926536  0.0000000000  0.0000000000
-483.1769501221  0.0000000000  3.1415926536  0.0000000000  0.0000000000
-481.9203130607  0.0000000000  3.1415926536  0.0000000000  0.0000000000
-480.6636759992  0.0000000000  3.1415926536  0.0000000000  0.0000000000
-479.4070389378  0.0000000000  3.1415926536  0.0000000000  0.0000000000
-478.1504018764  0.0000000000  3.1415926536  0.0000000000  0.0000000000
-476.8937648149  0.0000000000  3.1415926536  0.0000000000  0.0000000000
-475.6371277535  0.0000000000  3.1415926536  0.0000000000  0.0000000000
-474.3804906921  0.0000000000  3.1415926536  0.0000000000  0.0000000000
-473.1238536306  0.0000000000  3.1415926536  0.0000000000  0.0000000000
-471.8672165692  0.0000000000  3.1415926536  0.0000000000  0.0000000000
-470.6105795078  0.0000000000  3.1415926536  0.0000000000  0.0000000000
-469.3539424463  0.0000000000  3.1415926536  0.0000000000  0.0000000000
-468.0973053849  0.0000000000  3.1415926536  0.0000000000  0.0000000000
-466.8406683234  0.0000000000  3.1415926536  0.0000000000  0.0000000000
-465.5840312620  0.0000000000  3.1415926536  0.0000000000  0.0000000000
-464.3273942006  0.0000000000  3.1415926536  0.0000000000  0.0000000000
-463.0707571391  0.0000000000  3.1415926536  0.0000000000  0.0000000000
-461.8141200777  0.0000000000  3.1415926536  0.0000000000  0.0000000000
-460.5574830163  0.0000000000  3.1415926536  0.0000000000  0.0000000000
-459.3008459548  0.0000000000  3.1415926536  0.0000000000  0.0000000000
-458.0442088934  0.0000000000  3.1415926536  0.0000000000  0.0000000000
-456.7875718320  0.0000000000  3.1415926536  0.0000000000  0.0000000000
-455.5309347705  0.0000000000  3.1415926536  0.0000000000  0.0000000000
-454.2742977091  0.0000000000  3.1415926536  0.0000000000  0.0000000000
-453.0176606476  0.0000000000  3.1415926536  0.0000000000  0.0000000000
-451.7610235862  0.0000000000  3.1415926536  0.0000000000  0.0000000000
-450.5043865248  0.0000000000  3.1415926536  0.0000000000  0.0000000000
-449.2477494633  0.0000000000  3.1415926536  0.0000000000  0.0000000000
-447.9911124019  0.0000000000  3.1415926536  0.0000000000  0.0000000000
-446.7344753405  0.0000000000  3.1415926536  0.0000000000  0.0000000000
-445.4778382790  0.0000000000  3.1415926536  0.0000000000  0.0000000000
-444.2212012176  0.0000000000  3.1415926536  0.0000000000  0.0000000000
-442.9645641562  0.0000000000  3.1415926536  0.0000000000  0.0000000000
-441.7079270947  0.0000000000  3.1415926536  0.0000000000  0.0000000000
-440.4512900333  0.0000000000  3.1415926536  0.0000000000  0.0000000000
-439.1946529719  0.0000000000  3.1415926536  0.0000000000  0.0000000000
-437.9380159104  0.0000000000  3.1415926536  0.0000000000  0.0000000000
-436.6813788490  0.0000000000  3.1415926536  0.0000000000  0.0000000000
-435.4247417875  0.0000000000  3.1415926536  0.0000000000  0.0000000000
-434.1681047261  0.0000000000  3.1415926536  0.0000000000  0.0000000000
-432.9114676647  0.0000000000  3.1415926536  0.0000000000  0.0000000000
-431.6548306032  0.0000000000  3.1415926536  0.0000000000  0.0000000000
-430.3981935418  0.0000000000  3.1415926536  0.0000000000  0.0000000000
-429.1415564804  0.0000000000  3.1415926536  0.0000000000  0.0000000000
-427.8849194189  0.0000000000  3.1415926536  0.0000000000  0.0000000000
-426.6282823575  0.0000000000  3.1415926536  0.0000000000  0.0000000000
-425.3716452961  0.0000000000  3.1415926536  0.0000000000  0.0000000000
-424.1150082346  0.0000000000  3.1415926536  0.0000000000  0.0000000000
-422.8583711732  0.0000000000  3.1415926536  0.0000000000  0.0000000000
-421.6017341118  0.0000000000  3.1415926536  0.0000000000  0.0000000000
-420.3450970503  0.0000000000  3.1415926536  0.0000000000  0.0000000000
-419.0884599889  0.0000000000  3.1415926536  0.0000000000  0.0000000000
-417.8318229274  0.0000000000  3.1415926536  0.0000000000  0.0000000000
-416.5751858660  0.0000000000  3.1415926536  0.0000000000  0.0000000000
-415.3185488046  0.0000000000  3.1415926536  0.0000000000  0.0000000000
-414.0619117431  0.0000000000  3.1415926536  0.0000000000  0.0000000000
-412.8052746817  0.0000000000  3.1415926536  0.0000000000  0.0000000000
-411.5486376203  0.0000000000  3.1415926536  0.0000000000  0.0000000000
-410.2920005588  0.0000000000  3.1415926536  0.0000000000  0.0000000000
-409.0353634974  0.0000000000  3.1415926536  0.0000000000  0.0000000000
-407.7787264360  0.0000000000  3.1415926536  0.0000000000  0.0000000000
-406.5220893745  0.0000000000  3.1415926536  0.0000000000  0.0000000000
-405.2654523131  0.0000000000  3.1415926536  0.0000000000  0.0000000000
-404.0088152516  0.0000000000  3.1415926536  0.0000000000  0.0000000000
-402.7521781902  0.0000000000  3.1415926536  0.0000000000  0.0000000000
-401.4955411288  0.0000000000  3.1415926536  0.0000000000  0.0000000000
-400.2389040673  0.0000000000  3.1415926536  0.0000000000  0.0000000000
-398.9822670059  0.0000000000  3.1415926536  0.0000000000  0.0000000000
-397.7256299445  0.0000000000  3.1415926536  0.0000000000  0.0000000000
-396.4689928830  0.0000000000  3.1415926536  0.0000000000  0.0000000000
-395.2123558216  0.0000000000  3.1415926536  0.0000000000  0.0000000000
-393.9557187602  0.0000000000  3.1415926536  0.0000000000  0.0000000000
-392.6990816987  0.0000000000  3.1415926536  0.0000000000  0.0000000000
-391.4424446373  0.0000000000  3.1415926536  0.0000000000  0.0000000000
-390.1858075759  0.0000000000  3.1415926536  0.0000000000  0.0000000000
-388.9291705144  0.0000000000  3.1415926536  0.0000000000  0.0000000000
-387.6725334530  0.0000000000  3.1415926536  0.0000000000  0.0000000000
-386.4158963915  0.0000000000  3.1415926536  0.0000000000  0.0000000000
-385.1592593301  0.0000000000  3.1415926536  0.0000000000  0.0000000000
-383.9026222687  0.0000000000  3.1415926536  0.0000000000  0.0000000000
-382.6459852072  0.0000000000  3.1415926536  0.0000000000  0.0000000000
-381.3893481458  0.0000000000  3.1415926536  0.0000000000  0.0000000000
-380.1327110844  0.0000000000  3.1415926536  0.0000000000  0.0000000000
-378.8760740229  0.0000000000  3.1415926536  0.0000000000  0.0000000000
-377.6194369615  0.0000000000  3.1415926536  0.0000000000  0.0000000000
-376.3627999001  0.0000000000  3.1415926536  0.0000000000  0.0000000000
-375.1061628386  0.0000000000  3.1415926536  0.0000000000  0.0000000000
-373.8495257772  0.0000000000  3.1415926536  0.0000000000  0.0000000000
-372.5928887157  0.0000000000  3.1415926536  0.0000000000  0.0000000000
-371.3362516543  0.0000000000  3.1415926536  0.0000000000  0.0000000000
-370.0796145929  0.0000000000  3.1415926536  0.0000000000  0.0000000000
-368.8229775314  0.0000000000  3.1415926536  0.0000000000  0.0000000000
-367.5663404700  0.0000000000  3.1415926536  0.0000000000  0.0000000000
-366.3097034086  0.0000000000  3.1415926536  0.0000000000  0.0000000000
-365.0530663471  0.0000000000  3.1415926536  0.0000000000  0.0000000000
-363.7964292857  0.0000000000  3.1415926536  0.0000000000  0.0000000000
-362.5397922243  0.0000000000  3.1415926536  0.0000000000  0.0000000000
-361.2831551628  0.0000000000  3.1415926536  0.0000000000  0.0000000000
-360.0265181014  0.0000000000  3.1415926536  0.0000000000  0.0000000000
-358.7698810400  0.0000000000  3.1415926536  0.0000000000  0.0000000000
-357.5132439785  0.0000000000  3.1415926536  0.0000000000  0.0000000000
-356.2566069171  0.0000000000  3.1415926536  0.0000000000  0.0000000000
-354.9999698556  0.0000000000  3.1415926536  0.0000000000  0.0000000000
-353.7433327942  0.0000000000  3.1415926536  0.0000000000  0.0000000000
-352.4866957328  0.0000000000  3.1415926536  0.0000000000  0.0000000000
-351.2300586713  0.0000000000  3.1415926536  0.0000000000  0.0000000000
-349.9734216099  0.0000000000  3.1415926536  0.0000000000  0.0000000000
-348.7167845485  0.0000000000  3.1415926536  0.0000000000  0.0000000000
-347.4601474870  0.0000000000  3.1415926536  0.0000000000  0.0000000000
-346.2035104256  0.0000000000  3.1415926536  0.0000000000  0.0000000000
-344.9468733642  0.0000000000  3.1415926536  0.0000000000  0.0000000000
-343.6902363027  0.0000000000  3.1415926536  0.0000000000  0.0000000000
-342.4335992413  0.0000000000  3.1415926536  0.0000000000  0.0000000000
-341.1769621799  0.0000000000  3.1415926536  0.0000000000  0.0000000000
-339.9203251184  0.0000000000  3.1415926536  0.0000000000  0.0000000000
-338.6636880570  0.0000000000  3.1415926536  0.0000000000  0.0000000000
-337.4070509955  0.0000000000  3.1415926536  0.0000000000  0.0000000000
-336.1504139341  0.0000000000  3.1415926536  0.0000000000  0.0000000000
-334.8937768727  0.0000000000  3.1415926536  0.0000000000  0.0000000000
-333.6371398112  0.0000000000  3.1415926536  0.0000000000  0.0000000000
-332.3805027498  0.0000000000  3.1415926536  0.0000000000  0.0000000000
-331.1238656884  0.0000000000  3.1415926536  0.0000000000  0.0000000000
-329.8672286269  0.0000000000  3.1415926536  0.0000000000  0.0000000000
-328.6105915655  0.0000000000  3.1415926536  0.0000000000  0.0000000000
-327.3539545041  0.0000000000  3.1415926536  0.0000000000  0.0000000000
-326.0973174426  0.0000000000  3.1415926536  0.0000000000  0.0000000000
-324.8406803812  0.0000000000  3.1415926536  0.0000000000  0.0000000000
-323.5840433197  0.0000000000  3.1415926536  0.0000000000  0.0000000000
-322.3274062583  0.0000000000  3.1415926536  0.0000000000  0.0000000000
-321.0707691969  0.0000000000  3.1415926536  0.0000000000  0.0000000000
-319.8141321354  0.0000000000  3.1415926536  0.0000000000  0.0000000000
-318.5574950740  0.0000000000  3.1415926536  0.0000000000  0.0000000000
-317.3008580126  0.0000000000  3.1415926536  0.0000000000  0.0000000000
-316.0442209511  0.0000000000  3.1415926536  0.0000000000  0.0000000000
-314.7875838897  0.0000000000  3.1415926536  0.0000000000  0.0000000000
-313.5309468283  0.0000000000  3.1415926536  0.0000000000  0.0000000000
-312.2743097668  0.0000000000  3.1415926536  0.0000000000  0.0000000000
-311.0176727054  0.0000000000  3.1415926536  0.0000000000  0.0000000000
-309.7610356440  0.0000000000  3.1415926536  0.0000000000  0.0000000000
-308.5043985825  0.0000000000  3.1415926536  0.0000000000  0.0000000000
-307.2477615211  0.0000000000  3.1415926536  0.0000000000  0.0000000000
-305.9911244596  0.0000000000  3.1415926536  0.0000000000  0.0000000000
-304.7344873982  0.0000000000  3.1415926536  0.0000000000  0.0000000000
-303.4778503368  0.0000000000  3.1415926536  0.0000000000  0.0000000000
-302.2212132753  0.0000000000  3.1415926536  0.0000000000  0.0000000000
-300.9645762139  0.0000000000  3.1415926536  0.0000000000  0.0000000000
-299.7079391525  0.0000000000  3.1415926536  0.0000000000  0.0000000000
-298.4513020910  0.0000000000  3.1415926536  0.0000000000  0.0000000000
-297.1946650296  0.0000000000  3.1415926536  0.0000000000  0.0000000000
-295.9380279682  0.0000000000  3.1415926536  0.0000000000  0.0000000000
-294.6813909067  0.0000000000  3.1415926536  0.0000000000  0.0000000000
-293.4247538453  0.0000000000  3.1415926536  0.0000000000  0.0000000000
-292.1681167839  0.0000000000  3.1415926536  0.0000000000  0.0000000000
-290.9114797224  0.0000000000  3.1415926536  0.0000000000  0.0000000000
-289.6548426610  0.0000000000  3.1415926536  0.0000000000  0.0000000000
-288.3982055995  0.0000000000  3.1415926536  0.0000000000  0.0000000000
-287.1415685381  0.0000000000  3.1415926536  0.0000000000  0.0000000000
-285.8849314767  0.0000000000  3.1415926536  0.0000000000  0.0000000000
-284.6282944152  0.0000000000  3.1415926536  0.0000000000  0.0000000000
-283.3716573538  0.0000000000  3.1415926536  0.0000000000  0.0000000000
-282.1150202924  0.0000000000  3.1415926536  0.0000000000  0.0000000000
-280.8583832309  0.0000000000  3.1415926536  0.0000000000  0.0000000000
-279.6017461695  0.0000000000  3.1415926536  0.0000000000  0.0000000000
-278.3451091081  0.0000000000  3.1415926536  0.0000000000  0.0000000000
-277.0884720466  0.0000000000  3.1415926536  0.0000000000  0.0000000000
-275.8318349852  0.0000000000  3.1415926536  0.0000000000  0.0000000000
-274.5751979237  0.0000000000  3.1415926536  0.0000000000  0.0000000000
-273.3185608623  0.0000000000  3.1415926536  0.0000000000  0.0000000000
-272.0619238009  0.0000000000  3.1415926536  0.0000000000  0.0000000000
-270.8052867394  0.0000000000  3.1415926536  0.0000000000  0.0000000000
-269.5486496780  0.0000000000  3.1415926536  0.0000000000  0.0000000000
-268.2920126166  0.0000000000  3.1415926536  0.0000000000  0.0000000000
-267.0353755551  0.0000000000  3.1415926536  0.0000000000  0.0000000000
-265.7787384937  0.0000000000  3.1415926536  0.0000000000  0.0000000000
-264.5221014323  0.0000000000  3.1415926536  0.0000000000  0.0000000000
-263.2654643708  0.0000000000  3.1415926536  0.0000000000  0.0000000000
-262.0088273094  0.0000000000  3.1415926536  0.0000000000  0.0000000000
-260.7521902480  0.0000000000  3.1415926536  0.0000000000  0.0000000000
-259.4955531865  0.0000000000  3.1415926536  0.0000000000  0.0000000000
-258.2389161251  0.0000000000  3.1415926536  0.0000000000  0.0000000000
-256.9822790636  0.0000000000  3.1415926536  0.0000000000  0.0000000000
-255.7256420022  0.0000000000  3.1415926536  0.0000000000  0.0000000000
-254.4690049408  0.0000000000  3.1415926536  0.0000000000  0.0000000000
-253.2123678793  0.0000000000  3.1415926536  0.0000000000  0.0000000000
-251.9557308179  0.0000000000  3.1415926536  0.0000000000  0.0000000000
-250.6990937565  0.0000000000  3.1415926536  0.0000000000  0.0000000000
-249.4424566950  0.0000000000  3.1415926536  0.0000000000  0.0000000000
-248.1858196336  0.0000000000  3.1415926536  0.0000000000  0.0000000000
-246.9291825722  0.0000000000  3.1415926536  0.0000000000  0.0000000000
-245.6725455107  0.0000000000  3.1415926536  0.0000000000  0.0000000000
-244.4159084493  0.0000000000  3.1415926536  0.0000000000  0.0000000000
-243.1592713878  0.0000000000  3.1415926536  0.0000000000  0.0000000000
-241.9026343264  0.0000000000  3.1415926536  0.0000000000  0.0000000000
-240.6459972650  0.0000000000  3.1415926536  0.0000000000  0.0000000000
-239.3893602035  0.0000000000  3.1415926536  0.0000000000  0.0000000000
-238.1327231421  0.0000000000  3.1415926536  0.0000000000  0.0000000000
-236.8760860807  0.0000000000  3.1415926536  0.0000000000  0.0000000000
-235.6194490192  0.0000000000  3.1415926536  0.0000000000  0.0000000000
-234.3628119578  0.0000000000  3.1415926536  0.0000000000  0.0000000000
-233.1061748964  0.0000000000  3.1415926536  0.0000000000  0.0000000000
-231.8495378349  0.0000000000  3.1415926536  0.0000000000  0.0000000000
-230.5929007735  0.0000000000  3.1415926536  0.0000000000  0.0000000000
-229.3362637121  0.0000000000  3.1415926536  0.0000000000  0.0000000000
-228.0796266506  0.0000000000  3.1415926536  0.0000000000  0.0000000000
-226.8229895892  0.0000000000  3.1415926536  0.0000000000  0.0000000000
-225.5663525277  0.0000000000  3.1415926536  0.0000000000  0.0000000000
-224.3097154663  0.0000000000  3.1415926536  0.0000000000  0.0000000000
-223.0530784049  0.0000000000  3.1415926536  0.0000000000  0.0000000000
-221.7964413434  0.0000000000  3.1415926536  0.0000000000  0.0000000000
-220.5398042820  0.0000000000  3.1415926536  0.0000000000  0.0000000000
-219.2831672206  0.0000000000  3.1415926536  0.0000000000  0.0000000000
-218.0265301591  0.0000000000  3.1415926536  0.0000000000  0.0000000000
-216.7698930977  0.0000000000  3.1415926536  0.0000000000  0.0000000000
-215.5132560363  0.0000000000  3.1415926536  0.0000000000  0.0000000000
-214.2566189748  0.0000000000  3.1415926536  0.0000000000  0.0000000000
-212.9999819134  0.0000000000  3.1415926536  0.0000000000  0.0000000000
-211.7433448520  0.0000000000  3.1415926536  0.0000000000  0.0000000000
-210.4867077905  0.0000000000  3.1415926536  0.0000000000  0.0000000000
-209.2300707291  0.0000000000  3.1415926536  0.0000000000  0.0000000000
-207.9734336676  0.0000000000  3.1415926536  0.0000000000  0.0000000000
-206.7167966062  0.0000000000  3.1415926536  0.0000000000  0.0000000000
-205.4601595448  0.0000000000  3.1415926536  0.0000000000  0.0000000000
-204.2035224833  0.0000000000  3.1415926536  0.0000000000  0.0000000000
-202.9468854219  0.0000000000  3.1415926536  0.0000000000  0.0000000000
-201.6902483605  0.0000000000  3.1415926536  0.0000000000  0.0000000000
-200.4336112990  0.0000000000  3.1415926536  0.0000000000  0.0000000000
-199.1769742376  0.0000000000  3.1415926536  0.0000000000  0.0000000000
-197.9203371762  0.0000000000  3.1415926536  0.0000000000  0.0000000000
-196.6637001147  0.0000000000  3.1415926536  0.0000000000  0.0000000000
-195.4070630533  0.0000000000  3.1415926536  0.0000000000  0.0000000000
-194.1504259918  0.0000000000  3.1415926536  0.0000000000  0.0000000000
-192.8937889304  0.0000000000  3.1415926536  0.0000000000  0.0000000000
-191.6371518690  0.0000000000  3.1415926536  0.0000000000  0.0000000000
-190.3805148075  0.0000000000  3.1415926536  0.0000000000  0.0000000000
-189.1238777461  0.0000000000  3.1415926536  0.0000000000  0.0000000000
-187.8672406847  0.0000000000  3.1415926536  0.0000000000  0.0000000000
-186.6106036232  0.0000000000  3.1415926536  0.0000000000  0.0000000000
-185.3539665618  0.0000000000  3.1415926536  0.0000000000  0.0000000000
-184.0973295004  0.0000000000  3.1415926536  0.0000000000  0.0000000000
-182.8406924389  0.0000000000  3.1415926536  0.0000000000  0.0000000000
-181.5840553775  0.0000000000  3.1415926536  0.0000000000  0.0000000000
-180.3274183161  0.0000000000  3.1415926536  0.0000000000  0.0000000000
-179.0707812546  0.0000000000  3.1415926536  0.0000000000  0.0000000000
-177.8141441932  0.0000000000  3.1415926536  0.0000000000  0.0000000000
-176.5575071317  0.0000000000  3.1415926536  0.0000000000  0.0000000000
-175.3008700703  0.0000000000  3.1415926536  0.0000000000  0.0000000000
-174.0442330089  0.0000000000  3.1415926536  0.0000000000  0.0000000000
-172.7875959474  0.0000000000  3.1415926536  0.0000000000  0.0000000000
-171.5309588860  0.0000000000  3.1415926536  0.0000000000  0.0000000000
-170.2743218246  0.0000000000  3.1415926536  0.0000000000  0.0000000000
-169.0176847631  0.0000000000  3.1415926536  0.0000000000  0.0000000000
-167.7610477017  0.0000000000  3.1415926536  0.0000000000  0.0000000000
-166.5044106403  0.0000000000  3.1415926536  0.0000000000  0.0000000000
-165.2477735788  0.0000000000  3.1415926536  0.0000000000  0.0000000000
-163.9911365174  0.0000000000  3.1415926536  0.0000000000  0.0000000000
-162.7344994560  0.0000000000  3.1415926536  0.0000000000  0.0000000000
-161.4778623945  0.0000000000  3.1415926536  0.0000000000  0.0000000000
-160.2212253331  0.0000000000  3.1415926536  0.0000000000  0.0000000000
-158.9645882716  0.0000000000  3.1415926536  0.0000000000  0.0000000000
-157.7079512102  0.0000000000  3.1415926536  0.0000000000  0.0000000000
-156.4513141488  0.0000000000  3.1415926536  0.0000000000  0.0000000000
-155.1946770873  0.0000000000  3.1415926536  0.0000000000  0.0000000000
-153.9380400259  0.0000000000  3.1415926536  0.0000000000  0.0000000000
-152.6814029645  0.0000000000  3.1415926536  0.0000000000  0.0000000000
-151.4247659030  0.0000000000  3.1415926536  0.0000000000  0.0000000000
-150.1681288416  0.0000000000  3.1415926536  0.0000000000  0.0000000000
-148.9114917802  0.0000000000  3.1415926536  0.0000000000  0.0000000000
-147.6548547187  0.0000000000  3.1415926536  0.0000000000  0.0000000000
-146.3982176573  0.0000000000  3.1415926536  0.0000000000  0.0000000000
-145.1415805958  0.0000000000  3.1415926536  0.0000000000  0.0000000000
-143.8849435344  0.0000000000  3.1415926536  0.0000000000  0.0000000000
-142.6283064730  0.0000000000  3.1415926536  0.0000000000  0.0000000000
-141.3716694115  0.0000000000  3.1415926536  0.0000000000  0.0000000000
-140.1150323501  0.0000000000  3.1415926536  0.0000000000  0.0000000000
-138.8583952887  0.0000000000  3.1415926536  0.0000000000  0.0000000000
-137.6017582272  0.0000000000  3.1415926536  0.0000000000  0.0000000000
-136.3451211658  0.0000000000  3.1415926536  0.0000000000  0.0000000000
-135.0884841044  0.0000000000  3.1415926536  0.0000000000  0.0000000000
-133.8318470429  0.0000000000  3.1415926536  0.0000000000  0.0000000000
-132.5752099815  0.0000000000  3.1415926536  0.0000000000  0.0000000000
-131.3185729201  0.0000000000  3.1415926536  0.0000000000  0.0000000000
-130.0619358586  0.0000000000  3.1415926536  0.0000000000  0.0000000000
-128.8052987972  0.0000000000  3.1415926536  0.0000000000  0.0000000000
-127.5486617357  0.0000000000  3.1415926536  0.0000000000  0.0000000000
-126.2920246743  0.0000000000  3.1415926536  0.0000000000  0.0000000000
-125.0353876129  0.0000000000  3.1415926536  0.0000000000  0.0000000000
-123.7787505514  0.0000000000  3.1415926536  0.0000000000  0.0000000000
-122.5221134900  0.0000000000  3.1415926536  0.0000000000  0.0000000000
-121.2654764286  0.0000000000  3.1415926536  0.0000000000  0.0000000000
-120.0088393671  0.0000000000  3.1415926536  0.0000000000  0.0000000000
-118.7522023057  0.0000000000  3.1415926536  0.0000000000  0.0000000000
-117.4955652443  0.0000000000  3.1415926536  0.0000000000  0.0000000000
-116.2389281828  0.0000000000  3.1415926536  0.0000000000  0.0000000000
-114.9822911214  0.0000000000  3.1415926536  0.0000000000  0.0000000000
-113.7256540600  0.0000000000  3.1415926536  0.0000000000  0.0000000000
-112.4690169985  0.0000000000  3.1415926536  0.0000000000  0.0000000000
-111.2123799371  0.0000000000  3.1415926536  0.0000000000  0.0000000000
-109.9557428756  0.0000000000  3.1415926536  0.0000000000  0.0000000000
-108.6991058142  0.0000000000  3.1415926536  0.0000000000  0.0000000000
-107.4424687528  0.0000000000  3.1415926536  0.0000000000  0.0000000000
-106.1858316913  0.0000000000  3.1415926536  0.0000000000  0.0000000000
-104.9291946299  0.0000000000  3.1415926536  0.0000000000  0.0000000000
-103.6725575685  0.0000000000  3.1415926536  0.0000000000  0.0000000000
-102.4159205070  0.0000000000  3.1415926536  0.0000000000  0.0000000000
-101.1592834456  0.0000000000  3.1415926536  0.0000000000  0.0000000000
-99.9026463842  0.0000000000  3.1415926536  0.0000000000  0.0000000000
-98.6460093227  0.0000000000  3.1415926536  0.0000000000  0.0000000000
-97.3893722613  0.0000000000  3.1415926536  0.0000000000  0.0000000000
-96.1327351998  0.0000000000  3.1415926536  0.0000000000  0.0000000000
-94.8760981384  0.0000000000  3.1415926536  0.0000000000  0.0000000000
-93.6194610770  0.0000000000  3.1415926536  0.0000000000  0.0000000000
-92.3628240155  0.0000000000  3.1415926536  0.0000000000  0.0000000000
-91.1061869541  0.0000000000  3.1415926536  0.0000000000  0.0000000000
-89.8495498927  0.0000000000  3.1415926536  0.0000000000  0.0000000000
-88.5929128312  0.0000000000  3.1415926536  0.0000000000  0.0000000000
-87.3362757698  0.0000000000  3.1415926536  0.0000000000  0.0000000000
-86.0796387084  0.0000000000  3.1415926536  0.0000000000  0.0000000000
-84.8230016469  0.0000000000  3.1415926536  0.0000000000  0.0000000000
-83.5663645855  0.0000000000  3.1415926536  0.0000000000  0.0000000000
-82.3097275241  0.0000000000  3.1415926536  0.0000000000  0.0000000000
-81.0530904626  0.0000000000  3.1415926536  0.0000000000  0.0000000000
-79.7964534012  0.0000000000  3.1415926536  0.0000000000  0.0000000000
-78.5398163397  0.0000000000  3.1415926536  0.0000000000  0.0000000000
-77.2831792783  0.0000000000  3.1415926536  0.0000000000  0.0000000000
-76.0265422169  0.0000000000  3.1415926536  0.0000000000  0.0000000000
-74.7699051554  0.0000000000  3.1415926536  0.0000000000  0.0000000000
-73.5132680940  0.0000000000  3.1415926536  0.0000000000  0.0000000000
-72.2566310326  0.0000000000  3.1415926536  0.0000000000  0.0000000000
-70.9999939711  0.0000000000  3.1415926536  0.0000000000  0.0000000000
-69.7433569097  0.0000000000  3.1415926536  0.0000000000  0.0000000000
-68.4867198483  0.0000000000  3.1415926536  0.0000000000  0.0000000000
-67.2300827868  0.0000000000  3.1415926536  0.0000000000  0.0000000000
-65.9734457254  0.0000000000  3.1415926536  0.0000000000  0.0000000000
-64.7168086639  0.0000000000  3.1415926536  0.0000000000  0.0000000000
-63.4601716025  0.0000000000  3.1415926536  0.0000000000  0.0000000000
-62.2035345411  0.0000000000  3.1415926536  0.0000000000  0.0000000000
-60.9468974796  0.0000000000  3.1415926536  0.0000000000  0.0000000000
-59.6902604182  0.0000000000  3.1415926536  0.0000000000  0.0000000000
-58.4336233568  0.0000000000  3.1415926536  0.0000000000  0.0000000000
-57.1769862953  0.0000000000  3.1415926536  0.0000000000  0.0000000000
-55.9203492339  0.0000000000  3.1415926536  0.0000000000  0.0000000000
-54.6637121725  0.0000000000  3.1415926536  0.0000000000  0.0000000000
-53.4070751110  0.0000000000  3.1415926536  0.0000000000  0.0000000000
-52.1504380496  0.0000000000  3.1415926536  0.0000000000  0.0000000000
-50.8938009882  0.0000000000  3.1415926536  0.0000000000  0.0000000000
-49.6371639267  0.0000000000  3.1415926536  0.0000000000  0.0000000000
-48.3805268653  0.0000000000  3.1415926536  0.0000000000  0.0000000000
-47.1238898038  0.0000000000  3.1415926536  0.0000000000  0.0000000000
-45.8672527424  0.0000000000  3.1415926536  0.0000000000  0.0000000000
-44.6106156810  0.0000000000  3.1415926536  0.0000000000  0.0000000000
-43.3539786195  0.0000000000  3.1415926536  0.0000000000  0.0000000000
-42.0973415581  0.0000000000  3.1415926536  0.0000000000  0.0000000000
-40.8407044967  0.0000000000  3.1415926536  0.0000000000  0.0000000000
-39.5840674352  0.0000000000  3.1415926536  0.0000000000  0.0000000000
-38.3274303738  0.0000000000  3.1415926536  0.0000000000  0.0000000000
-37.0707933124  0.0000000000  3.1415926536  0.0000000000  0.0000000000
-35.8141562509  0.0000000000  3.1415926536  0.0000000000  0.0000000000
-34.5575191895  0.0000000000  3.1415926536  0.0000000000  0.0000000000
-33.3008821281  0.0000000000  3.1415926536  0.0000000000  0.0000000000
-32.0442450666  0.0000000000  3.1415926536  0.0000000000  0.0000000000
-30.7876080052  0.0000000000  3.1415926536  0.0000000000  0.0000000000
-29.5309709437  0.0000000000  3.1415926536  0.0000000000  0.0000000000
-28.2743338823  0.0000000000  3.1415926536  0.0000000000  0.0000000000
-27.0176968209  0.0000000000  3.1415926536  0.0000000000  0.0000000000
-25.7610597594  0.0000000000  3.1415926536  0.0000000000  0.0000000000
-24.5044226980  0.0000000000  3.1415926536  0.0000000000  0.0000000000
-23.2477856366  0.0000000000  3.1415926536  0.0000000000  0.0000000000
-21.9911485751  0.0000000000  3.1415926536  0.0000000000  0.0000000000
-20.7345115137  0.0000000000  3.1415926536  0.0000000000  0.0000000000
-19.4778744523  0.0000000000  3.1415926536  0.0000000000  0.0000000000
-18.2212373908  0.0000000000  3.1415926536  0.0000000000  0.0000000000
-16.9646003294  0.0000000000  3.1415926536  0.0000000000  0.0000000000
-15.7079632679  0.0000000000  3.1415926536  0.0000000000  0.0000000000
-14.4513262065  0.0000000000  3.1415926536  0.0000000000  0.0000000000
-13.1946891451  0.0000000000  3.1415926536  0.0000000000  0.0000000000
-11.9380520836  0.0000000000  3.1415926536  0.0000000000  0.0000000000
-10.6814150222  0.0000000000  3.1415926536  0.0000000000  0.0000000000
-9.4247779608  0.0000000000  3.1415926536  0.0000000000  0.0000000000
-8.1681408993  0.0000000000  3.1415926536  0.0000000000  0.0000000000
-6.9115038379  0.0000000000  3.1415926536  0.0000000000  0.0000000000
-5.6548667765  0.0000000000  3.1415926536  0.0000000000  0.0000000000
-4.3982297150  0.0000000000  3.1415926536  0.0000000000  0.0000000000
-3.1415926536  0.0000000000  3.1415926536  0.0000000000  0.0000000000
-1.8849555922  0.0000000000  3.1415926536  0.0000000000  0.0001149196
-0.6283185307  0.0000000000  3.1415926536  -0.0031518834  0.0000000000
0.6283185307  0.0000000000  3.1415926536  -0.0000000000  -1.3679743150
1.8849555922  0.0000000000  3.1415926536  -0.0000000000  -0.4796135701
3.1415926536  0.0000000000  3.1415926536  -0.0000000000  -0.3026577810
4.3982297150  0.0000000000  3.1415926536  -0.0000000000  -0.2206713608
5.6548667765  0.0000000000  3.1415926536  -0.0000000000  -0.1733920796
6.9115038379  0.0000000000  3.1415926536  0.0000000227  -0.1426947591
8.1681408993  0.0000000000  3.1415926536  -0.0000000000  -0.1211778246
9.4247779608  0.0000000000  3.1415926536  -0.0000000079  -0.1052701745
10.6814150222  0.0000000000  3.1415926536  0.0000000000  -0.0930379478
11.9380520836  0.0000000000  3.1415926536  0.0000000074  -0.0833429075
13.1946891451  0.0000000000  3.1415926536  0.0000000070  -0.0754718287
14.4513262065  0.0000000000  3.1415926536  -0.0000000000  -0.0689553683
15.7079632679  0.0000000000  3.1415926536  -0.0000000102  -0.0634722063
16.9646003294  0.0000000000  3.1415926536  -0.0000000205  -0.0587950455
18.2212373908  0.0000000000  3.1415926536  -0.0000000290  -0.0547586112
19.4778744523  0.0000000000  3.1415926536  -0.0000000348  -0.0512398708
20.7345115137  0.0000000000  3.1415926536  -0.0000000379  -0.0481453622
21.9911485751  0.0000000000  3.1415926536  -0.0000000385  -0.0454028209
23.2477856366  0.0000000000  3.1415926536  -0.0000000371  -0.0429554977
24.5044226980  0.0000000000  3.1415926536  -0.0000000342  -0.0407582100
25.7610597594  0.0000000000  3.1415926536  -0.0000000303  -0.0387745399
27.0176968209  0.0000000000  3.1415926536  -0.0000000256  -0.0369748085
28.2743338823  0.0000000000  3.1415926536  -0.0000000206  -0.0353345874
29.5309709437  0.0000000000  3.1415926536  -0.0000000154  -0.0338335873
30.7876080052  0.0000000000  3.1415926536  -0.0000000101  -0.0324548175
32.0442450666  0.0000000000  3.1415926536  -0.0000000050  -0.0311839422
33.3008821281  0.0000000000  3.1415926536  0.0000000000  -0.0300087817
34.5575191895  0.0000000000  3.1415926536  0.0000000047  -0.0289189220
35.8141562509  0.0000000000  3.1415926536  0.0000000091  -0.0279054060
37.0707933124  0.0000000000  3.1415926536  0.0000000133  -0.0269604879
38.3274303738  0.0000000000  3.1415926536  0.0000000171  -0.0260774346
39.5840674352  0.0000000000  3.1415926536  0.0000000207  -0.0252503661
40.8407044967  0.0000000000  3.1415926536  0.0000000239  -0.0244741242
42.0973415581  0.0000000000  3.1415926536  0.0000000269  -0.0237441654
43.3539786195  0.0000000000  3.1415926536  0.0000000296  -0.0230564716
44.6106156810  0.0000000000  3.1415926536  0.0000000321  -0.0224074769
45.8672527424  0.0000000000  3.1415926536  0.0000000343  -0.0217940050
47.1238898038  0.0000000000  3.1415926536  0.0000000364  -0.0212132182
48.3805268653  0.0000000000  3.1415926536  0.0000000382  -0.0206625729
49.6371639267  0.0000000000  3.1415926536  0.0000000398  -0.0201397828
50.8938009882  0.0000000000  3.1415926536  0.0000000413  -0.0196427870
52.1504380496  0.0000000000  3.1415926536  0.0000000426  -0.0191697229
53.4070751110  0.0000000000  3.1415926536  0.0000000438  -0.0187189031
54.6637121725  0.0000000000  3.1415926536  0.0000000448  -0.0182887950
55.9203492339  0.0000000000  3.1415926536  0.0000000458  -0.0178780038
57.1769862953  0.0000000000  3.1415926536  0.0000000466  -0.0174852568
58.4336233568  0.0000000000  3.1415926536  0.0000000473  -0.0171093912
59.6902604182  0.0000000000  3.1415926536  0.0000000479  -0.0167493415
60.9468974796  0.0000000000  3.1415926536  0.0000000484  -0.0164041303
62.2035345411  0.0000000000  3.1415926536  0.0000000489  -0.0160728590
63.4601716025  0.0000000000  3.1415926536  0.0000000493  -0.0157547000
64.7168086639  0.0000000000  3.1415926536  0.0000000496  -0.0154488902
65.9734457254  0.0000000000  3.1415926536  0.0000000499  -0.0151547243
67.2300827868  0.0000000000  3.1415926536  0.0000000501  -0.0148715498
68.4867198483  0.0000000000  3.1415926536  0.0000000503  -0.0145987621
69.7433569097  0.0000000000  3.1415926536  0.0000000504  -0.0143358002
70.9999939711  0.0000000000  3.1415926536  0.0000000505  -0.0140821425
72.2566310326  0.0000000000  3.1415926536  0.0000000505  -0.0138373039
73.5132680940  0.0000000000  3.1415926536  0.0000000505  -0.0136008325
74.7699051554  0.0000000000  3.1415926536  0.0000000505  -0.0133723065
76.0265422169  0.0000000000  3.1415926536  0.0000000505  -0.0131513322
77.2831792783  0.0000000000  3.1415926536  0.0000000504  -0.0129375415
78.5398163397  0.0000000000  3.1415926536  0.0000000503  -0.0127305895
79.7964534012  0.0000000000  3.1415926536  0.0000000502  -0.0125301535
81.0530904626  0.0000000000  3.1415926536  0.0000000501  -0.0123359305
82.3097275241  0.0000000000  3.1415926536  0.0000000499  -0.0121476360
83.5663645855  0.0000000000  3.1415926536  0.0000000498  -0.0119650027
84.8230016469  0.0000000000  3.1415926536  0.0000000496  -0.0117877791
86.0796387084  0.0000000000  3.1415926536  0.0000000494  -0.0116157284
87.3362757698  0.0000000000  3.1415926536  0.0000000492  -0.0114486273
88.5929128312  0.0000000000  3.1415926536  0.0000000490  -0.0112862654
89.8495498927  0.0000000000  3.1415926536  0.0000000488  -0.0111284438
91.1061869541  0.0000000000  3.1415926536  0.0000000485  -0.0109749748
92.3628240155  0.0000000000  3.1415926536  0.0000000483  -0.0108256807
93.6194610770  0.0000000000  3.1415926536  0.0000000481  -0.0106803936
94.8760981384  0.0000000000  3.1415926536  0.0000000478  -0.0105389541
96.1327351998  0.0000000000  3.1415926536  0.0000000476  -0.0104012116
97.3893722613  0.0000000000  3.1415926536  0.0000000473  -0.0102670228
98.6460093227  0.0000000000  3.1415926536  0.0000000471  -0.0101362521
99.9026463842  0.0000000000  3.1415926536  0.0000000468  -0.0100087706
101.1592834456  0.0000000000  3.1415926536  0.0000000465  -0.0098844555
102.4159205070  0.0000000000  3.1415926536  0.0000000463  -0.0097631906
103.6725575685  0.0000000000  3.1415926536  0.0000000460  -0.0096448647
104.9291946299  0.0000000000  3.1415926536  0.0000000457  -0.0095293725
106.1858316913  0.0000000000  3.1415926536  0.0000000455  -0.0094166133
107.4424687528  0.0000000000  3.1415926536  0.0000000452  -0.0093064912
108.6991058142  0.0000000000  3.1415926536  0.0000000449  -0.0091989149
109.9557428756  0.0000000000  3.1415926536  0.0000000447  -0.0090937969
111.2123799371  0.0000000000  3.1415926536  0.0000000444  -0.0089910541
112.4690169985  0.0000000000  3.1415926536  0.0000000441  -0.0088906069
113.7256540600  0.0000000000  3.1415926536  0.0000000438  -0.0087923791
114.9822911214  0.0000000000  3.1415926536  0.0000000436  -0.0086962980
116.2389281828  0.0000000000  3.1415926536  0.0000000433  -0.0086022939
117.4955652443  0.0000000000  3.1415926536  0.0000000430  -0.0085103004
118.7522023057  0.0000000000  3.1415926536  0.0000000428  -0.0084202535
120.0088393671  0.0000000000  3.1415926536  0.0000000425  -0.0083320921
121.2654764286  0.0000000000  3.1415926536  0.0000000422  -0.0082457576
122.5221134900  0.0000000000  3.1415926536  0.0000000420  -0.0081611938
123.7787505514  0.0000000000  3.1415926536  0.0000000417  -0.0080783469
125.0353876129  0.0000000000  3.1415926536  0.0000000415  -0.0079971649
126.2920246743  0.0000000000  3.1415926536  0.0000000412  -0.0079175983
127.5486617357  0.0000000000  3.1415926536  0.0000000409  -0.0078395993
128.8052987972  0.0000000000  3.1415926536  0.0000000407  -0.0077631220
130.0619358586  0.0000000000  3.1415926536  0.0000000404  -0.0076881224
131.3185729201  0.0000000000  3.1415926536  0.0000000402  -0.0076145580
132.5752099815  0.0000000000  3.1415926536  0.0000000399  -0.0075423880
133.8318470429  0.0000000000  3.1415926536  0.0000000397  -0.0074715731
135.0884841044  0.0000000000  3.1415926536  0.0000000394  -0.0074020756
136.3451211658  0.0000000000  3.1415926536  0.0000000392  -0.0073338589
137.6017582272  0.0000000000  3.1415926536  0.0000000389  -0.0072668881
138.8583952887  0.0000000000  3.1415926536  0.0000000387  -0.0072011293
140.1150323501  0.0000000000  3.1415926536  0.0000000385  -0.0071365499
141.3716694115  0.0000000000  3.1415926536  0.0000000382  -0.0070731185
142.6283064730  0.0000000000  3.1415926536  0.0000000380  -0.0070108046
143.8849435344  0.0000000000  3.1415926536  0.0000000378  -0.0069495792
145.1415805958  0.0000000000  3.1415926536  0.0000000375  -0.0068894137
146.3982176573  0.0000000000  3.1415926536  0.0000000373  -0.0068302811
147.6548547187  0.0000000000  3.1415926536  0.0000000371  -0.0067721549
148.9114917802  0.0000000000  3.1415926536  0.0000000368  -0.0067150096
150.1681288416  0.0000000000  3.1415926536  0.0000000366  -0.0066588206
151.4247659030  0.0000000000  3.1415926536  0.0000000364  -0.0066035641
152.6814029645  0.0000000000  3.1415926536  0.0000000362  -0.0065492171
153.9380400259  0.0000000000  3.1415926536  0.0000000360  -0.0064957574
155.1946770873  0.0000000000  3.1415926536  0.0000000358  -0.0064431633
156.4513141488  0.0000000000  3.1415926536  0.0000000355  -0.0063914140
157.7079512102  0.0000000000  3.1415926536  0.0000000353  -0.0063404893
158.9645882716  0.0000000000  3.1415926536  0.0000000351  -0.0062903697
160.2212253331  0.0000000000  3.1415926536  0.0000000349  -0.0062410362
161.4778623945  0.0000000000  3.1415926536  0.0000000347  -0.0061924705
162.7344994560  0.0000000000  3.1415926536  0.0000000345  -0.0061446548
163.9911365174  0.0000000000  3.1415926536  0.0000000343  -0.0060975718
165.2477735788  0.0000000000  3.1415926536  0.0000000341  -0.0060512049
166.5044106403  0.0000000000  3.1415926536  0.0000000339  -0.0060055378
167.7610477017  0.0000000000  3.1415926536  0.0000000337  -0.0059605548
169.0176847631  0.0000000000  3.1415926536  0.0000000335  -0.0059162406
170.2743218246  0.0000000000  3.1415926536  0.0000000333  -0.0058725804
171.5309588860  0.0000000000  3.1415926536  0.0000000331  -0.0058295600
172.7875959474  0.0000000000  3.1415926536  0.0000000330  -0.0057871652
174.0442330089  0.0000000000  3.1415926536  0.0000000328  -0.0057453826
175.3008700703  0.0000000000  3.1415926536  0.0000000326  -0.0057041990
176.5575071317  0.0000000000  3.1415926536  0.0000000324  -0.0056636015
177.8141441932  0.0000000000  3.1415926536  0.0000000322  -0.0056235779
179.0707812546  0.0000000000  3.1415926536  0.0000000320  -0.0055841159
180.3274183161  0.0000000000  3.1415926536  0.0000000319  -0.0055452040
181.5840553775  0.0000000000  3.1415926536  0.0000000317  -0.0055068305
182.8406924389  0.0000000000  3.1415926536  0.0000000315  -0.0054689845
184.0973295004  0.0000000000  3.1415926536  0.0000000313  -0.0054316551
185.3539665618  0.0000000000  3.1415926536  0.0000000312  -0.0053948319
186.6106036232  0.0000000000  3.1415926536  0.0000000310  -0.0053585045
187.8672406847  0.0000000000  3.1415926536  0.0000000308  -0.0053226631
189.1238777461  0.0000000000  3.1415926536  0.0000000307  -0.0052872980
190.3805148075  0.0000000000  3.1415926536  0.0000000305  -0.0052523997
191.6371518690  0.0000000000  3.1415926536  0.0000000304  -0.0052179591
192.8937889304  0.0000000000  3.1415926536  0.0000000302  -0.0051839672
194.1504259918  0.0000000000  3.1415926536  0.0000000300  -0.0051504153
195.4070630533  0.0000000000  3.1415926536  0.0000000299  -0.0051172949
196.6637001147  0.0000000000  3.1415926536  0.0000000297  -0.0050845977
197.9203371762  0.0000000000  3.1415926536  0.0000000296  -0.0050523157
199.1769742376  0.0000000000  3.1415926536  0.0000000294  -0.0050204410
200.4336112990  0.0000000000  3.1415926536  0.0000000293  -0.0049889660
201.6902483605  0.0000000000  3.1415926536  0.0000000291  -0.0049578832
202.9468854219  0.0000000000  3.1415926536  0.0000000290  -0.0049271853
204.2035224833  0.0000000000  3.1415926536  0.0000000288  -0.0048968652
205.4601595448  0.0000000000  3.1415926536  0.0000000287  -0.0048669160
206.7167966062  0.0000000000  3.1415926536  0.0000000285  -0.0048373309
207.9734336676  0.0000000000  3.1415926536  0.0000000284  -0.0048081032
209.2300707291  0.0000000000  3.1415926536  0.0000000282  -0.0047792267
210.4867077905  0.0000000000  3.1415926536  0.0000000281  -0.0047506949
211.7433448520  0.0000000000  3.1415926536  0.0000000280  -0.0047225018
212.9999819134  0.0000000000  3.1415926536  0.0000000278  -0.0046946413
214.2566189748  0.0000000000  3.1415926536  0.0000000277  -0.0046671076
215.5132560363  0.0000000000  3.1415926536  0.0000000275  -0.0046398950
216.7698930977  0.0000000000  3.1415926536  0.0000000274  -0.0046129978
218.0265301591  0.0000000000  3.1415926536  0.0000000273  -0.0045864107
219.2831672206  0.0000000000  3.1415926536  0.0000000271  -0.0045601284
220.5398042820  0.0000000000  3.1415926536  0.0000000270  -0.0045341455
221.7964413434  0.0000000000  3.1415926536  0.0000000269  -0.0045084570
223.0530784049  0.0000000000  3.1415926536  0.0000000268  -0.0044830580
224.3097154663  0.0000000000  3.1415926536  0.0000000266  -0.0044579435
225.5663525277  0.0000000000  3.1415926536  0.0000000265  -0.0044331089
226.8229895892  0.0000000000  3.1415926536  0.0000000264  -0.0044085494
228.0796266506  0.0000000000  3.1415926536  0.0000000263  -0.0043842605
229.3362637121  0.0000000000  3.1415926536  0.0000000261  -0.0043602378
230.5929007735  0.0000000000  3.1415926536  0.0000000260  -0.0043364770
231.8495378349  0.0000000000  3.1415926536  0.0000000259  -0.0043129736
233.1061748964  0.0000000000  3.1415926536  0.0000000258  -0.0042897237
234.3628119578  0.0000000000  3.1415926536  0.0000000256  -0.0042667231
235.6194490192  0.0000000000  3.1415926536  0.0000000255  -0.0042439678
236.8760860807  0.0000000000  3.1415926536  0.0000000254  -0.0042214540
238.1327231421  0.0000000000  3.1415926536  0.0000000253  -0.0041991778
239.3893602035  0.0000000000  3.1415926536  0.0000000252  -0.0041771354
240.6459972650  0.0000000000  3.1415926536  0.0000000251  -0.0041553232
241.9026343264  0.0000000000  3.1415926536  0.0000000250  -0.0041337376
243.1592713878  0.0000000000  3.1415926536  0.0000000248  -0.0041123751
244.4159084493  0.0000000000  3.1415926536  0.0000000247  -0.0040912323
245.6725455107  0.0000000000  3.1415926536  0.0000000246  -0.0040703058
246.9291825722  0.0000000000  3.1415926536  0.0000000245  -0.0040495923
248.1858196336  0.0000000000  3.1415926536  0.0000000244  -0.0040290885
249.4424566950  0.0000000000  3.1415926536  0.0000000243  -0.0040087913
250.6990937565  0.0000000000  3.1415926536  0.0000000242  -0.0039886975
251.9557308179  0.0000000000  3.1415926536  0.0000000241  -0.0039688042
253.2123678793  0.0000000000  3.1415926536  0.0000000240  -0.0039491084
254.4690049408  0.0000000000  3.1415926536  0.0000000239  -0.0039296070
255.7256420022  0.0000000000  3.1415926536  0.0000000238  -0.0039102973
256.9822790636  0.0000000000  3.1415926536  0.0000000237  -0.0038911765
258.2389161251  0.0000000000  3.1415926536  0.0000000236  -0.0038722417
259.4955531865  0.0000000000  3.1415926536  0.0000000235  -0.0038534903
260.7521902480  0.0000000000  3.1415926536  0.0000000234  -0.0038349197
262.0088273094  0.0000000000  3.1415926536  0.0000000233  -0.0038165272
263.2654643708  0.0000000000  3.1415926536  0.0000000232  -0.0037983102
264.5221014323  0.0000000000  3.1415926536  0.0000000231  -0.0037802664
265.7787384937  0.0000000000  3.1415926536  0.0000000230  -0.0037623931
267.0353755551  0.0000000000  3.1415926536  0.0000000229  -0.0037446881
268.2920126166  0.0000000000  3.1415926536  0.0000000228  -0.0037271489
269.5486496780  0.0000000000  3.1415926536  0.0000000227  -0.0037097733
270.8052867394  0.0000000000  3.1415926536  0.0000000226  -0.0036925589
272.0619238009  0.0000000000  3.1415926536  0.0000000225  -0.0036755035
273.3185608623  0.0000000000  3.1415926536  0.0000000224  -0.0036586050
274.5751979237  0.0000000000  3.1415926536  0.0000000223  -0.0036418611
275.8318349852  0.0000000000  3.1415926536  0.0000000222  -0.0036252698
277.0884720466  0.0000000000  3.1415926536  0.0000000221  -0.0036088289
278.3451091081  0.0000000000  3.1415926536  0.0000000221  -0.0035925366
279.6017461695  0.0000000000  3.1415926536  0.0000000220  -0.0035763906
280.8583832309  0.0000000000  3.1415926536  0.0000000219  -0.0035603892
282.1150202924  0.0000000000  3.1415926536  0.0000000218  -0.0035445302
283.3716573538  0.0000000000  3.1415926536  0.0000000217  -0.0035288120
284.6282944152  0.0000000000  3.1415926536  0.0000000216  -0.0035132325
285.8849314767  0.0000000000  3.1415926536  0.0000000215  -0.0034977900
287.1415685381  0.0000000000  3.1415926536  0.0000000215  -0.0034824827
288.3982055995  0.0000000000  3.1415926536  0.0000000214  -0.0034673087
289.6548426610  0.0000000000  3.1415926536  0.0000000213  -0.0034522664
290.9114797224  0.0000000000  3.1415926536  0.0000000212  -0.0034373540
292.1681167839  0.0000000000  3.1415926536  0.0000000211  -0.0034225700
293.4247538453  0.0000000000  3.1415926536  0.0000000210  -0.0034079125
294.6813909067  0.0000000000  3.1415926536  0.0000000210  -0.0033933801
295.9380279682  0.0000000000  3.1415926536  0.0000000209  -0.0033789711
297.1946650296  0.0000000000  3.1415926536  0.0000000208  -0.0033646839
298.4513020910  0.0000000000  3.1415926536  0.0000000207  -0.0033505170
299.7079391525  0.0000000000  3.1415926536  0.0000000206  -0.0033364690
300.9645762139  0.0000000000  3.1415926536  0.0000000206  -0.0033225382
302.2212132753  0.0000000000  3.1415926536  0.0000000205  -0.0033087233
303.4778503368  0.0000000000  3.1415926536  0.0000000204  -0.0032950228
304.7344873982  0.0000000000  3.1415926536  0.0000000203  -0.0032814353
305.9911244596  0.0000000000  3.1415926536  0.0000000203  -0.0032679593
307.2477615211  0.0000000000  3.1415926536  0.0000000202  -0.0032545937
308.5043985825  0.0000000000  3.1415926536  0.0000000201  -0.0032413369
309.7610356440  0.0000000000  3.1415926536  0.0000000200  -0.0032281876
311.0176727054  0.0000000000  3.1415926536  0.0000000200  -0.0032151446
312.2743097668  0.0000000000  3.1415926536  0.0000000199  -0.0032022066
313.5309468283  0.0000000000  3.1415926536  0.0000000198  -0.0031893723
314.7875838897  0.0000000000  3.1415926536  0.0000000197  -0.0031766404
316.0442209511  0.0000000000  3.1415926536  0.0000000197  -0.0031640098
317.3008580126  0.0000000000  3.1415926536  0.0000000196  -0.0031514793
318.5574950740  0.0000000000  3.1415926536  0.0000000195  -0.0031390476
319.8141321354  0.0000000000  3.1415926536  0.0000000195  -0.0031267136
321.0707691969  0.0000000000  3.1415926536  0.0000000194  -0.0031144761
322.3274062583  0.0000000000  3.1415926536  0.0000000193  -0.0031023341
323.5840433197  0.0000000000  3.1415926536  0.0000000193  -0.0030902863
324.8406803812  0.0000000000  3.1415926536  0.0000000192  -0.0030783318
326.0973174426  0.0000000000  3.1415926536  0.0000000191  -0.0030664694
327.3539545041  0.0000000000  3.1415926536  0.0000000191  -0.0030546981
328.6105915655  0.0000000000  3.1415926536  0.0000000190  -0.0030430168
329.8672286269  0.0000000000  3.1415926536  0.0000000189  -0.0030314245
331.1238656884  0.0000000000  3.1415926536  0.0000000189  -0.0030199202
332.3805027498  0.0000000000  3.1415926536  0.0000000188  -0.0030085029
333.6371398112  0.0000000000  3.1415926536  0.0000000187  -0.0029971716
334.8937768727  0.0000000000  3.1415926536  0.0000000187  -0.0029859253
336.1504139341  0.0000000000  3.1415926536  0.0000000186  -0.0029747631
337.4070509955  0.0000000000  3.1415926536  0.0000000185  -0.0029636840
338.6636880570  0.0000000000  3.1415926536  0.0000000185  -0.0029526872
339.9203251184  0.0000000000  3.1415926536  0.0000000184  -0.0029417717
341.1769621799  0.0000000000  3.1415926536  0.0000000183  -0.0029309365
342.4335992413  0.0000000000  3.1415926536  0.0000000183  -0.0029201809
343.6902363027  0.0000000000  3.1415926536  0.0000000182  -0.0029095040
344.9468733642  0.0000000000  3.1415926536  0.0000000182  -0.0028989048
346.2035104256  0.0000000000  3.1415926536  0.0000000181  -0.0028883826
347.4601474870  0.0000000000  3.1415926536  0.0000000180  -0.0028779365
348.7167845485  0.0000000000  3.1415926536  0.0000000180  -0.0028675657
349.9734216099  0.0000000000  3.1415926536  0.0000000179  -0.0028572693
351.2300586713  0.0000000000  3.1415926536  0.0000000179  -0.0028470467
352.4866957328  0.0000000000  3.1415926536  0.0000000178  -0.0028368969
353.7433327942  0.0000000000  3.1415926536  0.0000000177  -0.0028268192
354.9999698556  0.0000000000  3.1415926536  0.0000000177  -0.0028168129
356.2566069171  0.0000000000  3.1415926536  0.0000000176  -0.0028068771
357.5132439785  0.0000000000  3.1415926536  0.0000000176  -0.0027970113
358.7698810400  0.0000000000  3.1415926536  0.0000000175  -0.0027872145
360.0265181014  0.0000000000  3.1415926536  0.0000000175  -0.0027774861
361.2831551628  0.0000000000  3.1415926536  0.0000000174  -0.0027678254
362.5397922243  0.0000000000  3.1415926536  0.0000000173  -0.0027582316
363.7964292857  0.0000000000  3.1415926536  0.0000000173  -0.0027487042
365.0530663471  0.0000000000  3.1415926536  0.0000000172  -0.0027392423
366.3097034086  0.0000000000  3.1415926536  0.0000000172  -0.0027298453
367.5663404700  0.0000000000  3.1415926536  0.0000000171  -0.0027205126
368.8229775314  0.0000000000  3.1415926536  0.0000000171  -0.0027112435
370.0796145929  0.0000000000  3.1415926536  0.0000000170  -0.0027020373
371.3362516543  0.0000000000  3.1415926536  0.0000000170  -0.0026928935
372.5928887157  0.0000000000  3.1415926536  0.0000000169  -0.0026838113
373.8495257772  0.0000000000  3.1415926536  0.0000000169  -0.0026747902
375.1061628386  0.0000000000  3.1415926536  0.0000000168  -0.0026658295
376.3627999001  0.0000000000  3.1415926536  0.0000000168  -0.0026569286
377.6194369615  0.0000000000  3.1415926536  0.0000000167  -0.0026480870
378.8760740229  0.0000000000  3.1415926536  0.0000000167  -0.0026393041
380.1327110844  0.0000000000  3.1415926536  0.0000000166  -0.0026305792
381.3893481458  0.0000000000  3.1415926536  0.0000000166  -0.0026219118
382.6459852072  0.0000000000  3.1415926536  0.0000000165  -0.0026133013
383.9026222687  0.0000000000  3.1415926536  0.0000000165  -0.0026047472
385.1592593301  0.0000000000  3.1415926536  0.0000000164  -0.0025962490
386.4158963915  0.0000000000  3.1415926536  0.0000000164  -0.0025878060
387.6725334530  0.0000000000  3.1415926536  0.0000000163  -0.0025794177
388.9291705144  0.0000000000  3.1415926536  0.0000000163  -0.0025710836
390.1858075759  0.0000000000  3.1415926536  0.0000000162  -0.0025628032
391.4424446373  0.0000000000  3.1415926536  0.0000000162  -0.0025545760
392.6990816987  0.0000000000  3.1415926536  0.0000000161  -0.0025464014
393.9557187602  0.0000000000  3.1415926536  0.0000000161  -0.0025382790
395.2123558216  0.0000000000  3.1415926536  0.0000000160  -0.0025302083
396.4689928830  0.0000000000  3.1415926536  0.0000000160  -0.0025221887
397.7256299445  0.0000000000  3.1415926536  0.0000000159  -0.0025142197
398.9822670059  0.0000000000  3.1415926536  0.0000000159  -0.0025063010
400.2389040673  0.0000000000  3.1415926536  0.0000000158  -0.0024984320
401.4955411288  0.0000000000  3.1415926536  0.0000000158  -0.0024906122
402.7521781902  0.0000000000  3.1415926536  0.0000000157  -0.0024828413
404.0088152516  0.0000000000  3.1415926536  0.0000000157  -0.0024751187
405.2654523131  0.0000000000  3.1415926536  0.0000000156  -0.0024674439
406.5220893745  0.0000000000  3.1415926536  0.0000000156  -0.0024598167
407.7787264360  0.0000000000  3.1415926536  0.0000000155  -0.0024522364
409.0353634974  0.0000000000  3.1415926536  0.0000000155  -0.0024447027
410.2920005588  0.0000000000  3.1415926536  0.0000000155  -0.0024372152
411.5486376203  0.0000000000  3.1415926536  0.0000000154  -0.0024297734
412.8052746817  0.0000000000  3.1415926536  0.0000000154  -0.0024223769
414.0619117431  0.0000000000  3.1415926536  0.0000000153  -0.0024150252
415.3185488046  0.0000000000  3.1415926536  0.0000000153  -0.0024077181
416.5751858660  0.0000000000  3.1415926536  0.0000000152  -0.0024004551
417.8318229274  0.0000000000  3.1415926536  0.0000000152  -0.0023932357
419.0884599889  0.0000000000  3.1415926536  0.0000000152  -0.0023860596
420.3450970503  0.0000000000  3.1415926536  0.0000000151  -0.0023789265
421.6017341118  0.0000000000  3.1415926536  0.0000000151  -0.0023718359
422.8583711732  0.0000000000  3.1415926536  0.0000000150  -0.0023647874
424.1150082346  0.0000000000  3.1415926536  0.0000000150  -0.0023577806
425.3716452961  0.0000000000  3.1415926536  0.0000000149  -0.0023508153
426.6282823575  0.0000000000  3.1415926536  0.0000000149  -0.0023438910
427.8849194189  0.0000000000  3.1415926536  0.0000000149  -0.0023370074
429.1415564804  0.0000000000  3.1415926536  0.0000000148  -0.0023301641
430.3981935418  0.0000000000  3.1415926536  0.0000000148  -0.0023233608
431.6548306032  0.0000000000  3.1415926536  0.0000000147  -0.0023165970
432.9114676647  0.0000000000  3.1415926536  0.0000000147  -0.0023098725
434.1681047261  0.0000000000  3.1415926536  0.0000000147  -0.0023031870
435.4247417875  0.0000000000  3.1415926536  0.0000000146  -0.0022965400
436.6813788490  0.0000000000  3.1415926536  0.0000000146  -0.0022899313
437.9380159104  0.0000000000  3.1415926536  0.0000000145  -0.0022833606
439.1946529719  0.0000000000  3.1415926536  0.0000000145  -0.0022768274
440.4512900333  0.0000000000  3.1415926536  0.0000000145  -0.0022703315
441.7079270947  0.0000000000  3.1415926536  0.0000000144  -0.0022638726
442.9645641562  0.0000000000  3.1415926536  0.0000000144  -0.0022574503
444.2212012176  0.0000000000  3.1415926536  0.0000000143  -0.0022510643
445.4778382790  0.0000000000  3.1415926536  0.0000000143  -0.0022447144
446.7344753405  0.0000000000  3.1415926536  0.0000000143  -0.0022384002
447.9911124019  0.0000000000  3.1415926536  0.0000000142  -0.0022321214
449.2477494633  0.0000000000  3.1415926536  0.0000000142  -0.0022258778
450.5043865248  0.0000000000  3.1415926536  0.0000000142  -0.0022196690
451.7610235862  0.0000000000  3.1415926536  0.0000000141  -0.0022134947
453.0176606476  0.0000000000  3.1415926536  0.0000000141  -0.0022073546
454.2742977091  0.0000000000  3.1415926536  0.0000000140  -0.0022012486
455.5309347705  0.0000000000  3.1415926536  0.0000000140  -0.0021951762
456.7875718320  0.0000000000  3.1415926536  0.0000000140  -0.0021891373
458.0442088934  0.0000000000  3.1415926536  0.0000000139  -0.0021831314
459.3008459548  0.0000000000  3.1415926536  0.0000000139  -0.0021771585
460.5574830163  0.0000000000  3.1415926536  0.0000000139  -0.0021712181
461.8141200777  0.0000000000  3.1415926536  0.0000000138  -0.0021653101
463.0707571391  0.0000000000  3.1415926536  0.0000000138  -0.0021594341
464.3273942006  0.0000000000  3.1415926536  0.0000000138  -0.0021535899
465.5840312620  0.0000000000  3.1415926536  0.0000000137  -0.0021477773
466.8406683234  0.0000000000  3.1415926536  0.0000000137  -0.0021419960
468.0973053849  0.0000000000  3.1415926536  0.0000000137  -0.0021362457
469.3539424463  0.0000000000  3.1415926536  0.0000000136  -0.0021305262
470.6105795078  0.0000000000  3.1415926536  0.0000000136  -0.0021248372
471.8672165692  0.0000000000  3.1415926536  0.0000000136  -0.0021191786
473.1238536306  0.0000000000  3.1415926536  0.0000000135  -0.0021135500
474.3804906921  0.0000000000  3.1415926536  0.0000000135  -0.0021079512
475.6371277535  0.0000000000  3.1415926536  0.0000000135  -0.0021023820
476.8937648149  0.0000000000  3.1415926536  0.0000000134  -0.0020968422
478.1504018764  0.0000000000  3.1415926536  0.0000000134  -0.0020913315
479.4070389378  0.0000000000  3.1415926536  0.0000000134  -0.0020858496
480.6636759992  0.0000000000  3.1415926536  0.0000000133  -0.0020803965
481.9203130607  0.0000000000  3.1415926536  0.0000000133  -0.0020749717
483.1769501221  0.0000000000  3.1415926536  0.0000000133  -0.0020695752
484.4335871835  0.0000000000  3.1415926536  0.0000000132  -0.0020642067
485.6902242450  0.0000000000  3.1415926536  0.0000000132  -0.0020588660
486.9468613064  0.0000000000  3.1415926536  0.0000000132  -0.0020535528
488.2034983679  0.0000000000  3.1415926536  0.0000000131  -0.0020482670
489.4601354293  0.0000000000  3.1415926536  0.0000000131  -0.0020430083
490.7167724907  0.0000000000  3.1415926536  0.0000000131  -0.0020377766
491.9734095522  0.0000000000  3.1415926536  0.0000000130  -0.0020325716
493.2300466136  0.0000000000  3.1415926536  0.0000000130  -0.0020273931
494.4866836750  0.0000000000  3.1415926536  0.0000000130  -0.0020222409
495.7433207365  0.0000000000  3.1415926536  0.0000000129  -0.0020171148
496.9999577979  0.0000000000  3.1415926536  0.0000000129  -0.0020120147
498.2565948593  0.0000000000  3.1415926536  0.0000000129  -0.0020069403
499.5132319208  0.0000000000  3.1415926536  0.0000000128  -0.0020018914
500.7698689822  0.0000000000  3.1415926536  0.0000000128  -0.0019968679
502.0265060436  0.0000000000  3.1415926536  0.0000000128  -0.0019918695
503.2831431051  0.0000000000  3.1415926536  0.0000000127  -0.0019868960
504.5397801665  0.0000000000  3.1415926536  0.0000000127  -0.0019819474
505.7964172280  0.0000000000  3.1415926536  0.0000000127  -0.0019770233
507.0530542894  0.0000000000  3.1415926536  0.0000000127  -0.0019721237
508.3096913508  0.0000000000  3.1415926536  0.0000000126  -0.0019672482
509.5663284123  0.0000000000  3.1415926536  0.0000000126  -0.0019623968
510.8229654737  0.0000000000  3.1415926536  0.0000000126  -0.0019575693
512.0796025351  0.0000000000  3.1415926536  0.0000000125  -0.0019527655
513.3362395966  0.0000000000  3.1415926536  0.0000000125  -0.0019479852
514.5928766580  0.0000000000  3.1415926536  0.0000000125  -0.0019432282
515.8495137194  0.0000000000  3.1415926536  0.0000000125  -0.0019384944
517.1061507809  0.0000000000  3.1415926536  0.0000000124  -0.0019337837
518.3627878423  0.0000000000  3.1415926536  0.0000000124  -0.0019290957
519.6194249038  0.0000000000  3.1415926536  0.0000000124  -0.0019244305
520.8760619652  0.0000000000  3.1415926536  0.0000000123  -0.0019197877
522.1326990266  0.0000000000  3.1415926536  0.0000000123  -0.0019151673
523.3893360881  0.0000000000  3.1415926536  0.0000000123  -0.0019105691
524.6459731495  0.0000000000  3.1415926536  0.0000000123  -0.0019059929
525.9026102109  0.0000000000  3.1415926536  0.0000000122  -0.0019014386
527.1592472724  0.0000000000  3.1415926536  0.0000000122  -0.0018969060
528.4158843338  0.0000000000  3.1415926536  0.0000000122  -0.0018923949
529.6725213952  0.0000000000  3.1415926536  0.0000000121  -0.0018879053
530.9291584567  0.0000000000  3.1415926536  0.0000000121  -0.0018834369
532.1857955181  0.0000000000  3.1415926536  0.0000000121  -0.0018789896
533.4424325795  0.0000000000  3.1415926536  0.0000000121  -0.0018745633
534.6990696410  0.0000000000  3.1415926536  0.0000000120  -0.0018701577
535.9557067024  0.0000000000  3.1415926536  0.0000000120  -0.0018657729
537.2123437639  0.0000000000  3.1415926536  0.0000000120  -0.0018614085
538.4689808253  0.0000000000  3.1415926536  0.0000000120  -0.0018570645
539.7256178867  0.0000000000  3.1415926536  0.0000000119  -0.0018527407
540.9822549482  0.0000000000  3.1415926536  0.0000000119  -0.0018484371
542.2388920096  0.0000000000  3.1415926536  0.0000000119  -0.0018441533
543.4955290710  0.0000000000  3.1415926536  0.0000000118  -0.0018398894
544.7521661325  0.0000000000  3.1415926536  0.0000000118  -0.0018356452
546.0088031939  0.0000000000  3.1415926536  0.0000000118  -0.0018314205
547.2654402553  0.0000000000  3.1415926536  0.0000000118  -0.0018272152
548.5220773168  0.0000000000  3.1415926536  0.0000000117  -0.0018230291
549.7787143782  0.0000000000  3.1415926536  0.0000000117  -0.0018188622
551.0353514396  0.0000000000  3.1415926536  0.0000000117  -0.0018147143
552.2919885011  0.0000000000  3.1415926536  0.0000000117  -0.0018105853
553.5486255625  0.0000000000  3.1415926536  0.0000000116  -0.0018064750
554.8052626240  0.0000000000  3.1415926536  0.0000000116  -0.0018023834
556.0618996854  0.0000000000  3.1415926536  0.0000000116  -0.0017983102
557.3185367468  0.0000000000  3.1415926536  0.0000000116  -0.0017942554
558.5751738083  0.0000000000  3.1415926536  0.0000000115  -0.0017902188
559.8318108697  0.0000000000  3.1415926536  0.0000000115  -0.0017862004
561.0884479311  0.0000000000  3.1415926536  0.0000000115  -0.0017822000
562.3450849926  0.0000000000  3.1415926536  0.0000000115  -0.0017782174
563.6017220540  0.0000000000  3.1415926536  0.0000000114  -0.0017742526
564.8583591154  0.0000000000  3.1415926536  0.0000000114  -0.0017703055
566.1149961769  0.0000000000  3.1415926536  0.0000000114  -0.0017663759
567.3716332383  0.0000000000  3.1415926536  0.0000000114  -0.0017624636
568.6282702998  0.0000000000  3.1415926536  0.0000000113  -0.0017585687
569.8849073612  0.0000000000  3.1415926536  0.0000000113  -0.0017546910
571.1415444226  0.0000000000  3.1415926536  0.0000000113  -0.0017508303
572.3981814841  0.0000000000  3.1415926536  0.0000000113  -0.0017469865
573.6548185455  0.0000000000  3.1415926536  0.0000000113  -0.0017431596
574.9114556069  0.0000000000  3.1415926536  0.0000000112  -0.0017393495
576.1680926684  0.0000000000  3.1415926536  0.0000000112  -0.0017355559
577.4247297298  0.0000000000  3.1415926536  0.0000000112  -0.0017317789
578.6813667912  0.0000000000  3.1415926536  0.0000000112  -0.0017280182
579.9380038527  0.0000000000  3.1415926536  0.0000000111  -0.0017242739
581.1946409141  0.0000000000  3.1415926536  0.0000000111  -0.0017205458
582.4512779755  0.0000000000  3.1415926536  0.0000000111  -0.0017168337
583.7079150370  0.0000000000  3.1415926536  0.0000000111  -0.0017131376
584.9645520984  0.0000000000  3.1415926536  0.0000000110  -0.0017094574
586.2211891599  0.0000000000  3.1415926536  0.0000000110  -0.0017057930
587.4778262213  0.0000000000  3.1415926536  0.0000000110  -0.0017021443
588.7344632827  0.0000000000  3.1415926536  0.0000000110  -0.0016985111
589.9911003442  0.0000000000  3.1415926536  0.0000000110  -0.0016948934
591.2477374056  0.0000000000  3.1415926536  0.0000000109  -0.0016912911
592.5043744670  0.0000000000  3.1415926536  0.0000000109  -0.0016877041
593.7610115285  0.0000000000  3.1415926536  0.0000000109  -0.0016841322
595.0176485899  0.0000000000  3.1415926536  0.0000000109  -0.0016805755
596.2742856513  0.0000000000  3.1415926536  0.0000000108  -0.0016770337
597.5309227128  0.0000000000  3.1415926536  0.0000000108  -0.0016735068
598.7875597742  0.0000000000  3.1415926536  0.0000000108  -0.0016699948
600.0441968357  0.0000000000  3.1415926536  0.0000000108  -0.0016664974
601.3008338971  0.0000000000  3.1415926536  0.0000000108  -0.0016630147
602.5574709585  0.0000000000  3.1415926536  0.0000000107  -0.0016595465
603.8141080200  0.0000000000  3.1415926536  0.0000000107  -0.0016560927
605.0707450814  0.0000000000  3.1415926536  0.0000000107  -0.0016526532
606.3273821428  0.0000000000  3.1415926536  0.0000000107  -0.0016492281
607.5840192043  0.0000000000  3.1415926536  0.0000000106  -0.0016458171
608.8406562657  0.0000000000  3.1415926536  0.0000000106  -0.0016424201
610.0972933271  0.0000000000  3.1415926536  0.0000000106  -0.0016390372
611.3539303886  0.0000000000  3.1415926536  0.0000000106  -0.0016356682
612.6105674500  0.0000000000  3.1415926536  0.0000000106  -0.0016323130
613.8672045114  0.0000000000  3.1415926536  0.0000000105  -0.0016289715
615.1238415729  0.0000000000  3.1415926536  0.0000000105  -0.0016256437
616.3804786343  0.0000000000  3.1415926536  0.0000000105  -0.0016223294
617.6371156958  0.0000000000  3.1415926536  0.0000000105  -0.0016190287
618.8937527572  0.0000000000  3.1415926536  0.0000000105  -0.0016157413
620.1503898186  0.0000000000  3.1415926536  0.0000000104  -0.0016124673
621.4070268801  0.0000000000  3.1415926536  0.0000000104  -0.0016092065
622.6636639415  0.0000000000  3.1415926536  0.0000000104  -0.0016059589
623.9203010029  0.0000000000  3.1415926536  0.0000000104  -0.0016027243
625.1769380644  0.0000000000  3.1415926536  0.0000000104  -0.0015995028
626.4335751258  0.0000000000  3.1415926536  0.0000000103  -0.0015962942
627.6902121872  0.0000000000  3.1415926536  0.0000000103  -0.0015930984
628.9468492487  0.0000000000  3.1415926536  0.0000000000  0.0000000000
-627.6902121872  3.1415926536  0.0000000000  0.0000000000  0.0000000000
-626.4335751258  3.1415926536  0.0000000000  0.0000000000  0.0000000000
-625.1769380644  3.1415926536  0.0000000000  0.0000000000  0.0000000000
-623.9203010029  3.1415926536  0.0000000000  0.0000000000  0.0000000000
-622.6636639415  3.1415926536  0.0000000000  0.0000000000  0.0000000000
-621.4070268801  3.1415926536  0.0000000000  0.0000000000  0.0000000000
-620.1503898186  3.1415926536  0.0000000000  0.0000000000  0.0000000000
-618.8937527572  3.1415926536  0.0000000000  0.0000000000  0.0000000000
-617.6371156958  3.1415926536  0.0000000000  0.0000000000  0.0000000000
-616.3804786343  3.1415926536  0.0000000000  0.0000000000  0.0000000000
-615.1238415729  3.1415926536  0.0000000000  0.0000000000  0.0000000000
-613.8672045114  3.1415926536  0.0000000000  0.0000000000  0.0000000000
-612.6105674500  3.1415926536  0.0000000000  0.0000000000  0.0000000000
-611.3539303886  3.1415926536  0.0000000000  0.0000000000  0.0000000000
-610.0972933271  3.1415926536  0.0000000000  0.0000000000  0.0000000000
-608.8406562657  3.1415926536  0.0000000000  0.0000000000  0.0000000000
-607.5840192043  3.1415926536  0.0000000000  0.0000000000  0.0000000000
-606.3273821428  3.1415926536  0.0000000000  0.0000000000  0.0000000000
-605.0707450814  3.1415926536  0.0000000000  0.0000000000  0.0000000000
-603.8141080200  3.1415926536  0.0000000000  0.0000000000  0.0000000000
-602.5574709585  3.1415926536  0.0000000000  0.0000000000  0.0000000000
-601.3008338971  3.1415926536  0.0000000000  0.0000000000  0.0000000000
-600.0441968357  3.1415926536  0.0000000000  0.0000000000  0.0000000000
-598.7875597742  3.1415926536  0.0000000000  0.0000000000  0.0000000000
-597.5309227128  3.1415926536  0.0000000000  0.0000000000  0.0000000000
-596.2742856513  3.1415926536  0.0000000000  0.0000000000  0.0000000000
-595.0176485899  3.1415926536  0.0000000000  0.0000000000  0.0000000000
-593.7610115285  3.1415926536  0.0000000000  0.0000000000  0.0000000000
-592.5043744670  3.1415926536  0.0000000000  0.0000000000  0.0000000000
-591.2477374056  3.1415926536  0.0000000000  0.0000000000  0.0000000000
-589.9911003442  3.1415926536  0.0000000000  0.0000000000  0.0000000000
-588.7344632827  3.1415926536  0.0000000000  0.0000000000  0.0000000000
-587.4778262213  3.1415926536  0.0000000000  0.0000000000  0.0000000000
-586.2211891599  3.1415926536  0.0000000000  0.0000000000  0.0000000000
-584.9645520984  3.1415926536  0.0000000000  0.0000000000  0.0000000000
-583.7079150370  3.1415926536  0.0000000000  0.0000000000  0.0000000000
-582.4512779755  3.1415926536  0.0000000000  0.0000000000  0.0000000000
-581.1946409141  3.1415926536  0.0000000000  0.0000000000  0.0000000000
-579.9380038527  3.1415926536  0.0000000000  0.0000000000  0.0000000000
-578.6813667912  3.1415926536  0.0000000000  0.0000000000  0.0000000000
-577.4247297298  3.1415926536  0.0000000000  0.0000000000  0.0000000000
-576.1680926684  3.1415926536  0.0000000000  0.0000000000  0.0000000000
-574.9114556069  3.1415926536  0.0000000000  0.0000000000  0.0000000000
-573.6548185455  3.1415926536  0.0000000000  0.0000000000  0.0000000000
-572.3981814841  3.1415926536  0.0000000000  0.0000000000  0.0000000000
-571.1415444226  3.1415926536  0.0000000000  0.0000000000  0.0000000000
-569.8849073612  3.1415926536  0.0000000000  0.0000000000  0.0000000000
-568.6282702998  3.1415926536  0.0000000000  0.0000000000  0.0000000000
-567.3716332383  3.1415926536  0.0000000000  0.0000000000  0.0000000000
-566.1149961769  3.1415926536  0.0000000000  0.0000000000  0.0000000000
-564.8583591154  3.1415926536  0.0000000000  0.0000000000  0.0000000000
-563.6017220540  3.1415926536  0.0000000000  0.0000000000  0.0000000000
-562.3450849926  3.1415926536  0.0000000000  0.0000000000  0.0000000000
-561.0884479311  3.1415926536  0.0000000000  0.0000000000  0.0000000000
-559.8318108697  3.1415926536  0.0000000000  0.0000000000  0.0000000000
-558.5751738083  3.1415926536  0.0000000000  0.0000000000  0.0000000000
-557.3185367468  3.1415926536  0.0000000000  0.0000000000  0.0000000000
-556.0618996854  3.1415926536  0.0000000000  0.0000000000  0.0000000000
-554.8052626240  3.1415926536  0.0000000000  0.0000000000  0.0000000000
-553.5486255625  3.1415926536  0.0000000000  0.0000000000  0.0000000000
-552.2919885011  3.1415926536  0.0000000000  0.0000000000  0.0000000000
-551.0353514396  3.1415926536  0.0000000000  0.0000000000  0.0000000000
-549.7787143782  3.1415926536  0.0000000000  0.0000000000  0.0000000000
-548.5220773168  3.1415926536  0.0000000000  0.0000000000  0.0000000000
-547.2654402553  3.1415926536  0.0000000000  0.0000000000  0.0000000000
-546.0088031939  3.1415926536  0.0000000000  0.0000000000  0.0000000000
-544.7521661325  3.1415926536  0.0000000000  0.0000000000  0.0000000000
-543.4955290710  3.1415926536  0.0000000000  0.0000000000  0.0000000000
-542.2388920096  3.1415926536  0.0000000000  0.0000000000  0.0000000000
-540.9822549482  3.1415926536  0.0000000000  0.0000000000  0.0000000000
-539.7256178867  3.1415926536  0.0000000000  0.0000000000  0.0000000000
-538.4689808253  3.1415926536  0.0000000000  0.0000000000  0.0000000000
-537.2123437639  3.1415926536  0.0000000000  0.0000000000  0.0000000000
-535.9557067024  3.1415926536  0.0000000000  0.0000000000  0.0000000000
-534.6990696410  3.1415926536  0.0000000000  0.0000000000  0.0000000000
-533.4424325795  3.1415926536  0.0000000000  0.0000000000  0.0000000000
-532.1857955181  3.1415926536  0.0000000000  0.0000000000  0.0000000000
-530.9291584567  3.1415926536  0.0000000000  0.0000000000  0.0000000000
-529.6725213952  3.1415926536  0.0000000000  0.0000000000  0.0000000000
-528.4158843338  3.1415926536  0.0000000000  0.0000000000  0.0000000000
-527.1592472724  3.1415926536  0.0000000000  0.0000000000  0.0000000000
-525.9026102109  3.1415926536  0.0000000000  0.0000000000  0.0000000000
-524.6459731495  3.1415926536  0.0000000000  0.0000000000  0.0000000000
-523.3893360881  3.1415926536  0.0000000000  0.0000000000  0.0000000000
-522.1326990266  3.1415926536  0.0000000000  0.0000000000  0.0000000000
-520.8760619652  3.1415926536  0.0000000000  0.0000000000  0.0000000000
-519.6194249038  3.1415926536  0.0000000000  0.0000000000  0.0000000000
-518.3627878423  3.1415926536  0.0000000000  0.0000000000  0.0000000000
-517.1061507809  3.1415926536  0.0000000000  0.0000000000  0.0000000000
-515.8495137194  3.1415926536  0.0000000000  0.0000000000  0.0000000000
-514.5928766580  3.1415926536  0.0000000000  0.0000000000  0.0000000000
-513.3362395966  3.1415926536  0.0000000000  0.0000000000  0.0000000000
-512.0796025351  3.1415926536  0.0000000000  0.0000000000  0.0000000000
-510.8229654737  3.1415926536  0.0000000000  0.0000000000  0.0000000000
-509.5663284123  3.1415926536  0.0000000000  0.0000000000  0.0000000000
-508.3096913508  3.1415926536  0.0000000000  0.0000000000  0.0000000000
-507.0530542894  3.1415926536  0.0000000000  0.0000000000  0.0000000000
-505.7964172280  3.1415926536  0.0000000000  0.0000000000  0.0000000000
-504.5397801665  3.1415926536  0.0000000000  0.0000000000  0.0000000000
-503.2831431051  3.1415926536  0.0000000000  0.0000000000  0.0000000000
-502.0265060436  3.1415926536  0.0000000000  0.0000000000  0.0000000000
-500.7698689822  3.1415926536  0.0000000000  0.0000000000  0.0000000000
-499.5132319208  3.1415926536  0.0000000000  0.0000000000  0.0000000000
-498.2565948593  3.1415926536  0.0000000000  0.0000000000  0.0000000000
-496.9999577979  3.1415926536  0.0000000000  0.0000000000  0.0000000000
-495.7433207365  3.1415926536  0.0000000000  0.0000000000  0.0000000000
-494.4866836750  3.1415926536  0.0000000000  0.0000000000  0.0000000000
-493.2300466136  3.1415926536  0.0000000000  0.0000000000  0.0000000000
-491.9734095522  3.1415926536  0.0000000000  0.0000000000  0.0000000000
-490.7167724907  3.1415926536  0.0000000000  0.0000000000  0.0000000000
-489.4601354293  3.1415926536  0.0000000000  0.0000000000  0.0000000000
-488.2034983679  3.1415926536  0.0000000000  0.0000000000  0.0000000000
-486.9468613064  3.1415926536  0.0000000000  0.0000000000  0.0000000000
-485.6902242450  3.1415926536  0.0000000000  0.0000000000  0.0000000000
-484.4335871835  3.1415926536  0.0000000000  0.0000000000  0.0000000000
-483.1769501221  3.1415926536  0.0000000000  0.0000000000  0.0000000000
-481.9203130607  3.1415926536  0.0000000000  0.0000000000  0.0000000000
-480.6636759992  3.1415926536  0.0000000000  0.0000000000  0.0000000000
-479.4070389378  3.1415926536  0.0000000000  0.0000000000  0.0000000000
-478.1504018764  3.1415926536  0.0000000000  0.0000000000  0.0000000000
-476.8937648149  3.1415926536  0.0000000000  0.0000000000  0.0000000000
-475.6371277535  3.1415926536  0.0000000000  0.0000000000  0.0000000000
-474.3804906921  3.1415926536  0.0000000000  0.0000000000  0.0000000000
-473.1238536306  3.1415926536  0.0000000000  0.0000000000  0.0000000000
-471.8672165692  3.1415926536  0.0000000000  0.0000000000  0.0000000000
-470.6105795078  3.1415926536  0.0000000000  0.0000000000  0.0000000000
-469.3539424463  3.1415926536  0.0000000000  0.0000000000  0.0000000000
-468.0973053849  3.1415926536  0.0000000000  0.0000000000  0.0000000000
-466.8406683234  3.1415926536  0.0000000000  0.0000000000  0.0000000000
-465.5840312620  3.1415926536  0.0000000000  0.0000000000  0.0000000000
-464.3273942006  3.1415926536  0.0000000000  0.0000000000  0.0000000000
-463.0707571391  3.1415926536  0.0000000000  0.0000000000  0.0000000000
-461.8141200777  3.1415926536  0.0000000000  0.0000000000  0.0000000000
-460.5574830163  3.1415926536  0.0000000000  0.0000000000  0.0000000000
-459.3008459548  3.1415926536  0.0000000000  0.0000000000  0.0000000000
-458.0442088934  3.1415926536  0.0000000000  0.0000000000  0.0000000000
-456.7875718320  3.1415926536  0.0000000000  0.0000000000  0.0000000000
-455.5309347705  3.1415926536  0.0000000000  0.0000000000  0.0000000000
-454.2742977091  3.1415926536  0.0000000000  0.0000000000  0.0000000000
-453.0176606476  3.1415926536  0.0000000000  0.0000000000  0.0000000000
-451.7610235862  3.1415926536  0.0000000000  0.0000000000  0.0000000000
-450.5043865248  3.1415926536  0.0000000000  0.0000000000  0.0000000000
-449.2477494633  3.1415926536  0.0000000000  0.0000000000  0.0000000000
-447.9911124019  3.1415926536  0.0000000000  0.0000000000  0.0000000000
-446.7344753405  3.1415926536  0.0000000000  0.0000000000  0.0000000000
-445.4778382790  3.1415926536  0.0000000000  0.0000000000  0.0000000000
-444.2212012176  3.1415926536  0.0000000000  0.0000000000  0.0000000000
-442.9645641562  3.1415926536  0.0000000000  0.0000000000  0.0000000000
-441.7079270947  3.1415926536  0.0000000000  0.0000000000  0.0000000000
-440.4512900333  3.1415926536  0.0000000000  0.0000000000  0.0000000000
-439.1946529719  3.1415926536  0.0000000000  0.0000000000  0.0000000000
-437.9380159104  3.1415926536  0.0000000000  0.0000000000  0.0000000000
-436.6813788490  3.1415926536  0.0000000000  0.0000000000  0.0000000000
-435.4247417875  3.1415926536  0.0000000000  0.0000000000  0.0000000000
-434.1681047261  3.1415926536  0.0000000000  0.0000000000  0.0000000000
-432.9114676647  3.1415926536  0.0000000000  0.0000000000  0.0000000000
-431.6548306032  3.1415926536  0.0000000000  0.0000000000  0.0000000000
-430.3981935418  3.1415926536  0.0000000000  0.0000000000  0.0000000000
-429.1415564804  3.1415926536  0.0000000000  0.0000000000  0.0000000000
-427.8849194189  3.1415926536  0.0000000000  0.0000000000  0.0000000000
-426.6282823575  3.1415926536  0.0000000000  0.0000000000  0.0000000000
-425.3716452961  3.1415926536  0.0000000000  0.0000000000  0.0000000000
-424.1150082346  3.1415926536  0.0000000000  0.0000000000  0.0000000000
-422.8583711732  3.1415926536  0.0000000000  0.0000000000  0.0000000000
-421.6017341118  3.1415926536  0.0000000000  0.0000000000  0.0000000000
-420.3450970503  3.1415926536  0.0000000000  0.0000000000  0.0000000000
-419.0884599889  3.1415926536  0.0000000000  0.0000000000  0.0000000000
-417.8318229274  3.1415926536  0.0000000000  0.0000000000  0.0000000000
-416.5751858660  3.1415926536  0.0000000000  0.0000000000  0.0000000000
-415.3185488046  3.1415926536  0.0000000000  0.0000000000  0.0000000000
-414.0619117431  3.1415926536  0.0000000000  0.0000000000  0.0000000000
-412.8052746817  3.1415926536  0.0000000000  0.0000000000  0.0000000000
-411.5486376203  3.1415926536  0.0000000000  0.0000000000  0.0000000000
-410.2920005588  3.1415926536  0.0000000000  0.0000000000  0.0000000000
-409.0353634974  3.1415926536  0.0000000000  0.0000000000  0.0000000000
-407.7787264360  3.1415926536  0.0000000000  0.0000000000  0.0000000000
-406.5220893745  3.1415926536  0.0000000000  0.0000000000  0.0000000000
-405.2654523131  3.1415926536  0.0000000000  0.0000000000  0.0000000000
-404.0088152516  3.1415926536  0.0000000000  0.0000000000  0.0000000000
-402.7521781902  3.1415926536  0.0000000000  0.0000000000  0.0000000000
-401.4955411288  3.1415926536  0.0000000000  0.0000000000  0.0000000000
-400.2389040673  3.1415926536  0.0000000000  0.0000000000  0.0000000000
-398.9822670059  3.1415926536  0.0000000000  0.0000000000  0.0000000000
-397.7256299445  3.1415926536  0.0000000000  0.0000000000  0.0000000000
-396.4689928830  3.1415926536  0.0000000000  0.0000000000  0.0000000000
-395.2123558216  3.1415926536  0.0000000000  0.0000000000  0.0000000000
-393.9557187602  3.1415926536  0.0000000000  0.0000000000  0.0000000000
-392.6990816987  3.1415926536  0.0000000000  0.0000000000  0.0000000000
-391.4424446373  3.1415926536  0.0000000000  0.0000000000  0.0000000000
-390.1858075759  3.1415926536  0.0000000000  0.0000000000  0.0000000000
-388.9291705144  3.1415926536  0.0000000000  0.0000000000  0.0000000000
-387.6725334530  3.1415926536  0.0000000000  0.0000000000  0.0000000000
-386.4158963915  3.1415926536  0.0000000000  0.0000000000  0.0000000000
-385.1592593301  3.1415926536  0.0000000000  0.0000000000  0.0000000000
-383.9026222687  3.1415926536  0.0000000000  0.0000000000  0.0000000000
-382.6459852072  3.1415926536  0.0000000000  0.0000000000  0.0000000000
-381.3893481458  3.1415926536  0.0000000000  0.0000000000  0.0000000000
-380.1327110844  3.1415926536  0.0000000000  0.0000000000  0.0000000000
-378.8760740229  3.1415926536  0.0000000000  0.0000000000  0.0000000000
-377.6194369615  3.1415926536  0.0000000000  0.0000000000  0.0000000000
-376.3627999001  3.1415926536  0.0000000000  0.0000000000  0.0000000000
-375.1061628386  3.1415926536  0.0000000000  0.0000000000  0.0000000000
-373.8495257772  3.1415926536  0.0000000000  0.0000000000  0.0000000000
-372.5928887157  3.1415926536  0.0000000000  0.0000000000  0.0000000000
-371.3362516543  3.1415926536  0.0000000000  0.0000000000  0.0000000000
-370.0796145929  3.1415926536  0.0000000000  0.0000000000  0.0000000000
-368.8229775314  3.1415926536  0.0000000000  0.0000000000  0.0000000000
-367.5663404700  3.1415926536  0.0000000000  0.0000000000  0.0000000000
-366.3097034086  3.1415926536  0.0000000000  0.0000000000  0.0000000000
-365.0530663471  3.1415926536  0.0000000000  0.0000000000  0.0000000000
-363.7964292857  3.1415926536  0.0000000000  0.0000000000  0.0000000000
-362.5397922243  3.1415926536  0.0000000000  0.0000000000  0.0000000000
-361.2831551628  3.1415926536  0.0000000000  0.0000000000  0.0000000000
-360.0265181014  3.1415926536  0.0000000000  0.0000000000  0.0000000000
-358.7698810400  3.1415926536  0.0000000000  0.0000000000  0.0000000000
-357.5132439785  3.1415926536  0.0000000000  0.0000000000  0.0000000000
-356.2566069171  3.1415926536  0.0000000000  0.0000000000  0.0000000000
-354.9999698556  3.1415926536  0.0000000000  0.0000000000  0.0000000000
-353.7433327942  3.1415926536  0.0000000000  0.0000000000  0.0000000000
-352.4866957328  3.1415926536  0.0000000000  0.0000000000  0.0000000000
-351.2300586713  3.1415926536  0.0000000000  0.0000000000  0.0000000000
-349.9734216099  3.1415926536  0.0000000000  0.0000000000  0.0000000000
-348.7167845485  3.1415926536  0.0000000000  0.0000000000  0.0000000000
-347.4601474870  3.1415926536  0.0000000000  0.0000000000  0.0000000000
-346.2035104256  3.1415926536  0.0000000000  0.0000000000  0.0000000000
-344.9468733642  3.1415926536  0.0000000000  0.0000000000  0.0000000000
-343.6902363027  3.1415926536  0.0000000000  0.0000000000  0.0000000000
-342.4335992413  3.1415926536  0.0000000000  0.0000000000  0.0000000000
-341.1769621799  3.1415926536  0.0000000000  0.0000000000  0.0000000000
-339.9203251184  3.1415926536  0.0000000000  0.0000000000  0.0000000000
-338.6636880570  3.1415926536  0.0000000000  0.0000000000  0.0000000000
-337.4070509955  3.1415926536  0.0000000000  0.0000000000  0.0000000000
-336.1504139341  3.1415926536  0.0000000000  0.0000000000  0.0000000000
-334.8937768727  3.1415926536  0.0000000000  0.0000000000  0.0000000000
-333.6371398112  3.1415926536  0.0000000000  0.0000000000  0.0000000000
-332.3805027498  3.1415926536  0.0000000000  0.0000000000  0.0000000000
-331.1238656884  3.1415926536  0.0000000000  0.0000000000  0.0000000000
-329.8672286269  3.1415926536  0.0000000000  0.0000000000  0.0000000000
-328.6105915655  3.1415926536  0.0000000000  0.0000000000  0.0000000000
-327.3539545041  3.1415926536  0.0000000000  0.0000000000  0.0000000000
-326.0973174426  3.1415926536  0.0000000000  0.0000000000  0.0000000000
-324.8406803812  3.1415926536  0.0000000000  0.0000000000  0.0000000000
-323.5840433197  3.1415926536  0.0000000000  0.0000000000  0.0000000000
-322.3274062583  3.1415926536  0.0000000000  0.0000000000  0.0000000000
-321.0707691969  3.1415926536  0.0000000000  0.0000000000  0.0000000000
-319.8141321354  3.1415926536  0.0000000000  0.0000000000  0.0000000000
-318.5574950740  3.1415926536  0.0000000000  0.0000000000  0.0000000000
-317.3008580126  3.1415926536  0.0000000000  0.0000000000  0.0000000000
-316.0442209511  3.1415926536  0.0000000000  0.0000000000  0.0000000000
-314.7875838897  3.1415926536  0.0000000000  0.0000000000  0.0000000000
-313.5309468283  3.1415926536  0.0000000000  0.0000000000  0.0000000000
-312.2743097668  3.1415926536  0.0000000000  0.0000000000  0.0000000000
-311.0176727054  3.1415926536  0.0000000000  0.0000000000  0.0000000000
-309.7610356440  3.1415926536  0.0000000000  0.0000000000  0.0000000000
-308.5043985825  3.1415926536  0.0000000000  0.0000000000  0.0000000000
-307.2477615211  3.1415926536  0.0000000000  0.0000000000  0.0000000000
-305.9911244596  3.1415926536  0.0000000000  0.0000000000  0.0000000000
-304.7344873982  3.1415926536  0.0000000000  0.0000000000  0.0000000000
-303.4778503368  3.1415926536  0.0000000000  0.0000000000  0.0000000000
-302.2212132753  3.1415926536  0.0000000000  0.0000000000  0.0000000000
-300.9645762139  3.1415926536  0.0000000000  0.0000000000  0.0000000000
-299.7079391525  3.1415926536  0.0000000000  0.0000000000  0.0000000000
-298.4513020910  3.1415926536  0.0000000000  0.0000000000  0.0000000000
-297.1946650296  3.1415926536  0.0000000000  0.0000000000  0.0000000000
-295.9380279682  3.1415926536  0.0000000000  0.0000000000  0.0000000000
-294.6813909067  3.1415926536  0.0000000000  0.0000000000  0.0000000000
-293.4247538453  3.1415926536  0.0000000000  0.0000000000  0.0000000000
-292.1681167839  3.1415926536  0.0000000000  0.0000000000  0.0000000000
-290.9114797224  3.1415926536  0.0000000000  0.0000000000  0.0000000000
-289.6548426610  3.1415926536  0.0000000000  0.0000000000  0.0000000000
-288.3982055995  3.1415926536  0.0000000000  0.0000000000  0.0000000000
-287.1415685381  3.1415926536  0.0000000000  0.0000000000  0.0000000000
-285.8849314767  3.1415926536  0.0000000000  0.0000000000  0.0000000000
-284.6282944152  3.1415926536  0.0000000000  0.0000000000  0.0000000000
-283.3716573538  3.1415926536  0.0000000000  0.0000000000  0.0000000000
-282.1150202924  3.1415926536  0.0000000000  0.0000000000  0.0000000000
-280.8583832309  3.1415926536  0.0000000000  0.0000000000  0.0000000000
-279.6017461695  3.1415926536  0.0000000000  0.0000000000  0.0000000000
-278.3451091081  3.1415926536  0.0000000000  0.0000000000  0.0000000000
-277.0884720466  3.1415926536  0.0000000000  0.0000000000  0.0000000000
-275.8318349852  3.1415926536  0.0000000000  0.0000000000  0.0000000000
-274.5751979237  3.1415926536  0.0000000000  0.0000000000  0.0000000000
-273.3185608623  3.1415926536  0.0000000000  0.0000000000  0.0000000000
-272.0619238009  3.1415926536  0.0000000000  0.0000000000  0.0000000000
-270.8052867394  3.1415926536  0.0000000000  0.0000000000  0.0000000000
-269.5486496780  3.1415926536  0.0000000000  0.0000000000  0.0000000000
-268.2920126166  3.1415926536  0.0000000000  0.0000000000  0.0000000000
-267.0353755551  3.1415926536  0.0000000000  0.0000000000  0.0000000000
-265.7787384937  3.1415926536  0.0000000000  0.0000000000  0.0000000000
-264.5221014323  3.1415926536  0.0000000000  0.0000000000  0.0000000000
-263.2654643708  3.1415926536  0.0000000000  0.0000000000  0.0000000000
-262.0088273094  3.1415926536  0.0000000000  0.0000000000  0.0000000000
-260.7521902480  3.1415926536  0.0000000000  0.0000000000  0.0000000000
-259.4955531865  3.1415926536  0.0000000000  0.0000000000  0.0000000000
-258.2389161251  3.1415926536  0.0000000000  0.0000000000  0.0000000000
-256.9822790636  3.1415926536  0.0000000000  0.0000000000  0.0000000000
-255.7256420022  3.1415926536  0.0000000000  0.0000000000  0.0000000000
-254.4690049408  3.1415926536  0.0000000000  0.0000000000  0.0000000000
-253.2123678793  3.1415926536  0.0000000000  0.0000000000  0.0000000000
-251.9557308179  3.1415926536  0.0000000000  0.0000000000  0.0000000000
-250.6990937565  3.1415926536  0.0000000000  0.0000000000  0.0000000000
-249.4424566950  3.1415926536  0.0000000000  0.0000000000  0.0000000000
-248.1858196336  3.1415926536  0.0000000000  0.0000000000  0.0000000000
-246.9291825722  3.1415926536  0.0000000000  0.0000000000  0.0000000000
-245.6725455107  3.1415926536  0.0000000000  0.0000000000  0.0000000000
-244.4159084493  3.1415926536  0.0000000000  0.0000000000  0.0000000000
-243.1592713878  3.1415926536  0.0000000000  0.0000000000  0.0000000000
-241.9026343264  3.1415926536  0.0000000000  0.0000000000  0.0000000000
-240.6459972650  3.1415926536  0.0000000000  0.0000000000  0.0000000000
-239.3893602035  3.1415926536  0.0000000000  0.0000000000  0.0000000000
-238.1327231421  3.1415926536  0.0000000000  0.0000000000  0.0000000000
-236.8760860807  3.1415926536  0.0000000000  0.0000000000  0.0000000000
-235.6194490192  3.1415926536  0.0000000000  0.0000000000  0.0000000000
-234.3628119578  3.1415926536  0.0000000000  0.0000000000  0.0000000000
-233.1061748964  3.1415926536  0.0000000000  0.0000000000  0.0000000000
-231.8495378349  3.1415926536  0.0000000000  0.0000000000  0.0000000000
-230.5929007735  3.1415926536  0.0000000000  0.0000000000  0.0000000000
-229.3362637121  3.1415926536  0.0000000000  0.0000000000  0.0000000000
-228.0796266506  3.1415926536  0.0000000000  0.0000000000  0.0000000000
-226.8229895892  3.1415926536  0.0000000000  0.0000000000  0.0000000000
-225.5663525277  3.1415926536  0.0000000000  0.0000000000  0.0000000000
-224.3097154663  3.1415926536  0.0000000000  0.0000000000  0.0000000000
-223.0530784049  3.1415926536  0.0000000000  0.0000000000  0.0000000000
-221.7964413434  3.1415926536  0.0000000000  0.0000000000  0.0000000000
-220.5398042820  3.1415926536  0.0000000000  0.0000000000  0.0000000000
-219.2831672206  3.1415926536  0.0000000000  0.0000000000  0.0000000000
-218.0265301591  3.1415926536  0.0000000000  0.0000000000  0.0000000000
-216.7698930977  3.1415926536  0.0000000000  0.0000000000  0.0000000000
-215.5132560363  3.1415926536  0.0000000000  0.0000000000  0.0000000000
-214.2566189748  3.1415926536  0.0000000000  0.0000000000  0.0000000000
-212.9999819134  3.1415926536  0.0000000000  0.0000000000  0.0000000000
-211.7433448520  3.1415926536  0.0000000000  0.0000000000  0.0000000000
-210.4867077905  3.1415926536  0.0000000000  0.0000000000  0.0000000000
-209.2300707291  3.1415926536  0.0000000000  0.0000000000  0.0000000000
-207.9734336676  3.1415926536  0.0000000000  0.0000000000  0.0000000000
-206.7167966062  3.1415926536  0.0000000000  0.0000000000  0.0000000000
-205.4601595448  3.1415926536  0.0000000000  0.0000000000  0.0000000000
-204.2035224833  3.1415926536  0.0000000000  0.0000000000  0.0000000000
-202.9468854219  3.1415926536  0.0000000000  0.0000000000  0.0000000000
-201.6902483605  3.1415926536  0.0000000000  0.0000000000  0.0000000000
-200.4336112990  3.1415926536  0.0000000000  0.0000000000  0.0000000000
-199.1769742376  3.1415926536  0.0000000000  0.0000000000  0.0000000000
-197.9203371762  3.1415926536  0.0000000000  0.0000000000  0.0000000000
-196.6637001147  3.1415926536  0.0000000000  0.0000000000  0.0000000000
-195.4070630533  3.1415926536  0.0000000000  0.0000000000  0.0000000000
-194.1504259918  3.1415926536  0.0000000000  0.0000000000  0.0000000000
-192.8937889304  3.1415926536  0.0000000000  0.0000000000  0.0000000000
-191.6371518690  3.1415926536  0.0000000000  0.0000000000  0.0000000000
-190.3805148075  3.1415926536  0.0000000000  0.0000000000  0.0000000000
-189.1238777461  3.1415926536  0.0000000000  0.0000000000  0.0000000000
-187.8672406847  3.1415926536  0.0000000000  0.0000000000  0.0000000000
-186.6106036232  3.1415926536  0.0000000000  0.0000000000  0.0000000000
-185.3539665618  3.1415926536  0.0000000000  0.0000000000  0.0000000000
-184.0973295004  3.1415926536  0.0000000000  0.0000000000  0.0000000000
-182.8406924389  3.1415926536  0.0000000000  0.0000000000  0.0000000000
-181.5840553775  3.1415926536  0.0000000000  0.0000000000  0.0000000000
-180.3274183161  3.1415926536  0.0000000000  0.0000000000  0.0000000000
-179.0707812546  3.1415926536  0.0000000000  0.0000000000  0.0000000000
-177.8141441932  3.1415926536  0.0000000000  0.0000000000  0.0000000000
-176.5575071317  3.1415926536  0.0000000000  0.0000000000  0.0000000000
-175.3008700703  3.1415926536  0.0000000000  0.0000000000  0.0000000000
-174.0442330089  3.1415926536  0.0000000000  0.0000000000  0.0000000000
-172.7875959474  3.1415926536  0.0000000000  0.0000000000  0.0000000000
-171.5309588860  3.1415926536  0.0000000000  0.0000000000  0.0000000000
-170.2743218246  3.1415926536  0.0000000000  0.0000000000  0.0000000000
-169.0176847631  3.1415926536  0.0000000000  0.0000000000  0.0000000000
-167.7610477017  3.1415926536  0.0000000000  0.0000000000  0.0000000000
-166.5044106403  3.1415926536  0.0000000000  0.0000000000  0.0000000000
-165.2477735788  3.1415926536  0.0000000000  0.0000000000  0.0000000000
-163.9911365174  3.1415926536  0.0000000000  0.0000000000  0.0000000000
-162.7344994560  3.1415926536  0.0000000000  0.0000000000  0.0000000000
-161.4778623945  3.1415926536  0.0000000000  0.0000000000  0.0000000000
-160.2212253331  3.1415926536  0.0000000000  0.0000000000  0.0000000000
-158.9645882716  3.1415926536  0.0000000000  0.0000000000  0.0000000000
-157.7079512102  3.1415926536  0.0000000000  0.0000000000  0.0000000000
-156.4513141488  3.1415926536  0.0000000000  0.0000000000  0.0000000000
-155.1946770873  3.1415926536  0.0000000000  0.0000000000  0.0000000000
-153.9380400259  3.1415926536  0.0000000000  0.0000000000  0.0000000000
-152.6814029645  3.1415926536  0.0000000000  0.0000000000  0.0000000000
-151.4247659030  3.1415926536  0.0000000000  0.0000000000  0.0000000000
-150.1681288416  3.1415926536  0.0000000000  0.0000000000  0.0000000000
-148.9114917802  3.1415926536  0.0000000000  0.0000000000  0.0000000000
-147.6548547187  3.1415926536  0.0000000000  0.0000000000  0.0000000000
-146.3982176573  3.1415926536  0.0000000000  0.0000000000  0.0000000000
-145.1415805958  3.1415926536  0.0000000000  0.0000000000  0.0000000000
-143.8849435344  3.1415926536  0.0000000000  0.0000000000  0.0000000000
-142.6283064730  3.1415926536  0.0000000000  0.0000000000  0.0000000000
-141.3716694115  3.1415926536  0.0000000000  0.0000000000  0.0000000000
-140.1150323501  3.1415926536  0.0000000000  0.0000000000  0.0000000000
-138.8583952887  3.1415926536  0.0000000000  0.0000000000  0.0000000000
-137.6017582272  3.1415926536  0.0000000000  0.0000000000  0.0000000000
-136.3451211658  3.1415926536  0.0000000000  0.0000000000  0.0000000000
-135.0884841044  3.1415926536  0.0000000000  0.0000000000  0.0000000000
-133.8318470429  3.1415926536  0.0000000000  0.0000000000  0.0000000000
-132.5752099815  3.1415926536  0.0000000000  0.0000000000  0.0000000000
-131.3185729201  3.1415926536  0.0000000000  0.0000000000  0.0000000000
-130.0619358586  3.1415926536  0.0000000000  0.0000000000  0.0000000000
-128.8052987972  3.1415926536  0.0000000000  0.0000000000  0.0000000000
-127.5486617357  3.1415926536  0.0000000000  0.0000000000  0.0000000000
-126.2920246743  3.1415926536  0.0000000000  0.0000000000  0.0000000000
-125.0353876129  3.1415926536  0.0000000000  0.0000000000  0.0000000000
-123.7787505514  3.1415926536  0.0000000000  0.0000000000  0.0000000000
-122.5221134900  3.1415926536  0.0000000000  0.0000000000  0.0000000000
-121.2654764286  3.1415926536  0.0000000000  0.0000000000  0.0000000000
-120.0088393671  3.1415926536  0.0000000000  0.0000000000  0.0000000000
-118.7522023057  3.1415926536  0.0000000000  0.0000000000  0.0000000000
-117.4955652443  3.1415926536  0.0000000000  0.0000000000  0.0000000000
-116.2389281828  3.1415926536  0.0000000000  0.0000000000  0.0000000000
-114.9822911214  3.1415926536  0.0000000000  0.0000000000  0.0000000000
-113.7256540600  3.1415926536  0.0000000000  0.0000000000  0.0000000000
-112.4690169985  3.1415926536  0.0000000000  0.0000000000  0.0000000000
-111.2123799371  3.1415926536  0.0000000000  0.0000000000  0.0000000000
-109.9557428756  3.1415926536  0.0000000000  0.0000000000  0.0000000000
-108.6991058142  3.1415926536  0.0000000000  0.0000000000  0.0000000000
-107.4424687528  3.1415926536  0.0000000000  0.0000000000  0.0000000000
-106.1858316913  3.1415926536  0.0000000000  0.0000000000  0.0000000000
-104.9291946299  3.1415926536  0.0000000000  0.0000000000  0.0000000000
-103.6725575685  3.1415926536  0.0000000000  0.0000000000  0.0000000000
-102.4159205070  3.1415926536  0.0000000000  0.0000000000  0.0000000000
-101.1592834456  3.1415926536  0.0000000000  0.0000000000  0.0000000000
-99.9026463842  3.1415926536  0.0000000000  0.0000000000  0.0000000000
-98.6460093227  3.1415926536  0.0000000000  0.0000000000  0.0000000000
-97.3893722613  3.1415926536  0.0000000000  0.0000000000  0.0000000000
-96.1327351998  3.1415926536  0.0000000000  0.0000000000  0.0000000000
-94.8760981384  3.1415926536  0.0000000000  0.0000000000  0.0000000000
-93.6194610770  3.1415926536  0.0000000000  0.0000000000  0.0000000000
-92.3628240155  3.1415926536  0.0000000000  0.0000000000  0.0000000000
-91.1061869541  3.1415926536  0.0000000000  0.0000000000  0.0000000000
-89.8495498927  3.1415926536  0.0000000000  0.0000000000  0.0000000000
-88.5929128312  3.1415926536  0.0000000000  0.0000000000  0.0000000000
-87.3362757698  3.1415926536  0.0000000000  0.0000000000  0.0000000000
-86.0796387084  3.1415926536  0.0000000000  0.0000000000  0.0000000000
-84.8230016469  3.1415926536  0.0000000000  0.0000000000  0.0000000000
-83.5663645855  3.1415926536  0.0000000000  0.0000000000  0.0000000000
-82.3097275241  3.1415926536  0.0000000000  0.0000000000  0.0000000000
-81.0530904626  3.1415926536  0.0000000000  0.0000000000  0.0000000000
-79.7964534012  3.1415926536  0.0000000000  0.0000000000  0.0000000000
-78.5398163397  3.1415926536  0.0000000000  0.0000000000  0.0000000000
-77.2831792783  3.1415926536  0.0000000000  0.0000000000  0.0000000000
-76.0265422169  3.1415926536  0.0000000000  0.0000000000  0.0000000000
-74.7699051554  3.1415926536  0.0000000000  0.0000000000  0.0000000000
-73.5132680940  3.1415926536  0.0000000000  0.0000000000  0.0000000000
-72.2566310326  3.1415926536  0.0000000000  0.0000000000  0.0000000000
-70.9999939711  3.1415926536  0.0000000000  0.0000000000  0.0000000000
-69.7433569097  3.1415926536  0.0000000000  0.0000000000  0.0000000000
-68.4867198483  3.1415926536  0.0000000000  0.0000000000  0.0000000000
-67.2300827868  3.1415926536  0.0000000000  0.0000000000  0.0000000000
-65.9734457254  3.1415926536  0.0000000000  0.0000000000  0.0000000000
-64.7168086639  3.1415926536  0.0000000000  0.0000000000  0.0000000000
-63.4601716025  3.1415926536  0.0000000000  0.0000000000  0.0000000000
-62.2035345411  3.1415926536  0.0000000000  0.0000000000  0.0000000000
-60.9468974796  3.1415926536  0.0000000000  0.0000000000  0.0000000000
-59.6902604182  3.1415926536  0.0000000000  0.0000000000  0.0000000000
-58.4336233568  3.1415926536  0.0000000000  0.0000000000  0.0000000000
-57.1769862953  3.1415926536  0.0000000000  0.0000000000  0.0000000000
-55.9203492339  3.1415926536  0.0000000000  0.0000000000  0.0000000000
-54.6637121725  3.1415926536  0.0000000000  0.0000000000  0.0000000000
-53.4070751110  3.1415926536  0.0000000000  0.0000000000  0.0000000000
-52.1504380496  3.1415926536  0.0000000000  0.0000000000  0.0000000000
-50.8938009882  3.1415926536  0.0000000000  0.0000000000  0.0000000000
-49.6371639267  3.1415926536  0.0000000000  0.0000000000  0.0000000000
-48.3805268653  3.1415926536  0.0000000000  0.0000000000  0.0000000000
-47.1238898038  3.1415926536  0.0000000000  0.0000000000  0.0000000000
-45.8672527424  3.1415926536  0.0000000000  0.0000000000  0.0000000000
-44.6106156810  3.1415926536  0.0000000000  0.0000000000  0.0000000000
-43.3539786195  3.1415926536  0.0000000000  0.0000000000  0.0000000000
-42.0973415581  3.1415926536  0.0000000000  0.0000000000  0.0000000000
-40.8407044967  3.1415926536  0.0000000000  0.0000000000  0.0000000000
-39.5840674352  3.1415926536  0.0000000000  0.0000000000  0.0000000000
-38.3274303738  3.1415926536  0.0000000000  0.0000000000  0.0000000000
-37.0707933124  3.1415926536  0.0000000000  0.0000000000  0.0000000000
-35.8141562509  3.1415926536  0.0000000000  0.0000000000  0.0000000000
-34.5575191895  3.1415926536  0.0000000000  0.0000000000  0.0000000000
-33.3008821281  3.1415926536  0.0000000000  0.0000000000  0.0000000000
-32.0442450666  3.1415926536  0.0000000000  0.0000000000  0.0000000000
-30.7876080052  3.1415926536  0.0000000000  0.0000000000  0.0000000000
-29.5309709437  3.1415926536  0.0000000000  0.0000000000  0.0000000000
-28.2743338823  3.1415926536  0.0000000000  0.0000000000  0.0000000000
-27.0176968209  3.1415926536  0.0000000000  0.0000000000  0.0000000000
-25.7610597594  3.1415926536  0.0000000000  0.0000000000  0.0000000000
-24.5044226980  3.1415926536  0.0000000000  0.0000000000  0.0000000000
-23.2477856366  3.1415926536  0.0000000000  0.0000000000  0.0000000000
-21.9911485751  3.1415926536  0.0000000000  0.0000000000  0.0000000000
-20.7345115137  3.1415926536  0.0000000000  0.0000000000  0.0000000000
-19.4778744523  3.1415926536  0.0000000000  0.0000000000  0.0000000000
-18.2212373908  3.1415926536  0.0000000000  0.0000000000  0.0000000000
-16.9646003294  3.1415926536  0.0000000000  0.0000000000  0.0000000000
-15.7079632679  3.1415926536  0.0000000000  0.0000000000  0.0000000000
-14.4513262065  3.1415926536  0.0000000000  0.0000000000  0.0000000000
-13.1946891451  3.1415926536  0.0000000000  0.0000000000  0.0000000000
-11.9380520836  3.1415926536  0.0000000000  0.0000000000  0.0000000000
-10.6814150222  3.1415926536  0.0000000000  0.0000000000  0.0000000000
-9.4247779608  3.1415926536  0.0000000000  0.0000000000  0.0000000000
-8.1681408993  3.1415926536  0.0000000000  0.0000000000  0.0000000000
-6.9115038379  3.1415926536  0.0000000000  0.0000000000  0.0000000000
-5.6548667765  3.1415926536  0.0000000000  0.0000000000  0.0000000000
-4.3982297150  3.1415926536  0.0000000000  0.0000000000  0.0000000000
-3.1415926536  3.1415926536  0.0000000000  0.0000000000  0.0000000000
-1.8849555922  3.1415926536  0.0000000000  0.0000000000  0.0001145931
-0.6283185307  3.1415926536  0.0000000000  -0.0031518834  0.0000000000
0.6283185307  3.1415926536  0.0000000000  -0.0000000000  -1.3679743150
1.8849555922  3.1415926536  0.0000000000  -0.0000000000  -0.4796135701
3.1415926536  3.1415926536  0.0000000000  -0.0000000000  -0.3026577810
4.3982297150  3.1415926536  0.0000000000  -0.0000000000  -0.2206713608
5.6548667765  3.1415926536  0.0000000000  0.0000000000  -0.1733920796
6.9115038379  3.1415926536  0.0000000000  0.0000000227  -0.1426947591
8.1681408993  3.1415926536  0.0000000000  -0.0000000000  -0.1211778246
9.4247779608  3.1415926536  0.0000000000  -0.0000000079  -0.1052701745
10.6814150222  3.1415926536  0.0000000000  -0.0000000000  -0.0930379478
11.9380520836  3.1415926536  0.0000000000  0.0000000074  -0.0833429075
13.1946891451  3.1415926536  0.0000000000  0.0000000070  -0.0754718287
14.4513262065  3.1415926536  0.0000000000  -0.0000000000  -0.0689553683
15.7079632679  3.1415926536  0.0000000000  -0.0000000102  -0.0634722063
16.9646003294  3.1415926536  0.0000000000  -0.0000000205  -0.0587950455
18.2212373908  3.1415926536  0.0000000000  -0.0000000290  -0.0547586112
19.4778744523  3.1415926536  0.0000000000  -0.0000000348  -0.0512398708
20.7345115137  3.1415926536  0.0000000000  -0.0000000379  -0.0481453622
21.9911485751  3.1415926536  0.0000000000  -0.0000000385  -0.0454028209
23.2477856366  3.1415926536  0.0000000000  -0.0000000371  -0.0429554977
24.5044226980  3.1415926536  0.0000000000  -0.0000000342  -0.0407582100
25.7610597594  3.1415926536  0.0000000000  -0.0000000303  -0.0387745399
27.0176968209  3.1415926536  0.0000000000  -0.0000000256  -0.0369748085
28.2743338823  3.1415926536  0.0000000000  -0.0000000206  -0.0353345874
29.5309709437  3.1415926536  0.0000000000  -0.0000000154  -0.0338335873
30.7876080052  3.1415926536  0.0000000000  -0.0000000101  -0.0324548175
32.0442450666  3.1415926536  0.0000000000  -0.0000000050  -0.0311839422
33.3008821281  3.1415926536  0.0000000000  0.0000000000  -0.0300087817
34.5575191895  3.1415926536  0.0000000000  0.0000000047  -0.0289189220
35.8141562509  3.1415926536  0.0000000000  0.0000000091  -0.0279054060
37.0707933124  3.1415926536  0.0000000000  0.0000000133  -0.0269604879
38.3274303738  3.1415926536  0.0000000000  0.0000000171  -0.0260774346
39.5840674352  3.1415926536  0.0000000000  0.0000000207  -0.0252503661
40.8407044967  3.1415926536  0.0000000000  0.0000000239  -0.0244741242
42.0973415581  3.1415926536  0.0000000000  0.0000000269  -0.0237441654
43.3539786195  3.1415926536  0.0000000000  0.0000000296  -0.0230564716
44.6106156810  3.1415926536  0.0000000000  0.0000000321  -0.0224074769
45.8672527424  3.1415926536  0.0000000000  0.0000000343  -0.0217940050
47.1238898038  3.1415926536  0.0000000000  0.0000000364  -0.0212132182
48.3805268653  3.1415926536  0.0000000000  0.0000000382  -0.0206625729
49.6371639267  3.1415926536  0.0000000000  0.0000000398  -0.0201397828
50.8938009882  3.1415926536  0.0000000000  0.0000000413  -0.0196427870
52.1504380496  3.1415926536  0.0000000000  0.0000000426  -0.0191697229
53.4070751110  3.1415926536  0.0000000000  0.0000000438  -0.0187189031
54.6637121725  3.1415926536  0.0000000000  0.0000000448  -0.0182887950
55.9203492339  3.1415926536  0.0000000000  0.0000000458  -0.0178780038
57.1769862953  3.1415926536  0.0000000000  0.0000000466  -0.0174852568
58.4336233568  3.1415926536  0.0000000000  0.0000000473  -0.0171093912
59.6902604182  3.1415926536  0.0000000000  0.0000000479  -0.0167493415
60.9468974796  3.1415926536  0.0000000000  0.0000000484  -0.0164041303
62.2035345411  3.1415926536  0.0000000000  0.0000000489  -0.0160728590
63.4601716025  3.1415926536  0.0000000000  0.0000000493  -0.0157547000
64.7168086639  3.1415926536  0.0000000000  0.0000000496  -0.0154488902
65.9734457254  3.1415926536  0.0000000000  0.0000000499  -0.0151547243
67.2300827868  3.1415926536  0.0000000000  0.0000000501  -0.0148715498
68.4867198483  3.1415926536  0.0000000000  0.0000000503  -0.0145987621
69.7433569097  3.1415926536  0.0000000000  0.0000000504  -0.0143358002
70.9999939711  3.1415926536  0.0000000000  0.0000000505  -0.0140821425
72.2566310326  3.1415926536  0.0000000000  0.0000000505  -0.0138373039
73.5132680940  3.1415926536  0.0000000000  0.0000000505  -0.0136008325
74.7699051554  3.1415926536  0.0000000000  0.0000000505  -0.0133723065
76.0265422169  3.1415926536  0.0000000000  0.0000000505  -0.0131513322
77.2831792783  3.1415926536  0.0000000000  0.0000000504  -0.0129375415
78.5398163397  3.1415926536  0.0000000000  0.0000000503  -0.0127305895
79.7964534012  3.1415926536  0.0000000000  0.0000000502  -0.0125301535
81.0530904626  3.1415926536  0.0000000000  0.0000000501  -0.0123359305
82.3097275241  3.1415926536  0.0000000000  0.0000000499  -0.0121476360
83.5663645855  3.1415926536  0.0000000000  0.0000000498  -0.0119650027
84.8230016469  3.1415926536  0.0000000000  0.0000000496  -0.0117877791
86.0796387084  3.1415926536  0.0000000000  0.0000000494  -0.0116157284
87.3362757698  3.1415926536  0.0000000000  0.0000000492  -0.0114486273
88.5929128312  3.1415926536  0.0000000000  0.0000000490  -0.0112862654
89.8495498927  3.1415926536  0.0000000000  0.0000000488  -0.0111284438
91.1061869541  3.1415926536  0.0000000000  0.0000000485  -0.0109749748
92.3628240155  3.1415926536  0.0000000000  0.0000000483  -0.0108256807
93.6194610770  3.1415926536  0.0000000000  0.0000000481  -0.0106803936
94.8760981384  3.1415926536  0.0000000000  0.0000000478  -0.0105389541
96.1327351998  3.1415926536  0.0000000000  0.0000000476  -0.0104012116
97.3893722613  3.1415926536  0.0000000000  0.0000000473  -0.0102670228
98.6460093227  3.1415926536  0.0000000000  0.0000000471  -0.0101362521
99.9026463842  3.1415926536  0.0000000000  0.0000000468  -0.0100087706
101.1592834456  3.1415926536  0.0000000000  0.0000000465  -0.0098844555
102.4159205070  3.1415926536  0.0000000000  0.0000000463  -0.0097631906
103.6725575685  3.1415926536  0.0000000000  0.0000000460  -0.0096448647
104.9291946299  3.1415926536  0.0000000000  0.0000000457  -0.0095293725
106.1858316913  3.1415926536  0.0000000000  0.0000000455  -0.0094166133
107.4424687528  3.1415926536  0.0000000000  0.0000000452  -0.0093064912
108.6991058142  3.1415926536  0.0000000000  0.0000000449  -0.0091989149
109.9557428756  3.1415926536  0.0000000000  0.0000000447  -0.0090937969
111.2123799371  3.1415926536  0.0000000000  0.0000000444  -0.0089910541
112.4690169985  3.1415926536  0.0000000000  0.0000000441  -0.0088906069
113.7256540600  3.1415926536  0.0000000000  0.0000000438  -0.0087923791
114.9822911214  3.1415926536  0.0000000000  0.0000000436  -0.0086962980
116.2389281828  3.1415926536  0.0000000000  0.0000000433  -0.0086022939
117.4955652443  3.1415926536  0.0000000000  0.0000000430  -0.0085103004
118.7522023057  3.1415926536  0.0000000000  0.0000000428  -0.0084202535
120.0088393671  3.1415926536  0.0000000000  0.0000000425  -0.0083320921
121.2654764286  3.1415926536  0.0000000000  0.0000000422  -0.0082457576
122.5221134900  3.1415926536  0.0000000000  0.0000000420  -0.0081611938
123.7787505514  3.1415926536  0.0000000000  0.0000000417  -0.0080783469
125.0353876129  3.1415926536  0.0000000000  0.0000000415  -0.0079971649
126.2920246743  3.1415926536  0.0000000000  0.0000000412  -0.0079175983
127.5486617357  3.1415926536  0.0000000000  0.0000000409  -0.0078395993
128.8052987972  3.1415926536  0.0000000000  0.0000000407  -0.0077631220
130.0619358586  3.1415926536  0.0000000000  0.0000000404  -0.0076881224
131.3185729201  3.1415926536  0.0000000000  0.0000000402  -0.0076145580
132.5752099815  3.1415926536  0.0000000000  0.0000000399  -0.0075423880
133.8318470429  3.1415926536  0.0000000000  0.0000000397  -0.0074715731
135.0884841044  3.1415926536  0.0000000000  0.0000000394  -0.0074020756
136.3451211658  3.1415926536  0.0000000000  0.0000000392  -0.0073338589
137.6017582272  3.1415926536  0.0000000000  0.0000000389  -0.0072668881
138.8583952887  3.1415926536  0.0000000000  0.0000000387  -0.0072011293
140.1150323501  3.1415926536  0.0000000000  0.0000000385  -0.0071365499
141.3716694115  3.1415926536  0.0000000000  0.0000000382  -0.0070731185
142.6283064730  3.1415926536  0.0000000000  0.0000000380  -0.0070108046
143.8849435344  3.1415926536  0.0000000000  0.0000000378  -0.0069495792
145.1415805958  3.1415926536  0.0000000000  0.0000000375  -0.0068894137
146.3982176573  3.1415926536  0.0000000000  0.0000000373  -0.0068302811
147.6548547187  3.1415926536  0.0000000000  0.0000000371  -0.0067721549
148.9114917802  3.1415926536  0.0000000000  0.0000000368  -0.0067150096
150.1681288416  3.1415926536  0.0000000000  0.0000000366  -0.0066588206
151.4247659030  3.1415926536  0.0000000000  0.0000000364  -0.0066035641
152.6814029645  3.1415926536  0.0000000000  0.0000000362  -0.0065492171
153.9380400259  3.1415926536  0.0000000000  0.0000000360  -0.0064957574
155.1946770873  3.1415926536  0.0000000000  0.0000000358  -0.0064431633
156.4513141488  3.1415926536  0.0000000000  0.0000000355  -0.0063914140
157.7079512102  3.1415926536  0.0000000000  0.0000000353  -0.0063404893
158.9645882716  3.1415926536  0.0000000000  0.0000000351  -0.0062903697
160.2212253331  3.1415926536  0.0000000000  0.0000000349  -0.0062410362
161.4778623945  3.1415926536  0.0000000000  0.0000000347  -0.0061924705
162.7344994560  3.1415926536  0.0000000000  0.0000000345  -0.0061446548
163.9911365174  3.1415926536  0.0000000000  0.0000000343  -0.0060975718
165.2477735788  3.1415926536  0.0000000000  0.0000000341  -0.0060512049
166.5044106403  3.1415926536  0.0000000000  0.0000000339  -0.0060055378
167.7610477017  3.1415926536  0.0000000000  0.0000000337  -0.0059605548
169.0176847631  3.1415926536  0.0000000000  0.0000000335  -0.0059162406
170.2743218246  3.1415926536  0.0000000000  0.0000000333  -0.0058725804
171.5309588860  3.1415926536  0.0000000000  0.0000000331  -0.0058295600
172.7875959474  3.1415926536  0.0000000000  0.0000000330  -0.0057871652
174.0442330089  3.1415926536  0.0000000000  0.0000000328  -0.0057453826
175.3008700703  3.1415926536  0.0000000000  0.0000000326  -0.0057041990
176.5575071317  3.1415926536  0.0000000000  0.0000000324  -0.0056636015
177.8141441932  3.1415926536  0.0000000000  0.0000000322  -0.0056235779
179.0707812546  3.1415926536  0.0000000000  0.0000000320  -0.0055841159
180.3274183161  3.1415926536  0.0000000000  0.0000000319  -0.0055452040
181.5840553775  3.1415926536  0.0000000000  0.0000000317  -0.0055068305
182.8406924389  3.1415926536  0.0000000000  0.0000000315  -0.0054689845
184.0973295004  3.1415926536  0.0000000000  0.0000000313  -0.0054316551
185.3539665618  3.1415926536  0.0000000000  0.0000000312  -0.0053948319
186.6106036232  3.1415926536  0.0000000000  0.0000000310  -0.0053585045
187.8672406847  3.1415926536  0.0000000000  0.0000000308  -0.0053226631
189.1238777461  3.1415926536  0.0000000000  0.0000000307  -0.0052872980
190.3805148075  3.1415926536  0.0000000000  0.0000000305  -0.0052523997
191.6371518690  3.1415926536  0.0000000000  0.0000000304  -0.0052179591
192.8937889304  3.1415926536  0.0000000000  0.0000000302  -0.0051839672
194.1504259918  3.1415926536  0.0000000000  0.0000000300  -0.0051504153
195.4070630533  3.1415926536  0.0000000000  0.0000000299  -0.0051172949
196.6637001147  3.1415926536  0.0000000000  0.0000000297  -0.0050845977
197.9203371762  3.1415926536  0.0000000000  0.0000000296  -0.0050523157
199.1769742376  3.1415926536  0.0000000000  0.0000000294  -0.0050204410
200.4336112990  3.1415926536  0.0000000000  0.0000000293  -0.0049889660
201.6902483605  3.1415926536  0.0000000000  0.0000000291  -0.0049578832
202.9468854219  3.1415926536  0.0000000000  0.0000000290  -0.0049271853
204.2035224833  3.1415926536  0.0000000000  0.0000000288  -0.0048968652
205.4601595448  3.1415926536  0.0000000000  0.0000000287  -0.0048669160
206.7167966062  3.1415926536  0.0000000000  0.0000000285  -0.0048373309
207.9734336676  3.1415926536  0.0000000000  0.0000000284  -0.0048081032
209.2300707291  3.1415926536  0.0000000000  0.0000000282  -0.0047792267
210.4867077905  3.1415926536  0.0000000000  0.0000000281  -0.0047506949
211.7433448520  3.1415926536  0.0000000000  0.0000000280  -0.0047225018
212.9999819134  3.1415926536  0.0000000000  0.0000000278  -0.0046946413
214.2566189748  3.1415926536  0.0000000000  0.0000000277  -0.0046671076
215.5132560363  3.1415926536  0.0000000000  0.0000000275  -0.0046398950
216.7698930977  3.1415926536  0.0000000000  0.0000000274  -0.0046129978
218.0265301591  3.1415926536  0.0000000000  0.0000000273  -0.0045864107
219.2831672206  3.1415926536  0.0000000000  0.0000000271  -0.0045601284
220.5398042820  3.1415926536  0.0000000000  0.0000000270  -0.0045341455
221.7964413434  3.1415926536  0.0000000000  0.0000000269  -0.0045084570
223.0530784049  3.1415926536  0.0000000000  0.0000000268  -0.0044830580
224.3097154663  3.1415926536  0.0000000000  0.0000000266  -0.0044579435
225.5663525277  3.1415926536  0.0000000000  0.0000000265  -0.0044331089
226.8229895892  3.1415926536  0.0000000000  0.0000000264  -0.0044085494
228.0796266506  3.1415926536  0.0000000000  0.0000000263  -0.0043842605
229.3362637121  3.1415926536  0.0000000000  0.0000000261  -0.0043602378
230.5929007735  3.1415926536  0.0000000000  0.0000000260  -0.0043364770
231.8495378349  3.1415926536  0.0000000000  0.0000000259  -0.0043129736
233.1061748964  3.1415926536  0.0000000000  0.0000000258  -0.0042897237
234.3628119578  3.1415926536  0.0000000000  0.0000000256  -0.0042667231
235.6194490192  3.1415926536  0.0000000000  0.0000000255  -0.0042439678
236.8760860807  3.1415926536  0.0000000000  0.0000000254  -0.0042214540
238.1327231421  3.1415926536  0.0000000000  0.0000000253  -0.0041991778
239.3893602035  3.1415926536  0.0000000000  0.0000000252  -0.0041771354
240.6459972650  3.1415926536  0.0000000000  0.0000000251  -0.0041553232
241.9026343264  3.1415926536  0.0000000000  0.0000000250  -0.0041337376
243.1592713878  3.1415926536  0.0000000000  0.0000000248  -0.0041123751
244.4159084493  3.1415926536  0.0000000000  0.0000000247  -0.0040912323
245.6725455107  3.1415926536  0.0000000000  0.0000000246  -0.0040703058
246.9291825722  3.1415926536  0.0000000000  0.0000000245  -0.0040495923
248.1858196336  3.1415926536  0.0000000000  0.0000000244  -0.0040290885
249.4424566950  3.1415926536  0.0000000000  0.0000000243  -0.0040087913
250.6990937565  3.1415926536  0.0000000000  0.0000000242  -0.0039886975
251.9557308179  3.1415926536  0.0000000000  0.0000000241  -0.0039688042
253.2123678793  3.1415926536  0.0000000000  0.0000000240  -0.0039491084
254.4690049408  3.1415926536  0.0000000000  0.0000000239  -0.0039296070
255.7256420022  3.1415926536  0.0000000000  0.0000000238  -0.0039102973
256.9822790636  3.1415926536  0.0000000000  0.0000000237  -0.0038911765
258.2389161251  3.1415926536  0.0000000000  0.0000000236  -0.0038722417
259.4955531865  3.1415926536  0.0000000000  0.0000000235  -0.0038534903
260.7521902480  3.1415926536  0.0000000000  0.0000000234  -0.0038349197
262.0088273094  3.1415926536  0.0000000000  0.0000000233  -0.0038165272
263.2654643708  3.1415926536  0.0000000000  0.0000000232  -0.0037983102
264.5221014323  3.1415926536  0.0000000000  0.0000000231  -0.0037802664
265.7787384937  3.1415926536  0.0000000000  0.0000000230  -0.0037623931
267.0353755551  3.1415926536  0.0000000000  0.0000000229  -0.0037446881
268.2920126166  3.1415926536  0.0000000000  0.0000000228  -0.0037271489
269.5486496780  3.1415926536  0.0000000000  0.0000000227  -0.0037097733
270.8052867394  3.1415926536  0.0000000000  0.0000000226  -0.0036925589
272.0619238009  3.1415926536  0.0000000000  0.0000000225  -0.0036755035
273.3185608623  3.1415926536  0.0000000000  0.0000000224  -0.0036586050
274.5751979237  3.1415926536  0.0000000000  0.0000000223  -0.0036418611
275.8318349852  3.1415926536  0.0000000000  0.0000000222  -0.0036252698
277.0884720466  3.1415926536  0.0000000000  0.0000000221  -0.0036088289
278.3451091081  3.1415926536  0.0000000000  0.0000000221  -0.0035925366
279.6017461695  3.1415926536  0.0000000000  0.0000000220  -0.0035763906
280.8583832309  3.1415926536  0.0000000000  0.0000000219  -0.0035603892
282.1150202924  3.1415926536  0.0000000000  0.0000000218  -0.0035445302
283.3716573538  3.1415926536  0.0000000000  0.0000000217  -0.0035288120
284.6282944152  3.1415926536  0.0000000000  0.0000000216  -0.0035132325
285.8849314767  3.1415926536  0.0000000000  0.0000000215  -0.0034977900
287.1415685381  3.1415926536  0.0000000000  0.0000000215  -0.0034824827
288.3982055995  3.1415926536  0.0000000000  0.0000000214  -0.0034673087
289.6548426610  3.1415926536  0.0000000000  0.0000000213  -0.0034522664
290.9114797224  3.1415926536  0.0000000000  0.0000000212  -0.0034373540
292.1681167839  3.1415926536  0.0000000000  0.0000000211  -0.0034225700
293.4247538453  3.1415926536  0.0000000000  0.0000000210  -0.0034079125
294.6813909067  3.1415926536  0.0000000000  0.0000000210  -0.0033933801
295.9380279682  3.1415926536  0.0000000000  0.0000000209  -0.0033789711
297.1946650296  3.1415926536  0.0000000000  0.0000000208  -0.0033646839
298.4513020910  3.1415926536  0.0000000000  0.0000000207  -0.0033505170
299.7079391525  3.1415926536  0.0000000000  0.0000000206  -0.0033364690
300.9645762139  3.1415926536  0.0000000000  0.0000000206  -0.0033225382
302.2212132753  3.1415926536  0.0000000000  0.0000000205  -0.0033087233
303.4778503368  3.1415926536  0.0000000000  0.0000000204  -0.0032950228
304.7344873982  3.1415926536  0.0000000000  0.0000000203  -0.0032814353
305.9911244596  3.1415926536  0.0000000000  0.0000000203  -0.0032679593
307.2477615211  3.1415926536  0.0000000000  0.0000000202  -0.0032545937
308.5043985825  3.1415926536  0.0000000000  0.0000000201  -0.0032413369
309.7610356440  3.1415926536  0.0000000000  0.0000000200  -0.0032281876
311.0176727054  3.1415926536  0.0000000000  0.0000000200  -0.0032151446
312.2743097668  3.1415926536  0.0000000000  0.0000000199  -0.0032022066
313.5309468283  3.1415926536  0.0000000000  0.0000000198  -0.0031893723
314.7875838897  3.1415926536  0.0000000000  0.0000000197  -0.0031766404
316.0442209511  3.1415926536  0.0000000000  0.0000000197  -0.0031640098
317.3008580126  3.1415926536  0.0000000000  0.0000000196  -0.0031514793
318.5574950740  3.1415926536  0.0000000000  0.0000000195  -0.0031390476
319.8141321354  3.1415926536  0.0000000000  0.0000000195  -0.0031267136
321.0707691969  3.1415926536  0.0000000000  0.0000000194  -0.0031144761
322.3274062583  3.1415926536  0.0000000000  0.0000000193  -0.0031023341
323.5840433197  3.1415926536  0.0000000000  0.0000000193  -0.0030902863
324.8406803812  3.1415926536  0.0000000000  0.0000000192  -0.0030783318
326.0973174426  3.1415926536  0.0000000000  0.0000000191  -0.0030664694
327.3539545041  3.1415926536  0.0000000000  0.0000000191  -0.0030546981
328.6105915655  3.1415926536  0.0000000000  0.0000000190  -0.0030430168
329.8672286269  3.1415926536  0.0000000000  0.0000000189  -0.0030314245
331.1238656884  3.1415926536  0.0000000000  0.0000000189  -0.0030199202
332.3805027498  3.1415926536  0.0000000000  0.0000000188  -0.0030085029
333.6371398112  3.1415926536  0.0000000000  0.0000000187  -0.0029971716
334.8937768727  3.1415926536  0.0000000000  0.0000000187  -0.0029859253
336.1504139341  3.1415926536  0.0000000000  0.0000000186  -0.0029747631
337.4070509955  3.1415926536  0.0000000000  0.0000000185  -0.0029636840
338.6636880570  3.1415926536  0.0000000000  0.0000000185  -0.0029526872
339.9203251184  3.1415926536  0.0000000000  0.0000000184  -0.0029417717
341.1769621799  3.1415926536  0.0000000000  0.0000000183  -0.0029309365
342.4335992413  3.1415926536  0.0000000000  0.0000000183  -0.0029201809
343.6902363027  3.1415926536  0.0000000000  0.0000000182  -0.0029095040
344.9468733642  3.1415926536  0.0000000000  0.0000000182  -0.0028989048
346.2035104256  3.1415926536  0.0000000000  0.0000000181  -0.0028883826
347.4601474870  3.1415926536  0.0000000000  0.0000000180  -0.0028779365
348.7167845485  3.1415926536  0.0000000000  0.0000000180  -0.0028675657
349.9734216099  3.1415926536  0.0000000000  0.0000000179  -0.0028572693
351.2300586713  3.1415926536  0.0000000000  0.0000000179  -0.0028470467
352.4866957328  3.1415926536  0.0000000000  0.0000000178  -0.0028368969
353.7433327942  3.1415926536  0.0000000000  0.0000000177  -0.0028268192
354.9999698556  3.1415926536  0.0000000000  0.0000000177  -0.0028168129
356.2566069171  3.1415926536  0.0000000000  0.0000000176  -0.0028068771
357.5132439785  3.1415926536  0.0000000000  0.0000000176  -0.0027970113
358.7698810400  3.1415926536  0.0000000000  0.0000000175  -0.0027872145
360.0265181014  3.1415926536  0.0000000000  0.0000000175  -0.0027774861
361.2831551628  3.1415926536  0.0000000000  0.0000000174  -0.0027678254
362.5397922243  3.1415926536  0.0000000000  0.0000000173  -0.0027582316
363.7964292857  3.1415926536  0.0000000000  0.0000000173  -0.0027487042
365.0530663471  3.1415926536  0.0000000000  0.0000000172  -0.0027392423
366.3097034086  3.1415926536  0.0000000000  0.0000000172  -0.0027298453
367.5663404700  3.1415926536  0.0000000000  0.0000000171  -0.0027205126
368.8229775314  3.1415926536  0.0000000000  0.0000000171  -0.0027112435
370.0796145929  3.1415926536  0.0000000000  0.0000000170  -0.0027020373
371.3362516543  3.1415926536  0.0000000000  0.0000000170  -0.0026928935
372.5928887157  3.1415926536  0.0000000000  0.0000000169  -0.0026838113
373.8495257772  3.1415926536  0.0000000000  0.0000000169  -0.0026747902
375.1061628386  3.1415926536  0.0000000000  0.0000000168  -0.0026658295
376.3627999001  3.1415926536  0.0000000000  0.0000000168  -0.0026569286
377.6194369615  3.1415926536  0.0000000000  0.0000000167  -0.0026480870
378.8760740229  3.1415926536  0.0000000000  0.0000000167  -0.0026393041
380.1327110844  3.1415926536  0.0000000000  0.0000000166  -0.0026305792
381.3893481458  3.1415926536  0.0000000000  0.0000000166  -0.0026219118
382.6459852072  3.1415926536  0.0000000000  0.0000000165  -0.0026133013
383.9026222687  3.1415926536  0.0000000000  0.0000000165  -0.0026047472
385.1592593301  3.1415926536  0.0000000000  0.0000000164  -0.0025962490
386.4158963915  3.1415926536  0.0000000000  0.0000000164  -0.0025878060
387.6725334530  3.1415926536  0.0000000000  0.0000000163  -0.0025794177
388.9291705144  3.1415926536  0.0000000000  0.0000000163  -0.0025710836
390.1858075759  3.1415926536  0.0000000000  0.0000000162  -0.0025628032
391.4424446373  3.1415926536  0.0000000000  0.0000000162  -0.0025545760
392.6990816987  3.1415926536  0.0000000000  0.0000000161  -0.0025464014
393.9557187602  3.1415926536  0.0000000000  0.0000000161  -0.0025382790
395.2123558216  3.1415926536  0.0000000000  0.0000000160  -0.0025302083
396.4689928830  3.1415926536  0.0000000000  0.0000000160  -0.0025221887
397.7256299445  3.1415926536  0.0000000000  0.0000000159  -0.0025142197
398.9822670059  3.1415926536  0.0000000000  0.0000000159  -0.0025063010
400.2389040673  3.1415926536  0.0000000000  0.0000000158  -0.0024984320
401.4955411288  3.1415926536  0.0000000000  0.0000000158  -0.0024906122
402.7521781902  3.1415926536  0.0000000000  0.0000000157  -0.0024828413
404.0088152516  3.1415926536  0.0000000000  0.0000000157  -0.0024751187
405.2654523131  3.1415926536  0.0000000000  0.0000000156  -0.0024674439
406.5220893745  3.1415926536  0.0000000000  0.0000000156  -0.0024598167
407.7787264360  3.1415926536  0.0000000000  0.0000000155  -0.0024522364
409.0353634974  3.1415926536  0.0000000000  0.0000000155  -0.0024447027
410.2920005588  3.1415926536  0.0000000000  0.0000000155  -0.0024372152
411.5486376203  3.1415926536  0.0000000000  0.0000000154  -0.0024297734
412.8052746817  3.1415926536  0.0000000000  0.0000000154  -0.0024223769
414.0619117431  3.1415926536  0.0000000000  0.0000000153  -0.0024150252
415.3185488046  3.1415926536  0.0000000000  0.0000000153  -0.0024077181
416.5751858660  3.1415926536  0.0000000000  0.0000000152  -0.0024004551
417.8318229274  3.1415926536  0.0000000000  0.0000000152  -0.0023932357
419.0884599889  3.1415926536  0.0000000000  0.0000000152  -0.0023860596
420.3450970503  3.1415926536  0.0000000000  0.0000000151  -0.0023789265
421.6017341118  3.1415926536  0.0000000000  0.0000000151  -0.0023718359
422.8583711732  3.1415926536  0.0000000000  0.0000000150  -0.0023647874
424.1150082346  3.1415926536  0.0000000000  0.0000000150  -0.0023577806
425.3716452961  3.1415926536  0.0000000000  0.0000000149  -0.0023508153
426.6282823575  3.1415926536  0.0000000000  0.0000000149  -0.0023438910
427.8849194189  3.1415926536  0.0000000000  0.0000000149  -0.0023370074
429.1415564804  3.1415926536  0.0000000000  0.0000000148  -0.0023301641
430.3981935418  3.1415926536  0.0000000000  0.0000000148  -0.0023233608
431.6548306032  3.1415926536  0.0000000000  0.0000000147  -0.0023165970
432.9114676647  3.1415926536  0.0000000000  0.0000000147  -0.0023098725
434.1681047261  3.1415926536  0.0000000000  0.0000000147  -0.0023031870
435.4247417875  3.1415926536  0.0000000000  0.0000000146  -0.0022965400
436.6813788490  3.1415926536  0.0000000000  0.0000000146  -0.0022899313
437.9380159104  3.1415926536  0.0000000000  0.0000000145  -0.0022833606
439.1946529719  3.1415926536  0.0000000000  0.0000000145  -0.0022768274
440.4512900333  3.1415926536  0.0000000000  0.0000000145  -0.0022703315
441.7079270947  3.1415926536  0.0000000000  0.0000000144  -0.0022638726
442.9645641562  3.1415926536  0.0000000000  0.0000000144  -0.0022574503
444.2212012176  3.1415926536  0.0000000000  0.0000000143  -0.0022510643
445.4778382790  3.1415926536  0.0000000000  0.0000000143  -0.0022447144
446.7344753405  3.1415926536  0.0000000000  0.0000000143  -0.0022384002
447.9911124019  3.1415926536  0.0000000000  0.0000000142  -0.0022321214
449.2477494633  3.1415926536  0.0000000000  0.0000000142  -0.0022258778
450.5043865248  3.1415926536  0.0000000000  0.0000000142  -0.0022196690
451.7610235862  3.1415926536  0.0000000000  0.0000000141  -0.0022134947
453.0176606476  3.1415926536  0.0000000000  0.0000000141  -0.0022073546
454.2742977091  3.1415926536  0.0000000000  0.0000000140  -0.0022012486
455.5309347705  3.1415926536  0.0000000000  0.0000000140  -0.0021951762
456.7875718320  3.1415926536  0.0000000000  0.0000000140  -0.0021891373
458.0442088934  3.1415926536  0.0000000000  0.0000000139  -0.0021831314
459.3008459548  3.1415926536  0.0000000000  0.0000000139  -0.0021771585
460.5574830163  3.1415926536  0.0000000000  0.0000000139  -0.0021712181
461.8141200777  3.1415926536  0.0000000000  0.0000000138  -0.0021653101
463.0707571391  3.1415926536  0.0000000000  0.0000000138  -0.0021594341
464.3273942006  3.1415926536  0.0000000000  0.0000000138  -0.0021535899
465.5840312620  3.1415926536  0.0000000000  0.0000000137  -0.0021477773
466.8406683234  3.1415926536  0.0000000000  0.0000000137  -0.0021419960
468.0973053849  3.1415926536  0.0000000000  0.0000000137  -0.0021362457
469.3539424463  3.1415926536  0.0000000000  0.0000000136  -0.0021305262
470.6105795078  3.1415926536  0.0000000000  0.0000000136  -0.0021248372
471.8672165692  3.1415926536  0.0000000000  0.0000000136  -0.0021191786
473.1238536306  3.1415926536  0.0000000000  0.0000000135  -0.0021135500
474.3804906921  3.1415926536  0.0000000000  0.0000000135  -0.0021079512
475.6371277535  3.1415926536  0.0000000000  0.0000000135  -0.0021023820
476.8937648149  3.1415926536  0.0000000000  0.0000000134  -0.0020968422
478.1504018764  3.1415926536  0.0000000000  0.0000000134  -0.0020913315
479.4070389378  3.1415926536  0.0000000000  0.0000000134  -0.0020858496
480.6636759992  3.1415926536  0.0000000000  0.0000000133  -0.0020803965
481.9203130607  3.1415926536  0.0000000000  0.0000000133  -0.0020749717
483.1769501221  3.1415926536  0.0000000000  0.0000000133  -0.0020695752
484.4335871835  3.1415926536  0.0000000000  0.0000000132  -0.0020642067
485.6902242450  3.1415926536  0.0000000000  0.0000000132  -0.0020588660
486.9468613064  3.1415926536  0.0000000000  0.0000000132  -0.0020535528
488.2034983679  3.1415926536  0.0000000000  0.0000000131  -0.0020482670
489.4601354293  3.1415926536  0.0000000000  0.0000000131  -0.0020430083
490.7167724907  3.1415926536  0.0000000000  0.0000000131  -0.0020377766
491.9734095522  3.1415926536  0.0000000000  0.0000000130  -0.0020325716
493.2300466136  3.1415926536  0.0000000000  0.0000000130  -0.0020273931
494.4866836750  3.1415926536  0.0000000000  0.0000000130  -0.0020222409
495.7433207365  3.1415926536  0.0000000000  0.0000000129  -0.0020171148
496.9999577979  3.1415926536  0.0000000000  0.0000000129  -0.0020120147
498.2565948593  3.1415926536  0.0000000000  0.0000000129  -0.0020069403
499.5132319208  3.1415926536  0.0000000000  0.0000000128  -0.0020018914
500.7698689822  3.1415926536  0.0000000000  0.0000000128  -0.0019968679
502.0265060436  3.1415926536  0.0000000000  0.0000000128  -0.0019918695
503.2831431051  3.1415926536  0.0000000000  0.0000000127  -0.0019868960
504.5397801665  3.1415926536  0.0000000000  0.0000000127  -0.0019819474
505.7964172280  3.1415926536  0.0000000000  0.0000000127  -0.0019770233
507.0530542894  3.1415926536  0.0000000000  0.0000000127  -0.0019721237
508.3096913508  3.1415926536  0.0000000000  0.0000000126  -0.0019672482
509.5663284123  3.1415926536  0.0000000000  0.0000000126  -0.0019623968
510.8229654737  3.1415926536  0.0000000000  0.0000000126  -0.0019575693
512.0796025351  3.1415926536  0.0000000000  0.0000000125  -0.0019527655
513.3362395966  3.1415926536  0.0000000000  0.0000000125  -0.0019479852
514.5928766580  3.1415926536  0.0000000000  0.0000000125  -0.0019432282
515.8495137194  3.1415926536  0.0000000000  0.0000000125  -0.0019384944
517.1061507809  3.1415926536  0.0000000000  0.0000000124  -0.0019337837
518.3627878423  3.1415926536  0.0000000000  0.0000000124  -0.0019290957
519.6194249038  3.1415926536  0.0000000000  0.0000000124  -0.0019244305
520.8760619652  3.1415926536  0.0000000000  0.0000000123  -0.0019197877
522.1326990266  3.1415926536  0.0000000000  0.0000000123  -0.0019151673
523.3893360881  3.1415926536  0.0000000000  0.0000000123  -0.0019105691
524.6459731495  3.1415926536  0.0000000000  0.0000000123  -0.0019059929
525.9026102109  3.1415926536  0.0000000000  0.0000000122  -0.0019014386
527.1592472724  3.1415926536  0.0000000000  0.0000000122  -0.0018969060
528.4158843338  3.1415926536  0.0000000000  0.0000000122  -0.0018923949
529.6725213952  3.1415926536  0.0000000000  0.0000000121  -0.0018879053
530.9291584567  3.1415926536  0.0000000000  0.0000000121  -0.0018834369
532.1857955181  3.1415926536  0.0000000000  0.0000000121  -0.0018789896
533.4424325795  3.1415926536  0.0000000000  0.0000000121  -0.0018745633
534.6990696410  3.1415926536  0.0000000000  0.0000000120  -0.0018701577
535.9557067024  3.1415926536  0.0000000000  0.0000000120  -0.0018657729
537.2123437639  3.1415926536  0.0000000000  0.0000000120  -0.0018614085
538.4689808253  3.1415926536  0.0000000000  0.0000000120  -0.0018570645
539.7256178867  3.1415926536  0.0000000000  0.0000000119  -0.0018527407
540.9822549482  3.1415926536  0.0000000000  0.0000000119  -0.0018484371
542.2388920096  3.1415926536  0.0000000000  0.0000000119  -0.0018441533
543.4955290710  3.1415926536  0.0000000000  0.0000000118  -0.0018398894
544.7521661325  3.1415926536  0.0000000000  0.0000000118  -0.0018356452
546.0088031939  3.1415926536  0.0000000000  0.0000000118  -0.0018314205
547.2654402553  3.1415926536  0.0000000000  0.0000000118  -0.0018272152
548.5220773168  3.1415926536  0.0000000000  0.0000000117  -0.0018230291
549.7787143782  3.1415926536  0.0000000000  0.0000000117  -0.0018188622
551.0353514396  3.1415926536  0.0000000000  0.0000000117  -0.0018147143
552.2919885011  3.1415926536  0.0000000000  0.0000000117  -0.0018105853
553.5486255625  3.1415926536  0.0000000000  0.0000000116  -0.0018064750
554.8052626240  3.1415926536  0.0000000000  0.0000000116  -0.0018023834
556.0618996854  3.1415926536  0.0000000000  0.0000000116  -0.0017983102
557.3185367468  3.1415926536  0.0000000000  0.0000000116  -0.0017942554
558.5751738083  3.1415926536  0.0000000000  0.0000000115  -0.0017902188
559.8318108697  3.1415926536  0.0000000000  0.0000000115  -0.0017862004
561.0884479311  3.1415926536  0.0000000000  0.0000000115  -0.0017822000
562.3450849926  3.1415926536  0.0000000000  0.0000000115  -0.0017782174
563.6017220540  3.1415926536  0.0000000000  0.0000000114  -0.0017742526
564.8583591154  3.1415926536  0.0000000000  0.0000000114  -0.0017703055
566.1149961769  3.1415926536  0.0000000000  0.0000000114  -0.0017663759
567.3716332383  3.1415926536  0.0000000000  0.0000000114  -0.0017624636
568.6282702998  3.1415926536  0.0000000000  0.0000000113  -0.0017585687
569.8849073612  3.1415926536  0.0000000000  0.0000000113  -0.0017546910
571.1415444226  3.1415926536  0.0000000000  0.0000000113  -0.0017508303
572.3981814841  3.1415926536  0.0000000000  0.0000000113  -0.0017469865
573.6548185455  3.1415926536  0.0000000000  0.0000000113  -0.0017431596
574.9114556069  3.1415926536  0.0000000000  0.0000000112  -0.0017393495
576.1680926684  3.1415926536  0.0000000000  0.0000000112  -0.0017355559
577.4247297298  3.1415926536  0.0000000000  0.0000000112  -0.0017317789
578.6813667912  3.1415926536  0.0000000000  0.0000000112  -0.0017280182
579.9380038527  3.1415926536  0.0000000000  0.0000000111  -0.0017242739
581.1946409141  3.1415926536  0.0000000000  0.0000000111  -0.0017205458
582.4512779755  3.1415926536  0.0000000000  0.0000000111  -0.0017168337
583.7079150370  3.1415926536  0.0000000000  0.0000000111  -0.0017131376
584.9645520984  3.1415926536  0.0000000000  0.0000000110  -0.0017094574
586.2211891599  3.1415926536  0.0000000000  0.0000000110  -0.0017057930
587.4778262213  3.1415926536  0.0000000000  0.0000000110  -0.0017021443
588.7344632827  3.1415926536  0.0000000000  0.0000000110  -0.0016985111
589.9911003442  3.1415926536  0.0000000000  0.0000000110  -0.0016948934
591.2477374056  3.1415926536  0.0000000000  0.0000000109  -0.0016912911
592.5043744670  3.1415926536  0.0000000000  0.0000000109  -0.0016877041
593.7610115285  3.1415926536  0.0000000000  0.0000000109  -0.0016841322
595.0176485899  3.1415926536  0.0000000000  0.0000000109  -0.0016805755
596.2742856513  3.1415926536  0.0000000000  0.0000000108  -0.0016770337
597.5309227128  3.1415926536  0.0000000000  0.0000000108  -0.0016735068
598.7875597742  3.1415926536  0.0000000000  0.0000000108  -0.0016699948
600.0441968357  3.1415926536  0.0000000000  0.0000000108  -0.0016664974
601.3008338971  3.1415926536  0.0000000000  0.0000000108  -0.0016630147
602.5574709585  3.1415926536  0.0000000000  0.0000000107  -0.0016595465
603.8141080200  3.1415926536  0.0000000000  0.0000000107  -0.0016560927
605.0707450814  3.1415926536  0.0000000000  0.0000000107  -0.0016526532
606.3273821428  3.1415926536  0.0000000000  0.0000000107  -0.0016492281
607.5840192043  3.1415926536  0.0000000000  0.0000000106  -0.0016458171
608.8406562657  3.1415926536  0.0000000000  0.0000000106  -0.0016424201
610.0972933271  3.1415926536  0.0000000000  0.0000000106  -0.0016390372
611.3539303886  3.1415926536  0.0000000000  0.0000000106  -0.0016356682
612.6105674500  3.1415926536  0.0000000000  0.0000000106  -0.0016323130
613.8672045114  3.1415926536  0.0000000000  0.0000000105  -0.0016289715
615.1238415729  3.1415926536  0.0000000000  0.0000000105  -0.0016256437
616.3804786343  3.1415926536  0.0000000000  0.0000000105  -0.0016223294
617.6371156958  3.1415926536  0.0000000000  0.0000000105  -0.0016190287
618.8937527572  3.1415926536  0.0000000000  0.0000000105  -0.0016157413
620.1503898186  3.1415926536  0.0000000000  0.0000000104  -0.0016124673
621.4070268801  3.1415926536  0.0000000000  0.0000000104  -0.0016092065
622.6636639415  3.1415926536  0.0000000000  0.0000000104  -0.0016059589
623.9203010029  3.1415926536  0.0000000000  0.0000000104  -0.0016027243
625.1769380644  3.1415926536  0.0000000000  0.0000000104  -0.0015995028
626.4335751258  3.1415926536  0.0000000000  0.0000000103  -0.0015962942
627.6902121872  3.1415926536  0.0000000000  0.0000000103  -0.0015930984
628.9468492487  3.1415926536  0.0000000000  0.0000000000  0.0000000000
-627.6902121872  3.1415926536  3.1415926536  0.0000000000  0.0000000000
-626.4335751258  3.1415926536  3.1415926536  0.0000000000  0.0000000000
-625.1769380644  3.1415926536  3.1415926536  0.0000000000  0.0000000000
-623.9203010029  3.1415926536  3.1415926536  0.0000000000  0.0000000000
-622.6636639415  3.1415926536  3.1415926536  0.0000000000  0.0000000000
-621.4070268801  3.1415926536  3.1415926536  0.0000000000  0.0000000000
-620.1503898186  3.1415926536  3.1415926536  0.0000000000  0.0000000000
-618.8937527572  3.1415926536  3.1415926536  0.0000000000  0.0000000000
-617.6371156958  3.1415926536  3.1415926536  0.0000000000  0.0000000000
-616.3804786343  3.1415926536  3.1415926536  0.0000000000  0.0000000000
-615.1238415729  3.1415926536  3.1415926536  0.0000000000  0.0000000000
-613.8672045114  3.1415926536  3.1415926536  0.0000000000  0.0000000000
-612.6105674500  3.1415926536  3.1415926536  0.0000000000  0.0000000000
-611.3539303886  3.1415926536  3.1415926536  0.0000000000  0.0000000000
-610.0972933271  3.1415926536  3.1415926536  0.0000000000  0.0000000000
-608.8406562657  3.1415926536  3.1415926536  0.0000000000  0.0000000000
-607.5840192043  3.1415926536  3.1415926536  0.0000000000  0.0000000000
-606.3273821428  3.1415926536  3.1415926536  0.0000000000  0.0000000000
-605.0707450814  3.1415926536  3.1415926536  0.0000000000  0.0000000000
-603.8141080200  3.1415926536  3.1415926536  0.0000000000  0.0000000000
-602.5574709585  3.1415926536  3.1415926536  0.0000000000  0.0000000000
-601.3008338971  3.1415926536  3.1415926536  0.0000000000  0.0000000000
-600.0441968357  3.1415926536  3.1415926536  0.0000000000  0.0000000000
-598.7875597742  3.1415926536  3.1415926536  0.0000000000  0.0000000000
-597.5309227128  3.1415926536  3.1415926536  0.0000000000  0.0000000000
-596.2742856513  3.1415926536  3.1415926536  0.0000000000  0.0000000000
-595.0176485899  3.1415926536  3.1415926536  0.0000000000  0.0000000000
-593.7610115285  3.1415926536  3.1415926536  0.0000000000  0.0000000000
-592.5043744670  3.1415926536  3.1415926536  0.0000000000  0.0000000000
-591.2477374056  3.1415926536  3.1415926536  0.0000000000  0.0000000000
-589.9911003442  3.1415926536  3.1415926536  0.0000000000  0.0000000000
-588.7344632827  3.1415926536  3.1415926536  0.0000000000  0.0000000000
-587.4778262213  3.1415926536  3.1415926536  0.0000000000  0.0000000000
-586.2211891599  3.1415926536  3.1415926536  0.0000000000  0.0000000000
-584.9645520984  3.1415926536  3.1415926536  0.0000000000  0.0000000000
-583.7079150370  3.1415926536  3.1415926536  0.0000000000  0.0000000000
-582.4512779755  3.1415926536  3.1415926536  0.0000000000  0.0000000000
-581.1946409141  3.1415926536  3.1415926536  0.0000000000  0.0000000000
-579.9380038527  3.1415926536  3.1415926536  0.0000000000  0.0000000000
-578.6813667912  3.1415926536  3.1415926536  0.0000000000  0.0000000000
-577.4247297298  3.1415926536  3.1415926536  0.0000000000  0.0000000000
-576.1680926684  3.1415926536  3.1415926536  0.0000000000  0.0000000000
-574.9114556069  3.1415926536  3.1415926536  0.0000000000  0.0000000000
-573.6548185455  3.1415926536  3.1415926536  0.0000000000  0.0000000000
-572.3981814841  3.1415926536  3.1415926536  0.0000000000  0.0000000000
-571.1415444226  3.1415926536  3.1415926536  0.0000000000  0.0000000000
-569.8849073612  3.1415926536  3.1415926536  0.0000000000  0.0000000000
-568.6282702998  3.1415926536  3.1415926536  0.0000000000  0.0000000000
-567.3716332383  3.1415926536  3.1415926536  0.0000000000  0.0000000000
-566.1149961769  3.1415926536  3.1415926536  0.0000000000  0.0000000000
-564.8583591154  3.1415926536  3.1415926536  0.0000000000  0.0000000000
-563.6017220540  3.1415926536  3.1415926536  0.0000000000  0.0000000000
-562.3450849926  3.1415926536  3.1415926536  0.0000000000  0.0000000000
-561.0884479311  3.1415926536  3.1415926536  0.0000000000  0.0000000000
-559.8318108697  3.1415926536  3.1415926536  0.0000000000  0.0000000000
-558.5751738083  3.1415926536  3.1415926536  0.0000000000  0.0000000000
-557.3185367468  3.1415926536  3.1415926536  0.0000000000  0.0000000000
-556.0618996854  3.1415926536  3.1415926536  0.0000000000  0.0000000000
-554.8052626240  3.1415926536  3.1415926536  0.0000000000  0.0000000000
-553.5486255625  3.1415926536  3.1415926536  0.0000000000  0.0000000000
-552.2919885011  3.1415926536  3.1415926536  0.0000000000  0.0000000000
-551.0353514396  3.1415926536  3.1415926536  0.0000000000  0.0000000000
-549.7787143782  3.1415926536  3.1415926536  0.0000000000  0.0000000000
-548.5220773168  3.1415926536  3.1415926536  0.0000000000  0.0000000000
-547.2654402553  3.1415926536  3.1415926536  0.0000000000  0.0000000000
-546.0088031939  3.1415926536  3.1415926536  0.0000000000  0.0000000000
-544.7521661325  3.1415926536  3.1415926536  0.0000000000  0.0000000000
-543.4955290710  3.1415926536  3.1415926536  0.0000000000  0.0000000000
-542.2388920096  3.1415926536  3.1415926536  0.0000000000  0.0000000000
-540.9822549482  3.1415926536  3.1415926536  0.0000000000  0.0000000000
-539.7256178867  3.1415926536  3.1415926536  0.0000000000  0.0000000000
-538.4689808253  3.1415926536  3.1415926536  0.0000000000  0.0000000000
-537.2123437639  3.1415926536  3.1415926536  0.0000000000  0.0000000000
-535.9557067024  3.1415926536  3.1415926536  0.0000000000  0.0000000000
-534.6990696410  3.1415926536  3.1415926536  0.0000000000  0.0000000000
-533.4424325795  3.1415926536  3.1415926536  0.0000000000  0.0000000000
-532.1857955181  3.1415926536  3.1415926536  0.0000000000  0.0000000000
-530.9291584567  3.1415926536  3.1415926536  0.0000000000  0.0000000000
-529.6725213952  3.1415926536  3.1415926536  0.0000000000  0.0000000000
-528.4158843338  3.1415926536  3.1415926536  0.0000000000  0.0000000000
-527.1592472724  3.1415926536  3.1415926536  0.0000000000  0.0000000000
-525.9026102109  3.1415926536  3.1415926536  0.0000000000  0.0000000000
-524.6459731495  3.1415926536  3.1415926536  0.0000000000  0.0000000000
-523.3893360881  3.1415926536  3.1415926536  0.0000000000  0.0000000000
-522.1326990266  3.1415926536  3.1415926536  0.0000000000  0.0000000000
-520.8760619652  3.1415926536  3.1415926536  0.0000000000  0.0000000000
-519.6194249038  3.1415926536  3.1415926536  0.0000000000  0.0000000000
-518.3627878423  3.1415926536  3.1415926536  0.0000000000  0.0000000000
-517.1061507809  3.1415926536  3.1415926536  0.0000000000  0.0000000000
-515.8495137194  3.1415926536  3.1415926536  0.0000000000  0.0000000000
-514.5928766580  3.1415926536  3.1415926536  0.0000000000  0.0000000000
-513.3362395966  3.1415926536  3.1415926536  0.0000000000  0.0000000000
-512.0796025351  3.1415926536  3.1415926536  0.0000000000  0.0000000000
-510.8229654737  3.1415926536  3.1415926536  0.0000000000  0.0000000000
-509.5663284123  3.1415926536  3.1415926536  0.0000000000  0.0000000000
-508.3096913508  3.1415926536  3.1415926536  0.0000000000  0.0000000000
-507.0530542894  3.1415926536  3.1415926536  0.0000000000  0.0000000000
-505.7964172280  3.1415926536  3.1415926536  0.0000000000  0.0000000000
-504.5397801665  3.1415926536  3.1415926536  0.0000000000  0.0000000000
-503.2831431051  3.1415926536  3.1415926536  0.0000000000  0.0000000000
-502.0265060436  3.1415926536  3.1415926536  0.0000000000  0.0000000000
-500.7698689822  3.1415926536  3.1415926536  0.0000000000  0.0000000000
-499.5132319208  3.1415926536  3.1415926536  0.0000000000  0.0000000000
-498.2565948593  3.1415926536  3.1415926536  0.0000000000  0.0000000000
-496.9999577979  3.1415926536  3.1415926536  0.0000000000  0.0000000000
-495.7433207365  3.1415926536  3.1415926536  0.0000000000  0.0000000000
-494.4866836750  3.1415926536  3.1415926536  0.0000000000  0.0000000000
-493.2300466136  3.1415926536  3.1415926536  0.0000000000  0.0000000000
-491.9734095522  3.1415926536  3.1415926536  0.0000000000  0.0000000000
-490.7167724907  3.1415926536  3.1415926536  0.0000000000  0.0000000000
-489.4601354293  3.1415926536  3.1415926536  0.0000000000  0.0000000000
-488.2034983679  3.1415926536  3.1415926536  0.0000000000  0.0000000000
-486.9468613064  3.1415926536  3.1415926536  0.0000000000  0.0000000000
-485.6902242450  3.1415926536  3.1415926536  0.0000000000  0.0000000000
-484.4335871835  3.1415926536  3.1415926536  0.0000000000  0.0000000000
-483.1769501221  3.1415926536  3.1415926536  0.0000000000  0.0000000000
-481.9203130607  3.1415926536  3.1415926536  0.0000000000  0.0000000000
-480.6636759992  3.1415926536  3.1415926536  0.0000000000  0.0000000000
-479.4070389378  3.1415926536  3.1415926536  0.0000000000  0.0000000000
-478.1504018764  3.1415926536  3.1415926536  0.0000000000  0.0000000000
-476.8937648149  3.1415926536  3.1415926536  0.0000000000  0.0000000000
-475.6371277535  3.1415926536  3.1415926536  0.0000000000  0.0000000000
-474.3804906921  3.1415926536  3.1415926536  0.0000000000  0.0000000000
-473.1238536306  3.1415926536  3.1415926536  0.0000000000  0.0000000000
-471.8672165692  3.1415926536  3.1415926536  0.0000000000  0.0000000000
-470.6105795078  3.1415926536  3.1415926536  0.0000000000  0.0000000000
-469.3539424463  3.1415926536  3.1415926536  0.0000000000  0.0000000000
-468.0973053849  3.1415926536  3.1415926536  0.0000000000  0.0000000000
-466.8406683234  3.1415926536  3.1415926536  0.0000000000  0.0000000000
-465.5840312620  3.1415926536  3.1415926536  0.0000000000  0.0000000000
-464.3273942006  3.1415926536  3.1415926536  0.0000000000  0.0000000000
-463.0707571391  3.1415926536  3.1415926536  0.0000000000  0.0000000000
-461.8141200777  3.1415926536  3.1415926536  0.0000000000  0.0000000000
-460.5574830163  3.1415926536  3.1415926536  0.0000000000  0.0000000000
-459.3008459548  3.1415926536  3.1415926536  0.0000000000  0.0000000000
-458.0442088934  3.1415926536  3.1415926536  0.0000000000  0.0000000000
-456.7875718320  3.1415926536  3.1415926536  0.0000000000  0.0000000000
-455.5309347705  3.1415926536  3.1415926536  0.0000000000  0.0000000000
-454.2742977091  3.1415926536  3.1415926536  0.0000000000  0.0000000000
-453.0176606476  3.1415926536  3.1415926536  0.0000000000  0.0000000000
-451.7610235862  3.1415926536  3.1415926536  0.0000000000  0.0000000000
-450.5043865248  3.1415926536  3.1415926536  0.0000000000  0.0000000000
-449.2477494633  3.1415926536  3.1415926536  0.0000000000  0.0000000000
-447.9911124019  3.1415926536  3.1415926536  0.0000000000  0.0000000000
-446.7344753405  3.1415926536  3.1415926536  0.0000000000  0.0000000000
-445.4778382790  3.1415926536  3.1415926536  0.0000000000  0.0000000000
-444.2212012176  3.1415926536  3.1415926536  0.0000000000  0.0000000000
-442.9645641562  3.1415926536  3.1415926536  0.0000000000  0.0000000000
-441.7079270947  3.1415926536  3.1415926536  0.0000000000  0.0000000000
-440.4512900333  3.1415926536  3.1415926536  0.0000000000  0.0000000000
-439.1946529719  3.1415926536  3.1415926536  0.0000000000  0.0000000000
-437.9380159104  3.1415926536  3.1415926536  0.0000000000  0.0000000000
-436.6813788490  3.1415926536  3.1415926536  0.0000000000  0.0000000000
-435.4247417875  3.1415926536  3.1415926536  0.0000000000  0.0000000000
-434.1681047261  3.1415926536  3.1415926536  0.0000000000  0.0000000000
-432.9114676647  3.1415926536  3.1415926536  0.0000000000  0.0000000000
-431.6548306032  3.1415926536  3.1415926536  0.0000000000  0.0000000000
-430.3981935418  3.1415926536  3.1415926536  0.0000000000  0.0000000000
-429.1415564804  3.1415926536  3.1415926536  0.0000000000  0.0000000000
-427.8849194189  3.1415926536  3.1415926536  0.0000000000  0.0000000000
-426.6282823575  3.1415926536  3.1415926536  0.0000000000  0.0000000000
-425.3716452961  3.1415926536  3.1415926536  0.0000000000  0.0000000000
-424.1150082346  3.1415926536  3.1415926536  0.0000000000  0.0000000000
-422.8583711732  3.1415926536  3.1415926536  0.0000000000  0.0000000000
-421.6017341118  3.1415926536  3.1415926536  0.0000000000  0.0000000000
-420.3450970503  3.1415926536  3.1415926536  0.0000000000  0.0000000000
-419.0884599889  3.1415926536  3.1415926536  0.0000000000  0.0000000000
-417.8318229274  3.1415926536  3.1415926536  0.0000000000  0.0000000000
-416.5751858660  3.1415926536  3.1415926536  0.0000000000  0.0000000000
-415.3185488046  3.1415926536  3.1415926536  0.0000000000  0.0000000000
-414.0619117431  3.1415926536  3.1415926536  0.0000000000  0.0000000000
-412.8052746817  3.1415926536  3.1415926536  0.0000000000  0.0000000000
-411.5486376203  3.1415926536  3.1415926536  0.0000000000  0.0000000000
-410.2920005588  3.1415926536  3.1415926536  0.0000000000  0.0000000000
-409.0353634974  3.1415926536  3.1415926536  0.0000000000  0.0000000000
-407.7787264360  3.1415926536  3.1415926536  0.0000000000  0.0000000000
-406.5220893745  3.1415926536  3.1415926536  0.0000000000  0.0000000000
-405.2654523131  3.1415926536  3.1415926536  0.0000000000  0.0000000000
-404.0088152516  3.1415926536  3.1415926536  0.0000000000  0.0000000000
-402.7521781902  3.1415926536  3.1415926536  0.0000000000  0.0000000000
-401.4955411288  3.1415926536  3.1415926536  0.0000000000  0.0000000000
-400.2389040673  3.1415926536  3.1415926536  0.0000000000  0.0000000000
-398.9822670059  3.1415926536  3.1415926536  0.0000000000  0.0000000000
-397.7256299445  3.1415926536  3.1415926536  0.0000000000  0.0000000000
-396.4689928830  3.1415926536  3.1415926536  0.0000000000  0.0000000000
-395.2123558216  3.1415926536  3.1415926536  0.0000000000  0.0000000000
-393.9557187602  3.1415926536  3.1415926536  0.0000000000  0.0000000000
-392.6990816987  3.1415926536  3.1415926536  0.0000000000  0.0000000000
-391.4424446373  3.1415926536  3.1415926536  0.0000000000  0.0000000000
-390.1858075759  3.1415926536  3.1415926536  0.0000000000  0.0000000000
-388.9291705144  3.1415926536  3.1415926536  0.0000000000  0.0000000000
-387.6725334530  3.1415926536  3.1415926536  0.0000000000  0.0000000000
-386.4158963915  3.1415926536  3.1415926536  0.0000000000  0.0000000000
-385.1592593301  3.1415926536  3.1415926536  0.0000000000  0.0000000000
-383.9026222687  3.1415926536  3.1415926536  0.0000000000  0.0000000000
-382.6459852072  3.1415926536  3.1415926536  0.0000000000  0.0000000000
-381.3893481458  3.1415926536  3.1415926536  0.0000000000  0.0000000000
-380.1327110844  3.1415926536  3.1415926536  0.0000000000  0.0000000000
-378.8760740229  3.1415926536  3.1415926536  0.0000000000  0.0000000000
-377.6194369615  3.1415926536  3.1415926536  0.0000000000  0.0000000000
-376.3627999001  3.1415926536  3.1415926536  0.0000000000  0.0000000000
-375.1061628386  3.1415926536  3.1415926536  0.0000000000  0.0000000000
-373.8495257772  3.1415926536  3.1415926536  0.0000000000  0.0000000000
-372.5928887157  3.1415926536  3.1415926536  0.0000000000  0.0000000000
-371.3362516543  3.1415926536  3.1415926536  0.0000000000  0.0000000000
-370.0796145929  3.1415926536  3.1415926536  0.0000000000  0.0000000000
-368.8229775314  3.1415926536  3.1415926536  0.0000000000  0.0000000000
-367.5663404700  3.1415926536  3.1415926536  0.0000000000  0.0000000000
-366.3097034086  3.1415926536  3.1415926536  0.0000000000  0.0000000000
-365.0530663471  3.1415926536  3.1415926536  0.0000000000  0.0000000000
-363.7964292857  3.1415926536  3.1415926536  0.0000000000  0.0000000000
-362.5397922243  3.1415926536  3.1415926536  0.0000000000  0.0000000000
-361.2831551628  3.1415926536  3.1415926536  0.0000000000  0.0000000000
-360.0265181014  3.1415926536  3.1415926536  0.0000000000  0.0000000000
-358.7698810400  3.1415926536  3.1415926536  0.0000000000  0.0000000000
-357.5132439785  3.1415926536  3.1415926536  0.0000000000  0.0000000000
-356.2566069171  3.1415926536  3.1415926536  0.0000000000  0.0000000000
-354.9999698556  3.1415926536  3.1415926536  0.0000000000  0.0000000000
-353.7433327942  3.1415926536  3.1415926536  0.0000000000  0.0000000000
-352.4866957328  3.1415926536  3.1415926536  0.0000000000  0.0000000000
-351.2300586713  3.1415926536  3.1415926536  0.0000000000  0.0000000000
-349.9734216099  3.1415926536  3.1415926536  0.0000000000  0.0000000000
-348.7167845485  3.1415926536  3.1415926536  0.0000000000  0.0000000000
-347.4601474870  3.1415926536  3.1415926536  0.0000000000  0.0000000000
-346.2035104256  3.1415926536  3.1415926536  0.0000000000  0.0000000000
-344.9468733642  3.1415926536  3.1415926536  0.0000000000  0.0000000000
-343.6902363027  3.1415926536  3.1415926536  0.0000000000  0.0000000000
-342.4335992413  3.1415926536  3.1415926536  0.0000000000  0.0000000000
-341.1769621799  3.1415926536  3.1415926536  0.0000000000  0.0000000000
-339.9203251184  3.1415926536  3.1415926536  0.0000000000  0.0000000000
-338.6636880570  3.1415926536  3.1415926536  0.0000000000  0.0000000000
-337.4070509955  3.1415926536  3.1415926536  0.0000000000  0.0000000000
-336.1504139341  3.1415926536  3.1415926536  0.0000000000  0.0000000000
-334.8937768727  3.1415926536  3.1415926536  0.0000000000  0.0000000000
-333.6371398112  3.1415926536  3.1415926536  0.0000000000  0.0000000000
-332.3805027498  3.1415926536  3.1415926536  0.0000000000  0.0000000000
-331.1238656884  3.1415926536  3.1415926536  0.0000000000  0.0000000000
-329.8672286269  3.1415926536  3.1415926536  0.0000000000  0.0000000000
-328.6105915655  3.1415926536  3.1415926536  0.0000000000  0.0000000000
-327.3539545041  3.1415926536  3.1415926536  0.0000000000  0.0000000000
-326.0973174426  3.1415926536  3.1415926536  0.0000000000  0.0000000000
-324.8406803812  3.1415926536  3.1415926536  0.0000000000  0.0000000000
-323.5840433197  3.1415926536  3.1415926536  0.0000000000  0.0000000000
-322.3274062583  3.1415926536  3.1415926536  0.0000000000  0.0000000000
-321.0707691969  3.1415926536  3.1415926536  0.0000000000  0.0000000000
-319.8141321354  3.1415926536  3.1415926536  0.0000000000  0.0000000000
-318.5574950740  3.1415926536  3.1415926536  0.0000000000  0.0000000000
-317.3008580126  3.1415926536  3.1415926536  0.0000000000  0.0000000000
-316.0442209511  3.1415926536  3.1415926536  0.0000000000  0.0000000000
-314.7875838897  3.1415926536  3.1415926536  0.0000000000  0.0000000000
-313.5309468283  3.1415926536  3.1415926536  0.0000000000  0.0000000000
-312.2743097668  3.1415926536  3.1415926536  0.0000000000  0.0000000000
-311.0176727054  3.1415926536  3.1415926536  0.0000000000  0.0000000000
-309.7610356440  3.1415926536  3.1415926536  0.0000000000  0.0000000000
-308.5043985825  3.1415926536  3.1415926536  0.0000000000  0.0000000000
-307.2477615211  3.1415926536  3.1415926536  0.0000000000  0.0000000000
-305.9911244596  3.1415926536  3.1415926536  0.0000000000  0.0000000000
-304.7344873982  3.1415926536  3.1415926536  0.0000000000  0.0000000000
-303.4778503368  3.1415926536  3.1415926536  0.0000000000  0.0000000000
-302.2212132753  3.1415926536  3.1415926536  0.0000000000  0.0000000000
-300.9645762139  3.1415926536  3.1415926536  0.0000000000  0.0000000000
-299.7079391525  3.1415926536  3.1415926536  0.0000000000  0.0000000000
-298.4513020910  3.1415926536  3.1415926536  0.0000000000  0.0000000000
-297.1946650296  3.1415926536  3.1415926536  0.0000000000  0.0000000000
-295.9380279682  3.1415926536  3.1415926536  0.0000000000  0.0000000000
-294.6813909067  3.1415926536  3.1415926536  0.0000000000  0.0000000000
-293.4247538453  3.1415926536  3.1415926536  0.0000000000  0.0000000000
-292.1681167839  3.1415926536  3.1415926536  0.0000000000  0.0000000000
-290.9114797224  3.1415926536  3.1415926536  0.0000000000  0.0000000000
-289.6548426610  3.1415926536  3.1415926536  0.0000000000  0.0000000000
-288.3982055995  3.1415926536  3.1415926536  0.0000000000  0.0000000000
-287.1415685381  3.1415926536  3.1415926536  0.0000000000  0.0000000000
-285.8849314767  3.1415926536  3.1415926536  0.0000000000  0.0000000000
-284.6282944152  3.1415926536  3.1415926536  0.0000000000  0.0000000000
-283.3716573538  3.1415926536  3.1415926536  0.0000000000  0.0000000000
-282.1150202924  3.1415926536  3.1415926536  0.0000000000  0.0000000000
-280.8583832309  3.1415926536  3.1415926536  0.0000000000  0.0000000000
-279.6017461695  3.1415926536  3.1415926536  0.0000000000  0.0000000000
-278.3451091081  3.1415926536  3.1415926536  0.0000000000  0.0000000000
-277.0884720466  3.1415926536  3.1415926536  0.0000000000  0.0000000000
-275.8318349852  3.1415926536  3.1415926536  0.0000000000  0.0000000000
-274.5751979237  3.1415926536  3.1415926536  0.0000000000  0.0000000000
-273.3185608623  3.1415926536  3.1415926536  0.0000000000  0.0000000000
-272.0619238009  3.1415926536  3.1415926536  0.0000000000  0.0000000000
-270.8052867394  3.1415926536  3.1415926536  0.0000000000  0.0000000000
-269.5486496780  3.1415926536  3.1415926536  0.0000000000  0.0000000000
-268.2920126166  3.1415926536  3.1415926536  0.0000000000  0.0000000000
-267.0353755551  3.1415926536  3.1415926536  0.0000000000  0.0000000000
-265.7787384937  3.1415926536  3.1415926536  0.0000000000  0.0000000000
-264.5221014323  3.1415926536  3.1415926536  0.0000000000  0.0000000000
-263.2654643708  3.1415926536  3.1415926536  0.0000000000  0.0000000000
-262.0088273094  3.1415926536  3.1415926536  0.0000000000  0.0000000000
-260.7521902480  3.1415926536  3.1415926536  0.0000000000  0.0000000000
-259.4955531865  3.1415926536  3.1415926536  0.0000000000  0.0000000000
-258.2389161251  3.1415926536  3.1415926536  0.0000000000  0.0000000000
-256.9822790636  3.1415926536  3.1415926536  0.0000000000  0.0000000000
-255.7256420022  3.1415926536  3.1415926536  0.0000000000  0.0000000000
-254.4690049408  3.1415926536  3.1415926536  0.0000000000  0.0000000000
-253.2123678793  3.1415926536  3.1415926536  0.0000000000  0.0000000000
-251.9557308179  3.1415926536  3.1415926536  0.0000000000  0.0000000000
-250.6990937565  3.1415926536  3.1415926536  0.0000000000  0.0000000000
-249.4424566950  3.1415926536  3.1415926536  0.0000000000  0.0000000000
-248.1858196336  3.1415926536  3.1415926536  0.0000000000  0.0000000000
-246.9291825722  3.1415926536  3.1415926536  0.0000000000  0.0000000000
-245.6725455107  3.1415926536  3.1415926536  0.0000000000  0.0000000000
-244.4159084493  3.1415926536  3.1415926536  0.0000000000  0.0000000000
-243.1592713878  3.1415926536  3.1415926536  0.0000000000  0.0000000000
-241.9026343264  3.1415926536  3.1415926536  0.0000000000  0.0000000000
-240.6459972650  3.1415926536  3.1415926536  0.0000000000  0.0000000000
-239.3893602035  3.1415926536  3.1415926536  0.0000000000  0.0000000000
-238.1327231421  3.1415926536  3.1415926536  0.0000000000  0.0000000000
-236.8760860807  3.1415926536  3.1415926536  0.0000000000  0.0000000000
-235.6194490192  3.1415926536  3.1415926536  0.0000000000  0.0000000000
-234.3628119578  3.1415926536  3.1415926536  0.0000000000  0.0000000000
-233.1061748964  3.1415926536  3.1415926536  0.0000000000  0.0000000000
-231.8495378349  3.1415926536  3.1415926536  0.0000000000  0.0000000000
-230.5929007735  3.1415926536  3.1415926536  0.0000000000  0.0000000000
-229.3362637121  3.1415926536  3.1415926536  0.0000000000  0.0000000000
-228.0796266506  3.1415926536  3.1415926536  0.0000000000  0.0000000000
-226.8229895892  3.1415926536  3.1415926536  0.0000000000  0.0000000000
-225.5663525277  3.1415926536  3.1415926536  0.0000000000  0.0000000000
-224.3097154663  3.1415926536  3.1415926536  0.0000000000  0.0000000000
-223.0530784049  3.1415926536  3.1415926536  0.0000000000  0.0000000000
-221.7964413434  3.1415926536  3.1415926536  0.0000000000  0.0000000000
-220.5398042820  3.1415926536  3.1415926536  0.0000000000  0.0000000000
-219.2831672206  3.1415926536  3.1415926536  0.0000000000  0.0000000000
-218.0265301591  3.1415926536  3.1415926536  0.0000000000  0.0000000000
-216.7698930977  3.1415926536  3.1415926536  0.0000000000  0.0000000000
-215.5132560363  3.1415926536  3.1415926536  0.0000000000  0.0000000000
-214.2566189748  3.1415926536  3.1415926536  0.0000000000  0.0000000000
-212.9999819134  3.1415926536  3.1415926536  0.0000000000  0.0000000000
-211.7433448520  3.1415926536  3.1415926536  0.0000000000  0.0000000000
-210.4867077905  3.1415926536  3.1415926536  0.0000000000  0.0000000000
-209.2300707291  3.1415926536  3.1415926536  0.0000000000  0.0000000000
-207.9734336676  3.1415926536  3.1415926536  0.0000000000  0.0000000000
-206.7167966062  3.1415926536  3.1415926536  0.0000000000  0.0000000000
-205.4601595448  3.1415926536  3.1415926536  0.0000000000  0.0000000000
-204.2035224833  3.1415926536  3.1415926536  0.0000000000  0.0000000000
-202.9468854219  3.1415926536  3.1415926536  0.0000000000  0.0000000000
-201.6902483605  3.1415926536  3.1415926536  0.0000000000  0.0000000000
-200.4336112990  3.1415926536  3.1415926536  0.0000000000  0.0000000000
-199.1769742376  3.1415926536  3.1415926536  0.0000000000  0.0000000000
-197.9203371762  3.1415926536  3.1415926536  0.0000000000  0.0000000000
-196.6637001147  3.1415926536  3.1415926536  0.0000000000  0.0000000000
-195.4070630533  3.1415926536  3.1415926536  0.0000000000  0.0000000000
-194.1504259918  3.1415926536  3.1415926536  0.0000000000  0.0000000000
-192.8937889304  3.1415926536  3.1415926536  0.0000000000  0.0000000000
-191.6371518690  3.1415926536  3.1415926536  0.0000000000  0.0000000000
-190.3805148075  3.1415926536  3.1415926536  0.0000000000  0.0000000000
-189.1238777461  3.1415926536  3.1415926536  0.0000000000  0.0000000000
-187.8672406847  3.1415926536  3.1415926536  0.0000000000  0.0000000000
-186.6106036232  3.1415926536  3.1415926536  0.0000000000  0.0000000000
-185.3539665618  3.1415926536  3.1415926536  0.0000000000  0.0000000000
-184.0973295004  3.1415926536  3.1415926536  0.0000000000  0.0000000000
-182.8406924389  3.1415926536  3.1415926536  0.0000000000  0.0000000000
-181.5840553775  3.1415926536  3.1415926536  0.0000000000  0.0000000000
-180.3274183161  3.1415926536  3.1415926536  0.0000000000  0.0000000000
-179.0707812546  3.1415926536  3.1415926536  0.0000000000  0.0000000000
-177.8141441932  3.1415926536  3.1415926536  0.0000000000  0.0000000000
-176.5575071317  3.1415926536  3.1415926536  0.0000000000  0.0000000000
-175.3008700703  3.1415926536  3.1415926536  0.0000000000  0.0000000000
-174.0442330089  3.1415926536  3.1415926536  0.0000000000  0.0000000000
-172.7875959474  3.1415926536  3.1415926536  0.0000000000  0.0000000000
-171.5309588860  3.1415926536  3.1415926536  0.0000000000  0.0000000000
-170.2743218246  3.1415926536  3.1415926536  0.0000000000  0.0000000000
-169.0176847631  3.1415926536  3.1415926536  0.0000000000  0.0000000000
-167.7610477017  3.1415926536  3.1415926536  0.0000000000  0.0000000000
-166.5044106403  3.1415926536  3.1415926536  0.0000000000  0.0000000000
-165.2477735788  3.1415926536  3.1415926536  0.0000000000  0.0000000000
-163.9911365174  3.1415926536  3.1415926536  0.0000000000  0.0000000000
-162.7344994560  3.1415926536  3.1415926536  0.0000000000  0.0000000000
-161.4778623945  3.1415926536  3.1415926536  0.0000000000  0.0000000000
-160.2212253331  3.1415926536  3.1415926536  0.0000000000  0.0000000000
-158.9645882716  3.1415926536  3.1415926536  0.0000000000  0.0000000000
-157.7079512102  3.1415926536  3.1415926536  0.0000000000  0.0000000000
-156.4513141488  3.1415926536  3.1415926536  0.0000000000  0.0000000000
-155.1946770873  3.1415926536  3.1415926536  0.0000000000  0.0000000000
-153.9380400259  3.1415926536  3.1415926536  0.0000000000  0.0000000000
-152.6814029645  3.1415926536  3.1415926536  0.0000000000  0.0000000000
-151.4247659030  3.1415926536  3.1415926536  0.0000000000  0.0000000000
-150.1681288416  3.1415926536  3.1415926536  0.0000000000  0.0000000000
-148.9114917802  3.1415926536  3.1415926536  0.0000000000  0.0000000000
-147.6548547187  3.1415926536  3.1415926536  0.0000000000  0.0000000000
-146.3982176573  3.1415926536  3.1415926536  0.0000000000  0.0000000000
-145.1415805958  3.1415926536  3.1415926536  0.0000000000  0.0000000000
-143.8849435344  3.1415926536  3.1415926536  0.0000000000  0.0000000000
-142.6283064730  3.1415926536  3.1415926536  0.0000000000  0.0000000000
-141.3716694115  3.1415926536  3.1415926536  0.0000000000  0.0000000000
-140.1150323501  3.1415926536  3.1415926536  0.0000000000  0.0000000000
-138.8583952887  3.1415926536  3.1415926536  0.0000000000  0.0000000000
-137.6017582272  3.1415926536  3.1415926536  0.0000000000  0.0000000000
-136.3451211658  3.1415926536  3.1415926536  0.0000000000  0.0000000000
-135.0884841044  3.1415926536  3.1415926536  0.0000000000  0.0000000000
-133.8318470429  3.1415926536  3.1415926536  0.0000000000  0.0000000000
-132.5752099815  3.1415926536  3.1415926536  0.0000000000  0.0000000000
-131.3185729201  3.1415926536  3.1415926536  0.0000000000  0.0000000000
-130.0619358586  3.1415926536  3.1415926536  0.0000000000  0.0000000000
-128.8052987972  3.1415926536  3.1415926536  0.0000000000  0.0000000000
-127.5486617357  3.1415926536  3.1415926536  0.0000000000  0.0000000000
-126.2920246743  3.1415926536  3.1415926536  0.0000000000  0.0000000000
-125.0353876129  3.1415926536  3.1415926536  0.0000000000  0.0000000000
-123.7787505514  3.1415926536  3.1415926536  0.0000000000  0.0000000000
-122.5221134900  3.1415926536  3.1415926536  0.0000000000  0.0000000000
-121.2654764286  3.1415926536  3.1415926536  0.0000000000  0.0000000000
-120.0088393671  3.1415926536  3.1415926536  0.0000000000  0.0000000000
-118.7522023057  3.1415926536  3.1415926536  0.0000000000  0.0000000000
-117.4955652443  3.1415926536  3.1415926536  0.0000000000  0.0000000000
-116.2389281828  3.1415926536  3.1415926536  0.0000000000  0.0000000000
-114.9822911214  3.1415926536  3.1415926536  0.0000000000  0.0000000000
-113.7256540600  3.1415926536  3.1415926536  0.0000000000  0.0000000000
-112.4690169985  3.1415926536  3.1415926536  0.0000000000  0.0000000000
-111.2123799371  3.1415926536  3.1415926536  0.0000000000  0.0000000000
-109.9557428756  3.1415926536  3.1415926536  0.0000000000  0.0000000000
-108.6991058142  3.1415926536  3.1415926536  0.0000000000  0.0000000000
-107.4424687528  3.1415926536  3.1415926536  0.0000000000  0.0000000000
-106.1858316913  3.1415926536  3.1415926536  0.0000000000  0.0000000000
-104.9291946299  3.1415926536  3.1415926536  0.0000000000  0.0000000000
-103.6725575685  3.1415926536  3.1415926536  0.0000000000  0.0000000000
-102.4159205070  3.1415926536  3.1415926536  0.0000000000  0.0000000000
-101.1592834456  3.1415926536  3.1415926536  0.0000000000  0.0000000000
-99.9026463842  3.1415926536  3.1415926536  0.0000000000  0.0000000000
-98.6460093227  3.1415926536  3.1415926536  0.0000000000  0.0000000000
-97.3893722613  3.1415926536  3.1415926536  0.0000000000  0.0000000000
-96.1327351998  3.1415926536  3.1415926536  0.0000000000  0.0000000000
-94.8760981384  3.1415926536  3.1415926536  0.0000000000  0.0000000000
-93.6194610770  3.1415926536  3.1415926536  0.0000000000  0.0000000000
-92.3628240155  3.1415926536  3.1415926536  0.0000000000  0.0000000000
-91.1061869541  3.1415926536  3.1415926536  0.0000000000  0.0000000000
-89.8495498927  3.1415926536  3.1415926536  0.0000000000  0.0000000000
-88.5929128312  3.1415926536  3.1415926536  0.0000000000  0.0000000000
-87.3362757698  3.1415926536  3.1415926536  0.0000000000  0.0000000000
-86.0796387084  3.1415926536  3.1415926536  0.0000000000  0.0000000000
-84.8230016469  3.1415926536  3.1415926536  0.0000000000  0.0000000000
-83.5663645855  3.1415926536  3.1415926536  0.0000000000  0.0000000000
-82.3097275241  3.1415926536  3.1415926536  0.0000000000  0.0000000000
-81.0530904626  3.1415926536  3.1415926536  0.0000000000  0.0000000000
-79.7964534012  3.1415926536  3.1415926536  0.0000000000  0.0000000000
-78.5398163397  3.1415926536  3.1415926536  0.0000000000  0.0000000000
-77.2831792783  3.1415926536  3.1415926536  0.0000000000  0.0000000000
-76.0265422169  3.1415926536  3.1415926536  0.0000000000  0.0000000000
-74.7699051554  3.1415926536  3.1415926536  0.0000000000  0.0000000000
-73.5132680940  3.1415926536  3.1415926536  0.0000000000  0.0000000000
-72.2566310326  3.1415926536  3.1415926536  0.0000000000  0.0000000000
-70.9999939711  3.1415926536  3.1415926536  0.0000000000  0.0000000000
-69.7433569097  3.1415926536  3.1415926536  0.0000000000  0.0000000000
-68.4867198483  3.1415926536  3.1415926536  0.0000000000  0.0000000000
-67.2300827868  3.1415926536  3.1415926536  0.0000000000  0.0000000000
-65.9734457254  3.1415926536  3.1415926536  0.0000000000  0.0000000000
-64.7168086639  3.1415926536  3.1415926536  0.0000000000  0.0000000000
-63.4601716025  3.1415926536  3.1415926536  0.0000000000  0.0000000000
-62.2035345411  3.1415926536  3.1415926536  0.0000000000  0.0000000000
-60.9468974796  3.1415926536  3.1415926536  0.0000000000  0.0000000000
-59.6902604182  3.1415926536  3.1415926536  0.0000000000  0.0000000000
-58.4336233568  3.1415926536  3.1415926536  0.0000000000  0.0000000000
-57.1769862953  3.1415926536  3.1415926536  0.0000000000  0.0000000000
-55.9203492339  3.1415926536  3.1415926536  0.0000000000  0.0000000000
-54.6637121725  3.1415926536  3.1415926536  0.0000000000  0.0000000000
-53.4070751110  3.1415926536  3.1415926536  0.0000000000  0.0000000000
-52.1504380496  3.1415926536  3.1415926536  0.0000000000  0.0000000000
-50.8938009882  3.1415926536  3.1415926536  0.0000000000  0.0000000000
-49.6371639267  3.1415926536  3.1415926536  0.0000000000  0.0000000000
-48.3805268653  3.1415926536  3.1415926536  0.0000000000  0.0000000000
-47.1238898038  3.1415926536  3.1415926536  0.0000000000  0.0000000000
-45.8672527424  3.1415926536  3.1415926536  0.0000000000  0.0000000000
-44.6106156810  3.1415926536  3.1415926536  0.0000000000  0.0000000000
-43.3539786195  3.1415926536  3.1415926536  0.0000000000  0.0000000000
-42.0973415581  3.1415926536  3.1415926536  0.0000000000  0.0000000000
-40.8407044967  3.1415926536  3.1415926536  0.0000000000  0.0000000000
-39.5840674352  3.1415926536  3.1415926536  0.0000000000  0.0000000000
-38.3274303738  3.1415926536  3.1415926536  0.0000000000  0.0000000000
-37.0707933124  3.1415926536  3.1415926536  0.0000000000  0.0000000000
-35.8141562509  3.1415926536  3.1415926536  0.0000000000  0.0000000000
-34.5575191895  3.1415926536  3.1415926536  0.0000000000  0.0000000000
-33.3008821281  3.1415926536  3.1415926536  0.0000000000  0.0000000000
-32.0442450666  3.1415926536  3.1415926536  0.0000000000  0.0000000000
-30.7876080052  3.1415926536  3.1415926536  0.0000000000  0.0000000000
-29.5309709437  3.1415926536  3.1415926536  0.0000000000  0.0000000000
-28.2743338823  3.1415926536  3.1415926536  0.0000000000  0.0000000000
-27.0176968209  3.1415926536  3.1415926536  0.0000000000  0.0000000000
-25.7610597594  3.1415926536  3.1415926536  0.0000000000  0.0000000000
-24.5044226980  3.1415926536  3.1415926536  0.0000000000  0.0000000000
-23.2477856366  3.1415926536  3.1415926536  0.0000000000  0.0000000000
-21.9911485751  3.1415926536  3.1415926536  0.0000000000  0.0000000000
-20.7345115137  3.1415926536  3.1415926536  0.0000000000  0.0000000000
-19.4778744523  3.1415926536  3.1415926536  0.0000000000  0.0000000000
-18.2212373908  3.1415926536  3.1415926536  0.0000000000  0.0000000000
-16.9646003294  3.1415926536  3.1415926536  0.0000000000  0.0000000000
-15.7079632679  3.1415926536  3.1415926536  0.0000000000  0.0000000000
-14.4513262065  3.1415926536  3.1415926536  0.0000000000  0.0000000000
-13.1946891451  3.1415926536  3.1415926536  0.0000000000  0.0000000000
-11.9380520836  3.1415926536  3.1415926536  0.0000000000  0.0000000000
-10.6814150222  3.1415926536  3.1415926536  0.0000000000  0.0000000000
-9.4247779608  3.1415926536  3.1415926536  0.0000000000  0.0000000000
-8.1681408993  3.1415926536  3.1415926536  0.0000000000  0.0000000000
-6.9115038379  3.1415926536  3.1415926536  0.0000000000  0.0000000000
-5.6548667765  3.1415926536  3.1415926536  0.0000000000  0.0000000000
-4.3982297150  3.1415926536  3.1415926536  0.0000000000  0.0000000000
-3.1415926536  3.1415926536  3.1415926536  0.0000000000  0.0000000000
-1.8849555922  3.1415926536  3.1415926536  0.0000000000  0.0001145931
-0.6283185307  3.1415926536  3.1415926536  -0.0031518834  0.0000000000
0.6283185307  3.1415926536  3.1415926536  -0.3849803884  -0.1195637091
1.8849555922  3.1415926536  3.1415926536  -0.2436160563  -0.2000187216
3.1415926536  3.1415926536  3.1415926536  -0.1477616092  -0.1938076872
4.3982297150  3.1415926536  3.1415926536  -0.0942456502  -0.1693545679
5.6548667765  3.1415926536  3.1415926536  -0.0639243279  -0.1457793353
6.9115038379  3.1415926536  3.1415926536  -0.0457048283  -0.1263358992
8.1681408993  3.1415926536  3.1415926536  -0.0340959961  -0.1107644148
9.4247779608  3.1415926536  3.1415926536  -0.0263166816  -0.0982644602
10.6814150222  3.1415926536  3.1415926536  -0.0208797700  -0.0881138423
11.9380520836  3.1415926536  3.1415926536  -0.0169447212  -0.0797570155
13.1946891451  3.1415926536  3.1415926536  -0.0140120534  -0.0727830340
14.4513262065  3.1415926536  3.1415926536  -0.0117716876  -0.0668893337
15.7079632679  3.1415926536  3.1415926536  -0.0100236902  -0.0618514437
16.9646003294  3.1415926536  3.1415926536  -0.0086348381  -0.0575007942
18.2212373908  3.1415926536  3.1415926536  -0.0075137788  -0.0537090670
19.4778744523  3.1415926536  3.1415926536  -0.0065962780  -0.0503772460
20.7345115137  3.1415926536  3.1415926536  -0.0058361575  -0.0474279215
21.9911485751  3.1415926536  3.1415926536  -0.0051995618  -0.0447998276
23.2477856366  3.1415926536  3.1415926536  -0.0046612305  -0.0424439189
24.5044226980  3.1415926536  3.1415926536  -0.0042020180  -0.0403205151
25.7610597594  3.1415926536  3.1415926536  -0.0038072065  -0.0383971990
27.0176968209  3.1415926536  3.1415926536  -0.0034653357  -0.0366472465
28.2743338823  3.1415926536  3.1415926536  -0.0031673775  -0.0350484435
29.5309709437  3.1415926536  3.1415926536  -0.0029061433  -0.0335821819
30.7876080052  3.1415926536  3.1415926536  -0.0026758539  -0.0322327629
32.0442450666  3.1415926536  3.1415926536  -0.0024718204  -0.0309868543
33.3008821281  3.1415926536  3.1415926536  -0.0022902076  -0.0298330642
34.5575191895  3.1415926536  3.1415926536  -0.0021278543  -0.0287616024
35.8141562509  3.1415926536  3.1415926536  -0.0019821361  -0.0277640106
37.0707933124  3.1415926536  3.1415926536  -0.0018508601  -0.0268329444
38.3274303738  3.1415926536  3.1415926536  -0.0017321825  -0.0259619968
39.5840674352  3.1415926536  3.1415926536  -0.0016245441  -0.0251455540
40.8407044967  3.1415926536  3.1415926536  -0.0015266192  -0.0243786772
42.0973415581  3.1415926536  3.1415926536  -0.0014372752  -0.0236570038
43.3539786195  3.1415926536  3.1415926536  -0.0013555394  -0.0229766670
44.6106156810  3.1415926536  3.1415926536  -0.0012805730  -0.0223342270
45.8672527424  3.1415926536  3.1415926536  -0.0012116497  -0.0217266141
47.1238898038  3.1415926536  3.1415926536  -0.0011481377  -0.0211510801
48.3805268653  3.1415926536  3.1415926536  -0.0010894858  -0.0206051578
49.6371639267  3.1415926536  3.1415926536  -0.0010352109  -0.0200866260
50.8938009882  3.1415926536  3.1415926536  -0.0009848886  -0.0195934794
52.1504380496  3.1415926536  3.1415926536  -0.0009381446  -0.0191239034
53.4070751110  3.1415926536  3.1415926536  -0.0008946479  -0.0186762518
54.6637121725  3.1415926536  3.1415926536  -0.0008541047  -0.0182490280
55.9203492339  3.1415926536  3.1415926536  -0.0008162538  -0.0178408680
57.1769862953  3.1415926536  3.1415926536  -0.0007808622  -0.0174505265
58.4336233568  3.1415926536  3.1415926536  -0.0007477216  -0.0170768640
59.6902604182  3.1415926536  3.1415926536  -0.0007166452  -0.0167188362
60.9468974796  3.1415926536  3.1415926536  -0.0006874652  -0.0163754836
62.2035345411  3.1415926536  3.1415926536  -0.0006600304  -0.0160459239
63.4601716025  3.1415926536  3.1415926536  -0.0006342046  -0.0157293438
64.7168086639  3.1415926536  3.1415926536  -0.0006098644  -0.0154249926
65.9734457254  3.1415926536  3.1415926536  -0.0005868981  -0.0151321764
67.2300827868  3.1415926536  3.1415926536  -0.0005652042  -0.0148502525
68.4867198483  3.1415926536  3.1415926536  -0.0005446906  -0.0145786254
69.7433569097  3.1415926536  3.1415926536  -0.0005252732  -0.0143167418
70.9999939711  3.1415926536  3.1415926536  -0.0005068752  -0.0140640875
72.2566310326  3.1415926536  3.1415926536  -0.0004894267  -0.0138201837
73.5132680940  3.1415926536  3.1415926536  -0.0004728634  -0.0135845841
74.7699051554  3.1415926536  3.1415926536  -0.0004571264  -0.0133568723
76.0265422169  3.1415926536  3.1415926536  -0.0004421618  -0.0131366592
77.2831792783  3.1415926536  3.1415926536  -0.0004279198  -0.0129235808
78.5398163397  3.1415926536  3.1415926536  -0.0004143546  -0.0127172964
79.7964534012  3.1415926536  3.1415926536  -0.0004014241  -0.0125174864
81.0530904626  3.1415926536  3.1415926536  -0.0003890893  -0.0123238511
82.3097275241  3.1415926536  3.1415926536  -0.0003773141  -0.0121361089
83.5663645855  3.1415926536  3.1415926536  -0.0003660653  -0.0119539952
84.8230016469  3.1415926536  3.1415926536  -0.0003553119  -0.0117772607
86.0796387084  3.1415926536  3.1415926536  -0.0003450253  -0.0116056709
87.3362757698  3.1415926536  3.1415926536  -0.0003351789  -0.0114390046
88.5929128312  3.1415926536  3.1415926536  -0.0003257478  -0.0112770530
89.8495498927  3.1415926536  3.1415926536  -0.0003167091  -0.0111196191
91.1061869541  3.1415926536  3.1415926536  -0.0003080414  -0.0109665165
92.3628240155  3.1415926536  3.1415926536  -0.0002997245  -0.0108175692
93.6194610770  3.1415926536  3.1415926536  -0.0002917398  -0.0106726103
94.8760981384  3.1415926536  3.1415926536  -0.0002840699  -0.0105314820
96.1327351998  3.1415926536  3.1415926536  -0.0002766985  -0.0103940344
97.3893722613  3.1415926536  3.1415926536  -0.0002696102  -0.0102601255
98.6460093227  3.1415926536  3.1415926536  -0.0002627907  -0.0101296206
99.9026463842  3.1415926536  3.1415926536  -0.0002562267  -0.0100023915
101.1592834456  3.1415926536  3.1415926536  -0.0002499055  -0.0098783165
102.4159205070  3.1415926536  3.1415926536  -0.0002438152  -0.0097572799
103.6725575685  3.1415926536  3.1415926536  -0.0002379449  -0.0096391715
104.9291946299  3.1415926536  3.1415926536  -0.0002322840  -0.0095238863
106.1858316913  3.1415926536  3.1415926536  -0.0002268227  -0.0094113243
107.4424687528  3.1415926536  3.1415926536  -0.0002215517  -0.0093013904
108.6991058142  3.1415926536  3.1415926536  -0.0002164622  -0.0091939935
109.9557428756  3.1415926536  3.1415926536  -0.0002115461  -0.0090890469
111.2123799371  3.1415926536  3.1415926536  -0.0002067955  -0.0089864677
112.4690169985  3.1415926536  3.1415926536  -0.0002022032  -0.0088861768
113.7256540600  3.1415926536  3.1415926536  -0.0001977621  -0.0087880985
114.9822911214  3.1415926536  3.1415926536  -0.0001934657  -0.0086921603
116.2389281828  3.1415926536  3.1415926536  -0.0001893077  -0.0085982931
117.4955652443  3.1415926536  3.1415926536  -0.0001852824  -0.0085064306
118.7522023057  3.1415926536  3.1415926536  -0.0001813840  -0.0084165091
120.0088393671  3.1415926536  3.1415926536  -0.0001776074  -0.0083284680
121.2654764286  3.1415926536  3.1415926536  -0.0001739475  -0.0082422487
122.5221134900  3.1415926536  3.1415926536  -0.0001703995  -0.0081577955
123.7787505514  3.1415926536  3.1415926536  -0.0001669590  -0.0080750546
125.0353876129  3.1415926536  3.1415926536  -0.0001636216  -0.0079939744
126.2920246743  3.1415926536  3.1415926536  -0.0001603832  -0.0079145056
127.5486617357  3.1415926536  3.1415926536  -0.0001572401  -0.0078366005
128.8052987972  3.1415926536  3.1415926536  -0.0001541884  -0.0077602135
130.0619358586  3.1415926536  3.1415926536  -0.0001512247  -0.0076853006
131.3185729201  3.1415926536  3.1415926536  -0.0001483456  -0.0076118197
132.5752099815  3.1415926536  3.1415926536  -0.0001455479  -0.0075397300
133.8318470429  3.1415926536  3.1415926536  -0.0001428286  -0.0074689924
135.0884841044  3.1415926536  3.1415926536  -0.0001401848  -0.0073995692
136.3451211658  3.1415926536  3.1415926536  -0.0001376138  -0.0073314243
137.6017582272  3.1415926536  3.1415926536  -0.0001351128  -0.0072645225
138.8583952887  3.1415926536  3.1415926536  -0.0001326793  -0.0071988302
140.1150323501  3.1415926536  3.1415926536  -0.0001303110  -0.0071343150
141.3716694115  3.1415926536  3.1415926536  -0.0001280055  -0.0070709454
142.6283064730  3.1415926536  3.1415926536  -0.0001257607  -0.0070086912
143.8849435344  3.1415926536  3.1415926536  -0.0001235744  -0.0069475233
145.1415805958  3.1415926536  3.1415926536  -0.0001214446  -0.0068874135
146.3982176573  3.1415926536  3.1415926536  -0.0001193694  -0.0068283345
147.6548547187  3.1415926536  3.1415926536  -0.0001173469  -0.0067702602
148.9114917802  3.1415926536  3.1415926536  -0.0001153754  -0.0067131649
150.1681288416  3.1415926536  3.1415926536  -0.0001134531  -0.0066570244
151.4247659030  3.1415926536  3.1415926536  -0.0001115785  -0.0066018147
152.6814029645  3.1415926536  3.1415926536  -0.0001097500  -0.0065475130
153.9380400259  3.1415926536  3.1415926536  -0.0001079660  -0.0064940970
155.1946770873  3.1415926536  3.1415926536  -0.0001062251  -0.0064415452
156.4513141488  3.1415926536  3.1415926536  -0.0001045261  -0.0063898369
157.7079512102  3.1415926536  3.1415926536  -0.0001028674  -0.0063389519
158.9645882716  3.1415926536  3.1415926536  -0.0001012480  -0.0062888706
160.2212253331  3.1415926536  3.1415926536  -0.0000996664  -0.0062395744
161.4778623945  3.1415926536  3.1415926536  -0.0000981216  -0.0061910447
162.7344994560  3.1415926536  3.1415926536  -0.0000966125  -0.0061432638
163.9911365174  3.1415926536  3.1415926536  -0.0000951379  -0.0060962147
165.2477735788  3.1415926536  3.1415926536  -0.0000936968  -0.0060498805
166.5044106403  3.1415926536  3.1415926536  -0.0000922882  -0.0060042452
167.7610477017  3.1415926536  3.1415926536  -0.0000909111  -0.0059592930
169.0176847631  3.1415926536  3.1415926536  -0.0000895646  -0.0059150087
170.2743218246  3.1415926536  3.1415926536  -0.0000882478  -0.0058713776
171.5309588860  3.1415926536  3.1415926536  -0.0000869599  -0.0058283853
172.7875959474  3.1415926536  3.1415926536  -0.0000856999  -0.0057860179
174.0442330089  3.1415926536  3.1415926536  -0.0000844671  -0.0057442618
175.3008700703  3.1415926536  3.1415926536  -0.0000832607  -0.0057031039
176.5575071317  3.1415926536  3.1415926536  -0.0000820799  -0.0056625315
177.8141441932  3.1415926536  3.1415926536  -0.0000809241  -0.0056225322
179.0707812546  3.1415926536  3.1415926536  -0.0000797926  -0.0055830939
180.3274183161  3.1415926536  3.1415926536  -0.0000786846  -0.0055442048
181.5840553775  3.1415926536  3.1415926536  -0.0000775995  -0.0055058537
182.8406924389  3.1415926536  3.1415926536  -0.0000765367  -0.0054680294
184.0973295004  3.1415926536  3.1415926536  -0.0000754956  -0.0054307211
185.3539665618  3.1415926536  3.1415926536  -0.0000744756  -0.0053939183
186.6106036232  3.1415926536  3.1415926536  -0.0000734761  -0.0053576109
187.8672406847  3.1415926536  3.1415926536  -0.0000724966  -0.0053217890
189.1238777461  3.1415926536  3.1415926536  -0.0000715366  -0.0052864427
190.3805148075  3.1415926536  3.1415926536  -0.0000705954  -0.0052515628
191.6371518690  3.1415926536  3.1415926536  -0.0000696728  -0.0052171401
192.8937889304  3.1415926536  3.1415926536  -0.0000687681  -0.0051831656
194.1504259918  3.1415926536  3.1415926536  -0.0000678809  -0.0051496306
195.4070630533  3.1415926536  3.1415926536  -0.0000670108  -0.0051165268
196.6637001147  3.1415926536  3.1415926536  -0.0000661573  -0.0050838457
197.9203371762  3.1415926536  3.1415926536  -0.0000653200  -0.0050515794
199.1769742376  3.1415926536  3.1415926536  -0.0000644985  -0.0050197200
200.4336112990  3.1415926536  3.1415926536  -0.0000636924  -0.0049882599
201.6902483605  3.1415926536  3.1415926536  -0.0000629013  -0.0049571916
202.9468854219  3.1415926536  3.1415926536  -0.0000621248  -0.0049265078
204.2035224833  3.1415926536  3.1415926536  -0.0000613627  -0.0048962015
205.4601595448  3.1415926536  3.1415926536  -0.0000606144  -0.0048662657
206.7167966062  3.1415926536  3.1415926536  -0.0000598798  -0.0048366937
207.9734336676  3.1415926536  3.1415926536  -0.0000591585  -0.0048074788
209.2300707291  3.1415926536  3.1415926536  -0.0000584501  -0.0047786148
210.4867077905  3.1415926536  3.1415926536  -0.0000577543  -0.0047500951
211.7433448520  3.1415926536  3.1415926536  -0.0000570709  -0.0047219139
212.9999819134  3.1415926536  3.1415926536  -0.0000563996  -0.0046940650
214.2566189748  3.1415926536  3.1415926536  -0.0000557400  -0.0046665426
215.5132560363  3.1415926536  3.1415926536  -0.0000550920  -0.0046393410
216.7698930977  3.1415926536  3.1415926536  -0.0000544551  -0.0046124547
218.0265301591  3.1415926536  3.1415926536  -0.0000538293  -0.0045858781
219.2831672206  3.1415926536  3.1415926536  -0.0000532141  -0.0045596060
220.5398042820  3.1415926536  3.1415926536  -0.0000526095  -0.0045336332
221.7964413434  3.1415926536  3.1415926536  -0.0000520151  -0.0045079545
223.0530784049  3.1415926536  3.1415926536  -0.0000514307  -0.0044825651
224.3097154663  3.1415926536  3.1415926536  -0.0000508561  -0.0044574600
225.5663525277  3.1415926536  3.1415926536  -0.0000502911  -0.0044326345
226.8229895892  3.1415926536  3.1415926536  -0.0000497355  -0.0044080839
228.0796266506  3.1415926536  3.1415926536  -0.0000491890  -0.0043838038
229.3362637121  3.1415926536  3.1415926536  -0.0000486514  -0.0043597897
230.5929007735  3.1415926536  3.1415926536  -0.0000481226  -0.0043360371
231.8495378349  3.1415926536  3.1415926536  -0.0000476024  -0.0043125420
233.1061748964  3.1415926536  3.1415926536  -0.0000470906  -0.0042893001
234.3628119578  3.1415926536  3.1415926536  -0.0000465870  -0.0042663073
235.6194490192  3.1415926536  3.1415926536  -0.0000460915  -0.0042435596
236.8760860807  3.1415926536  3.1415926536  -0.0000456038  -0.0042210533
238.1327231421  3.1415926536  3.1415926536  -0.0000451237  -0.0041987843
239.3893602035  3.1415926536  3.1415926536  -0.0000446513  -0.0041767491
240.6459972650  3.1415926536  3.1415926536  -0.0000441862  -0.0041549439
241.9026343264  3.1415926536  3.1415926536  -0.0000437283  -0.0041333652
243.1592713878  3.1415926536  3.1415926536  -0.0000432776  -0.0041120094
244.4159084493  3.1415926536  3.1415926536  -0.0000428337  -0.0040908732
245.6725455107  3.1415926536  3.1415926536  -0.0000423967  -0.0040699531
246.9291825722  3.1415926536  3.1415926536  -0.0000419663  -0.0040492458
248.1858196336  3.1415926536  3.1415926536  -0.0000415424  -0.0040287482
249.4424566950  3.1415926536  3.1415926536  -0.0000411249  -0.0040084570
250.6990937565  3.1415926536  3.1415926536  -0.0000407137  -0.0039883692
251.9557308179  3.1415926536  3.1415926536  -0.0000403086  -0.0039684816
253.2123678793  3.1415926536  3.1415926536  -0.0000399095  -0.0039487914
254.4690049408  3.1415926536  3.1415926536  -0.0000395163  -0.0039292956
255.7256420022  3.1415926536  3.1415926536  -0.0000391289  -0.0039099914
256.9822790636  3.1415926536  3.1415926536  -0.0000387472  -0.0038908759
258.2389161251  3.1415926536  3.1415926536  -0.0000383710  -0.0038719463
259.4955531865  3.1415926536  3.1415926536  -0.0000380003  -0.0038532001
260.7521902480  3.1415926536  3.1415926536  -0.0000376349  -0.0038346344
262.0088273094  3.1415926536  3.1415926536  -0.0000372748  -0.0038162468
263.2654643708  3.1415926536  3.1415926536  -0.0000369198  -0.0037980347
264.5221014323  3.1415926536  3.1415926536  -0.0000365699  -0.0037799955
265.7787384937  3.1415926536  3.1415926536  -0.0000362249  -0.0037621269
267.0353755551  3.1415926536  3.1415926536  -0.0000358847  -0.0037444264
268.2920126166  3.1415926536  3.1415926536  -0.0000355494  -0.0037268917
269.5486496780  3.1415926536  3.1415926536  -0.0000352187  -0.0037095204
270.8052867394  3.1415926536  3.1415926536  -0.0000348926  -0.0036923103
272.0619238009  3.1415926536  3.1415926536  -0.0000345710  -0.0036752591
273.3185608623  3.1415926536  3.1415926536  -0.0000342538  -0.0036583647
274.5751979237  3.1415926536  3.1415926536  -0.0000339410  -0.0036416249
275.8318349852  3.1415926536  3.1415926536  -0.0000336325  -0.0036250375
277.0884720466  3.1415926536  3.1415926536  -0.0000333281  -0.0036086006
278.3451091081  3.1415926536  3.1415926536  -0.0000330279  -0.0035923120
279.6017461695  3.1415926536  3.1415926536  -0.0000327317  -0.0035761698
280.8583832309  3.1415926536  3.1415926536  -0.0000324394  -0.0035601720
282.1150202924  3.1415926536  3.1415926536  -0.0000321511  -0.0035443167
283.3716573538  3.1415926536  3.1415926536  -0.0000318665  -0.0035286020
284.6282944152  3.1415926536  3.1415926536  -0.0000315858  -0.0035130260
285.8849314767  3.1415926536  3.1415926536  -0.0000313087  -0.0034975869
287.1415685381  3.1415926536  3.1415926536  -0.0000310353  -0.0034822829
288.3982055995  3.1415926536  3.1415926536  -0.0000307654  -0.0034671122
289.6548426610  3.1415926536  3.1415926536  -0.0000304990  -0.0034520731
290.9114797224  3.1415926536  3.1415926536  -0.0000302361  -0.0034371639
292.1681167839  3.1415926536  3.1415926536  -0.0000299766  -0.0034223830
293.4247538453  3.1415926536  3.1415926536  -0.0000297204  -0.0034077286
294.6813909067  3.1415926536  3.1415926536  -0.0000294674  -0.0033931991
295.9380279682  3.1415926536  3.1415926536  -0.0000292177  -0.0033787930
297.1946650296  3.1415926536  3.1415926536  -0.0000289711  -0.0033645088
298.4513020910  3.1415926536  3.1415926536  -0.0000287277  -0.0033503447
299.7079391525  3.1415926536  3.1415926536  -0.0000284873  -0.0033362995
300.9645762139  3.1415926536  3.1415926536  -0.0000282499  -0.0033223714
302.2212132753  3.1415926536  3.1415926536  -0.0000280154  -0.0033085592
303.4778503368  3.1415926536  3.1415926536  -0.0000277839  -0.0032948614
304.7344873982  3.1415926536  3.1415926536  -0.0000275552  -0.0032812764
305.9911244596  3.1415926536  3.1415926536  -0.0000273294  -0.0032678031
307.2477615211  3.1415926536  3.1415926536  -0.0000271062  -0.0032544399
308.5043985825  3.1415926536  3.1415926536  -0.0000268859  -0.0032411856
309.7610356440  3.1415926536  3.1415926536  -0.0000266682  -0.0032280388
311.0176727054  3.1415926536  3.1415926536  -0.0000264531  -0.0032149982
312.2743097668  3.1415926536  3.1415926536  -0.0000262406  -0.0032020625
313.5309468283  3.1415926536  3.1415926536  -0.0000260307  -0.0031892305
314.7875838897  3.1415926536  3.1415926536  -0.0000258233  -0.0031765009
316.0442209511  3.1415926536  3.1415926536  -0.0000256183  -0.0031638725
317.3008580126  3.1415926536  3.1415926536  -0.0000254158  -0.0031513442
318.5574950740  3.1415926536  3.1415926536  -0.0000252157  -0.0031389146
319.8141321354  3.1415926536  3.1415926536  -0.0000250179  -0.0031265827
321.0707691969  3.1415926536  3.1415926536  -0.0000248224  -0.0031143473
322.3274062583  3.1415926536  3.1415926536  -0.0000246292  -0.0031022074
323.5840433197  3.1415926536  3.1415926536  -0.0000244383  -0.0030901616
324.8406803812  3.1415926536  3.1415926536  -0.0000242496  -0.0030782091
326.0973174426  3.1415926536  3.1415926536  -0.0000240631  -0.0030663486
327.3539545041  3.1415926536  3.1415926536  -0.0000238787  -0.0030545792
328.6105915655  3.1415926536  3.1415926536  -0.0000236964  -0.0030428998
329.8672286269  3.1415926536  3.1415926536  -0.0000235162  -0.0030313094
331.1238656884  3.1415926536  3.1415926536  -0.0000233380  -0.0030198069
332.3805027498  3.1415926536  3.1415926536  -0.0000231619  -0.0030083914
333.6371398112  3.1415926536  3.1415926536  -0.0000229877  -0.0029970618
334.8937768727  3.1415926536  3.1415926536  -0.0000228155  -0.0029858173
336.1504139341  3.1415926536  3.1415926536  -0.0000226452  -0.0029746568
337.4070509955  3.1415926536  3.1415926536  -0.0000224768  -0.0029635794
338.6636880570  3.1415926536  3.1415926536  -0.0000223103  -0.0029525842
339.9203251184  3.1415926536  3.1415926536  -0.0000221457  -0.0029416703
341.1769621799  3.1415926536  3.1415926536  -0.0000219828  -0.0029308368
342.4335992413  3.1415926536  3.1415926536  -0.0000218218  -0.0029200828
343.6902363027  3.1415926536  3.1415926536  -0.0000216625  -0.0029094074
344.9468733642  3.1415926536  3.1415926536  -0.0000215049  -0.0028988098
346.2035104256  3.1415926536  3.1415926536  -0.0000213491  -0.0028882891
347.4601474870  3.1415926536  3.1415926536  -0.0000211949  -0.0028778444
348.7167845485  3.1415926536  3.1415926536  -0.0000210425  -0.0028674751
349.9734216099  3.1415926536  3.1415926536  -0.0000208916  -0.0028571802
351.2300586713  3.1415926536  3.1415926536  -0.0000207424  -0.0028469589
352.4866957328  3.1415926536  3.1415926536  -0.0000205947  -0.0028368105
353.7433327942  3.1415926536  3.1415926536  -0.0000204487  -0.0028267342
354.9999698556  3.1415926536  3.1415926536  -0.0000203041  -0.0028167292
356.2566069171  3.1415926536  3.1415926536  -0.0000201611  -0.0028067948
357.5132439785  3.1415926536  3.1415926536  -0.0000200196  -0.0027969303
358.7698810400  3.1415926536  3.1415926536  -0.0000198796  -0.0027871348
360.0265181014  3.1415926536  3.1415926536  -0.0000197411  -0.0027774076
361.2831551628  3.1415926536  3.1415926536  -0.0000196040  -0.0027677482
362.5397922243  3.1415926536  3.1415926536  -0.0000194683  -0.0027581557
363.7964292857  3.1415926536  3.1415926536  -0.0000193340  -0.0027486294
365.0530663471  3.1415926536  3.1415926536  -0.0000192012  -0.0027391687
366.3097034086  3.1415926536  3.1415926536  -0.0000190696  -0.0027297730
367.5663404700  3.1415926536  3.1415926536  -0.0000189395  -0.0027204414
368.8229775314  3.1415926536  3.1415926536  -0.0000188106  -0.0027111734
370.0796145929  3.1415926536  3.1415926536  -0.0000186831  -0.0027019684
371.3362516543  3.1415926536  3.1415926536  -0.0000185568  -0.0026928257
372.5928887157  3.1415926536  3.1415926536  -0.0000184318  -0.0026837446
373.8495257772  3.1415926536  3.1415926536  -0.0000183081  -0.0026747245
375.1061628386  3.1415926536  3.1415926536  -0.0000181857  -0.0026657649
376.3627999001  3.1415926536  3.1415926536  -0.0000180644  -0.0026568651
377.6194369615  3.1415926536  3.1415926536  -0.0000179444  -0.0026480245
378.8760740229  3.1415926536  3.1415926536  -0.0000178255  -0.0026392426
380.1327110844  3.1415926536  3.1415926536  -0.0000177079  -0.0026305187
381.3893481458  3.1415926536  3.1415926536  -0.0000175914  -0.0026218523
382.6459852072  3.1415926536  3.1415926536  -0.0000174760  -0.0026132428
383.9026222687  3.1415926536  3.1415926536  -0.0000173618  -0.0026046897
385.1592593301  3.1415926536  3.1415926536  -0.0000172486  -0.0025961923
386.4158963915  3.1415926536  3.1415926536  -0.0000171366  -0.0025877503
387.6725334530  3.1415926536  3.1415926536  -0.0000170257  -0.0025793629
388.9291705144  3.1415926536  3.1415926536  -0.0000169159  -0.0025710298
390.1858075759  3.1415926536  3.1415926536  -0.0000168071  -0.0025627503
391.4424446373  3.1415926536  3.1415926536  -0.0000166993  -0.0025545239
392.6990816987  3.1415926536  3.1415926536  -0.0000165926  -0.0025463502
393.9557187602  3.1415926536  3.1415926536  -0.0000164869  -0.0025382287
395.2123558216  3.1415926536  3.1415926536  -0.0000163822  -0.0025301587
396.4689928830  3.1415926536  3.1415926536  -0.0000162785  -0.0025221400
397.7256299445  3.1415926536  3.1415926536  -0.0000161758  -0.0025141718
398.9822670059  3.1415926536  3.1415926536  -0.0000160741  -0.0025062539
400.2389040673  3.1415926536  3.1415926536  -0.0000159733  -0.0024983857
401.4955411288  3.1415926536  3.1415926536  -0.0000158734  -0.0024905667
402.7521781902  3.1415926536  3.1415926536  -0.0000157745  -0.0024827966
404.0088152516  3.1415926536  3.1415926536  -0.0000156765  -0.0024750747
405.2654523131  3.1415926536  3.1415926536  -0.0000155795  -0.0024674008
406.5220893745  3.1415926536  3.1415926536  -0.0000154833  -0.0024597742
407.7787264360  3.1415926536  3.1415926536  -0.0000153880  -0.0024521947
409.0353634974  3.1415926536  3.1415926536  -0.0000152936  -0.0024446617
410.2920005588  3.1415926536  3.1415926536  -0.0000152000  -0.0024371749
411.5486376203  3.1415926536  3.1415926536  -0.0000151073  -0.0024297338
412.8052746817  3.1415926536  3.1415926536  -0.0000150155  -0.0024223380
414.0619117431  3.1415926536  3.1415926536  -0.0000149245  -0.0024149870
415.3185488046  3.1415926536  3.1415926536  -0.0000148343  -0.0024076806
416.5751858660  3.1415926536  3.1415926536  -0.0000147449  -0.0024004182
417.8318229274  3.1415926536  3.1415926536  -0.0000146563  -0.0023931995
419.0884599889  3.1415926536  3.1415926536  -0.0000145686  -0.0023860241
420.3450970503  3.1415926536  3.1415926536  -0.0000144816  -0.0023788916
421.6017341118  3.1415926536  3.1415926536  -0.0000143954  -0.0023718016
422.8583711732  3.1415926536  3.1415926536  -0.0000143099  -0.0023647537
424.1150082346  3.1415926536  3.1415926536  -0.0000142253  -0.0023577476
425.3716452961  3.1415926536  3.1415926536  -0.0000141413  -0.0023507829
426.6282823575  3.1415926536  3.1415926536  -0.0000140581  -0.0023438592
427.8849194189  3.1415926536  3.1415926536  -0.0000139757  -0.0023369762
429.1415564804  3.1415926536  3.1415926536  -0.0000138939  -0.0023301334
430.3981935418  3.1415926536  3.1415926536  -0.0000138129  -0.0023233307
431.6548306032  3.1415926536  3.1415926536  -0.0000137326  -0.0023165675
432.9114676647  3.1415926536  3.1415926536  -0.0000136530  -0.0023098436
434.1681047261  3.1415926536  3.1415926536  -0.0000135740  -0.0023031586
435.4247417875  3.1415926536  3.1415926536  -0.0000134958  -0.0022965122
436.6813788490  3.1415926536  3.1415926536  -0.0000134182  -0.0022899040
437.9380159104  3.1415926536  3.1415926536  -0.0000133413  -0.0022833338
439.1946529719  3.1415926536  3.1415926536  -0.0000132651  -0.0022768011
440.4512900333  3.1415926536  3.1415926536  -0.0000131895  -0.0022703058
441.7079270947  3.1415926536  3.1415926536  -0.0000131145  -0.0022638473
442.9645641562  3.1415926536  3.1415926536  -0.0000130402  -0.0022574256
444.2212012176  3.1415926536  3.1415926536  -0.0000129665  -0.0022510401
445.4778382790  3.1415926536  3.1415926536  -0.0000128935  -0.0022446907
446.7344753405  3.1415926536  3.1415926536  -0.0000128210  -0.0022383770
447.9911124019  3.1415926536  3.1415926536  -0.0000127492  -0.0022320987
449.2477494633  3.1415926536  3.1415926536  -0.0000126780  -0.0022258555
450.5043865248  3.1415926536  3.1415926536  -0.0000126073  -0.0022196471
451.7610235862  3.1415926536  3.1415926536  -0.0000125373  -0.0022134733
453.0176606476  3.1415926536  3.1415926536  -0.0000124678  -0.0022073337
454.2742977091  3.1415926536  3.1415926536  -0.0000123989  -0.0022012281
455.5309347705  3.1415926536  3.1415926536  -0.0000123306  -0.0021951562
456.7875718320  3.1415926536  3.1415926536  -0.0000122628  -0.0021891177
458.0442088934  3.1415926536  3.1415926536  -0.0000121956  -0.0021831123
459.3008459548  3.1415926536  3.1415926536  -0.0000121290  -0.0021771398
460.5574830163  3.1415926536  3.1415926536  -0.0000120629  -0.0021711998
461.8141200777  3.1415926536  3.1415926536  -0.0000119973  -0.0021652922
463.0707571391  3.1415926536  3.1415926536  -0.0000119323  -0.0021594166
464.3273942006  3.1415926536  3.1415926536  -0.0000118678  -0.0021535729
465.5840312620  3.1415926536  3.1415926536  -0.0000118038  -0.0021477606
466.8406683234  3.1415926536  3.1415926536  -0.0000117403  -0.0021419797
468.0973053849  3.1415926536  3.1415926536  -0.0000116773  -0.0021362298
469.3539424463  3.1415926536  3.1415926536  -0.0000116149  -0.0021305107
470.6105795078  3.1415926536  3.1415926536  -0.0000115529  -0.0021248221
471.8672165692  3.1415926536  3.1415926536  -0.0000114915  -0.0021191639
473.1238536306  3.1415926536  3.1415926536  -0.0000114305  -0.0021135356
474.3804906921  3.1415926536  3.1415926536  -0.0000113700  -0.0021079372
475.6371277535  3.1415926536  3.1415926536  -0.0000113100  -0.0021023684
476.8937648149  3.1415926536  3.1415926536  -0.0000112505  -0.0020968289
478.1504018764  3.1415926536  3.1415926536  -0.0000111914  -0.0020913186
479.4070389378  3.1415926536  3.1415926536  -0.0000111328  -0.0020858371
480.6636759992  3.1415926536  3.1415926536  -0.0000110747  -0.0020803843
481.9203130607  3.1415926536  3.1415926536  -0.0000110170  -0.0020749599
483.1769501221  3.1415926536  3.1415926536  -0.0000109597  -0.0020695637
484.4335871835  3.1415926536  3.1415926536  -0.0000109029  -0.0020641955
485.6902242450  3.1415926536  3.1415926536  -0.0000108466  -0.0020588551
486.9468613064  3.1415926536  3.1415926536  -0.0000107907  -0.0020535423
488.2034983679  3.1415926536  3.1415926536  -0.0000107352  -0.0020482568
489.4601354293  3.1415926536  3.1415926536  -0.0000106801  -0.0020429984
490.7167724907  3.1415926536  3.1415926536  -0.0000106255  -0.0020377670
491.9734095522  3.1415926536  3.1415926536  -0.0000105713  -0.0020325622
493.2300466136  3.1415926536  3.1415926536  -0.0000105175  -0.0020273841
494.4866836750  3.1415926536  3.1415926536  -0.0000104641  -0.0020222322
495.7433207365  3.1415926536  3.1415926536  -0.0000104111  -0.0020171064
496.9999577979  3.1415926536  3.1415926536  -0.0000103585  -0.0020120066
498.2565948593  3.1415926536  3.1415926536  -0.0000103063  -0.0020069325
499.5132319208  3.1415926536  3.1415926536  -0.0000102545  -0.0020018839
500.7698689822  3.1415926536  3.1415926536  -0.0000102031  -0.0019968606
502.0265060436  3.1415926536  3.1415926536  -0.0000101521  -0.0019918625
503.2831431051  3.1415926536  3.1415926536  -0.0000101014  -0.0019868894
504.5397801665  3.1415926536  3.1415926536  -0.0000100512  -0.0019819410
505.7964172280  3.1415926536  3.1415926536  -0.0000100013  -0.0019770172
507.0530542894  3.1415926536  3.1415926536  -0.0000099517  -0.0019721178
508.3096913508  3.1415926536  3.1415926536  -0.0000099026  -0.0019672426
509.5663284123  3.1415926536  3.1415926536  -0.0000098538  -0.0019623915
510.8229654737  3.1415926536  3.1415926536  -0.0000098054  -0.0019575642
512.0796025351  3.1415926536  3.1415926536  -0.0000097573  -0.0019527607
513.3362395966  3.1415926536  3.1415926536  -0.0000097096  -0.0019479806
514.5928766580  3.1415926536  3.1415926536  -0.0000096622  -0.0019432239
515.8495137194  3.1415926536  3.1415926536  -0.0000096152  -0.0019384904
517.1061507809  3.1415926536  3.1415926536  -0.0000095685  -0.0019337798
518.3627878423  3.1415926536  3.1415926536  -0.0000095222  -0.0019290921
519.6194249038  3.1415926536  3.1415926536  -0.0000094762  -0.0019244271
520.8760619652  3.1415926536  3.1415926536  -0.0000094305  -0.0019197846
522.1326990266  3.1415926536  3.1415926536  -0.0000093851  -0.0019151644
523.3893360881  3.1415926536  3.1415926536  -0.0000093401  -0.0019105664
524.6459731495  3.1415926536  3.1415926536  -0.0000092954  -0.0019059905
525.9026102109  3.1415926536  3.1415926536  -0.0000092510  -0.0019014364
527.1592472724  3.1415926536  3.1415926536  -0.0000092070  -0.0018969040
528.4158843338  3.1415926536  3.1415926536  -0.0000091632  -0.0018923931
529.6725213952  3.1415926536  3.1415926536  -0.0000091198  -0.0018879037
530.9291584567  3.1415926536  3.1415926536  -0.0000090767  -0.0018834355
532.1857955181  3.1415926536  3.1415926536  -0.0000090338  -0.0018789885
533.4424325795  3.1415926536  3.1415926536  -0.0000089913  -0.0018745623
534.6990696410  3.1415926536  3.1415926536  -0.0000089491  -0.0018701570
535.9557067024  3.1415926536  3.1415926536  -0.0000089072  -0.0018657723
537.2123437639  3.1415926536  3.1415926536  -0.0000088656  -0.0018614082
538.4689808253  3.1415926536  3.1415926536  -0.0000088242  -0.0018570644
539.7256178867  3.1415926536  3.1415926536  -0.0000087832  -0.0018527408
540.9822549482  3.1415926536  3.1415926536  -0.0000087424  -0.0018484373
542.2388920096  3.1415926536  3.1415926536  -0.0000087019  -0.0018441538
543.4955290710  3.1415926536  3.1415926536  -0.0000086617  -0.0018398901
544.7521661325  3.1415926536  3.1415926536  -0.0000086218  -0.0018356460
546.0088031939  3.1415926536  3.1415926536  -0.0000085821  -0.0018314215
547.2654402553  3.1415926536  3.1415926536  -0.0000085428  -0.0018272164
548.5220773168  3.1415926536  3.1415926536  -0.0000085037  -0.0018230305
549.7787143782  3.1415926536  3.1415926536  -0.0000084648  -0.0018188638
551.0353514396  3.1415926536  3.1415926536  -0.0000084263  -0.0018147161
552.2919885011  3.1415926536  3.1415926536  -0.0000083880  -0.0018105872
553.5486255625  3.1415926536  3.1415926536  -0.0000083499  -0.0018064771
554.8052626240  3.1415926536  3.1415926536  -0.0000083121  -0.0018023856
556.0618996854  3.1415926536  3.1415926536  -0.0000082746  -0.0017983126
557.3185367468  3.1415926536  3.1415926536  -0.0000082373  -0.0017942580
558.5751738083  3.1415926536  3.1415926536  -0.0000082003  -0.0017902216
559.8318108697  3.1415926536  3.1415926536  -0.0000081635  -0.0017862033
561.0884479311  3.1415926536  3.1415926536  -0.0000081270  -0.0017822031
562.3450849926  3.1415926536  3.1415926536  -0.0000080907  -0.0017782207
563.6017220540  3.1415926536  3.1415926536  -0.0000080546  -0.0017742560
564.8583591154  3.1415926536  3.1415926536  -0.0000080188  -0.0017703091
566.1149961769  3.1415926536  3.1415926536  -0.0000079833  -0.0017663796
567.3716332383  3.1415926536  3.1415926536  -0.0000079479  -0.0017624675
568.6282702998  3.1415926536  3.1415926536  -0.0000079128  -0.0017585727
569.8849073612  3.1415926536  3.1415926536  -0.0000078780  -0.0017546951
571.1415444226  3.1415926536  3.1415926536  -0.0000078433  -0.0017508346
572.3981814841  3.1415926536  3.1415926536  -0.0000078089  -0.0017469910
573.6548185455  3.1415926536  3.1415926536  -0.0000077747  -0.0017431642
574.9114556069  3.1415926536  3.1415926536  -0.0000077408  -0.0017393542
576.1680926684  3.1415926536  3.1415926536  -0.0000077071  -0.0017355608
577.4247297298  3.1415926536  3.1415926536  -0.0000076735  -0.0017317839
578.6813667912  3.1415926536  3.1415926536  -0.0000076402  -0.0017280234
579.9380038527  3.1415926536  3.1415926536  -0.0000076072  -0.0017242792
581.1946409141  3.1415926536  3.1415926536  -0.0000075743  -0.0017205512
582.4512779755  3.1415926536  3.1415926536  -0.0000075416  -0.0017168393
583.7079150370  3.1415926536  3.1415926536  -0.0000075092  -0.0017131433
584.9645520984  3.1415926536  3.1415926536  -0.0000074770  -0.0017094633
586.2211891599  3.1415926536  3.1415926536  -0.0000074449  -0.0017057990
587.4778262213  3.1415926536  3.1415926536  -0.0000074131  -0.0017021504
588.7344632827  3.1415926536  3.1415926536  -0.0000073815  -0.0016985173
589.9911003442  3.1415926536  3.1415926536  -0.0000073501  -0.0016948998
591.2477374056  3.1415926536  3.1415926536  -0.0000073189  -0.0016912976
592.5043744670  3.1415926536  3.1415926536  -0.0000072878  -0.0016877107
593.7610115285  3.1415926536  3.1415926536  -0.0000072570  -0.0016841389
595.0176485899  3.1415926536  3.1415926536  -0.0000072264  -0.0016805823
596.2742856513  3.1415926536  3.1415926536  -0.0000071960  -0.0016770406
597.5309227128  3.1415926536  3.1415926536  -0.0000071657  -0.0016735139
598.7875597742  3.1415926536  3.1415926536  -0.0000071357  -0.0016700019
600.0441968357  3.1415926536  3.1415926536  -0.0000071058  -0.0016665047
601.3008338971  3.1415926536  3.1415926536  -0.0000070761  -0.0016630221
602.5574709585  3.1415926536  3.1415926536  -0.0000070466  -0.0016595540
603.8141080200  3.1415926536  3.1415926536  -0.0000070173  -0.0016561003
605.0707450814  3.1415926536  3.1415926536  -0.0000069882  -0.0016526610
606.3273821428  3.1415926536  3.1415926536  -0.0000069593  -0.0016492359
607.5840192043  3.1415926536  3.1415926536  -0.0000069305  -0.0016458250
608.8406562657  3.1415926536  3.1415926536  -0.0000069019  -0.0016424282
610.0972933271  3.1415926536  3.1415926536  -0.0000068735  -0.0016390454
611.3539303886  3.1415926536  3.1415926536  -0.0000068453  -0.0016356764
612.6105674500  3.1415926536  3.1415926536  -0.0000068172  -0.0016323213
613.8672045114  3.1415926536  3.1415926536  -0.0000067893  -0.0016289800
615.1238415729  3.1415926536  3.1415926536  -0.0000067616  -0.0016256522
616.3804786343  3.1415926536  3.1415926536  -0.0000067341  -0.0016223381
617.6371156958  3.1415926536  3.1415926536  -0.0000067067  -0.0016190374
618.8937527572  3.1415926536  3.1415926536  -0.0000066795  -0.0016157502
620.1503898186  3.1415926536  3.1415926536  -0.0000066524  -0.0016124762
621.4070268801  3.1415926536  3.1415926536  -0.0000066255  -0.0016092155
622.6636639415  3.1415926536  3.1415926536  -0.0000065988  -0.0016059680
623.9203010029  3.1415926536  3.1415926536  -0.0000065723  -0.0016027335
625.1769380644  3.1415926536  3.1415926536  -0.0000065459  -0.0015995121
626.4335751258  3.1415926536  3.1415926536  -0.0000065196  -0.0015963036
627.6902121872  3.1415926536  3.1415926536  -0.0000064935  -0.0015931079
628.9468492487  3.1415926536  3.1415926536  0.0000000000  0.0000000000
