-627.6902121872  0.0000000000  0.0000000000  0.0000000000  0.0000000000
-626.4335751258  0.0000000000  0.0000000000  0.0000000000  0.0000000000
-625.1769380644  0.0000000000  0.0000000000  0.0000000000  0.0000000000
-623.9203010029  0.0000000000  0.0000000000  0.0000000000  0.0000000000
-622.6636639415  0.0000000000  0.0000000000  0.0000000000  0.0000000000
-621.4070268801  0.0000000000  0.0000000000  0.0000000000  0.0000000000
-620.1503898186  0.0000000000  0.0000000000  0.0000000000  0.0000000000
-618.8937527572  0.0000000000  0.0000000000  0.0000000000  0.0000000000
-617.6371156958  0.0000000000  0.0000000000  0.0000000000  0.0000000000
-616.3804786343  0.0000000000  0.0000000000  0.0000000000  0.0000000000
-615.1238415729  0.0000000000  0.0000000000  0.0000000000  0.0000000000
-613.8672045114  0.0000000000  0.0000000000  0.0000000000  0.0000000000
-612.6105674500  0.0000000000  0.0000000000  0.0000000000  0.0000000000
-611.3539303886  0.0000000000  0.0000000000  0.0000000000  0.0000000000
-610.0972933271  0.0000000000  0.0000000000  0.0000000000  0.0000000000
-608.8406562657  0.0000000000  0.0000000000  0.0000000000  0.0000000000
-607.5840192043  0.0000000000  0.0000000000  0.0000000000  0.0000000000
-606.3273821428  0.0000000000  0.0000000000  0.0000000000  0.0000000000
-605.0707450814  0.0000000000  0.0000000000  0.0000000000  0.0000000000
-603.8141080200  0.0000000000  0.0000000000  0.0000000000  0.0000000000
-602.5574709585  0.0000000000  0.0000000000  0.0000000000  0.0000000000
-601.3008338971  0.0000000000  0.0000000000  0.0000000000  0.0000000000
-600.0441968357  0.0000000000  0.0000000000  0.0000000000  0.0000000000
-598.7875597742  0.0000000000  0.0000000000  0.0000000000  0.0000000000
-597.5309227128  0.0000000000  0.0000000000  0.0000000000  0.0000000000
-596.2742856513  0.0000000000  0.0000000000  0.0000000000  0.0000000000
-595.0176485899  0.0000000000  0.0000000000  0.0000000000  0.0000000000
-593.7610115285  0.0000000000  0.0000000000  0.0000000000  0.0000000000
-592.5043744670  0.0000000000  0.0000000000  0.0000000000  0.0000000000
-591.2477374056  0.0000000000  0.0000000000  0.0000000000  0.0000000000
-589.9911003442  0.0000000000  0.0000000000  0.0000000000  0.0000000000
-588.7344632827  0.0000000000  0.0000000000  0.0000000000  0.0000000000
-587.4778262213  0.0000000000  0.0000000000  0.0000000000  0.0000000000
-586.2211891599  0.0000000000  0.0000000000  0.0000000000  0.0000000000
-584.9645520984  0.0000000000  0.0000000000  0.0000000000  0.0000000000
-583.7079150370  0.0000000000  0.0000000000  0.0000000000  0.0000000000
-582.4512779755  0.0000000000  0.0000000000  0.0000000000  0.0000000000
-581.1946409141  0.0000000000  0.0000000000  0.0000000000  0.0000000000
-579.9380038527  0.0000000000  0.0000000000  0.0000000000  0.0000000000
-578.6813667912  0.0000000000  0.0000000000  0.0000000000  0.0000000000
-577.4247297298  0.0000000000  0.0000000000  0.0000000000  0.0000000000
-576.1680926684  0.0000000000  0.0000000000  0.0000000000  0.0000000000
-574.9114556069  0.0000000000  0.0000000000  0.0000000000  0.0000000000
-573.6548185455  0.0000000000  0.0000000000  0.0000000000  0.0000000000
-572.3981814841  0.0000000000  0.0000000000  0.0000000000  0.0000000000
-571.1415444226  0.0000000000  0.0000000000  0.0000000000  0.0000000000
-569.8849073612  0.0000000000  0.0000000000  0.0000000000  0.0000000000
-568.6282702998  0.0000000000  0.0000000000  0.0000000000  0.0000000000
-567.3716332383  0.0000000000  0.0000000000  0.0000000000  0.0000000000
-566.1149961769  0.0000000000  0.0000000000  0.0000000000  0.0000000000
-564.8583591154  0.0000000000  0.0000000000  0.0000000000  0.0000000000
-563.6017220540  0.0000000000  0.0000000000  0.0000000000  0.0000000000
-562.3450849926  0.0000000000  0.0000000000  0.0000000000  0.0000000000
-561.0884479311  0.0000000000  0.0000000000  0.0000000000  0.0000000000
-559.8318108697  0.0000000000  0.0000000000  0.0000000000  0.0000000000
-558.5751738083  0.0000000000  0.0000000000  0.0000000000  0.0000000000
-557.3185367468  0.0000000000  0.0000000000  0.0000000000  0.0000000000
-556.0618996854  0.0000000000  0.0000000000  0.0000000000  0.0000000000
-554.8052626240  0.0000000000  0.0000000000  0.0000000000  0.0000000000
-553.5486255625  0.0000000000  0.0000000000  0.0000000000  0.0000000000
-552.2919885011  0.0000000000  0.0000000000  0.0000000000  0.0000000000
-551.0353514396  0.0000000000  0.0000000000  0.0000000000  0.0000000000
-549.7787143782  0.0000000000  0.0000000000  0.0000000000  0.0000000000
-548.5220773168  0.0000000000  0.0000000000  0.0000000000  0.0000000000
-547.2654402553  0.0000000000  0.0000000000  0.0000000000  0.0000000000
-546.0088031939  0.0000000000  0.0000000000  0.0000000000  0.0000000000
-544.7521661325  0.0000000000  0.0000000000  0.0000000000  0.0000000000
-543.4955290710  0.0000000000  0.0000000000  0.0000000000  0.0000000000
-542.2388920096  0.0000000000  0.0000000000  0.0000000000  0.0000000000
-540.9822549482  0.0000000000  0.0000000000  0.0000000000  0.0000000000
-539.7256178867  0.0000000000  0.0000000000  0.0000000000  0.0000000000
-538.4689808253  0.0000000000  0.0000000000  0.0000000000  0.0000000000
-537.2123437639  0.0000000000  0.0000000000  0.0000000000  0.0000000000
-535.9557067024  0.0000000000  0.0000000000  0.0000000000  0.0000000000
-534.6990696410  0.0000000000  0.0000000000  0.0000000000  0.0000000000
-533.4424325795  0.0000000000  0.0000000000  0.0000000000  0.0000000000
-532.1857955181  0.0000000000  0.0000000000  0.0000000000  0.0000000000
-530.9291584567  0.0000000000  0.0000000000  0.0000000000  0.0000000000
-529.6725213952  0.0000000000  0.0000000000  0.0000000000  0.0000000000
-528.4158843338  0.0000000000  0.0000000000  0.0000000000  0.0000000000
-527.1592472724  0.0000000000  0.0000000000  0.0000000000  0.0000000000
-525.9026102109  0.0000000000  0.0000000000  0.0000000000  0.0000000000
-524.6459731495  0.0000000000  0.0000000000  0.0000000000  0.0000000000
-523.3893360881  0.0000000000  0.0000000000  0.0000000000  0.0000000000
-522.1326990266  0.0000000000  0.0000000000  0.0000000000  0.0000000000
-520.8760619652  0.0000000000  0.0000000000  0.0000000000  0.0000000000
-519.6194249038  0.0000000000  0.0000000000  0.0000000000  0.0000000000
-518.3627878423  0.0000000000  0.0000000000  0.0000000000  0.0000000000
-517.1061507809  0.0000000000  0.0000000000  0.0000000000  0.0000000000
-515.8495137194  0.0000000000  0.0000000000  0.0000000000  0.0000000000
-514.5928766580  0.0000000000  0.0000000000  0.0000000000  0.0000000000
-513.3362395966  0.0000000000  0.0000000000  0.0000000000  0.0000000000
-512.0796025351  0.0000000000  0.0000000000  0.0000000000  0.0000000000
-510.8229654737  0.0000000000  0.0000000000  0.0000000000  0.0000000000
-509.5663284123  0.0000000000  0.0000000000  0.0000000000  0.0000000000
-508.3096913508  0.0000000000  0.0000000000  0.0000000000  0.0000000000
-507.0530542894  0.0000000000  0.0000000000  0.0000000000  0.0000000000
-505.7964172280  0.0000000000  0.0000000000  0.0000000000  0.0000000000
-504.5397801665  0.0000000000  0.0000000000  0.0000000000  0.0000000000
-503.2831431051  0.0000000000  0.0000000000  0.0000000000  0.0000000000
-502.0265060436  0.0000000000  0.0000000000  0.0000000000  0.0000000000
-500.7698689822  0.0000000000  0.0000000000  0.0000000000  0.0000000000
-499.5132319208  0.0000000000  0.0000000000  0.0000000000  0.0000000000
-498.2565948593  0.0000000000  0.0000000000  0.0000000000  0.0000000000
-496.9999577979  0.0000000000  0.0000000000  0.0000000000  0.0000000000
-495.7433207365  0.0000000000  0.0000000000  0.0000000000  0.0000000000
-494.4866836750  0.0000000000  0.0000000000  0.0000000000  0.0000000000
-493.2300466136  0.0000000000  0.0000000000  0.0000000000  0.0000000000
-491.9734095522  0.0000000000  0.0000000000  0.0000000000  0.0000000000
-490.7167724907  0.0000000000  0.0000000000  0.0000000000  0.0000000000
-489.4601354293  0.0000000000  0.0000000000  0.0000000000  0.0000000000
-488.2034983679  0.0000000000  0.0000000000  0.0000000000  0.0000000000
-486.9468613064  0.0000000000  0.0000000000  0.0000000000  0.0000000000
-485.6902242450  0.0000000000  0.0000000000  0.0000000000  0.0000000000
-484.4335871835  0.0000000000  0.0000000000  0.0000000000  0.0000000000
-483.1769501221  0.0000000000  0.0000000000  0.0000000000  0.0000000000
-481.9203130607  0.0000000000  0.0000000000  0.0000000000  0.0000000000
-480.6636759992  0.0000000000  0.0000000000  0.0000000000  0.0000000000
-479.4070389378  0.0000000000  0.0000000000  0.0000000000  0.0000000000
-478.1504018764  0.0000000000  0.0000000000  0.0000000000  0.0000000000
-476.8937648149  0.0000000000  0.0000000000  0.0000000000  0.0000000000
-475.6371277535  0.0000000000  0.0000000000  0.0000000000  0.0000000000
-474.3804906921  0.0000000000  0.0000000000  0.0000000000  0.0000000000
-473.1238536306  0.0000000000  0.0000000000  0.0000000000  0.0000000000
-471.8672165692  0.0000000000  0.0000000000  0.0000000000  0.0000000000
-470.6105795078  0.0000000000  0.0000000000  0.0000000000  0.0000000000
-469.3539424463  0.0000000000  0.0000000000  0.0000000000  0.0000000000
-468.0973053849  0.0000000000  0.0000000000  0.0000000000  0.0000000000
-466.8406683234  0.0000000000  0.0000000000  0.0000000000  0.0000000000
-465.5840312620  0.0000000000  0.0000000000  0.0000000000  0.0000000000
-464.3273942006  0.0000000000  0.0000000000  0.0000000000  0.0000000000
-463.0707571391  0.0000000000  0.0000000000  0.0000000000  0.0000000000
-461.8141200777  0.0000000000  0.0000000000  0.0000000000  0.0000000000
-460.5574830163  0.0000000000  0.0000000000  0.0000000000  0.0000000000
-459.3008459548  0.0000000000  0.0000000000  0.0000000000  0.0000000000
-458.0442088934  0.0000000000  0.0000000000  0.0000000000  0.0000000000
-456.7875718320  0.0000000000  0.0000000000  0.0000000000  0.0000000000
-455.5309347705  0.0000000000  0.0000000000  0.0000000000  0.0000000000
-454.2742977091  0.0000000000  0.0000000000  0.0000000000  0.0000000000
-453.0176606476  0.0000000000  0.0000000000  0.0000000000  0.0000000000
-451.7610235862  0.0000000000  0.0000000000  0.0000000000  0.0000000000
-450.5043865248  0.0000000000  0.0000000000  0.0000000000  0.0000000000
-449.2477494633  0.0000000000  0.0000000000  0.0000000000  0.0000000000
-447.9911124019  0.0000000000  0.0000000000  0.0000000000  0.0000000000
-446.7344753405  0.0000000000  0.0000000000  0.0000000000  0.0000000000
-445.4778382790  0.0000000000  0.0000000000  0.0000000000  0.0000000000
-444.2212012176  0.0000000000  0.0000000000  0.0000000000  0.0000000000
-442.9645641562  0.0000000000  0.0000000000  0.0000000000  0.0000000000
-441.7079270947  0.0000000000  0.0000000000  0.0000000000  0.0000000000
-440.4512900333  0.0000000000  0.0000000000  0.0000000000  0.0000000000
-439.1946529719  0.0000000000  0.0000000000  0.0000000000  0.0000000000
-437.9380159104  0.0000000000  0.0000000000  0.0000000000  0.0000000000
-436.6813788490  0.0000000000  0.0000000000  0.0000000000  0.0000000000
-435.4247417875  0.0000000000  0.0000000000  0.0000000000  0.0000000000
-434.1681047261  0.0000000000  0.0000000000  0.0000000000  0.0000000000
-432.9114676647  0.0000000000  0.0000000000  0.0000000000  0.0000000000
-431.6548306032  0.0000000000  0.0000000000  0.0000000000  0.0000000000
-430.3981935418  0.0000000000  0.0000000000  0.0000000000  0.0000000000
-429.1415564804  0.0000000000  0.0000000000  0.0000000000  0.0000000000
-427.8849194189  0.0000000000  0.0000000000  0.0000000000  0.0000000000
-426.6282823575  0.0000000000  0.0000000000  0.0000000000  0.0000000000
-425.3716452961  0.0000000000  0.0000000000  0.0000000000  0.0000000000
-424.1150082346  0.0000000000  0.0000000000  0.0000000000  0.0000000000
-422.8583711732  0.0000000000  0.0000000000  0.0000000000  0.0000000000
-421.6017341118  0.0000000000  0.0000000000  0.0000000000  0.0000000000
-420.3450970503  0.0000000000  0.0000000000  0.0000000000  0.0000000000
-419.0884599889  0.0000000000  0.0000000000  0.0000000000  0.0000000000
-417.8318229274  0.0000000000  0.0000000000  0.0000000000  0.0000000000
-416.5751858660  0.0000000000  0.0000000000  0.0000000000  0.0000000000
-415.3185488046  0.0000000000  0.0000000000  0.0000000000  0.0000000000
-414.0619117431  0.0000000000  0.0000000000  0.0000000000  0.0000000000
-412.8052746817  0.0000000000  0.0000000000  0.0000000000  0.0000000000
-411.5486376203  0.0000000000  0.0000000000  0.0000000000  0.0000000000
-410.2920005588  0.0000000000  0.0000000000  0.0000000000  0.0000000000
-409.0353634974  0.0000000000  0.0000000000  0.0000000000  0.0000000000
-407.7787264360  0.0000000000  0.0000000000  0.0000000000  0.0000000000
-406.5220893745  0.0000000000  0.0000000000  0.0000000000  0.0000000000
-405.2654523131  0.0000000000  0.0000000000  0.0000000000  0.0000000000
-404.0088152516  0.0000000000  0.0000000000  0.0000000000  0.0000000000
-402.7521781902  0.0000000000  0.0000000000  0.0000000000  0.0000000000
-401.4955411288  0.0000000000  0.0000000000  0.0000000000  0.0000000000
-400.2389040673  0.0000000000  0.0000000000  0.0000000000  0.0000000000
-398.9822670059  0.0000000000  0.0000000000  0.0000000000  0.0000000000
-397.7256299445  0.0000000000  0.0000000000  0.0000000000  0.0000000000
-396.4689928830  0.0000000000  0.0000000000  0.0000000000  0.0000000000
-395.2123558216  0.0000000000  0.0000000000  0.0000000000  0.0000000000
-393.9557187602  0.0000000000  0.0000000000  0.0000000000  0.0000000000
-392.6990816987  0.0000000000  0.0000000000  0.0000000000  0.0000000000
-391.4424446373  0.0000000000  0.0000000000  0.0000000000  0.0000000000
-390.1858075759  0.0000000000  0.0000000000  0.0000000000  0.0000000000
-388.9291705144  0.0000000000  0.0000000000  0.0000000000  0.0000000000
-387.6725334530  0.0000000000  0.0000000000  0.0000000000  0.0000000000
-386.4158963915  0.0000000000  0.0000000000  0.0000000000  0.0000000000
-385.1592593301  0.0000000000  0.0000000000  0.0000000000  0.0000000000
-383.9026222687  0.0000000000  0.0000000000  0.0000000000  0.0000000000
-382.6459852072  0.0000000000  0.0000000000  0.0000000000  0.0000000000
-381.3893481458  0.0000000000  0.0000000000  0.0000000000  0.0000000000
-380.1327110844  0.0000000000  0.0000000000  0.0000000000  0.0000000000
-378.8760740229  0.0000000000  0.0000000000  0.0000000000  0.0000000000
-377.6194369615  0.0000000000  0.0000000000  0.0000000000  0.0000000000
-376.3627999001  0.0000000000  0.0000000000  0.0000000000  0.0000000000
-375.1061628386  0.0000000000  0.0000000000  0.0000000000  0.0000000000
-373.8495257772  0.0000000000  0.0000000000  0.0000000000  0.0000000000
-372.5928887157  0.0000000000  0.0000000000  0.0000000000  0.0000000000
-371.3362516543  0.0000000000  0.0000000000  0.0000000000  0.0000000000
-370.0796145929  0.0000000000  0.0000000000  0.0000000000  0.0000000000
-368.8229775314  0.0000000000  0.0000000000  0.0000000000  0.0000000000
-367.5663404700  0.0000000000  0.0000000000  0.0000000000  0.0000000000
-366.3097034086  0.0000000000  0.0000000000  0.0000000000  0.0000000000
-365.0530663471  0.0000000000  0.0000000000  0.0000000000  0.0000000000
-363.7964292857  0.0000000000  0.0000000000  0.0000000000  0.0000000000
-362.5397922243  0.0000000000  0.0000000000  0.0000000000  0.0000000000
-361.2831551628  0.0000000000  0.0000000000  0.0000000000  0.0000000000
-360.0265181014  0.0000000000  0.0000000000  0.0000000000  0.0000000000
-358.7698810400  0.0000000000  0.0000000000  0.0000000000  0.0000000000
-357.5132439785  0.0000000000  0.0000000000  0.0000000000  0.0000000000
-356.2566069171  0.0000000000  0.0000000000  0.0000000000  0.0000000000
-354.9999698556  0.0000000000  0.0000000000  0.0000000000  0.0000000000
-353.7433327942  0.0000000000  0.0000000000  0.0000000000  0.0000000000
-352.4866957328  0.0000000000  0.0000000000  0.0000000000  0.0000000000
-351.2300586713  0.0000000000  0.0000000000  0.0000000000  0.0000000000
-349.9734216099  0.0000000000  0.0000000000  0.0000000000  0.0000000000
-348.7167845485  0.0000000000  0.0000000000  0.0000000000  0.0000000000
-347.4601474870  0.0000000000  0.0000000000  0.0000000000  0.0000000000
-346.2035104256  0.0000000000  0.0000000000  0.0000000000  0.0000000000
-344.9468733642  0.0000000000  0.0000000000  0.0000000000  0.0000000000
-343.6902363027  0.0000000000  0.0000000000  0.0000000000  0.0000000000
-342.4335992413  0.0000000000  0.0000000000  0.0000000000  0.0000000000
-341.1769621799  0.0000000000  0.0000000000  0.0000000000  0.0000000000
-339.9203251184  0.0000000000  0.0000000000  0.0000000000  0.0000000000
-338.6636880570  0.0000000000  0.0000000000  0.0000000000  0.0000000000
-337.4070509955  0.0000000000  0.0000000000  0.0000000000  0.0000000000
-336.1504139341  0.0000000000  0.0000000000  0.0000000000  0.0000000000
-334.8937768727  0.0000000000  0.0000000000  0.0000000000  0.0000000000
-333.6371398112  0.0000000000  0.0000000000  0.0000000000  0.0000000000
-332.3805027498  0.0000000000  0.0000000000  0.0000000000  0.0000000000
-331.1238656884  0.0000000000  0.0000000000  0.0000000000  0.0000000000
-329.8672286269  0.0000000000  0.0000000000  0.0000000000  0.0000000000
-328.6105915655  0.0000000000  0.0000000000  0.0000000000  0.0000000000
-327.3539545041  0.0000000000  0.0000000000  0.0000000000  0.0000000000
-326.0973174426  0.0000000000  0.0000000000  0.0000000000  0.0000000000
-324.8406803812  0.0000000000  0.0000000000  0.0000000000  0.0000000000
-323.5840433197  0.0000000000  0.0000000000  0.0000000000  0.0000000000
-322.3274062583  0.0000000000  0.0000000000  0.0000000000  0.0000000000
-321.0707691969  0.0000000000  0.0000000000  0.0000000000  0.0000000000
-319.8141321354  0.0000000000  0.0000000000  0.0000000000  0.0000000000
-318.5574950740  0.0000000000  0.0000000000  0.0000000000  0.0000000000
-317.3008580126  0.0000000000  0.0000000000  0.0000000000  0.0000000000
-316.0442209511  0.0000000000  0.0000000000  0.0000000000  0.0000000000
-314.7875838897  0.0000000000  0.0000000000  0.0000000000  0.0000000000
-313.5309468283  0.0000000000  0.0000000000  0.0000000000  0.0000000000
-312.2743097668  0.0000000000  0.0000000000  0.0000000000  0.0000000000
-311.0176727054  0.0000000000  0.0000000000  0.0000000000  0.0000000000
-309.7610356440  0.0000000000  0.0000000000  0.0000000000  0.0000000000
-308.5043985825  0.0000000000  0.0000000000  0.0000000000  0.0000000000
-307.2477615211  0.0000000000  0.0000000000  0.0000000000  0.0000000000
-305.9911244596  0.0000000000  0.0000000000  0.0000000000  0.0000000000
-304.7344873982  0.0000000000  0.0000000000  0.0000000000  0.0000000000
-303.4778503368  0.0000000000  0.0000000000  0.0000000000  0.0000000000
-302.2212132753  0.0000000000  0.0000000000  0.0000000000  0.0000000000
-300.9645762139  0.0000000000  0.0000000000  0.0000000000  0.0000000000
-299.7079391525  0.0000000000  0.0000000000  0.0000000000  0.0000000000
-298.4513020910  0.0000000000  0.0000000000  0.0000000000  0.0000000000
-297.1946650296  0.0000000000  0.0000000000  0.0000000000  0.0000000000
-295.9380279682  0.0000000000  0.0000000000  0.0000000000  0.0000000000
-294.6813909067  0.0000000000  0.0000000000  0.0000000000  0.0000000000
-293.4247538453  0.0000000000  0.0000000000  0.0000000000  0.0000000000
-292.1681167839  0.0000000000  0.0000000000  0.0000000000  0.0000000000
-290.9114797224  0.0000000000  0.0000000000  0.0000000000  0.0000000000
-289.6548426610  0.0000000000  0.0000000000  0.0000000000  0.0000000000
-288.3982055995  0.0000000000  0.0000000000  0.0000000000  0.0000000000
-287.1415685381  0.0000000000  0.0000000000  0.0000000000  0.0000000000
-285.8849314767  0.0000000000  0.0000000000  0.0000000000  0.0000000000
-284.6282944152  0.0000000000  0.0000000000  0.0000000000  0.0000000000
-283.3716573538  0.0000000000  0.0000000000  0.0000000000  0.0000000000
-282.1150202924  0.0000000000  0.0000000000  0.0000000000  0.0000000000
-280.8583832309  0.0000000000  0.0000000000  0.0000000000  0.0000000000
-279.6017461695  0.0000000000  0.0000000000  0.0000000000  0.0000000000
-278.3451091081  0.0000000000  0.0000000000  0.0000000000  0.0000000000
-277.0884720466  0.0000000000  0.0000000000  0.0000000000  0.0000000000
-275.8318349852  0.0000000000  0.0000000000  0.0000000000  0.0000000000
-274.5751979237  0.0000000000  0.0000000000  0.0000000000  0.0000000000
-273.3185608623  0.0000000000  0.0000000000  0.0000000000  0.0000000000
-272.0619238009  0.0000000000  0.0000000000  0.0000000000  0.0000000000
-270.8052867394  0.0000000000  0.0000000000  0.0000000000  0.0000000000
-269.5486496780  0.0000000000  0.0000000000  0.0000000000  0.0000000000
-268.2920126166  0.0000000000  0.0000000000  0.0000000000  0.0000000000
-267.0353755551  0.0000000000  0.0000000000  0.0000000000  0.0000000000
-265.7787384937  0.0000000000  0.0000000000  0.0000000000  0.0000000000
-264.5221014323  0.0000000000  0.0000000000  0.0000000000  0.0000000000
-263.2654643708  0.0000000000  0.0000000000  0.0000000000  0.0000000000
-262.0088273094  0.0000000000  0.0000000000  0.0000000000  0.0000000000
-260.7521902480  0.0000000000  0.0000000000  0.0000000000  0.0000000000
-259.4955531865  0.0000000000  0.0000000000  0.0000000000  0.0000000000
-258.2389161251  0.0000000000  0.0000000000  0.0000000000  0.0000000000
-256.9822790636  0.0000000000  0.0000000000  0.0000000000  0.0000000000
-255.7256420022  0.0000000000  0.0000000000  0.0000000000  0.0000000000
-254.4690049408  0.0000000000  0.0000000000  0.0000000000  0.0000000000
-253.2123678793  0.0000000000  0.0000000000  0.0000000000  0.0000000000
-251.9557308179  0.0000000000  0.0000000000  0.0000000000  0.0000000000
-250.6990937565  0.0000000000  0.0000000000  0.0000000000  0.0000000000
-249.4424566950  0.0000000000  0.0000000000  0.0000000000  0.0000000000
-248.1858196336  0.0000000000  0.0000000000  0.0000000000  0.0000000000
-246.9291825722  0.0000000000  0.0000000000  0.0000000000  0.0000000000
-245.6725455107  0.0000000000  0.0000000000  0.0000000000  0.0000000000
-244.4159084493  0.0000000000  0.0000000000  0.0000000000  0.0000000000
-243.1592713878  0.0000000000  0.0000000000  0.0000000000  0.0000000000
-241.9026343264  0.0000000000  0.0000000000  0.0000000000  0.0000000000
-240.6459972650  0.0000000000  0.0000000000  0.0000000000  0.0000000000
-239.3893602035  0.0000000000  0.0000000000  0.0000000000  0.0000000000
-238.1327231421  0.0000000000  0.0000000000  0.0000000000  0.0000000000
-236.8760860807  0.0000000000  0.0000000000  0.0000000000  0.0000000000
-235.6194490192  0.0000000000  0.0000000000  0.0000000000  0.0000000000
-234.3628119578  0.0000000000  0.0000000000  0.0000000000  0.0000000000
-233.1061748964  0.0000000000  0.0000000000  0.0000000000  0.0000000000
-231.8495378349  0.0000000000  0.0000000000  0.0000000000  0.0000000000
-230.5929007735  0.0000000000  0.0000000000  0.0000000000  0.0000000000
-229.3362637121  0.0000000000  0.0000000000  0.0000000000  0.0000000000
-228.0796266506  0.0000000000  0.0000000000  0.0000000000  0.0000000000
-226.8229895892  0.0000000000  0.0000000000  0.0000000000  0.0000000000
-225.5663525277  0.0000000000  0.0000000000  0.0000000000  0.0000000000
-224.3097154663  0.0000000000  0.0000000000  0.0000000000  0.0000000000
-223.0530784049  0.0000000000  0.0000000000  0.0000000000  0.0000000000
-221.7964413434  0.0000000000  0.0000000000  0.0000000000  0.0000000000
-220.5398042820  0.0000000000  0.0000000000  0.0000000000  0.0000000000
-219.2831672206  0.0000000000  0.0000000000  0.0000000000  0.0000000000
-218.0265301591  0.0000000000  0.0000000000  0.0000000000  0.0000000000
-216.7698930977  0.0000000000  0.0000000000  0.0000000000  0.0000000000
-215.5132560363  0.0000000000  0.0000000000  0.0000000000  0.0000000000
-214.2566189748  0.0000000000  0.0000000000  0.0000000000  0.0000000000
-212.9999819134  0.0000000000  0.0000000000  0.0000000000  0.0000000000
-211.7433448520  0.0000000000  0.0000000000  0.0000000000  0.0000000000
-210.4867077905  0.0000000000  0.0000000000  0.0000000000  0.0000000000
-209.2300707291  0.0000000000  0.0000000000  0.0000000000  0.0000000000
-207.9734336676  0.0000000000  0.0000000000  0.0000000000  0.0000000000
-206.7167966062  0.0000000000  0.0000000000  0.0000000000  0.0000000000
-205.4601595448  0.0000000000  0.0000000000  0.0000000000  0.0000000000
-204.2035224833  0.0000000000  0.0000000000  0.0000000000  0.0000000000
-202.9468854219  0.0000000000  0.0000000000  0.0000000000  0.0000000000
-201.6902483605  0.0000000000  0.0000000000  0.0000000000  0.0000000000
-200.4336112990  0.0000000000  0.0000000000  0.0000000000  0.0000000000
-199.1769742376  0.0000000000  0.0000000000  0.0000000000  0.0000000000
-197.9203371762  0.0000000000  0.0000000000  0.0000000000  0.0000000000
-196.6637001147  0.0000000000  0.0000000000  0.0000000000  0.0000000000
-195.4070630533  0.0000000000  0.0000000000  0.0000000000  0.0000000000
-194.1504259918  0.0000000000  0.0000000000  0.0000000000  0.0000000000
-192.8937889304  0.0000000000  0.0000000000  0.0000000000  0.0000000000
-191.6371518690  0.0000000000  0.0000000000  0.0000000000  0.0000000000
-190.3805148075  0.0000000000  0.0000000000  0.0000000000  0.0000000000
-189.1238777461  0.0000000000  0.0000000000  0.0000000000  0.0000000000
-187.8672406847  0.0000000000  0.0000000000  0.0000000000  0.0000000000
-186.6106036232  0.0000000000  0.0000000000  0.0000000000  0.0000000000
-185.3539665618  0.0000000000  0.0000000000  0.0000000000  0.0000000000
-184.0973295004  0.0000000000  0.0000000000  0.0000000000  0.0000000000
-182.8406924389  0.0000000000  0.0000000000  0.0000000000  0.0000000000
-181.5840553775  0.0000000000  0.0000000000  0.0000000000  0.0000000000
-180.3274183161  0.0000000000  0.0000000000  0.0000000000  0.0000000000
-179.0707812546  0.0000000000  0.0000000000  0.0000000000  0.0000000000
-177.8141441932  0.0000000000  0.0000000000  0.0000000000  0.0000000000
-176.5575071317  0.0000000000  0.0000000000  0.0000000000  0.0000000000
-175.3008700703  0.0000000000  0.0000000000  0.0000000000  0.0000000000
-174.0442330089  0.0000000000  0.0000000000  0.0000000000  0.0000000000
-172.7875959474  0.0000000000  0.0000000000  0.0000000000  0.0000000000
-171.5309588860  0.0000000000  0.0000000000  0.0000000000  0.0000000000
-170.2743218246  0.0000000000  0.0000000000  0.0000000000  0.0000000000
-169.0176847631  0.0000000000  0.0000000000  0.0000000000  0.0000000000
-167.7610477017  0.0000000000  0.0000000000  0.0000000000  0.0000000000
-166.5044106403  0.0000000000  0.0000000000  0.0000000000  0.0000000000
-165.2477735788  0.0000000000  0.0000000000  0.0000000000  0.0000000000
-163.9911365174  0.0000000000  0.0000000000  0.0000000000  0.0000000000
-162.7344994560  0.0000000000  0.0000000000  0.0000000000  0.0000000000
-161.4778623945  0.0000000000  0.0000000000  0.0000000000  0.0000000000
-160.2212253331  0.0000000000  0.0000000000  0.0000000000  0.0000000000
-158.9645882716  0.0000000000  0.0000000000  0.0000000000  0.0000000000
-157.7079512102  0.0000000000  0.0000000000  0.0000000000  0.0000000000
-156.4513141488  0.0000000000  0.0000000000  0.0000000000  0.0000000000
-155.1946770873  0.0000000000  0.0000000000  0.0000000000  0.0000000000
-153.9380400259  0.0000000000  0.0000000000  0.0000000000  0.0000000000
-152.6814029645  0.0000000000  0.0000000000  0.0000000000  0.0000000000
-151.4247659030  0.0000000000  0.0000000000  0.0000000000  0.0000000000
-150.1681288416  0.0000000000  0.0000000000  0.0000000000  0.0000000000
-148.9114917802  0.0000000000  0.0000000000  0.0000000000  0.0000000000
-147.6548547187  0.0000000000  0.0000000000  0.0000000000  0.0000000000
-146.3982176573  0.0000000000  0.0000000000  0.0000000000  0.0000000000
-145.1415805958  0.0000000000  0.0000000000  0.0000000000  0.0000000000
-143.8849435344  0.0000000000  0.0000000000  0.0000000000  0.0000000000
-142.6283064730  0.0000000000  0.0000000000  0.0000000000  0.0000000000
-141.3716694115  0.0000000000  0.0000000000  0.0000000000  0.0000000000
-140.1150323501  0.0000000000  0.0000000000  0.0000000000  0.0000000000
-138.8583952887  0.0000000000  0.0000000000  0.0000000000  0.0000000000
-137.6017582272  0.0000000000  0.0000000000  0.0000000000  0.0000000000
-136.3451211658  0.0000000000  0.0000000000  0.0000000000  0.0000000000
-135.0884841044  0.0000000000  0.0000000000  0.0000000000  0.0000000000
-133.8318470429  0.0000000000  0.0000000000  0.0000000000  0.0000000000
-132.5752099815  0.0000000000  0.0000000000  0.0000000000  0.0000000000
-131.3185729201  0.0000000000  0.0000000000  0.0000000000  0.0000000000
-130.0619358586  0.0000000000  0.0000000000  0.0000000000  0.0000000000
-128.8052987972  0.0000000000  0.0000000000  0.0000000000  0.0000000000
-127.5486617357  0.0000000000  0.0000000000  0.0000000000  0.0000000000
-126.2920246743  0.0000000000  0.0000000000  0.0000000000  0.0000000000
-125.0353876129  0.0000000000  0.0000000000  0.0000000000  0.0000000000
-123.7787505514  0.0000000000  0.0000000000  0.0000000000  0.0000000000
-122.5221134900  0.0000000000  0.0000000000  0.0000000000  0.0000000000
-121.2654764286  0.0000000000  0.0000000000  0.0000000000  0.0000000000
-120.0088393671  0.0000000000  0.0000000000  0.0000000000  0.0000000000
-118.7522023057  0.0000000000  0.0000000000  0.0000000000  0.0000000000
-117.4955652443  0.0000000000  0.0000000000  0.0000000000  0.0000000000
-116.2389281828  0.0000000000  0.0000000000  0.0000000000  0.0000000000
-114.9822911214  0.0000000000  0.0000000000  0.0000000000  0.0000000000
-113.7256540600  0.0000000000  0.0000000000  0.0000000000  0.0000000000
-112.4690169985  0.0000000000  0.0000000000  0.0000000000  0.0000000000
-111.2123799371  0.0000000000  0.0000000000  0.0000000000  0.0000000000
-109.9557428756  0.0000000000  0.0000000000  0.0000000000  0.0000000000
-108.6991058142  0.0000000000  0.0000000000  0.0000000000  0.0000000000
-107.4424687528  0.0000000000  0.0000000000  0.0000000000  0.0000000000
-106.1858316913  0.0000000000  0.0000000000  0.0000000000  0.0000000000
-104.9291946299  0.0000000000  0.0000000000  0.0000000000  0.0000000000
-103.6725575685  0.0000000000  0.0000000000  0.0000000000  0.0000000000
-102.4159205070  0.0000000000  0.0000000000  0.0000000000  0.0000000000
-101.1592834456  0.0000000000  0.0000000000  0.0000000000  0.0000000000
-99.9026463842  0.0000000000  0.0000000000  0.0000000000  0.0000000000
-98.6460093227  0.0000000000  0.0000000000  0.0000000000  0.0000000000
-97.3893722613  0.0000000000  0.0000000000  0.0000000000  0.0000000000
-96.1327351998  0.0000000000  0.0000000000  0.0000000000  0.0000000000
-94.8760981384  0.0000000000  0.0000000000  0.0000000000  0.0000000000
-93.6194610770  0.0000000000  0.0000000000  0.0000000000  0.0000000000
-92.3628240155  0.0000000000  0.0000000000  0.0000000000  0.0000000000
-91.1061869541  0.0000000000  0.0000000000  0.0000000000  0.0000000000
-89.8495498927  0.0000000000  0.0000000000  0.0000000000  0.0000000000
-88.5929128312  0.0000000000  0.0000000000  0.0000000000  0.0000000000
-87.3362757698  0.0000000000  0.0000000000  0.0000000000  0.0000000000
-86.0796387084  0.0000000000  0.0000000000  0.0000000000  0.0000000000
-84.8230016469  0.0000000000  0.0000000000  0.0000000000  0.0000000000
-83.5663645855  0.0000000000  0.0000000000  0.0000000000  0.0000000000
-82.3097275241  0.0000000000  0.0000000000  0.0000000000  0.0000000000
-81.0530904626  0.0000000000  0.0000000000  0.0000000000  0.0000000000
-79.7964534012  0.0000000000  0.0000000000  0.0000000000  0.0000000000
-78.5398163397  0.0000000000  0.0000000000  0.0000000000  0.0000000000
-77.2831792783  0.0000000000  0.0000000000  0.0000000000  0.0000000000
-76.0265422169  0.0000000000  0.0000000000  0.0000000000  0.0000000000
-74.7699051554  0.0000000000  0.0000000000  0.0000000000  0.0000000000
-73.5132680940  0.0000000000  0.0000000000  0.0000000000  0.0000000000
-72.2566310326  0.0000000000  0.0000000000  0.0000000000  0.0000000000
-70.9999939711  0.0000000000  0.0000000000  0.0000000000  0.0000000000
-69.7433569097  0.0000000000  0.0000000000  0.0000000000  0.0000000000
-68.4867198483  0.0000000000  0.0000000000  0.0000000000  0.0000000000
-67.2300827868  0.0000000000  0.0000000000  0.0000000000  0.0000000000
-65.9734457254  0.0000000000  0.0000000000  0.0000000000  0.0000000000
-64.7168086639  0.0000000000  0.0000000000  0.0000000000  0.0000000000
-63.4601716025  0.0000000000  0.0000000000  0.0000000000  0.0000000000
-62.2035345411  0.0000000000  0.0000000000  0.0000000000  0.0000000000
-60.9468974796  0.0000000000  0.0000000000  0.0000000000  0.0000000000
-59.6902604182  0.0000000000  0.0000000000  0.0000000000  0.0000000000
-58.4336233568  0.0000000000  0.0000000000  0.0000000000  0.0000000000
-57.1769862953  0.0000000000  0.0000000000  0.0000000000  0.0000000000
-55.9203492339  0.0000000000  0.0000000000  0.0000000000  0.0000000000
-54.6637121725  0.0000000000  0.0000000000  0.0000000000  0.0000000000
-53.4070751110  0.0000000000  0.0000000000  0.0000000000  0.0000000000
-52.1504380496  0.0000000000  0.0000000000  0.0000000000  0.0000000000
-50.8938009882  0.0000000000  0.0000000000  0.0000000000  0.0000000000
-49.6371639267  0.0000000000  0.0000000000  0.0000000000  0.0000000000
-48.3805268653  0.0000000000  0.0000000000  0.0000000000  0.0000000000
-47.1238898038  0.0000000000  0.0000000000  0.0000000000  0.0000000000
-45.8672527424  0.0000000000  0.0000000000  0.0000000000  0.0000000000
-44.6106156810  0.0000000000  0.0000000000  0.0000000000  0.0000000000
-43.3539786195  0.0000000000  0.0000000000  0.0000000000  0.0000000000
-42.0973415581  0.0000000000  0.0000000000  0.0000000000  0.0000000000
-40.8407044967  0.0000000000  0.0000000000  0.0000000000  0.0000000000
-39.5840674352  0.0000000000  0.0000000000  0.0000000000  0.0000000000
-38.3274303738  0.0000000000  0.0000000000  0.0000000000  0.0000000000
-37.0707933124  0.0000000000  0.0000000000  0.0000000000  0.0000000000
-35.8141562509  0.0000000000  0.0000000000  0.0000000000  0.0000000000
-34.5575191895  0.0000000000  0.0000000000  0.0000000000  0.0000000000
-33.3008821281  0.0000000000  0.0000000000  0.0000000000  0.0000000000
-32.0442450666  0.0000000000  0.0000000000  0.0000000000  0.0000000000
-30.7876080052  0.0000000000  0.0000000000  0.0000000000  0.0000000000
-29.5309709437  0.0000000000  0.0000000000  0.0000000000  0.0000000000
-28.2743338823  0.0000000000  0.0000000000  0.0000000000  0.0000000000
-27.0176968209  0.0000000000  0.0000000000  0.0000000000  0.0000000000
-25.7610597594  0.0000000000  0.0000000000  0.0000000000  0.0000000000
-24.5044226980  0.0000000000  0.0000000000  0.0000000000  0.0000000000
-23.2477856366  0.0000000000  0.0000000000  0.0000000000  0.0000000000
-21.9911485751  0.0000000000  0.0000000000  0.0000000000  0.0000000000
-20.7345115137  0.0000000000  0.0000000000  0.0000000000  0.0000000000
-19.4778744523  0.0000000000  0.0000000000  0.0000000000  0.0000000000
-18.2212373908  0.0000000000  0.0000000000  0.0000000000  0.0000000000
-16.9646003294  0.0000000000  0.0000000000  0.0000000000  0.0000000000
-15.7079632679  0.0000000000  0.0000000000  0.0000000000  0.0000000000
-14.4513262065  0.0000000000  0.0000000000  0.0000000000  0.0000000000
-13.1946891451  0.0000000000  0.0000000000  0.0000000000  0.0000000000
-11.9380520836  0.0000000000  0.0000000000  0.0000000000  0.0000000000
-10.6814150222  0.0000000000  0.0000000000  0.0000000000  0.0000000000
-9.4247779608  0.0000000000  0.0000000000  0.0000000000  0.0000000000
-8.1681408993  0.0000000000  0.0000000000  0.0000000000  0.0000000000
-6.9115038379  0.0000000000  0.0000000000  0.0000000000  0.0000000000
-5.6548667765  0.0000000000  0.0000000000  0.0000000000  0.0000000000
-4.3982297150  0.0000000000  0.0000000000  0.0000000000  0.0000000000
-3.1415926536  0.0000000000  0.0000000000  0.0000000000  0.0000000000
-1.8849555922  0.0000000000  0.0000000000  0.0000000000  -82787.1953431971
-0.6283185307  0.0000000000  0.0000000000  275617.1946011852  0.0000000000
0.6283185307  0.0000000000  0.0000000000  0.1636506694  -0.0169855507
1.8849555922  0.0000000000  0.0000000000  0.1507266968  -0.0469799597
3.1415926536  0.0000000000  0.0000000000  0.1303201802  -0.0676372153
4.3982297150  0.0000000000  0.0000000000  0.1082465049  -0.0787075889
5.6548667765  0.0000000000  0.0000000000  0.0881424356  -0.0825649801
6.9115038379  0.0000000000  0.0000000000  0.0716015304  -0.0819687798
8.1681408993  0.0000000000  0.0000000000  0.0584720981  -0.0790556704
9.4247779608  0.0000000000  0.0000000000  0.0481725768  -0.0751146504
10.6814150222  0.0000000000  0.0000000000  0.0400969591  -0.0708486151
11.9380520836  0.0000000000  0.0000000000  0.0337305829  -0.0666188513
13.1946891451  0.0000000000  0.0000000000  0.0286689636  -0.0625987417
14.4513262065  0.0000000000  0.0000000000  0.0246048085  -0.0588610945
15.7079632679  0.0000000000  0.0000000000  0.0213077877  -0.0554261712
16.9646003294  0.0000000000  0.0000000000  0.0186057176  -0.0522877693
18.2212373908  0.0000000000  0.0000000000  0.0163694569  -0.0494272729
19.4778744523  0.0000000000  0.0000000000  0.0145015070  -0.0468211328
20.7345115137  0.0000000000  0.0000000000  0.0129276440  -0.0444447632
21.9911485751  0.0000000000  0.0000000000  0.0115908438  -0.0422744867
23.2477856366  0.0000000000  0.0000000000  0.0104468822  -0.0402884218
24.5044226980  0.0000000000  0.0000000000  0.0094611391  -0.0384668053
25.7610597594  0.0000000000  0.0000000000  0.0086062647  -0.0367920212
27.0176968209  0.0000000000  0.0000000000  0.0078604624  -0.0352484843
28.2743338823  0.0000000000  0.0000000000  0.0072062152  -0.0338224617
29.5309709437  0.0000000000  0.0000000000  0.0066293333  -0.0325018736
30.7876080052  0.0000000000  0.0000000000  0.0061182354  -0.0312760977
32.0442450666  0.0000000000  0.0000000000  0.0056634016  -0.0301357866
33.3008821281  0.0000000000  0.0000000000  0.0052569543  -0.0290727041
34.5575191895  0.0000000000  0.0000000000  0.0048923332  -0.0280795798
35.8141562509  0.0000000000  0.0000000000  0.0045640423  -0.0271499833
37.0707933124  0.0000000000  0.0000000000  0.0042674517  -0.0262782137
38.3274303738  0.0000000000  0.0000000000  0.0039986399  -0.0254592053
39.5840674352  0.0000000000  0.0000000000  0.0037542687  -0.0246884462
40.8407044967  0.0000000000  0.0000000000  0.0035314833  -0.0239619076
42.0973415581  0.0000000000  0.0000000000  0.0033278307  -0.0232759837
43.3539786195  0.0000000000  0.0000000000  0.0031411947  -0.0226274396
44.6106156810  0.0000000000  0.0000000000  0.0029697419  -0.0220133662
45.8672527424  0.0000000000  0.0000000000  0.0028118781  -0.0214311416
47.1238898038  0.0000000000  0.0000000000  0.0026662116  -0.0208783974
48.3805268653  0.0000000000  0.0000000000  0.0025315237  -0.0203529894
49.6371639267  0.0000000000  0.0000000000  0.0024067433  -0.0198529726
50.8938009882  0.0000000000  0.0000000000  0.0022909264  -0.0193765789
52.1504380496  0.0000000000  0.0000000000  0.0021832381  -0.0189221978
53.4070751110  0.0000000000  0.0000000000  0.0020829383  -0.0184883598
54.6637121725  0.0000000000  0.0000000000  0.0019893688  -0.0180737210
55.9203492339  0.0000000000  0.0000000000  0.0019019429  -0.0176770510
57.1769862953  0.0000000000  0.0000000000  0.0018201360  -0.0172972207
58.4336233568  0.0000000000  0.0000000000  0.0017434786  -0.0169331925
59.6902604182  0.0000000000  0.0000000000  0.0016715485  -0.0165840112
60.9468974796  0.0000000000  0.0000000000  0.0016039662  -0.0162487964
62.2035345411  0.0000000000  0.0000000000  0.0015403893  -0.0159267349
63.4601716025  0.0000000000  0.0000000000  0.0014805082  -0.0156170751
64.7168086639  0.0000000000  0.0000000000  0.0014240428  -0.0153191207
65.9734457254  0.0000000000  0.0000000000  0.0013707388  -0.0150322263
67.2300827868  0.0000000000  0.0000000000  0.0013203651  -0.0147557925
68.4867198483  0.0000000000  0.0000000000  0.0012727113  -0.0144892622
69.7433569097  0.0000000000  0.0000000000  0.0012275856  -0.0142321168
70.9999939711  0.0000000000  0.0000000000  0.0011848126  -0.0139838729
72.2566310326  0.0000000000  0.0000000000  0.0011442320  -0.0137440795
73.5132680940  0.0000000000  0.0000000000  0.0011056967  -0.0135123155
74.7699051554  0.0000000000  0.0000000000  0.0010690719  -0.0132881869
76.0265422169  0.0000000000  0.0000000000  0.0010342335  -0.0130713251
77.2831792783  0.0000000000  0.0000000000  0.0010010675  -0.0128613844
78.5398163397  0.0000000000  0.0000000000  0.0009694688  -0.0126580408
79.7964534012  0.0000000000  0.0000000000  0.0009393402  -0.0124609901
81.0530904626  0.0000000000  0.0000000000  0.0009105922  -0.0122699462
82.3097275241  0.0000000000  0.0000000000  0.0008831417  -0.0120846401
83.5663645855  0.0000000000  0.0000000000  0.0008569121  -0.0119048185
84.8230016469  0.0000000000  0.0000000000  0.0008318321  -0.0117302428
86.0796387084  0.0000000000  0.0000000000  0.0008078355  -0.0115606879
87.3362757698  0.0000000000  0.0000000000  0.0007848610  -0.0113959414
88.5929128312  0.0000000000  0.0000000000  0.0007628513  -0.0112358024
89.8495498927  0.0000000000  0.0000000000  0.0007417534  -0.0110800814
91.1061869541  0.0000000000  0.0000000000  0.0007215176  -0.0109285988
92.3628240155  0.0000000000  0.0000000000  0.0007020976  -0.0107811845
93.6194610770  0.0000000000  0.0000000000  0.0006834502  -0.0106376777
94.8760981384  0.0000000000  0.0000000000  0.0006655350  -0.0104979257
96.1327351998  0.0000000000  0.0000000000  0.0006483142  -0.0103617834
97.3893722613  0.0000000000  0.0000000000  0.0006317525  -0.0102291135
98.6460093227  0.0000000000  0.0000000000  0.0006158166  -0.0100997853
99.9026463842  0.0000000000  0.0000000000  0.0006004755  -0.0099736745
101.1592834456  0.0000000000  0.0000000000  0.0005857000  -0.0098506631
102.4159205070  0.0000000000  0.0000000000  0.0005714626  -0.0097306384
103.6725575685  0.0000000000  0.0000000000  0.0005577376  -0.0096134935
104.9291946299  0.0000000000  0.0000000000  0.0005445006  -0.0094991263
106.1858316913  0.0000000000  0.0000000000  0.0005317288  -0.0093874394
107.4424687528  0.0000000000  0.0000000000  0.0005194008  -0.0092783401
108.6991058142  0.0000000000  0.0000000000  0.0005074961  -0.0091717397
109.9557428756  0.0000000000  0.0000000000  0.0004959957  -0.0090675536
111.2123799371  0.0000000000  0.0000000000  0.0004848815  -0.0089657009
112.4690169985  0.0000000000  0.0000000000  0.0004741364  -0.0088661044
113.7256540600  0.0000000000  0.0000000000  0.0004637442  -0.0087686901
114.9822911214  0.0000000000  0.0000000000  0.0004536897  -0.0086733872
116.2389281828  0.0000000000  0.0000000000  0.0004439584  -0.0085801281
117.4955652443  0.0000000000  0.0000000000  0.0004345365  -0.0084888479
118.7522023057  0.0000000000  0.0000000000  0.0004254113  -0.0083994845
120.0088393671  0.0000000000  0.0000000000  0.0004165702  -0.0083119781
121.2654764286  0.0000000000  0.0000000000  0.0004080017  -0.0082262718
122.5221134900  0.0000000000  0.0000000000  0.0003996947  -0.0081423106
123.7787505514  0.0000000000  0.0000000000  0.0003916387  -0.0080600419
125.0353876129  0.0000000000  0.0000000000  0.0003838235  -0.0079794151
126.2920246743  0.0000000000  0.0000000000  0.0003762399  -0.0079003818
127.5486617357  0.0000000000  0.0000000000  0.0003688786  -0.0078228952
128.8052987972  0.0000000000  0.0000000000  0.0003617311  -0.0077469105
130.0619358586  0.0000000000  0.0000000000  0.0003547893  -0.0076723845
131.3185729201  0.0000000000  0.0000000000  0.0003480452  -0.0075992757
132.5752099815  0.0000000000  0.0000000000  0.0003414915  -0.0075275442
133.8318470429  0.0000000000  0.0000000000  0.0003351210  -0.0074571514
135.0884841044  0.0000000000  0.0000000000  0.0003289271  -0.0073880604
136.3451211658  0.0000000000  0.0000000000  0.0003229031  -0.0073202353
137.6017582272  0.0000000000  0.0000000000  0.0003170431  -0.0072536419
138.8583952887  0.0000000000  0.0000000000  0.0003113411  -0.0071882469
140.1150323501  0.0000000000  0.0000000000  0.0003057914  -0.0071240182
141.3716694115  0.0000000000  0.0000000000  0.0003003887  -0.0070609252
142.6283064730  0.0000000000  0.0000000000  0.0002951279  -0.0069989379
143.8849435344  0.0000000000  0.0000000000  0.0002900039  -0.0069380275
145.1415805958  0.0000000000  0.0000000000  0.0002850122  -0.0068781664
146.3982176573  0.0000000000  0.0000000000  0.0002801483  -0.0068193276
147.6548547187  0.0000000000  0.0000000000  0.0002754077  -0.0067614853
148.9114917802  0.0000000000  0.0000000000  0.0002707863  -0.0067046144
150.1681288416  0.0000000000  0.0000000000  0.0002662803  -0.0066486906
151.4247659030  0.0000000000  0.0000000000  0.0002618857  -0.0065936906
152.6814029645  0.0000000000  0.0000000000  0.0002575990  -0.0065395916
153.9380400259  0.0000000000  0.0000000000  0.0002534166  -0.0064863718
155.1946770873  0.0000000000  0.0000000000  0.0002493353  -0.0064340099
156.4513141488  0.0000000000  0.0000000000  0.0002453516  -0.0063824854
157.7079512102  0.0000000000  0.0000000000  0.0002414627  -0.0063317783
158.9645882716  0.0000000000  0.0000000000  0.0002376654  -0.0062818695
160.2212253331  0.0000000000  0.0000000000  0.0002339570  -0.0062327401
161.4778623945  0.0000000000  0.0000000000  0.0002303347  -0.0061843722
162.7344994560  0.0000000000  0.0000000000  0.0002267958  -0.0061367482
163.9911365174  0.0000000000  0.0000000000  0.0002233378  -0.0060898510
165.2477735788  0.0000000000  0.0000000000  0.0002199583  -0.0060436643
166.5044106403  0.0000000000  0.0000000000  0.0002166548  -0.0059981719
167.7610477017  0.0000000000  0.0000000000  0.0002134252  -0.0059533584
169.0176847631  0.0000000000  0.0000000000  0.0002102673  -0.0059092087
170.2743218246  0.0000000000  0.0000000000  0.0002071789  -0.0058657082
171.5309588860  0.0000000000  0.0000000000  0.0002041580  -0.0058228427
172.7875959474  0.0000000000  0.0000000000  0.0002012027  -0.0057805984
174.0442330089  0.0000000000  0.0000000000  0.0001983110  -0.0057389619
175.3008700703  0.0000000000  0.0000000000  0.0001954813  -0.0056979201
176.5575071317  0.0000000000  0.0000000000  0.0001927116  -0.0056574606
177.8141441932  0.0000000000  0.0000000000  0.0001900004  -0.0056175709
179.0707812546  0.0000000000  0.0000000000  0.0001873460  -0.0055782392
180.3274183161  0.0000000000  0.0000000000  0.0001847468  -0.0055394537
181.5840553775  0.0000000000  0.0000000000  0.0001822013  -0.0055012033
182.8406924389  0.0000000000  0.0000000000  0.0001797080  -0.0054634770
184.0973295004  0.0000000000  0.0000000000  0.0001772655  -0.0054262640
185.3539665618  0.0000000000  0.0000000000  0.0001748725  -0.0053895540
186.6106036232  0.0000000000  0.0000000000  0.0001725276  -0.0053533368
187.8672406847  0.0000000000  0.0000000000  0.0001702295  -0.0053176027
189.1238777461  0.0000000000  0.0000000000  0.0001679771  -0.0052823419
190.3805148075  0.0000000000  0.0000000000  0.0001657690  -0.0052475452
191.6371518690  0.0000000000  0.0000000000  0.0001636042  -0.0052132035
192.8937889304  0.0000000000  0.0000000000  0.0001614815  -0.0051793080
194.1504259918  0.0000000000  0.0000000000  0.0001593998  -0.0051458499
195.4070630533  0.0000000000  0.0000000000  0.0001573581  -0.0051128209
196.6637001147  0.0000000000  0.0000000000  0.0001553553  -0.0050802128
197.9203371762  0.0000000000  0.0000000000  0.0001533906  -0.0050480176
199.1769742376  0.0000000000  0.0000000000  0.0001514629  -0.0050162276
200.4336112990  0.0000000000  0.0000000000  0.0001495712  -0.0049848350
201.6902483605  0.0000000000  0.0000000000  0.0001477148  -0.0049538326
202.9468854219  0.0000000000  0.0000000000  0.0001458927  -0.0049232131
204.2035224833  0.0000000000  0.0000000000  0.0001441042  -0.0048929695
205.4601595448  0.0000000000  0.0000000000  0.0001423483  -0.0048630949
206.7167966062  0.0000000000  0.0000000000  0.0001406243  -0.0048335825
207.9734336676  0.0000000000  0.0000000000  0.0001389314  -0.0048044259
209.2300707291  0.0000000000  0.0000000000  0.0001372689  -0.0047756186
210.4867077905  0.0000000000  0.0000000000  0.0001356360  -0.0047471544
211.7433448520  0.0000000000  0.0000000000  0.0001340321  -0.0047190273
212.9999819134  0.0000000000  0.0000000000  0.0001324565  -0.0046912312
214.2566189748  0.0000000000  0.0000000000  0.0001309085  -0.0046637605
215.5132560363  0.0000000000  0.0000000000  0.0001293875  -0.0046366093
216.7698930977  0.0000000000  0.0000000000  0.0001278928  -0.0046097722
218.0265301591  0.0000000000  0.0000000000  0.0001264238  -0.0045832437
219.2831672206  0.0000000000  0.0000000000  0.0001249800  -0.0045570186
220.5398042820  0.0000000000  0.0000000000  0.0001235608  -0.0045310916
221.7964413434  0.0000000000  0.0000000000  0.0001221657  -0.0045054578
223.0530784049  0.0000000000  0.0000000000  0.0001207940  -0.0044801122
224.3097154663  0.0000000000  0.0000000000  0.0001194453  -0.0044550500
225.5663525277  0.0000000000  0.0000000000  0.0001181190  -0.0044302664
226.8229895892  0.0000000000  0.0000000000  0.0001168148  -0.0044057568
228.0796266506  0.0000000000  0.0000000000  0.0001155320  -0.0043815167
229.3362637121  0.0000000000  0.0000000000  0.0001142702  -0.0043575417
230.5929007735  0.0000000000  0.0000000000  0.0001130289  -0.0043338275
231.8495378349  0.0000000000  0.0000000000  0.0001118078  -0.0043103699
233.1061748964  0.0000000000  0.0000000000  0.0001106063  -0.0042871646
234.3628119578  0.0000000000  0.0000000000  0.0001094241  -0.0042642077
235.6194490192  0.0000000000  0.0000000000  0.0001082608  -0.0042414951
236.8760860807  0.0000000000  0.0000000000  0.0001071159  -0.0042190231
238.1327231421  0.0000000000  0.0000000000  0.0001059891  -0.0041967878
239.3893602035  0.0000000000  0.0000000000  0.0001048799  -0.0041747855
240.6459972650  0.0000000000  0.0000000000  0.0001037881  -0.0041530125
241.9026343264  0.0000000000  0.0000000000  0.0001027132  -0.0041314654
243.1592713878  0.0000000000  0.0000000000  0.0001016549  -0.0041101405
244.4159084493  0.0000000000  0.0000000000  0.0001006129  -0.0040890345
245.6725455107  0.0000000000  0.0000000000  0.0000995869  -0.0040681440
246.9291825722  0.0000000000  0.0000000000  0.0000985764  -0.0040474658
248.1858196336  0.0000000000  0.0000000000  0.0000975813  -0.0040269966
249.4424566950  0.0000000000  0.0000000000  0.0000966011  -0.0040067332
250.6990937565  0.0000000000  0.0000000000  0.0000956356  -0.0039866727
251.9557308179  0.0000000000  0.0000000000  0.0000946846  -0.0039668119
253.2123678793  0.0000000000  0.0000000000  0.0000937476  -0.0039471479
254.4690049408  0.0000000000  0.0000000000  0.0000928245  -0.0039276778
255.7256420022  0.0000000000  0.0000000000  0.0000919149  -0.0039083987
256.9822790636  0.0000000000  0.0000000000  0.0000910187  -0.0038893079
258.2389161251  0.0000000000  0.0000000000  0.0000901355  -0.0038704025
259.4955531865  0.0000000000  0.0000000000  0.0000892651  -0.0038516800
260.7521902480  0.0000000000  0.0000000000  0.0000884072  -0.0038331376
262.0088273094  0.0000000000  0.0000000000  0.0000875616  -0.0038147728
263.2654643708  0.0000000000  0.0000000000  0.0000867281  -0.0037965830
264.5221014323  0.0000000000  0.0000000000  0.0000859065  -0.0037785658
265.7787384937  0.0000000000  0.0000000000  0.0000850964  -0.0037607187
267.0353755551  0.0000000000  0.0000000000  0.0000842978  -0.0037430393
268.2920126166  0.0000000000  0.0000000000  0.0000835104  -0.0037255253
269.5486496780  0.0000000000  0.0000000000  0.0000827339  -0.0037081743
270.8052867394  0.0000000000  0.0000000000  0.0000819682  -0.0036909842
272.0619238009  0.0000000000  0.0000000000  0.0000812131  -0.0036739525
273.3185608623  0.0000000000  0.0000000000  0.0000804684  -0.0036570773
274.5751979237  0.0000000000  0.0000000000  0.0000797339  -0.0036403563
275.8318349852  0.0000000000  0.0000000000  0.0000790093  -0.0036237875
277.0884720466  0.0000000000  0.0000000000  0.0000782947  -0.0036073687
278.3451091081  0.0000000000  0.0000000000  0.0000775896  -0.0035910979
279.6017461695  0.0000000000  0.0000000000  0.0000768941  -0.0035749732
280.8583832309  0.0000000000  0.0000000000  0.0000762078  -0.0035589926
282.1150202924  0.0000000000  0.0000000000  0.0000755307  -0.0035431542
283.3716573538  0.0000000000  0.0000000000  0.0000748626  -0.0035274561
284.6282944152  0.0000000000  0.0000000000  0.0000742033  -0.0035118963
285.8849314767  0.0000000000  0.0000000000  0.0000735527  -0.0034964732
287.1415685381  0.0000000000  0.0000000000  0.0000729106  -0.0034811849
288.3982055995  0.0000000000  0.0000000000  0.0000722768  -0.0034660297
289.6548426610  0.0000000000  0.0000000000  0.0000716513  -0.0034510057
290.9114797224  0.0000000000  0.0000000000  0.0000710339  -0.0034361114
292.1681167839  0.0000000000  0.0000000000  0.0000704244  -0.0034213451
293.4247538453  0.0000000000  0.0000000000  0.0000698227  -0.0034067051
294.6813909067  0.0000000000  0.0000000000  0.0000692287  -0.0033921898
295.9380279682  0.0000000000  0.0000000000  0.0000686423  -0.0033777976
297.1946650296  0.0000000000  0.0000000000  0.0000680633  -0.0033635269
298.4513020910  0.0000000000  0.0000000000  0.0000674915  -0.0033493763
299.7079391525  0.0000000000  0.0000000000  0.0000669270  -0.0033353442
300.9645762139  0.0000000000  0.0000000000  0.0000663695  -0.0033214292
302.2212132753  0.0000000000  0.0000000000  0.0000658189  -0.0033076297
303.4778503368  0.0000000000  0.0000000000  0.0000652751  -0.0032939443
304.7344873982  0.0000000000  0.0000000000  0.0000647381  -0.0032803717
305.9911244596  0.0000000000  0.0000000000  0.0000642077  -0.0032669105
307.2477615211  0.0000000000  0.0000000000  0.0000636837  -0.0032535592
308.5043985825  0.0000000000  0.0000000000  0.0000631662  -0.0032403166
309.7610356440  0.0000000000  0.0000000000  0.0000626549  -0.0032271813
311.0176727054  0.0000000000  0.0000000000  0.0000621498  -0.0032141520
312.2743097668  0.0000000000  0.0000000000  0.0000616508  -0.0032012275
313.5309468283  0.0000000000  0.0000000000  0.0000611577  -0.0031884064
314.7875838897  0.0000000000  0.0000000000  0.0000606706  -0.0031756876
316.0442209511  0.0000000000  0.0000000000  0.0000601893  -0.0031630699
317.3008580126  0.0000000000  0.0000000000  0.0000597136  -0.0031505519
318.5574950740  0.0000000000  0.0000000000  0.0000592436  -0.0031381327
319.8141321354  0.0000000000  0.0000000000  0.0000587791  -0.0031258109
321.0707691969  0.0000000000  0.0000000000  0.0000583200  -0.0031135855
322.3274062583  0.0000000000  0.0000000000  0.0000578664  -0.0031014553
323.5840433197  0.0000000000  0.0000000000  0.0000574179  -0.0030894192
324.8406803812  0.0000000000  0.0000000000  0.0000569747  -0.0030774761
326.0973174426  0.0000000000  0.0000000000  0.0000565366  -0.0030656250
327.3539545041  0.0000000000  0.0000000000  0.0000561035  -0.0030538648
328.6105915655  0.0000000000  0.0000000000  0.0000556754  -0.0030421944
329.8672286269  0.0000000000  0.0000000000  0.0000552521  -0.0030306129
331.1238656884  0.0000000000  0.0000000000  0.0000548337  -0.0030191191
332.3805027498  0.0000000000  0.0000000000  0.0000544200  -0.0030077122
333.6371398112  0.0000000000  0.0000000000  0.0000540109  -0.0029963912
334.8937768727  0.0000000000  0.0000000000  0.0000536065  -0.0029851550
336.1504139341  0.0000000000  0.0000000000  0.0000532065  -0.0029740027
337.4070509955  0.0000000000  0.0000000000  0.0000528111  -0.0029629335
338.6636880570  0.0000000000  0.0000000000  0.0000524200  -0.0029519463
339.9203251184  0.0000000000  0.0000000000  0.0000520333  -0.0029410403
341.1769621799  0.0000000000  0.0000000000  0.0000516508  -0.0029302145
342.4335992413  0.0000000000  0.0000000000  0.0000512725  -0.0029194681
343.6902363027  0.0000000000  0.0000000000  0.0000508984  -0.0029088002
344.9468733642  0.0000000000  0.0000000000  0.0000505283  -0.0028982100
346.2035104256  0.0000000000  0.0000000000  0.0000501623  -0.0028876966
347.4601474870  0.0000000000  0.0000000000  0.0000498002  -0.0028772592
348.7167845485  0.0000000000  0.0000000000  0.0000494420  -0.0028668969
349.9734216099  0.0000000000  0.0000000000  0.0000490877  -0.0028566089
351.2300586713  0.0000000000  0.0000000000  0.0000487372  -0.0028463946
352.4866957328  0.0000000000  0.0000000000  0.0000483904  -0.0028362529
353.7433327942  0.0000000000  0.0000000000  0.0000480473  -0.0028261833
354.9999698556  0.0000000000  0.0000000000  0.0000477078  -0.0028161849
356.2566069171  0.0000000000  0.0000000000  0.0000473719  -0.0028062570
357.5132439785  0.0000000000  0.0000000000  0.0000470396  -0.0027963988
358.7698810400  0.0000000000  0.0000000000  0.0000467107  -0.0027866096
360.0265181014  0.0000000000  0.0000000000  0.0000463853  -0.0027768887
361.2831551628  0.0000000000  0.0000000000  0.0000460633  -0.0027672354
362.5397922243  0.0000000000  0.0000000000  0.0000457446  -0.0027576489
363.7964292857  0.0000000000  0.0000000000  0.0000454292  -0.0027481286
365.0530663471  0.0000000000  0.0000000000  0.0000451171  -0.0027386738
366.3097034086  0.0000000000  0.0000000000  0.0000448081  -0.0027292838
367.5663404700  0.0000000000  0.0000000000  0.0000445023  -0.0027199579
368.8229775314  0.0000000000  0.0000000000  0.0000441997  -0.0027106956
370.0796145929  0.0000000000  0.0000000000  0.0000439001  -0.0027014961
371.3362516543  0.0000000000  0.0000000000  0.0000436035  -0.0026923588
372.5928887157  0.0000000000  0.0000000000  0.0000433100  -0.0026832831
373.8495257772  0.0000000000  0.0000000000  0.0000430194  -0.0026742684
375.1061628386  0.0000000000  0.0000000000  0.0000427317  -0.0026653140
376.3627999001  0.0000000000  0.0000000000  0.0000424469  -0.0026564194
377.6194369615  0.0000000000  0.0000000000  0.0000421649  -0.0026475839
378.8760740229  0.0000000000  0.0000000000  0.0000418858  -0.0026388070
380.1327110844  0.0000000000  0.0000000000  0.0000416094  -0.0026300881
381.3893481458  0.0000000000  0.0000000000  0.0000413357  -0.0026214266
382.6459852072  0.0000000000  0.0000000000  0.0000410647  -0.0026128219
383.9026222687  0.0000000000  0.0000000000  0.0000407964  -0.0026042735
385.1592593301  0.0000000000  0.0000000000  0.0000405307  -0.0025957809
386.4158963915  0.0000000000  0.0000000000  0.0000402675  -0.0025873434
387.6725334530  0.0000000000  0.0000000000  0.0000400070  -0.0025789607
388.9291705144  0.0000000000  0.0000000000  0.0000397489  -0.0025706320
390.1858075759  0.0000000000  0.0000000000  0.0000394933  -0.0025623570
391.4424446373  0.0000000000  0.0000000000  0.0000392402  -0.0025541350
392.6990816987  0.0000000000  0.0000000000  0.0000389896  -0.0025459657
393.9557187602  0.0000000000  0.0000000000  0.0000387413  -0.0025378484
395.2123558216  0.0000000000  0.0000000000  0.0000384954  -0.0025297827
396.4689928830  0.0000000000  0.0000000000  0.0000382518  -0.0025217681
397.7256299445  0.0000000000  0.0000000000  0.0000380105  -0.0025138041
398.9822670059  0.0000000000  0.0000000000  0.0000377715  -0.0025058902
400.2389040673  0.0000000000  0.0000000000  0.0000375347  -0.0024980260
401.4955411288  0.0000000000  0.0000000000  0.0000373002  -0.0024902110
402.7521781902  0.0000000000  0.0000000000  0.0000370678  -0.0024824447
404.0088152516  0.0000000000  0.0000000000  0.0000368376  -0.0024747267
405.2654523131  0.0000000000  0.0000000000  0.0000366096  -0.0024670566
406.5220893745  0.0000000000  0.0000000000  0.0000363837  -0.0024594338
407.7787264360  0.0000000000  0.0000000000  0.0000361598  -0.0024518580
409.0353634974  0.0000000000  0.0000000000  0.0000359380  -0.0024443287
410.2920005588  0.0000000000  0.0000000000  0.0000357183  -0.0024368454
411.5486376203  0.0000000000  0.0000000000  0.0000355005  -0.0024294079
412.8052746817  0.0000000000  0.0000000000  0.0000352847  -0.0024220156
414.0619117431  0.0000000000  0.0000000000  0.0000350709  -0.0024146682
415.3185488046  0.0000000000  0.0000000000  0.0000348591  -0.0024073651
416.5751858660  0.0000000000  0.0000000000  0.0000346491  -0.0024001062
417.8318229274  0.0000000000  0.0000000000  0.0000344411  -0.0023928908
419.0884599889  0.0000000000  0.0000000000  0.0000342349  -0.0023857187
420.3450970503  0.0000000000  0.0000000000  0.0000340305  -0.0023785895
421.6017341118  0.0000000000  0.0000000000  0.0000338280  -0.0023715027
422.8583711732  0.0000000000  0.0000000000  0.0000336273  -0.0023644580
424.1150082346  0.0000000000  0.0000000000  0.0000334283  -0.0023574550
425.3716452961  0.0000000000  0.0000000000  0.0000332312  -0.0023504934
426.6282823575  0.0000000000  0.0000000000  0.0000330357  -0.0023435728
427.8849194189  0.0000000000  0.0000000000  0.0000328420  -0.0023366928
429.1415564804  0.0000000000  0.0000000000  0.0000326500  -0.0023298531
430.3981935418  0.0000000000  0.0000000000  0.0000324596  -0.0023230533
431.6548306032  0.0000000000  0.0000000000  0.0000322710  -0.0023162930
432.9114676647  0.0000000000  0.0000000000  0.0000320839  -0.0023095720
434.1681047261  0.0000000000  0.0000000000  0.0000318985  -0.0023028899
435.4247417875  0.0000000000  0.0000000000  0.0000317147  -0.0022962463
436.6813788490  0.0000000000  0.0000000000  0.0000315324  -0.0022896409
437.9380159104  0.0000000000  0.0000000000  0.0000313518  -0.0022830734
439.1946529719  0.0000000000  0.0000000000  0.0000311727  -0.0022765435
440.4512900333  0.0000000000  0.0000000000  0.0000309951  -0.0022700508
441.7079270947  0.0000000000  0.0000000000  0.0000308190  -0.0022635950
442.9645641562  0.0000000000  0.0000000000  0.0000306444  -0.0022571759
444.2212012176  0.0000000000  0.0000000000  0.0000304713  -0.0022507930
445.4778382790  0.0000000000  0.0000000000  0.0000302997  -0.0022444461
446.7344753405  0.0000000000  0.0000000000  0.0000301295  -0.0022381350
447.9911124019  0.0000000000  0.0000000000  0.0000299607  -0.0022318592
449.2477494633  0.0000000000  0.0000000000  0.0000297934  -0.0022256185
450.5043865248  0.0000000000  0.0000000000  0.0000296274  -0.0022194125
451.7610235862  0.0000000000  0.0000000000  0.0000294628  -0.0022132411
453.0176606476  0.0000000000  0.0000000000  0.0000292996  -0.0022071040
454.2742977091  0.0000000000  0.0000000000  0.0000291378  -0.0022010007
455.5309347705  0.0000000000  0.0000000000  0.0000289773  -0.0021949311
456.7875718320  0.0000000000  0.0000000000  0.0000288181  -0.0021888949
458.0442088934  0.0000000000  0.0000000000  0.0000286602  -0.0021828918
459.3008459548  0.0000000000  0.0000000000  0.0000285036  -0.0021769215
460.5574830163  0.0000000000  0.0000000000  0.0000283483  -0.0021709838
461.8141200777  0.0000000000  0.0000000000  0.0000281943  -0.0021650784
463.0707571391  0.0000000000  0.0000000000  0.0000280415  -0.0021592050
464.3273942006  0.0000000000  0.0000000000  0.0000278899  -0.0021533634
465.5840312620  0.0000000000  0.0000000000  0.0000277396  -0.0021475533
466.8406683234  0.0000000000  0.0000000000  0.0000275905  -0.0021417745
468.0973053849  0.0000000000  0.0000000000  0.0000274426  -0.0021360267
469.3539424463  0.0000000000  0.0000000000  0.0000272959  -0.0021303096
470.6105795078  0.0000000000  0.0000000000  0.0000271503  -0.0021246231
471.8672165692  0.0000000000  0.0000000000  0.0000270059  -0.0021189668
473.1238536306  0.0000000000  0.0000000000  0.0000268627  -0.0021133406
474.3804906921  0.0000000000  0.0000000000  0.0000267206  -0.0021077441
475.6371277535  0.0000000000  0.0000000000  0.0000265796  -0.0021021773
476.8937648149  0.0000000000  0.0000000000  0.0000264397  -0.0020966397
478.1504018764  0.0000000000  0.0000000000  0.0000263009  -0.0020911312
479.4070389378  0.0000000000  0.0000000000  0.0000261632  -0.0020856516
480.6636759992  0.0000000000  0.0000000000  0.0000260266  -0.0020802007
481.9203130607  0.0000000000  0.0000000000  0.0000258911  -0.0020747781
483.1769501221  0.0000000000  0.0000000000  0.0000257566  -0.0020693838
484.4335871835  0.0000000000  0.0000000000  0.0000256232  -0.0020640174
485.6902242450  0.0000000000  0.0000000000  0.0000254908  -0.0020586788
486.9468613064  0.0000000000  0.0000000000  0.0000253594  -0.0020533677
488.2034983679  0.0000000000  0.0000000000  0.0000252291  -0.0020480839
489.4601354293  0.0000000000  0.0000000000  0.0000250997  -0.0020428273
490.7167724907  0.0000000000  0.0000000000  0.0000249713  -0.0020375975
491.9734095522  0.0000000000  0.0000000000  0.0000248439  -0.0020323945
493.2300466136  0.0000000000  0.0000000000  0.0000247175  -0.0020272180
494.4866836750  0.0000000000  0.0000000000  0.0000245921  -0.0020220678
495.7433207365  0.0000000000  0.0000000000  0.0000244676  -0.0020169437
496.9999577979  0.0000000000  0.0000000000  0.0000243440  -0.0020118454
498.2565948593  0.0000000000  0.0000000000  0.0000242214  -0.0020067729
499.5132319208  0.0000000000  0.0000000000  0.0000240997  -0.0020017259
500.7698689822  0.0000000000  0.0000000000  0.0000239789  -0.0019967042
502.0265060436  0.0000000000  0.0000000000  0.0000238590  -0.0019917076
503.2831431051  0.0000000000  0.0000000000  0.0000237401  -0.0019867360
504.5397801665  0.0000000000  0.0000000000  0.0000236220  -0.0019817892
505.7964172280  0.0000000000  0.0000000000  0.0000235048  -0.0019768669
507.0530542894  0.0000000000  0.0000000000  0.0000233884  -0.0019719690
508.3096913508  0.0000000000  0.0000000000  0.0000232729  -0.0019670953
509.5663284123  0.0000000000  0.0000000000  0.0000231583  -0.0019622456
510.8229654737  0.0000000000  0.0000000000  0.0000230445  -0.0019574198
512.0796025351  0.0000000000  0.0000000000  0.0000229316  -0.0019526176
513.3362395966  0.0000000000  0.0000000000  0.0000228194  -0.0019478390
514.5928766580  0.0000000000  0.0000000000  0.0000227081  -0.0019430836
515.8495137194  0.0000000000  0.0000000000  0.0000225977  -0.0019383515
517.1061507809  0.0000000000  0.0000000000  0.0000224880  -0.0019336423
518.3627878423  0.0000000000  0.0000000000  0.0000223791  -0.0019289560
519.6194249038  0.0000000000  0.0000000000  0.0000222710  -0.0019242923
520.8760619652  0.0000000000  0.0000000000  0.0000221637  -0.0019196511
522.1326990266  0.0000000000  0.0000000000  0.0000220571  -0.0019150322
523.3893360881  0.0000000000  0.0000000000  0.0000219514  -0.0019104355
524.6459731495  0.0000000000  0.0000000000  0.0000218463  -0.0019058609
525.9026102109  0.0000000000  0.0000000000  0.0000217421  -0.0019013080
527.1592472724  0.0000000000  0.0000000000  0.0000216386  -0.0018967769
528.4158843338  0.0000000000  0.0000000000  0.0000215358  -0.0018922673
529.6725213952  0.0000000000  0.0000000000  0.0000214337  -0.0018877791
530.9291584567  0.0000000000  0.0000000000  0.0000213324  -0.0018833122
532.1857955181  0.0000000000  0.0000000000  0.0000212318  -0.0018788663
533.4424325795  0.0000000000  0.0000000000  0.0000211319  -0.0018744413
534.6990696410  0.0000000000  0.0000000000  0.0000210327  -0.0018700372
535.9557067024  0.0000000000  0.0000000000  0.0000209342  -0.0018656537
537.2123437639  0.0000000000  0.0000000000  0.0000208364  -0.0018612907
538.4689808253  0.0000000000  0.0000000000  0.0000207392  -0.0018569481
539.7256178867  0.0000000000  0.0000000000  0.0000206428  -0.0018526256
540.9822549482  0.0000000000  0.0000000000  0.0000205470  -0.0018483233
542.2388920096  0.0000000000  0.0000000000  0.0000204519  -0.0018440409
543.4955290710  0.0000000000  0.0000000000  0.0000203574  -0.0018397782
544.7521661325  0.0000000000  0.0000000000  0.0000202636  -0.0018355353
546.0088031939  0.0000000000  0.0000000000  0.0000201705  -0.0018313118
547.2654402553  0.0000000000  0.0000000000  0.0000200780  -0.0018271078
548.5220773168  0.0000000000  0.0000000000  0.0000199861  -0.0018229230
549.7787143782  0.0000000000  0.0000000000  0.0000198948  -0.0018187573
551.0353514396  0.0000000000  0.0000000000  0.0000198042  -0.0018146106
552.2919885011  0.0000000000  0.0000000000  0.0000197142  -0.0018104828
553.5486255625  0.0000000000  0.0000000000  0.0000196248  -0.0018063737
554.8052626240  0.0000000000  0.0000000000  0.0000195360  -0.0018022832
556.0618996854  0.0000000000  0.0000000000  0.0000194478  -0.0017982112
557.3185367468  0.0000000000  0.0000000000  0.0000193602  -0.0017941576
558.5751738083  0.0000000000  0.0000000000  0.0000192732  -0.0017901222
559.8318108697  0.0000000000  0.0000000000  0.0000191868  -0.0017861049
561.0884479311  0.0000000000  0.0000000000  0.0000191010  -0.0017821056
562.3450849926  0.0000000000  0.0000000000  0.0000190157  -0.0017781241
563.6017220540  0.0000000000  0.0000000000  0.0000189310  -0.0017741604
564.8583591154  0.0000000000  0.0000000000  0.0000188469  -0.0017702144
566.1149961769  0.0000000000  0.0000000000  0.0000187633  -0.0017662858
567.3716332383  0.0000000000  0.0000000000  0.0000186803  -0.0017623747
568.6282702998  0.0000000000  0.0000000000  0.0000185978  -0.0017584808
569.8849073612  0.0000000000  0.0000000000  0.0000185159  -0.0017546041
571.1415444226  0.0000000000  0.0000000000  0.0000184345  -0.0017507445
572.3981814841  0.0000000000  0.0000000000  0.0000183537  -0.0017469017
573.6548185455  0.0000000000  0.0000000000  0.0000182734  -0.0017430759
574.9114556069  0.0000000000  0.0000000000  0.0000181936  -0.0017392667
576.1680926684  0.0000000000  0.0000000000  0.0000181143  -0.0017354741
577.4247297298  0.0000000000  0.0000000000  0.0000180356  -0.0017316981
578.6813667912  0.0000000000  0.0000000000  0.0000179573  -0.0017279384
579.9380038527  0.0000000000  0.0000000000  0.0000178796  -0.0017241951
581.1946409141  0.0000000000  0.0000000000  0.0000178024  -0.0017204679
582.4512779755  0.0000000000  0.0000000000  0.0000177257  -0.0017167568
583.7079150370  0.0000000000  0.0000000000  0.0000176494  -0.0017130617
584.9645520984  0.0000000000  0.0000000000  0.0000175737  -0.0017093824
586.2211891599  0.0000000000  0.0000000000  0.0000174984  -0.0017057189
587.4778262213  0.0000000000  0.0000000000  0.0000174237  -0.0017020711
588.7344632827  0.0000000000  0.0000000000  0.0000173494  -0.0016984388
589.9911003442  0.0000000000  0.0000000000  0.0000172756  -0.0016948220
591.2477374056  0.0000000000  0.0000000000  0.0000172022  -0.0016912206
592.5043744670  0.0000000000  0.0000000000  0.0000171293  -0.0016876345
593.7610115285  0.0000000000  0.0000000000  0.0000170569  -0.0016840635
595.0176485899  0.0000000000  0.0000000000  0.0000169849  -0.0016805076
596.2742856513  0.0000000000  0.0000000000  0.0000169134  -0.0016769667
597.5309227128  0.0000000000  0.0000000000  0.0000168424  -0.0016734406
598.7875597742  0.0000000000  0.0000000000  0.0000167718  -0.0016699294
600.0441968357  0.0000000000  0.0000000000  0.0000167016  -0.0016664329
601.3008338971  0.0000000000  0.0000000000  0.0000166319  -0.0016629510
602.5574709585  0.0000000000  0.0000000000  0.0000165626  -0.0016594836
603.8141080200  0.0000000000  0.0000000000  0.0000164937  -0.0016560306
605.0707450814  0.0000000000  0.0000000000  0.0000164253  -0.0016525920
606.3273821428  0.0000000000  0.0000000000  0.0000163573  -0.0016491676
607.5840192043  0.0000000000  0.0000000000  0.0000162897  -0.0016457574
608.8406562657  0.0000000000  0.0000000000  0.0000162225  -0.0016423612
610.0972933271  0.0000000000  0.0000000000  0.0000161558  -0.0016389791
611.3539303886  0.0000000000  0.0000000000  0.0000160894  -0.0016356108
612.6105674500  0.0000000000  0.0000000000  0.0000160235  -0.0016322564
613.8672045114  0.0000000000  0.0000000000  0.0000159580  -0.0016289156
615.1238415729  0.0000000000  0.0000000000  0.0000158928  -0.0016255886
616.3804786343  0.0000000000  0.0000000000  0.0000158281  -0.0016222751
617.6371156958  0.0000000000  0.0000000000  0.0000157638  -0.0016189750
618.8937527572  0.0000000000  0.0000000000  0.0000156998  -0.0016156884
620.1503898186  0.0000000000  0.0000000000  0.0000156363  -0.0016124151
621.4070268801  0.0000000000  0.0000000000  0.0000155731  -0.0016091550
622.6636639415  0.0000000000  0.0000000000  0.0000155103  -0.0016059081
623.9203010029  0.0000000000  0.0000000000  0.0000154479  -0.0016026742
625.1769380644  0.0000000000  0.0000000000  0.0000153859  -0.0015994534
626.4335751258  0.0000000000  0.0000000000  0.0000153242  -0.0015962454
627.6902121872  0.0000000000  0.0000000000  0.0000152629  -0.0015930503
628.9468492487  0.0000000000  0.0000000000  0.0000000000  0.0000000000
-627.6902121872  0.0000000000  3.1415926536  0.0000000000  0.0000000000
-626.4335751258  0.0000000000  3.1415926536  0.0000000000  0.0000000000
-625.1769380644  0.0000000000  3.1415926536  0.0000000000  0.0000000000
-623.9203010029  0.0000000000  3.1415926536  0.0000000000  0.0000000000
-622.6636639415  0.0000000000  3.1415926536  0.0000000000  0.0000000000
-621.4070268801  0.0000000000  3.1415926536  0.0000000000  0.0000000000
-620.1503898186  0.0000000000  3.1415926536  0.0000000000  0.0000000000
-618.8937527572  0.0000000000  3.1415926536  0.0000000000  0.0000000000
-617.6371156958  0.0000000000  3.1415926536  0.0000000000  0.0000000000
-616.3804786343  0.0000000000  3.1415926536  0.0000000000  0.0000000000
-615.1238415729  0.0000000000  3.1415926536  0.0000000000  0.0000000000
-613.8672045114  0.0000000000  3.1415926536  0.0000000000  0.0000000000
-612.6105674500  0.0000000000  3.1415926536  0.0000000000  0.0000000000
-611.3539303886  0.0000000000  3.1415926536  0.0000000000  0.0000000000
-610.0972933271  0.0000000000  3.1415926536  0.0000000000  0.0000000000
-608.8406562657  0.0000000000  3.1415926536  0.0000000000  0.0000000000
-607.5840192043  0.0000000000  3.1415926536  0.0000000000  0.0000000000
-606.3273821428  0.0000000000  3.1415926536  0.0000000000  0.0000000000
-605.0707450814  0.0000000000  3.1415926536  0.0000000000  0.0000000000
-603.8141080200  0.0000000000  3.1415926536  0.0000000000  0.0000000000
-602.5574709585  0.0000000000  3.1415926536  0.0000000000  0.0000000000
-601.3008338971  0.0000000000  3.1415926536  0.0000000000  0.0000000000
-600.0441968357  0.0000000000  3.1415926536  0.0000000000  0.0000000000
-598.7875597742  0.0000000000  3.1415926536  0.0000000000  0.0000000000
-597.5309227128  0.0000000000  3.1415926536  0.0000000000  0.0000000000
-596.2742856513  0.0000000000  3.1415926536  0.0000000000  0.0000000000
-595.0176485899  0.0000000000  3.1415926536  0.0000000000  0.0000000000
-593.7610115285  0.0000000000  3.1415926536  0.0000000000  0.0000000000
-592.5043744670  0.0000000000  3.1415926536  0.0000000000  0.0000000000
-591.2477374056  0.0000000000  3.1415926536  0.0000000000  0.0000000000
-589.9911003442  0.0000000000  3.1415926536  0.0000000000  0.0000000000
-588.7344632827  0.0000000000  3.1415926536  0.0000000000  0.0000000000
-587.4778262213  0.0000000000  3.1415926536  0.0000000000  0.0000000000
-586.2211891599  0.0000000000  3.1415926536  0.0000000000  0.0000000000
-584.9645520984  0.0000000000  3.1415926536  0.0000000000  0.0000000000
-583.7079150370  0.0000000000  3.1415926536  0.0000000000  0.0000000000
-582.4512779755  0.0000000000  3.1415926536  0.0000000000  0.0000000000
-581.1946409141  0.0000000000  3.1415926536  0.0000000000  0.0000000000
-579.9380038527  0.0000000000  3.1415926536  0.0000000000  0.0000000000
-578.6813667912  0.0000000000  3.1415926536  0.0000000000  0.0000000000
-577.4247297298  0.0000000000  3.1415926536  0.0000000000  0.0000000000
-576.1680926684  0.0000000000  3.1415926536  0.0000000000  0.0000000000
-574.9114556069  0.0000000000  3.1415926536  0.0000000000  0.0000000000
-573.6548185455  0.0000000000  3.1415926536  0.0000000000  0.0000000000
-572.3981814841  0.0000000000  3.1415926536  0.0000000000  0.0000000000
-571.1415444226  0.0000000000  3.1415926536  0.0000000000  0.0000000000
-569.8849073612  0.0000000000  3.1415926536  0.0000000000  0.0000000000
-568.6282702998  0.0000000000  3.1415926536  0.0000000000  0.0000000000
-567.3716332383  0.0000000000  3.1415926536  0.0000000000  0.0000000000
-566.1149961769  0.0000000000  3.1415926536  0.0000000000  0.0000000000
-564.8583591154  0.0000000000  3.1415926536  0.0000000000  0.0000000000
-563.6017220540  0.0000000000  3.1415926536  0.0000000000  0.0000000000
-562.3450849926  0.0000000000  3.1415926536  0.0000000000  0.0000000000
-561.0884479311  0.0000000000  3.1415926536  0.0000000000  0.0000000000
-559.8318108697  0.0000000000  3.1415926536  0.0000000000  0.0000000000
-558.5751738083  0.0000000000  3.1415926536  0.0000000000  0.0000000000
-557.3185367468  0.0000000000  3.1415926536  0.0000000000  0.0000000000
-556.0618996854  0.0000000000  3.1415926536  0.0000000000  0.0000000000
-554.8052626240  0.0000000000  3.1415926536  0.0000000000  0.0000000000
-553.5486255625  0.0000000000  3.1415926536  0.0000000000  0.0000000000
-552.2919885011  0.0000000000  3.1415926536  0.0000000000  0.0000000000
-551.0353514396  0.0000000000  3.1415926536  0.0000000000  0.0000000000
-549.7787143782  0.0000000000  3.1415926536  0.0000000000  0.0000000000
-548.5220773168  0.0000000000  3.1415926536  0.0000000000  0.0000000000
-547.2654402553  0.0000000000  3.1415926536  0.0000000000  0.0000000000
-546.0088031939  0.0000000000  3.1415926536  0.0000000000  0.0000000000
-544.7521661325  0.0000000000  3.1415926536  0.0000000000  0.0000000000
-543.4955290710  0.0000000000  3.1415926536  0.0000000000  0.0000000000
-542.2388920096  0.0000000000  3.1415926536  0.0000000000  0.0000000000
-540.9822549482  0.0000000000  3.1415926536  0.0000000000  0.0000000000
-539.7256178867  0.0000000000  3.1415926536  0.0000000000  0.0000000000
-538.4689808253  0.0000000000  3.1415926536  0.0000000000  0.0000000000
-537.2123437639  0.0000000000  3.1415926536  0.0000000000  0.0000000000
-535.9557067024  0.0000000000  3.1415926536  0.0000000000  0.0000000000
-534.6990696410  0.0000000000  3.1415926536  0.0000000000  0.0000000000
-533.4424325795  0.0000000000  3.1415926536  0.0000000000  0.0000000000
-532.1857955181  0.0000000000  3.1415926536  0.0000000000  0.0000000000
-530.9291584567  0.0000000000  3.1415926536  0.0000000000  0.0000000000
-529.6725213952  0.0000000000  3.1415926536  0.0000000000  0.0000000000
-528.4158843338  0.0000000000  3.1415926536  0.0000000000  0.0000000000
-527.1592472724  0.0000000000  3.1415926536  0.0000000000  0.0000000000
-525.9026102109  0.0000000000  3.1415926536  0.0000000000  0.0000000000
-524.6459731495  0.0000000000  3.1415926536  0.0000000000  0.0000000000
-523.3893360881  0.0000000000  3.1415926536  0.0000000000  0.0000000000
-522.1326990266  0.0000000000  3.1415926536  0.0000000000  0.0000000000
-520.8760619652  0.0000000000  3.1415926536  0.0000000000  0.0000000000
-519.6194249038  0.0000000000  3.1415926536  0.0000000000  0.0000000000
-518.3627878423  0.0000000000  3.1415926536  0.0000000000  0.0000000000
-517.1061507809  0.0000000000  3.1415926536  0.0000000000  0.0000000000
-515.8495137194  0.0000000000  3.1415926536  0.0000000000  0.0000000000
-514.5928766580  0.0000000000  3.1415926536  0.0000000000  0.0000000000
-513.3362395966  0.0000000000  3.1415926536  0.0000000000  0.0000000000
-512.0796025351  0.0000000000  3.1415926536  0.0000000000  0.0000000000
-510.8229654737  0.0000000000  3.1415926536  0.0000000000  0.0000000000
-509.5663284123  0.0000000000  3.1415926536  0.0000000000  0.0000000000
-508.3096913508  0.0000000000  3.1415926536  0.0000000000  0.0000000000
-507.0530542894  0.0000000000  3.1415926536  0.0000000000  0.0000000000
-505.7964172280  0.0000000000  3.1415926536  0.0000000000  0.0000000000
-504.5397801665  0.0000000000  3.1415926536  0.0000000000  0.0000000000
-503.2831431051  0.0000000000  3.1415926536  0.0000000000  0.0000000000
-502.0265060436  0.0000000000  3.1415926536  0.0000000000  0.0000000000
-500.7698689822  0.0000000000  3.1415926536  0.0000000000  0.0000000000
-499.5132319208  0.0000000000  3.1415926536  0.0000000000  0.0000000000
-498.2565948593  0.0000000000  3.1415926536  0.0000000000  0.0000000000
-496.9999577979  0.0000000000  3.1415926536  0.0000000000  0.0000000000
-495.7433207365  0.0000000000  3.1415926536  0.0000000000  0.0000000000
-494.4866836750  0.0000000000  3.1415926536  0.0000000000  0.0000000000
-493.2300466136  0.0000000000  3.1415926536  0.0000000000  0.0000000000
-491.9734095522  0.0000000000  3.1415926536  0.0000000000  0.0000000000
-490.7167724907  0.0000000000  3.1415926536  0.0000000000  0.0000000000
-489.4601354293  0.0000000000  3.1415926536  0.0000000000  0.0000000000
-488.2034983679  0.0000000000  3.1415926536  0.0000000000  0.0000000000
-486.9468613064  0.0000000000  3.1415926536  0.0000000000  0.0000000000
-485.6902242450  0.0000000000  3.1415926536  0.0000000000  0.0000000000
-484.4335871835  0.0000000000  3.1415926536  0.0000000000  0.0000000000
-483.1769501221  0.0000000000  3.1415926536  0.0000000000  0.0000000000
-481.9203130607  0.0000000000  3.1415926536  0.0000000000  0.0000000000
-480.6636759992  0.0000000000  3.1415926536  0.0000000000  0.0000000000
-479.4070389378  0.0000000000  3.1415926536  0.0000000000  0.0000000000
-478.1504018764  0.0000000000  3.1415926536  0.0000000000  0.0000000000
-476.8937648149  0.0000000000  3.1415926536  0.0000000000  0.0000000000
-475.6371277535  0.0000000000  3.1415926536  0.0000000000  0.0000000000
-474.3804906921  0.0000000000  3.1415926536  0.0000000000  0.0000000000
-473.1238536306  0.0000000000  3.1415926536  0.0000000000  0.0000000000
-471.8672165692  0.0000000000  3.1415926536  0.0000000000  0.0000000000
-470.6105795078  0.0000000000  3.1415926536  0.0000000000  0.0000000000
-469.3539424463  0.0000000000  3.1415926536  0.0000000000  0.0000000000
-468.0973053849  0.0000000000  3.1415926536  0.0000000000  0.0000000000
-466.8406683234  0.0000000000  3.1415926536  0.0000000000  0.0000000000
-465.5840312620  0.0000000000  3.1415926536  0.0000000000  0.0000000000
-464.3273942006  0.0000000000  3.1415926536  0.0000000000  0.0000000000
-463.0707571391  0.0000000000  3.1415926536  0.0000000000  0.0000000000
-461.8141200777  0.0000000000  3.1415926536  0.0000000000  0.0000000000
-460.5574830163  0.0000000000  3.1415926536  0.0000000000  0.0000000000
-459.3008459548  0.0000000000  3.1415926536  0.0000000000  0.0000000000
-458.0442088934  0.0000000000  3.1415926536  0.0000000000  0.0000000000
-456.7875718320  0.0000000000  3.1415926536  0.0000000000  0.0000000000
-455.5309347705  0.0000000000  3.1415926536  0.0000000000  0.0000000000
-454.2742977091  0.0000000000  3.1415926536  0.0000000000  0.0000000000
-453.0176606476  0.0000000000  3.1415926536  0.0000000000  0.0000000000
-451.7610235862  0.0000000000  3.1415926536  0.0000000000  0.0000000000
-450.5043865248  0.0000000000  3.1415926536  0.0000000000  0.0000000000
-449.2477494633  0.0000000000  3.1415926536  0.0000000000  0.0000000000
-447.9911124019  0.0000000000  3.1415926536  0.0000000000  0.0000000000
-446.7344753405  0.0000000000  3.1415926536  0.0000000000  0.0000000000
-445.4778382790  0.0000000000  3.1415926536  0.0000000000  0.0000000000
-444.2212012176  0.0000000000  3.1415926536  0.0000000000  0.0000000000
-442.9645641562  0.0000000000  3.1415926536  0.0000000000  0.0000000000
-441.7079270947  0.0000000000  3.1415926536  0.0000000000  0.0000000000
-440.4512900333  0.0000000000  3.1415926536  0.0000000000  0.0000000000
-439.1946529719  0.0000000000  3.1415926536  0.0000000000  0.0000000000
-437.9380159104  0.0000000000  3.1415926536  0.0000000000  0.0000000000
-436.6813788490  0.0000000000  3.1415926536  0.0000000000  0.0000000000
-435.4247417875  0.0000000000  3.1415926536  0.0000000000  0.0000000000
-434.1681047261  0.0000000000  3.1415926536  0.0000000000  0.0000000000
-432.9114676647  0.0000000000  3.1415926536  0.0000000000  0.0000000000
-431.6548306032  0.0000000000  3.1415926536  0.0000000000  0.0000000000
-430.3981935418  0.0000000000  3.1415926536  0.0000000000  0.0000000000
-429.1415564804  0.0000000000  3.1415926536  0.0000000000  0.0000000000
-427.8849194189  0.0000000000  3.1415926536  0.0000000000  0.0000000000
-426.6282823575  0.0000000000  3.1415926536  0.0000000000  0.0000000000
-425.3716452961  0.0000000000  3.1415926536  0.0000000000  0.0000000000
-424.1150082346  0.0000000000  3.1415926536  0.0000000000  0.0000000000
-422.8583711732  0.0000000000  3.1415926536  0.0000000000  0.0000000000
-421.6017341118  0.0000000000  3.1415926536  0.0000000000  0.0000000000
-420.3450970503  0.0000000000  3.1415926536  0.0000000000  0.0000000000
-419.0884599889  0.0000000000  3.1415926536  0.0000000000  0.0000000000
-417.8318229274  0.0000000000  3.1415926536  0.0000000000  0.0000000000
-416.5751858660  0.0000000000  3.1415926536  0.0000000000  0.0000000000
-415.3185488046  0.0000000000  3.1415926536  0.0000000000  0.0000000000
-414.0619117431  0.0000000000  3.1415926536  0.0000000000  0.0000000000
-412.8052746817  0.0000000000  3.1415926536  0.0000000000  0.0000000000
-411.5486376203  0.0000000000  3.1415926536  0.0000000000  0.0000000000
-410.2920005588  0.0000000000  3.1415926536  0.0000000000  0.0000000000
-409.0353634974  0.0000000000  3.1415926536  0.0000000000  0.0000000000
-407.7787264360  0.0000000000  3.1415926536  0.0000000000  0.0000000000
-406.5220893745  0.0000000000  3.1415926536  0.0000000000  0.0000000000
-405.2654523131  0.0000000000  3.1415926536  0.0000000000  0.0000000000
-404.0088152516  0.0000000000  3.1415926536  0.0000000000  0.0000000000
-402.7521781902  0.0000000000  3.1415926536  0.0000000000  0.0000000000
-401.4955411288  0.0000000000  3.1415926536  0.0000000000  0.0000000000
-400.2389040673  0.0000000000  3.1415926536  0.0000000000  0.0000000000
-398.9822670059  0.0000000000  3.1415926536  0.0000000000  0.0000000000
-397.7256299445  0.0000000000  3.1415926536  0.0000000000  0.0000000000
-396.4689928830  0.0000000000  3.1415926536  0.0000000000  0.0000000000
-395.2123558216  0.0000000000  3.1415926536  0.0000000000  0.0000000000
-393.9557187602  0.0000000000  3.1415926536  0.0000000000  0.0000000000
-392.6990816987  0.0000000000  3.1415926536  0.0000000000  0.0000000000
-391.4424446373  0.0000000000  3.1415926536  0.0000000000  0.0000000000
-390.1858075759  0.0000000000  3.1415926536  0.0000000000  0.0000000000
-388.9291705144  0.0000000000  3.1415926536  0.0000000000  0.0000000000
-387.6725334530  0.0000000000  3.1415926536  0.0000000000  0.0000000000
-386.4158963915  0.0000000000  3.1415926536  0.0000000000  0.0000000000
-385.1592593301  0.0000000000  3.1415926536  0.0000000000  0.0000000000
-383.9026222687  0.0000000000  3.1415926536  0.0000000000  0.0000000000
-382.6459852072  0.0000000000  3.1415926536  0.0000000000  0.0000000000
-381.3893481458  0.0000000000  3.1415926536  0.0000000000  0.0000000000
-380.1327110844  0.0000000000  3.1415926536  0.0000000000  0.0000000000
-378.8760740229  0.0000000000  3.1415926536  0.0000000000  0.0000000000
-377.6194369615  0.0000000000  3.1415926536  0.0000000000  0.0000000000
-376.3627999001  0.0000000000  3.1415926536  0.0000000000  0.0000000000
-375.1061628386  0.0000000000  3.1415926536  0.0000000000  0.0000000000
-373.8495257772  0.0000000000  3.1415926536  0.0000000000  0.0000000000
-372.5928887157  0.0000000000  3.1415926536  0.0000000000  0.0000000000
-371.3362516543  0.0000000000  3.1415926536  0.0000000000  0.0000000000
-370.0796145929  0.0000000000  3.1415926536  0.0000000000  0.0000000000
-368.8229775314  0.0000000000  3.1415926536  0.0000000000  0.0000000000
-367.5663404700  0.0000000000  3.1415926536  0.0000000000  0.0000000000
-366.3097034086  0.0000000000  3.1415926536  0.0000000000  0.0000000000
-365.0530663471  0.0000000000  3.1415926536  0.0000000000  0.0000000000
-363.7964292857  0.0000000000  3.1415926536  0.0000000000  0.0000000000
-362.5397922243  0.0000000000  3.1415926536  0.0000000000  0.0000000000
-361.2831551628  0.0000000000  3.1415926536  0.0000000000  0.0000000000
-360.0265181014  0.0000000000  3.1415926536  0.0000000000  0.0000000000
-358.7698810400  0.0000000000  3.1415926536  0.0000000000  0.0000000000
-357.5132439785  0.0000000000  3.1415926536  0.0000000000  0.0000000000
-356.2566069171  0.0000000000  3.1415926536  0.0000000000  0.0000000000
-354.9999698556  0.0000000000  3.1415926536  0.0000000000  0.0000000000
-353.7433327942  0.0000000000  3.1415926536  0.0000000000  0.0000000000
-352.4866957328  0.0000000000  3.1415926536  0.0000000000  0.0000000000
-351.2300586713  0.0000000000  3.1415926536  0.0000000000  0.0000000000
-349.9734216099  0.0000000000  3.1415926536  0.0000000000  0.0000000000
-348.7167845485  0.0000000000  3.1415926536  0.0000000000  0.0000000000
-347.4601474870  0.0000000000  3.1415926536  0.0000000000  0.0000000000
-346.2035104256  0.0000000000  3.1415926536  0.0000000000  0.0000000000
-344.9468733642  0.0000000000  3.1415926536  0.0000000000  0.0000000000
-343.6902363027  0.0000000000  3.1415926536  0.0000000000  0.0000000000
-342.4335992413  0.0000000000  3.1415926536  0.0000000000  0.0000000000
-341.1769621799  0.0000000000  3.1415926536  0.0000000000  0.0000000000
-339.9203251184  0.0000000000  3.1415926536  0.0000000000  0.0000000000
-338.6636880570  0.0000000000  3.1415926536  0.0000000000  0.0000000000
-337.4070509955  0.0000000000  3.1415926536  0.0000000000  0.0000000000
-336.1504139341  0.0000000000  3.1415926536  0.0000000000  0.0000000000
-334.8937768727  0.0000000000  3.1415926536  0.0000000000  0.0000000000
-333.6371398112  0.0000000000  3.1415926536  0.0000000000  0.0000000000
-332.3805027498  0.0000000000  3.1415926536  0.0000000000  0.0000000000
-331.1238656884  0.0000000000  3.1415926536  0.0000000000  0.0000000000
-329.8672286269  0.0000000000  3.1415926536  0.0000000000  0.0000000000
-328.6105915655  0.0000000000  3.1415926536  0.0000000000  0.0000000000
-327.3539545041  0.0000000000  3.1415926536  0.0000000000  0.0000000000
-326.0973174426  0.0000000000  3.1415926536  0.0000000000  0.0000000000
-324.8406803812  0.0000000000  3.1415926536  0.0000000000  0.0000000000
-323.5840433197  0.0000000000  3.1415926536  0.0000000000  0.0000000000
-322.3274062583  0.0000000000  3.1415926536  0.0000000000  0.0000000000
-321.0707691969  0.0000000000  3.1415926536  0.0000000000  0.0000000000
-319.8141321354  0.0000000000  3.1415926536  0.0000000000  0.0000000000
-318.5574950740  0.0000000000  3.1415926536  0.0000000000  0.0000000000
-317.3008580126  0.0000000000  3.1415926536  0.0000000000  0.0000000000
-316.0442209511  0.0000000000  3.1415926536  0.0000000000  0.0000000000
-314.7875838897  0.0000000000  3.1415926536  0.0000000000  0.0000000000
-313.5309468283  0.0000000000  3.1415926536  0.0000000000  0.0000000000
-312.2743097668  0.0000000000  3.1415926536  0.0000000000  0.0000000000
-311.0176727054  0.0000000000  3.1415926536  0.0000000000  0.0000000000
-309.7610356440  0.0000000000  3.1415926536  0.0000000000  0.0000000000
-308.5043985825  0.0000000000  3.1415926536  0.0000000000  0.0000000000
-307.2477615211  0.0000000000  3.1415926536  0.0000000000  0.0000000000
-305.9911244596  0.0000000000  3.1415926536  0.0000000000  0.0000000000
-304.7344873982  0.0000000000  3.1415926536  0.0000000000  0.0000000000
-303.4778503368  0.0000000000  3.1415926536  0.0000000000  0.0000000000
-302.2212132753  0.0000000000  3.1415926536  0.0000000000  0.0000000000
-300.9645762139  0.0000000000  3.1415926536  0.0000000000  0.0000000000
-299.7079391525  0.0000000000  3.1415926536  0.0000000000  0.0000000000
-298.4513020910  0.0000000000  3.1415926536  0.0000000000  0.0000000000
-297.1946650296  0.0000000000  3.1415926536  0.0000000000  0.0000000000
-295.9380279682  0.0000000000  3.1415926536  0.0000000000  0.0000000000
-294.6813909067  0.0000000000  3.1415926536  0.0000000000  0.0000000000
-293.4247538453  0.0000000000  3.1415926536  0.0000000000  0.0000000000
-292.1681167839  0.0000000000  3.1415926536  0.0000000000  0.0000000000
-290.9114797224  0.0000000000  3.1415926536  0.0000000000  0.0000000000
-289.6548426610  0.0000000000  3.1415926536  0.0000000000  0.0000000000
-288.3982055995  0.0000000000  3.1415926536  0.0000000000  0.0000000000
-287.1415685381  0.0000000000  3.1415926536  0.0000000000  0.0000000000
-285.8849314767  0.0000000000  3.1415926536  0.0000000000  0.0000000000
-284.6282944152  0.0000000000  3.1415926536  0.0000000000  0.0000000000
-283.3716573538  0.0000000000  3.1415926536  0.0000000000  0.0000000000
-282.1150202924  0.0000000000  3.1415926536  0.0000000000  0.0000000000
-280.8583832309  0.0000000000  3.1415926536  0.0000000000  0.0000000000
-279.6017461695  0.0000000000  3.1415926536  0.0000000000  0.0000000000
-278.3451091081  0.0000000000  3.1415926536  0.0000000000  0.0000000000
-277.0884720466  0.0000000000  3.1415926536  0.0000000000  0.0000000000
-275.8318349852  0.0000000000  3.1415926536  0.0000000000  0.0000000000
-274.5751979237  0.0000000000  3.1415926536  0.0000000000  0.0000000000
-273.3185608623  0.0000000000  3.1415926536  0.0000000000  0.0000000000
-272.0619238009  0.0000000000  3.1415926536  0.0000000000  0.0000000000
-270.8052867394  0.0000000000  3.1415926536  0.0000000000  0.0000000000
-269.5486496780  0.0000000000  3.1415926536  0.0000000000  0.0000000000
-268.2920126166  0.0000000000  3.1415926536  0.0000000000  0.0000000000
-267.0353755551  0.0000000000  3.1415926536  0.0000000000  0.0000000000
-265.7787384937  0.0000000000  3.1415926536  0.0000000000  0.0000000000
-264.5221014323  0.0000000000  3.1415926536  0.0000000000  0.0000000000
-263.2654643708  0.0000000000  3.1415926536  0.0000000000  0.0000000000
-262.0088273094  0.0000000000  3.1415926536  0.0000000000  0.0000000000
-260.7521902480  0.0000000000  3.1415926536  0.0000000000  0.0000000000
-259.4955531865  0.0000000000  3.1415926536  0.0000000000  0.0000000000
-258.2389161251  0.0000000000  3.1415926536  0.0000000000  0.0000000000
-256.9822790636  0.0000000000  3.1415926536  0.0000000000  0.0000000000
-255.7256420022  0.0000000000  3.1415926536  0.0000000000  0.0000000000
-254.4690049408  0.0000000000  3.1415926536  0.0000000000  0.0000000000
-253.2123678793  0.0000000000  3.1415926536  0.0000000000  0.0000000000
-251.9557308179  0.0000000000  3.1415926536  0.0000000000  0.0000000000
-250.6990937565  0.0000000000  3.1415926536  0.0000000000  0.0000000000
-249.4424566950  0.0000000000  3.1415926536  0.0000000000  0.0000000000
-248.1858196336  0.0000000000  3.1415926536  0.0000000000  0.0000000000
-246.9291825722  0.0000000000  3.1415926536  0.0000000000  0.0000000000
-245.6725455107  0.0000000000  3.1415926536  0.0000000000  0.0000000000
-244.4159084493  0.0000000000  3.1415926536  0.0000000000  0.0000000000
-243.1592713878  0.0000000000  3.1415926536  0.0000000000  0.0000000000
-241.9026343264  0.0000000000  3.1415926536  0.0000000000  0.0000000000
-240.6459972650  0.0000000000  3.1415926536  0.0000000000  0.0000000000
-239.3893602035  0.0000000000  3.1415926536  0.0000000000  0.0000000000
-238.1327231421  0.0000000000  3.1415926536  0.0000000000  0.0000000000
-236.8760860807  0.0000000000  3.1415926536  0.0000000000  0.0000000000
-235.6194490192  0.0000000000  3.1415926536  0.0000000000  0.0000000000
-234.3628119578  0.0000000000  3.1415926536  0.0000000000  0.0000000000
-233.1061748964  0.0000000000  3.1415926536  0.0000000000  0.0000000000
-231.8495378349  0.0000000000  3.1415926536  0.0000000000  0.0000000000
-230.5929007735  0.0000000000  3.1415926536  0.0000000000  0.0000000000
-229.3362637121  0.0000000000  3.1415926536  0.0000000000  0.0000000000
-228.0796266506  0.0000000000  3.1415926536  0.0000000000  0.0000000000
-226.8229895892  0.0000000000  3.1415926536  0.0000000000  0.0000000000
-225.5663525277  0.0000000000  3.1415926536  0.0000000000  0.0000000000
-224.3097154663  0.0000000000  3.1415926536  0.0000000000  0.0000000000
-223.0530784049  0.0000000000  3.1415926536  0.0000000000  0.0000000000
-221.7964413434  0.0000000000  3.1415926536  0.0000000000  0.0000000000
-220.5398042820  0.0000000000  3.1415926536  0.0000000000  0.0000000000
-219.2831672206  0.0000000000  3.1415926536  0.0000000000  0.0000000000
-218.0265301591  0.0000000000  3.1415926536  0.0000000000  0.0000000000
-216.7698930977  0.0000000000  3.1415926536  0.0000000000  0.0000000000
-215.5132560363  0.0000000000  3.1415926536  0.0000000000  0.0000000000
-214.2566189748  0.0000000000  3.1415926536  0.0000000000  0.0000000000
-212.9999819134  0.0000000000  3.1415926536  0.0000000000  0.0000000000
-211.7433448520  0.0000000000  3.1415926536  0.0000000000  0.0000000000
-210.4867077905  0.0000000000  3.1415926536  0.0000000000  0.0000000000
-209.2300707291  0.0000000000  3.1415926536  0.0000000000  0.0000000000
-207.9734336676  0.0000000000  3.1415926536  0.0000000000  0.0000000000
-206.7167966062  0.0000000000  3.1415926536  0.0000000000  0.0000000000
-205.4601595448  0.0000000000  3.1415926536  0.0000000000  0.0000000000
-204.2035224833  0.0000000000  3.1415926536  0.0000000000  0.0000000000
-202.9468854219  0.0000000000  3.1415926536  0.0000000000  0.0000000000
-201.6902483605  0.0000000000  3.1415926536  0.0000000000  0.0000000000
-200.4336112990  0.0000000000  3.1415926536  0.0000000000  0.0000000000
-199.1769742376  0.0000000000  3.1415926536  0.0000000000  0.0000000000
-197.9203371762  0.0000000000  3.1415926536  0.0000000000  0.0000000000
-196.6637001147  0.0000000000  3.1415926536  0.0000000000  0.0000000000
-195.4070630533  0.0000000000  3.1415926536  0.0000000000  0.0000000000
-194.1504259918  0.0000000000  3.1415926536  0.0000000000  0.0000000000
-192.8937889304  0.0000000000  3.1415926536  0.0000000000  0.0000000000
-191.6371518690  0.0000000000  3.1415926536  0.0000000000  0.0000000000
-190.3805148075  0.0000000000  3.1415926536  0.0000000000  0.0000000000
-189.1238777461  0.0000000000  3.1415926536  0.0000000000  0.0000000000
-187.8672406847  0.0000000000  3.1415926536  0.0000000000  0.0000000000
-186.6106036232  0.0000000000  3.1415926536  0.0000000000  0.0000000000
-185.3539665618  0.0000000000  3.1415926536  0.0000000000  0.0000000000
-184.0973295004  0.0000000000  3.1415926536  0.0000000000  0.0000000000
-182.8406924389  0.0000000000  3.1415926536  0.0000000000  0.0000000000
-181.5840553775  0.0000000000  3.1415926536  0.0000000000  0.0000000000
-180.3274183161  0.0000000000  3.1415926536  0.0000000000  0.0000000000
-179.0707812546  0.0000000000  3.1415926536  0.0000000000  0.0000000000
-177.8141441932  0.0000000000  3.1415926536  0.0000000000  0.0000000000
-176.5575071317  0.0000000000  3.1415926536  0.0000000000  0.0000000000
-175.3008700703  0.0000000000  3.1415926536  0.0000000000  0.0000000000
-174.0442330089  0.0000000000  3.1415926536  0.0000000000  0.0000000000
-172.7875959474  0.0000000000  3.1415926536  0.0000000000  0.0000000000
-171.5309588860  0.0000000000  3.1415926536  0.0000000000  0.0000000000
-170.2743218246  0.0000000000  3.1415926536  0.0000000000  0.0000000000
-169.0176847631  0.0000000000  3.1415926536  0.0000000000  0.0000000000
-167.7610477017  0.0000000000  3.1415926536  0.0000000000  0.0000000000
-166.5044106403  0.0000000000  3.1415926536  0.0000000000  0.0000000000
-165.2477735788  0.0000000000  3.1415926536  0.0000000000  0.0000000000
-163.9911365174  0.0000000000  3.1415926536  0.0000000000  0.0000000000
-162.7344994560  0.0000000000  3.1415926536  0.0000000000  0.0000000000
-161.4778623945  0.0000000000  3.1415926536  0.0000000000  0.0000000000
-160.2212253331  0.0000000000  3.1415926536  0.0000000000  0.0000000000
-158.9645882716  0.0000000000  3.1415926536  0.0000000000  0.0000000000
-157.7079512102  0.0000000000  3.1415926536  0.0000000000  0.0000000000
-156.4513141488  0.0000000000  3.1415926536  0.0000000000  0.0000000000
-155.1946770873  0.0000000000  3.1415926536  0.0000000000  0.0000000000
-153.9380400259  0.0000000000  3.1415926536  0.0000000000  0.0000000000
-152.6814029645  0.0000000000  3.1415926536  0.0000000000  0.0000000000
-151.4247659030  0.0000000000  3.1415926536  0.0000000000  0.0000000000
-150.1681288416  0.0000000000  3.1415926536  0.0000000000  0.0000000000
-148.9114917802  0.0000000000  3.1415926536  0.0000000000  0.0000000000
-147.6548547187  0.0000000000  3.1415926536  0.0000000000  0.0000000000
-146.3982176573  0.0000000000  3.1415926536  0.0000000000  0.0000000000
-145.1415805958  0.0000000000  3.1415926536  0.0000000000  0.0000000000
-143.8849435344  0.0000000000  3.1415926536  0.0000000000  0.0000000000
-142.6283064730  0.0000000000  3.1415926536  0.0000000000  0.0000000000
-141.3716694115  0.0000000000  3.1415926536  0.0000000000  0.0000000000
-140.1150323501  0.0000000000  3.1415926536  0.0000000000  0.0000000000
-138.8583952887  0.0000000000  3.1415926536  0.0000000000  0.0000000000
-137.6017582272  0.0000000000  3.1415926536  0.0000000000  0.0000000000
-136.3451211658  0.0000000000  3.1415926536  0.0000000000  0.0000000000
-135.0884841044  0.0000000000  3.1415926536  0.0000000000  0.0000000000
-133.8318470429  0.0000000000  3.1415926536  0.0000000000  0.0000000000
-132.5752099815  0.0000000000  3.1415926536  0.0000000000  0.0000000000
-131.3185729201  0.0000000000  3.1415926536  0.0000000000  0.0000000000
-130.0619358586  0.0000000000  3.1415926536  0.0000000000  0.0000000000
-128.8052987972  0.0000000000  3.1415926536  0.0000000000  0.0000000000
-127.5486617357  0.0000000000  3.1415926536  0.0000000000  0.0000000000
-126.2920246743  0.0000000000  3.1415926536  0.0000000000  0.0000000000
-125.0353876129  0.0000000000  3.1415926536  0.0000000000  0.0000000000
-123.7787505514  0.0000000000  3.1415926536  0.0000000000  0.0000000000
-122.5221134900  0.0000000000  3.1415926536  0.0000000000  0.0000000000
-121.2654764286  0.0000000000  3.1415926536  0.0000000000  0.0000000000
-120.0088393671  0.0000000000  3.1415926536  0.0000000000  0.0000000000
-118.7522023057  0.0000000000  3.1415926536  0.0000000000  0.0000000000
-117.4955652443  0.0000000000  3.1415926536  0.0000000000  0.0000000000
-116.2389281828  0.0000000000  3.1415926536  0.0000000000  0.0000000000
-114.9822911214  0.0000000000  3.1415926536  0.0000000000  0.0000000000
-113.7256540600  0.0000000000  3.1415926536  0.0000000000  0.0000000000
-112.4690169985  0.0000000000  3.1415926536  0.0000000000  0.0000000000
-111.2123799371  0.0000000000  3.1415926536  0.0000000000  0.0000000000
-109.9557428756  0.0000000000  3.1415926536  0.0000000000  0.0000000000
-108.6991058142  0.0000000000  3.1415926536  0.0000000000  0.0000000000
-107.4424687528  0.0000000000  3.1415926536  0.0000000000  0.0000000000
-106.1858316913  0.0000000000  3.1415926536  0.0000000000  0.0000000000
-104.9291946299  0.0000000000  3.1415926536  0.0000000000  0.0000000000
-103.6725575685  0.0000000000  3.1415926536  0.0000000000  0.0000000000
-102.4159205070  0.0000000000  3.1415926536  0.0000000000  0.0000000000
-101.1592834456  0.0000000000  3.1415926536  0.0000000000  0.0000000000
-99.9026463842  0.0000000000  3.1415926536  0.0000000000  0.0000000000
-98.6460093227  0.0000000000  3.1415926536  0.0000000000  0.0000000000
-97.3893722613  0.0000000000  3.1415926536  0.0000000000  0.0000000000
-96.1327351998  0.0000000000  3.1415926536  0.0000000000  0.0000000000
-94.8760981384  0.0000000000  3.1415926536  0.0000000000  0.0000000000
-93.6194610770  0.0000000000  3.1415926536  0.0000000000  0.0000000000
-92.3628240155  0.0000000000  3.1415926536  0.0000000000  0.0000000000
-91.1061869541  0.0000000000  3.1415926536  0.0000000000  0.0000000000
-89.8495498927  0.0000000000  3.1415926536  0.0000000000  0.0000000000
-88.5929128312  0.0000000000  3.1415926536  0.0000000000  0.0000000000
-87.3362757698  0.0000000000  3.1415926536  0.0000000000  0.0000000000
-86.0796387084  0.0000000000  3.1415926536  0.0000000000  0.0000000000
-84.8230016469  0.0000000000  3.1415926536  0.0000000000  0.0000000000
-83.5663645855  0.0000000000  3.1415926536  0.0000000000  0.0000000000
-82.3097275241  0.0000000000  3.1415926536  0.0000000000  0.0000000000
-81.0530904626  0.0000000000  3.1415926536  0.0000000000  0.0000000000
-79.7964534012  0.0000000000  3.1415926536  0.0000000000  0.0000000000
-78.5398163397  0.0000000000  3.1415926536  0.0000000000  0.0000000000
-77.2831792783  0.0000000000  3.1415926536  0.0000000000  0.0000000000
-76.0265422169  0.0000000000  3.1415926536  0.0000000000  0.0000000000
-74.7699051554  0.0000000000  3.1415926536  0.0000000000  0.0000000000
-73.5132680940  0.0000000000  3.1415926536  0.0000000000  0.0000000000
-72.2566310326  0.0000000000  3.1415926536  0.0000000000  0.0000000000
-70.9999939711  0.0000000000  3.1415926536  0.0000000000  0.0000000000
-69.7433569097  0.0000000000  3.1415926536  0.0000000000  0.0000000000
-68.4867198483  0.0000000000  3.1415926536  0.0000000000  0.0000000000
-67.2300827868  0.0000000000  3.1415926536  0.0000000000  0.0000000000
-65.9734457254  0.0000000000  3.1415926536  0.0000000000  0.0000000000
-64.7168086639  0.0000000000  3.1415926536  0.0000000000  0.0000000000
-63.4601716025  0.0000000000  3.1415926536  0.0000000000  0.0000000000
-62.2035345411  0.0000000000  3.1415926536  0.0000000000  0.0000000000
-60.9468974796  0.0000000000  3.1415926536  0.0000000000  0.0000000000
-59.6902604182  0.0000000000  3.1415926536  0.0000000000  0.0000000000
-58.4336233568  0.0000000000  3.1415926536  0.0000000000  0.0000000000
-57.1769862953  0.0000000000  3.1415926536  0.0000000000  0.0000000000
-55.9203492339  0.0000000000  3.1415926536  0.0000000000  0.0000000000
-54.6637121725  0.0000000000  3.1415926536  0.0000000000  0.0000000000
-53.4070751110  0.0000000000  3.1415926536  0.0000000000  0.0000000000
-52.1504380496  0.0000000000  3.1415926536  0.0000000000  0.0000000000
-50.8938009882  0.0000000000  3.1415926536  0.0000000000  0.0000000000
-49.6371639267  0.0000000000  3.1415926536  0.0000000000  0.0000000000
-48.3805268653  0.0000000000  3.1415926536  0.0000000000  0.0000000000
-47.1238898038  0.0000000000  3.1415926536  0.0000000000  0.0000000000
-45.8672527424  0.0000000000  3.1415926536  0.0000000000  0.0000000000
-44.6106156810  0.0000000000  3.1415926536  0.0000000000  0.0000000000
-43.3539786195  0.0000000000  3.1415926536  0.0000000000  0.0000000000
-42.0973415581  0.0000000000  3.1415926536  0.0000000000  0.0000000000
-40.8407044967  0.0000000000  3.1415926536  0.0000000000  0.0000000000
-39.5840674352  0.0000000000  3.1415926536  0.0000000000  0.0000000000
-38.3274303738  0.0000000000  3.1415926536  0.0000000000  0.0000000000
-37.0707933124  0.0000000000  3.1415926536  0.0000000000  0.0000000000
-35.8141562509  0.0000000000  3.1415926536  0.0000000000  0.0000000000
-34.5575191895  0.0000000000  3.1415926536  0.0000000000  0.0000000000
-33.3008821281  0.0000000000  3.1415926536  0.0000000000  0.0000000000
-32.0442450666  0.0000000000  3.1415926536  0.0000000000  0.0000000000
-30.7876080052  0.0000000000  3.1415926536  0.0000000000  0.0000000000
-29.5309709437  0.0000000000  3.1415926536  0.0000000000  0.0000000000
-28.2743338823  0.0000000000  3.1415926536  0.0000000000  0.0000000000
-27.0176968209  0.0000000000  3.1415926536  0.0000000000  0.0000000000
-25.7610597594  0.0000000000  3.1415926536  0.0000000000  0.0000000000
-24.5044226980  0.0000000000  3.1415926536  0.0000000000  0.0000000000
-23.2477856366  0.0000000000  3.1415926536  0.0000000000  0.0000000000
-21.9911485751  0.0000000000  3.1415926536  0.0000000000  0.0000000000
-20.7345115137  0.0000000000  3.1415926536  0.0000000000  0.0000000000
-19.4778744523  0.0000000000  3.1415926536  0.0000000000  0.0000000000
-18.2212373908  0.0000000000  3.1415926536  0.0000000000  0.0000000000
-16.9646003294  0.0000000000  3.1415926536  0.0000000000  0.0000000000
-15.7079632679  0.0000000000  3.1415926536  0.0000000000  0.0000000000
-14.4513262065  0.0000000000  3.1415926536  0.0000000000  0.0000000000
-13.1946891451  0.0000000000  3.1415926536  0.0000000000  0.0000000000
-11.9380520836  0.0000000000  3.1415926536  0.0000000000  0.0000000000
-10.6814150222  0.0000000000  3.1415926536  0.0000000000  0.0000000000
-9.4247779608  0.0000000000  3.1415926536  0.0000000000  0.0000000000
-8.1681408993  0.0000000000  3.1415926536  0.0000000000  0.0000000000
-6.9115038379  0.0000000000  3.1415926536  0.0000000000  0.0000000000
-5.6548667765  0.0000000000  3.1415926536  0.0000000000  0.0000000000
-4.3982297150  0.0000000000  3.1415926536  0.0000000000  0.0000000000
-3.1415926536  0.0000000000  3.1415926536  0.0000000000  0.0000000000
-1.8849555922  0.0000000000  3.1415926536  0.0000000000  -82434.0117647059
-0.6283185307  0.0000000000  3.1415926536  275617.1946011852  0.0000000000
0.6283185307  0.0000000000  3.1415926536  0.2767936485  -0.0496911809
1.8849555922  0.0000000000  3.1415926536  0.2214867128  -0.1192710672
3.1415926536  0.0000000000  3.1415926536  0.1582278912  -0.1420279027
4.3982297150  0.0000000000  3.1415926536  0.1107758081  -0.1392083574
5.6548667765  0.0000000000  3.1415926536  0.0791382265  -0.1278595872
6.9115038379  0.0000000000  3.1415926536  0.0583174847  -0.1151563063
8.1681408993  0.0000000000  3.1415926536  0.0443225010  -0.1034364243
9.4247779608  0.0000000000  3.1415926536  0.0346274219  -0.0932452567
10.6814150222  0.0000000000  3.1415926536  0.0277024511  -0.0845444628
11.9380520836  0.0000000000  3.1415926536  0.0226147811  -0.0771367589
13.1946891451  0.0000000000  3.1415926536  0.0187822172  -0.0708070615
14.4513262065  0.0000000000  3.1415926536  0.0158310477  -0.0653646454
15.7079632679  0.0000000000  3.1415926536  0.0135145096  -0.0606515503
16.9646003294  0.0000000000  3.1415926536  0.0116652615  -0.0565402411
18.2212373908  0.0000000000  3.1415926536  0.0101670105  -0.0529285599
19.4778744523  0.0000000000  3.1415926536  0.0089371267  -0.0497346623
20.7345115137  0.0000000000  3.1415926536  0.0079157115  -0.0468927060
21.9911485751  0.0000000000  3.1415926536  0.0070585532  -0.0443494000
23.2477856366  0.0000000000  3.1415926536  0.0063324812  -0.0420613120
24.5044226980  0.0000000000  3.1415926536  0.0057122390  -0.0399927872
25.7610597594  0.0000000000  3.1415926536  0.0051783356  -0.0381143441
27.0176968209  0.0000000000  3.1415926536  0.0047155443  -0.0364014330
28.2743338823  0.0000000000  3.1415926536  0.0043118364  -0.0348334723
29.5309709437  0.0000000000  3.1415926536  0.0039576112  -0.0333930957
30.7876080052  0.0000000000  3.1415926536  0.0036451334  -0.0320655599
32.0442450666  0.0000000000  3.1415926536  0.0033681165  -0.0308382762
33.3008821281  0.0000000000  3.1415926536  0.0031214100  -0.0297004363
34.5575191895  0.0000000000  3.1415926536  0.0029007623  -0.0286427131
35.8141562509  0.0000000000  3.1415926536  0.0027026397  -0.0276570183
37.0707933124  0.0000000000  3.1415926536  0.0025240862  -0.0267363060
38.3274303738  0.0000000000  3.1415926536  0.0023626138  -0.0258744113
39.5840674352  0.0000000000  3.1415926536  0.0022161166  -0.0250659186
40.8407044967  0.0000000000  3.1415926536  0.0020828030  -0.0243060519
42.0973415581  0.0000000000  3.1415926536  0.0019611407  -0.0235905837
43.3539786195  0.0000000000  3.1415926536  0.0018498133  -0.0229157595
44.6106156810  0.0000000000  3.1415926536  0.0017476848  -0.0222782336
45.8672527424  0.0000000000  3.1415926536  0.0016537710  -0.0216750153
47.1238898038  0.0000000000  3.1415926536  0.0015672153  -0.0211034234
48.3805268653  0.0000000000  3.1415926536  0.0014872701  -0.0205610477
49.6371639267  0.0000000000  3.1415926536  0.0014132800  -0.0200457152
50.8938009882  0.0000000000  3.1415926536  0.0013446687  -0.0195554623
52.1504380496  0.0000000000  3.1415926536  0.0012809281  -0.0190885101
53.4070751110  0.0000000000  3.1415926536  0.0012216084  -0.0186432433
54.6637121725  0.0000000000  3.1415926536  0.0011663106  -0.0182181916
55.9203492339  0.0000000000  3.1415926536  0.0011146796  -0.0178120146
57.1769862953  0.0000000000  3.1415926536  0.0010663986  -0.0174234871
58.4336233568  0.0000000000  3.1415926536  0.0010211843  -0.0170514873
59.6902604182  0.0000000000  3.1415926536  0.0009787827  -0.0166949863
60.9468974796  0.0000000000  3.1415926536  0.0009389653  -0.0163530383
62.2035345411  0.0000000000  3.1415926536  0.0009015268  -0.0160247730
63.4601716025  0.0000000000  3.1415926536  0.0008662813  -0.0157093878
64.7168086639  0.0000000000  3.1415926536  0.0008330612  -0.0154061413
65.9734457254  0.0000000000  3.1415926536  0.0008017142  -0.0151143480
67.2300827868  0.0000000000  3.1415926536  0.0007721023  -0.0148333729
68.4867198483  0.0000000000  3.1415926536  0.0007440998  -0.0145626268
69.7433569097  0.0000000000  3.1415926536  0.0007175924  -0.0143015625
70.9999939711  0.0000000000  3.1415926536  0.0006924755  -0.0140496711
72.2566310326  0.0000000000  3.1415926536  0.0006686535  -0.0138064787
73.5132680940  0.0000000000  3.1415926536  0.0006460391  -0.0135715432
74.7699051554  0.0000000000  3.1415926536  0.0006245521  -0.0133444521
76.0265422169  0.0000000000  3.1415926536  0.0006041188  -0.0131248199
77.2831792783  0.0000000000  3.1415926536  0.0005846714  -0.0129122856
78.5398163397  0.0000000000  3.1415926536  0.0005661476  -0.0127065114
79.7964534012  0.0000000000  3.1415926536  0.0005484898  -0.0125071805
81.0530904626  0.0000000000  3.1415926536  0.0005316450  -0.0123139953
82.3097275241  0.0000000000  3.1415926536  0.0005155639  -0.0121266766
83.5663645855  0.0000000000  3.1415926536  0.0005002012  -0.0119449616
84.8230016469  0.0000000000  3.1415926536  0.0004855147  -0.0117686029
86.0796387084  0.0000000000  3.1415926536  0.0004714652  -0.0115973676
87.3362757698  0.0000000000  3.1415926536  0.0004580166  -0.0114310359
88.5929128312  0.0000000000  3.1415926536  0.0004451351  -0.0112694005
89.8495498927  0.0000000000  3.1415926536  0.0004327891  -0.0111122656
91.1061869541  0.0000000000  3.1415926536  0.0004209495  -0.0109594460
92.3628240155  0.0000000000  3.1415926536  0.0004095890  -0.0108107667
93.6194610770  0.0000000000  3.1415926536  0.0003986820  -0.0106660620
94.8760981384  0.0000000000  3.1415926536  0.0003882048  -0.0105251746
96.1327351998  0.0000000000  3.1415926536  0.0003781350  -0.0103879559
97.3893722613  0.0000000000  3.1415926536  0.0003684519  -0.0102542644
98.6460093227  0.0000000000  3.1415926536  0.0003591359  -0.0101239661
99.9026463842  0.0000000000  3.1415926536  0.0003501686  -0.0099969335
101.1592834456  0.0000000000  3.1415926536  0.0003415329  -0.0098730456
102.4159205070  0.0000000000  3.1415926536  0.0003332126  -0.0097521872
103.6725575685  0.0000000000  3.1415926536  0.0003251926  -0.0096342486
104.9291946299  0.0000000000  3.1415926536  0.0003174586  -0.0095191253
106.1858316913  0.0000000000  3.1415926536  0.0003099972  -0.0094067179
107.4424687528  0.0000000000  3.1415926536  0.0003027957  -0.0092969315
108.6991058142  0.0000000000  3.1415926536  0.0002958421  -0.0091896755
109.9557428756  0.0000000000  3.1415926536  0.0002891253  -0.0090848636
111.2123799371  0.0000000000  3.1415926536  0.0002826346  -0.0089824133
112.4690169985  0.0000000000  3.1415926536  0.0002763600  -0.0088822456
113.7256540600  0.0000000000  3.1415926536  0.0002702919  -0.0087842853
114.9822911214  0.0000000000  3.1415926536  0.0002644215  -0.0086884601
116.2389281828  0.0000000000  3.1415926536  0.0002587402  -0.0085947012
117.4955652443  0.0000000000  3.1415926536  0.0002532400  -0.0085029425
118.7522023057  0.0000000000  3.1415926536  0.0002479133  -0.0084131206
120.0088393671  0.0000000000  3.1415926536  0.0002427529  -0.0083251750
121.2654764286  0.0000000000  3.1415926536  0.0002377519  -0.0082390475
122.5221134900  0.0000000000  3.1415926536  0.0002329038  -0.0081546824
123.7787505514  0.0000000000  3.1415926536  0.0002282025  -0.0080720262
125.0353876129  0.0000000000  3.1415926536  0.0002236420  -0.0079910274
126.2920246743  0.0000000000  3.1415926536  0.0002192169  -0.0079116369
127.5486617357  0.0000000000  3.1415926536  0.0002149218  -0.0078338071
128.8052987972  0.0000000000  3.1415926536  0.0002107517  -0.0077574926
130.0619358586  0.0000000000  3.1415926536  0.0002067017  -0.0076826495
131.3185729201  0.0000000000  3.1415926536  0.0002027674  -0.0076092358
132.5752099815  0.0000000000  3.1415926536  0.0001989443  -0.0075372109
133.8318470429  0.0000000000  3.1415926536  0.0001952282  -0.0074665357
135.0884841044  0.0000000000  3.1415926536  0.0001916153  -0.0073971728
136.3451211658  0.0000000000  3.1415926536  0.0001881018  -0.0073290859
137.6017582272  0.0000000000  3.1415926536  0.0001846840  -0.0072622402
138.8583952887  0.0000000000  3.1415926536  0.0001813585  -0.0071966021
140.1150323501  0.0000000000  3.1415926536  0.0001781220  -0.0071321391
141.3716694115  0.0000000000  3.1415926536  0.0001749713  -0.0070688200
142.6283064730  0.0000000000  3.1415926536  0.0001719035  -0.0070066146
143.8849435344  0.0000000000  3.1415926536  0.0001689157  -0.0069454939
145.1415805958  0.0000000000  3.1415926536  0.0001660050  -0.0068854296
146.3982176573  0.0000000000  3.1415926536  0.0001631690  -0.0068263947
147.6548547187  0.0000000000  3.1415926536  0.0001604050  -0.0067683630
148.9114917802  0.0000000000  3.1415926536  0.0001577106  -0.0067113091
150.1681288416  0.0000000000  3.1415926536  0.0001550835  -0.0066552085
151.4247659030  0.0000000000  3.1415926536  0.0001525215  -0.0066000375
152.6814029645  0.0000000000  3.1415926536  0.0001500225  -0.0065457733
153.9380400259  0.0000000000  3.1415926536  0.0001475844  -0.0064923936
155.1946770873  0.0000000000  3.1415926536  0.0001452052  -0.0064398771
156.4513141488  0.0000000000  3.1415926536  0.0001428831  -0.0063882029
157.7079512102  0.0000000000  3.1415926536  0.0001406163  -0.0063373510
158.9645882716  0.0000000000  3.1415926536  0.0001384029  -0.0062873019
160.2212253331  0.0000000000  3.1415926536  0.0001362414  -0.0062380367
161.4778623945  0.0000000000  3.1415926536  0.0001341301  -0.0061895373
162.7344994560  0.0000000000  3.1415926536  0.0001320676  -0.0061417858
163.9911365174  0.0000000000  3.1415926536  0.0001300522  -0.0060947652
165.2477735788  0.0000000000  3.1415926536  0.0001280826  -0.0060484587
166.5044106403  0.0000000000  3.1415926536  0.0001261574  -0.0060028502
167.7610477017  0.0000000000  3.1415926536  0.0001242753  -0.0059579242
169.0176847631  0.0000000000  3.1415926536  0.0001224350  -0.0059136653
170.2743218246  0.0000000000  3.1415926536  0.0001206352  -0.0058700589
171.5309588860  0.0000000000  3.1415926536  0.0001188748  -0.0058270905
172.7875959474  0.0000000000  3.1415926536  0.0001171527  -0.0057847464
174.0442330089  0.0000000000  3.1415926536  0.0001154678  -0.0057430131
175.3008700703  0.0000000000  3.1415926536  0.0001138189  -0.0057018773
176.5575071317  0.0000000000  3.1415926536  0.0001122051  -0.0056613264
177.8141441932  0.0000000000  3.1415926536  0.0001106253  -0.0056213480
179.0707812546  0.0000000000  3.1415926536  0.0001090787  -0.0055819301
180.3274183161  0.0000000000  3.1415926536  0.0001075643  -0.0055430609
181.5840553775  0.0000000000  3.1415926536  0.0001060812  -0.0055047290
182.8406924389  0.0000000000  3.1415926536  0.0001046286  -0.0054669236
184.0973295004  0.0000000000  3.1415926536  0.0001032056  -0.0054296336
185.3539665618  0.0000000000  3.1415926536  0.0001018114  -0.0053928488
186.6106036232  0.0000000000  3.1415926536  0.0001004453  -0.0053565588
187.8672406847  0.0000000000  3.1415926536  0.0000991065  -0.0053207538
189.1238777461  0.0000000000  3.1415926536  0.0000977943  -0.0052854241
190.3805148075  0.0000000000  3.1415926536  0.0000965080  -0.0052505604
191.6371518690  0.0000000000  3.1415926536  0.0000952469  -0.0052161534
192.8937889304  0.0000000000  3.1415926536  0.0000940103  -0.0051821943
194.1504259918  0.0000000000  3.1415926536  0.0000927977  -0.0051486744
195.4070630533  0.0000000000  3.1415926536  0.0000916083  -0.0051155852
196.6637001147  0.0000000000  3.1415926536  0.0000904417  -0.0050829184
197.9203371762  0.0000000000  3.1415926536  0.0000892972  -0.0050506661
199.1769742376  0.0000000000  3.1415926536  0.0000881744  -0.0050188203
200.4336112990  0.0000000000  3.1415926536  0.0000870725  -0.0049873735
201.6902483605  0.0000000000  3.1415926536  0.0000859912  -0.0049563182
202.9468854219  0.0000000000  3.1415926536  0.0000849299  -0.0049256472
204.2035224833  0.0000000000  3.1415926536  0.0000838881  -0.0048953533
205.4601595448  0.0000000000  3.1415926536  0.0000828654  -0.0048654296
206.7167966062  0.0000000000  3.1415926536  0.0000818613  -0.0048358695
207.9734336676  0.0000000000  3.1415926536  0.0000808753  -0.0048066663
209.2300707291  0.0000000000  3.1415926536  0.0000799070  -0.0047778135
210.4867077905  0.0000000000  3.1415926536  0.0000789560  -0.0047493050
211.7433448520  0.0000000000  3.1415926536  0.0000780218  -0.0047211346
212.9999819134  0.0000000000  3.1415926536  0.0000771042  -0.0046932963
214.2566189748  0.0000000000  3.1415926536  0.0000762026  -0.0046657843
215.5132560363  0.0000000000  3.1415926536  0.0000753168  -0.0046385929
216.7698930977  0.0000000000  3.1415926536  0.0000744463  -0.0046117165
218.0265301591  0.0000000000  3.1415926536  0.0000735908  -0.0045851497
219.2831672206  0.0000000000  3.1415926536  0.0000727500  -0.0045588871
220.5398042820  0.0000000000  3.1415926536  0.0000719235  -0.0045329236
221.7964413434  0.0000000000  3.1415926536  0.0000711110  -0.0045072541
223.0530784049  0.0000000000  3.1415926536  0.0000703122  -0.0044818736
224.3097154663  0.0000000000  3.1415926536  0.0000695268  -0.0044567773
225.5663525277  0.0000000000  3.1415926536  0.0000687544  -0.0044319604
226.8229895892  0.0000000000  3.1415926536  0.0000679949  -0.0044074182
228.0796266506  0.0000000000  3.1415926536  0.0000672479  -0.0043831464
229.3362637121  0.0000000000  3.1415926536  0.0000665131  -0.0043591403
230.5929007735  0.0000000000  3.1415926536  0.0000657903  -0.0043353957
231.8495378349  0.0000000000  3.1415926536  0.0000650792  -0.0043119083
233.1061748964  0.0000000000  3.1415926536  0.0000643796  -0.0042886740
234.3628119578  0.0000000000  3.1415926536  0.0000636912  -0.0042656886
235.6194490192  0.0000000000  3.1415926536  0.0000630138  -0.0042429483
236.8760860807  0.0000000000  3.1415926536  0.0000623471  -0.0042204491
238.1327231421  0.0000000000  3.1415926536  0.0000616910  -0.0041981872
239.3893602035  0.0000000000  3.1415926536  0.0000610452  -0.0041761589
240.6459972650  0.0000000000  3.1415926536  0.0000604094  -0.0041543605
241.9026343264  0.0000000000  3.1415926536  0.0000597835  -0.0041327884
243.1592713878  0.0000000000  3.1415926536  0.0000591673  -0.0041114392
244.4159084493  0.0000000000  3.1415926536  0.0000585606  -0.0040903093
245.6725455107  0.0000000000  3.1415926536  0.0000579632  -0.0040693955
246.9291825722  0.0000000000  3.1415926536  0.0000573748  -0.0040486944
248.1858196336  0.0000000000  3.1415926536  0.0000567954  -0.0040282028
249.4424566950  0.0000000000  3.1415926536  0.0000562247  -0.0040079176
250.6990937565  0.0000000000  3.1415926536  0.0000556626  -0.0039878356
251.9557308179  0.0000000000  3.1415926536  0.0000551088  -0.0039679538
253.2123678793  0.0000000000  3.1415926536  0.0000545633  -0.0039482692
254.4690049408  0.0000000000  3.1415926536  0.0000540258  -0.0039287790
255.7256420022  0.0000000000  3.1415926536  0.0000534963  -0.0039094801
256.9822790636  0.0000000000  3.1415926536  0.0000529745  -0.0038903700
258.2389161251  0.0000000000  3.1415926536  0.0000524602  -0.0038714457
259.4955531865  0.0000000000  3.1415926536  0.0000519535  -0.0038527046
260.7521902480  0.0000000000  3.1415926536  0.0000514540  -0.0038341440
262.0088273094  0.0000000000  3.1415926536  0.0000509617  -0.0038157613
263.2654643708  0.0000000000  3.1415926536  0.0000504764  -0.0037975541
264.5221014323  0.0000000000  3.1415926536  0.0000499981  -0.0037795198
265.7787384937  0.0000000000  3.1415926536  0.0000495265  -0.0037616559
267.0353755551  0.0000000000  3.1415926536  0.0000490615  -0.0037439601
268.2920126166  0.0000000000  3.1415926536  0.0000486031  -0.0037264299
269.5486496780  0.0000000000  3.1415926536  0.0000481510  -0.0037090631
270.8052867394  0.0000000000  3.1415926536  0.0000477053  -0.0036918574
272.0619238009  0.0000000000  3.1415926536  0.0000472657  -0.0036748106
273.3185608623  0.0000000000  3.1415926536  0.0000468321  -0.0036579204
274.5751979237  0.0000000000  3.1415926536  0.0000464045  -0.0036411848
275.8318349852  0.0000000000  3.1415926536  0.0000459827  -0.0036246016
277.0884720466  0.0000000000  3.1415926536  0.0000455666  -0.0036081687
278.3451091081  0.0000000000  3.1415926536  0.0000451562  -0.0035918842
279.6017461695  0.0000000000  3.1415926536  0.0000447513  -0.0035757459
280.8583832309  0.0000000000  3.1415926536  0.0000443518  -0.0035597520
282.1150202924  0.0000000000  3.1415926536  0.0000439576  -0.0035439005
283.3716573538  0.0000000000  3.1415926536  0.0000435686  -0.0035281896
284.6282944152  0.0000000000  3.1415926536  0.0000431848  -0.0035126173
285.8849314767  0.0000000000  3.1415926536  0.0000428061  -0.0034971818
287.1415685381  0.0000000000  3.1415926536  0.0000424323  -0.0034818814
288.3982055995  0.0000000000  3.1415926536  0.0000420634  -0.0034667143
289.6548426610  0.0000000000  3.1415926536  0.0000416992  -0.0034516787
290.9114797224  0.0000000000  3.1415926536  0.0000413398  -0.0034367729
292.1681167839  0.0000000000  3.1415926536  0.0000409850  -0.0034219953
293.4247538453  0.0000000000  3.1415926536  0.0000406348  -0.0034073443
294.6813909067  0.0000000000  3.1415926536  0.0000402890  -0.0033928181
295.9380279682  0.0000000000  3.1415926536  0.0000399476  -0.0033784153
297.1946650296  0.0000000000  3.1415926536  0.0000396105  -0.0033641342
298.4513020910  0.0000000000  3.1415926536  0.0000392777  -0.0033499733
299.7079391525  0.0000000000  3.1415926536  0.0000389491  -0.0033359311
300.9645762139  0.0000000000  3.1415926536  0.0000386245  -0.0033220061
302.2212132753  0.0000000000  3.1415926536  0.0000383041  -0.0033081969
303.4778503368  0.0000000000  3.1415926536  0.0000379875  -0.0032945020
304.7344873982  0.0000000000  3.1415926536  0.0000376749  -0.0032809200
305.9911244596  0.0000000000  3.1415926536  0.0000373661  -0.0032674495
307.2477615211  0.0000000000  3.1415926536  0.0000370612  -0.0032540892
308.5043985825  0.0000000000  3.1415926536  0.0000367599  -0.0032408376
309.7610356440  0.0000000000  3.1415926536  0.0000364623  -0.0032276935
311.0176727054  0.0000000000  3.1415926536  0.0000361683  -0.0032146557
312.2743097668  0.0000000000  3.1415926536  0.0000358778  -0.0032017227
313.5309468283  0.0000000000  3.1415926536  0.0000355908  -0.0031888933
314.7875838897  0.0000000000  3.1415926536  0.0000353072  -0.0031761663
316.0442209511  0.0000000000  3.1415926536  0.0000350271  -0.0031635405
317.3008580126  0.0000000000  3.1415926536  0.0000347502  -0.0031510147
318.5574950740  0.0000000000  3.1415926536  0.0000344766  -0.0031385876
319.8141321354  0.0000000000  3.1415926536  0.0000342062  -0.0031262582
321.0707691969  0.0000000000  3.1415926536  0.0000339390  -0.0031140253
322.3274062583  0.0000000000  3.1415926536  0.0000336750  -0.0031018877
323.5840433197  0.0000000000  3.1415926536  0.0000334139  -0.0030898443
324.8406803812  0.0000000000  3.1415926536  0.0000331559  -0.0030778941
326.0973174426  0.0000000000  3.1415926536  0.0000329009  -0.0030660360
327.3539545041  0.0000000000  3.1415926536  0.0000326488  -0.0030542689
328.6105915655  0.0000000000  3.1415926536  0.0000323996  -0.0030425917
329.8672286269  0.0000000000  3.1415926536  0.0000321533  -0.0030310035
331.1238656884  0.0000000000  3.1415926536  0.0000319097  -0.0030195032
332.3805027498  0.0000000000  3.1415926536  0.0000316689  -0.0030080898
333.6371398112  0.0000000000  3.1415926536  0.0000314308  -0.0029967624
334.8937768727  0.0000000000  3.1415926536  0.0000311954  -0.0029855200
336.1504139341  0.0000000000  3.1415926536  0.0000309627  -0.0029743615
337.4070509955  0.0000000000  3.1415926536  0.0000307325  -0.0029632862
338.6636880570  0.0000000000  3.1415926536  0.0000305049  -0.0029522931
339.9203251184  0.0000000000  3.1415926536  0.0000302797  -0.0029413812
341.1769621799  0.0000000000  3.1415926536  0.0000300571  -0.0029305496
342.4335992413  0.0000000000  3.1415926536  0.0000298370  -0.0029197976
343.6902363027  0.0000000000  3.1415926536  0.0000296192  -0.0029091241
344.9468733642  0.0000000000  3.1415926536  0.0000294038  -0.0028985284
346.2035104256  0.0000000000  3.1415926536  0.0000291907  -0.0028880095
347.4601474870  0.0000000000  3.1415926536  0.0000289800  -0.0028775668
348.7167845485  0.0000000000  3.1415926536  0.0000287715  -0.0028671992
349.9734216099  0.0000000000  3.1415926536  0.0000285653  -0.0028569062
351.2300586713  0.0000000000  3.1415926536  0.0000283613  -0.0028466867
352.4866957328  0.0000000000  3.1415926536  0.0000281595  -0.0028365401
353.7433327942  0.0000000000  3.1415926536  0.0000279598  -0.0028264655
354.9999698556  0.0000000000  3.1415926536  0.0000277622  -0.0028164623
356.2566069171  0.0000000000  3.1415926536  0.0000275667  -0.0028065296
357.5132439785  0.0000000000  3.1415926536  0.0000273733  -0.0027966667
358.7698810400  0.0000000000  3.1415926536  0.0000271819  -0.0027868729
360.0265181014  0.0000000000  3.1415926536  0.0000269925  -0.0027771474
361.2831551628  0.0000000000  3.1415926536  0.0000268050  -0.0027674896
362.5397922243  0.0000000000  3.1415926536  0.0000266195  -0.0027578987
363.7964292857  0.0000000000  3.1415926536  0.0000264360  -0.0027483740
365.0530663471  0.0000000000  3.1415926536  0.0000262543  -0.0027389149
366.3097034086  0.0000000000  3.1415926536  0.0000260745  -0.0027295207
367.5663404700  0.0000000000  3.1415926536  0.0000258965  -0.0027201907
368.8229775314  0.0000000000  3.1415926536  0.0000257204  -0.0027109242
370.0796145929  0.0000000000  3.1415926536  0.0000255460  -0.0027017207
371.3362516543  0.0000000000  3.1415926536  0.0000253734  -0.0026925794
372.5928887157  0.0000000000  3.1415926536  0.0000252026  -0.0026834998
373.8495257772  0.0000000000  3.1415926536  0.0000250334  -0.0026744812
375.1061628386  0.0000000000  3.1415926536  0.0000248660  -0.0026655230
376.3627999001  0.0000000000  3.1415926536  0.0000247003  -0.0026566247
377.6194369615  0.0000000000  3.1415926536  0.0000245361  -0.0026477855
378.8760740229  0.0000000000  3.1415926536  0.0000243737  -0.0026390049
380.1327110844  0.0000000000  3.1415926536  0.0000242128  -0.0026302824
381.3893481458  0.0000000000  3.1415926536  0.0000240535  -0.0026216174
382.6459852072  0.0000000000  3.1415926536  0.0000238958  -0.0026130092
383.9026222687  0.0000000000  3.1415926536  0.0000237396  -0.0026044574
385.1592593301  0.0000000000  3.1415926536  0.0000235850  -0.0025959614
386.4158963915  0.0000000000  3.1415926536  0.0000234319  -0.0025875207
387.6725334530  0.0000000000  3.1415926536  0.0000232802  -0.0025791346
388.9291705144  0.0000000000  3.1415926536  0.0000231300  -0.0025708027
390.1858075759  0.0000000000  3.1415926536  0.0000229813  -0.0025625245
391.4424446373  0.0000000000  3.1415926536  0.0000228340  -0.0025542994
392.6990816987  0.0000000000  3.1415926536  0.0000226881  -0.0025461269
393.9557187602  0.0000000000  3.1415926536  0.0000225436  -0.0025380066
395.2123558216  0.0000000000  3.1415926536  0.0000224005  -0.0025299379
396.4689928830  0.0000000000  3.1415926536  0.0000222587  -0.0025219203
397.7256299445  0.0000000000  3.1415926536  0.0000221183  -0.0025139534
398.9822670059  0.0000000000  3.1415926536  0.0000219792  -0.0025060366
400.2389040673  0.0000000000  3.1415926536  0.0000218414  -0.0024981696
401.4955411288  0.0000000000  3.1415926536  0.0000217049  -0.0024903518
402.7521781902  0.0000000000  3.1415926536  0.0000215697  -0.0024825827
404.0088152516  0.0000000000  3.1415926536  0.0000214357  -0.0024748620
405.2654523131  0.0000000000  3.1415926536  0.0000213030  -0.0024671892
406.5220893745  0.0000000000  3.1415926536  0.0000211715  -0.0024595637
407.7787264360  0.0000000000  3.1415926536  0.0000210412  -0.0024519853
409.0353634974  0.0000000000  3.1415926536  0.0000209122  -0.0024444534
410.2920005588  0.0000000000  3.1415926536  0.0000207843  -0.0024369677
411.5486376203  0.0000000000  3.1415926536  0.0000206575  -0.0024295276
412.8052746817  0.0000000000  3.1415926536  0.0000205320  -0.0024221329
414.0619117431  0.0000000000  3.1415926536  0.0000204075  -0.0024147830
415.3185488046  0.0000000000  3.1415926536  0.0000202842  -0.0024074776
416.5751858660  0.0000000000  3.1415926536  0.0000201621  -0.0024002162
417.8318229274  0.0000000000  3.1415926536  0.0000200410  -0.0023929985
419.0884599889  0.0000000000  3.1415926536  0.0000199210  -0.0023858241
420.3450970503  0.0000000000  3.1415926536  0.0000198020  -0.0023786926
421.6017341118  0.0000000000  3.1415926536  0.0000196842  -0.0023716036
422.8583711732  0.0000000000  3.1415926536  0.0000195674  -0.0023645567
424.1150082346  0.0000000000  3.1415926536  0.0000194516  -0.0023575515
425.3716452961  0.0000000000  3.1415926536  0.0000193368  -0.0023505878
426.6282823575  0.0000000000  3.1415926536  0.0000192231  -0.0023436650
427.8849194189  0.0000000000  3.1415926536  0.0000191104  -0.0023367829
429.1415564804  0.0000000000  3.1415926536  0.0000189986  -0.0023299411
430.3981935418  0.0000000000  3.1415926536  0.0000188879  -0.0023231393
431.6548306032  0.0000000000  3.1415926536  0.0000187780  -0.0023163770
432.9114676647  0.0000000000  3.1415926536  0.0000186692  -0.0023096540
434.1681047261  0.0000000000  3.1415926536  0.0000185613  -0.0023029699
435.4247417875  0.0000000000  3.1415926536  0.0000184543  -0.0022963244
436.6813788490  0.0000000000  3.1415926536  0.0000183483  -0.0022897171
437.9380159104  0.0000000000  3.1415926536  0.0000182431  -0.0022831478
439.1946529719  0.0000000000  3.1415926536  0.0000181389  -0.0022766160
440.4512900333  0.0000000000  3.1415926536  0.0000180355  -0.0022701215
441.7079270947  0.0000000000  3.1415926536  0.0000179331  -0.0022636639
442.9645641562  0.0000000000  3.1415926536  0.0000178315  -0.0022572429
444.2212012176  0.0000000000  3.1415926536  0.0000177307  -0.0022508583
445.4778382790  0.0000000000  3.1415926536  0.0000176308  -0.0022445097
446.7344753405  0.0000000000  3.1415926536  0.0000175318  -0.0022381968
447.9911124019  0.0000000000  3.1415926536  0.0000174336  -0.0022319193
449.2477494633  0.0000000000  3.1415926536  0.0000173362  -0.0022256770
450.5043865248  0.0000000000  3.1415926536  0.0000172396  -0.0022194694
451.7610235862  0.0000000000  3.1415926536  0.0000171439  -0.0022132964
453.0176606476  0.0000000000  3.1415926536  0.0000170489  -0.0022071576
454.2742977091  0.0000000000  3.1415926536  0.0000169547  -0.0022010527
455.5309347705  0.0000000000  3.1415926536  0.0000168613  -0.0021949816
456.7875718320  0.0000000000  3.1415926536  0.0000167686  -0.0021889438
458.0442088934  0.0000000000  3.1415926536  0.0000166768  -0.0021829392
459.3008459548  0.0000000000  3.1415926536  0.0000165856  -0.0021769674
460.5574830163  0.0000000000  3.1415926536  0.0000164953  -0.0021710282
461.8141200777  0.0000000000  3.1415926536  0.0000164056  -0.0021651213
463.0707571391  0.0000000000  3.1415926536  0.0000163167  -0.0021592465
464.3273942006  0.0000000000  3.1415926536  0.0000162285  -0.0021534035
465.5840312620  0.0000000000  3.1415926536  0.0000161410  -0.0021475920
466.8406683234  0.0000000000  3.1415926536  0.0000160543  -0.0021418118
468.0973053849  0.0000000000  3.1415926536  0.0000159682  -0.0021360626
469.3539424463  0.0000000000  3.1415926536  0.0000158828  -0.0021303442
470.6105795078  0.0000000000  3.1415926536  0.0000157981  -0.0021246563
471.8672165692  0.0000000000  3.1415926536  0.0000157141  -0.0021189987
473.1238536306  0.0000000000  3.1415926536  0.0000156307  -0.0021133712
474.3804906921  0.0000000000  3.1415926536  0.0000155480  -0.0021077734
475.6371277535  0.0000000000  3.1415926536  0.0000154660  -0.0021022053
476.8937648149  0.0000000000  3.1415926536  0.0000153846  -0.0020966665
478.1504018764  0.0000000000  3.1415926536  0.0000153038  -0.0020911568
479.4070389378  0.0000000000  3.1415926536  0.0000152237  -0.0020856759
480.6636759992  0.0000000000  3.1415926536  0.0000151442  -0.0020802238
481.9203130607  0.0000000000  3.1415926536  0.0000150653  -0.0020748000
483.1769501221  0.0000000000  3.1415926536  0.0000149871  -0.0020694045
484.4335871835  0.0000000000  3.1415926536  0.0000149094  -0.0020640369
485.6902242450  0.0000000000  3.1415926536  0.0000148324  -0.0020586972
486.9468613064  0.0000000000  3.1415926536  0.0000147559  -0.0020533849
488.2034983679  0.0000000000  3.1415926536  0.0000146801  -0.0020481001
489.4601354293  0.0000000000  3.1415926536  0.0000146048  -0.0020428423
490.7167724907  0.0000000000  3.1415926536  0.0000145301  -0.0020376115
491.9734095522  0.0000000000  3.1415926536  0.0000144560  -0.0020324074
493.2300466136  0.0000000000  3.1415926536  0.0000143824  -0.0020272298
494.4866836750  0.0000000000  3.1415926536  0.0000143094  -0.0020220785
495.7433207365  0.0000000000  3.1415926536  0.0000142369  -0.0020169534
496.9999577979  0.0000000000  3.1415926536  0.0000141650  -0.0020118541
498.2565948593  0.0000000000  3.1415926536  0.0000140937  -0.0020067806
499.5132319208  0.0000000000  3.1415926536  0.0000140229  -0.0020017326
500.7698689822  0.0000000000  3.1415926536  0.0000139526  -0.0019967099
502.0265060436  0.0000000000  3.1415926536  0.0000138828  -0.0019917124
503.2831431051  0.0000000000  3.1415926536  0.0000138136  -0.0019867398
504.5397801665  0.0000000000  3.1415926536  0.0000137449  -0.0019817920
505.7964172280  0.0000000000  3.1415926536  0.0000136766  -0.0019768687
507.0530542894  0.0000000000  3.1415926536  0.0000136089  -0.0019719699
508.3096913508  0.0000000000  3.1415926536  0.0000135417  -0.0019670953
509.5663284123  0.0000000000  3.1415926536  0.0000134750  -0.0019622447
510.8229654737  0.0000000000  3.1415926536  0.0000134088  -0.0019574180
512.0796025351  0.0000000000  3.1415926536  0.0000133431  -0.0019526149
513.3362395966  0.0000000000  3.1415926536  0.0000132779  -0.0019478354
514.5928766580  0.0000000000  3.1415926536  0.0000132131  -0.0019430792
515.8495137194  0.0000000000  3.1415926536  0.0000131488  -0.0019383462
517.1061507809  0.0000000000  3.1415926536  0.0000130850  -0.0019336362
518.3627878423  0.0000000000  3.1415926536  0.0000130216  -0.0019289490
519.6194249038  0.0000000000  3.1415926536  0.0000129587  -0.0019242845
520.8760619652  0.0000000000  3.1415926536  0.0000128963  -0.0019196425
522.1326990266  0.0000000000  3.1415926536  0.0000128343  -0.0019150229
523.3893360881  0.0000000000  3.1415926536  0.0000127727  -0.0019104254
524.6459731495  0.0000000000  3.1415926536  0.0000127116  -0.0019058499
525.9026102109  0.0000000000  3.1415926536  0.0000126509  -0.0019012963
527.1592472724  0.0000000000  3.1415926536  0.0000125907  -0.0018967644
528.4158843338  0.0000000000  3.1415926536  0.0000125309  -0.0018922541
529.6725213952  0.0000000000  3.1415926536  0.0000124715  -0.0018877651
530.9291584567  0.0000000000  3.1415926536  0.0000124125  -0.0018832974
532.1857955181  0.0000000000  3.1415926536  0.0000123540  -0.0018788508
533.4424325795  0.0000000000  3.1415926536  0.0000122958  -0.0018744252
534.6990696410  0.0000000000  3.1415926536  0.0000122381  -0.0018700203
535.9557067024  0.0000000000  3.1415926536  0.0000121808  -0.0018656361
537.2123437639  0.0000000000  3.1415926536  0.0000121239  -0.0018612724
538.4689808253  0.0000000000  3.1415926536  0.0000120674  -0.0018569291
539.7256178867  0.0000000000  3.1415926536  0.0000120112  -0.0018526060
540.9822549482  0.0000000000  3.1415926536  0.0000119555  -0.0018483030
542.2388920096  0.0000000000  3.1415926536  0.0000119002  -0.0018440199
543.4955290710  0.0000000000  3.1415926536  0.0000118452  -0.0018397566
544.7521661325  0.0000000000  3.1415926536  0.0000117906  -0.0018355130
546.0088031939  0.0000000000  3.1415926536  0.0000117364  -0.0018312889
547.2654402553  0.0000000000  3.1415926536  0.0000116826  -0.0018270843
548.5220773168  0.0000000000  3.1415926536  0.0000116291  -0.0018228988
549.7787143782  0.0000000000  3.1415926536  0.0000115760  -0.0018187325
551.0353514396  0.0000000000  3.1415926536  0.0000115233  -0.0018145853
552.2919885011  0.0000000000  3.1415926536  0.0000114709  -0.0018104568
553.5486255625  0.0000000000  3.1415926536  0.0000114189  -0.0018063472
554.8052626240  0.0000000000  3.1415926536  0.0000113672  -0.0018022561
556.0618996854  0.0000000000  3.1415926536  0.0000113159  -0.0017981835
557.3185367468  0.0000000000  3.1415926536  0.0000112649  -0.0017941293
558.5751738083  0.0000000000  3.1415926536  0.0000112143  -0.0017900933
559.8318108697  0.0000000000  3.1415926536  0.0000111640  -0.0017860755
561.0884479311  0.0000000000  3.1415926536  0.0000111140  -0.0017820756
562.3450849926  0.0000000000  3.1415926536  0.0000110644  -0.0017780936
563.6017220540  0.0000000000  3.1415926536  0.0000110152  -0.0017741294
564.8583591154  0.0000000000  3.1415926536  0.0000109662  -0.0017701828
566.1149961769  0.0000000000  3.1415926536  0.0000109176  -0.0017662537
567.3716332383  0.0000000000  3.1415926536  0.0000108693  -0.0017623421
568.6282702998  0.0000000000  3.1415926536  0.0000108213  -0.0017584477
569.8849073612  0.0000000000  3.1415926536  0.0000107736  -0.0017545705
571.1415444226  0.0000000000  3.1415926536  0.0000107263  -0.0017507103
572.3981814841  0.0000000000  3.1415926536  0.0000106792  -0.0017468671
573.6548185455  0.0000000000  3.1415926536  0.0000106325  -0.0017430408
574.9114556069  0.0000000000  3.1415926536  0.0000105860  -0.0017392311
576.1680926684  0.0000000000  3.1415926536  0.0000105399  -0.0017354381
577.4247297298  0.0000000000  3.1415926536  0.0000104941  -0.0017316616
578.6813667912  0.0000000000  3.1415926536  0.0000104486  -0.0017279014
579.9380038527  0.0000000000  3.1415926536  0.0000104033  -0.0017241576
581.1946409141  0.0000000000  3.1415926536  0.0000103584  -0.0017204300
582.4512779755  0.0000000000  3.1415926536  0.0000103138  -0.0017167184
583.7079150370  0.0000000000  3.1415926536  0.0000102694  -0.0017130228
584.9645520984  0.0000000000  3.1415926536  0.0000102253  -0.0017093431
586.2211891599  0.0000000000  3.1415926536  0.0000101815  -0.0017056792
587.4778262213  0.0000000000  3.1415926536  0.0000101380  -0.0017020310
588.7344632827  0.0000000000  3.1415926536  0.0000100948  -0.0016983983
589.9911003442  0.0000000000  3.1415926536  0.0000100518  -0.0016947811
591.2477374056  0.0000000000  3.1415926536  0.0000100092  -0.0016911792
592.5043744670  0.0000000000  3.1415926536  0.0000099667  -0.0016875927
593.7610115285  0.0000000000  3.1415926536  0.0000099246  -0.0016840213
595.0176485899  0.0000000000  3.1415926536  0.0000098827  -0.0016804650
596.2742856513  0.0000000000  3.1415926536  0.0000098411  -0.0016769237
597.5309227128  0.0000000000  3.1415926536  0.0000097998  -0.0016733973
598.7875597742  0.0000000000  3.1415926536  0.0000097587  -0.0016698857
600.0441968357  0.0000000000  3.1415926536  0.0000097179  -0.0016663888
601.3008338971  0.0000000000  3.1415926536  0.0000096773  -0.0016629065
602.5574709585  0.0000000000  3.1415926536  0.0000096370  -0.0016594387
603.8141080200  0.0000000000  3.1415926536  0.0000095969  -0.0016559854
605.0707450814  0.0000000000  3.1415926536  0.0000095571  -0.0016525464
606.3273821428  0.0000000000  3.1415926536  0.0000095175  -0.0016491217
607.5840192043  0.0000000000  3.1415926536  0.0000094782  -0.0016457111
608.8406562657  0.0000000000  3.1415926536  0.0000094391  -0.0016423146
610.0972933271  0.0000000000  3.1415926536  0.0000094002  -0.0016389321
611.3539303886  0.0000000000  3.1415926536  0.0000093616  -0.0016355635
612.6105674500  0.0000000000  3.1415926536  0.0000093233  -0.0016322087
613.8672045114  0.0000000000  3.1415926536  0.0000092851  -0.0016288676
615.1238415729  0.0000000000  3.1415926536  0.0000092473  -0.0016255402
616.3804786343  0.0000000000  3.1415926536  0.0000092096  -0.0016222264
617.6371156958  0.0000000000  3.1415926536  0.0000091721  -0.0016189261
618.8937527572  0.0000000000  3.1415926536  0.0000091349  -0.0016156391
620.1503898186  0.0000000000  3.1415926536  0.0000090980  -0.0016123655
621.4070268801  0.0000000000  3.1415926536  0.0000090612  -0.0016091051
622.6636639415  0.0000000000  3.1415926536  0.0000090247  -0.0016058578
623.9203010029  0.0000000000  3.1415926536  0.0000089883  -0.0016026237
625.1769380644  0.0000000000  3.1415926536  0.0000089523  -0.0015994025
626.4335751258  0.0000000000  3.1415926536  0.0000089164  -0.0015961943
627.6902121872  0.0000000000  3.1415926536  0.0000088807  -0.0015929989
628.9468492487  0.0000000000  3.1415926536  0.0000000000  0.0000000000
-627.6902121872  3.1415926536  0.0000000000  0.0000000000  0.0000000000
-626.4335751258  3.1415926536  0.0000000000  0.0000000000  0.0000000000
-625.1769380644  3.1415926536  0.0000000000  0.0000000000  0.0000000000
-623.9203010029  3.1415926536  0.0000000000  0.0000000000  0.0000000000
-622.6636639415  3.1415926536  0.0000000000  0.0000000000  0.0000000000
-621.4070268801  3.1415926536  0.0000000000  0.0000000000  0.0000000000
-620.1503898186  3.1415926536  0.0000000000  0.0000000000  0.0000000000
-618.8937527572  3.1415926536  0.0000000000  0.0000000000  0.0000000000
-617.6371156958  3.1415926536  0.0000000000  0.0000000000  0.0000000000
-616.3804786343  3.1415926536  0.0000000000  0.0000000000  0.0000000000
-615.1238415729  3.1415926536  0.0000000000  0.0000000000  0.0000000000
-613.8672045114  3.1415926536  0.0000000000  0.0000000000  0.0000000000
-612.6105674500  3.1415926536  0.0000000000  0.0000000000  0.0000000000
-611.3539303886  3.1415926536  0.0000000000  0.0000000000  0.0000000000
-610.0972933271  3.1415926536  0.0000000000  0.0000000000  0.0000000000
-608.8406562657  3.1415926536  0.0000000000  0.0000000000  0.0000000000
-607.5840192043  3.1415926536  0.0000000000  0.0000000000  0.0000000000
-606.3273821428  3.1415926536  0.0000000000  0.0000000000  0.0000000000
-605.0707450814  3.1415926536  0.0000000000  0.0000000000  0.0000000000
-603.8141080200  3.1415926536  0.0000000000  0.0000000000  0.0000000000
-602.5574709585  3.1415926536  0.0000000000  0.0000000000  0.0000000000
-601.3008338971  3.1415926536  0.0000000000  0.0000000000  0.0000000000
-600.0441968357  3.1415926536  0.0000000000  0.0000000000  0.0000000000
-598.7875597742  3.1415926536  0.0000000000  0.0000000000  0.0000000000
-597.5309227128  3.1415926536  0.0000000000  0.0000000000  0.0000000000
-596.2742856513  3.1415926536  0.0000000000  0.0000000000  0.0000000000
-595.0176485899  3.1415926536  0.0000000000  0.0000000000  0.0000000000
-593.7610115285  3.1415926536  0.0000000000  0.0000000000  0.0000000000
-592.5043744670  3.1415926536  0.0000000000  0.0000000000  0.0000000000
-591.2477374056  3.1415926536  0.0000000000  0.0000000000  0.0000000000
-589.9911003442  3.1415926536  0.0000000000  0.0000000000  0.0000000000
-588.7344632827  3.1415926536  0.0000000000  0.0000000000  0.0000000000
-587.4778262213  3.1415926536  0.0000000000  0.0000000000  0.0000000000
-586.2211891599  3.1415926536  0.0000000000  0.0000000000  0.0000000000
-584.9645520984  3.1415926536  0.0000000000  0.0000000000  0.0000000000
-583.7079150370  3.1415926536  0.0000000000  0.0000000000  0.0000000000
-582.4512779755  3.1415926536  0.0000000000  0.0000000000  0.0000000000
-581.1946409141  3.1415926536  0.0000000000  0.0000000000  0.0000000000
-579.9380038527  3.1415926536  0.0000000000  0.0000000000  0.0000000000
-578.6813667912  3.1415926536  0.0000000000  0.0000000000  0.0000000000
-577.4247297298  3.1415926536  0.0000000000  0.0000000000  0.0000000000
-576.1680926684  3.1415926536  0.0000000000  0.0000000000  0.0000000000
-574.9114556069  3.1415926536  0.0000000000  0.0000000000  0.0000000000
-573.6548185455  3.1415926536  0.0000000000  0.0000000000  0.0000000000
-572.3981814841  3.1415926536  0.0000000000  0.0000000000  0.0000000000
-571.1415444226  3.1415926536  0.0000000000  0.0000000000  0.0000000000
-569.8849073612  3.1415926536  0.0000000000  0.0000000000  0.0000000000
-568.6282702998  3.1415926536  0.0000000000  0.0000000000  0.0000000000
-567.3716332383  3.1415926536  0.0000000000  0.0000000000  0.0000000000
-566.1149961769  3.1415926536  0.0000000000  0.0000000000  0.0000000000
-564.8583591154  3.1415926536  0.0000000000  0.0000000000  0.0000000000
-563.6017220540  3.1415926536  0.0000000000  0.0000000000  0.0000000000
-562.3450849926  3.1415926536  0.0000000000  0.0000000000  0.0000000000
-561.0884479311  3.1415926536  0.0000000000  0.0000000000  0.0000000000
-559.8318108697  3.1415926536  0.0000000000  0.0000000000  0.0000000000
-558.5751738083  3.1415926536  0.0000000000  0.0000000000  0.0000000000
-557.3185367468  3.1415926536  0.0000000000  0.0000000000  0.0000000000
-556.0618996854  3.1415926536  0.0000000000  0.0000000000  0.0000000000
-554.8052626240  3.1415926536  0.0000000000  0.0000000000  0.0000000000
-553.5486255625  3.1415926536  0.0000000000  0.0000000000  0.0000000000
-552.2919885011  3.1415926536  0.0000000000  0.0000000000  0.0000000000
-551.0353514396  3.1415926536  0.0000000000  0.0000000000  0.0000000000
-549.7787143782  3.1415926536  0.0000000000  0.0000000000  0.0000000000
-548.5220773168  3.1415926536  0.0000000000  0.0000000000  0.0000000000
-547.2654402553  3.1415926536  0.0000000000  0.0000000000  0.0000000000
-546.0088031939  3.1415926536  0.0000000000  0.0000000000  0.0000000000
-544.7521661325  3.1415926536  0.0000000000  0.0000000000  0.0000000000
-543.4955290710  3.1415926536  0.0000000000  0.0000000000  0.0000000000
-542.2388920096  3.1415926536  0.0000000000  0.0000000000  0.0000000000
-540.9822549482  3.1415926536  0.0000000000  0.0000000000  0.0000000000
-539.7256178867  3.1415926536  0.0000000000  0.0000000000  0.0000000000
-538.4689808253  3.1415926536  0.0000000000  0.0000000000  0.0000000000
-537.2123437639  3.1415926536  0.0000000000  0.0000000000  0.0000000000
-535.9557067024  3.1415926536  0.0000000000  0.0000000000  0.0000000000
-534.6990696410  3.1415926536  0.0000000000  0.0000000000  0.0000000000
-533.4424325795  3.1415926536  0.0000000000  0.0000000000  0.0000000000
-532.1857955181  3.1415926536  0.0000000000  0.0000000000  0.0000000000
-530.9291584567  3.1415926536  0.0000000000  0.0000000000  0.0000000000
-529.6725213952  3.1415926536  0.0000000000  0.0000000000  0.0000000000
-528.4158843338  3.1415926536  0.0000000000  0.0000000000  0.0000000000
-527.1592472724  3.1415926536  0.0000000000  0.0000000000  0.0000000000
-525.9026102109  3.1415926536  0.0000000000  0.0000000000  0.0000000000
-524.6459731495  3.1415926536  0.0000000000  0.0000000000  0.0000000000
-523.3893360881  3.1415926536  0.0000000000  0.0000000000  0.0000000000
-522.1326990266  3.1415926536  0.0000000000  0.0000000000  0.0000000000
-520.8760619652  3.1415926536  0.0000000000  0.0000000000  0.0000000000
-519.6194249038  3.1415926536  0.0000000000  0.0000000000  0.0000000000
-518.3627878423  3.1415926536  0.0000000000  0.0000000000  0.0000000000
-517.1061507809  3.1415926536  0.0000000000  0.0000000000  0.0000000000
-515.8495137194  3.1415926536  0.0000000000  0.0000000000  0.0000000000
-514.5928766580  3.1415926536  0.0000000000  0.0000000000  0.0000000000
-513.3362395966  3.1415926536  0.0000000000  0.0000000000  0.0000000000
-512.0796025351  3.1415926536  0.0000000000  0.0000000000  0.0000000000
-510.8229654737  3.1415926536  0.0000000000  0.0000000000  0.0000000000
-509.5663284123  3.1415926536  0.0000000000  0.0000000000  0.0000000000
-508.3096913508  3.1415926536  0.0000000000  0.0000000000  0.0000000000
-507.0530542894  3.1415926536  0.0000000000  0.0000000000  0.0000000000
-505.7964172280  3.1415926536  0.0000000000  0.0000000000  0.0000000000
-504.5397801665  3.1415926536  0.0000000000  0.0000000000  0.0000000000
-503.2831431051  3.1415926536  0.0000000000  0.0000000000  0.0000000000
-502.0265060436  3.1415926536  0.0000000000  0.0000000000  0.0000000000
-500.7698689822  3.1415926536  0.0000000000  0.0000000000  0.0000000000
-499.5132319208  3.1415926536  0.0000000000  0.0000000000  0.0000000000
-498.2565948593  3.1415926536  0.0000000000  0.0000000000  0.0000000000
-496.9999577979  3.1415926536  0.0000000000  0.0000000000  0.0000000000
-495.7433207365  3.1415926536  0.0000000000  0.0000000000  0.0000000000
-494.4866836750  3.1415926536  0.0000000000  0.0000000000  0.0000000000
-493.2300466136  3.1415926536  0.0000000000  0.0000000000  0.0000000000
-491.9734095522  3.1415926536  0.0000000000  0.0000000000  0.0000000000
-490.7167724907  3.1415926536  0.0000000000  0.0000000000  0.0000000000
-489.4601354293  3.1415926536  0.0000000000  0.0000000000  0.0000000000
-488.2034983679  3.1415926536  0.0000000000  0.0000000000  0.0000000000
-486.9468613064  3.1415926536  0.0000000000  0.0000000000  0.0000000000
-485.6902242450  3.1415926536  0.0000000000  0.0000000000  0.0000000000
-484.4335871835  3.1415926536  0.0000000000  0.0000000000  0.0000000000
-483.1769501221  3.1415926536  0.0000000000  0.0000000000  0.0000000000
-481.9203130607  3.1415926536  0.0000000000  0.0000000000  0.0000000000
-480.6636759992  3.1415926536  0.0000000000  0.0000000000  0.0000000000
-479.4070389378  3.1415926536  0.0000000000  0.0000000000  0.0000000000
-478.1504018764  3.1415926536  0.0000000000  0.0000000000  0.0000000000
-476.8937648149  3.1415926536  0.0000000000  0.0000000000  0.0000000000
-475.6371277535  3.1415926536  0.0000000000  0.0000000000  0.0000000000
-474.3804906921  3.1415926536  0.0000000000  0.0000000000  0.0000000000
-473.1238536306  3.1415926536  0.0000000000  0.0000000000  0.0000000000
-471.8672165692  3.1415926536  0.0000000000  0.0000000000  0.0000000000
-470.6105795078  3.1415926536  0.0000000000  0.0000000000  0.0000000000
-469.3539424463  3.1415926536  0.0000000000  0.0000000000  0.0000000000
-468.0973053849  3.1415926536  0.0000000000  0.0000000000  0.0000000000
-466.8406683234  3.1415926536  0.0000000000  0.0000000000  0.0000000000
-465.5840312620  3.1415926536  0.0000000000  0.0000000000  0.0000000000
-464.3273942006  3.1415926536  0.0000000000  0.0000000000  0.0000000000
-463.0707571391  3.1415926536  0.0000000000  0.0000000000  0.0000000000
-461.8141200777  3.1415926536  0.0000000000  0.0000000000  0.0000000000
-460.5574830163  3.1415926536  0.0000000000  0.0000000000  0.0000000000
-459.3008459548  3.1415926536  0.0000000000  0.0000000000  0.0000000000
-458.0442088934  3.1415926536  0.0000000000  0.0000000000  0.0000000000
-456.7875718320  3.1415926536  0.0000000000  0.0000000000  0.0000000000
-455.5309347705  3.1415926536  0.0000000000  0.0000000000  0.0000000000
-454.2742977091  3.1415926536  0.0000000000  0.0000000000  0.0000000000
-453.0176606476  3.1415926536  0.0000000000  0.0000000000  0.0000000000
-451.7610235862  3.1415926536  0.0000000000  0.0000000000  0.0000000000
-450.5043865248  3.1415926536  0.0000000000  0.0000000000  0.0000000000
-449.2477494633  3.1415926536  0.0000000000  0.0000000000  0.0000000000
-447.9911124019  3.1415926536  0.0000000000  0.0000000000  0.0000000000
-446.7344753405  3.1415926536  0.0000000000  0.0000000000  0.0000000000
-445.4778382790  3.1415926536  0.0000000000  0.0000000000  0.0000000000
-444.2212012176  3.1415926536  0.0000000000  0.0000000000  0.0000000000
-442.9645641562  3.1415926536  0.0000000000  0.0000000000  0.0000000000
-441.7079270947  3.1415926536  0.0000000000  0.0000000000  0.0000000000
-440.4512900333  3.1415926536  0.0000000000  0.0000000000  0.0000000000
-439.1946529719  3.1415926536  0.0000000000  0.0000000000  0.0000000000
-437.9380159104  3.1415926536  0.0000000000  0.0000000000  0.0000000000
-436.6813788490  3.1415926536  0.0000000000  0.0000000000  0.0000000000
-435.4247417875  3.1415926536  0.0000000000  0.0000000000  0.0000000000
-434.1681047261  3.1415926536  0.0000000000  0.0000000000  0.0000000000
-432.9114676647  3.1415926536  0.0000000000  0.0000000000  0.0000000000
-431.6548306032  3.1415926536  0.0000000000  0.0000000000  0.0000000000
-430.3981935418  3.1415926536  0.0000000000  0.0000000000  0.0000000000
-429.1415564804  3.1415926536  0.0000000000  0.0000000000  0.0000000000
-427.8849194189  3.1415926536  0.0000000000  0.0000000000  0.0000000000
-426.6282823575  3.1415926536  0.0000000000  0.0000000000  0.0000000000
-425.3716452961  3.1415926536  0.0000000000  0.0000000000  0.0000000000
-424.1150082346  3.1415926536  0.0000000000  0.0000000000  0.0000000000
-422.8583711732  3.1415926536  0.0000000000  0.0000000000  0.0000000000
-421.6017341118  3.1415926536  0.0000000000  0.0000000000  0.0000000000
-420.3450970503  3.1415926536  0.0000000000  0.0000000000  0.0000000000
-419.0884599889  3.1415926536  0.0000000000  0.0000000000  0.0000000000
-417.8318229274  3.1415926536  0.0000000000  0.0000000000  0.0000000000
-416.5751858660  3.1415926536  0.0000000000  0.0000000000  0.0000000000
-415.3185488046  3.1415926536  0.0000000000  0.0000000000  0.0000000000
-414.0619117431  3.1415926536  0.0000000000  0.0000000000  0.0000000000
-412.8052746817  3.1415926536  0.0000000000  0.0000000000  0.0000000000
-411.5486376203  3.1415926536  0.0000000000  0.0000000000  0.0000000000
-410.2920005588  3.1415926536  0.0000000000  0.0000000000  0.0000000000
-409.0353634974  3.1415926536  0.0000000000  0.0000000000  0.0000000000
-407.7787264360  3.1415926536  0.0000000000  0.0000000000  0.0000000000
-406.5220893745  3.1415926536  0.0000000000  0.0000000000  0.0000000000
-405.2654523131  3.1415926536  0.0000000000  0.0000000000  0.0000000000
-404.0088152516  3.1415926536  0.0000000000  0.0000000000  0.0000000000
-402.7521781902  3.1415926536  0.0000000000  0.0000000000  0.0000000000
-401.4955411288  3.1415926536  0.0000000000  0.0000000000  0.0000000000
-400.2389040673  3.1415926536  0.0000000000  0.0000000000  0.0000000000
-398.9822670059  3.1415926536  0.0000000000  0.0000000000  0.0000000000
-397.7256299445  3.1415926536  0.0000000000  0.0000000000  0.0000000000
-396.4689928830  3.1415926536  0.0000000000  0.0000000000  0.0000000000
-395.2123558216  3.1415926536  0.0000000000  0.0000000000  0.0000000000
-393.9557187602  3.1415926536  0.0000000000  0.0000000000  0.0000000000
-392.6990816987  3.1415926536  0.0000000000  0.0000000000  0.0000000000
-391.4424446373  3.1415926536  0.0000000000  0.0000000000  0.0000000000
-390.1858075759  3.1415926536  0.0000000000  0.0000000000  0.0000000000
-388.9291705144  3.1415926536  0.0000000000  0.0000000000  0.0000000000
-387.6725334530  3.1415926536  0.0000000000  0.0000000000  0.0000000000
-386.4158963915  3.1415926536  0.0000000000  0.0000000000  0.0000000000
-385.1592593301  3.1415926536  0.0000000000  0.0000000000  0.0000000000
-383.9026222687  3.1415926536  0.0000000000  0.0000000000  0.0000000000
-382.6459852072  3.1415926536  0.0000000000  0.0000000000  0.0000000000
-381.3893481458  3.1415926536  0.0000000000  0.0000000000  0.0000000000
-380.1327110844  3.1415926536  0.0000000000  0.0000000000  0.0000000000
-378.8760740229  3.1415926536  0.0000000000  0.0000000000  0.0000000000
-377.6194369615  3.1415926536  0.0000000000  0.0000000000  0.0000000000
-376.3627999001  3.1415926536  0.0000000000  0.0000000000  0.0000000000
-375.1061628386  3.1415926536  0.0000000000  0.0000000000  0.0000000000
-373.8495257772  3.1415926536  0.0000000000  0.0000000000  0.0000000000
-372.5928887157  3.1415926536  0.0000000000  0.0000000000  0.0000000000
-371.3362516543  3.1415926536  0.0000000000  0.0000000000  0.0000000000
-370.0796145929  3.1415926536  0.0000000000  0.0000000000  0.0000000000
-368.8229775314  3.1415926536  0.0000000000  0.0000000000  0.0000000000
-367.5663404700  3.1415926536  0.0000000000  0.0000000000  0.0000000000
-366.3097034086  3.1415926536  0.0000000000  0.0000000000  0.0000000000
-365.0530663471  3.1415926536  0.0000000000  0.0000000000  0.0000000000
-363.7964292857  3.1415926536  0.0000000000  0.0000000000  0.0000000000
-362.5397922243  3.1415926536  0.0000000000  0.0000000000  0.0000000000
-361.2831551628  3.1415926536  0.0000000000  0.0000000000  0.0000000000
-360.0265181014  3.1415926536  0.0000000000  0.0000000000  0.0000000000
-358.7698810400  3.1415926536  0.0000000000  0.0000000000  0.0000000000
-357.5132439785  3.1415926536  0.0000000000  0.0000000000  0.0000000000
-356.2566069171  3.1415926536  0.0000000000  0.0000000000  0.0000000000
-354.9999698556  3.1415926536  0.0000000000  0.0000000000  0.0000000000
-353.7433327942  3.1415926536  0.0000000000  0.0000000000  0.0000000000
-352.4866957328  3.1415926536  0.0000000000  0.0000000000  0.0000000000
-351.2300586713  3.1415926536  0.0000000000  0.0000000000  0.0000000000
-349.9734216099  3.1415926536  0.0000000000  0.0000000000  0.0000000000
-348.7167845485  3.1415926536  0.0000000000  0.0000000000  0.0000000000
-347.4601474870  3.1415926536  0.0000000000  0.0000000000  0.0000000000
-346.2035104256  3.1415926536  0.0000000000  0.0000000000  0.0000000000
-344.9468733642  3.1415926536  0.0000000000  0.0000000000  0.0000000000
-343.6902363027  3.1415926536  0.0000000000  0.0000000000  0.0000000000
-342.4335992413  3.1415926536  0.0000000000  0.0000000000  0.0000000000
-341.1769621799  3.1415926536  0.0000000000  0.0000000000  0.0000000000
-339.9203251184  3.1415926536  0.0000000000  0.0000000000  0.0000000000
-338.6636880570  3.1415926536  0.0000000000  0.0000000000  0.0000000000
-337.4070509955  3.1415926536  0.0000000000  0.0000000000  0.0000000000
-336.1504139341  3.1415926536  0.0000000000  0.0000000000  0.0000000000
-334.8937768727  3.1415926536  0.0000000000  0.0000000000  0.0000000000
-333.6371398112  3.1415926536  0.0000000000  0.0000000000  0.0000000000
-332.3805027498  3.1415926536  0.0000000000  0.0000000000  0.0000000000
-331.1238656884  3.1415926536  0.0000000000  0.0000000000  0.0000000000
-329.8672286269  3.1415926536  0.0000000000  0.0000000000  0.0000000000
-328.6105915655  3.1415926536  0.0000000000  0.0000000000  0.0000000000
-327.3539545041  3.1415926536  0.0000000000  0.0000000000  0.0000000000
-326.0973174426  3.1415926536  0.0000000000  0.0000000000  0.0000000000
-324.8406803812  3.1415926536  0.0000000000  0.0000000000  0.0000000000
-323.5840433197  3.1415926536  0.0000000000  0.0000000000  0.0000000000
-322.3274062583  3.1415926536  0.0000000000  0.0000000000  0.0000000000
-321.0707691969  3.1415926536  0.0000000000  0.0000000000  0.0000000000
-319.8141321354  3.1415926536  0.0000000000  0.0000000000  0.0000000000
-318.5574950740  3.1415926536  0.0000000000  0.0000000000  0.0000000000
-317.3008580126  3.1415926536  0.0000000000  0.0000000000  0.0000000000
-316.0442209511  3.1415926536  0.0000000000  0.0000000000  0.0000000000
-314.7875838897  3.1415926536  0.0000000000  0.0000000000  0.0000000000
-313.5309468283  3.1415926536  0.0000000000  0.0000000000  0.0000000000
-312.2743097668  3.1415926536  0.0000000000  0.0000000000  0.0000000000
-311.0176727054  3.1415926536  0.0000000000  0.0000000000  0.0000000000
-309.7610356440  3.1415926536  0.0000000000  0.0000000000  0.0000000000
-308.5043985825  3.1415926536  0.0000000000  0.0000000000  0.0000000000
-307.2477615211  3.1415926536  0.0000000000  0.0000000000  0.0000000000
-305.9911244596  3.1415926536  0.0000000000  0.0000000000  0.0000000000
-304.7344873982  3.1415926536  0.0000000000  0.0000000000  0.0000000000
-303.4778503368  3.1415926536  0.0000000000  0.0000000000  0.0000000000
-302.2212132753  3.1415926536  0.0000000000  0.0000000000  0.0000000000
-300.9645762139  3.1415926536  0.0000000000  0.0000000000  0.0000000000
-299.7079391525  3.1415926536  0.0000000000  0.0000000000  0.0000000000
-298.4513020910  3.1415926536  0.0000000000  0.0000000000  0.0000000000
-297.1946650296  3.1415926536  0.0000000000  0.0000000000  0.0000000000
-295.9380279682  3.1415926536  0.0000000000  0.0000000000  0.0000000000
-294.6813909067  3.1415926536  0.0000000000  0.0000000000  0.0000000000
-293.4247538453  3.1415926536  0.0000000000  0.0000000000  0.0000000000
-292.1681167839  3.1415926536  0.0000000000  0.0000000000  0.0000000000
-290.9114797224  3.1415926536  0.0000000000  0.0000000000  0.0000000000
-289.6548426610  3.1415926536  0.0000000000  0.0000000000  0.0000000000
-288.3982055995  3.1415926536  0.0000000000  0.0000000000  0.0000000000
-287.1415685381  3.1415926536  0.0000000000  0.0000000000  0.0000000000
-285.8849314767  3.1415926536  0.0000000000  0.0000000000  0.0000000000
-284.6282944152  3.1415926536  0.0000000000  0.0000000000  0.0000000000
-283.3716573538  3.1415926536  0.0000000000  0.0000000000  0.0000000000
-282.1150202924  3.1415926536  0.0000000000  0.0000000000  0.0000000000
-280.8583832309  3.1415926536  0.0000000000  0.0000000000  0.0000000000
-279.6017461695  3.1415926536  0.0000000000  0.0000000000  0.0000000000
-278.3451091081  3.1415926536  0.0000000000  0.0000000000  0.0000000000
-277.0884720466  3.1415926536  0.0000000000  0.0000000000  0.0000000000
-275.8318349852  3.1415926536  0.0000000000  0.0000000000  0.0000000000
-274.5751979237  3.1415926536  0.0000000000  0.0000000000  0.0000000000
-273.3185608623  3.1415926536  0.0000000000  0.0000000000  0.0000000000
-272.0619238009  3.1415926536  0.0000000000  0.0000000000  0.0000000000
-270.8052867394  3.1415926536  0.0000000000  0.0000000000  0.0000000000
-269.5486496780  3.1415926536  0.0000000000  0.0000000000  0.0000000000
-268.2920126166  3.1415926536  0.0000000000  0.0000000000  0.0000000000
-267.0353755551  3.1415926536  0.0000000000  0.0000000000  0.0000000000
-265.7787384937  3.1415926536  0.0000000000  0.0000000000  0.0000000000
-264.5221014323  3.1415926536  0.0000000000  0.0000000000  0.0000000000
-263.2654643708  3.1415926536  0.0000000000  0.0000000000  0.0000000000
-262.0088273094  3.1415926536  0.0000000000  0.0000000000  0.0000000000
-260.7521902480  3.1415926536  0.0000000000  0.0000000000  0.0000000000
-259.4955531865  3.1415926536  0.0000000000  0.0000000000  0.0000000000
-258.2389161251  3.1415926536  0.0000000000  0.0000000000  0.0000000000
-256.9822790636  3.1415926536  0.0000000000  0.0000000000  0.0000000000
-255.7256420022  3.1415926536  0.0000000000  0.0000000000  0.0000000000
-254.4690049408  3.1415926536  0.0000000000  0.0000000000  0.0000000000
-253.2123678793  3.1415926536  0.0000000000  0.0000000000  0.0000000000
-251.9557308179  3.1415926536  0.0000000000  0.0000000000  0.0000000000
-250.6990937565  3.1415926536  0.0000000000  0.0000000000  0.0000000000
-249.4424566950  3.1415926536  0.0000000000  0.0000000000  0.0000000000
-248.1858196336  3.1415926536  0.0000000000  0.0000000000  0.0000000000
-246.9291825722  3.1415926536  0.0000000000  0.0000000000  0.0000000000
-245.6725455107  3.1415926536  0.0000000000  0.0000000000  0.0000000000
-244.4159084493  3.1415926536  0.0000000000  0.0000000000  0.0000000000
-243.1592713878  3.1415926536  0.0000000000  0.0000000000  0.0000000000
-241.9026343264  3.1415926536  0.0000000000  0.0000000000  0.0000000000
-240.6459972650  3.1415926536  0.0000000000  0.0000000000  0.0000000000
-239.3893602035  3.1415926536  0.0000000000  0.0000000000  0.0000000000
-238.1327231421  3.1415926536  0.0000000000  0.0000000000  0.0000000000
-236.8760860807  3.1415926536  0.0000000000  0.0000000000  0.0000000000
-235.6194490192  3.1415926536  0.0000000000  0.0000000000  0.0000000000
-234.3628119578  3.1415926536  0.0000000000  0.0000000000  0.0000000000
-233.1061748964  3.1415926536  0.0000000000  0.0000000000  0.0000000000
-231.8495378349  3.1415926536  0.0000000000  0.0000000000  0.0000000000
-230.5929007735  3.1415926536  0.0000000000  0.0000000000  0.0000000000
-229.3362637121  3.1415926536  0.0000000000  0.0000000000  0.0000000000
-228.0796266506  3.1415926536  0.0000000000  0.0000000000  0.0000000000
-226.8229895892  3.1415926536  0.0000000000  0.0000000000  0.0000000000
-225.5663525277  3.1415926536  0.0000000000  0.0000000000  0.0000000000
-224.3097154663  3.1415926536  0.0000000000  0.0000000000  0.0000000000
-223.0530784049  3.1415926536  0.0000000000  0.0000000000  0.0000000000
-221.7964413434  3.1415926536  0.0000000000  0.0000000000  0.0000000000
-220.5398042820  3.1415926536  0.0000000000  0.0000000000  0.0000000000
-219.2831672206  3.1415926536  0.0000000000  0.0000000000  0.0000000000
-218.0265301591  3.1415926536  0.0000000000  0.0000000000  0.0000000000
-216.7698930977  3.1415926536  0.0000000000  0.0000000000  0.0000000000
-215.5132560363  3.1415926536  0.0000000000  0.0000000000  0.0000000000
-214.2566189748  3.1415926536  0.0000000000  0.0000000000  0.0000000000
-212.9999819134  3.1415926536  0.0000000000  0.0000000000  0.0000000000
-211.7433448520  3.1415926536  0.0000000000  0.0000000000  0.0000000000
-210.4867077905  3.1415926536  0.0000000000  0.0000000000  0.0000000000
-209.2300707291  3.1415926536  0.0000000000  0.0000000000  0.0000000000
-207.9734336676  3.1415926536  0.0000000000  0.0000000000  0.0000000000
-206.7167966062  3.1415926536  0.0000000000  0.0000000000  0.0000000000
-205.4601595448  3.1415926536  0.0000000000  0.0000000000  0.0000000000
-204.2035224833  3.1415926536  0.0000000000  0.0000000000  0.0000000000
-202.9468854219  3.1415926536  0.0000000000  0.0000000000  0.0000000000
-201.6902483605  3.1415926536  0.0000000000  0.0000000000  0.0000000000
-200.4336112990  3.1415926536  0.0000000000  0.0000000000  0.0000000000
-199.1769742376  3.1415926536  0.0000000000  0.0000000000  0.0000000000
-197.9203371762  3.1415926536  0.0000000000  0.0000000000  0.0000000000
-196.6637001147  3.1415926536  0.0000000000  0.0000000000  0.0000000000
-195.4070630533  3.1415926536  0.0000000000  0.0000000000  0.0000000000
-194.1504259918  3.1415926536  0.0000000000  0.0000000000  0.0000000000
-192.8937889304  3.1415926536  0.0000000000  0.0000000000  0.0000000000
-191.6371518690  3.1415926536  0.0000000000  0.0000000000  0.0000000000
-190.3805148075  3.1415926536  0.0000000000  0.0000000000  0.0000000000
-189.1238777461  3.1415926536  0.0000000000  0.0000000000  0.0000000000
-187.8672406847  3.1415926536  0.0000000000  0.0000000000  0.0000000000
-186.6106036232  3.1415926536  0.0000000000  0.0000000000  0.0000000000
-185.3539665618  3.1415926536  0.0000000000  0.0000000000  0.0000000000
-184.0973295004  3.1415926536  0.0000000000  0.0000000000  0.0000000000
-182.8406924389  3.1415926536  0.0000000000  0.0000000000  0.0000000000
-181.5840553775  3.1415926536  0.0000000000  0.0000000000  0.0000000000
-180.3274183161  3.1415926536  0.0000000000  0.0000000000  0.0000000000
-179.0707812546  3.1415926536  0.0000000000  0.0000000000  0.0000000000
-177.8141441932  3.1415926536  0.0000000000  0.0000000000  0.0000000000
-176.5575071317  3.1415926536  0.0000000000  0.0000000000  0.0000000000
-175.3008700703  3.1415926536  0.0000000000  0.0000000000  0.0000000000
-174.0442330089  3.1415926536  0.0000000000  0.0000000000  0.0000000000
-172.7875959474  3.1415926536  0.0000000000  0.0000000000  0.0000000000
-171.5309588860  3.1415926536  0.0000000000  0.0000000000  0.0000000000
-170.2743218246  3.1415926536  0.0000000000  0.0000000000  0.0000000000
-169.0176847631  3.1415926536  0.0000000000  0.0000000000  0.0000000000
-167.7610477017  3.1415926536  0.0000000000  0.0000000000  0.0000000000
-166.5044106403  3.1415926536  0.0000000000  0.0000000000  0.0000000000
-165.2477735788  3.1415926536  0.0000000000  0.0000000000  0.0000000000
-163.9911365174  3.1415926536  0.0000000000  0.0000000000  0.0000000000
-162.7344994560  3.1415926536  0.0000000000  0.0000000000  0.0000000000
-161.4778623945  3.1415926536  0.0000000000  0.0000000000  0.0000000000
-160.2212253331  3.1415926536  0.0000000000  0.0000000000  0.0000000000
-158.9645882716  3.1415926536  0.0000000000  0.0000000000  0.0000000000
-157.7079512102  3.1415926536  0.0000000000  0.0000000000  0.0000000000
-156.4513141488  3.1415926536  0.0000000000  0.0000000000  0.0000000000
-155.1946770873  3.1415926536  0.0000000000  0.0000000000  0.0000000000
-153.9380400259  3.1415926536  0.0000000000  0.0000000000  0.0000000000
-152.6814029645  3.1415926536  0.0000000000  0.0000000000  0.0000000000
-151.4247659030  3.1415926536  0.0000000000  0.0000000000  0.0000000000
-150.1681288416  3.1415926536  0.0000000000  0.0000000000  0.0000000000
-148.9114917802  3.1415926536  0.0000000000  0.0000000000  0.0000000000
-147.6548547187  3.1415926536  0.0000000000  0.0000000000  0.0000000000
-146.3982176573  3.1415926536  0.0000000000  0.0000000000  0.0000000000
-145.1415805958  3.1415926536  0.0000000000  0.0000000000  0.0000000000
-143.8849435344  3.1415926536  0.0000000000  0.0000000000  0.0000000000
-142.6283064730  3.1415926536  0.0000000000  0.0000000000  0.0000000000
-141.3716694115  3.1415926536  0.0000000000  0.0000000000  0.0000000000
-140.1150323501  3.1415926536  0.0000000000  0.0000000000  0.0000000000
-138.8583952887  3.1415926536  0.0000000000  0.0000000000  0.0000000000
-137.6017582272  3.1415926536  0.0000000000  0.0000000000  0.0000000000
-136.3451211658  3.1415926536  0.0000000000  0.0000000000  0.0000000000
-135.0884841044  3.1415926536  0.0000000000  0.0000000000  0.0000000000
-133.8318470429  3.1415926536  0.0000000000  0.0000000000  0.0000000000
-132.5752099815  3.1415926536  0.0000000000  0.0000000000  0.0000000000
-131.3185729201  3.1415926536  0.0000000000  0.0000000000  0.0000000000
-130.0619358586  3.1415926536  0.0000000000  0.0000000000  0.0000000000
-128.8052987972  3.1415926536  0.0000000000  0.0000000000  0.0000000000
-127.5486617357  3.1415926536  0.0000000000  0.0000000000  0.0000000000
-126.2920246743  3.1415926536  0.0000000000  0.0000000000  0.0000000000
-125.0353876129  3.1415926536  0.0000000000  0.0000000000  0.0000000000
-123.7787505514  3.1415926536  0.0000000000  0.0000000000  0.0000000000
-122.5221134900  3.1415926536  0.0000000000  0.0000000000  0.0000000000
-121.2654764286  3.1415926536  0.0000000000  0.0000000000  0.0000000000
-120.0088393671  3.1415926536  0.0000000000  0.0000000000  0.0000000000
-118.7522023057  3.1415926536  0.0000000000  0.0000000000  0.0000000000
-117.4955652443  3.1415926536  0.0000000000  0.0000000000  0.0000000000
-116.2389281828  3.1415926536  0.0000000000  0.0000000000  0.0000000000
-114.9822911214  3.1415926536  0.0000000000  0.0000000000  0.0000000000
-113.7256540600  3.1415926536  0.0000000000  0.0000000000  0.0000000000
-112.4690169985  3.1415926536  0.0000000000  0.0000000000  0.0000000000
-111.2123799371  3.1415926536  0.0000000000  0.0000000000  0.0000000000
-109.9557428756  3.1415926536  0.0000000000  0.0000000000  0.0000000000
-108.6991058142  3.1415926536  0.0000000000  0.0000000000  0.0000000000
-107.4424687528  3.1415926536  0.0000000000  0.0000000000  0.0000000000
-106.1858316913  3.1415926536  0.0000000000  0.0000000000  0.0000000000
-104.9291946299  3.1415926536  0.0000000000  0.0000000000  0.0000000000
-103.6725575685  3.1415926536  0.0000000000  0.0000000000  0.0000000000
-102.4159205070  3.1415926536  0.0000000000  0.0000000000  0.0000000000
-101.1592834456  3.1415926536  0.0000000000  0.0000000000  0.0000000000
-99.9026463842  3.1415926536  0.0000000000  0.0000000000  0.0000000000
-98.6460093227  3.1415926536  0.0000000000  0.0000000000  0.0000000000
-97.3893722613  3.1415926536  0.0000000000  0.0000000000  0.0000000000
-96.1327351998  3.1415926536  0.0000000000  0.0000000000  0.0000000000
-94.8760981384  3.1415926536  0.0000000000  0.0000000000  0.0000000000
-93.6194610770  3.1415926536  0.0000000000  0.0000000000  0.0000000000
-92.3628240155  3.1415926536  0.0000000000  0.0000000000  0.0000000000
-91.1061869541  3.1415926536  0.0000000000  0.0000000000  0.0000000000
-89.8495498927  3.1415926536  0.0000000000  0.0000000000  0.0000000000
-88.5929128312  3.1415926536  0.0000000000  0.0000000000  0.0000000000
-87.3362757698  3.1415926536  0.0000000000  0.0000000000  0.0000000000
-86.0796387084  3.1415926536  0.0000000000  0.0000000000  0.0000000000
-84.8230016469  3.1415926536  0.0000000000  0.0000000000  0.0000000000
-83.5663645855  3.1415926536  0.0000000000  0.0000000000  0.0000000000
-82.3097275241  3.1415926536  0.0000000000  0.0000000000  0.0000000000
-81.0530904626  3.1415926536  0.0000000000  0.0000000000  0.0000000000
-79.7964534012  3.1415926536  0.0000000000  0.0000000000  0.0000000000
-78.5398163397  3.1415926536  0.0000000000  0.0000000000  0.0000000000
-77.2831792783  3.1415926536  0.0000000000  0.0000000000  0.0000000000
-76.0265422169  3.1415926536  0.0000000000  0.0000000000  0.0000000000
-74.7699051554  3.1415926536  0.0000000000  0.0000000000  0.0000000000
-73.5132680940  3.1415926536  0.0000000000  0.0000000000  0.0000000000
-72.2566310326  3.1415926536  0.0000000000  0.0000000000  0.0000000000
-70.9999939711  3.1415926536  0.0000000000  0.0000000000  0.0000000000
-69.7433569097  3.1415926536  0.0000000000  0.0000000000  0.0000000000
-68.4867198483  3.1415926536  0.0000000000  0.0000000000  0.0000000000
-67.2300827868  3.1415926536  0.0000000000  0.0000000000  0.0000000000
-65.9734457254  3.1415926536  0.0000000000  0.0000000000  0.0000000000
-64.7168086639  3.1415926536  0.0000000000  0.0000000000  0.0000000000
-63.4601716025  3.1415926536  0.0000000000  0.0000000000  0.0000000000
-62.2035345411  3.1415926536  0.0000000000  0.0000000000  0.0000000000
-60.9468974796  3.1415926536  0.0000000000  0.0000000000  0.0000000000
-59.6902604182  3.1415926536  0.0000000000  0.0000000000  0.0000000000
-58.4336233568  3.1415926536  0.0000000000  0.0000000000  0.0000000000
-57.1769862953  3.1415926536  0.0000000000  0.0000000000  0.0000000000
-55.9203492339  3.1415926536  0.0000000000  0.0000000000  0.0000000000
-54.6637121725  3.1415926536  0.0000000000  0.0000000000  0.0000000000
-53.4070751110  3.1415926536  0.0000000000  0.0000000000  0.0000000000
-52.1504380496  3.1415926536  0.0000000000  0.0000000000  0.0000000000
-50.8938009882  3.1415926536  0.0000000000  0.0000000000  0.0000000000
-49.6371639267  3.1415926536  0.0000000000  0.0000000000  0.0000000000
-48.3805268653  3.1415926536  0.0000000000  0.0000000000  0.0000000000
-47.1238898038  3.1415926536  0.0000000000  0.0000000000  0.0000000000
-45.8672527424  3.1415926536  0.0000000000  0.0000000000  0.0000000000
-44.6106156810  3.1415926536  0.0000000000  0.0000000000  0.0000000000
-43.3539786195  3.1415926536  0.0000000000  0.0000000000  0.0000000000
-42.0973415581  3.1415926536  0.0000000000  0.0000000000  0.0000000000
-40.8407044967  3.1415926536  0.0000000000  0.0000000000  0.0000000000
-39.5840674352  3.1415926536  0.0000000000  0.0000000000  0.0000000000
-38.3274303738  3.1415926536  0.0000000000  0.0000000000  0.0000000000
-37.0707933124  3.1415926536  0.0000000000  0.0000000000  0.0000000000
-35.8141562509  3.1415926536  0.0000000000  0.0000000000  0.0000000000
-34.5575191895  3.1415926536  0.0000000000  0.0000000000  0.0000000000
-33.3008821281  3.1415926536  0.0000000000  0.0000000000  0.0000000000
-32.0442450666  3.1415926536  0.0000000000  0.0000000000  0.0000000000
-30.7876080052  3.1415926536  0.0000000000  0.0000000000  0.0000000000
-29.5309709437  3.1415926536  0.0000000000  0.0000000000  0.0000000000
-28.2743338823  3.1415926536  0.0000000000  0.0000000000  0.0000000000
-27.0176968209  3.1415926536  0.0000000000  0.0000000000  0.0000000000
-25.7610597594  3.1415926536  0.0000000000  0.0000000000  0.0000000000
-24.5044226980  3.1415926536  0.0000000000  0.0000000000  0.0000000000
-23.2477856366  3.1415926536  0.0000000000  0.0000000000  0.0000000000
-21.9911485751  3.1415926536  0.0000000000  0.0000000000  0.0000000000
-20.7345115137  3.1415926536  0.0000000000  0.0000000000  0.0000000000
-19.4778744523  3.1415926536  0.0000000000  0.0000000000  0.0000000000
-18.2212373908  3.1415926536  0.0000000000  0.0000000000  0.0000000000
-16.9646003294  3.1415926536  0.0000000000  0.0000000000  0.0000000000
-15.7079632679  3.1415926536  0.0000000000  0.0000000000  0.0000000000
-14.4513262065  3.1415926536  0.0000000000  0.0000000000  0.0000000000
-13.1946891451  3.1415926536  0.0000000000  0.0000000000  0.0000000000
-11.9380520836  3.1415926536  0.0000000000  0.0000000000  0.0000000000
-10.6814150222  3.1415926536  0.0000000000  0.0000000000  0.0000000000
-9.4247779608  3.1415926536  0.0000000000  0.0000000000  0.0000000000
-8.1681408993  3.1415926536  0.0000000000  0.0000000000  0.0000000000
-6.9115038379  3.1415926536  0.0000000000  0.0000000000  0.0000000000
-5.6548667765  3.1415926536  0.0000000000  0.0000000000  0.0000000000
-4.3982297150  3.1415926536  0.0000000000  0.0000000000  0.0000000000
-3.1415926536  3.1415926536  0.0000000000  0.0000000000  0.0000000000
-1.8849555922  3.1415926536  0.0000000000  0.0000000000  -82434.0117647059
-0.6283185307  3.1415926536  0.0000000000  275617.1946011852  0.0000000000
0.6283185307  3.1415926536  0.0000000000  0.2767936485  -0.0496911809
1.8849555922  3.1415926536  0.0000000000  0.2214867128  -0.1192710672
3.1415926536  3.1415926536  0.0000000000  0.1582278912  -0.1420279027
4.3982297150  3.1415926536  0.0000000000  0.1107758081  -0.1392083574
5.6548667765  3.1415926536  0.0000000000  0.0791382265  -0.1278595872
6.9115038379  3.1415926536  0.0000000000  0.0583174847  -0.1151563063
8.1681408993  3.1415926536  0.0000000000  0.0443225010  -0.1034364243
9.4247779608  3.1415926536  0.0000000000  0.0346274219  -0.0932452567
10.6814150222  3.1415926536  0.0000000000  0.0277024511  -0.0845444628
11.9380520836  3.1415926536  0.0000000000  0.0226147811  -0.0771367589
13.1946891451  3.1415926536  0.0000000000  0.0187822172  -0.0708070615
14.4513262065  3.1415926536  0.0000000000  0.0158310477  -0.0653646454
15.7079632679  3.1415926536  0.0000000000  0.0135145096  -0.0606515503
16.9646003294  3.1415926536  0.0000000000  0.0116652615  -0.0565402411
18.2212373908  3.1415926536  0.0000000000  0.0101670105  -0.0529285599
19.4778744523  3.1415926536  0.0000000000  0.0089371267  -0.0497346623
20.7345115137  3.1415926536  0.0000000000  0.0079157115  -0.0468927060
21.9911485751  3.1415926536  0.0000000000  0.0070585532  -0.0443494000
23.2477856366  3.1415926536  0.0000000000  0.0063324812  -0.0420613120
24.5044226980  3.1415926536  0.0000000000  0.0057122390  -0.0399927872
25.7610597594  3.1415926536  0.0000000000  0.0051783356  -0.0381143441
27.0176968209  3.1415926536  0.0000000000  0.0047155443  -0.0364014330
28.2743338823  3.1415926536  0.0000000000  0.0043118364  -0.0348334723
29.5309709437  3.1415926536  0.0000000000  0.0039576112  -0.0333930957
30.7876080052  3.1415926536  0.0000000000  0.0036451334  -0.0320655599
32.0442450666  3.1415926536  0.0000000000  0.0033681165  -0.0308382762
33.3008821281  3.1415926536  0.0000000000  0.0031214100  -0.0297004363
34.5575191895  3.1415926536  0.0000000000  0.0029007623  -0.0286427131
35.8141562509  3.1415926536  0.0000000000  0.0027026397  -0.0276570183
37.0707933124  3.1415926536  0.0000000000  0.0025240862  -0.0267363060
38.3274303738  3.1415926536  0.0000000000  0.0023626138  -0.0258744113
39.5840674352  3.1415926536  0.0000000000  0.0022161166  -0.0250659186
40.8407044967  3.1415926536  0.0000000000  0.0020828030  -0.0243060519
42.0973415581  3.1415926536  0.0000000000  0.0019611407  -0.0235905837
43.3539786195  3.1415926536  0.0000000000  0.0018498133  -0.0229157595
44.6106156810  3.1415926536  0.0000000000  0.0017476848  -0.0222782336
45.8672527424  3.1415926536  0.0000000000  0.0016537710  -0.0216750153
47.1238898038  3.1415926536  0.0000000000  0.0015672153  -0.0211034234
48.3805268653  3.1415926536  0.0000000000  0.0014872701  -0.0205610477
49.6371639267  3.1415926536  0.0000000000  0.0014132800  -0.0200457152
50.8938009882  3.1415926536  0.0000000000  0.0013446687  -0.0195554623
52.1504380496  3.1415926536  0.0000000000  0.0012809281  -0.0190885101
53.4070751110  3.1415926536  0.0000000000  0.0012216084  -0.0186432433
54.6637121725  3.1415926536  0.0000000000  0.0011663106  -0.0182181916
55.9203492339  3.1415926536  0.0000000000  0.0011146796  -0.0178120146
57.1769862953  3.1415926536  0.0000000000  0.0010663986  -0.0174234871
58.4336233568  3.1415926536  0.0000000000  0.0010211843  -0.0170514873
59.6902604182  3.1415926536  0.0000000000  0.0009787827  -0.0166949863
60.9468974796  3.1415926536  0.0000000000  0.0009389653  -0.0163530383
62.2035345411  3.1415926536  0.0000000000  0.0009015268  -0.0160247730
63.4601716025  3.1415926536  0.0000000000  0.0008662813  -0.0157093878
64.7168086639  3.1415926536  0.0000000000  0.0008330612  -0.0154061413
65.9734457254  3.1415926536  0.0000000000  0.0008017142  -0.0151143480
67.2300827868  3.1415926536  0.0000000000  0.0007721023  -0.0148333729
68.4867198483  3.1415926536  0.0000000000  0.0007440998  -0.0145626268
69.7433569097  3.1415926536  0.0000000000  0.0007175924  -0.0143015625
70.9999939711  3.1415926536  0.0000000000  0.0006924755  -0.0140496711
72.2566310326  3.1415926536  0.0000000000  0.0006686535  -0.0138064787
73.5132680940  3.1415926536  0.0000000000  0.0006460391  -0.0135715432
74.7699051554  3.1415926536  0.0000000000  0.0006245521  -0.0133444521
76.0265422169  3.1415926536  0.0000000000  0.0006041188  -0.0131248199
77.2831792783  3.1415926536  0.0000000000  0.0005846714  -0.0129122856
78.5398163397  3.1415926536  0.0000000000  0.0005661476  -0.0127065114
79.7964534012  3.1415926536  0.0000000000  0.0005484898  -0.0125071805
81.0530904626  3.1415926536  0.0000000000  0.0005316450  -0.0123139953
82.3097275241  3.1415926536  0.0000000000  0.0005155639  -0.0121266766
83.5663645855  3.1415926536  0.0000000000  0.0005002012  -0.0119449616
84.8230016469  3.1415926536  0.0000000000  0.0004855147  -0.0117686029
86.0796387084  3.1415926536  0.0000000000  0.0004714652  -0.0115973676
87.3362757698  3.1415926536  0.0000000000  0.0004580166  -0.0114310359
88.5929128312  3.1415926536  0.0000000000  0.0004451351  -0.0112694005
89.8495498927  3.1415926536  0.0000000000  0.0004327891  -0.0111122656
91.1061869541  3.1415926536  0.0000000000  0.0004209495  -0.0109594460
92.3628240155  3.1415926536  0.0000000000  0.0004095890  -0.0108107667
93.6194610770  3.1415926536  0.0000000000  0.0003986820  -0.0106660620
94.8760981384  3.1415926536  0.0000000000  0.0003882048  -0.0105251746
96.1327351998  3.1415926536  0.0000000000  0.0003781350  -0.0103879559
97.3893722613  3.1415926536  0.0000000000  0.0003684519  -0.0102542644
98.6460093227  3.1415926536  0.0000000000  0.0003591359  -0.0101239661
99.9026463842  3.1415926536  0.0000000000  0.0003501686  -0.0099969335
101.1592834456  3.1415926536  0.0000000000  0.0003415329  -0.0098730456
102.4159205070  3.1415926536  0.0000000000  0.0003332126  -0.0097521872
103.6725575685  3.1415926536  0.0000000000  0.0003251926  -0.0096342486
104.9291946299  3.1415926536  0.0000000000  0.0003174586  -0.0095191253
106.1858316913  3.1415926536  0.0000000000  0.0003099972  -0.0094067179
107.4424687528  3.1415926536  0.0000000000  0.0003027957  -0.0092969315
108.6991058142  3.1415926536  0.0000000000  0.0002958421  -0.0091896755
109.9557428756  3.1415926536  0.0000000000  0.0002891253  -0.0090848636
111.2123799371  3.1415926536  0.0000000000  0.0002826346  -0.0089824133
112.4690169985  3.1415926536  0.0000000000  0.0002763600  -0.0088822456
113.7256540600  3.1415926536  0.0000000000  0.0002702919  -0.0087842853
114.9822911214  3.1415926536  0.0000000000  0.0002644215  -0.0086884601
116.2389281828  3.1415926536  0.0000000000  0.0002587402  -0.0085947012
117.4955652443  3.1415926536  0.0000000000  0.0002532400  -0.0085029425
118.7522023057  3.1415926536  0.0000000000  0.0002479133  -0.0084131206
120.0088393671  3.1415926536  0.0000000000  0.0002427529  -0.0083251750
121.2654764286  3.1415926536  0.0000000000  0.0002377519  -0.0082390475
122.5221134900  3.1415926536  0.0000000000  0.0002329038  -0.0081546824
123.7787505514  3.1415926536  0.0000000000  0.0002282025  -0.0080720262
125.0353876129  3.1415926536  0.0000000000  0.0002236420  -0.0079910274
126.2920246743  3.1415926536  0.0000000000  0.0002192169  -0.0079116369
127.5486617357  3.1415926536  0.0000000000  0.0002149218  -0.0078338071
128.8052987972  3.1415926536  0.0000000000  0.0002107517  -0.0077574926
130.0619358586  3.1415926536  0.0000000000  0.0002067017  -0.0076826495
131.3185729201  3.1415926536  0.0000000000  0.0002027674  -0.0076092358
132.5752099815  3.1415926536  0.0000000000  0.0001989443  -0.0075372109
133.8318470429  3.1415926536  0.0000000000  0.0001952282  -0.0074665357
135.0884841044  3.1415926536  0.0000000000  0.0001916153  -0.0073971728
136.3451211658  3.1415926536  0.0000000000  0.0001881018  -0.0073290859
137.6017582272  3.1415926536  0.0000000000  0.0001846840  -0.0072622402
138.8583952887  3.1415926536  0.0000000000  0.0001813585  -0.0071966021
140.1150323501  3.1415926536  0.0000000000  0.0001781220  -0.0071321391
141.3716694115  3.1415926536  0.0000000000  0.0001749713  -0.0070688200
142.6283064730  3.1415926536  0.0000000000  0.0001719035  -0.0070066146
143.8849435344  3.1415926536  0.0000000000  0.0001689157  -0.0069454939
145.1415805958  3.1415926536  0.0000000000  0.0001660050  -0.0068854296
146.3982176573  3.1415926536  0.0000000000  0.0001631690  -0.0068263947
147.6548547187  3.1415926536  0.0000000000  0.0001604050  -0.0067683630
148.9114917802  3.1415926536  0.0000000000  0.0001577106  -0.0067113091
150.1681288416  3.1415926536  0.0000000000  0.0001550835  -0.0066552085
151.4247659030  3.1415926536  0.0000000000  0.0001525215  -0.0066000375
152.6814029645  3.1415926536  0.0000000000  0.0001500225  -0.0065457733
153.9380400259  3.1415926536  0.0000000000  0.0001475844  -0.0064923936
155.1946770873  3.1415926536  0.0000000000  0.0001452052  -0.0064398771
156.4513141488  3.1415926536  0.0000000000  0.0001428831  -0.0063882029
157.7079512102  3.1415926536  0.0000000000  0.0001406163  -0.0063373510
158.9645882716  3.1415926536  0.0000000000  0.0001384029  -0.0062873019
160.2212253331  3.1415926536  0.0000000000  0.0001362414  -0.0062380367
161.4778623945  3.1415926536  0.0000000000  0.0001341301  -0.0061895373
162.7344994560  3.1415926536  0.0000000000  0.0001320676  -0.0061417858
163.9911365174  3.1415926536  0.0000000000  0.0001300522  -0.0060947652
165.2477735788  3.1415926536  0.0000000000  0.0001280826  -0.0060484587
166.5044106403  3.1415926536  0.0000000000  0.0001261574  -0.0060028502
167.7610477017  3.1415926536  0.0000000000  0.0001242753  -0.0059579242
169.0176847631  3.1415926536  0.0000000000  0.0001224350  -0.0059136653
170.2743218246  3.1415926536  0.0000000000  0.0001206352  -0.0058700589
171.5309588860  3.1415926536  0.0000000000  0.0001188748  -0.0058270905
172.7875959474  3.1415926536  0.0000000000  0.0001171527  -0.0057847464
174.0442330089  3.1415926536  0.0000000000  0.0001154678  -0.0057430131
175.3008700703  3.1415926536  0.0000000000  0.0001138189  -0.0057018773
176.5575071317  3.1415926536  0.0000000000  0.0001122051  -0.0056613264
177.8141441932  3.1415926536  0.0000000000  0.0001106253  -0.0056213480
179.0707812546  3.1415926536  0.0000000000  0.0001090787  -0.0055819301
180.3274183161  3.1415926536  0.0000000000  0.0001075643  -0.0055430609
181.5840553775  3.1415926536  0.0000000000  0.0001060812  -0.0055047290
182.8406924389  3.1415926536  0.0000000000  0.0001046286  -0.0054669236
184.0973295004  3.1415926536  0.0000000000  0.0001032056  -0.0054296336
185.3539665618  3.1415926536  0.0000000000  0.0001018114  -0.0053928488
186.6106036232  3.1415926536  0.0000000000  0.0001004453  -0.0053565588
187.8672406847  3.1415926536  0.0000000000  0.0000991065  -0.0053207538
189.1238777461  3.1415926536  0.0000000000  0.0000977943  -0.0052854241
190.3805148075  3.1415926536  0.0000000000  0.0000965080  -0.0052505604
191.6371518690  3.1415926536  0.0000000000  0.0000952469  -0.0052161534
192.8937889304  3.1415926536  0.0000000000  0.0000940103  -0.0051821943
194.1504259918  3.1415926536  0.0000000000  0.0000927977  -0.0051486744
195.4070630533  3.1415926536  0.0000000000  0.0000916083  -0.0051155852
196.6637001147  3.1415926536  0.0000000000  0.0000904417  -0.0050829184
197.9203371762  3.1415926536  0.0000000000  0.0000892972  -0.0050506661
199.1769742376  3.1415926536  0.0000000000  0.0000881744  -0.0050188203
200.4336112990  3.1415926536  0.0000000000  0.0000870725  -0.0049873735
201.6902483605  3.1415926536  0.0000000000  0.0000859912  -0.0049563182
202.9468854219  3.1415926536  0.0000000000  0.0000849299  -0.0049256472
204.2035224833  3.1415926536  0.0000000000  0.0000838881  -0.0048953533
205.4601595448  3.1415926536  0.0000000000  0.0000828654  -0.0048654296
206.7167966062  3.1415926536  0.0000000000  0.0000818613  -0.0048358695
207.9734336676  3.1415926536  0.0000000000  0.0000808753  -0.0048066663
209.2300707291  3.1415926536  0.0000000000  0.0000799070  -0.0047778135
210.4867077905  3.1415926536  0.0000000000  0.0000789560  -0.0047493050
211.7433448520  3.1415926536  0.0000000000  0.0000780218  -0.0047211346
212.9999819134  3.1415926536  0.0000000000  0.0000771042  -0.0046932963
214.2566189748  3.1415926536  0.0000000000  0.0000762026  -0.0046657843
215.5132560363  3.1415926536  0.0000000000  0.0000753168  -0.0046385929
216.7698930977  3.1415926536  0.0000000000  0.0000744463  -0.0046117165
218.0265301591  3.1415926536  0.0000000000  0.0000735908  -0.0045851497
219.2831672206  3.1415926536  0.0000000000  0.0000727500  -0.0045588871
220.5398042820  3.1415926536  0.0000000000  0.0000719235  -0.0045329236
221.7964413434  3.1415926536  0.0000000000  0.0000711110  -0.0045072541
223.0530784049  3.1415926536  0.0000000000  0.0000703122  -0.0044818736
224.3097154663  3.1415926536  0.0000000000  0.0000695268  -0.0044567773
225.5663525277  3.1415926536  0.0000000000  0.0000687544  -0.0044319604
226.8229895892  3.1415926536  0.0000000000  0.0000679949  -0.0044074182
228.0796266506  3.1415926536  0.0000000000  0.0000672479  -0.0043831464
229.3362637121  3.1415926536  0.0000000000  0.0000665131  -0.0043591403
230.5929007735  3.1415926536  0.0000000000  0.0000657903  -0.0043353957
231.8495378349  3.1415926536  0.0000000000  0.0000650792  -0.0043119083
233.1061748964  3.1415926536  0.0000000000  0.0000643796  -0.0042886740
234.3628119578  3.1415926536  0.0000000000  0.0000636912  -0.0042656886
235.6194490192  3.1415926536  0.0000000000  0.0000630138  -0.0042429483
236.8760860807  3.1415926536  0.0000000000  0.0000623471  -0.0042204491
238.1327231421  3.1415926536  0.0000000000  0.0000616910  -0.0041981872
239.3893602035  3.1415926536  0.0000000000  0.0000610452  -0.0041761589
240.6459972650  3.1415926536  0.0000000000  0.0000604094  -0.0041543605
241.9026343264  3.1415926536  0.0000000000  0.0000597835  -0.0041327884
243.1592713878  3.1415926536  0.0000000000  0.0000591673  -0.0041114392
244.4159084493  3.1415926536  0.0000000000  0.0000585606  -0.0040903093
245.6725455107  3.1415926536  0.0000000000  0.0000579632  -0.0040693955
246.9291825722  3.1415926536  0.0000000000  0.0000573748  -0.0040486944
248.1858196336  3.1415926536  0.0000000000  0.0000567954  -0.0040282028
249.4424566950  3.1415926536  0.0000000000  0.0000562247  -0.0040079176
250.6990937565  3.1415926536  0.0000000000  0.0000556626  -0.0039878356
251.9557308179  3.1415926536  0.0000000000  0.0000551088  -0.0039679538
253.2123678793  3.1415926536  0.0000000000  0.0000545633  -0.0039482692
254.4690049408  3.1415926536  0.0000000000  0.0000540258  -0.0039287790
255.7256420022  3.1415926536  0.0000000000  0.0000534963  -0.0039094801
256.9822790636  3.1415926536  0.0000000000  0.0000529745  -0.0038903700
258.2389161251  3.1415926536  0.0000000000  0.0000524602  -0.0038714457
259.4955531865  3.1415926536  0.0000000000  0.0000519535  -0.0038527046
260.7521902480  3.1415926536  0.0000000000  0.0000514540  -0.0038341440
262.0088273094  3.1415926536  0.0000000000  0.0000509617  -0.0038157613
263.2654643708  3.1415926536  0.0000000000  0.0000504764  -0.0037975541
264.5221014323  3.1415926536  0.0000000000  0.0000499981  -0.0037795198
265.7787384937  3.1415926536  0.0000000000  0.0000495265  -0.0037616559
267.0353755551  3.1415926536  0.0000000000  0.0000490615  -0.0037439601
268.2920126166  3.1415926536  0.0000000000  0.0000486031  -0.0037264299
269.5486496780  3.1415926536  0.0000000000  0.0000481510  -0.0037090631
270.8052867394  3.1415926536  0.0000000000  0.0000477053  -0.0036918574
272.0619238009  3.1415926536  0.0000000000  0.0000472657  -0.0036748106
273.3185608623  3.1415926536  0.0000000000  0.0000468321  -0.0036579204
274.5751979237  3.1415926536  0.0000000000  0.0000464045  -0.0036411848
275.8318349852  3.1415926536  0.0000000000  0.0000459827  -0.0036246016
277.0884720466  3.1415926536  0.0000000000  0.0000455666  -0.0036081687
278.3451091081  3.1415926536  0.0000000000  0.0000451562  -0.0035918842
279.6017461695  3.1415926536  0.0000000000  0.0000447513  -0.0035757459
280.8583832309  3.1415926536  0.0000000000  0.0000443518  -0.0035597520
282.1150202924  3.1415926536  0.0000000000  0.0000439576  -0.0035439005
283.3716573538  3.1415926536  0.0000000000  0.0000435686  -0.0035281896
284.6282944152  3.1415926536  0.0000000000  0.0000431848  -0.0035126173
285.8849314767  3.1415926536  0.0000000000  0.0000428061  -0.0034971818
287.1415685381  3.1415926536  0.0000000000  0.0000424323  -0.0034818814
288.3982055995  3.1415926536  0.0000000000  0.0000420634  -0.0034667143
289.6548426610  3.1415926536  0.0000000000  0.0000416992  -0.0034516787
290.9114797224  3.1415926536  0.0000000000  0.0000413398  -0.0034367729
292.1681167839  3.1415926536  0.0000000000  0.0000409850  -0.0034219953
293.4247538453  3.1415926536  0.0000000000  0.0000406348  -0.0034073443
294.6813909067  3.1415926536  0.0000000000  0.0000402890  -0.0033928181
295.9380279682  3.1415926536  0.0000000000  0.0000399476  -0.0033784153
297.1946650296  3.1415926536  0.0000000000  0.0000396105  -0.0033641342
298.4513020910  3.1415926536  0.0000000000  0.0000392777  -0.0033499733
299.7079391525  3.1415926536  0.0000000000  0.0000389491  -0.0033359311
300.9645762139  3.1415926536  0.0000000000  0.0000386245  -0.0033220061
302.2212132753  3.1415926536  0.0000000000  0.0000383041  -0.0033081969
303.4778503368  3.1415926536  0.0000000000  0.0000379875  -0.0032945020
304.7344873982  3.1415926536  0.0000000000  0.0000376749  -0.0032809200
305.9911244596  3.1415926536  0.0000000000  0.0000373661  -0.0032674495
307.2477615211  3.1415926536  0.0000000000  0.0000370612  -0.0032540892
308.5043985825  3.1415926536  0.0000000000  0.0000367599  -0.0032408376
309.7610356440  3.1415926536  0.0000000000  0.0000364623  -0.0032276935
311.0176727054  3.1415926536  0.0000000000  0.0000361683  -0.0032146557
312.2743097668  3.1415926536  0.0000000000  0.0000358778  -0.0032017227
313.5309468283  3.1415926536  0.0000000000  0.0000355908  -0.0031888933
314.7875838897  3.1415926536  0.0000000000  0.0000353072  -0.0031761663
316.0442209511  3.1415926536  0.0000000000  0.0000350271  -0.0031635405
317.3008580126  3.1415926536  0.0000000000  0.0000347502  -0.0031510147
318.5574950740  3.1415926536  0.0000000000  0.0000344766  -0.0031385876
319.8141321354  3.1415926536  0.0000000000  0.0000342062  -0.0031262582
321.0707691969  3.1415926536  0.0000000000  0.0000339390  -0.0031140253
322.3274062583  3.1415926536  0.0000000000  0.0000336750  -0.0031018877
323.5840433197  3.1415926536  0.0000000000  0.0000334139  -0.0030898443
324.8406803812  3.1415926536  0.0000000000  0.0000331559  -0.0030778941
326.0973174426  3.1415926536  0.0000000000  0.0000329009  -0.0030660360
327.3539545041  3.1415926536  0.0000000000  0.0000326488  -0.0030542689
328.6105915655  3.1415926536  0.0000000000  0.0000323996  -0.0030425917
329.8672286269  3.1415926536  0.0000000000  0.0000321533  -0.0030310035
331.1238656884  3.1415926536  0.0000000000  0.0000319097  -0.0030195032
332.3805027498  3.1415926536  0.0000000000  0.0000316689  -0.0030080898
333.6371398112  3.1415926536  0.0000000000  0.0000314308  -0.0029967624
334.8937768727  3.1415926536  0.0000000000  0.0000311954  -0.0029855200
336.1504139341  3.1415926536  0.0000000000  0.0000309627  -0.0029743615
337.4070509955  3.1415926536  0.0000000000  0.0000307325  -0.0029632862
338.6636880570  3.1415926536  0.0000000000  0.0000305049  -0.0029522931
339.9203251184  3.1415926536  0.0000000000  0.0000302797  -0.0029413812
341.1769621799  3.1415926536  0.0000000000  0.0000300571  -0.0029305496
342.4335992413  3.1415926536  0.0000000000  0.0000298370  -0.0029197976
343.6902363027  3.1415926536  0.0000000000  0.0000296192  -0.0029091241
344.9468733642  3.1415926536  0.0000000000  0.0000294038  -0.0028985284
346.2035104256  3.1415926536  0.0000000000  0.0000291907  -0.0028880095
347.4601474870  3.1415926536  0.0000000000  0.0000289800  -0.0028775668
348.7167845485  3.1415926536  0.0000000000  0.0000287715  -0.0028671992
349.9734216099  3.1415926536  0.0000000000  0.0000285653  -0.0028569062
351.2300586713  3.1415926536  0.0000000000  0.0000283613  -0.0028466867
352.4866957328  3.1415926536  0.0000000000  0.0000281595  -0.0028365401
353.7433327942  3.1415926536  0.0000000000  0.0000279598  -0.0028264655
354.9999698556  3.1415926536  0.0000000000  0.0000277622  -0.0028164623
356.2566069171  3.1415926536  0.0000000000  0.0000275667  -0.0028065296
357.5132439785  3.1415926536  0.0000000000  0.0000273733  -0.0027966667
358.7698810400  3.1415926536  0.0000000000  0.0000271819  -0.0027868729
360.0265181014  3.1415926536  0.0000000000  0.0000269925  -0.0027771474
361.2831551628  3.1415926536  0.0000000000  0.0000268050  -0.0027674896
362.5397922243  3.1415926536  0.0000000000  0.0000266195  -0.0027578987
363.7964292857  3.1415926536  0.0000000000  0.0000264360  -0.0027483740
365.0530663471  3.1415926536  0.0000000000  0.0000262543  -0.0027389149
366.3097034086  3.1415926536  0.0000000000  0.0000260745  -0.0027295207
367.5663404700  3.1415926536  0.0000000000  0.0000258965  -0.0027201907
368.8229775314  3.1415926536  0.0000000000  0.0000257204  -0.0027109242
370.0796145929  3.1415926536  0.0000000000  0.0000255460  -0.0027017207
371.3362516543  3.1415926536  0.0000000000  0.0000253734  -0.0026925794
372.5928887157  3.1415926536  0.0000000000  0.0000252026  -0.0026834998
373.8495257772  3.1415926536  0.0000000000  0.0000250334  -0.0026744812
375.1061628386  3.1415926536  0.0000000000  0.0000248660  -0.0026655230
376.3627999001  3.1415926536  0.0000000000  0.0000247003  -0.0026566247
377.6194369615  3.1415926536  0.0000000000  0.0000245361  -0.0026477855
378.8760740229  3.1415926536  0.0000000000  0.0000243737  -0.0026390049
380.1327110844  3.1415926536  0.0000000000  0.0000242128  -0.0026302824
381.3893481458  3.1415926536  0.0000000000  0.0000240535  -0.0026216174
382.6459852072  3.1415926536  0.0000000000  0.0000238958  -0.0026130092
383.9026222687  3.1415926536  0.0000000000  0.0000237396  -0.0026044574
385.1592593301  3.1415926536  0.0000000000  0.0000235850  -0.0025959614
386.4158963915  3.1415926536  0.0000000000  0.0000234319  -0.0025875207
387.6725334530  3.1415926536  0.0000000000  0.0000232802  -0.0025791346
388.9291705144  3.1415926536  0.0000000000  0.0000231300  -0.0025708027
390.1858075759  3.1415926536  0.0000000000  0.0000229813  -0.0025625245
391.4424446373  3.1415926536  0.0000000000  0.0000228340  -0.0025542994
392.6990816987  3.1415926536  0.0000000000  0.0000226881  -0.0025461269
393.9557187602  3.1415926536  0.0000000000  0.0000225436  -0.0025380066
395.2123558216  3.1415926536  0.0000000000  0.0000224005  -0.0025299379
396.4689928830  3.1415926536  0.0000000000  0.0000222587  -0.0025219203
397.7256299445  3.1415926536  0.0000000000  0.0000221183  -0.0025139534
398.9822670059  3.1415926536  0.0000000000  0.0000219792  -0.0025060366
400.2389040673  3.1415926536  0.0000000000  0.0000218414  -0.0024981696
401.4955411288  3.1415926536  0.0000000000  0.0000217049  -0.0024903518
402.7521781902  3.1415926536  0.0000000000  0.0000215697  -0.0024825827
404.0088152516  3.1415926536  0.0000000000  0.0000214357  -0.0024748620
405.2654523131  3.1415926536  0.0000000000  0.0000213030  -0.0024671892
406.5220893745  3.1415926536  0.0000000000  0.0000211715  -0.0024595637
407.7787264360  3.1415926536  0.0000000000  0.0000210412  -0.0024519853
409.0353634974  3.1415926536  0.0000000000  0.0000209122  -0.0024444534
410.2920005588  3.1415926536  0.0000000000  0.0000207843  -0.0024369677
411.5486376203  3.1415926536  0.0000000000  0.0000206575  -0.0024295276
412.8052746817  3.1415926536  0.0000000000  0.0000205320  -0.0024221329
414.0619117431  3.1415926536  0.0000000000  0.0000204075  -0.0024147830
415.3185488046  3.1415926536  0.0000000000  0.0000202842  -0.0024074776
416.5751858660  3.1415926536  0.0000000000  0.0000201621  -0.0024002162
417.8318229274  3.1415926536  0.0000000000  0.0000200410  -0.0023929985
419.0884599889  3.1415926536  0.0000000000  0.0000199210  -0.0023858241
420.3450970503  3.1415926536  0.0000000000  0.0000198020  -0.0023786926
421.6017341118  3.1415926536  0.0000000000  0.0000196842  -0.0023716036
422.8583711732  3.1415926536  0.0000000000  0.0000195674  -0.0023645567
424.1150082346  3.1415926536  0.0000000000  0.0000194516  -0.0023575515
425.3716452961  3.1415926536  0.0000000000  0.0000193368  -0.0023505878
426.6282823575  3.1415926536  0.0000000000  0.0000192231  -0.0023436650
427.8849194189  3.1415926536  0.0000000000  0.0000191104  -0.0023367829
429.1415564804  3.1415926536  0.0000000000  0.0000189986  -0.0023299411
430.3981935418  3.1415926536  0.0000000000  0.0000188879  -0.0023231393
431.6548306032  3.1415926536  0.0000000000  0.0000187780  -0.0023163770
432.9114676647  3.1415926536  0.0000000000  0.0000186692  -0.0023096540
434.1681047261  3.1415926536  0.0000000000  0.0000185613  -0.0023029699
435.4247417875  3.1415926536  0.0000000000  0.0000184543  -0.0022963244
436.6813788490  3.1415926536  0.0000000000  0.0000183483  -0.0022897171
437.9380159104  3.1415926536  0.0000000000  0.0000182431  -0.0022831478
439.1946529719  3.1415926536  0.0000000000  0.0000181389  -0.0022766160
440.4512900333  3.1415926536  0.0000000000  0.0000180355  -0.0022701215
441.7079270947  3.1415926536  0.0000000000  0.0000179331  -0.0022636639
442.9645641562  3.1415926536  0.0000000000  0.0000178315  -0.0022572429
444.2212012176  3.1415926536  0.0000000000  0.0000177307  -0.0022508583
445.4778382790  3.1415926536  0.0000000000  0.0000176308  -0.0022445097
446.7344753405  3.1415926536  0.0000000000  0.0000175318  -0.0022381968
447.9911124019  3.1415926536  0.0000000000  0.0000174336  -0.0022319193
449.2477494633  3.1415926536  0.0000000000  0.0000173362  -0.0022256770
450.5043865248  3.1415926536  0.0000000000  0.0000172396  -0.0022194694
451.7610235862  3.1415926536  0.0000000000  0.0000171439  -0.0022132964
453.0176606476  3.1415926536  0.0000000000  0.0000170489  -0.0022071576
454.2742977091  3.1415926536  0.0000000000  0.0000169547  -0.0022010527
455.5309347705  3.1415926536  0.0000000000  0.0000168613  -0.0021949816
456.7875718320  3.1415926536  0.0000000000  0.0000167686  -0.0021889438
458.0442088934  3.1415926536  0.0000000000  0.0000166768  -0.0021829392
459.3008459548  3.1415926536  0.0000000000  0.0000165856  -0.0021769674
460.5574830163  3.1415926536  0.0000000000  0.0000164953  -0.0021710282
461.8141200777  3.1415926536  0.0000000000  0.0000164056  -0.0021651213
463.0707571391  3.1415926536  0.0000000000  0.0000163167  -0.0021592465
464.3273942006  3.1415926536  0.0000000000  0.0000162285  -0.0021534035
465.5840312620  3.1415926536  0.0000000000  0.0000161410  -0.0021475920
466.8406683234  3.1415926536  0.0000000000  0.0000160543  -0.0021418118
468.0973053849  3.1415926536  0.0000000000  0.0000159682  -0.0021360626
469.3539424463  3.1415926536  0.0000000000  0.0000158828  -0.0021303442
470.6105795078  3.1415926536  0.0000000000  0.0000157981  -0.0021246563
471.8672165692  3.1415926536  0.0000000000  0.0000157141  -0.0021189987
473.1238536306  3.1415926536  0.0000000000  0.0000156307  -0.0021133712
474.3804906921  3.1415926536  0.0000000000  0.0000155480  -0.0021077734
475.6371277535  3.1415926536  0.0000000000  0.0000154660  -0.0021022053
476.8937648149  3.1415926536  0.0000000000  0.0000153846  -0.0020966665
478.1504018764  3.1415926536  0.0000000000  0.0000153038  -0.0020911568
479.4070389378  3.1415926536  0.0000000000  0.0000152237  -0.0020856759
480.6636759992  3.1415926536  0.0000000000  0.0000151442  -0.0020802238
481.9203130607  3.1415926536  0.0000000000  0.0000150653  -0.0020748000
483.1769501221  3.1415926536  0.0000000000  0.0000149871  -0.0020694045
484.4335871835  3.1415926536  0.0000000000  0.0000149094  -0.0020640369
485.6902242450  3.1415926536  0.0000000000  0.0000148324  -0.0020586972
486.9468613064  3.1415926536  0.0000000000  0.0000147559  -0.0020533849
488.2034983679  3.1415926536  0.0000000000  0.0000146801  -0.0020481001
489.4601354293  3.1415926536  0.0000000000  0.0000146048  -0.0020428423
490.7167724907  3.1415926536  0.0000000000  0.0000145301  -0.0020376115
491.9734095522  3.1415926536  0.0000000000  0.0000144560  -0.0020324074
493.2300466136  3.1415926536  0.0000000000  0.0000143824  -0.0020272298
494.4866836750  3.1415926536  0.0000000000  0.0000143094  -0.0020220785
495.7433207365  3.1415926536  0.0000000000  0.0000142369  -0.0020169534
496.9999577979  3.1415926536  0.0000000000  0.0000141650  -0.0020118541
498.2565948593  3.1415926536  0.0000000000  0.0000140937  -0.0020067806
499.5132319208  3.1415926536  0.0000000000  0.0000140229  -0.0020017326
500.7698689822  3.1415926536  0.0000000000  0.0000139526  -0.0019967099
502.0265060436  3.1415926536  0.0000000000  0.0000138828  -0.0019917124
503.2831431051  3.1415926536  0.0000000000  0.0000138136  -0.0019867398
504.5397801665  3.1415926536  0.0000000000  0.0000137449  -0.0019817920
505.7964172280  3.1415926536  0.0000000000  0.0000136766  -0.0019768687
507.0530542894  3.1415926536  0.0000000000  0.0000136089  -0.0019719699
508.3096913508  3.1415926536  0.0000000000  0.0000135417  -0.0019670953
509.5663284123  3.1415926536  0.0000000000  0.0000134750  -0.0019622447
510.8229654737  3.1415926536  0.0000000000  0.0000134088  -0.0019574180
512.0796025351  3.1415926536  0.0000000000  0.0000133431  -0.0019526149
513.3362395966  3.1415926536  0.0000000000  0.0000132779  -0.0019478354
514.5928766580  3.1415926536  0.0000000000  0.0000132131  -0.0019430792
515.8495137194  3.1415926536  0.0000000000  0.0000131488  -0.0019383462
517.1061507809  3.1415926536  0.0000000000  0.0000130850  -0.0019336362
518.3627878423  3.1415926536  0.0000000000  0.0000130216  -0.0019289490
519.6194249038  3.1415926536  0.0000000000  0.0000129587  -0.0019242845
520.8760619652  3.1415926536  0.0000000000  0.0000128963  -0.0019196425
522.1326990266  3.1415926536  0.0000000000  0.0000128343  -0.0019150229
523.3893360881  3.1415926536  0.0000000000  0.0000127727  -0.0019104254
524.6459731495  3.1415926536  0.0000000000  0.0000127116  -0.0019058499
525.9026102109  3.1415926536  0.0000000000  0.0000126509  -0.0019012963
527.1592472724  3.1415926536  0.0000000000  0.0000125907  -0.0018967644
528.4158843338  3.1415926536  0.0000000000  0.0000125309  -0.0018922541
529.6725213952  3.1415926536  0.0000000000  0.0000124715  -0.0018877651
530.9291584567  3.1415926536  0.0000000000  0.0000124125  -0.0018832974
532.1857955181  3.1415926536  0.0000000000  0.0000123540  -0.0018788508
533.4424325795  3.1415926536  0.0000000000  0.0000122958  -0.0018744252
534.6990696410  3.1415926536  0.0000000000  0.0000122381  -0.0018700203
535.9557067024  3.1415926536  0.0000000000  0.0000121808  -0.0018656361
537.2123437639  3.1415926536  0.0000000000  0.0000121239  -0.0018612724
538.4689808253  3.1415926536  0.0000000000  0.0000120674  -0.0018569291
539.7256178867  3.1415926536  0.0000000000  0.0000120112  -0.0018526060
540.9822549482  3.1415926536  0.0000000000  0.0000119555  -0.0018483030
542.2388920096  3.1415926536  0.0000000000  0.0000119002  -0.0018440199
543.4955290710  3.1415926536  0.0000000000  0.0000118452  -0.0018397566
544.7521661325  3.1415926536  0.0000000000  0.0000117906  -0.0018355130
546.0088031939  3.1415926536  0.0000000000  0.0000117364  -0.0018312889
547.2654402553  3.1415926536  0.0000000000  0.0000116826  -0.0018270843
548.5220773168  3.1415926536  0.0000000000  0.0000116291  -0.0018228988
549.7787143782  3.1415926536  0.0000000000  0.0000115760  -0.0018187325
551.0353514396  3.1415926536  0.0000000000  0.0000115233  -0.0018145853
552.2919885011  3.1415926536  0.0000000000  0.0000114709  -0.0018104568
553.5486255625  3.1415926536  0.0000000000  0.0000114189  -0.0018063472
554.8052626240  3.1415926536  0.0000000000  0.0000113672  -0.0018022561
556.0618996854  3.1415926536  0.0000000000  0.0000113159  -0.0017981835
557.3185367468  3.1415926536  0.0000000000  0.0000112649  -0.0017941293
558.5751738083  3.1415926536  0.0000000000  0.0000112143  -0.0017900933
559.8318108697  3.1415926536  0.0000000000  0.0000111640  -0.0017860755
561.0884479311  3.1415926536  0.0000000000  0.0000111140  -0.0017820756
562.3450849926  3.1415926536  0.0000000000  0.0000110644  -0.0017780936
563.6017220540  3.1415926536  0.0000000000  0.0000110152  -0.0017741294
564.8583591154  3.1415926536  0.0000000000  0.0000109662  -0.0017701828
566.1149961769  3.1415926536  0.0000000000  0.0000109176  -0.0017662537
567.3716332383  3.1415926536  0.0000000000  0.0000108693  -0.0017623421
568.6282702998  3.1415926536  0.0000000000  0.0000108213  -0.0017584477
569.8849073612  3.1415926536  0.0000000000  0.0000107736  -0.0017545705
571.1415444226  3.1415926536  0.0000000000  0.0000107263  -0.0017507103
572.3981814841  3.1415926536  0.0000000000  0.0000106792  -0.0017468671
573.6548185455  3.1415926536  0.0000000000  0.0000106325  -0.0017430408
574.9114556069  3.1415926536  0.0000000000  0.0000105860  -0.0017392311
576.1680926684  3.1415926536  0.0000000000  0.0000105399  -0.0017354381
577.4247297298  3.1415926536  0.0000000000  0.0000104941  -0.0017316616
578.6813667912  3.1415926536  0.0000000000  0.0000104486  -0.0017279014
579.9380038527  3.1415926536  0.0000000000  0.0000104033  -0.0017241576
581.1946409141  3.1415926536  0.0000000000  0.0000103584  -0.0017204300
582.4512779755  3.1415926536  0.0000000000  0.0000103138  -0.0017167184
583.7079150370  3.1415926536  0.0000000000  0.0000102694  -0.0017130228
584.9645520984  3.1415926536  0.0000000000  0.0000102253  -0.0017093431
586.2211891599  3.1415926536  0.0000000000  0.0000101815  -0.0017056792
587.4778262213  3.1415926536  0.0000000000  0.0000101380  -0.0017020310
588.7344632827  3.1415926536  0.0000000000  0.0000100948  -0.0016983983
589.9911003442  3.1415926536  0.0000000000  0.0000100518  -0.0016947811
591.2477374056  3.1415926536  0.0000000000  0.0000100092  -0.0016911792
592.5043744670  3.1415926536  0.0000000000  0.0000099667  -0.0016875927
593.7610115285  3.1415926536  0.0000000000  0.0000099246  -0.0016840213
595.0176485899  3.1415926536  0.0000000000  0.0000098827  -0.0016804650
596.2742856513  3.1415926536  0.0000000000  0.0000098411  -0.0016769237
597.5309227128  3.1415926536  0.0000000000  0.0000097998  -0.0016733973
598.7875597742  3.1415926536  0.0000000000  0.0000097587  -0.0016698857
600.0441968357  3.1415926536  0.0000000000  0.0000097179  -0.0016663888
601.3008338971  3.1415926536  0.0000000000  0.0000096773  -0.0016629065
602.5574709585  3.1415926536  0.0000000000  0.0000096370  -0.0016594387
603.8141080200  3.1415926536  0.0000000000  0.0000095969  -0.0016559854
605.0707450814  3.1415926536  0.0000000000  0.0000095571  -0.0016525464
606.3273821428  3.1415926536  0.0000000000  0.0000095175  -0.0016491217
607.5840192043  3.1415926536  0.0000000000  0.0000094782  -0.0016457111
608.8406562657  3.1415926536  0.0000000000  0.0000094391  -0.0016423146
610.0972933271  3.1415926536  0.0000000000  0.0000094002  -0.0016389321
611.3539303886  3.1415926536  0.0000000000  0.0000093616  -0.0016355635
612.6105674500  3.1415926536  0.0000000000  0.0000093233  -0.0016322087
613.8672045114  3.1415926536  0.0000000000  0.0000092851  -0.0016288676
615.1238415729  3.1415926536  0.0000000000  0.0000092473  -0.0016255402
616.3804786343  3.1415926536  0.0000000000  0.0000092096  -0.0016222264
617.6371156958  3.1415926536  0.0000000000  0.0000091721  -0.0016189261
618.8937527572  3.1415926536  0.0000000000  0.0000091349  -0.0016156391
620.1503898186  3.1415926536  0.0000000000  0.0000090980  -0.0016123655
621.4070268801  3.1415926536  0.0000000000  0.0000090612  -0.0016091051
622.6636639415  3.1415926536  0.0000000000  0.0000090247  -0.0016058578
623.9203010029  3.1415926536  0.0000000000  0.0000089883  -0.0016026237
625.1769380644  3.1415926536  0.0000000000  0.0000089523  -0.0015994025
626.4335751258  3.1415926536  0.0000000000  0.0000089164  -0.0015961943
627.6902121872  3.1415926536  0.0000000000  0.0000088807  -0.0015929989
628.9468492487  3.1415926536  0.0000000000  0.0000000000  0.0000000000
-627.6902121872  3.1415926536  3.1415926536  0.0000000000  0.0000000000
-626.4335751258  3.1415926536  3.1415926536  0.0000000000  0.0000000000
-625.1769380644  3.1415926536  3.1415926536  0.0000000000  0.0000000000
-623.9203010029  3.1415926536  3.1415926536  0.0000000000  0.0000000000
-622.6636639415  3.1415926536  3.1415926536  0.0000000000  0.0000000000
-621.4070268801  3.1415926536  3.1415926536  0.0000000000  0.0000000000
-620.1503898186  3.1415926536  3.1415926536  0.0000000000  0.0000000000
-618.8937527572  3.1415926536  3.1415926536  0.0000000000  0.0000000000
-617.6371156958  3.1415926536  3.1415926536  0.0000000000  0.0000000000
-616.3804786343  3.1415926536  3.1415926536  0.0000000000  0.0000000000
-615.1238415729  3.1415926536  3.1415926536  0.0000000000  0.0000000000
-613.8672045114  3.1415926536  3.1415926536  0.0000000000  0.0000000000
-612.6105674500  3.1415926536  3.1415926536  0.0000000000  0.0000000000
-611.3539303886  3.1415926536  3.1415926536  0.0000000000  0.0000000000
-610.0972933271  3.1415926536  3.1415926536  0.0000000000  0.0000000000
-608.8406562657  3.1415926536  3.1415926536  0.0000000000  0.0000000000
-607.5840192043  3.1415926536  3.1415926536  0.0000000000  0.0000000000
-606.3273821428  3.1415926536  3.1415926536  0.0000000000  0.0000000000
-605.0707450814  3.1415926536  3.1415926536  0.0000000000  0.0000000000
-603.8141080200  3.1415926536  3.1415926536  0.0000000000  0.0000000000
-602.5574709585  3.1415926536  3.1415926536  0.0000000000  0.0000000000
-601.3008338971  3.1415926536  3.1415926536  0.0000000000  0.0000000000
-600.0441968357  3.1415926536  3.1415926536  0.0000000000  0.0000000000
-598.7875597742  3.1415926536  3.1415926536  0.0000000000  0.0000000000
-597.5309227128  3.1415926536  3.1415926536  0.0000000000  0.0000000000
-596.2742856513  3.1415926536  3.1415926536  0.0000000000  0.0000000000
-595.0176485899  3.1415926536  3.1415926536  0.0000000000  0.0000000000
-593.7610115285  3.1415926536  3.1415926536  0.0000000000  0.0000000000
-592.5043744670  3.1415926536  3.1415926536  0.0000000000  0.0000000000
-591.2477374056  3.1415926536  3.1415926536  0.0000000000  0.0000000000
-589.9911003442  3.1415926536  3.1415926536  0.0000000000  0.0000000000
-588.7344632827  3.1415926536  3.1415926536  0.0000000000  0.0000000000
-587.4778262213  3.1415926536  3.1415926536  0.0000000000  0.0000000000
-586.2211891599  3.1415926536  3.1415926536  0.0000000000  0.0000000000
-584.9645520984  3.1415926536  3.1415926536  0.0000000000  0.0000000000
-583.7079150370  3.1415926536  3.1415926536  0.0000000000  0.0000000000
-582.4512779755  3.1415926536  3.1415926536  0.0000000000  0.0000000000
-581.1946409141  3.1415926536  3.1415926536  0.0000000000  0.0000000000
-579.9380038527  3.1415926536  3.1415926536  0.0000000000  0.0000000000
-578.6813667912  3.1415926536  3.1415926536  0.0000000000  0.0000000000
-577.4247297298  3.1415926536  3.1415926536  0.0000000000  0.0000000000
-576.1680926684  3.1415926536  3.1415926536  0.0000000000  0.0000000000
-574.9114556069  3.1415926536  3.1415926536  0.0000000000  0.0000000000
-573.6548185455  3.1415926536  3.1415926536  0.0000000000  0.0000000000
-572.3981814841  3.1415926536  3.1415926536  0.0000000000  0.0000000000
-571.1415444226  3.1415926536  3.1415926536  0.0000000000  0.0000000000
-569.8849073612  3.1415926536  3.1415926536  0.0000000000  0.0000000000
-568.6282702998  3.1415926536  3.1415926536  0.0000000000  0.0000000000
-567.3716332383  3.1415926536  3.1415926536  0.0000000000  0.0000000000
-566.1149961769  3.1415926536  3.1415926536  0.0000000000  0.0000000000
-564.8583591154  3.1415926536  3.1415926536  0.0000000000  0.0000000000
-563.6017220540  3.1415926536  3.1415926536  0.0000000000  0.0000000000
-562.3450849926  3.1415926536  3.1415926536  0.0000000000  0.0000000000
-561.0884479311  3.1415926536  3.1415926536  0.0000000000  0.0000000000
-559.8318108697  3.1415926536  3.1415926536  0.0000000000  0.0000000000
-558.5751738083  3.1415926536  3.1415926536  0.0000000000  0.0000000000
-557.3185367468  3.1415926536  3.1415926536  0.0000000000  0.0000000000
-556.0618996854  3.1415926536  3.1415926536  0.0000000000  0.0000000000
-554.8052626240  3.1415926536  3.1415926536  0.0000000000  0.0000000000
-553.5486255625  3.1415926536  3.1415926536  0.0000000000  0.0000000000
-552.2919885011  3.1415926536  3.1415926536  0.0000000000  0.0000000000
-551.0353514396  3.1415926536  3.1415926536  0.0000000000  0.0000000000
-549.7787143782  3.1415926536  3.1415926536  0.0000000000  0.0000000000
-548.5220773168  3.1415926536  3.1415926536  0.0000000000  0.0000000000
-547.2654402553  3.1415926536  3.1415926536  0.0000000000  0.0000000000
-546.0088031939  3.1415926536  3.1415926536  0.0000000000  0.0000000000
-544.7521661325  3.1415926536  3.1415926536  0.0000000000  0.0000000000
-543.4955290710  3.1415926536  3.1415926536  0.0000000000  0.0000000000
-542.2388920096  3.1415926536  3.1415926536  0.0000000000  0.0000000000
-540.9822549482  3.1415926536  3.1415926536  0.0000000000  0.0000000000
-539.7256178867  3.1415926536  3.1415926536  0.0000000000  0.0000000000
-538.4689808253  3.1415926536  3.1415926536  0.0000000000  0.0000000000
-537.2123437639  3.1415926536  3.1415926536  0.0000000000  0.0000000000
-535.9557067024  3.1415926536  3.1415926536  0.0000000000  0.0000000000
-534.6990696410  3.1415926536  3.1415926536  0.0000000000  0.0000000000
-533.4424325795  3.1415926536  3.1415926536  0.0000000000  0.0000000000
-532.1857955181  3.1415926536  3.1415926536  0.0000000000  0.0000000000
-530.9291584567  3.1415926536  3.1415926536  0.0000000000  0.0000000000
-529.6725213952  3.1415926536  3.1415926536  0.0000000000  0.0000000000
-528.4158843338  3.1415926536  3.1415926536  0.0000000000  0.0000000000
-527.1592472724  3.1415926536  3.1415926536  0.0000000000  0.0000000000
-525.9026102109  3.1415926536  3.1415926536  0.0000000000  0.0000000000
-524.6459731495  3.1415926536  3.1415926536  0.0000000000  0.0000000000
-523.3893360881  3.1415926536  3.1415926536  0.0000000000  0.0000000000
-522.1326990266  3.1415926536  3.1415926536  0.0000000000  0.0000000000
-520.8760619652  3.1415926536  3.1415926536  0.0000000000  0.0000000000
-519.6194249038  3.1415926536  3.1415926536  0.0000000000  0.0000000000
-518.3627878423  3.1415926536  3.1415926536  0.0000000000  0.0000000000
-517.1061507809  3.1415926536  3.1415926536  0.0000000000  0.0000000000
-515.8495137194  3.1415926536  3.1415926536  0.0000000000  0.0000000000
-514.5928766580  3.1415926536  3.1415926536  0.0000000000  0.0000000000
-513.3362395966  3.1415926536  3.1415926536  0.0000000000  0.0000000000
-512.0796025351  3.1415926536  3.1415926536  0.0000000000  0.0000000000
-510.8229654737  3.1415926536  3.1415926536  0.0000000000  0.0000000000
-509.5663284123  3.1415926536  3.1415926536  0.0000000000  0.0000000000
-508.3096913508  3.1415926536  3.1415926536  0.0000000000  0.0000000000
-507.0530542894  3.1415926536  3.1415926536  0.0000000000  0.0000000000
-505.7964172280  3.1415926536  3.1415926536  0.0000000000  0.0000000000
-504.5397801665  3.1415926536  3.1415926536  0.0000000000  0.0000000000
-503.2831431051  3.1415926536  3.1415926536  0.0000000000  0.0000000000
-502.0265060436  3.1415926536  3.1415926536  0.0000000000  0.0000000000
-500.7698689822  3.1415926536  3.1415926536  0.0000000000  0.0000000000
-499.5132319208  3.1415926536  3.1415926536  0.0000000000  0.0000000000
-498.2565948593  3.1415926536  3.1415926536  0.0000000000  0.0000000000
-496.9999577979  3.1415926536  3.1415926536  0.0000000000  0.0000000000
-495.7433207365  3.1415926536  3.1415926536  0.0000000000  0.0000000000
-494.4866836750  3.1415926536  3.1415926536  0.0000000000  0.0000000000
-493.2300466136  3.1415926536  3.1415926536  0.0000000000  0.0000000000
-491.9734095522  3.1415926536  3.1415926536  0.0000000000  0.0000000000
-490.7167724907  3.1415926536  3.1415926536  0.0000000000  0.0000000000
-489.4601354293  3.1415926536  3.1415926536  0.0000000000  0.0000000000
-488.2034983679  3.1415926536  3.1415926536  0.0000000000  0.0000000000
-486.9468613064  3.1415926536  3.1415926536  0.0000000000  0.0000000000
-485.6902242450  3.1415926536  3.1415926536  0.0000000000  0.0000000000
-484.4335871835  3.1415926536  3.1415926536  0.0000000000  0.0000000000
-483.1769501221  3.1415926536  3.1415926536  0.0000000000  0.0000000000
-481.9203130607  3.1415926536  3.1415926536  0.0000000000  0.0000000000
-480.6636759992  3.1415926536  3.1415926536  0.0000000000  0.0000000000
-479.4070389378  3.1415926536  3.1415926536  0.0000000000  0.0000000000
-478.1504018764  3.1415926536  3.1415926536  0.0000000000  0.0000000000
-476.8937648149  3.1415926536  3.1415926536  0.0000000000  0.0000000000
-475.6371277535  3.1415926536  3.1415926536  0.0000000000  0.0000000000
-474.3804906921  3.1415926536  3.1415926536  0.0000000000  0.0000000000
-473.1238536306  3.1415926536  3.1415926536  0.0000000000  0.0000000000
-471.8672165692  3.1415926536  3.1415926536  0.0000000000  0.0000000000
-470.6105795078  3.1415926536  3.1415926536  0.0000000000  0.0000000000
-469.3539424463  3.1415926536  3.1415926536  0.0000000000  0.0000000000
-468.0973053849  3.1415926536  3.1415926536  0.0000000000  0.0000000000
-466.8406683234  3.1415926536  3.1415926536  0.0000000000  0.0000000000
-465.5840312620  3.1415926536  3.1415926536  0.0000000000  0.0000000000
-464.3273942006  3.1415926536  3.1415926536  0.0000000000  0.0000000000
-463.0707571391  3.1415926536  3.1415926536  0.0000000000  0.0000000000
-461.8141200777  3.1415926536  3.1415926536  0.0000000000  0.0000000000
-460.5574830163  3.1415926536  3.1415926536  0.0000000000  0.0000000000
-459.3008459548  3.1415926536  3.1415926536  0.0000000000  0.0000000000
-458.0442088934  3.1415926536  3.1415926536  0.0000000000  0.0000000000
-456.7875718320  3.1415926536  3.1415926536  0.0000000000  0.0000000000
-455.5309347705  3.1415926536  3.1415926536  0.0000000000  0.0000000000
-454.2742977091  3.1415926536  3.1415926536  0.0000000000  0.0000000000
-453.0176606476  3.1415926536  3.1415926536  0.0000000000  0.0000000000
-451.7610235862  3.1415926536  3.1415926536  0.0000000000  0.0000000000
-450.5043865248  3.1415926536  3.1415926536  0.0000000000  0.0000000000
-449.2477494633  3.1415926536  3.1415926536  0.0000000000  0.0000000000
-447.9911124019  3.1415926536  3.1415926536  0.0000000000  0.0000000000
-446.7344753405  3.1415926536  3.1415926536  0.0000000000  0.0000000000
-445.4778382790  3.1415926536  3.1415926536  0.0000000000  0.0000000000
-444.2212012176  3.1415926536  3.1415926536  0.0000000000  0.0000000000
-442.9645641562  3.1415926536  3.1415926536  0.0000000000  0.0000000000
-441.7079270947  3.1415926536  3.1415926536  0.0000000000  0.0000000000
-440.4512900333  3.1415926536  3.1415926536  0.0000000000  0.0000000000
-439.1946529719  3.1415926536  3.1415926536  0.0000000000  0.0000000000
-437.9380159104  3.1415926536  3.1415926536  0.0000000000  0.0000000000
-436.6813788490  3.1415926536  3.1415926536  0.0000000000  0.0000000000
-435.4247417875  3.1415926536  3.1415926536  0.0000000000  0.0000000000
-434.1681047261  3.1415926536  3.1415926536  0.0000000000  0.0000000000
-432.9114676647  3.1415926536  3.1415926536  0.0000000000  0.0000000000
-431.6548306032  3.1415926536  3.1415926536  0.0000000000  0.0000000000
-430.3981935418  3.1415926536  3.1415926536  0.0000000000  0.0000000000
-429.1415564804  3.1415926536  3.1415926536  0.0000000000  0.0000000000
-427.8849194189  3.1415926536  3.1415926536  0.0000000000  0.0000000000
-426.6282823575  3.1415926536  3.1415926536  0.0000000000  0.0000000000
-425.3716452961  3.1415926536  3.1415926536  0.0000000000  0.0000000000
-424.1150082346  3.1415926536  3.1415926536  0.0000000000  0.0000000000
-422.8583711732  3.1415926536  3.1415926536  0.0000000000  0.0000000000
-421.6017341118  3.1415926536  3.1415926536  0.0000000000  0.0000000000
-420.3450970503  3.1415926536  3.1415926536  0.0000000000  0.0000000000
-419.0884599889  3.1415926536  3.1415926536  0.0000000000  0.0000000000
-417.8318229274  3.1415926536  3.1415926536  0.0000000000  0.0000000000
-416.5751858660  3.1415926536  3.1415926536  0.0000000000  0.0000000000
-415.3185488046  3.1415926536  3.1415926536  0.0000000000  0.0000000000
-414.0619117431  3.1415926536  3.1415926536  0.0000000000  0.0000000000
-412.8052746817  3.1415926536  3.1415926536  0.0000000000  0.0000000000
-411.5486376203  3.1415926536  3.1415926536  0.0000000000  0.0000000000
-410.2920005588  3.1415926536  3.1415926536  0.0000000000  0.0000000000
-409.0353634974  3.1415926536  3.1415926536  0.0000000000  0.0000000000
-407.7787264360  3.1415926536  3.1415926536  0.0000000000  0.0000000000
-406.5220893745  3.1415926536  3.1415926536  0.0000000000  0.0000000000
-405.2654523131  3.1415926536  3.1415926536  0.0000000000  0.0000000000
-404.0088152516  3.1415926536  3.1415926536  0.0000000000  0.0000000000
-402.7521781902  3.1415926536  3.1415926536  0.0000000000  0.0000000000
-401.4955411288  3.1415926536  3.1415926536  0.0000000000  0.0000000000
-400.2389040673  3.1415926536  3.1415926536  0.0000000000  0.0000000000
-398.9822670059  3.1415926536  3.1415926536  0.0000000000  0.0000000000
-397.7256299445  3.1415926536  3.1415926536  0.0000000000  0.0000000000
-396.4689928830  3.1415926536  3.1415926536  0.0000000000  0.0000000000
-395.2123558216  3.1415926536  3.1415926536  0.0000000000  0.0000000000
-393.9557187602  3.1415926536  3.1415926536  0.0000000000  0.0000000000
-392.6990816987  3.1415926536  3.1415926536  0.0000000000  0.0000000000
-391.4424446373  3.1415926536  3.1415926536  0.0000000000  0.0000000000
-390.1858075759  3.1415926536  3.1415926536  0.0000000000  0.0000000000
-388.9291705144  3.1415926536  3.1415926536  0.0000000000  0.0000000000
-387.6725334530  3.1415926536  3.1415926536  0.0000000000  0.0000000000
-386.4158963915  3.1415926536  3.1415926536  0.0000000000  0.0000000000
-385.1592593301  3.1415926536  3.1415926536  0.0000000000  0.0000000000
-383.9026222687  3.1415926536  3.1415926536  0.0000000000  0.0000000000
-382.6459852072  3.1415926536  3.1415926536  0.0000000000  0.0000000000
-381.3893481458  3.1415926536  3.1415926536  0.0000000000  0.0000000000
-380.1327110844  3.1415926536  3.1415926536  0.0000000000  0.0000000000
-378.8760740229  3.1415926536  3.1415926536  0.0000000000  0.0000000000
-377.6194369615  3.1415926536  3.1415926536  0.0000000000  0.0000000000
-376.3627999001  3.1415926536  3.1415926536  0.0000000000  0.0000000000
-375.1061628386  3.1415926536  3.1415926536  0.0000000000  0.0000000000
-373.8495257772  3.1415926536  3.1415926536  0.0000000000  0.0000000000
-372.5928887157  3.1415926536  3.1415926536  0.0000000000  0.0000000000
-371.3362516543  3.1415926536  3.1415926536  0.0000000000  0.0000000000
-370.0796145929  3.1415926536  3.1415926536  0.0000000000  0.0000000000
-368.8229775314  3.1415926536  3.1415926536  0.0000000000  0.0000000000
-367.5663404700  3.1415926536  3.1415926536  0.0000000000  0.0000000000
-366.3097034086  3.1415926536  3.1415926536  0.0000000000  0.0000000000
-365.0530663471  3.1415926536  3.1415926536  0.0000000000  0.0000000000
-363.7964292857  3.1415926536  3.1415926536  0.0000000000  0.0000000000
-362.5397922243  3.1415926536  3.1415926536  0.0000000000  0.0000000000
-361.2831551628  3.1415926536  3.1415926536  0.0000000000  0.0000000000
-360.0265181014  3.1415926536  3.1415926536  0.0000000000  0.0000000000
-358.7698810400  3.1415926536  3.1415926536  0.0000000000  0.0000000000
-357.5132439785  3.1415926536  3.1415926536  0.0000000000  0.0000000000
-356.2566069171  3.1415926536  3.1415926536  0.0000000000  0.0000000000
-354.9999698556  3.1415926536  3.1415926536  0.0000000000  0.0000000000
-353.7433327942  3.1415926536  3.1415926536  0.0000000000  0.0000000000
-352.4866957328  3.1415926536  3.1415926536  0.0000000000  0.0000000000
-351.2300586713  3.1415926536  3.1415926536  0.0000000000  0.0000000000
-349.9734216099  3.1415926536  3.1415926536  0.0000000000  0.0000000000
-348.7167845485  3.1415926536  3.1415926536  0.0000000000  0.0000000000
-347.4601474870  3.1415926536  3.1415926536  0.0000000000  0.0000000000
-346.2035104256  3.1415926536  3.1415926536  0.0000000000  0.0000000000
-344.9468733642  3.1415926536  3.1415926536  0.0000000000  0.0000000000
-343.6902363027  3.1415926536  3.1415926536  0.0000000000  0.0000000000
-342.4335992413  3.1415926536  3.1415926536  0.0000000000  0.0000000000
-341.1769621799  3.1415926536  3.1415926536  0.0000000000  0.0000000000
-339.9203251184  3.1415926536  3.1415926536  0.0000000000  0.0000000000
-338.6636880570  3.1415926536  3.1415926536  0.0000000000  0.0000000000
-337.4070509955  3.1415926536  3.1415926536  0.0000000000  0.0000000000
-336.1504139341  3.1415926536  3.1415926536  0.0000000000  0.0000000000
-334.8937768727  3.1415926536  3.1415926536  0.0000000000  0.0000000000
-333.6371398112  3.1415926536  3.1415926536  0.0000000000  0.0000000000
-332.3805027498  3.1415926536  3.1415926536  0.0000000000  0.0000000000
-331.1238656884  3.1415926536  3.1415926536  0.0000000000  0.0000000000
-329.8672286269  3.1415926536  3.1415926536  0.0000000000  0.0000000000
-328.6105915655  3.1415926536  3.1415926536  0.0000000000  0.0000000000
-327.3539545041  3.1415926536  3.1415926536  0.0000000000  0.0000000000
-326.0973174426  3.1415926536  3.1415926536  0.0000000000  0.0000000000
-324.8406803812  3.1415926536  3.1415926536  0.0000000000  0.0000000000
-323.5840433197  3.1415926536  3.1415926536  0.0000000000  0.0000000000
-322.3274062583  3.1415926536  3.1415926536  0.0000000000  0.0000000000
-321.0707691969  3.1415926536  3.1415926536  0.0000000000  0.0000000000
-319.8141321354  3.1415926536  3.1415926536  0.0000000000  0.0000000000
-318.5574950740  3.1415926536  3.1415926536  0.0000000000  0.0000000000
-317.3008580126  3.1415926536  3.1415926536  0.0000000000  0.0000000000
-316.0442209511  3.1415926536  3.1415926536  0.0000000000  0.0000000000
-314.7875838897  3.1415926536  3.1415926536  0.0000000000  0.0000000000
-313.5309468283  3.1415926536  3.1415926536  0.0000000000  0.0000000000
-312.2743097668  3.1415926536  3.1415926536  0.0000000000  0.0000000000
-311.0176727054  3.1415926536  3.1415926536  0.0000000000  0.0000000000
-309.7610356440  3.1415926536  3.1415926536  0.0000000000  0.0000000000
-308.5043985825  3.1415926536  3.1415926536  0.0000000000  0.0000000000
-307.2477615211  3.1415926536  3.1415926536  0.0000000000  0.0000000000
-305.9911244596  3.1415926536  3.1415926536  0.0000000000  0.0000000000
-304.7344873982  3.1415926536  3.1415926536  0.0000000000  0.0000000000
-303.4778503368  3.1415926536  3.1415926536  0.0000000000  0.0000000000
-302.2212132753  3.1415926536  3.1415926536  0.0000000000  0.0000000000
-300.9645762139  3.1415926536  3.1415926536  0.0000000000  0.0000000000
-299.7079391525  3.1415926536  3.1415926536  0.0000000000  0.0000000000
-298.4513020910  3.1415926536  3.1415926536  0.0000000000  0.0000000000
-297.1946650296  3.1415926536  3.1415926536  0.0000000000  0.0000000000
-295.9380279682  3.1415926536  3.1415926536  0.0000000000  0.0000000000
-294.6813909067  3.1415926536  3.1415926536  0.0000000000  0.0000000000
-293.4247538453  3.1415926536  3.1415926536  0.0000000000  0.0000000000
-292.1681167839  3.1415926536  3.1415926536  0.0000000000  0.0000000000
-290.9114797224  3.1415926536  3.1415926536  0.0000000000  0.0000000000
-289.6548426610  3.1415926536  3.1415926536  0.0000000000  0.0000000000
-288.3982055995  3.1415926536  3.1415926536  0.0000000000  0.0000000000
-287.1415685381  3.1415926536  3.1415926536  0.0000000000  0.0000000000
-285.8849314767  3.1415926536  3.1415926536  0.0000000000  0.0000000000
-284.6282944152  3.1415926536  3.1415926536  0.0000000000  0.0000000000
-283.3716573538  3.1415926536  3.1415926536  0.0000000000  0.0000000000
-282.1150202924  3.1415926536  3.1415926536  0.0000000000  0.0000000000
-280.8583832309  3.1415926536  3.1415926536  0.0000000000  0.0000000000
-279.6017461695  3.1415926536  3.1415926536  0.0000000000  0.0000000000
-278.3451091081  3.1415926536  3.1415926536  0.0000000000  0.0000000000
-277.0884720466  3.1415926536  3.1415926536  0.0000000000  0.0000000000
-275.8318349852  3.1415926536  3.1415926536  0.0000000000  0.0000000000
-274.5751979237  3.1415926536  3.1415926536  0.0000000000  0.0000000000
-273.3185608623  3.1415926536  3.1415926536  0.0000000000  0.0000000000
-272.0619238009  3.1415926536  3.1415926536  0.0000000000  0.0000000000
-270.8052867394  3.1415926536  3.1415926536  0.0000000000  0.0000000000
-269.5486496780  3.1415926536  3.1415926536  0.0000000000  0.0000000000
-268.2920126166  3.1415926536  3.1415926536  0.0000000000  0.0000000000
-267.0353755551  3.1415926536  3.1415926536  0.0000000000  0.0000000000
-265.7787384937  3.1415926536  3.1415926536  0.0000000000  0.0000000000
-264.5221014323  3.1415926536  3.1415926536  0.0000000000  0.0000000000
-263.2654643708  3.1415926536  3.1415926536  0.0000000000  0.0000000000
-262.0088273094  3.1415926536  3.1415926536  0.0000000000  0.0000000000
-260.7521902480  3.1415926536  3.1415926536  0.0000000000  0.0000000000
-259.4955531865  3.1415926536  3.1415926536  0.0000000000  0.0000000000
-258.2389161251  3.1415926536  3.1415926536  0.0000000000  0.0000000000
-256.9822790636  3.1415926536  3.1415926536  0.0000000000  0.0000000000
-255.7256420022  3.1415926536  3.1415926536  0.0000000000  0.0000000000
-254.4690049408  3.1415926536  3.1415926536  0.0000000000  0.0000000000
-253.2123678793  3.1415926536  3.1415926536  0.0000000000  0.0000000000
-251.9557308179  3.1415926536  3.1415926536  0.0000000000  0.0000000000
-250.6990937565  3.1415926536  3.1415926536  0.0000000000  0.0000000000
-249.4424566950  3.1415926536  3.1415926536  0.0000000000  0.0000000000
-248.1858196336  3.1415926536  3.1415926536  0.0000000000  0.0000000000
-246.9291825722  3.1415926536  3.1415926536  0.0000000000  0.0000000000
-245.6725455107  3.1415926536  3.1415926536  0.0000000000  0.0000000000
-244.4159084493  3.1415926536  3.1415926536  0.0000000000  0.0000000000
-243.1592713878  3.1415926536  3.1415926536  0.0000000000  0.0000000000
-241.9026343264  3.1415926536  3.1415926536  0.0000000000  0.0000000000
-240.6459972650  3.1415926536  3.1415926536  0.0000000000  0.0000000000
-239.3893602035  3.1415926536  3.1415926536  0.0000000000  0.0000000000
-238.1327231421  3.1415926536  3.1415926536  0.0000000000  0.0000000000
-236.8760860807  3.1415926536  3.1415926536  0.0000000000  0.0000000000
-235.6194490192  3.1415926536  3.1415926536  0.0000000000  0.0000000000
-234.3628119578  3.1415926536  3.1415926536  0.0000000000  0.0000000000
-233.1061748964  3.1415926536  3.1415926536  0.0000000000  0.0000000000
-231.8495378349  3.1415926536  3.1415926536  0.0000000000  0.0000000000
-230.5929007735  3.1415926536  3.1415926536  0.0000000000  0.0000000000
-229.3362637121  3.1415926536  3.1415926536  0.0000000000  0.0000000000
-228.0796266506  3.1415926536  3.1415926536  0.0000000000  0.0000000000
-226.8229895892  3.1415926536  3.1415926536  0.0000000000  0.0000000000
-225.5663525277  3.1415926536  3.1415926536  0.0000000000  0.0000000000
-224.3097154663  3.1415926536  3.1415926536  0.0000000000  0.0000000000
-223.0530784049  3.1415926536  3.1415926536  0.0000000000  0.0000000000
-221.7964413434  3.1415926536  3.1415926536  0.0000000000  0.0000000000
-220.5398042820  3.1415926536  3.1415926536  0.0000000000  0.0000000000
-219.2831672206  3.1415926536  3.1415926536  0.0000000000  0.0000000000
-218.0265301591  3.1415926536  3.1415926536  0.0000000000  0.0000000000
-216.7698930977  3.1415926536  3.1415926536  0.0000000000  0.0000000000
-215.5132560363  3.1415926536  3.1415926536  0.0000000000  0.0000000000
-214.2566189748  3.1415926536  3.1415926536  0.0000000000  0.0000000000
-212.9999819134  3.1415926536  3.1415926536  0.0000000000  0.0000000000
-211.7433448520  3.1415926536  3.1415926536  0.0000000000  0.0000000000
-210.4867077905  3.1415926536  3.1415926536  0.0000000000  0.0000000000
-209.2300707291  3.1415926536  3.1415926536  0.0000000000  0.0000000000
-207.9734336676  3.1415926536  3.1415926536  0.0000000000  0.0000000000
-206.7167966062  3.1415926536  3.1415926536  0.0000000000  0.0000000000
-205.4601595448  3.1415926536  3.1415926536  0.0000000000  0.0000000000
-204.2035224833  3.1415926536  3.1415926536  0.0000000000  0.0000000000
-202.9468854219  3.1415926536  3.1415926536  0.0000000000  0.0000000000
-201.6902483605  3.1415926536  3.1415926536  0.0000000000  0.0000000000
-200.4336112990  3.1415926536  3.1415926536  0.0000000000  0.0000000000
-199.1769742376  3.1415926536  3.1415926536  0.0000000000  0.0000000000
-197.9203371762  3.1415926536  3.1415926536  0.0000000000  0.0000000000
-196.6637001147  3.1415926536  3.1415926536  0.0000000000  0.0000000000
-195.4070630533  3.1415926536  3.1415926536  0.0000000000  0.0000000000
-194.1504259918  3.1415926536  3.1415926536  0.0000000000  0.0000000000
-192.8937889304  3.1415926536  3.1415926536  0.0000000000  0.0000000000
-191.6371518690  3.1415926536  3.1415926536  0.0000000000  0.0000000000
-190.3805148075  3.1415926536  3.1415926536  0.0000000000  0.0000000000
-189.1238777461  3.1415926536  3.1415926536  0.0000000000  0.0000000000
-187.8672406847  3.1415926536  3.1415926536  0.0000000000  0.0000000000
-186.6106036232  3.1415926536  3.1415926536  0.0000000000  0.0000000000
-185.3539665618  3.1415926536  3.1415926536  0.0000000000  0.0000000000
-184.0973295004  3.1415926536  3.1415926536  0.0000000000  0.0000000000
-182.8406924389  3.1415926536  3.1415926536  0.0000000000  0.0000000000
-181.5840553775  3.1415926536  3.1415926536  0.0000000000  0.0000000000
-180.3274183161  3.1415926536  3.1415926536  0.0000000000  0.0000000000
-179.0707812546  3.1415926536  3.1415926536  0.0000000000  0.0000000000
-177.8141441932  3.1415926536  3.1415926536  0.0000000000  0.0000000000
-176.5575071317  3.1415926536  3.1415926536  0.0000000000  0.0000000000
-175.3008700703  3.1415926536  3.1415926536  0.0000000000  0.0000000000
-174.0442330089  3.1415926536  3.1415926536  0.0000000000  0.0000000000
-172.7875959474  3.1415926536  3.1415926536  0.0000000000  0.0000000000
-171.5309588860  3.1415926536  3.1415926536  0.0000000000  0.0000000000
-170.2743218246  3.1415926536  3.1415926536  0.0000000000  0.0000000000
-169.0176847631  3.1415926536  3.1415926536  0.0000000000  0.0000000000
-167.7610477017  3.1415926536  3.1415926536  0.0000000000  0.0000000000
-166.5044106403  3.1415926536  3.1415926536  0.0000000000  0.0000000000
-165.2477735788  3.1415926536  3.1415926536  0.0000000000  0.0000000000
-163.9911365174  3.1415926536  3.1415926536  0.0000000000  0.0000000000
-162.7344994560  3.1415926536  3.1415926536  0.0000000000  0.0000000000
-161.4778623945  3.1415926536  3.1415926536  0.0000000000  0.0000000000
-160.2212253331  3.1415926536  3.1415926536  0.0000000000  0.0000000000
-158.9645882716  3.1415926536  3.1415926536  0.0000000000  0.0000000000
-157.7079512102  3.1415926536  3.1415926536  0.0000000000  0.0000000000
-156.4513141488  3.1415926536  3.1415926536  0.0000000000  0.0000000000
-155.1946770873  3.1415926536  3.1415926536  0.0000000000  0.0000000000
-153.9380400259  3.1415926536  3.1415926536  0.0000000000  0.0000000000
-152.6814029645  3.1415926536  3.1415926536  0.0000000000  0.0000000000
-151.4247659030  3.1415926536  3.1415926536  0.0000000000  0.0000000000
-150.1681288416  3.1415926536  3.1415926536  0.0000000000  0.0000000000
-148.9114917802  3.1415926536  3.1415926536  0.0000000000  0.0000000000
-147.6548547187  3.1415926536  3.1415926536  0.0000000000  0.0000000000
-146.3982176573  3.1415926536  3.1415926536  0.0000000000  0.0000000000
-145.1415805958  3.1415926536  3.1415926536  0.0000000000  0.0000000000
-143.8849435344  3.1415926536  3.1415926536  0.0000000000  0.0000000000
-142.6283064730  3.1415926536  3.1415926536  0.0000000000  0.0000000000
-141.3716694115  3.1415926536  3.1415926536  0.0000000000  0.0000000000
-140.1150323501  3.1415926536  3.1415926536  0.0000000000  0.0000000000
-138.8583952887  3.1415926536  3.1415926536  0.0000000000  0.0000000000
-137.6017582272  3.1415926536  3.1415926536  0.0000000000  0.0000000000
-136.3451211658  3.1415926536  3.1415926536  0.0000000000  0.0000000000
-135.0884841044  3.1415926536  3.1415926536  0.0000000000  0.0000000000
-133.8318470429  3.1415926536  3.1415926536  0.0000000000  0.0000000000
-132.5752099815  3.1415926536  3.1415926536  0.0000000000  0.0000000000
-131.3185729201  3.1415926536  3.1415926536  0.0000000000  0.0000000000
-130.0619358586  3.1415926536  3.1415926536  0.0000000000  0.0000000000
-128.8052987972  3.1415926536  3.1415926536  0.0000000000  0.0000000000
-127.5486617357  3.1415926536  3.1415926536  0.0000000000  0.0000000000
-126.2920246743  3.1415926536  3.1415926536  0.0000000000  0.0000000000
-125.0353876129  3.1415926536  3.1415926536  0.0000000000  0.0000000000
-123.7787505514  3.1415926536  3.1415926536  0.0000000000  0.0000000000
-122.5221134900  3.1415926536  3.1415926536  0.0000000000  0.0000000000
-121.2654764286  3.1415926536  3.1415926536  0.0000000000  0.0000000000
-120.0088393671  3.1415926536  3.1415926536  0.0000000000  0.0000000000
-118.7522023057  3.1415926536  3.1415926536  0.0000000000  0.0000000000
-117.4955652443  3.1415926536  3.1415926536  0.0000000000  0.0000000000
-116.2389281828  3.1415926536  3.1415926536  0.0000000000  0.0000000000
-114.9822911214  3.1415926536  3.1415926536  0.0000000000  0.0000000000
-113.7256540600  3.1415926536  3.1415926536  0.0000000000  0.0000000000
-112.4690169985  3.1415926536  3.1415926536  0.0000000000  0.0000000000
-111.2123799371  3.1415926536  3.1415926536  0.0000000000  0.0000000000
-109.9557428756  3.1415926536  3.1415926536  0.0000000000  0.0000000000
-108.6991058142  3.1415926536  3.1415926536  0.0000000000  0.0000000000
-107.4424687528  3.1415926536  3.1415926536  0.0000000000  0.0000000000
-106.1858316913  3.1415926536  3.1415926536  0.0000000000  0.0000000000
-104.9291946299  3.1415926536  3.1415926536  0.0000000000  0.0000000000
-103.6725575685  3.1415926536  3.1415926536  0.0000000000  0.0000000000
-102.4159205070  3.1415926536  3.1415926536  0.0000000000  0.0000000000
-101.1592834456  3.1415926536  3.1415926536  0.0000000000  0.0000000000
-99.9026463842  3.1415926536  3.1415926536  0.0000000000  0.0000000000
-98.6460093227  3.1415926536  3.1415926536  0.0000000000  0.0000000000
-97.3893722613  3.1415926536  3.1415926536  0.0000000000  0.0000000000
-96.1327351998  3.1415926536  3.1415926536  0.0000000000  0.0000000000
-94.8760981384  3.1415926536  3.1415926536  0.0000000000  0.0000000000
-93.6194610770  3.1415926536  3.1415926536  0.0000000000  0.0000000000
-92.3628240155  3.1415926536  3.1415926536  0.0000000000  0.0000000000
-91.1061869541  3.1415926536  3.1415926536  0.0000000000  0.0000000000
-89.8495498927  3.1415926536  3.1415926536  0.0000000000  0.0000000000
-88.5929128312  3.1415926536  3.1415926536  0.0000000000  0.0000000000
-87.3362757698  3.1415926536  3.1415926536  0.0000000000  0.0000000000
-86.0796387084  3.1415926536  3.1415926536  0.0000000000  0.0000000000
-84.8230016469  3.1415926536  3.1415926536  0.0000000000  0.0000000000
-83.5663645855  3.1415926536  3.1415926536  0.0000000000  0.0000000000
-82.3097275241  3.1415926536  3.1415926536  0.0000000000  0.0000000000
-81.0530904626  3.1415926536  3.1415926536  0.0000000000  0.0000000000
-79.7964534012  3.1415926536  3.1415926536  0.0000000000  0.0000000000
-78.5398163397  3.1415926536  3.1415926536  0.0000000000  0.0000000000
-77.2831792783  3.1415926536  3.1415926536  0.0000000000  0.0000000000
-76.0265422169  3.1415926536  3.1415926536  0.0000000000  0.0000000000
-74.7699051554  3.1415926536  3.1415926536  0.0000000000  0.0000000000
-73.5132680940  3.1415926536  3.1415926536  0.0000000000  0.0000000000
-72.2566310326  3.1415926536  3.1415926536  0.0000000000  0.0000000000
-70.9999939711  3.1415926536  3.1415926536  0.0000000000  0.0000000000
-69.7433569097  3.1415926536  3.1415926536  0.0000000000  0.0000000000
-68.4867198483  3.1415926536  3.1415926536  0.0000000000  0.0000000000
-67.2300827868  3.1415926536  3.1415926536  0.0000000000  0.0000000000
-65.9734457254  3.1415926536  3.1415926536  0.0000000000  0.0000000000
-64.7168086639  3.1415926536  3.1415926536  0.0000000000  0.0000000000
-63.4601716025  3.1415926536  3.1415926536  0.0000000000  0.0000000000
-62.2035345411  3.1415926536  3.1415926536  0.0000000000  0.0000000000
-60.9468974796  3.1415926536  3.1415926536  0.0000000000  0.0000000000
-59.6902604182  3.1415926536  3.1415926536  0.0000000000  0.0000000000
-58.4336233568  3.1415926536  3.1415926536  0.0000000000  0.0000000000
-57.1769862953  3.1415926536  3.1415926536  0.0000000000  0.0000000000
-55.9203492339  3.1415926536  3.1415926536  0.0000000000  0.0000000000
-54.6637121725  3.1415926536  3.1415926536  0.0000000000  0.0000000000
-53.4070751110  3.1415926536  3.1415926536  0.0000000000  0.0000000000
-52.1504380496  3.1415926536  3.1415926536  0.0000000000  0.0000000000
-50.8938009882  3.1415926536  3.1415926536  0.0000000000  0.0000000000
-49.6371639267  3.1415926536  3.1415926536  0.0000000000  0.0000000000
-48.3805268653  3.1415926536  3.1415926536  0.0000000000  0.0000000000
-47.1238898038  3.1415926536  3.1415926536  0.0000000000  0.0000000000
-45.8672527424  3.1415926536  3.1415926536  0.0000000000  0.0000000000
-44.6106156810  3.1415926536  3.1415926536  0.0000000000  0.0000000000
-43.3539786195  3.1415926536  3.1415926536  0.0000000000  0.0000000000
-42.0973415581  3.1415926536  3.1415926536  0.0000000000  0.0000000000
-40.8407044967  3.1415926536  3.1415926536  0.0000000000  0.0000000000
-39.5840674352  3.1415926536  3.1415926536  0.0000000000  0.0000000000
-38.3274303738  3.1415926536  3.1415926536  0.0000000000  0.0000000000
-37.0707933124  3.1415926536  3.1415926536  0.0000000000  0.0000000000
-35.8141562509  3.1415926536  3.1415926536  0.0000000000  0.0000000000
-34.5575191895  3.1415926536  3.1415926536  0.0000000000  0.0000000000
-33.3008821281  3.1415926536  3.1415926536  0.0000000000  0.0000000000
-32.0442450666  3.1415926536  3.1415926536  0.0000000000  0.0000000000
-30.7876080052  3.1415926536  3.1415926536  0.0000000000  0.0000000000
-29.5309709437  3.1415926536  3.1415926536  0.0000000000  0.0000000000
-28.2743338823  3.1415926536  3.1415926536  0.0000000000  0.0000000000
-27.0176968209  3.1415926536  3.1415926536  0.0000000000  0.0000000000
-25.7610597594  3.1415926536  3.1415926536  0.0000000000  0.0000000000
-24.5044226980  3.1415926536  3.1415926536  0.0000000000  0.0000000000
-23.2477856366  3.1415926536  3.1415926536  0.0000000000  0.0000000000
-21.9911485751  3.1415926536  3.1415926536  0.0000000000  0.0000000000
-20.7345115137  3.1415926536  3.1415926536  0.0000000000  0.0000000000
-19.4778744523  3.1415926536  3.1415926536  0.0000000000  0.0000000000
-18.2212373908  3.1415926536  3.1415926536  0.0000000000  0.0000000000
-16.9646003294  3.1415926536  3.1415926536  0.0000000000  0.0000000000
-15.7079632679  3.1415926536  3.1415926536  0.0000000000  0.0000000000
-14.4513262065  3.1415926536  3.1415926536  0.0000000000  0.0000000000
-13.1946891451  3.1415926536  3.1415926536  0.0000000000  0.0000000000
-11.9380520836  3.1415926536  3.1415926536  0.0000000000  0.0000000000
-10.6814150222  3.1415926536  3.1415926536  0.0000000000  0.0000000000
-9.4247779608  3.1415926536  3.1415926536  0.0000000000  0.0000000000
-8.1681408993  3.1415926536  3.1415926536  0.0000000000  0.0000000000
-6.9115038379  3.1415926536  3.1415926536  0.0000000000  0.0000000000
-5.6548667765  3.1415926536  3.1415926536  0.0000000000  0.0000000000
-4.3982297150  3.1415926536  3.1415926536  0.0000000000  0.0000000000
-3.1415926536  3.1415926536  3.1415926536  0.0000000000  0.0000000000
-1.8849555922  3.1415926536  3.1415926536  0.0000000000  -82434.0117493876
-0.6283185307  3.1415926536  3.1415926536  275617.1946011852  0.0000000000
0.6283185307  3.1415926536  3.1415926536  0.7314129107  -0.4804518873
1.8849555922  3.1415926536  3.1415926536  0.2141613928  -0.4217831258
3.1415926536  3.1415926536  3.1415926536  0.0888657033  -0.2916994425
4.3982297150  3.1415926536  3.1415926536  0.0471285434  -0.2173698852
5.6548667765  3.1415926536  3.1415926536  0.0289414775  -0.1717917976
6.9115038379  3.1415926536  3.1415926536  0.0195695125  -0.1418460893
8.1681408993  3.1415926536  3.1415926536  0.0141145796  -0.1206777673
9.4247779608  3.1415926536  3.1415926536  0.0106524617  -0.1049368660
10.6814150222  3.1415926536  3.1415926536  0.0083155726  -0.0927954447
11.9380520836  3.1415926536  3.1415926536  0.0066645749  -0.0831582744
13.1946891451  3.1415926536  3.1415926536  0.0054561160  -0.0753283275
14.4513262065  3.1415926536  3.1415926536  0.0045459713  -0.0688426489
15.7079632679  3.1415926536  3.1415926536  0.0038440998  -0.0633829418
16.9646003294  3.1415926536  3.1415926536  0.0032919118  -0.0587237314
18.2212373908  3.1415926536  3.1415926536  0.0028499644  -0.0547010426
19.4778744523  3.1415926536  3.1415926536  0.0024909338  -0.0511928346
20.7345115137  3.1415926536  3.1415926536  0.0021954216  -0.0481064123
21.9911485751  3.1415926536  3.1415926536  0.0019493582  -0.0453701008
23.2477856366  3.1415926536  3.1415926536  0.0017423454  -0.0429276008
24.5044226980  3.1415926536  3.1415926536  0.0015665688  -0.0407340700
25.7610597594  3.1415926536  3.1415926536  0.0014160669  -0.0387533470
27.0176968209  3.1415926536  3.1415926536  0.0012862303  -0.0369559461
28.2743338823  3.1415926536  3.1415926536  0.0011734506  -0.0353175837
29.5309709437  3.1415926536  3.1415926536  0.0010748717  -0.0338180798
30.7876080052  3.1415926536  3.1415926536  0.0009882095  -0.0324405263
32.0442450666  3.1415926536  3.1415926536  0.0009116206  -0.0311706497
33.3008821281  3.1415926536  3.1415926536  0.0008436036  -0.0299963180
34.5575191895  3.1415926536  3.1415926536  0.0007829266  -0.0289071534
35.8141562509  3.1415926536  3.1415926536  0.0007285708  -0.0278942267
37.0707933124  3.1415926536  3.1415926536  0.0006796881  -0.0269498136
38.3274303738  3.1415926536  3.1415926536  0.0006355678  -0.0260671977
39.5840674352  3.1415926536  3.1415926536  0.0005956108  -0.0252405119
40.8407044967  3.1415926536  3.1415926536  0.0005593094  -0.0244646084
42.0973415581  3.1415926536  3.1415926536  0.0005262308  -0.0237349514
43.3539786195  3.1415926536  3.1415926536  0.0004960044  -0.0230475294
44.6106156810  3.1415926536  3.1415926536  0.0004683114  -0.0223987813
45.8672527424  3.1415926536  3.1415926536  0.0004428765  -0.0217855351
47.1238898038  3.1415926536  3.1415926536  0.0004194604  -0.0212049562
48.3805268653  3.1415926536  3.1415926536  0.0003978549  -0.0206545037
49.6371639267  3.1415926536  3.1415926536  0.0003778781  -0.0201318933
50.8938009882  3.1415926536  3.1415926536  0.0003593702  -0.0196350659
52.1504380496  3.1415926536  3.1415926536  0.0003421905  -0.0191621605
53.4070751110  3.1415926536  3.1415926536  0.0003262149  -0.0187114906
54.6637121725  3.1415926536  3.1415926536  0.0003113333  -0.0182815249
55.9203492339  3.1415926536  3.1415926536  0.0002974482  -0.0178708691
57.1769862953  3.1415926536  3.1415926536  0.0002844723  -0.0174782515
58.4336233568  3.1415926536  3.1415926536  0.0002723279  -0.0171025096
59.6902604182  3.1415926536  3.1415926536  0.0002609456  -0.0167425786
60.9468974796  3.1415926536  3.1415926536  0.0002502627  -0.0163974815
62.2035345411  3.1415926536  3.1415926536  0.0002402231  -0.0160663200
63.4601716025  3.1415926536  3.1415926536  0.0002307762  -0.0157482670
64.7168086639  3.1415926536  3.1415926536  0.0002218762  -0.0154425594
65.9734457254  3.1415926536  3.1415926536  0.0002134815  -0.0151484923
67.2300827868  3.1415926536  3.1415926536  0.0002055548  -0.0148654135
68.4867198483  3.1415926536  3.1415926536  0.0001980617  -0.0145927185
69.7433569097  3.1415926536  3.1415926536  0.0001909713  -0.0143298464
70.9999939711  3.1415926536  3.1415926536  0.0001842552  -0.0140762759
72.2566310326  3.1415926536  3.1415926536  0.0001778874  -0.0138315220
73.5132680940  3.1415926536  3.1415926536  0.0001718443  -0.0135951328
74.7699051554  3.1415926536  3.1415926536  0.0001661042  -0.0133666869
76.0265422169  3.1415926536  3.1415926536  0.0001606471  -0.0131457904
77.2831792783  3.1415926536  3.1415926536  0.0001554547  -0.0129320753
78.5398163397  3.1415926536  3.1415926536  0.0001505102  -0.0127251971
79.7964534012  3.1415926536  3.1415926536  0.0001457980  -0.0125248329
81.0530904626  3.1415926536  3.1415926536  0.0001413038  -0.0123306799
82.3097275241  3.1415926536  3.1415926536  0.0001370144  -0.0121424537
83.5663645855  3.1415926536  3.1415926536  0.0001329174  -0.0119598869
84.8230016469  3.1415926536  3.1415926536  0.0001290016  -0.0117827283
86.0796387084  3.1415926536  3.1415926536  0.0001252564  -0.0116107410
87.3362757698  3.1415926536  3.1415926536  0.0001216720  -0.0114437018
88.5929128312  3.1415926536  3.1415926536  0.0001182394  -0.0112814003
89.8495498927  3.1415926536  3.1415926536  0.0001149501  -0.0111236378
91.1061869541  3.1415926536  3.1415926536  0.0001117962  -0.0109702265
92.3628240155  3.1415926536  3.1415926536  0.0001087704  -0.0108209888
93.6194610770  3.1415926536  3.1415926536  0.0001058658  -0.0106757568
94.8760981384  3.1415926536  3.1415926536  0.0001030761  -0.0105343712
96.1327351998  3.1415926536  3.1415926536  0.0001003953  -0.0103966814
97.3893722613  3.1415926536  3.1415926536  0.0000978178  -0.0102625442
98.6460093227  3.1415926536  3.1415926536  0.0000953383  -0.0101318240
99.9026463842  3.1415926536  3.1415926536  0.0000929519  -0.0100043919
101.1592834456  3.1415926536  3.1415926536  0.0000906541  -0.0098801252
102.4159205070  3.1415926536  3.1415926536  0.0000884404  -0.0097589076
103.6725575685  3.1415926536  3.1415926536  0.0000863069  -0.0096406282
104.9291946299  3.1415926536  3.1415926536  0.0000842497  -0.0095251814
106.1858316913  3.1415926536  3.1415926536  0.0000822652  -0.0094124667
107.4424687528  3.1415926536  3.1415926536  0.0000803500  -0.0093023882
108.6991058142  3.1415926536  3.1415926536  0.0000785010  -0.0091948546
109.9557428756  3.1415926536  3.1415926536  0.0000767151  -0.0090897786
111.2123799371  3.1415926536  3.1415926536  0.0000749894  -0.0089870769
112.4690169985  3.1415926536  3.1415926536  0.0000733214  -0.0088866699
113.7256540600  3.1415926536  3.1415926536  0.0000717084  -0.0087884816
114.9822911214  3.1415926536  3.1415926536  0.0000701480  -0.0086924393
116.2389281828  3.1415926536  3.1415926536  0.0000686381  -0.0085984733
117.4955652443  3.1415926536  3.1415926536  0.0000671764  -0.0085065171
118.7522023057  3.1415926536  3.1415926536  0.0000657609  -0.0084165068
120.0088393671  3.1415926536  3.1415926536  0.0000643897  -0.0083283814
121.2654764286  3.1415926536  3.1415926536  0.0000630610  -0.0082420822
122.5221134900  3.1415926536  3.1415926536  0.0000617730  -0.0081575531
123.7787505514  3.1415926536  3.1415926536  0.0000605240  -0.0080747402
125.0353876129  3.1415926536  3.1415926536  0.0000593126  -0.0079935916
126.2920246743  3.1415926536  3.1415926536  0.0000581372  -0.0079140579
127.5486617357  3.1415926536  3.1415926536  0.0000569963  -0.0078360911
128.8052987972  3.1415926536  3.1415926536  0.0000558888  -0.0077596456
130.0619358586  3.1415926536  3.1415926536  0.0000548132  -0.0076846771
131.3185729201  3.1415926536  3.1415926536  0.0000537684  -0.0076111433
132.5752099815  3.1415926536  3.1415926536  0.0000527532  -0.0075390034
133.8318470429  3.1415926536  3.1415926536  0.0000517665  -0.0074682181
135.0884841044  3.1415926536  3.1415926536  0.0000508072  -0.0073987497
136.3451211658  3.1415926536  3.1415926536  0.0000498743  -0.0073305616
137.6017582272  3.1415926536  3.1415926536  0.0000489669  -0.0072636190
138.8583952887  3.1415926536  3.1415926536  0.0000480840  -0.0071978879
140.1150323501  3.1415926536  3.1415926536  0.0000472248  -0.0071333357
141.3716694115  3.1415926536  3.1415926536  0.0000463885  -0.0070699310
142.6283064730  3.1415926536  3.1415926536  0.0000455741  -0.0070076436
143.8849435344  3.1415926536  3.1415926536  0.0000447811  -0.0069464440
145.1415805958  3.1415926536  3.1415926536  0.0000440085  -0.0068863041
146.3982176573  3.1415926536  3.1415926536  0.0000432558  -0.0068271966
147.6548547187  3.1415926536  3.1415926536  0.0000425222  -0.0067690951
148.9114917802  3.1415926536  3.1415926536  0.0000418072  -0.0067119742
150.1681288416  3.1415926536  3.1415926536  0.0000411100  -0.0066558092
151.4247659030  3.1415926536  3.1415926536  0.0000404301  -0.0066005763
152.6814029645  3.1415926536  3.1415926536  0.0000397670  -0.0065462526
153.9380400259  3.1415926536  3.1415926536  0.0000391200  -0.0064928158
155.1946770873  3.1415926536  3.1415926536  0.0000384887  -0.0064402442
156.4513141488  3.1415926536  3.1415926536  0.0000378726  -0.0063885172
157.7079512102  3.1415926536  3.1415926536  0.0000372711  -0.0063376144
158.9645882716  3.1415926536  3.1415926536  0.0000366839  -0.0062875164
160.2212253331  3.1415926536  3.1415926536  0.0000361104  -0.0062382042
161.4778623945  3.1415926536  3.1415926536  0.0000355503  -0.0061896594
162.7344994560  3.1415926536  3.1415926536  0.0000350031  -0.0061418644
163.9911365174  3.1415926536  3.1415926536  0.0000344685  -0.0060948018
165.2477735788  3.1415926536  3.1415926536  0.0000339460  -0.0060484549
166.5044106403  3.1415926536  3.1415926536  0.0000334353  -0.0060028076
167.7610477017  3.1415926536  3.1415926536  0.0000329360  -0.0059578441
169.0176847631  3.1415926536  3.1415926536  0.0000324479  -0.0059135492
170.2743218246  3.1415926536  3.1415926536  0.0000319705  -0.0058699080
171.5309588860  3.1415926536  3.1415926536  0.0000315036  -0.0058269063
172.7875959474  3.1415926536  3.1415926536  0.0000310468  -0.0057845300
174.0442330089  3.1415926536  3.1415926536  0.0000305999  -0.0057427656
175.3008700703  3.1415926536  3.1415926536  0.0000301626  -0.0057016000
176.5575071317  3.1415926536  3.1415926536  0.0000297346  -0.0056610203
177.8141441932  3.1415926536  3.1415926536  0.0000293156  -0.0056210141
179.0707812546  3.1415926536  3.1415926536  0.0000289054  -0.0055815694
180.3274183161  3.1415926536  3.1415926536  0.0000285038  -0.0055426745
181.5840553775  3.1415926536  3.1415926536  0.0000281105  -0.0055043179
182.8406924389  3.1415926536  3.1415926536  0.0000277253  -0.0054664885
184.0973295004  3.1415926536  3.1415926536  0.0000273479  -0.0054291755
185.3539665618  3.1415926536  3.1415926536  0.0000269782  -0.0053923684
186.6106036232  3.1415926536  3.1415926536  0.0000266160  -0.0053560570
187.8672406847  3.1415926536  3.1415926536  0.0000262610  -0.0053202314
189.1238777461  3.1415926536  3.1415926536  0.0000259130  -0.0052848819
190.3805148075  3.1415926536  3.1415926536  0.0000255719  -0.0052499990
191.6371518690  3.1415926536  3.1415926536  0.0000252375  -0.0052155735
192.8937889304  3.1415926536  3.1415926536  0.0000249097  -0.0051815966
194.1504259918  3.1415926536  3.1415926536  0.0000245882  -0.0051480595
195.4070630533  3.1415926536  3.1415926536  0.0000242728  -0.0051149537
196.6637001147  3.1415926536  3.1415926536  0.0000239635  -0.0050822710
197.9203371762  3.1415926536  3.1415926536  0.0000236601  -0.0050500033
199.1769742376  3.1415926536  3.1415926536  0.0000233624  -0.0050181428
200.4336112990  3.1415926536  3.1415926536  0.0000230702  -0.0049866817
201.6902483605  3.1415926536  3.1415926536  0.0000227836  -0.0049556127
202.9468854219  3.1415926536  3.1415926536  0.0000225022  -0.0049249284
204.2035224833  3.1415926536  3.1415926536  0.0000222260  -0.0048946218
205.4601595448  3.1415926536  3.1415926536  0.0000219549  -0.0048646858
206.7167966062  3.1415926536  3.1415926536  0.0000216887  -0.0048351138
207.9734336676  3.1415926536  3.1415926536  0.0000214273  -0.0048058992
209.2300707291  3.1415926536  3.1415926536  0.0000211706  -0.0047770355
210.4867077905  3.1415926536  3.1415926536  0.0000209185  -0.0047485164
211.7433448520  3.1415926536  3.1415926536  0.0000206709  -0.0047203358
212.9999819134  3.1415926536  3.1415926536  0.0000204276  -0.0046924878
214.2566189748  3.1415926536  3.1415926536  0.0000201886  -0.0046649663
215.5132560363  3.1415926536  3.1415926536  0.0000199538  -0.0046377658
216.7698930977  3.1415926536  3.1415926536  0.0000197231  -0.0046108807
218.0265301591  3.1415926536  3.1415926536  0.0000194963  -0.0045843055
219.2831672206  3.1415926536  3.1415926536  0.0000192735  -0.0045580349
220.5398042820  3.1415926536  3.1415926536  0.0000190544  -0.0045320636
221.7964413434  3.1415926536  3.1415926536  0.0000188390  -0.0045063866
223.0530784049  3.1415926536  3.1415926536  0.0000186273  -0.0044809989
224.3097154663  3.1415926536  3.1415926536  0.0000184191  -0.0044558957
225.5663525277  3.1415926536  3.1415926536  0.0000182144  -0.0044310722
226.8229895892  3.1415926536  3.1415926536  0.0000180131  -0.0044065237
228.0796266506  3.1415926536  3.1415926536  0.0000178151  -0.0043822457
229.3362637121  3.1415926536  3.1415926536  0.0000176203  -0.0043582338
230.5929007735  3.1415926536  3.1415926536  0.0000174288  -0.0043344836
231.8495378349  3.1415926536  3.1415926536  0.0000172403  -0.0043109908
233.1061748964  3.1415926536  3.1415926536  0.0000170549  -0.0042877513
234.3628119578  3.1415926536  3.1415926536  0.0000168724  -0.0042647610
235.6194490192  3.1415926536  3.1415926536  0.0000166929  -0.0042420160
236.8760860807  3.1415926536  3.1415926536  0.0000165162  -0.0042195122
238.1327231421  3.1415926536  3.1415926536  0.0000163423  -0.0041972460
239.3893602035  3.1415926536  3.1415926536  0.0000161712  -0.0041752135
240.6459972650  3.1415926536  3.1415926536  0.0000160027  -0.0041534112
241.9026343264  3.1415926536  3.1415926536  0.0000158368  -0.0041318353
243.1592713878  3.1415926536  3.1415926536  0.0000156735  -0.0041104824
244.4159084493  3.1415926536  3.1415926536  0.0000155127  -0.0040893491
245.6725455107  3.1415926536  3.1415926536  0.0000153544  -0.0040684320
246.9291825722  3.1415926536  3.1415926536  0.0000151985  -0.0040477278
248.1858196336  3.1415926536  3.1415926536  0.0000150449  -0.0040272333
249.4424566950  3.1415926536  3.1415926536  0.0000148937  -0.0040069452
250.6990937565  3.1415926536  3.1415926536  0.0000147447  -0.0039868605
251.9557308179  3.1415926536  3.1415926536  0.0000145980  -0.0039669762
253.2123678793  3.1415926536  3.1415926536  0.0000144534  -0.0039472892
254.4690049408  3.1415926536  3.1415926536  0.0000143110  -0.0039277967
255.7256420022  3.1415926536  3.1415926536  0.0000141707  -0.0039084957
256.9822790636  3.1415926536  3.1415926536  0.0000140324  -0.0038893835
258.2389161251  3.1415926536  3.1415926536  0.0000138961  -0.0038704573
259.4955531865  3.1415926536  3.1415926536  0.0000137618  -0.0038517144
260.7521902480  3.1415926536  3.1415926536  0.0000136295  -0.0038331521
262.0088273094  3.1415926536  3.1415926536  0.0000134990  -0.0038147679
263.2654643708  3.1415926536  3.1415926536  0.0000133705  -0.0037965592
264.5221014323  3.1415926536  3.1415926536  0.0000132437  -0.0037785235
265.7787384937  3.1415926536  3.1415926536  0.0000131187  -0.0037606584
267.0353755551  3.1415926536  3.1415926536  0.0000129955  -0.0037429614
268.2920126166  3.1415926536  3.1415926536  0.0000128741  -0.0037254301
269.5486496780  3.1415926536  3.1415926536  0.0000127543  -0.0037080623
270.8052867394  3.1415926536  3.1415926536  0.0000126362  -0.0036908557
272.0619238009  3.1415926536  3.1415926536  0.0000125197  -0.0036738081
273.3185608623  3.1415926536  3.1415926536  0.0000124048  -0.0036569172
274.5751979237  3.1415926536  3.1415926536  0.0000122915  -0.0036401809
275.8318349852  3.1415926536  3.1415926536  0.0000121797  -0.0036235971
277.0884720466  3.1415926536  3.1415926536  0.0000120695  -0.0036071638
278.3451091081  3.1415926536  3.1415926536  0.0000119607  -0.0035908788
279.6017461695  3.1415926536  3.1415926536  0.0000118535  -0.0035747402
280.8583832309  3.1415926536  3.1415926536  0.0000117476  -0.0035587460
282.1150202924  3.1415926536  3.1415926536  0.0000116432  -0.0035428942
283.3716573538  3.1415926536  3.1415926536  0.0000115401  -0.0035271831
284.6282944152  3.1415926536  3.1415926536  0.0000114384  -0.0035116107
285.8849314767  3.1415926536  3.1415926536  0.0000113381  -0.0034961752
287.1415685381  3.1415926536  3.1415926536  0.0000112390  -0.0034808748
288.3982055995  3.1415926536  3.1415926536  0.0000111413  -0.0034657078
289.6548426610  3.1415926536  3.1415926536  0.0000110448  -0.0034506723
290.9114797224  3.1415926536  3.1415926536  0.0000109496  -0.0034357667
292.1681167839  3.1415926536  3.1415926536  0.0000108556  -0.0034209894
293.4247538453  3.1415926536  3.1415926536  0.0000107628  -0.0034063386
294.6813909067  3.1415926536  3.1415926536  0.0000106712  -0.0033918128
295.9380279682  3.1415926536  3.1415926536  0.0000105807  -0.0033774103
297.1946650296  3.1415926536  3.1415926536  0.0000104914  -0.0033631296
298.4513020910  3.1415926536  3.1415926536  0.0000104032  -0.0033489692
299.7079391525  3.1415926536  3.1415926536  0.0000103162  -0.0033349275
300.9645762139  3.1415926536  3.1415926536  0.0000102302  -0.0033210031
302.2212132753  3.1415926536  3.1415926536  0.0000101453  -0.0033071945
303.4778503368  3.1415926536  3.1415926536  0.0000100614  -0.0032935002
304.7344873982  3.1415926536  3.1415926536  0.0000099786  -0.0032799189
305.9911244596  3.1415926536  3.1415926536  0.0000098968  -0.0032664491
307.2477615211  3.1415926536  3.1415926536  0.0000098160  -0.0032530895
308.5043985825  3.1415926536  3.1415926536  0.0000097362  -0.0032398388
309.7610356440  3.1415926536  3.1415926536  0.0000096573  -0.0032266955
311.0176727054  3.1415926536  3.1415926536  0.0000095794  -0.0032136585
312.2743097668  3.1415926536  3.1415926536  0.0000095025  -0.0032007264
313.5309468283  3.1415926536  3.1415926536  0.0000094265  -0.0031878979
314.7875838897  3.1415926536  3.1415926536  0.0000093513  -0.0031751719
316.0442209511  3.1415926536  3.1415926536  0.0000092771  -0.0031625470
317.3008580126  3.1415926536  3.1415926536  0.0000092038  -0.0031500222
318.5574950740  3.1415926536  3.1415926536  0.0000091313  -0.0031375962
319.8141321354  3.1415926536  3.1415926536  0.0000090597  -0.0031252678
321.0707691969  3.1415926536  3.1415926536  0.0000089889  -0.0031130359
322.3274062583  3.1415926536  3.1415926536  0.0000089189  -0.0031008994
323.5840433197  3.1415926536  3.1415926536  0.0000088498  -0.0030888572
324.8406803812  3.1415926536  3.1415926536  0.0000087814  -0.0030769081
326.0973174426  3.1415926536  3.1415926536  0.0000087139  -0.0030650512
327.3539545041  3.1415926536  3.1415926536  0.0000086471  -0.0030532852
328.6105915655  3.1415926536  3.1415926536  0.0000085811  -0.0030416093
329.8672286269  3.1415926536  3.1415926536  0.0000085158  -0.0030300223
331.1238656884  3.1415926536  3.1415926536  0.0000084513  -0.0030185232
332.3805027498  3.1415926536  3.1415926536  0.0000083875  -0.0030071111
333.6371398112  3.1415926536  3.1415926536  0.0000083244  -0.0029957850
334.8937768727  3.1415926536  3.1415926536  0.0000082621  -0.0029845438
336.1504139341  3.1415926536  3.1415926536  0.0000082004  -0.0029733867
337.4070509955  3.1415926536  3.1415926536  0.0000081394  -0.0029623127
338.6636880570  3.1415926536  3.1415926536  0.0000080791  -0.0029513209
339.9203251184  3.1415926536  3.1415926536  0.0000080195  -0.0029404104
341.1769621799  3.1415926536  3.1415926536  0.0000079605  -0.0029295802
342.4335992413  3.1415926536  3.1415926536  0.0000079022  -0.0029188296
343.6902363027  3.1415926536  3.1415926536  0.0000078445  -0.0029081575
344.9468733642  3.1415926536  3.1415926536  0.0000077874  -0.0028975632
346.2035104256  3.1415926536  3.1415926536  0.0000077310  -0.0028870458
347.4601474870  3.1415926536  3.1415926536  0.0000076752  -0.0028766045
348.7167845485  3.1415926536  3.1415926536  0.0000076200  -0.0028662384
349.9734216099  3.1415926536  3.1415926536  0.0000075653  -0.0028559468
351.2300586713  3.1415926536  3.1415926536  0.0000075113  -0.0028457288
352.4866957328  3.1415926536  3.1415926536  0.0000074578  -0.0028355836
353.7433327942  3.1415926536  3.1415926536  0.0000074049  -0.0028255106
354.9999698556  3.1415926536  3.1415926536  0.0000073526  -0.0028155088
356.2566069171  3.1415926536  3.1415926536  0.0000073008  -0.0028055776
357.5132439785  3.1415926536  3.1415926536  0.0000072496  -0.0027957163
358.7698810400  3.1415926536  3.1415926536  0.0000071989  -0.0027859240
360.0265181014  3.1415926536  3.1415926536  0.0000071487  -0.0027762001
361.2831551628  3.1415926536  3.1415926536  0.0000070990  -0.0027665438
362.5397922243  3.1415926536  3.1415926536  0.0000070499  -0.0027569544
363.7964292857  3.1415926536  3.1415926536  0.0000070013  -0.0027474313
365.0530663471  3.1415926536  3.1415926536  0.0000069532  -0.0027379738
366.3097034086  3.1415926536  3.1415926536  0.0000069055  -0.0027285811
367.5663404700  3.1415926536  3.1415926536  0.0000068584  -0.0027192527
368.8229775314  3.1415926536  3.1415926536  0.0000068117  -0.0027099878
370.0796145929  3.1415926536  3.1415926536  0.0000067655  -0.0027007859
371.3362516543  3.1415926536  3.1415926536  0.0000067198  -0.0026916462
372.5928887157  3.1415926536  3.1415926536  0.0000066746  -0.0026825682
373.8495257772  3.1415926536  3.1415926536  0.0000066298  -0.0026735512
375.1061628386  3.1415926536  3.1415926536  0.0000065854  -0.0026645947
376.3627999001  3.1415926536  3.1415926536  0.0000065415  -0.0026556979
377.6194369615  3.1415926536  3.1415926536  0.0000064980  -0.0026468604
378.8760740229  3.1415926536  3.1415926536  0.0000064550  -0.0026380814
380.1327110844  3.1415926536  3.1415926536  0.0000064124  -0.0026293606
381.3893481458  3.1415926536  3.1415926536  0.0000063702  -0.0026206971
382.6459852072  3.1415926536  3.1415926536  0.0000063284  -0.0026120906
383.9026222687  3.1415926536  3.1415926536  0.0000062871  -0.0026035405
385.1592593301  3.1415926536  3.1415926536  0.0000062461  -0.0025950461
386.4158963915  3.1415926536  3.1415926536  0.0000062055  -0.0025866070
387.6725334530  3.1415926536  3.1415926536  0.0000061654  -0.0025782225
388.9291705144  3.1415926536  3.1415926536  0.0000061256  -0.0025698923
390.1858075759  3.1415926536  3.1415926536  0.0000060862  -0.0025616157
391.4424446373  3.1415926536  3.1415926536  0.0000060472  -0.0025533923
392.6990816987  3.1415926536  3.1415926536  0.0000060085  -0.0025452215
393.9557187602  3.1415926536  3.1415926536  0.0000059703  -0.0025371028
395.2123558216  3.1415926536  3.1415926536  0.0000059324  -0.0025290357
396.4689928830  3.1415926536  3.1415926536  0.0000058948  -0.0025210198
397.7256299445  3.1415926536  3.1415926536  0.0000058576  -0.0025130545
398.9822670059  3.1415926536  3.1415926536  0.0000058208  -0.0025051394
400.2389040673  3.1415926536  3.1415926536  0.0000057843  -0.0024972740
401.4955411288  3.1415926536  3.1415926536  0.0000057481  -0.0024894579
402.7521781902  3.1415926536  3.1415926536  0.0000057123  -0.0024816905
404.0088152516  3.1415926536  3.1415926536  0.0000056768  -0.0024739715
405.2654523131  3.1415926536  3.1415926536  0.0000056417  -0.0024663003
406.5220893745  3.1415926536  3.1415926536  0.0000056068  -0.0024586765
407.7787264360  3.1415926536  3.1415926536  0.0000055723  -0.0024510997
409.0353634974  3.1415926536  3.1415926536  0.0000055381  -0.0024435695
410.2920005588  3.1415926536  3.1415926536  0.0000055043  -0.0024360854
411.5486376203  3.1415926536  3.1415926536  0.0000054707  -0.0024286470
412.8052746817  3.1415926536  3.1415926536  0.0000054374  -0.0024212539
414.0619117431  3.1415926536  3.1415926536  0.0000054045  -0.0024139057
415.3185488046  3.1415926536  3.1415926536  0.0000053718  -0.0024066019
416.5751858660  3.1415926536  3.1415926536  0.0000053395  -0.0023993422
417.8318229274  3.1415926536  3.1415926536  0.0000053074  -0.0023921262
419.0884599889  3.1415926536  3.1415926536  0.0000052756  -0.0023849534
420.3450970503  3.1415926536  3.1415926536  0.0000052441  -0.0023778235
421.6017341118  3.1415926536  3.1415926536  0.0000052129  -0.0023707362
422.8583711732  3.1415926536  3.1415926536  0.0000051820  -0.0023636909
424.1150082346  3.1415926536  3.1415926536  0.0000051513  -0.0023566874
425.3716452961  3.1415926536  3.1415926536  0.0000051209  -0.0023497253
426.6282823575  3.1415926536  3.1415926536  0.0000050908  -0.0023428042
427.8849194189  3.1415926536  3.1415926536  0.0000050609  -0.0023359237
429.1415564804  3.1415926536  3.1415926536  0.0000050313  -0.0023290836
430.3981935418  3.1415926536  3.1415926536  0.0000050020  -0.0023222834
431.6548306032  3.1415926536  3.1415926536  0.0000049729  -0.0023155227
432.9114676647  3.1415926536  3.1415926536  0.0000049441  -0.0023088014
434.1681047261  3.1415926536  3.1415926536  0.0000049155  -0.0023021189
435.4247417875  3.1415926536  3.1415926536  0.0000048871  -0.0022954750
436.6813788490  3.1415926536  3.1415926536  0.0000048591  -0.0022888694
437.9380159104  3.1415926536  3.1415926536  0.0000048312  -0.0022823016
439.1946529719  3.1415926536  3.1415926536  0.0000048036  -0.0022757714
440.4512900333  3.1415926536  3.1415926536  0.0000047762  -0.0022692785
441.7079270947  3.1415926536  3.1415926536  0.0000047491  -0.0022628226
442.9645641562  3.1415926536  3.1415926536  0.0000047222  -0.0022564033
444.2212012176  3.1415926536  3.1415926536  0.0000046955  -0.0022500202
445.4778382790  3.1415926536  3.1415926536  0.0000046690  -0.0022436733
446.7344753405  3.1415926536  3.1415926536  0.0000046428  -0.0022373620
447.9911124019  3.1415926536  3.1415926536  0.0000046168  -0.0022310861
449.2477494633  3.1415926536  3.1415926536  0.0000045910  -0.0022248453
450.5043865248  3.1415926536  3.1415926536  0.0000045654  -0.0022186393
451.7610235862  3.1415926536  3.1415926536  0.0000045401  -0.0022124679
453.0176606476  3.1415926536  3.1415926536  0.0000045149  -0.0022063307
454.2742977091  3.1415926536  3.1415926536  0.0000044900  -0.0022002275
455.5309347705  3.1415926536  3.1415926536  0.0000044652  -0.0021941579
456.7875718320  3.1415926536  3.1415926536  0.0000044407  -0.0021881217
458.0442088934  3.1415926536  3.1415926536  0.0000044164  -0.0021821187
459.3008459548  3.1415926536  3.1415926536  0.0000043922  -0.0021761485
460.5574830163  3.1415926536  3.1415926536  0.0000043683  -0.0021702108
461.8141200777  3.1415926536  3.1415926536  0.0000043445  -0.0021643055
463.0707571391  3.1415926536  3.1415926536  0.0000043210  -0.0021584323
464.3273942006  3.1415926536  3.1415926536  0.0000042976  -0.0021525908
465.5840312620  3.1415926536  3.1415926536  0.0000042745  -0.0021467808
466.8406683234  3.1415926536  3.1415926536  0.0000042515  -0.0021410022
468.0973053849  3.1415926536  3.1415926536  0.0000042287  -0.0021352545
469.3539424463  3.1415926536  3.1415926536  0.0000042061  -0.0021295377
470.6105795078  3.1415926536  3.1415926536  0.0000041836  -0.0021238514
471.8672165692  3.1415926536  3.1415926536  0.0000041614  -0.0021181953
473.1238536306  3.1415926536  3.1415926536  0.0000041393  -0.0021125693
474.3804906921  3.1415926536  3.1415926536  0.0000041174  -0.0021069731
475.6371277535  3.1415926536  3.1415926536  0.0000040957  -0.0021014065
476.8937648149  3.1415926536  3.1415926536  0.0000040741  -0.0020958692
478.1504018764  3.1415926536  3.1415926536  0.0000040527  -0.0020903610
479.4070389378  3.1415926536  3.1415926536  0.0000040315  -0.0020848817
480.6636759992  3.1415926536  3.1415926536  0.0000040105  -0.0020794311
481.9203130607  3.1415926536  3.1415926536  0.0000039896  -0.0020740089
483.1769501221  3.1415926536  3.1415926536  0.0000039688  -0.0020686148
484.4335871835  3.1415926536  3.1415926536  0.0000039483  -0.0020632488
485.6902242450  3.1415926536  3.1415926536  0.0000039279  -0.0020579105
486.9468613064  3.1415926536  3.1415926536  0.0000039076  -0.0020525998
488.2034983679  3.1415926536  3.1415926536  0.0000038875  -0.0020473164
489.4601354293  3.1415926536  3.1415926536  0.0000038676  -0.0020420602
490.7167724907  3.1415926536  3.1415926536  0.0000038478  -0.0020368309
491.9734095522  3.1415926536  3.1415926536  0.0000038282  -0.0020316282
493.2300466136  3.1415926536  3.1415926536  0.0000038087  -0.0020264521
494.4866836750  3.1415926536  3.1415926536  0.0000037894  -0.0020213023
495.7433207365  3.1415926536  3.1415926536  0.0000037702  -0.0020161786
496.9999577979  3.1415926536  3.1415926536  0.0000037511  -0.0020110809
498.2565948593  3.1415926536  3.1415926536  0.0000037322  -0.0020060088
499.5132319208  3.1415926536  3.1415926536  0.0000037135  -0.0020009623
500.7698689822  3.1415926536  3.1415926536  0.0000036949  -0.0019959410
502.0265060436  3.1415926536  3.1415926536  0.0000036764  -0.0019909449
503.2831431051  3.1415926536  3.1415926536  0.0000036580  -0.0019859738
504.5397801665  3.1415926536  3.1415926536  0.0000036398  -0.0019810274
505.7964172280  3.1415926536  3.1415926536  0.0000036218  -0.0019761057
507.0530542894  3.1415926536  3.1415926536  0.0000036039  -0.0019712083
508.3096913508  3.1415926536  3.1415926536  0.0000035861  -0.0019663351
509.5663284123  3.1415926536  3.1415926536  0.0000035684  -0.0019614859
510.8229654737  3.1415926536  3.1415926536  0.0000035509  -0.0019566606
512.0796025351  3.1415926536  3.1415926536  0.0000035334  -0.0019518590
513.3362395966  3.1415926536  3.1415926536  0.0000035162  -0.0019470809
514.5928766580  3.1415926536  3.1415926536  0.0000034990  -0.0019423262
515.8495137194  3.1415926536  3.1415926536  0.0000034820  -0.0019375946
517.1061507809  3.1415926536  3.1415926536  0.0000034651  -0.0019328860
518.3627878423  3.1415926536  3.1415926536  0.0000034483  -0.0019282002
519.6194249038  3.1415926536  3.1415926536  0.0000034316  -0.0019235371
520.8760619652  3.1415926536  3.1415926536  0.0000034151  -0.0019188965
522.1326990266  3.1415926536  3.1415926536  0.0000033987  -0.0019142782
523.3893360881  3.1415926536  3.1415926536  0.0000033824  -0.0019096821
524.6459731495  3.1415926536  3.1415926536  0.0000033662  -0.0019051081
525.9026102109  3.1415926536  3.1415926536  0.0000033501  -0.0019005558
527.1592472724  3.1415926536  3.1415926536  0.0000033342  -0.0018960253
528.4158843338  3.1415926536  3.1415926536  0.0000033183  -0.0018915164
529.6725213952  3.1415926536  3.1415926536  0.0000033026  -0.0018870288
530.9291584567  3.1415926536  3.1415926536  0.0000032870  -0.0018825625
532.1857955181  3.1415926536  3.1415926536  0.0000032715  -0.0018781172
533.4424325795  3.1415926536  3.1415926536  0.0000032561  -0.0018736929
534.6990696410  3.1415926536  3.1415926536  0.0000032408  -0.0018692894
535.9557067024  3.1415926536  3.1415926536  0.0000032256  -0.0018649066
537.2123437639  3.1415926536  3.1415926536  0.0000032105  -0.0018605442
538.4689808253  3.1415926536  3.1415926536  0.0000031956  -0.0018562023
539.7256178867  3.1415926536  3.1415926536  0.0000031807  -0.0018518805
540.9822549482  3.1415926536  3.1415926536  0.0000031660  -0.0018475788
542.2388920096  3.1415926536  3.1415926536  0.0000031513  -0.0018432971
543.4955290710  3.1415926536  3.1415926536  0.0000031367  -0.0018390351
544.7521661325  3.1415926536  3.1415926536  0.0000031223  -0.0018347928
546.0088031939  3.1415926536  3.1415926536  0.0000031079  -0.0018305701
547.2654402553  3.1415926536  3.1415926536  0.0000030937  -0.0018263667
548.5220773168  3.1415926536  3.1415926536  0.0000030795  -0.0018221826
549.7787143782  3.1415926536  3.1415926536  0.0000030655  -0.0018180176
551.0353514396  3.1415926536  3.1415926536  0.0000030515  -0.0018138717
552.2919885011  3.1415926536  3.1415926536  0.0000030376  -0.0018097445
553.5486255625  3.1415926536  3.1415926536  0.0000030238  -0.0018056362
554.8052626240  3.1415926536  3.1415926536  0.0000030102  -0.0018015464
556.0618996854  3.1415926536  3.1415926536  0.0000029966  -0.0017974751
557.3185367468  3.1415926536  3.1415926536  0.0000029831  -0.0017934222
558.5751738083  3.1415926536  3.1415926536  0.0000029697  -0.0017893875
559.8318108697  3.1415926536  3.1415926536  0.0000029563  -0.0017853709
561.0884479311  3.1415926536  3.1415926536  0.0000029431  -0.0017813724
562.3450849926  3.1415926536  3.1415926536  0.0000029300  -0.0017773916
563.6017220540  3.1415926536  3.1415926536  0.0000029169  -0.0017734287
564.8583591154  3.1415926536  3.1415926536  0.0000029040  -0.0017694834
566.1149961769  3.1415926536  3.1415926536  0.0000028911  -0.0017655556
567.3716332383  3.1415926536  3.1415926536  0.0000028783  -0.0017616451
568.6282702998  3.1415926536  3.1415926536  0.0000028656  -0.0017577520
569.8849073612  3.1415926536  3.1415926536  0.0000028530  -0.0017538761
571.1415444226  3.1415926536  3.1415926536  0.0000028404  -0.0017500171
572.3981814841  3.1415926536  3.1415926536  0.0000028280  -0.0017461752
573.6548185455  3.1415926536  3.1415926536  0.0000028156  -0.0017423501
574.9114556069  3.1415926536  3.1415926536  0.0000028033  -0.0017385417
576.1680926684  3.1415926536  3.1415926536  0.0000027911  -0.0017347499
577.4247297298  3.1415926536  3.1415926536  0.0000027789  -0.0017309746
578.6813667912  3.1415926536  3.1415926536  0.0000027669  -0.0017272157
579.9380038527  3.1415926536  3.1415926536  0.0000027549  -0.0017234731
581.1946409141  3.1415926536  3.1415926536  0.0000027430  -0.0017197467
582.4512779755  3.1415926536  3.1415926536  0.0000027312  -0.0017160363
583.7079150370  3.1415926536  3.1415926536  0.0000027194  -0.0017123419
584.9645520984  3.1415926536  3.1415926536  0.0000027078  -0.0017086635
586.2211891599  3.1415926536  3.1415926536  0.0000026962  -0.0017050007
587.4778262213  3.1415926536  3.1415926536  0.0000026846  -0.0017013537
588.7344632827  3.1415926536  3.1415926536  0.0000026732  -0.0016977222
589.9911003442  3.1415926536  3.1415926536  0.0000026618  -0.0016941062
591.2477374056  3.1415926536  3.1415926536  0.0000026505  -0.0016905055
592.5043744670  3.1415926536  3.1415926536  0.0000026393  -0.0016869202
593.7610115285  3.1415926536  3.1415926536  0.0000026281  -0.0016833500
595.0176485899  3.1415926536  3.1415926536  0.0000026170  -0.0016797949
596.2742856513  3.1415926536  3.1415926536  0.0000026060  -0.0016762547
597.5309227128  3.1415926536  3.1415926536  0.0000025951  -0.0016727295
598.7875597742  3.1415926536  3.1415926536  0.0000025842  -0.0016692191
600.0441968357  3.1415926536  3.1415926536  0.0000025734  -0.0016657233
601.3008338971  3.1415926536  3.1415926536  0.0000025626  -0.0016622422
602.5574709585  3.1415926536  3.1415926536  0.0000025519  -0.0016587756
603.8141080200  3.1415926536  3.1415926536  0.0000025413  -0.0016553234
605.0707450814  3.1415926536  3.1415926536  0.0000025308  -0.0016518856
606.3273821428  3.1415926536  3.1415926536  0.0000025203  -0.0016484620
607.5840192043  3.1415926536  3.1415926536  0.0000025099  -0.0016450525
608.8406562657  3.1415926536  3.1415926536  0.0000024995  -0.0016416572
610.0972933271  3.1415926536  3.1415926536  0.0000024893  -0.0016382758
611.3539303886  3.1415926536  3.1415926536  0.0000024790  -0.0016349084
612.6105674500  3.1415926536  3.1415926536  0.0000024689  -0.0016315547
613.8672045114  3.1415926536  3.1415926536  0.0000024588  -0.0016282148
615.1238415729  3.1415926536  3.1415926536  0.0000024487  -0.0016248885
616.3804786343  3.1415926536  3.1415926536  0.0000024388  -0.0016215758
617.6371156958  3.1415926536  3.1415926536  0.0000024288  -0.0016182766
618.8937527572  3.1415926536  3.1415926536  0.0000024190  -0.0016149907
620.1503898186  3.1415926536  3.1415926536  0.0000024092  -0.0016117182
621.4070268801  3.1415926536  3.1415926536  0.0000023995  -0.0016084589
622.6636639415  3.1415926536  3.1415926536  0.0000023898  -0.0016052128
623.9203010029  3.1415926536  3.1415926536  0.0000023802  -0.0016019798
625.1769380644  3.1415926536  3.1415926536  0.0000023706  -0.0015987597
626.4335751258  3.1415926536  3.1415926536  0.0000023611  -0.0015955526
627.6902121872  3.1415926536  3.1415926536  0.0000023517  -0.0015923583
628.9468492487  3.1415926536  3.1415926536  0.0000000000  0.0000000000
