-33.3009  0  0  -0.00109348  0.0593795
-21.9911  0  0  -0.00219213  0.0876157
-15.708  0  0  -0.00344881  0.117745
-10.6814  0  0  -0.00451434  0.159017
-9.42478  0  0  -0.004435  0.173145
-8.16814  0  0  -0.00385695  0.189076
-6.9115  0  0  -0.00230872  0.206584
-5.65487  0  0  0.00105436  0.224621
-4.39823  0  0  0.0076252  0.240083
-3.14159  0  0  0.0192192  0.244987
-1.88496  0  0  0.036471  0.220969
-0.628319  0  0  0.0554838  0.130284
0.628319  0  0  0.0554838  -0.130284
1.88496  0  0  0.036471  -0.220969
3.14159  0  0  0.0192192  -0.244987
4.39823  0  0  0.0076252  -0.240083
5.65487  0  0  0.00105437  -0.224621
6.9115  0  0  -0.00230871  -0.206584
8.16814  0  0  -0.00385694  -0.189076
10.6814  0  0  -0.00451433  -0.159017
13.1947  0  0  -0.00407562  -0.135725
18.2212  0  0  -0.00287278  -0.103658
27.0177  0  0  -0.00157298  -0.0724166
54.6637  0  0  -0.000434037  -0.0366551
-33.3009  0  0.628319  -0.000652512  0.0602829
-21.9911  0  0.628319  -0.00124336  0.088899
-15.708  0  0.628319  -0.00176811  0.11936
-10.6814  0  0.628319  -0.00157479  0.1609
-9.42478  0  0.628319  -0.00101879  0.175056
-8.16814  0  0.628319  0.000107977  0.190975
-6.9115  0  0.628319  0.00225378  0.208422
-5.65487  0  0.628319  0.00619663  0.226367
-4.39823  0  0.628319  0.0132093  0.241832
-3.14159  0  0.628319  0.0250471  0.247151
-1.88496  0  0.628319  0.0428984  0.223809
-0.628319  0  0.628319  0.0622298  0.136327
0.628319  0  0.628319  0.0622298  -0.136327
1.88496  0  0.628319  0.0428984  -0.223809
3.14159  0  0.628319  0.0250471  -0.247151
4.39823  0  0.628319  0.0132093  -0.241832
5.65487  0  0.628319  0.00619663  -0.226367
6.9115  0  0.628319  0.00225379  -0.208422
8.16814  0  0.628319  0.000107991  -0.190975
10.6814  0  0.628319  -0.00157478  -0.1609
13.1947  0  0.628319  -0.0018772  -0.137488
18.2212  0  0.628319  -0.00155709  -0.105129
27.0177  0  0.628319  -0.000920272  -0.0735018
54.6637  0  0.628319  -0.000265015  -0.0372231
-33.3009  0  1.25664  0.000464506  0.0623231
-21.9911  0  1.25664  0.00115449  0.0917721
-15.708  0  1.25664  0.00246694  0.122928
-10.6814  0  1.25664  0.00580481  0.164934
-9.42478  0  1.25664  0.00755114  0.179086
-8.16814  0  1.25664  0.0100527  0.194892
-6.9115  0  1.25664  0.0137082  0.212085
-5.65487  0  1.25664  0.0191391  0.229681
-4.39823  0  1.25664  0.027293  0.245015
-3.14159  0  1.25664  0.0395284  0.251478
-1.88496  0  1.25664  0.0573223  0.23295
-0.628319  0  1.25664  0.0797654  0.145597
0.628319  0  1.25664  0.0797654  -0.145597
1.88496  0  1.25664  0.0573223  -0.23295
3.14159  0  1.25664  0.0395284  -0.251478
4.39823  0  1.25664  0.027293  -0.245015
5.65487  0  1.25664  0.0191391  -0.229681
6.9115  0  1.25664  0.0137082  -0.212085
8.16814  0  1.25664  0.0100527  -0.194892
10.6814  0  1.25664  0.00580483  -0.164934
13.1947  0  1.25664  0.00365252  -0.141338
18.2212  0  1.25664  0.00176296  -0.108403
27.0177  0  1.25664  0.00073155  -0.0759438
54.6637  0  1.25664  0.000163712  -0.0385111
-33.3009  0  1.88496  0.00180646  0.0645786
-21.9911  0  1.88496  0.00402694  0.0949248
-15.708  0  1.88496  0.00752406  0.126801
-10.6814  0  1.88496  0.0146038  0.169235
-9.42478  0  1.88496  0.0177844  0.183354
-8.16814  0  1.88496  0.0219744  0.199003
-6.9115  0  1.88496  0.0275591  0.215887
-5.65487  0  1.88496  0.0350635  0.233059
-4.39823  0  1.88496  0.0451733  0.248168
-3.14159  0  1.88496  0.0587644  0.255738
-1.88496  0  1.88496  0.077237  0.242335
-0.628319  0  1.88496  0.103247  0.170304
0.628319  0  1.88496  0.103247  -0.170304
1.88496  0  1.88496  0.077237  -0.242335
3.14159  0  1.88496  0.0587644  -0.255738
4.39823  0  1.88496  0.0451733  -0.248168
5.65487  0  1.88496  0.0350635  -0.233059
6.9115  0  1.88496  0.0275591  -0.215887
8.16814  0  1.88496  0.0219744  -0.199003
10.6814  0  1.88496  0.0146038  -0.169235
13.1947  0  1.88496  0.0102467  -0.145488
18.2212  0  1.88496  0.00573318  -0.111975
27.0177  0  1.88496  0.00271355  -0.0786351
54.6637  0  1.88496  0.00067967  -0.0399409
-33.3009  0  2.51327  0.0028951  0.066482
-21.9911  0  2.51327  0.00635139  0.0975869
-15.708  0  2.51327  0.0116071  0.130086
-10.6814  0  2.51327  0.021717  0.172962
-9.42478  0  2.51327  0.026083  0.187109
-8.16814  0  2.51327  0.0317052  0.202713
-6.9115  0  2.51327  0.0390111  0.219462
-5.65487  0  2.51327  0.0485616  0.23644
-4.39823  0  2.51327  0.0610606  0.251486
-3.14159  0  2.51327  0.0773463  0.259903
-1.88496  0  2.51327  0.0984113  0.251691
-0.628319  0  2.51327  0.129414  0.200535
0.628319  0  2.51327  0.129414  -0.200535
1.88496  0  2.51327  0.0984113  -0.251691
3.14159  0  2.51327  0.0773463  -0.259903
4.39823  0  2.51327  0.0610606  -0.251486
5.65487  0  2.51327  0.0485616  -0.23644
6.9115  0  2.51327  0.0390111  -0.219462
8.16814  0  2.51327  0.0317052  -0.202713
10.6814  0  2.51327  0.021717  -0.172962
13.1947  0  2.51327  0.0155684  -0.149029
18.2212  0  2.51327  0.00894157  -0.114996
27.0177  0  2.51327  0.00431959  -0.0809064
54.6637  0  2.51327  0.00109887  -0.041148
-33.3009  0  3.14159  0.0033212  0.0672877
-21.9911  0  3.14159  0.00725978  0.098717
-15.708  0  3.14159  0.0132006  0.131491
-10.6814  0  3.14159  0.0244967  0.174592
-9.42478  0  3.14159  0.0293332  0.188774
-8.16814  0  3.14159  0.0355332  0.204392
-6.9115  0  3.14159  0.0435549  0.221131
-5.65487  0  3.14159  0.0540057  0.238084
-4.39823  0  3.14159  0.067672  0.253145
-3.14159  0  3.14159  0.0855681  0.261801
-1.88496  0  3.14159  0.109208  0.254559
-0.628319  0  3.14159  0.141642  0.220495
0.628319  0  3.14159  0.141642  -0.220495
1.88496  0  3.14159  0.109208  -0.254559
3.14159  0  3.14159  0.0855681  -0.261801
4.39823  0  3.14159  0.067672  -0.253145
5.65487  0  3.14159  0.0540057  -0.238084
6.9115  0  3.14159  0.0435549  -0.221131
8.16814  0  3.14159  0.0355332  -0.204392
10.6814  0  3.14159  0.0244968  -0.174592
13.1947  0  3.14159  0.0176451  -0.150555
18.2212  0  3.14159  0.0101944  -0.116283
27.0177  0  3.14159  0.00494777  -0.0818688
54.6637  0  3.14159  0.00126312  -0.0416585
-33.3009  0  3.76991  0.0028951  0.066482
-21.9911  0  3.76991  0.00635139  0.0975869
-15.708  0  3.76991  0.0116071  0.130086
-10.6814  0  3.76991  0.021717  0.172962
-9.42478  0  3.76991  0.026083  0.187109
-8.16814  0  3.76991  0.0317052  0.202713
-6.9115  0  3.76991  0.0390111  0.219462
-5.65487  0  3.76991  0.0485616  0.23644
-4.39823  0  3.76991  0.0610606  0.251486
-3.14159  0  3.76991  0.0773463  0.259903
-1.88496  0  3.76991  0.0984113  0.251691
-0.628319  0  3.76991  0.129414  0.200535
0.628319  0  3.76991  0.129414  -0.200535
1.88496  0  3.76991  0.0984113  -0.251691
3.14159  0  3.76991  0.0773463  -0.259903
4.39823  0  3.76991  0.0610606  -0.251486
5.65487  0  3.76991  0.0485616  -0.23644
6.9115  0  3.76991  0.0390111  -0.219462
8.16814  0  3.76991  0.0317052  -0.202713
10.6814  0  3.76991  0.021717  -0.172962
13.1947  0  3.76991  0.0155684  -0.149029
18.2212  0  3.76991  0.00894157  -0.114996
27.0177  0  3.76991  0.00431959  -0.0809064
54.6637  0  3.76991  0.00109887  -0.041148
-33.3009  0  4.39823  0.00180646  0.0645786
-21.9911  0  4.39823  0.00402694  0.0949248
-15.708  0  4.39823  0.00752406  0.126801
-10.6814  0  4.39823  0.0146038  0.169235
-9.42478  0  4.39823  0.0177844  0.183354
-8.16814  0  4.39823  0.0219744  0.199003
-6.9115  0  4.39823  0.0275591  0.215887
-5.65487  0  4.39823  0.0350635  0.233059
-4.39823  0  4.39823  0.0451733  0.248168
-3.14159  0  4.39823  0.0587644  0.255738
-1.88496  0  4.39823  0.077237  0.242335
-0.628319  0  4.39823  0.103247  0.170304
0.628319  0  4.39823  0.103247  -0.170304
1.88496  0  4.39823  0.077237  -0.242335
3.14159  0  4.39823  0.0587644  -0.255738
4.39823  0  4.39823  0.0451733  -0.248168
5.65487  0  4.39823  0.0350635  -0.233059
6.9115  0  4.39823  0.0275591  -0.215887
8.16814  0  4.39823  0.0219744  -0.199003
10.6814  0  4.39823  0.0146038  -0.169235
13.1947  0  4.39823  0.0102467  -0.145488
18.2212  0  4.39823  0.00573318  -0.111975
27.0177  0  4.39823  0.00271355  -0.0786351
54.6637  0  4.39823  0.00067967  -0.0399409
-33.3009  0  5.02655  0.000464506  0.0623231
-21.9911  0  5.02655  0.00115449  0.0917721
-15.708  0  5.02655  0.00246694  0.122928
-10.6814  0  5.02655  0.00580481  0.164934
-9.42478  0  5.02655  0.00755114  0.179086
-8.16814  0  5.02655  0.0100527  0.194892
-6.9115  0  5.02655  0.0137082  0.212085
-5.65487  0  5.02655  0.0191391  0.229681
-4.39823  0  5.02655  0.027293  0.245015
-3.14159  0  5.02655  0.0395284  0.251478
-1.88496  0  5.02655  0.0573223  0.23295
-0.628319  0  5.02655  0.0797654  0.145597
0.628319  0  5.02655  0.0797654  -0.145597
1.88496  0  5.02655  0.0573223  -0.23295
3.14159  0  5.02655  0.0395284  -0.251478
4.39823  0  5.02655  0.027293  -0.245015
5.65487  0  5.02655  0.0191391  -0.229681
6.9115  0  5.02655  0.0137082  -0.212085
8.16814  0  5.02655  0.0100527  -0.194892
10.6814  0  5.02655  0.00580483  -0.164934
13.1947  0  5.02655  0.00365252  -0.141338
18.2212  0  5.02655  0.00176296  -0.108403
27.0177  0  5.02655  0.00073155  -0.0759438
54.6637  0  5.02655  0.000163712  -0.0385111
-33.3009  0  5.65487  -0.000652512  0.0602829
-21.9911  0  5.65487  -0.00124336  0.088899
-15.708  0  5.65487  -0.00176811  0.11936
-10.6814  0  5.65487  -0.00157479  0.1609
-9.42478  0  5.65487  -0.00101879  0.175056
-8.16814  0  5.65487  0.000107977  0.190975
-6.9115  0  5.65487  0.00225378  0.208422
-5.65487  0  5.65487  0.00619663  0.226367
-4.39823  0  5.65487  0.0132093  0.241832
-3.14159  0  5.65487  0.0250471  0.247151
-1.88496  0  5.65487  0.0428984  0.223809
-0.628319  0  5.65487  0.0622298  0.136327
0.628319  0  5.65487  0.0622298  -0.136327
1.88496  0  5.65487  0.0428984  -0.223809
3.14159  0  5.65487  0.0250471  -0.247151
4.39823  0  5.65487  0.0132093  -0.241832
5.65487  0  5.65487  0.00619663  -0.226367
6.9115  0  5.65487  0.00225379  -0.208422
8.16814  0  5.65487  0.000107991  -0.190975
10.6814  0  5.65487  -0.00157478  -0.1609
13.1947  0  5.65487  -0.0018772  -0.137488
18.2212  0  5.65487  -0.00155709  -0.105129
27.0177  0  5.65487  -0.000920272  -0.0735018
54.6637  0  5.65487  -0.000265015  -0.0372231
-33.3009  0  6.28319  -0.00109348  0.0593795
-21.9911  0  6.28319  -0.00219213  0.0876157
-15.708  0  6.28319  -0.00344881  0.117745
-10.6814  0  6.28319  -0.00451434  0.159017
-9.42478  0  6.28319  -0.004435  0.173145
-8.16814  0  6.28319  -0.00385695  0.189076
-6.9115  0  6.28319  -0.00230872  0.206584
-5.65487  0  6.28319  0.00105436  0.224621
-4.39823  0  6.28319  0.0076252  0.240083
-3.14159  0  6.28319  0.0192192  0.244987
-1.88496  0  6.28319  0.036471  0.220969
-0.628319  0  6.28319  0.0554838  0.130284
0.628319  0  6.28319  0.0554838  -0.130284
1.88496  0  6.28319  0.036471  -0.220969
3.14159  0  6.28319  0.0192192  -0.244987
4.39823  0  6.28319  0.0076252  -0.240083
5.65487  0  6.28319  0.00105437  -0.224621
6.9115  0  6.28319  -0.00230871  -0.206584
8.16814  0  6.28319  -0.00385694  -0.189076
10.6814  0  6.28319  -0.00451433  -0.159017
13.1947  0  6.28319  -0.00407562  -0.135725
18.2212  0  6.28319  -0.00287278  -0.103658
27.0177  0  6.28319  -0.00157298  -0.0724166
54.6637  0  6.28319  -0.000434037  -0.0366551
-33.3009  0.628319  0  -0.000652512  0.0602829
-21.9911  0.628319  0  -0.00124336  0.088899
-15.708  0.628319  0  -0.00176811  0.11936
-10.6814  0.628319  0  -0.00157479  0.1609
-9.42478  0.628319  0  -0.00101879  0.175056
-8.16814  0.628319  0  0.000107977  0.190975
-6.9115  0.628319  0  0.00225378  0.208422
-5.65487  0.628319  0  0.00619663  0.226367
-4.39823  0.628319  0  0.0132093  0.241832
-3.14159  0.628319  0  0.0250471  0.247151
-1.88496  0.628319  0  0.0428984  0.223809
-0.628319  0.628319  0  0.0622298  0.136327
0.628319  0.628319  0  0.0622298  -0.136327
1.88496  0.628319  0  0.0428984  -0.223809
3.14159  0.628319  0  0.0250471  -0.247151
4.39823  0.628319  0  0.0132093  -0.241832
5.65487  0.628319  0  0.00619663  -0.226367
6.9115  0.628319  0  0.00225379  -0.208422
8.16814  0.628319  0  0.000107991  -0.190975
10.6814  0.628319  0  -0.00157478  -0.1609
13.1947  0.628319  0  -0.0018772  -0.137488
18.2212  0.628319  0  -0.00155709  -0.105129
27.0177  0.628319  0  -0.000920272  -0.0735018
54.6637  0.628319  0  -0.000265015  -0.0372231
-33.3009  0.628319  0.628319  -0.000220985  0.0611353
-21.9911  0.628319  0.628319  -0.000316501  0.0901075
-15.708  0.628319  0.628319  -0.000129233  0.12088
-10.6814  0.628319  0.628319  0.00129063  0.162676
-9.42478  0.628319  0.628319  0.00231549  0.176863
-8.16814  0.628319  0.628319  0.00398918  0.192777
-6.9115  0.628319  0.628319  0.00674648  0.210171
-5.65487  0.628319  0.628319  0.0113146  0.228024
-4.39823  0.628319  0.628319  0.0188527  0.243443
-3.14159  0.628319  0.628319  0.0309572  0.249124
-1.88496  0.628319  0.628319  0.0487694  0.227764
-0.628319  0.628319  0.628319  0.0697805  0.138214
0.628319  0.628319  0.628319  0.0697805  -0.138214
1.88496  0.628319  0.628319  0.0487694  -0.227764
3.14159  0.628319  0.628319  0.0309572  -0.249124
4.39823  0.628319  0.628319  0.0188527  -0.243443
5.65487  0.628319  0.628319  0.0113146  -0.228024
6.9115  0.628319  0.628319  0.00674649  -0.210171
8.16814  0.628319  0.628319  0.0039892  -0.192777
10.6814  0.628319  0.628319  0.00129065  -0.162676
13.1947  0.628319  0.628319  0.000265105  -0.139147
18.2212  0.628319  0.628319  -0.000273104  -0.106514
27.0177  0.628319  0.628319  -0.000282007  -0.0745248
54.6637  0.628319  0.628319  -9.94303e-05  -0.0377596
-33.3009  0.628319  1.25664  0.000883206  0.0631319
-21.9911  0.628319  1.25664  0.00205097  0.0929196
-15.708  0.628319  1.25664  0.00404787  0.124379
-10.6814  0.628319  1.25664  0.00857705  0.166674
-9.42478  0.628319  1.25664  0.0107926  0.180885
-8.16814  0.628319  1.25664  0.013862  0.196728
-6.9115  0.628319  1.25664  0.0181972  0.213922
-5.65487  0.628319  1.25664  0.0244204  0.231459
-4.39823  0.628319  1.25664  0.0334374  0.246648
-3.14159  0.628319  1.25664  0.0464612  0.252919
-1.88496  0.628319  1.25664  0.0648323  0.2343
-0.628319  0.628319  1.25664  0.0878667  0.154101
0.628319  0.628319  1.25664  0.0878667  -0.154101
1.88496  0.628319  1.25664  0.0648323  -0.2343
3.14159  0.628319  1.25664  0.0464612  -0.252919
4.39823  0.628319  1.25664  0.0334374  -0.246648
5.65487  0.628319  1.25664  0.0244204  -0.231459
6.9115  0.628319  1.25664  0.0181972  -0.213922
8.16814  0.628319  1.25664  0.013862  -0.196728
10.6814  0.628319  1.25664  0.00857706  -0.166674
13.1947  0.628319  1.25664  0.00571873  -0.142935
18.2212  0.628319  1.25664  0.00300282  -0.10972
27.0177  0.628319  1.25664  0.00134997  -0.0769145
54.6637  0.628319  1.25664  0.000324704  -0.0390205
-33.3009  0.628319  1.88496  0.00221864  0.0653854
-21.9911  0.628319  1.88496  0.00490675  0.0960728
-15.708  0.628319  1.88496  0.0090717  0.128267
-10.6814  0.628319  1.88496  0.0173247  0.171054
-9.42478  0.628319  1.88496  0.0209794  0.185271
-8.16814  0.628319  1.88496  0.0257599  0.201016
-6.9115  0.628319  1.88496  0.032089  0.217977
-5.65487  0.628319  1.88496  0.0405445  0.235172
-4.39823  0.628319  1.88496  0.0518828  0.250144
-3.14159  0.628319  1.88496  0.0670266  0.257209
-1.88496  0.628319  1.88496  0.0869692  0.243372
-0.628319  0.628319  1.88496  0.1137  0.173099
0.628319  0.628319  1.88496  0.1137  -0.173099
1.88496  0.628319  1.88496  0.0869692  -0.243372
3.14159  0.628319  1.88496  0.0670266  -0.257209
4.39823  0.628319  1.88496  0.0518828  -0.250144
5.65487  0.628319  1.88496  0.0405445  -0.235172
6.9115  0.628319  1.88496  0.0320889  -0.217977
8.16814  0.628319  1.88496  0.0257598  -0.201016
10.6814  0.628319  1.88496  0.0173248  -0.171054
13.1947  0.628319  1.88496  0.0122691  -0.147119
18.2212  0.628319  1.88496  0.00694807  -0.113299
27.0177  0.628319  1.88496  0.00332147  -0.0796042
54.6637  0.628319  1.88496  0.000838472  -0.0404489
-33.3009  0.628319  2.51327  0.00330657  0.0672954
-21.9911  0.628319  2.51327  0.00722794  0.0987463
-15.708  0.628319  2.51327  0.0131462  0.131576
-10.6814  0.628319  2.51327  0.0244228  0.174849
-9.42478  0.628319  2.51327  0.0292636  0.18912
-8.16814  0.628319  2.51327  0.0354821  0.204859
-6.9115  0.628319  2.51327  0.0435492  0.221745
-5.65487  0.628319  2.51327  0.0540929  0.238831
-4.39823  0.628319  2.51327  0.0679229  0.253855
-3.14159  0.628319  2.51327  0.08605  0.261753
-1.88496  0.628319  2.51327  0.109854  0.25087
-0.628319  0.628319  2.51327  0.141401  0.196602
0.628319  0.628319  2.51327  0.141401  -0.196602
1.88496  0.628319  2.51327  0.109854  -0.25087
3.14159  0.628319  2.51327  0.08605  -0.261753
4.39823  0.628319  2.51327  0.0679229  -0.253855
5.65487  0.628319  2.51327  0.0540929  -0.238831
6.9115  0.628319  2.51327  0.0435492  -0.221745
8.16814  0.628319  2.51327  0.0354821  -0.204859
10.6814  0.628319  2.51327  0.0244228  -0.174849
13.1947  0.628319  2.51327  0.0175786  -0.150699
18.2212  0.628319  2.51327  0.0101507  -0.116337
27.0177  0.628319  2.51327  0.00492592  -0.0818839
54.6637  0.628319  2.51327  0.0012576  -0.0416601
-33.3009  0.628319  3.14159  0.00373252  0.0681011
-21.9911  0.628319  3.14159  0.00813544  0.0998771
-15.708  0.628319  3.14159  0.0147371  0.132985
-10.6814  0.628319  3.14159  0.0271958  0.176497
-9.42478  0.628319  3.14159  0.032505  0.190812
-8.16814  0.628319  3.14159  0.0392979  0.206579
-6.9115  0.628319  3.14159  0.0480744  0.223478
-5.65487  0.628319  3.14159  0.0595029  0.240582
-4.39823  0.628319  3.14159  0.0744569  0.255715
-3.14159  0.628319  3.14159  0.0940411  0.264134
-1.88496  0.628319  3.14159  0.119605  0.25568
-0.628319  0.628319  3.14159  0.155088  0.202423
0.628319  0.628319  3.14159  0.155088  -0.202423
1.88496  0.628319  3.14159  0.119605  -0.25568
3.14159  0.628319  3.14159  0.0940411  -0.264134
4.39823  0.628319  3.14159  0.0744569  -0.255715
5.65487  0.628319  3.14159  0.0595029  -0.240582
6.9115  0.628319  3.14159  0.0480744  -0.223478
8.16814  0.628319  3.14159  0.0392979  -0.206579
10.6814  0.628319  3.14159  0.0271958  -0.176497
13.1947  0.628319  3.14159  0.0196511  -0.152233
18.2212  0.628319  3.14159  0.0114018  -0.117625
27.0177  0.628319  3.14159  0.0055537  -0.0828464
54.6637  0.628319  3.14159  0.00142186  -0.0421705
-33.3009  0.628319  3.76991  0.00330657  0.0672954
-21.9911  0.628319  3.76991  0.00722794  0.0987463
-15.708  0.628319  3.76991  0.0131462  0.131576
-10.6814  0.628319  3.76991  0.0244228  0.174849
-9.42478  0.628319  3.76991  0.0292636  0.18912
-8.16814  0.628319  3.76991  0.0354821  0.204859
-6.9115  0.628319  3.76991  0.0435492  0.221745
-5.65487  0.628319  3.76991  0.0540929  0.238831
-4.39823  0.628319  3.76991  0.0679229  0.253855
-3.14159  0.628319  3.76991  0.08605  0.261753
-1.88496  0.628319  3.76991  0.109854  0.25087
-0.628319  0.628319  3.76991  0.141401  0.196602
0.628319  0.628319  3.76991  0.141401  -0.196602
1.88496  0.628319  3.76991  0.109854  -0.25087
3.14159  0.628319  3.76991  0.08605  -0.261753
4.39823  0.628319  3.76991  0.0679229  -0.253855
5.65487  0.628319  3.76991  0.0540929  -0.238831
6.9115  0.628319  3.76991  0.0435492  -0.221745
8.16814  0.628319  3.76991  0.0354821  -0.204859
10.6814  0.628319  3.76991  0.0244228  -0.174849
13.1947  0.628319  3.76991  0.0175786  -0.150699
18.2212  0.628319  3.76991  0.0101507  -0.116337
27.0177  0.628319  3.76991  0.00492592  -0.0818839
54.6637  0.628319  3.76991  0.0012576  -0.0416601
-33.3009  0.628319  4.39823  0.00221864  0.0653854
-21.9911  0.628319  4.39823  0.00490675  0.0960728
-15.708  0.628319  4.39823  0.0090717  0.128267
-10.6814  0.628319  4.39823  0.0173247  0.171054
-9.42478  0.628319  4.39823  0.0209794  0.185271
-8.16814  0.628319  4.39823  0.0257599  0.201016
-6.9115  0.628319  4.39823  0.032089  0.217977
-5.65487  0.628319  4.39823  0.0405445  0.235172
-4.39823  0.628319  4.39823  0.0518828  0.250144
-3.14159  0.628319  4.39823  0.0670266  0.257209
-1.88496  0.628319  4.39823  0.0869692  0.243372
-0.628319  0.628319  4.39823  0.1137  0.173099
0.628319  0.628319  4.39823  0.1137  -0.173099
1.88496  0.628319  4.39823  0.0869692  -0.243372
3.14159  0.628319  4.39823  0.0670266  -0.257209
4.39823  0.628319  4.39823  0.0518828  -0.250144
5.65487  0.628319  4.39823  0.0405445  -0.235172
6.9115  0.628319  4.39823  0.0320889  -0.217977
8.16814  0.628319  4.39823  0.0257598  -0.201016
10.6814  0.628319  4.39823  0.0173248  -0.171054
13.1947  0.628319  4.39823  0.0122691  -0.147119
18.2212  0.628319  4.39823  0.00694807  -0.113299
27.0177  0.628319  4.39823  0.00332147  -0.0796042
54.6637  0.628319  4.39823  0.000838472  -0.0404489
-33.3009  0.628319  5.02655  0.000883206  0.0631319
-21.9911  0.628319  5.02655  0.00205097  0.0929196
-15.708  0.628319  5.02655  0.00404787  0.124379
-10.6814  0.628319  5.02655  0.00857705  0.166674
-9.42478  0.628319  5.02655  0.0107926  0.180885
-8.16814  0.628319  5.02655  0.013862  0.196728
-6.9115  0.628319  5.02655  0.0181972  0.213922
-5.65487  0.628319  5.02655  0.0244204  0.231459
-4.39823  0.628319  5.02655  0.0334374  0.246648
-3.14159  0.628319  5.02655  0.0464612  0.252919
-1.88496  0.628319  5.02655  0.0648323  0.2343
-0.628319  0.628319  5.02655  0.0878667  0.154101
0.628319  0.628319  5.02655  0.0878667  -0.154101
1.88496  0.628319  5.02655  0.0648323  -0.2343
3.14159  0.628319  5.02655  0.0464612  -0.252919
4.39823  0.628319  5.02655  0.0334374  -0.246648
5.65487  0.628319  5.02655  0.0244204  -0.231459
6.9115  0.628319  5.02655  0.0181972  -0.213922
8.16814  0.628319  5.02655  0.013862  -0.196728
10.6814  0.628319  5.02655  0.00857706  -0.166674
13.1947  0.628319  5.02655  0.00571873  -0.142935
18.2212  0.628319  5.02655  0.00300282  -0.10972
27.0177  0.628319  5.02655  0.00134997  -0.0769145
54.6637  0.628319  5.02655  0.000324704  -0.0390205
-33.3009  0.628319  5.65487  -0.000220985  0.0611353
-21.9911  0.628319  5.65487  -0.000316501  0.0901075
-15.708  0.628319  5.65487  -0.000129233  0.12088
-10.6814  0.628319  5.65487  0.00129063  0.162676
-9.42478  0.628319  5.65487  0.00231549  0.176863
-8.16814  0.628319  5.65487  0.00398918  0.192777
-6.9115  0.628319  5.65487  0.00674648  0.210171
-5.65487  0.628319  5.65487  0.0113146  0.228024
-4.39823  0.628319  5.65487  0.0188527  0.243443
-3.14159  0.628319  5.65487  0.0309572  0.249124
-1.88496  0.628319  5.65487  0.0487694  0.227764
-0.628319  0.628319  5.65487  0.0697805  0.138214
0.628319  0.628319  5.65487  0.0697805  -0.138214
1.88496  0.628319  5.65487  0.0487694  -0.227764
3.14159  0.628319  5.65487  0.0309572  -0.249124
4.39823  0.628319  5.65487  0.0188527  -0.243443
5.65487  0.628319  5.65487  0.0113146  -0.228024
6.9115  0.628319  5.65487  0.00674649  -0.210171
8.16814  0.628319  5.65487  0.0039892  -0.192777
10.6814  0.628319  5.65487  0.00129065  -0.162676
13.1947  0.628319  5.65487  0.000265105  -0.139147
18.2212  0.628319  5.65487  -0.000273104  -0.106514
27.0177  0.628319  5.65487  -0.000282007  -0.0745248
54.6637  0.628319  5.65487  -9.94303e-05  -0.0377596
-33.3009  0.628319  6.28319  -0.000652512  0.0602829
-21.9911  0.628319  6.28319  -0.00124336  0.088899
-15.708  0.628319  6.28319  -0.00176811  0.11936
-10.6814  0.628319  6.28319  -0.00157479  0.1609
-9.42478  0.628319  6.28319  -0.00101879  0.175056
-8.16814  0.628319  6.28319  0.000107977  0.190975
-6.9115  0.628319  6.28319  0.00225378  0.208422
-5.65487  0.628319  6.28319  0.00619663  0.226367
-4.39823  0.628319  6.28319  0.0132093  0.241832
-3.14159  0.628319  6.28319  0.0250471  0.247151
-1.88496  0.628319  6.28319  0.0428984  0.223809
-0.628319  0.628319  6.28319  0.0622298  0.136327
0.628319  0.628319  6.28319  0.0622298  -0.136327
1.88496  0.628319  6.28319  0.0428984  -0.223809
3.14159  0.628319  6.28319  0.0250471  -0.247151
4.39823  0.628319  6.28319  0.0132093  -0.241832
5.65487  0.628319  6.28319  0.00619663  -0.226367
6.9115  0.628319  6.28319  0.00225379  -0.208422
8.16814  0.628319  6.28319  0.000107991  -0.190975
10.6814  0.628319  6.28319  -0.00157478  -0.1609
13.1947  0.628319  6.28319  -0.0018772  -0.137488
18.2212  0.628319  6.28319  -0.00155709  -0.105129
27.0177  0.628319  6.28319  -0.000920272  -0.0735018
54.6637  0.628319  6.28319  -0.000265015  -0.0372231
-33.3009  1.25664  0  0.000464506  0.0623231
-21.9911  1.25664  0  0.00115449  0.0917721
-15.708  1.25664  0  0.00246694  0.122928
-10.6814  1.25664  0  0.00580481  0.164934
-9.42478  1.25664  0  0.00755114  0.179086
-8.16814  1.25664  0  0.0100527  0.194892
-6.9115  1.25664  0  0.0137082  0.212085
-5.65487  1.25664  0  0.0191391  0.229681
-4.39823  1.25664  0  0.027293  0.245015
-3.14159  1.25664  0  0.0395284  0.251478
-1.88496  1.25664  0  0.0573223  0.23295
-0.628319  1.25664  0  0.0797654  0.145597
0.628319  1.25664  0  0.0797654  -0.145597
1.88496  1.25664  0  0.0573223  -0.23295
3.14159  1.25664  0  0.0395284  -0.251478
4.39823  1.25664  0  0.027293  -0.245015
5.65487  1.25664  0  0.0191391  -0.229681
6.9115  1.25664  0  0.0137082  -0.212085
8.16814  1.25664  0  0.0100527  -0.194892
10.6814  1.25664  0  0.00580483  -0.164934
13.1947  1.25664  0  0.00365252  -0.141338
18.2212  1.25664  0  0.00176296  -0.108403
27.0177  1.25664  0  0.00073155  -0.0759438
54.6637  1.25664  0  0.000163712  -0.0385111
-33.3009  1.25664  0.628319  0.000883206  0.0631319
-21.9911  1.25664  0.628319  0.00205097  0.0929196
-15.708  1.25664  0.628319  0.00404787  0.124379
-10.6814  1.25664  0.628319  0.00857705  0.166674
-9.42478  1.25664  0.628319  0.0107926  0.180885
-8.16814  1.25664  0.628319  0.013862  0.196728
-6.9115  1.25664  0.628319  0.0181972  0.213922
-5.65487  1.25664  0.628319  0.0244204  0.231459
-4.39823  1.25664  0.628319  0.0334374  0.246648
-3.14159  1.25664  0.628319  0.0464612  0.252919
-1.88496  1.25664  0.628319  0.0648323  0.2343
-0.628319  1.25664  0.628319  0.0878667  0.154101
0.628319  1.25664  0.628319  0.0878667  -0.154101
1.88496  1.25664  0.628319  0.0648323  -0.2343
3.14159  1.25664  0.628319  0.0464612  -0.252919
4.39823  1.25664  0.628319  0.0334374  -0.246648
5.65487  1.25664  0.628319  0.0244204  -0.231459
6.9115  1.25664  0.628319  0.0181972  -0.213922
8.16814  1.25664  0.628319  0.013862  -0.196728
10.6814  1.25664  0.628319  0.00857706  -0.166674
13.1947  1.25664  0.628319  0.00571873  -0.142935
18.2212  1.25664  0.628319  0.00300282  -0.10972
27.0177  1.25664  0.628319  0.00134997  -0.0769145
54.6637  1.25664  0.628319  0.000324704  -0.0390205
-33.3009  1.25664  1.25664  0.00196372  0.0650612
-21.9911  1.25664  1.25664  0.00436102  0.0956398
-15.708  1.25664  1.25664  0.00811353  0.127786
-10.6814  1.25664  1.25664  0.0156845  0.170681
-9.42478  1.25664  1.25664  0.0190942  0.184991
-8.16814  1.25664  1.25664  0.0236069  0.200871
-6.9115  1.25664  1.25664  0.029671  0.218003
-5.65487  1.25664  1.25664  0.0379218  0.235333
-4.39823  1.25664  1.25664  0.0492107  0.250147
-3.14159  1.25664  1.25664  0.0645176  0.256088
-1.88496  1.25664  1.25664  0.0844926  0.239132
-0.628319  1.25664  1.25664  0.109611  0.165723
0.628319  1.25664  1.25664  0.109611  -0.165723
1.88496  1.25664  1.25664  0.0844926  -0.239132
3.14159  1.25664  1.25664  0.0645176  -0.256088
4.39823  1.25664  1.25664  0.0492108  -0.250147
5.65487  1.25664  1.25664  0.0379218  -0.235333
6.9115  1.25664  1.25664  0.029671  -0.218003
8.16814  1.25664  1.25664  0.0236069  -0.200871
10.6814  1.25664  1.25664  0.0156845  -0.170681
13.1947  1.25664  1.25664  0.0110254  -0.146657
18.2212  1.25664  1.25664  0.00619444  -0.112829
27.0177  1.25664  1.25664  0.00294487  -0.0792239
54.6637  1.25664  1.25664  0.00074052  -0.0402396
-33.3009  1.25664  1.88496  0.00328778  0.0673057
-21.9911  1.25664  1.88496  0.00718601  0.0987873
-15.708  1.25664  1.88496  0.0130733  0.1317
-10.6814  1.25664  1.88496  0.0243299  0.175227
-9.42478  1.25664  1.88496  0.0291863  0.18963
-8.16814  1.25664  1.88496  0.0354515  0.205534
-6.9115  1.25664  1.88496  0.0436283  0.222591
-5.65487  1.25664  1.88496  0.0543994  0.239725
-4.39823  1.25664  1.88496  0.0686444  0.254254
-3.14159  1.25664  1.88496  0.0873459  0.259948
-1.88496  1.25664  1.88496  0.111178  0.242787
-0.628319  1.25664  1.88496  0.139203  0.180535
0.628319  1.25664  1.88496  0.139203  -0.180535
1.88496  1.25664  1.88496  0.111178  -0.242787
3.14159  1.25664  1.88496  0.0873459  -0.259948
4.39823  1.25664  1.88496  0.0686444  -0.254254
5.65487  1.25664  1.88496  0.0543994  -0.239725
6.9115  1.25664  1.88496  0.0436283  -0.222591
8.16814  1.25664  1.88496  0.0354515  -0.205534
10.6814  1.25664  1.88496  0.0243299  -0.175227
13.1947  1.25664  1.88496  0.01749  -0.15091
18.2212  1.25664  1.88496  0.0100924  -0.116413
27.0177  1.25664  1.88496  0.00489755  -0.0819045
54.6637  1.25664  1.88496  0.00125067  -0.0416622
-33.3009  1.25664  2.51327  0.00437414  0.0692158
-21.9911  1.25664  2.51327  0.00949986  0.101466
-15.708  1.25664  2.51327  0.0171282  0.135038
-10.6814  1.25664  2.51327  0.031389  0.179147
-9.42478  1.25664  2.51327  0.0374286  0.19366
-8.16814  1.25664  2.51327  0.0451341  0.209639
-6.9115  1.25664  2.51327  0.0550629  0.226727
-5.65487  1.25664  2.51327  0.0679578  0.243875
-4.39823  1.25664  2.51327  0.0847692  0.258524
-3.14159  1.25664  2.51327  0.106588  0.2648
-1.88496  1.25664  2.51327  0.134152  0.249265
-0.628319  1.25664  2.51327  0.166844  0.175468
0.628319  1.25664  2.51327  0.166844  -0.175468
1.88496  1.25664  2.51327  0.134152  -0.249265
3.14159  1.25664  2.51327  0.106588  -0.2648
4.39823  1.25664  2.51327  0.0847692  -0.258524
5.65487  1.25664  2.51327  0.0679578  -0.243875
6.9115  1.25664  2.51327  0.0550629  -0.226727
8.16814  1.25664  2.51327  0.0451341  -0.209639
10.6814  1.25664  2.51327  0.031389  -0.179147
13.1947  1.25664  2.51327  0.0227708  -0.15455
18.2212  1.25664  2.51327  0.0132819  -0.119466
27.0177  1.25664  2.51327  0.00649843  -0.0841855
54.6637  1.25664  2.51327  0.00166967  -0.0428731
-33.3009  1.25664  3.14159  0.00479942  0.0700154
-21.9911  1.25664  3.14159  0.010405  0.102591
-15.708  1.25664  3.14159  0.0187134  0.136448
-10.6814  1.25664  3.14159  0.0341493  0.180828
-9.42478  1.25664  3.14159  0.0406535  0.195403
-8.16814  1.25664  3.14159  0.0489266  0.211436
-6.9115  1.25664  3.14159  0.0595491  0.228573
-5.65487  1.25664  3.14159  0.0732892  0.245784
-4.39823  1.25664  3.14159  0.0911205  0.260578
-3.14159  1.25664  3.14159  0.114163  0.267199
-1.88496  1.25664  3.14159  0.14345  0.251476
-0.628319  1.25664  3.14159  0.178048  0.174055
0.628319  1.25664  3.14159  0.178048  -0.174055
1.88496  1.25664  3.14159  0.14345  -0.251476
3.14159  1.25664  3.14159  0.114163  -0.267199
4.39823  1.25664  3.14159  0.0911205  -0.260578
5.65487  1.25664  3.14159  0.0732892  -0.245784
6.9115  1.25664  3.14159  0.0595491  -0.228573
8.16814  1.25664  3.14159  0.0489266  -0.211436
10.6814  1.25664  3.14159  0.0341494  -0.180828
13.1947  1.25664  3.14159  0.024835  -0.156095
18.2212  1.25664  3.14159  0.0145291  -0.120752
27.0177  1.25664  3.14159  0.00712492  -0.0851416
54.6637  1.25664  3.14159  0.00183379  -0.0433794
-33.3009  1.25664  3.76991  0.00437414  0.0692158
-21.9911  1.25664  3.76991  0.00949986  0.101466
-15.708  1.25664  3.76991  0.0171282  0.135038
-10.6814  1.25664  3.76991  0.031389  0.179147
-9.42478  1.25664  3.76991  0.0374286  0.19366
-8.16814  1.25664  3.76991  0.0451341  0.209639
-6.9115  1.25664  3.76991  0.0550629  0.226727
-5.65487  1.25664  3.76991  0.0679578  0.243875
-4.39823  1.25664  3.76991  0.0847692  0.258524
-3.14159  1.25664  3.76991  0.106588  0.2648
-1.88496  1.25664  3.76991  0.134152  0.249265
-0.628319  1.25664  3.76991  0.166844  0.175468
0.628319  1.25664  3.76991  0.166844  -0.175468
1.88496  1.25664  3.76991  0.134152  -0.249265
3.14159  1.25664  3.76991  0.106588  -0.2648
4.39823  1.25664  3.76991  0.0847692  -0.258524
5.65487  1.25664  3.76991  0.0679578  -0.243875
6.9115  1.25664  3.76991  0.0550629  -0.226727
8.16814  1.25664  3.76991  0.0451341  -0.209639
10.6814  1.25664  3.76991  0.031389  -0.179147
13.1947  1.25664  3.76991  0.0227708  -0.15455
18.2212  1.25664  3.76991  0.0132819  -0.119466
27.0177  1.25664  3.76991  0.00649843  -0.0841855
54.6637  1.25664  3.76991  0.00166967  -0.0428731
-33.3009  1.25664  4.39823  0.00328778  0.0673057
-21.9911  1.25664  4.39823  0.00718601  0.0987873
-15.708  1.25664  4.39823  0.0130733  0.1317
-10.6814  1.25664  4.39823  0.0243299  0.175227
-9.42478  1.25664  4.39823  0.0291863  0.18963
-8.16814  1.25664  4.39823  0.0354515  0.205534
-6.9115  1.25664  4.39823  0.0436283  0.222591
-5.65487  1.25664  4.39823  0.0543994  0.239725
-4.39823  1.25664  4.39823  0.0686444  0.254254
-3.14159  1.25664  4.39823  0.0873459  0.259948
-1.88496  1.25664  4.39823  0.111178  0.242787
-0.628319  1.25664  4.39823  0.139203  0.180535
0.628319  1.25664  4.39823  0.139203  -0.180535
1.88496  1.25664  4.39823  0.111178  -0.242787
3.14159  1.25664  4.39823  0.0873459  -0.259948
4.39823  1.25664  4.39823  0.0686444  -0.254254
5.65487  1.25664  4.39823  0.0543994  -0.239725
6.9115  1.25664  4.39823  0.0436283  -0.222591
8.16814  1.25664  4.39823  0.0354515  -0.205534
10.6814  1.25664  4.39823  0.0243299  -0.175227
13.1947  1.25664  4.39823  0.01749  -0.15091
18.2212  1.25664  4.39823  0.0100924  -0.116413
27.0177  1.25664  4.39823  0.00489755  -0.0819045
54.6637  1.25664  4.39823  0.00125067  -0.0416622
-33.3009  1.25664  5.02655  0.00196372  0.0650612
-21.9911  1.25664  5.02655  0.00436102  0.0956398
-15.708  1.25664  5.02655  0.00811353  0.127786
-10.6814  1.25664  5.02655  0.0156845  0.170681
-9.42478  1.25664  5.02655  0.0190942  0.184991
-8.16814  1.25664  5.02655  0.0236069  0.200871
-6.9115  1.25664  5.02655  0.029671  0.218003
-5.65487  1.25664  5.02655  0.0379218  0.235333
-4.39823  1.25664  5.02655  0.0492107  0.250147
-3.14159  1.25664  5.02655  0.0645176  0.256088
-1.88496  1.25664  5.02655  0.0844926  0.239132
-0.628319  1.25664  5.02655  0.109611  0.165723
0.628319  1.25664  5.02655  0.109611  -0.165723
1.88496  1.25664  5.02655  0.0844926  -0.239132
3.14159  1.25664  5.02655  0.0645176  -0.256088
4.39823  1.25664  5.02655  0.0492108  -0.250147
5.65487  1.25664  5.02655  0.0379218  -0.235333
6.9115  1.25664  5.02655  0.029671  -0.218003
8.16814  1.25664  5.02655  0.0236069  -0.200871
10.6814  1.25664  5.02655  0.0156845  -0.170681
13.1947  1.25664  5.02655  0.0110254  -0.146657
18.2212  1.25664  5.02655  0.00619444  -0.112829
27.0177  1.25664  5.02655  0.00294487  -0.0792239
54.6637  1.25664  5.02655  0.00074052  -0.0402396
-33.3009  1.25664  5.65487  0.000883206  0.0631319
-21.9911  1.25664  5.65487  0.00205097  0.0929196
-15.708  1.25664  5.65487  0.00404787  0.124379
-10.6814  1.25664  5.65487  0.00857705  0.166674
-9.42478  1.25664  5.65487  0.0107926  0.180885
-8.16814  1.25664  5.65487  0.013862  0.196728
-6.9115  1.25664  5.65487  0.0181972  0.213922
-5.65487  1.25664  5.65487  0.0244204  0.231459
-4.39823  1.25664  5.65487  0.0334374  0.246648
-3.14159  1.25664  5.65487  0.0464612  0.252919
-1.88496  1.25664  5.65487  0.0648323  0.2343
-0.628319  1.25664  5.65487  0.0878667  0.154101
0.628319  1.25664  5.65487  0.0878667  -0.154101
1.88496  1.25664  5.65487  0.0648323  -0.2343
3.14159  1.25664  5.65487  0.0464612  -0.252919
4.39823  1.25664  5.65487  0.0334374  -0.246648
5.65487  1.25664  5.65487  0.0244204  -0.231459
6.9115  1.25664  5.65487  0.0181972  -0.213922
8.16814  1.25664  5.65487  0.013862  -0.196728
10.6814  1.25664  5.65487  0.00857706  -0.166674
13.1947  1.25664  5.65487  0.00571873  -0.142935
18.2212  1.25664  5.65487  0.00300282  -0.10972
27.0177  1.25664  5.65487  0.00134997  -0.0769145
54.6637  1.25664  5.65487  0.000324704  -0.0390205
-33.3009  1.25664  6.28319  0.000464506  0.0623231
-21.9911  1.25664  6.28319  0.00115449  0.0917721
-15.708  1.25664  6.28319  0.00246694  0.122928
-10.6814  1.25664  6.28319  0.00580481  0.164934
-9.42478  1.25664  6.28319  0.00755114  0.179086
-8.16814  1.25664  6.28319  0.0100527  0.194892
-6.9115  1.25664  6.28319  0.0137082  0.212085
-5.65487  1.25664  6.28319  0.0191391  0.229681
-4.39823  1.25664  6.28319  0.027293  0.245015
-3.14159  1.25664  6.28319  0.0395284  0.251478
-1.88496  1.25664  6.28319  0.0573223  0.23295
-0.628319  1.25664  6.28319  0.0797654  0.145597
0.628319  1.25664  6.28319  0.0797654  -0.145597
1.88496  1.25664  6.28319  0.0573223  -0.23295
3.14159  1.25664  6.28319  0.0395284  -0.251478
4.39823  1.25664  6.28319  0.027293  -0.245015
5.65487  1.25664  6.28319  0.0191391  -0.229681
6.9115  1.25664  6.28319  0.0137082  -0.212085
8.16814  1.25664  6.28319  0.0100527  -0.194892
10.6814  1.25664  6.28319  0.00580483  -0.164934
13.1947  1.25664  6.28319  0.00365252  -0.141338
18.2212  1.25664  6.28319  0.00176296  -0.108403
27.0177  1.25664  6.28319  0.00073155  -0.0759438
54.6637  1.25664  6.28319  0.000163712  -0.0385111
-33.3009  1.88496  0  0.00180646  0.0645786
-21.9911  1.88496  0  0.00402694  0.0949248
-15.708  1.88496  0  0.00752406  0.126801
-10.6814  1.88496  0  0.0146038  0.169235
-9.42478  1.88496  0  0.0177844  0.183354
-8.16814  1.88496  0  0.0219744  0.199003
-6.9115  1.88496  0  0.0275591  0.215887
-5.65487  1.88496  0  0.0350635  0.233059
-4.39823  1.88496  0  0.0451733  0.248168
-3.14159  1.88496  0  0.0587644  0.255738
-1.88496  1.88496  0  0.077237  0.242335
-0.628319  1.88496  0  0.103247  0.170304
0.628319  1.88496  0  0.103247  -0.170304
1.88496  1.88496  0  0.077237  -0.242335
3.14159  1.88496  0  0.0587644  -0.255738
4.39823  1.88496  0  0.0451733  -0.248168
5.65487  1.88496  0  0.0350635  -0.233059
6.9115  1.88496  0  0.0275591  -0.215887
8.16814  1.88496  0  0.0219744  -0.199003
10.6814  1.88496  0  0.0146038  -0.169235
13.1947  1.88496  0  0.0102467  -0.145488
18.2212  1.88496  0  0.00573318  -0.111975
27.0177  1.88496  0  0.00271355  -0.0786351
54.6637  1.88496  0  0.00067967  -0.0399409
-33.3009  1.88496  0.628319  0.00221864  0.0653854
-21.9911  1.88496  0.628319  0.00490675  0.0960728
-15.708  1.88496  0.628319  0.0090717  0.128267
-10.6814  1.88496  0.628319  0.0173247  0.171054
-9.42478  1.88496  0.628319  0.0209794  0.185271
-8.16814  1.88496  0.628319  0.0257599  0.201016
-6.9115  1.88496  0.628319  0.032089  0.217977
-5.65487  1.88496  0.628319  0.0405445  0.235172
-4.39823  1.88496  0.628319  0.0518828  0.250144
-3.14159  1.88496  0.628319  0.0670266  0.257209
-1.88496  1.88496  0.628319  0.0869692  0.243372
-0.628319  1.88496  0.628319  0.1137  0.173099
0.628319  1.88496  0.628319  0.1137  -0.173099
1.88496  1.88496  0.628319  0.0869692  -0.243372
3.14159  1.88496  0.628319  0.0670266  -0.257209
4.39823  1.88496  0.628319  0.0518828  -0.250144
5.65487  1.88496  0.628319  0.0405445  -0.235172
6.9115  1.88496  0.628319  0.0320889  -0.217977
8.16814  1.88496  0.628319  0.0257598  -0.201016
10.6814  1.88496  0.628319  0.0173248  -0.171054
13.1947  1.88496  0.628319  0.0122691  -0.147119
18.2212  1.88496  0.628319  0.00694807  -0.113299
27.0177  1.88496  0.628319  0.00332147  -0.0796042
54.6637  1.88496  0.628319  0.000838472  -0.0404489
-33.3009  1.88496  1.25664  0.00328778  0.0673057
-21.9911  1.88496  1.25664  0.00718601  0.0987873
-15.708  1.88496  1.25664  0.0130733  0.1317
-10.6814  1.88496  1.25664  0.0243299  0.175227
-9.42478  1.88496  1.25664  0.0291863  0.18963
-8.16814  1.88496  1.25664  0.0354515  0.205534
-6.9115  1.88496  1.25664  0.0436283  0.222591
-5.65487  1.88496  1.25664  0.0543994  0.239725
-4.39823  1.88496  1.25664  0.0686444  0.254254
-3.14159  1.88496  1.25664  0.0873459  0.259948
-1.88496  1.88496  1.25664  0.111178  0.242787
-0.628319  1.88496  1.25664  0.139203  0.180535
0.628319  1.88496  1.25664  0.139203  -0.180535
1.88496  1.88496  1.25664  0.111178  -0.242787
3.14159  1.88496  1.25664  0.0873459  -0.259948
4.39823  1.88496  1.25664  0.0686444  -0.254254
5.65487  1.88496  1.25664  0.0543994  -0.239725
6.9115  1.88496  1.25664  0.0436283  -0.222591
8.16814  1.88496  1.25664  0.0354515  -0.205534
10.6814  1.88496  1.25664  0.0243299  -0.175227
13.1947  1.88496  1.25664  0.01749  -0.15091
18.2212  1.88496  1.25664  0.0100924  -0.116413
27.0177  1.88496  1.25664  0.00489755  -0.0819045
54.6637  1.88496  1.25664  0.00125067  -0.0416622
-33.3009  1.88496  1.88496  0.00461046  0.0695497
-21.9911  1.88496  1.88496  0.0100016  0.101942
-15.708  1.88496  1.88496  0.0180059  0.135654
-10.6814  1.88496  1.88496  0.0329231  0.179953
-9.42478  1.88496  1.88496  0.0392272  0.194526
-8.16814  1.88496  1.88496  0.0472613  0.210557
-6.9115  1.88496  1.88496  0.0576003  0.227653
-5.65487  1.88496  1.88496  0.0710026  0.244654
-4.39823  1.88496  1.88496  0.0884035  0.258699
-3.14159  1.88496  1.88496  0.11072  0.263242
-1.88496  1.88496  1.88496  0.137933  0.24401
-0.628319  1.88496  1.88496  0.168086  0.167466
0.628319  1.88496  1.88496  0.168086  -0.167466
1.88496  1.88496  1.88496  0.137933  -0.24401
3.14159  1.88496  1.88496  0.11072  -0.263242
4.39823  1.88496  1.88496  0.0884035  -0.258699
5.65487  1.88496  1.88496  0.0710026  -0.244654
6.9115  1.88496  1.88496  0.0576003  -0.227653
8.16814  1.88496  1.88496  0.0472613  -0.210557
10.6814  1.88496  1.88496  0.0329231  -0.179953
13.1947  1.88496  1.88496  0.0239144  -0.155248
18.2212  1.88496  1.88496  0.0139727  -0.120017
27.0177  1.88496  1.88496  0.00684619  -0.0845861
54.6637  1.88496  1.88496  0.00176104  -0.0430842
-33.3009  1.88496  2.51327  0.00570367  0.0714691
-21.9911  1.88496  2.51327  0.0123267  0.104641
-15.708  1.88496  2.51327  0.0220745  0.139042
-10.6814  1.88496  2.51327  0.039993  0.184016
-9.42478  1.88496  2.51327  0.0474755  0.198744
-8.16814  1.88496  2.51327  0.0569377  0.214898
-6.9115  1.88496  2.51327  0.068996  0.232056
-5.65487  1.88496  2.51327  0.0844326  0.249003
-4.39823  1.88496  2.51327  0.104149  0.262757
-3.14159  1.88496  2.51327  0.128896  0.266354
-1.88496  1.88496  2.51327  0.158409  0.243403
-0.628319  1.88496  2.51327  0.188628  0.157337
0.628319  1.88496  2.51327  0.188628  -0.157337
1.88496  1.88496  2.51327  0.158409  -0.243403
3.14159  1.88496  2.51327  0.128896  -0.266354
4.39823  1.88496  2.51327  0.104149  -0.262757
5.65487  1.88496  2.51327  0.0844326  -0.249003
6.9115  1.88496  2.51327  0.068996  -0.232056
8.16814  1.88496  2.51327  0.0569377  -0.214898
10.6814  1.88496  2.51327  0.039993  -0.184016
13.1947  1.88496  2.51327  0.0292088  -0.15897
18.2212  1.88496  2.51327  0.017175  -0.123103
27.0177  1.88496  2.51327  0.00845614  -0.0868802
54.6637  1.88496  2.51327  0.00218309  -0.0443005
-33.3009  1.88496  3.14159  0.00613359  0.072271
-21.9911  1.88496  3.14159  0.0132409  0.105771
-15.708  1.88496  3.14159  0.0236739  0.140467
-10.6814  1.88496  3.14159  0.0427708  0.185738
-9.42478  1.88496  3.14159  0.0507147  0.200539
-8.16814  1.88496  3.14159  0.0607336  0.216756
-6.9115  1.88496  3.14159  0.0734569  0.233957
-5.65487  1.88496  3.14159  0.0896675  0.25091
-4.39823  1.88496  3.14159  0.110239  0.264592
-3.14159  1.88496  3.14159  0.135848  0.267902
-1.88496  1.88496  3.14159  0.165978  0.244162
-0.628319  1.88496  3.14159  0.196152  0.149609
0.628319  1.88496  3.14159  0.196152  -0.149609
1.88496  1.88496  3.14159  0.165978  -0.244162
3.14159  1.88496  3.14159  0.135848  -0.267902
4.39823  1.88496  3.14159  0.110239  -0.264592
5.65487  1.88496  3.14159  0.0896675  -0.25091
6.9115  1.88496  3.14159  0.0734569  -0.233957
8.16814  1.88496  3.14159  0.0607336  -0.216756
10.6814  1.88496  3.14159  0.0427708  -0.185738
13.1947  1.88496  3.14159  0.0312899  -0.16054
18.2212  1.88496  3.14159  0.018434  -0.124398
27.0177  1.88496  3.14159  0.00908921  -0.0878396
54.6637  1.88496  3.14159  0.00234911  -0.0448081
-33.3009  1.88496  3.76991  0.00570367  0.0714691
-21.9911  1.88496  3.76991  0.0123267  0.104641
-15.708  1.88496  3.76991  0.0220745  0.139042
-10.6814  1.88496  3.76991  0.039993  0.184016
-9.42478  1.88496  3.76991  0.0474755  0.198744
-8.16814  1.88496  3.76991  0.0569377  0.214898
-6.9115  1.88496  3.76991  0.068996  0.232056
-5.65487  1.88496  3.76991  0.0844326  0.249003
-4.39823  1.88496  3.76991  0.104149  0.262757
-3.14159  1.88496  3.76991  0.128896  0.266354
-1.88496  1.88496  3.76991  0.158409  0.243403
-0.628319  1.88496  3.76991  0.188628  0.157337
0.628319  1.88496  3.76991  0.188628  -0.157337
1.88496  1.88496  3.76991  0.158409  -0.243403
3.14159  1.88496  3.76991  0.128896  -0.266354
4.39823  1.88496  3.76991  0.104149  -0.262757
5.65487  1.88496  3.76991  0.0844326  -0.249003
6.9115  1.88496  3.76991  0.068996  -0.232056
8.16814  1.88496  3.76991  0.0569377  -0.214898
10.6814  1.88496  3.76991  0.039993  -0.184016
13.1947  1.88496  3.76991  0.0292088  -0.15897
18.2212  1.88496  3.76991  0.017175  -0.123103
27.0177  1.88496  3.76991  0.00845614  -0.0868802
54.6637  1.88496  3.76991  0.00218309  -0.0443005
-33.3009  1.88496  4.39823  0.00461046  0.0695497
-21.9911  1.88496  4.39823  0.0100016  0.101942
-15.708  1.88496  4.39823  0.0180059  0.135654
-10.6814  1.88496  4.39823  0.0329231  0.179953
-9.42478  1.88496  4.39823  0.0392272  0.194526
-8.16814  1.88496  4.39823  0.0472613  0.210557
-6.9115  1.88496  4.39823  0.0576003  0.227653
-5.65487  1.88496  4.39823  0.0710026  0.244654
-4.39823  1.88496  4.39823  0.0884035  0.258699
-3.14159  1.88496  4.39823  0.11072  0.263242
-1.88496  1.88496  4.39823  0.137933  0.24401
-0.628319  1.88496  4.39823  0.168086  0.167466
0.628319  1.88496  4.39823  0.168086  -0.167466
1.88496  1.88496  4.39823  0.137933  -0.24401
3.14159  1.88496  4.39823  0.11072  -0.263242
4.39823  1.88496  4.39823  0.0884035  -0.258699
5.65487  1.88496  4.39823  0.0710026  -0.244654
6.9115  1.88496  4.39823  0.0576003  -0.227653
8.16814  1.88496  4.39823  0.0472613  -0.210557
10.6814  1.88496  4.39823  0.0329231  -0.179953
13.1947  1.88496  4.39823  0.0239144  -0.155248
18.2212  1.88496  4.39823  0.0139727  -0.120017
27.0177  1.88496  4.39823  0.00684619  -0.0845861
54.6637  1.88496  4.39823  0.00176104  -0.0430842
-33.3009  1.88496  5.02655  0.00328778  0.0673057
-21.9911  1.88496  5.02655  0.00718601  0.0987873
-15.708  1.88496  5.02655  0.0130733  0.1317
-10.6814  1.88496  5.02655  0.0243299  0.175227
-9.42478  1.88496  5.02655  0.0291863  0.18963
-8.16814  1.88496  5.02655  0.0354515  0.205534
-6.9115  1.88496  5.02655  0.0436283  0.222591
-5.65487  1.88496  5.02655  0.0543994  0.239725
-4.39823  1.88496  5.02655  0.0686444  0.254254
-3.14159  1.88496  5.02655  0.0873459  0.259948
-1.88496  1.88496  5.02655  0.111178  0.242787
-0.628319  1.88496  5.02655  0.139203  0.180535
0.628319  1.88496  5.02655  0.139203  -0.180535
1.88496  1.88496  5.02655  0.111178  -0.242787
3.14159  1.88496  5.02655  0.0873459  -0.259948
4.39823  1.88496  5.02655  0.0686444  -0.254254
5.65487  1.88496  5.02655  0.0543994  -0.239725
6.9115  1.88496  5.02655  0.0436283  -0.222591
8.16814  1.88496  5.02655  0.0354515  -0.205534
10.6814  1.88496  5.02655  0.0243299  -0.175227
13.1947  1.88496  5.02655  0.01749  -0.15091
18.2212  1.88496  5.02655  0.0100924  -0.116413
27.0177  1.88496  5.02655  0.00489755  -0.0819045
54.6637  1.88496  5.02655  0.00125067  -0.0416622
-33.3009  1.88496  5.65487  0.00221864  0.0653854
-21.9911  1.88496  5.65487  0.00490675  0.0960728
-15.708  1.88496  5.65487  0.0090717  0.128267
-10.6814  1.88496  5.65487  0.0173247  0.171054
-9.42478  1.88496  5.65487  0.0209794  0.185271
-8.16814  1.88496  5.65487  0.0257599  0.201016
-6.9115  1.88496  5.65487  0.032089  0.217977
-5.65487  1.88496  5.65487  0.0405445  0.235172
-4.39823  1.88496  5.65487  0.0518828  0.250144
-3.14159  1.88496  5.65487  0.0670266  0.257209
-1.88496  1.88496  5.65487  0.0869692  0.243372
-0.628319  1.88496  5.65487  0.1137  0.173099
0.628319  1.88496  5.65487  0.1137  -0.173099
1.88496  1.88496  5.65487  0.0869692  -0.243372
3.14159  1.88496  5.65487  0.0670266  -0.257209
4.39823  1.88496  5.65487  0.0518828  -0.250144
5.65487  1.88496  5.65487  0.0405445  -0.235172
6.9115  1.88496  5.65487  0.0320889  -0.217977
8.16814  1.88496  5.65487  0.0257598  -0.201016
10.6814  1.88496  5.65487  0.0173248  -0.171054
13.1947  1.88496  5.65487  0.0122691  -0.147119
18.2212  1.88496  5.65487  0.00694807  -0.113299
27.0177  1.88496  5.65487  0.00332147  -0.0796042
54.6637  1.88496  5.65487  0.000838472  -0.0404489
-33.3009  1.88496  6.28319  0.00180646  0.0645786
-21.9911  1.88496  6.28319  0.00402694  0.0949248
-15.708  1.88496  6.28319  0.00752406  0.126801
-10.6814  1.88496  6.28319  0.0146038  0.169235
-9.42478  1.88496  6.28319  0.0177844  0.183354
-8.16814  1.88496  6.28319  0.0219744  0.199003
-6.9115  1.88496  6.28319  0.0275591  0.215887
-5.65487  1.88496  6.28319  0.0350635  0.233059
-4.39823  1.88496  6.28319  0.0451733  0.248168
-3.14159  1.88496  6.28319  0.0587644  0.255738
-1.88496  1.88496  6.28319  0.077237  0.242335
-0.628319  1.88496  6.28319  0.103247  0.170304
0.628319  1.88496  6.28319  0.103247  -0.170304
1.88496  1.88496  6.28319  0.077237  -0.242335
3.14159  1.88496  6.28319  0.0587644  -0.255738
4.39823  1.88496  6.28319  0.0451733  -0.248168
5.65487  1.88496  6.28319  0.0350635  -0.233059
6.9115  1.88496  6.28319  0.0275591  -0.215887
8.16814  1.88496  6.28319  0.0219744  -0.199003
10.6814  1.88496  6.28319  0.0146038  -0.169235
13.1947  1.88496  6.28319  0.0102467  -0.145488
18.2212  1.88496  6.28319  0.00573318  -0.111975
27.0177  1.88496  6.28319  0.00271355  -0.0786351
54.6637  1.88496  6.28319  0.00067967  -0.0399409
-33.3009  2.51327  0  0.0028951  0.066482
-21.9911  2.51327  0  0.00635139  0.0975869
-15.708  2.51327  0  0.0116071  0.130086
-10.6814  2.51327  0  0.021717  0.172962
-9.42478  2.51327  0  0.026083  0.187109
-8.16814  2.51327  0  0.0317052  0.202713
-6.9115  2.51327  0  0.0390111  0.219462
-5.65487  2.51327  0  0.0485616  0.23644
-4.39823  2.51327  0  0.0610606  0.251486
-3.14159  2.51327  0  0.0773463  0.259903
-1.88496  2.51327  0  0.0984113  0.251691
-0.628319  2.51327  0  0.129414  0.200535
0.628319  2.51327  0  0.129414  -0.200535
1.88496  2.51327  0  0.0984113  -0.251691
3.14159  2.51327  0  0.0773463  -0.259903
4.39823  2.51327  0  0.0610606  -0.251486
5.65487  2.51327  0  0.0485616  -0.23644
6.9115  2.51327  0  0.0390111  -0.219462
8.16814  2.51327  0  0.0317052  -0.202713
10.6814  2.51327  0  0.021717  -0.172962
13.1947  2.51327  0  0.0155684  -0.149029
18.2212  2.51327  0  0.00894157  -0.114996
27.0177  2.51327  0  0.00431959  -0.0809064
54.6637  2.51327  0  0.00109887  -0.041148
-33.3009  2.51327  0.628319  0.00330657  0.0672954
-21.9911  2.51327  0.628319  0.00722794  0.0987463
-15.708  2.51327  0.628319  0.0131462  0.131576
-10.6814  2.51327  0.628319  0.0244228  0.174849
-9.42478  2.51327  0.628319  0.0292636  0.18912
-8.16814  2.51327  0.628319  0.0354821  0.204859
-6.9115  2.51327  0.628319  0.0435492  0.221745
-5.65487  2.51327  0.628319  0.0540929  0.238831
-4.39823  2.51327  0.628319  0.0679229  0.253855
-3.14159  2.51327  0.628319  0.08605  0.261753
-1.88496  2.51327  0.628319  0.109854  0.25087
-0.628319  2.51327  0.628319  0.141401  0.196602
0.628319  2.51327  0.628319  0.141401  -0.196602
1.88496  2.51327  0.628319  0.109854  -0.25087
3.14159  2.51327  0.628319  0.08605  -0.261753
4.39823  2.51327  0.628319  0.0679229  -0.253855
5.65487  2.51327  0.628319  0.0540929  -0.238831
6.9115  2.51327  0.628319  0.0435492  -0.221745
8.16814  2.51327  0.628319  0.0354821  -0.204859
10.6814  2.51327  0.628319  0.0244228  -0.174849
13.1947  2.51327  0.628319  0.0175786  -0.150699
18.2212  2.51327  0.628319  0.0101507  -0.116337
27.0177  2.51327  0.628319  0.00492592  -0.0818839
54.6637  2.51327  0.628319  0.0012576  -0.0416601
-33.3009  2.51327  1.25664  0.00437414  0.0692158
-21.9911  2.51327  1.25664  0.00949986  0.101466
-15.708  2.51327  1.25664  0.0171282  0.135038
-10.6814  2.51327  1.25664  0.031389  0.179147
-9.42478  2.51327  1.25664  0.0374286  0.19366
-8.16814  2.51327  1.25664  0.0451341  0.209639
-6.9115  2.51327  1.25664  0.0550629  0.226727
-5.65487  2.51327  1.25664  0.0679578  0.243875
-4.39823  2.51327  1.25664  0.0847692  0.258524
-3.14159  2.51327  1.25664  0.106588  0.2648
-1.88496  2.51327  1.25664  0.134152  0.249265
-0.628319  2.51327  1.25664  0.166844  0.175468
0.628319  2.51327  1.25664  0.166844  -0.175468
1.88496  2.51327  1.25664  0.134152  -0.249265
3.14159  2.51327  1.25664  0.106588  -0.2648
4.39823  2.51327  1.25664  0.0847692  -0.258524
5.65487  2.51327  1.25664  0.0679578  -0.243875
6.9115  2.51327  1.25664  0.0550629  -0.226727
8.16814  2.51327  1.25664  0.0451341  -0.209639
10.6814  2.51327  1.25664  0.031389  -0.179147
13.1947  2.51327  1.25664  0.0227708  -0.15455
18.2212  2.51327  1.25664  0.0132819  -0.119466
27.0177  2.51327  1.25664  0.00649843  -0.0841855
54.6637  2.51327  1.25664  0.00166967  -0.0428731
-33.3009  2.51327  1.88496  0.00570367  0.0714691
-21.9911  2.51327  1.88496  0.0123267  0.104641
-15.708  2.51327  1.88496  0.0220745  0.139042
-10.6814  2.51327  1.88496  0.039993  0.184016
-9.42478  2.51327  1.88496  0.0474755  0.198744
-8.16814  2.51327  1.88496  0.0569377  0.214898
-6.9115  2.51327  1.88496  0.068996  0.232056
-5.65487  2.51327  1.88496  0.0844326  0.249003
-4.39823  2.51327  1.88496  0.104149  0.262757
-3.14159  2.51327  1.88496  0.128896  0.266354
-1.88496  2.51327  1.88496  0.158409  0.243403
-0.628319  2.51327  1.88496  0.188628  0.157337
0.628319  2.51327  1.88496  0.188628  -0.157337
1.88496  2.51327  1.88496  0.158409  -0.243403
3.14159  2.51327  1.88496  0.128896  -0.266354
4.39823  2.51327  1.88496  0.104149  -0.262757
5.65487  2.51327  1.88496  0.0844326  -0.249003
6.9115  2.51327  1.88496  0.068996  -0.232056
8.16814  2.51327  1.88496  0.0569377  -0.214898
10.6814  2.51327  1.88496  0.039993  -0.184016
13.1947  2.51327  1.88496  0.0292088  -0.15897
18.2212  2.51327  1.88496  0.017175  -0.123103
27.0177  2.51327  1.88496  0.00845614  -0.0868802
54.6637  2.51327  1.88496  0.00218309  -0.0443005
-33.3009  2.51327  2.51327  0.00681845  0.0734554
-21.9911  2.51327  2.51327  0.0146966  0.107442
-15.708  2.51327  2.51327  0.026219  0.142578
-10.6814  2.51327  2.51327  0.0471804  0.188305
-9.42478  2.51327  2.51327  0.0558472  0.20321
-8.16814  2.51327  2.51327  0.0667294  0.219494
-6.9115  2.51327  2.51327  0.0804623  0.236666
-5.65487  2.51327  2.51327  0.0977984  0.253355
-4.39823  2.51327  2.51327  0.119485  0.266213
-3.14159  2.51327  2.51327  0.14584  0.267459
-1.88496  2.51327  2.51327  0.175509  0.239642
-0.628319  2.51327  2.51327  0.203209  0.142295
0.628319  2.51327  2.51327  0.203209  -0.142295
1.88496  2.51327  2.51327  0.175509  -0.239642
3.14159  2.51327  2.51327  0.14584  -0.267459
4.39823  2.51327  2.51327  0.119485  -0.266213
5.65487  2.51327  2.51327  0.0977984  -0.253355
6.9115  2.51327  2.51327  0.0804623  -0.236666
8.16814  2.51327  2.51327  0.0667294  -0.219494
10.6814  2.51327  2.51327  0.0471804  -0.188305
13.1947  2.51327  2.51327  0.0345991  -0.162873
18.2212  2.51327  2.51327  0.0204381  -0.126314
27.0177  2.51327  2.51327  0.0100975  -0.0892566
54.6637  2.51327  2.51327  0.00261361  -0.0455581
-33.3009  2.51327  3.14159  0.00726009  0.074301
-21.9911  2.51327  3.14159  0.0156359  0.108638
-15.708  2.51327  3.14159  0.0278625  0.144095
-10.6814  2.51327  3.14159  0.0500305  0.190155
-9.42478  2.51327  3.14159  0.0591649  0.20514
-8.16814  2.51327  3.14159  0.0706042  0.221483
-6.9115  2.51327  3.14159  0.0849864  0.238666
-5.65487  2.51327  3.14159  0.103043  0.255251
-4.39823  2.51327  3.14159  0.125447  0.267734
-3.14159  2.51327  3.14159  0.152369  0.267954
-1.88496  2.51327  3.14159  0.182321  0.237309
-0.628319  2.51327  3.14159  0.208257  0.140991
0.628319  2.51327  3.14159  0.208257  -0.140991
1.88496  2.51327  3.14159  0.182321  -0.237309
3.14159  2.51327  3.14159  0.152369  -0.267954
4.39823  2.51327  3.14159  0.125447  -0.267734
5.65487  2.51327  3.14159  0.103043  -0.255251
6.9115  2.51327  3.14159  0.0849864  -0.238666
8.16814  2.51327  3.14159  0.0706042  -0.221483
10.6814  2.51327  3.14159  0.0500305  -0.190155
13.1947  2.51327  3.14159  0.036737  -0.164551
18.2212  2.51327  3.14159  0.0217318  -0.127687
27.0177  2.51327  3.14159  0.0107479  -0.0902696
54.6637  2.51327  3.14159  0.00278415  -0.0460925
-33.3009  2.51327  3.76991  0.00681845  0.0734554
-21.9911  2.51327  3.76991  0.0146966  0.107442
-15.708  2.51327  3.76991  0.026219  0.142578
-10.6814  2.51327  3.76991  0.0471804  0.188305
-9.42478  2.51327  3.76991  0.0558472  0.20321
-8.16814  2.51327  3.76991  0.0667294  0.219494
-6.9115  2.51327  3.76991  0.0804623  0.236666
-5.65487  2.51327  3.76991  0.0977984  0.253355
-4.39823  2.51327  3.76991  0.119485  0.266213
-3.14159  2.51327  3.76991  0.14584  0.267459
-1.88496  2.51327  3.76991  0.175509  0.239642
-0.628319  2.51327  3.76991  0.203209  0.142295
0.628319  2.51327  3.76991  0.203209  -0.142295
1.88496  2.51327  3.76991  0.175509  -0.239642
3.14159  2.51327  3.76991  0.14584  -0.267459
4.39823  2.51327  3.76991  0.119485  -0.266213
5.65487  2.51327  3.76991  0.0977984  -0.253355
6.9115  2.51327  3.76991  0.0804623  -0.236666
8.16814  2.51327  3.76991  0.0667294  -0.219494
10.6814  2.51327  3.76991  0.0471804  -0.188305
13.1947  2.51327  3.76991  0.0345991  -0.162873
18.2212  2.51327  3.76991  0.0204381  -0.126314
27.0177  2.51327  3.76991  0.0100975  -0.0892566
54.6637  2.51327  3.76991  0.00261361  -0.0455581
-33.3009  2.51327  4.39823  0.00570367  0.0714691
-21.9911  2.51327  4.39823  0.0123267  0.104641
-15.708  2.51327  4.39823  0.0220745  0.139042
-10.6814  2.51327  4.39823  0.039993  0.184016
-9.42478  2.51327  4.39823  0.0474755  0.198744
-8.16814  2.51327  4.39823  0.0569377  0.214898
-6.9115  2.51327  4.39823  0.068996  0.232056
-5.65487  2.51327  4.39823  0.0844326  0.249003
-4.39823  2.51327  4.39823  0.104149  0.262757
-3.14159  2.51327  4.39823  0.128896  0.266354
-1.88496  2.51327  4.39823  0.158409  0.243403
-0.628319  2.51327  4.39823  0.188628  0.157337
0.628319  2.51327  4.39823  0.188628  -0.157337
1.88496  2.51327  4.39823  0.158409  -0.243403
3.14159  2.51327  4.39823  0.128896  -0.266354
4.39823  2.51327  4.39823  0.104149  -0.262757
5.65487  2.51327  4.39823  0.0844326  -0.249003
6.9115  2.51327  4.39823  0.068996  -0.232056
8.16814  2.51327  4.39823  0.0569377  -0.214898
10.6814  2.51327  4.39823  0.039993  -0.184016
13.1947  2.51327  4.39823  0.0292088  -0.15897
18.2212  2.51327  4.39823  0.017175  -0.123103
27.0177  2.51327  4.39823  0.00845614  -0.0868802
54.6637  2.51327  4.39823  0.00218309  -0.0443005
-33.3009  2.51327  5.02655  0.00437414  0.0692158
-21.9911  2.51327  5.02655  0.00949986  0.101466
-15.708  2.51327  5.02655  0.0171282  0.135038
-10.6814  2.51327  5.02655  0.031389  0.179147
-9.42478  2.51327  5.02655  0.0374286  0.19366
-8.16814  2.51327  5.02655  0.0451341  0.209639
-6.9115  2.51327  5.02655  0.0550629  0.226727
-5.65487  2.51327  5.02655  0.0679578  0.243875
-4.39823  2.51327  5.02655  0.0847692  0.258524
-3.14159  2.51327  5.02655  0.106588  0.2648
-1.88496  2.51327  5.02655  0.134152  0.249265
-0.628319  2.51327  5.02655  0.166844  0.175468
0.628319  2.51327  5.02655  0.166844  -0.175468
1.88496  2.51327  5.02655  0.134152  -0.249265
3.14159  2.51327  5.02655  0.106588  -0.2648
4.39823  2.51327  5.02655  0.0847692  -0.258524
5.65487  2.51327  5.02655  0.0679578  -0.243875
6.9115  2.51327  5.02655  0.0550629  -0.226727
8.16814  2.51327  5.02655  0.0451341  -0.209639
10.6814  2.51327  5.02655  0.031389  -0.179147
13.1947  2.51327  5.02655  0.0227708  -0.15455
18.2212  2.51327  5.02655  0.0132819  -0.119466
27.0177  2.51327  5.02655  0.00649843  -0.0841855
54.6637  2.51327  5.02655  0.00166967  -0.0428731
-33.3009  2.51327  5.65487  0.00330657  0.0672954
-21.9911  2.51327  5.65487  0.00722794  0.0987463
-15.708  2.51327  5.65487  0.0131462  0.131576
-10.6814  2.51327  5.65487  0.0244228  0.174849
-9.42478  2.51327  5.65487  0.0292636  0.18912
-8.16814  2.51327  5.65487  0.0354821  0.204859
-6.9115  2.51327  5.65487  0.0435492  0.221745
-5.65487  2.51327  5.65487  0.0540929  0.238831
-4.39823  2.51327  5.65487  0.0679229  0.253855
-3.14159  2.51327  5.65487  0.08605  0.261753
-1.88496  2.51327  5.65487  0.109854  0.25087
-0.628319  2.51327  5.65487  0.141401  0.196602
0.628319  2.51327  5.65487  0.141401  -0.196602
1.88496  2.51327  5.65487  0.109854  -0.25087
3.14159  2.51327  5.65487  0.08605  -0.261753
4.39823  2.51327  5.65487  0.0679229  -0.253855
5.65487  2.51327  5.65487  0.0540929  -0.238831
6.9115  2.51327  5.65487  0.0435492  -0.221745
8.16814  2.51327  5.65487  0.0354821  -0.204859
10.6814  2.51327  5.65487  0.0244228  -0.174849
13.1947  2.51327  5.65487  0.0175786  -0.150699
18.2212  2.51327  5.65487  0.0101507  -0.116337
27.0177  2.51327  5.65487  0.00492592  -0.0818839
54.6637  2.51327  5.65487  0.0012576  -0.0416601
-33.3009  2.51327  6.28319  0.0028951  0.066482
-21.9911  2.51327  6.28319  0.00635139  0.0975869
-15.708  2.51327  6.28319  0.0116071  0.130086
-10.6814  2.51327  6.28319  0.021717  0.172962
-9.42478  2.51327  6.28319  0.026083  0.187109
-8.16814  2.51327  6.28319  0.0317052  0.202713
-6.9115  2.51327  6.28319  0.0390111  0.219462
-5.65487  2.51327  6.28319  0.0485616  0.23644
-4.39823  2.51327  6.28319  0.0610606  0.251486
-3.14159  2.51327  6.28319  0.0773463  0.259903
-1.88496  2.51327  6.28319  0.0984113  0.251691
-0.628319  2.51327  6.28319  0.129414  0.200535
0.628319  2.51327  6.28319  0.129414  -0.200535
1.88496  2.51327  6.28319  0.0984113  -0.251691
3.14159  2.51327  6.28319  0.0773463  -0.259903
4.39823  2.51327  6.28319  0.0610606  -0.251486
5.65487  2.51327  6.28319  0.0485616  -0.23644
6.9115  2.51327  6.28319  0.0390111  -0.219462
8.16814  2.51327  6.28319  0.0317052  -0.202713
10.6814  2.51327  6.28319  0.021717  -0.172962
13.1947  2.51327  6.28319  0.0155684  -0.149029
18.2212  2.51327  6.28319  0.00894157  -0.114996
27.0177  2.51327  6.28319  0.00431959  -0.0809064
54.6637  2.51327  6.28319  0.00109887  -0.041148
-33.3009  3.14159  0  0.0033212  0.0672877
-21.9911  3.14159  0  0.00725978  0.098717
-15.708  3.14159  0  0.0132006  0.131491
-10.6814  3.14159  0  0.0244967  0.174592
-9.42478  3.14159  0  0.0293332  0.188774
-8.16814  3.14159  0  0.0355332  0.204392
-6.9115  3.14159  0  0.0435549  0.221131
-5.65487  3.14159  0  0.0540057  0.238084
-4.39823  3.14159  0  0.067672  0.253145
-3.14159  3.14159  0  0.0855681  0.261801
-1.88496  3.14159  0  0.109208  0.254559
-0.628319  3.14159  0  0.141642  0.220495
0.628319  3.14159  0  0.141642  -0.220495
1.88496  3.14159  0  0.109208  -0.254559
3.14159  3.14159  0  0.0855681  -0.261801
4.39823  3.14159  0  0.067672  -0.253145
5.65487  3.14159  0  0.0540057  -0.238084
6.9115  3.14159  0  0.0435549  -0.221131
8.16814  3.14159  0  0.0355332  -0.204392
10.6814  3.14159  0  0.0244968  -0.174592
13.1947  3.14159  0  0.0176451  -0.150555
18.2212  3.14159  0  0.0101944  -0.116283
27.0177  3.14159  0  0.00494777  -0.0818688
54.6637  3.14159  0  0.00126312  -0.0416585
-33.3009  3.14159  0.628319  0.00373252  0.0681011
-21.9911  3.14159  0.628319  0.00813544  0.0998771
-15.708  3.14159  0.628319  0.0147371  0.132985
-10.6814  3.14159  0.628319  0.0271958  0.176497
-9.42478  3.14159  0.628319  0.032505  0.190812
-8.16814  3.14159  0.628319  0.0392979  0.206579
-6.9115  3.14159  0.628319  0.0480744  0.223478
-5.65487  3.14159  0.628319  0.0595029  0.240582
-4.39823  3.14159  0.628319  0.0744569  0.255715
-3.14159  3.14159  0.628319  0.0940411  0.264134
-1.88496  3.14159  0.628319  0.119605  0.25568
-0.628319  3.14159  0.628319  0.155088  0.202423
0.628319  3.14159  0.628319  0.155088  -0.202423
1.88496  3.14159  0.628319  0.119605  -0.25568
3.14159  3.14159  0.628319  0.0940411  -0.264134
4.39823  3.14159  0.628319  0.0744569  -0.255715
5.65487  3.14159  0.628319  0.0595029  -0.240582
6.9115  3.14159  0.628319  0.0480744  -0.223478
8.16814  3.14159  0.628319  0.0392979  -0.206579
10.6814  3.14159  0.628319  0.0271958  -0.176497
13.1947  3.14159  0.628319  0.0196511  -0.152233
18.2212  3.14159  0.628319  0.0114018  -0.117625
27.0177  3.14159  0.628319  0.0055537  -0.0828464
54.6637  3.14159  0.628319  0.00142186  -0.0421705
-33.3009  3.14159  1.25664  0.00479942  0.0700154
-21.9911  3.14159  1.25664  0.010405  0.102591
-15.708  3.14159  1.25664  0.0187134  0.136448
-10.6814  3.14159  1.25664  0.0341493  0.180828
-9.42478  3.14159  1.25664  0.0406535  0.195403
-8.16814  3.14159  1.25664  0.0489266  0.211436
-6.9115  3.14159  1.25664  0.0595491  0.228573
-5.65487  3.14159  1.25664  0.0732892  0.245784
-4.39823  3.14159  1.25664  0.0911205  0.260578
-3.14159  3.14159  1.25664  0.114163  0.267199
-1.88496  3.14159  1.25664  0.14345  0.251476
-0.628319  3.14159  1.25664  0.178048  0.174055
0.628319  3.14159  1.25664  0.178048  -0.174055
1.88496  3.14159  1.25664  0.14345  -0.251476
3.14159  3.14159  1.25664  0.114163  -0.267199
4.39823  3.14159  1.25664  0.0911205  -0.260578
5.65487  3.14159  1.25664  0.0732892  -0.245784
6.9115  3.14159  1.25664  0.0595491  -0.228573
8.16814  3.14159  1.25664  0.0489266  -0.211436
10.6814  3.14159  1.25664  0.0341494  -0.180828
13.1947  3.14159  1.25664  0.024835  -0.156095
18.2212  3.14159  1.25664  0.0145291  -0.120752
27.0177  3.14159  1.25664  0.00712492  -0.0851416
54.6637  3.14159  1.25664  0.00183379  -0.0433794
-33.3009  3.14159  1.88496  0.00613359  0.072271
-21.9911  3.14159  1.88496  0.0132409  0.105771
-15.708  3.14159  1.88496  0.0236739  0.140467
-10.6814  3.14159  1.88496  0.0427708  0.185738
-9.42478  3.14159  1.88496  0.0507147  0.200539
-8.16814  3.14159  1.88496  0.0607336  0.216756
-6.9115  3.14159  1.88496  0.0734569  0.233957
-5.65487  3.14159  1.88496  0.0896675  0.25091
-4.39823  3.14159  1.88496  0.110239  0.264592
-3.14159  3.14159  1.88496  0.135848  0.267902
-1.88496  3.14159  1.88496  0.165978  0.244162
-0.628319  3.14159  1.88496  0.196152  0.149609
0.628319  3.14159  1.88496  0.196152  -0.149609
1.88496  3.14159  1.88496  0.165978  -0.244162
3.14159  3.14159  1.88496  0.135848  -0.267902
4.39823  3.14159  1.88496  0.110239  -0.264592
5.65487  3.14159  1.88496  0.0896675  -0.25091
6.9115  3.14159  1.88496  0.0734569  -0.233957
8.16814  3.14159  1.88496  0.0607336  -0.216756
10.6814  3.14159  1.88496  0.0427708  -0.185738
13.1947  3.14159  1.88496  0.0312899  -0.16054
18.2212  3.14159  1.88496  0.018434  -0.124398
27.0177  3.14159  1.88496  0.00908921  -0.0878396
54.6637  3.14159  1.88496  0.00234911  -0.0448081
-33.3009  3.14159  2.51327  0.00726009  0.074301
-21.9911  3.14159  2.51327  0.0156359  0.108638
-15.708  3.14159  2.51327  0.0278625  0.144095
-10.6814  3.14159  2.51327  0.0500305  0.190155
-9.42478  3.14159  2.51327  0.0591649  0.20514
-8.16814  3.14159  2.51327  0.0706042  0.221483
-6.9115  3.14159  2.51327  0.0849864  0.238666
-5.65487  3.14159  2.51327  0.103043  0.255251
-4.39823  3.14159  2.51327  0.125447  0.267734
-3.14159  3.14159  2.51327  0.152369  0.267954
-1.88496  3.14159  2.51327  0.182321  0.237309
-0.628319  3.14159  2.51327  0.208257  0.140991
0.628319  3.14159  2.51327  0.208257  -0.140991
1.88496  3.14159  2.51327  0.182321  -0.237309
3.14159  3.14159  2.51327  0.152369  -0.267954
4.39823  3.14159  2.51327  0.125447  -0.267734
5.65487  3.14159  2.51327  0.103043  -0.255251
6.9115  3.14159  2.51327  0.0849864  -0.238666
8.16814  3.14159  2.51327  0.0706042  -0.221483
10.6814  3.14159  2.51327  0.0500305  -0.190155
13.1947  3.14159  2.51327  0.036737  -0.164551
18.2212  3.14159  2.51327  0.0217318  -0.127687
27.0177  3.14159  2.51327  0.0107479  -0.0902696
54.6637  3.14159  2.51327  0.00278415  -0.0460925
-33.3009  3.14159  3.14159  0.00771099  0.0751975
-21.9911  3.14159  3.14159  0.0165954  0.109909
-15.708  3.14159  3.14159  0.0295427  0.145713
-10.6814  3.14159  3.14159  0.0529455  0.192143
-9.42478  3.14159  3.14159  0.0625571  0.207215
-8.16814  3.14159  3.14159  0.0745628  0.223623
-6.9115  3.14159  3.14159  0.0896  0.240806
-5.65487  3.14159  3.14159  0.108371  0.257241
-4.39823  3.14159  3.14159  0.131458  0.26924
-3.14159  3.14159  3.14159  0.1588  0.268325
-1.88496  3.14159  3.14159  0.188281  0.236133
-0.628319  3.14159  3.14159  0.213796  0.135552
0.628319  3.14159  3.14159  0.213796  -0.135552
1.88496  3.14159  3.14159  0.188281  -0.236133
3.14159  3.14159  3.14159  0.1588  -0.268325
4.39823  3.14159  3.14159  0.131458  -0.26924
5.65487  3.14159  3.14159  0.108371  -0.257241
6.9115  3.14159  3.14159  0.0896  -0.240806
8.16814  3.14159  3.14159  0.0745629  -0.223623
10.6814  3.14159  3.14159  0.0529455  -0.192143
13.1947  3.14159  3.14159  0.0389233  -0.166347
18.2212  3.14159  3.14159  0.0230539  -0.129151
27.0177  3.14159  3.14159  0.011412  -0.0913447
54.6637  3.14159  3.14159  0.0029582  -0.0466584
-33.3009  3.14159  3.76991  0.00726009  0.074301
-21.9911  3.14159  3.76991  0.0156359  0.108638
-15.708  3.14159  3.76991  0.0278625  0.144095
-10.6814  3.14159  3.76991  0.0500305  0.190155
-9.42478  3.14159  3.76991  0.0591649  0.20514
-8.16814  3.14159  3.76991  0.0706042  0.221483
-6.9115  3.14159  3.76991  0.0849864  0.238666
-5.65487  3.14159  3.76991  0.103043  0.255251
-4.39823  3.14159  3.76991  0.125447  0.267734
-3.14159  3.14159  3.76991  0.152369  0.267954
-1.88496  3.14159  3.76991  0.182321  0.237309
-0.628319  3.14159  3.76991  0.208257  0.140991
0.628319  3.14159  3.76991  0.208257  -0.140991
1.88496  3.14159  3.76991  0.182321  -0.237309
3.14159  3.14159  3.76991  0.152369  -0.267954
4.39823  3.14159  3.76991  0.125447  -0.267734
5.65487  3.14159  3.76991  0.103043  -0.255251
6.9115  3.14159  3.76991  0.0849864  -0.238666
8.16814  3.14159  3.76991  0.0706042  -0.221483
10.6814  3.14159  3.76991  0.0500305  -0.190155
13.1947  3.14159  3.76991  0.036737  -0.164551
18.2212  3.14159  3.76991  0.0217318  -0.127687
27.0177  3.14159  3.76991  0.0107479  -0.0902696
54.6637  3.14159  3.76991  0.00278415  -0.0460925
-33.3009  3.14159  4.39823  0.00613359  0.072271
-21.9911  3.14159  4.39823  0.0132409  0.105771
-15.708  3.14159  4.39823  0.0236739  0.140467
-10.6814  3.14159  4.39823  0.0427708  0.185738
-9.42478  3.14159  4.39823  0.0507147  0.200539
-8.16814  3.14159  4.39823  0.0607336  0.216756
-6.9115  3.14159  4.39823  0.0734569  0.233957
-5.65487  3.14159  4.39823  0.0896675  0.25091
-4.39823  3.14159  4.39823  0.110239  0.264592
-3.14159  3.14159  4.39823  0.135848  0.267902
-1.88496  3.14159  4.39823  0.165978  0.244162
-0.628319  3.14159  4.39823  0.196152  0.149609
0.628319  3.14159  4.39823  0.196152  -0.149609
1.88496  3.14159  4.39823  0.165978  -0.244162
3.14159  3.14159  4.39823  0.135848  -0.267902
4.39823  3.14159  4.39823  0.110239  -0.264592
5.65487  3.14159  4.39823  0.0896675  -0.25091
6.9115  3.14159  4.39823  0.0734569  -0.233957
8.16814  3.14159  4.39823  0.0607336  -0.216756
10.6814  3.14159  4.39823  0.0427708  -0.185738
13.1947  3.14159  4.39823  0.0312899  -0.16054
18.2212  3.14159  4.39823  0.018434  -0.124398
27.0177  3.14159  4.39823  0.00908921  -0.0878396
54.6637  3.14159  4.39823  0.00234911  -0.0448081
-33.3009  3.14159  5.02655  0.00479942  0.0700154
-21.9911  3.14159  5.02655  0.010405  0.102591
-15.708  3.14159  5.02655  0.0187134  0.136448
-10.6814  3.14159  5.02655  0.0341493  0.180828
-9.42478  3.14159  5.02655  0.0406535  0.195403
-8.16814  3.14159  5.02655  0.0489266  0.211436
-6.9115  3.14159  5.02655  0.0595491  0.228573
-5.65487  3.14159  5.02655  0.0732892  0.245784
-4.39823  3.14159  5.02655  0.0911205  0.260578
-3.14159  3.14159  5.02655  0.114163  0.267199
-1.88496  3.14159  5.02655  0.14345  0.251476
-0.628319  3.14159  5.02655  0.178048  0.174055
0.628319  3.14159  5.02655  0.178048  -0.174055
1.88496  3.14159  5.02655  0.14345  -0.251476
3.14159  3.14159  5.02655  0.114163  -0.267199
4.39823  3.14159  5.02655  0.0911205  -0.260578
5.65487  3.14159  5.02655  0.0732892  -0.245784
6.9115  3.14159  5.02655  0.0595491  -0.228573
8.16814  3.14159  5.02655  0.0489266  -0.211436
10.6814  3.14159  5.02655  0.0341494  -0.180828
13.1947  3.14159  5.02655  0.024835  -0.156095
18.2212  3.14159  5.02655  0.0145291  -0.120752
27.0177  3.14159  5.02655  0.00712492  -0.0851416
54.6637  3.14159  5.02655  0.00183379  -0.0433794
-33.3009  3.14159  5.65487  0.00373252  0.0681011
-21.9911  3.14159  5.65487  0.00813544  0.0998771
-15.708  3.14159  5.65487  0.0147371  0.132985
-10.6814  3.14159  5.65487  0.0271958  0.176497
-9.42478  3.14159  5.65487  0.032505  0.190812
-8.16814  3.14159  5.65487  0.0392979  0.206579
-6.9115  3.14159  5.65487  0.0480744  0.223478
-5.65487  3.14159  5.65487  0.0595029  0.240582
-4.39823  3.14159  5.65487  0.0744569  0.255715
-3.14159  3.14159  5.65487  0.0940411  0.264134
-1.88496  3.14159  5.65487  0.119605  0.25568
-0.628319  3.14159  5.65487  0.155088  0.202423
0.628319  3.14159  5.65487  0.155088  -0.202423
1.88496  3.14159  5.65487  0.119605  -0.25568
3.14159  3.14159  5.65487  0.0940411  -0.264134
4.39823  3.14159  5.65487  0.0744569  -0.255715
5.65487  3.14159  5.65487  0.0595029  -0.240582
6.9115  3.14159  5.65487  0.0480744  -0.223478
8.16814  3.14159  5.65487  0.0392979  -0.206579
10.6814  3.14159  5.65487  0.0271958  -0.176497
13.1947  3.14159  5.65487  0.0196511  -0.152233
18.2212  3.14159  5.65487  0.0114018  -0.117625
27.0177  3.14159  5.65487  0.0055537  -0.0828464
54.6637  3.14159  5.65487  0.00142186  -0.0421705
-33.3009  3.14159  6.28319  0.0033212  0.0672877
-21.9911  3.14159  6.28319  0.00725978  0.098717
-15.708  3.14159  6.28319  0.0132006  0.131491
-10.6814  3.14159  6.28319  0.0244967  0.174592
-9.42478  3.14159  6.28319  0.0293332  0.188774
-8.16814  3.14159  6.28319  0.0355332  0.204392
-6.9115  3.14159  6.28319  0.0435549  0.221131
-5.65487  3.14159  6.28319  0.0540057  0.238084
-4.39823  3.14159  6.28319  0.067672  0.253145
-3.14159  3.14159  6.28319  0.0855681  0.261801
-1.88496  3.14159  6.28319  0.109208  0.254559
-0.628319  3.14159  6.28319  0.141642  0.220495
0.628319  3.14159  6.28319  0.141642  -0.220495
1.88496  3.14159  6.28319  0.109208  -0.254559
3.14159  3.14159  6.28319  0.0855681  -0.261801
4.39823  3.14159  6.28319  0.067672  -0.253145
5.65487  3.14159  6.28319  0.0540057  -0.238084
6.9115  3.14159  6.28319  0.0435549  -0.221131
8.16814  3.14159  6.28319  0.0355332  -0.204392
10.6814  3.14159  6.28319  0.0244968  -0.174592
13.1947  3.14159  6.28319  0.0176451  -0.150555
18.2212  3.14159  6.28319  0.0101944  -0.116283
27.0177  3.14159  6.28319  0.00494777  -0.0818688
54.6637  3.14159  6.28319  0.00126312  -0.0416585
-33.3009  3.76991  0  0.0028951  0.066482
-21.9911  3.76991  0  0.00635139  0.0975869
-15.708  3.76991  0  0.0116071  0.130086
-10.6814  3.76991  0  0.021717  0.172962
-9.42478  3.76991  0  0.026083  0.187109
-8.16814  3.76991  0  0.0317052  0.202713
-6.9115  3.76991  0  0.0390111  0.219462
-5.65487  3.76991  0  0.0485616  0.23644
-4.39823  3.76991  0  0.0610606  0.251486
-3.14159  3.76991  0  0.0773463  0.259903
-1.88496  3.76991  0  0.0984113  0.251691
-0.628319  3.76991  0  0.129414  0.200535
0.628319  3.76991  0  0.129414  -0.200535
1.88496  3.76991  0  0.0984113  -0.251691
3.14159  3.76991  0  0.0773463  -0.259903
4.39823  3.76991  0  0.0610606  -0.251486
5.65487  3.76991  0  0.0485616  -0.23644
6.9115  3.76991  0  0.0390111  -0.219462
8.16814  3.76991  0  0.0317052  -0.202713
10.6814  3.76991  0  0.021717  -0.172962
13.1947  3.76991  0  0.0155684  -0.149029
18.2212  3.76991  0  0.00894157  -0.114996
27.0177  3.76991  0  0.00431959  -0.0809064
54.6637  3.76991  0  0.00109887  -0.041148
-33.3009  3.76991  0.628319  0.00330657  0.0672954
-21.9911  3.76991  0.628319  0.00722794  0.0987463
-15.708  3.76991  0.628319  0.0131462  0.131576
-10.6814  3.76991  0.628319  0.0244228  0.174849
-9.42478  3.76991  0.628319  0.0292636  0.18912
-8.16814  3.76991  0.628319  0.0354821  0.204859
-6.9115  3.76991  0.628319  0.0435492  0.221745
-5.65487  3.76991  0.628319  0.0540929  0.238831
-4.39823  3.76991  0.628319  0.0679229  0.253855
-3.14159  3.76991  0.628319  0.08605  0.261753
-1.88496  3.76991  0.628319  0.109854  0.25087
-0.628319  3.76991  0.628319  0.141401  0.196602
0.628319  3.76991  0.628319  0.141401  -0.196602
1.88496  3.76991  0.628319  0.109854  -0.25087
3.14159  3.76991  0.628319  0.08605  -0.261753
4.39823  3.76991  0.628319  0.0679229  -0.253855
5.65487  3.76991  0.628319  0.0540929  -0.238831
6.9115  3.76991  0.628319  0.0435492  -0.221745
8.16814  3.76991  0.628319  0.0354821  -0.204859
10.6814  3.76991  0.628319  0.0244228  -0.174849
13.1947  3.76991  0.628319  0.0175786  -0.150699
18.2212  3.76991  0.628319  0.0101507  -0.116337
27.0177  3.76991  0.628319  0.00492592  -0.0818839
54.6637  3.76991  0.628319  0.0012576  -0.0416601
-33.3009  3.76991  1.25664  0.00437414  0.0692158
-21.9911  3.76991  1.25664  0.00949986  0.101466
-15.708  3.76991  1.25664  0.0171282  0.135038
-10.6814  3.76991  1.25664  0.031389  0.179147
-9.42478  3.76991  1.25664  0.0374286  0.19366
-8.16814  3.76991  1.25664  0.0451341  0.209639
-6.9115  3.76991  1.25664  0.0550629  0.226727
-5.65487  3.76991  1.25664  0.0679578  0.243875
-4.39823  3.76991  1.25664  0.0847692  0.258524
-3.14159  3.76991  1.25664  0.106588  0.2648
-1.88496  3.76991  1.25664  0.134152  0.249265
-0.628319  3.76991  1.25664  0.166844  0.175468
0.628319  3.76991  1.25664  0.166844  -0.175468
1.88496  3.76991  1.25664  0.134152  -0.249265
3.14159  3.76991  1.25664  0.106588  -0.2648
4.39823  3.76991  1.25664  0.0847692  -0.258524
5.65487  3.76991  1.25664  0.0679578  -0.243875
6.9115  3.76991  1.25664  0.0550629  -0.226727
8.16814  3.76991  1.25664  0.0451341  -0.209639
10.6814  3.76991  1.25664  0.031389  -0.179147
13.1947  3.76991  1.25664  0.0227708  -0.15455
18.2212  3.76991  1.25664  0.0132819  -0.119466
27.0177  3.76991  1.25664  0.00649843  -0.0841855
54.6637  3.76991  1.25664  0.00166967  -0.0428731
-33.3009  3.76991  1.88496  0.00570367  0.0714691
-21.9911  3.76991  1.88496  0.0123267  0.104641
-15.708  3.76991  1.88496  0.0220745  0.139042
-10.6814  3.76991  1.88496  0.039993  0.184016
-9.42478  3.76991  1.88496  0.0474755  0.198744
-8.16814  3.76991  1.88496  0.0569377  0.214898
-6.9115  3.76991  1.88496  0.068996  0.232056
-5.65487  3.76991  1.88496  0.0844326  0.249003
-4.39823  3.76991  1.88496  0.104149  0.262757
-3.14159  3.76991  1.88496  0.128896  0.266354
-1.88496  3.76991  1.88496  0.158409  0.243403
-0.628319  3.76991  1.88496  0.188628  0.157337
0.628319  3.76991  1.88496  0.188628  -0.157337
1.88496  3.76991  1.88496  0.158409  -0.243403
3.14159  3.76991  1.88496  0.128896  -0.266354
4.39823  3.76991  1.88496  0.104149  -0.262757
5.65487  3.76991  1.88496  0.0844326  -0.249003
6.9115  3.76991  1.88496  0.068996  -0.232056
8.16814  3.76991  1.88496  0.0569377  -0.214898
10.6814  3.76991  1.88496  0.039993  -0.184016
13.1947  3.76991  1.88496  0.0292088  -0.15897
18.2212  3.76991  1.88496  0.017175  -0.123103
27.0177  3.76991  1.88496  0.00845614  -0.0868802
54.6637  3.76991  1.88496  0.00218309  -0.0443005
-33.3009  3.76991  2.51327  0.00681845  0.0734554
-21.9911  3.76991  2.51327  0.0146966  0.107442
-15.708  3.76991  2.51327  0.026219  0.142578
-10.6814  3.76991  2.51327  0.0471804  0.188305
-9.42478  3.76991  2.51327  0.0558472  0.20321
-8.16814  3.76991  2.51327  0.0667294  0.219494
-6.9115  3.76991  2.51327  0.0804623  0.236666
-5.65487  3.76991  2.51327  0.0977984  0.253355
-4.39823  3.76991  2.51327  0.119485  0.266213
-3.14159  3.76991  2.51327  0.14584  0.267459
-1.88496  3.76991  2.51327  0.175509  0.239642
-0.628319  3.76991  2.51327  0.203209  0.142295
0.628319  3.76991  2.51327  0.203209  -0.142295
1.88496  3.76991  2.51327  0.175509  -0.239642
3.14159  3.76991  2.51327  0.14584  -0.267459
4.39823  3.76991  2.51327  0.119485  -0.266213
5.65487  3.76991  2.51327  0.0977984  -0.253355
6.9115  3.76991  2.51327  0.0804623  -0.236666
8.16814  3.76991  2.51327  0.0667294  -0.219494
10.6814  3.76991  2.51327  0.0471804  -0.188305
13.1947  3.76991  2.51327  0.0345991  -0.162873
18.2212  3.76991  2.51327  0.0204381  -0.126314
27.0177  3.76991  2.51327  0.0100975  -0.0892566
54.6637  3.76991  2.51327  0.00261361  -0.0455581
-33.3009  3.76991  3.14159  0.00726009  0.074301
-21.9911  3.76991  3.14159  0.0156359  0.108638
-15.708  3.76991  3.14159  0.0278625  0.144095
-10.6814  3.76991  3.14159  0.0500305  0.190155
-9.42478  3.76991  3.14159  0.0591649  0.20514
-8.16814  3.76991  3.14159  0.0706042  0.221483
-6.9115  3.76991  3.14159  0.0849864  0.238666
-5.65487  3.76991  3.14159  0.103043  0.255251
-4.39823  3.76991  3.14159  0.125447  0.267734
-3.14159  3.76991  3.14159  0.152369  0.267954
-1.88496  3.76991  3.14159  0.182321  0.237309
-0.628319  3.76991  3.14159  0.208257  0.140991
0.628319  3.76991  3.14159  0.208257  -0.140991
1.88496  3.76991  3.14159  0.182321  -0.237309
3.14159  3.76991  3.14159  0.152369  -0.267954
4.39823  3.76991  3.14159  0.125447  -0.267734
5.65487  3.76991  3.14159  0.103043  -0.255251
6.9115  3.76991  3.14159  0.0849864  -0.238666
8.16814  3.76991  3.14159  0.0706042  -0.221483
10.6814  3.76991  3.14159  0.0500305  -0.190155
13.1947  3.76991  3.14159  0.036737  -0.164551
18.2212  3.76991  3.14159  0.0217318  -0.127687
27.0177  3.76991  3.14159  0.0107479  -0.0902696
54.6637  3.76991  3.14159  0.00278415  -0.0460925
-33.3009  3.76991  3.76991  0.00681845  0.0734554
-21.9911  3.76991  3.76991  0.0146966  0.107442
-15.708  3.76991  3.76991  0.026219  0.142578
-10.6814  3.76991  3.76991  0.0471804  0.188305
-9.42478  3.76991  3.76991  0.0558472  0.20321
-8.16814  3.76991  3.76991  0.0667294  0.219494
-6.9115  3.76991  3.76991  0.0804623  0.236666
-5.65487  3.76991  3.76991  0.0977984  0.253355
-4.39823  3.76991  3.76991  0.119485  0.266213
-3.14159  3.76991  3.76991  0.14584  0.267459
-1.88496  3.76991  3.76991  0.175509  0.239642
-0.628319  3.76991  3.76991  0.203209  0.142295
0.628319  3.76991  3.76991  0.203209  -0.142295
1.88496  3.76991  3.76991  0.175509  -0.239642
3.14159  3.76991  3.76991  0.14584  -0.267459
4.39823  3.76991  3.76991  0.119485  -0.266213
5.65487  3.76991  3.76991  0.0977984  -0.253355
6.9115  3.76991  3.76991  0.0804623  -0.236666
8.16814  3.76991  3.76991  0.0667294  -0.219494
10.6814  3.76991  3.76991  0.0471804  -0.188305
13.1947  3.76991  3.76991  0.0345991  -0.162873
18.2212  3.76991  3.76991  0.0204381  -0.126314
27.0177  3.76991  3.76991  0.0100975  -0.0892566
54.6637  3.76991  3.76991  0.00261361  -0.0455581
-33.3009  3.76991  4.39823  0.00570367  0.0714691
-21.9911  3.76991  4.39823  0.0123267  0.104641
-15.708  3.76991  4.39823  0.0220745  0.139042
-10.6814  3.76991  4.39823  0.039993  0.184016
-9.42478  3.76991  4.39823  0.0474755  0.198744
-8.16814  3.76991  4.39823  0.0569377  0.214898
-6.9115  3.76991  4.39823  0.068996  0.232056
-5.65487  3.76991  4.39823  0.0844326  0.249003
-4.39823  3.76991  4.39823  0.104149  0.262757
-3.14159  3.76991  4.39823  0.128896  0.266354
-1.88496  3.76991  4.39823  0.158409  0.243403
-0.628319  3.76991  4.39823  0.188628  0.157337
0.628319  3.76991  4.39823  0.188628  -0.157337
1.88496  3.76991  4.39823  0.158409  -0.243403
3.14159  3.76991  4.39823  0.128896  -0.266354
4.39823  3.76991  4.39823  0.104149  -0.262757
5.65487  3.76991  4.39823  0.0844326  -0.249003
6.9115  3.76991  4.39823  0.068996  -0.232056
8.16814  3.76991  4.39823  0.0569377  -0.214898
10.6814  3.76991  4.39823  0.039993  -0.184016
13.1947  3.76991  4.39823  0.0292088  -0.15897
18.2212  3.76991  4.39823  0.017175  -0.123103
27.0177  3.76991  4.39823  0.00845614  -0.0868802
54.6637  3.76991  4.39823  0.00218309  -0.0443005
-33.3009  3.76991  5.02655  0.00437414  0.0692158
-21.9911  3.76991  5.02655  0.00949986  0.101466
-15.708  3.76991  5.02655  0.0171282  0.135038
-10.6814  3.76991  5.02655  0.031389  0.179147
-9.42478  3.76991  5.02655  0.0374286  0.19366
-8.16814  3.76991  5.02655  0.0451341  0.209639
-6.9115  3.76991  5.02655  0.0550629  0.226727
-5.65487  3.76991  5.02655  0.0679578  0.243875
-4.39823  3.76991  5.02655  0.0847692  0.258524
-3.14159  3.76991  5.02655  0.106588  0.2648
-1.88496  3.76991  5.02655  0.134152  0.249265
-0.628319  3.76991  5.02655  0.166844  0.175468
0.628319  3.76991  5.02655  0.166844  -0.175468
1.88496  3.76991  5.02655  0.134152  -0.249265
3.14159  3.76991  5.02655  0.106588  -0.2648
4.39823  3.76991  5.02655  0.0847692  -0.258524
5.65487  3.76991  5.02655  0.0679578  -0.243875
6.9115  3.76991  5.02655  0.0550629  -0.226727
8.16814  3.76991  5.02655  0.0451341  -0.209639
10.6814  3.76991  5.02655  0.031389  -0.179147
13.1947  3.76991  5.02655  0.0227708  -0.15455
18.2212  3.76991  5.02655  0.0132819  -0.119466
27.0177  3.76991  5.02655  0.00649843  -0.0841855
54.6637  3.76991  5.02655  0.00166967  -0.0428731
-33.3009  3.76991  5.65487  0.00330657  0.0672954
-21.9911  3.76991  5.65487  0.00722794  0.0987463
-15.708  3.76991  5.65487  0.0131462  0.131576
-10.6814  3.76991  5.65487  0.0244228  0.174849
-9.42478  3.76991  5.65487  0.0292636  0.18912
-8.16814  3.76991  5.65487  0.0354821  0.204859
-6.9115  3.76991  5.65487  0.0435492  0.221745
-5.65487  3.76991  5.65487  0.0540929  0.238831
-4.39823  3.76991  5.65487  0.0679229  0.253855
-3.14159  3.76991  5.65487  0.08605  0.261753
-1.88496  3.76991  5.65487  0.109854  0.25087
-0.628319  3.76991  5.65487  0.141401  0.196602
0.628319  3.76991  5.65487  0.141401  -0.196602
1.88496  3.76991  5.65487  0.109854  -0.25087
3.14159  3.76991  5.65487  0.08605  -0.261753
4.39823  3.76991  5.65487  0.0679229  -0.253855
5.65487  3.76991  5.65487  0.0540929  -0.238831
6.9115  3.76991  5.65487  0.0435492  -0.221745
8.16814  3.76991  5.65487  0.0354821  -0.204859
10.6814  3.76991  5.65487  0.0244228  -0.174849
13.1947  3.76991  5.65487  0.0175786  -0.150699
18.2212  3.76991  5.65487  0.0101507  -0.116337
27.0177  3.76991  5.65487  0.00492592  -0.0818839
54.6637  3.76991  5.65487  0.0012576  -0.0416601
-33.3009  3.76991  6.28319  0.0028951  0.066482
-21.9911  3.76991  6.28319  0.00635139  0.0975869
-15.708  3.76991  6.28319  0.0116071  0.130086
-10.6814  3.76991  6.28319  0.021717  0.172962
-9.42478  3.76991  6.28319  0.026083  0.187109
-8.16814  3.76991  6.28319  0.0317052  0.202713
-6.9115  3.76991  6.28319  0.0390111  0.219462
-5.65487  3.76991  6.28319  0.0485616  0.23644
-4.39823  3.76991  6.28319  0.0610606  0.251486
-3.14159  3.76991  6.28319  0.0773463  0.259903
-1.88496  3.76991  6.28319  0.0984113  0.251691
-0.628319  3.76991  6.28319  0.129414  0.200535
0.628319  3.76991  6.28319  0.129414  -0.200535
1.88496  3.76991  6.28319  0.0984113  -0.251691
3.14159  3.76991  6.28319  0.0773463  -0.259903
4.39823  3.76991  6.28319  0.0610606  -0.251486
5.65487  3.76991  6.28319  0.0485616  -0.23644
6.9115  3.76991  6.28319  0.0390111  -0.219462
8.16814  3.76991  6.28319  0.0317052  -0.202713
10.6814  3.76991  6.28319  0.021717  -0.172962
13.1947  3.76991  6.28319  0.0155684  -0.149029
18.2212  3.76991  6.28319  0.00894157  -0.114996
27.0177  3.76991  6.28319  0.00431959  -0.0809064
54.6637  3.76991  6.28319  0.00109887  -0.041148
-33.3009  4.39823  0  0.00180646  0.0645786
-21.9911  4.39823  0  0.00402694  0.0949248
-15.708  4.39823  0  0.00752406  0.126801
-10.6814  4.39823  0  0.0146038  0.169235
-9.42478  4.39823  0  0.0177844  0.183354
-8.16814  4.39823  0  0.0219744  0.199003
-6.9115  4.39823  0  0.0275591  0.215887
-5.65487  4.39823  0  0.0350635  0.233059
-4.39823  4.39823  0  0.0451733  0.248168
-3.14159  4.39823  0  0.0587644  0.255738
-1.88496  4.39823  0  0.077237  0.242335
-0.628319  4.39823  0  0.103247  0.170304
0.628319  4.39823  0  0.103247  -0.170304
1.88496  4.39823  0  0.077237  -0.242335
3.14159  4.39823  0  0.0587644  -0.255738
4.39823  4.39823  0  0.0451733  -0.248168
5.65487  4.39823  0  0.0350635  -0.233059
6.9115  4.39823  0  0.0275591  -0.215887
8.16814  4.39823  0  0.0219744  -0.199003
10.6814  4.39823  0  0.0146038  -0.169235
13.1947  4.39823  0  0.0102467  -0.145488
18.2212  4.39823  0  0.00573318  -0.111975
27.0177  4.39823  0  0.00271355  -0.0786351
54.6637  4.39823  0  0.00067967  -0.0399409
-33.3009  4.39823  0.628319  0.00221864  0.0653854
-21.9911  4.39823  0.628319  0.00490675  0.0960728
-15.708  4.39823  0.628319  0.0090717  0.128267
-10.6814  4.39823  0.628319  0.0173247  0.171054
-9.42478  4.39823  0.628319  0.0209794  0.185271
-8.16814  4.39823  0.628319  0.0257599  0.201016
-6.9115  4.39823  0.628319  0.032089  0.217977
-5.65487  4.39823  0.628319  0.0405445  0.235172
-4.39823  4.39823  0.628319  0.0518828  0.250144
-3.14159  4.39823  0.628319  0.0670266  0.257209
-1.88496  4.39823  0.628319  0.0869692  0.243372
-0.628319  4.39823  0.628319  0.1137  0.173099
0.628319  4.39823  0.628319  0.1137  -0.173099
1.88496  4.39823  0.628319  0.0869692  -0.243372
3.14159  4.39823  0.628319  0.0670266  -0.257209
4.39823  4.39823  0.628319  0.0518828  -0.250144
5.65487  4.39823  0.628319  0.0405445  -0.235172
6.9115  4.39823  0.628319  0.0320889  -0.217977
8.16814  4.39823  0.628319  0.0257598  -0.201016
10.6814  4.39823  0.628319  0.0173248  -0.171054
13.1947  4.39823  0.628319  0.0122691  -0.147119
18.2212  4.39823  0.628319  0.00694807  -0.113299
27.0177  4.39823  0.628319  0.00332147  -0.0796042
54.6637  4.39823  0.628319  0.000838472  -0.0404489
-33.3009  4.39823  1.25664  0.00328778  0.0673057
-21.9911  4.39823  1.25664  0.00718601  0.0987873
-15.708  4.39823  1.25664  0.0130733  0.1317
-10.6814  4.39823  1.25664  0.0243299  0.175227
-9.42478  4.39823  1.25664  0.0291863  0.18963
-8.16814  4.39823  1.25664  0.0354515  0.205534
-6.9115  4.39823  1.25664  0.0436283  0.222591
-5.65487  4.39823  1.25664  0.0543994  0.239725
-4.39823  4.39823  1.25664  0.0686444  0.254254
-3.14159  4.39823  1.25664  0.0873459  0.259948
-1.88496  4.39823  1.25664  0.111178  0.242787
-0.628319  4.39823  1.25664  0.139203  0.180535
0.628319  4.39823  1.25664  0.139203  -0.180535
1.88496  4.39823  1.25664  0.111178  -0.242787
3.14159  4.39823  1.25664  0.0873459  -0.259948
4.39823  4.39823  1.25664  0.0686444  -0.254254
5.65487  4.39823  1.25664  0.0543994  -0.239725
6.9115  4.39823  1.25664  0.0436283  -0.222591
8.16814  4.39823  1.25664  0.0354515  -0.205534
10.6814  4.39823  1.25664  0.0243299  -0.175227
13.1947  4.39823  1.25664  0.01749  -0.15091
18.2212  4.39823  1.25664  0.0100924  -0.116413
27.0177  4.39823  1.25664  0.00489755  -0.0819045
54.6637  4.39823  1.25664  0.00125067  -0.0416622
-33.3009  4.39823  1.88496  0.00461046  0.0695497
-21.9911  4.39823  1.88496  0.0100016  0.101942
-15.708  4.39823  1.88496  0.0180059  0.135654
-10.6814  4.39823  1.88496  0.0329231  0.179953
-9.42478  4.39823  1.88496  0.0392272  0.194526
-8.16814  4.39823  1.88496  0.0472613  0.210557
-6.9115  4.39823  1.88496  0.0576003  0.227653
-5.65487  4.39823  1.88496  0.0710026  0.244654
-4.39823  4.39823  1.88496  0.0884035  0.258699
-3.14159  4.39823  1.88496  0.11072  0.263242
-1.88496  4.39823  1.88496  0.137933  0.24401
-0.628319  4.39823  1.88496  0.168086  0.167466
0.628319  4.39823  1.88496  0.168086  -0.167466
1.88496  4.39823  1.88496  0.137933  -0.24401
3.14159  4.39823  1.88496  0.11072  -0.263242
4.39823  4.39823  1.88496  0.0884035  -0.258699
5.65487  4.39823  1.88496  0.0710026  -0.244654
6.9115  4.39823  1.88496  0.0576003  -0.227653
8.16814  4.39823  1.88496  0.0472613  -0.210557
10.6814  4.39823  1.88496  0.0329231  -0.179953
13.1947  4.39823  1.88496  0.0239144  -0.155248
18.2212  4.39823  1.88496  0.0139727  -0.120017
27.0177  4.39823  1.88496  0.00684619  -0.0845861
54.6637  4.39823  1.88496  0.00176104  -0.0430842
-33.3009  4.39823  2.51327  0.00570367  0.0714691
-21.9911  4.39823  2.51327  0.0123267  0.104641
-15.708  4.39823  2.51327  0.0220745  0.139042
-10.6814  4.39823  2.51327  0.039993  0.184016
-9.42478  4.39823  2.51327  0.0474755  0.198744
-8.16814  4.39823  2.51327  0.0569377  0.214898
-6.9115  4.39823  2.51327  0.068996  0.232056
-5.65487  4.39823  2.51327  0.0844326  0.249003
-4.39823  4.39823  2.51327  0.104149  0.262757
-3.14159  4.39823  2.51327  0.128896  0.266354
-1.88496  4.39823  2.51327  0.158409  0.243403
-0.628319  4.39823  2.51327  0.188628  0.157337
0.628319  4.39823  2.51327  0.188628  -0.157337
1.88496  4.39823  2.51327  0.158409  -0.243403
3.14159  4.39823  2.51327  0.128896  -0.266354
4.39823  4.39823  2.51327  0.104149  -0.262757
5.65487  4.39823  2.51327  0.0844326  -0.249003
6.9115  4.39823  2.51327  0.068996  -0.232056
8.16814  4.39823  2.51327  0.0569377  -0.214898
10.6814  4.39823  2.51327  0.039993  -0.184016
13.1947  4.39823  2.51327  0.0292088  -0.15897
18.2212  4.39823  2.51327  0.017175  -0.123103
27.0177  4.39823  2.51327  0.00845614  -0.0868802
54.6637  4.39823  2.51327  0.00218309  -0.0443005
-33.3009  4.39823  3.14159  0.00613359  0.072271
-21.9911  4.39823  3.14159  0.0132409  0.105771
-15.708  4.39823  3.14159  0.0236739  0.140467
-10.6814  4.39823  3.14159  0.0427708  0.185738
-9.42478  4.39823  3.14159  0.0507147  0.200539
-8.16814  4.39823  3.14159  0.0607336  0.216756
-6.9115  4.39823  3.14159  0.0734569  0.233957
-5.65487  4.39823  3.14159  0.0896675  0.25091
-4.39823  4.39823  3.14159  0.110239  0.264592
-3.14159  4.39823  3.14159  0.135848  0.267902
-1.88496  4.39823  3.14159  0.165978  0.244162
-0.628319  4.39823  3.14159  0.196152  0.149609
0.628319  4.39823  3.14159  0.196152  -0.149609
1.88496  4.39823  3.14159  0.165978  -0.244162
3.14159  4.39823  3.14159  0.135848  -0.267902
4.39823  4.39823  3.14159  0.110239  -0.264592
5.65487  4.39823  3.14159  0.0896675  -0.25091
6.9115  4.39823  3.14159  0.0734569  -0.233957
8.16814  4.39823  3.14159  0.0607336  -0.216756
10.6814  4.39823  3.14159  0.0427708  -0.185738
13.1947  4.39823  3.14159  0.0312899  -0.16054
18.2212  4.39823  3.14159  0.018434  -0.124398
27.0177  4.39823  3.14159  0.00908921  -0.0878396
54.6637  4.39823  3.14159  0.00234911  -0.0448081
-33.3009  4.39823  3.76991  0.00570367  0.0714691
-21.9911  4.39823  3.76991  0.0123267  0.104641
-15.708  4.39823  3.76991  0.0220745  0.139042
-10.6814  4.39823  3.76991  0.039993  0.184016
-9.42478  4.39823  3.76991  0.0474755  0.198744
-8.16814  4.39823  3.76991  0.0569377  0.214898
-6.9115  4.39823  3.76991  0.068996  0.232056
-5.65487  4.39823  3.76991  0.0844326  0.249003
-4.39823  4.39823  3.76991  0.104149  0.262757
-3.14159  4.39823  3.76991  0.128896  0.266354
-1.88496  4.39823  3.76991  0.158409  0.243403
-0.628319  4.39823  3.76991  0.188628  0.157337
0.628319  4.39823  3.76991  0.188628  -0.157337
1.88496  4.39823  3.76991  0.158409  -0.243403
3.14159  4.39823  3.76991  0.128896  -0.266354
4.39823  4.39823  3.76991  0.104149  -0.262757
5.65487  4.39823  3.76991  0.0844326  -0.249003
6.9115  4.39823  3.76991  0.068996  -0.232056
8.16814  4.39823  3.76991  0.0569377  -0.214898
10.6814  4.39823  3.76991  0.039993  -0.184016
13.1947  4.39823  3.76991  0.0292088  -0.15897
18.2212  4.39823  3.76991  0.017175  -0.123103
27.0177  4.39823  3.76991  0.00845614  -0.0868802
54.6637  4.39823  3.76991  0.00218309  -0.0443005
-33.3009  4.39823  4.39823  0.00461046  0.0695497
-21.9911  4.39823  4.39823  0.0100016  0.101942
-15.708  4.39823  4.39823  0.0180059  0.135654
-10.6814  4.39823  4.39823  0.0329231  0.179953
-9.42478  4.39823  4.39823  0.0392272  0.194526
-8.16814  4.39823  4.39823  0.0472613  0.210557
-6.9115  4.39823  4.39823  0.0576003  0.227653
-5.65487  4.39823  4.39823  0.0710026  0.244654
-4.39823  4.39823  4.39823  0.0884035  0.258699
-3.14159  4.39823  4.39823  0.11072  0.263242
-1.88496  4.39823  4.39823  0.137933  0.24401
-0.628319  4.39823  4.39823  0.168086  0.167466
0.628319  4.39823  4.39823  0.168086  -0.167466
1.88496  4.39823  4.39823  0.137933  -0.24401
3.14159  4.39823  4.39823  0.11072  -0.263242
4.39823  4.39823  4.39823  0.0884035  -0.258699
5.65487  4.39823  4.39823  0.0710026  -0.244654
6.9115  4.39823  4.39823  0.0576003  -0.227653
8.16814  4.39823  4.39823  0.0472613  -0.210557
10.6814  4.39823  4.39823  0.0329231  -0.179953
13.1947  4.39823  4.39823  0.0239144  -0.155248
18.2212  4.39823  4.39823  0.0139727  -0.120017
27.0177  4.39823  4.39823  0.00684619  -0.0845861
54.6637  4.39823  4.39823  0.00176104  -0.0430842
-33.3009  4.39823  5.02655  0.00328778  0.0673057
-21.9911  4.39823  5.02655  0.00718601  0.0987873
-15.708  4.39823  5.02655  0.0130733  0.1317
-10.6814  4.39823  5.02655  0.0243299  0.175227
-9.42478  4.39823  5.02655  0.0291863  0.18963
-8.16814  4.39823  5.02655  0.0354515  0.205534
-6.9115  4.39823  5.02655  0.0436283  0.222591
-5.65487  4.39823  5.02655  0.0543994  0.239725
-4.39823  4.39823  5.02655  0.0686444  0.254254
-3.14159  4.39823  5.02655  0.0873459  0.259948
-1.88496  4.39823  5.02655  0.111178  0.242787
-0.628319  4.39823  5.02655  0.139203  0.180535
0.628319  4.39823  5.02655  0.139203  -0.180535
1.88496  4.39823  5.02655  0.111178  -0.242787
3.14159  4.39823  5.02655  0.0873459  -0.259948
4.39823  4.39823  5.02655  0.0686444  -0.254254
5.65487  4.39823  5.02655  0.0543994  -0.239725
6.9115  4.39823  5.02655  0.0436283  -0.222591
8.16814  4.39823  5.02655  0.0354515  -0.205534
10.6814  4.39823  5.02655  0.0243299  -0.175227
13.1947  4.39823  5.02655  0.01749  -0.15091
18.2212  4.39823  5.02655  0.0100924  -0.116413
27.0177  4.39823  5.02655  0.00489755  -0.0819045
54.6637  4.39823  5.02655  0.00125067  -0.0416622
-33.3009  4.39823  5.65487  0.00221864  0.0653854
-21.9911  4.39823  5.65487  0.00490675  0.0960728
-15.708  4.39823  5.65487  0.0090717  0.128267
-10.6814  4.39823  5.65487  0.0173247  0.171054
-9.42478  4.39823  5.65487  0.0209794  0.185271
-8.16814  4.39823  5.65487  0.0257599  0.201016
-6.9115  4.39823  5.65487  0.032089  0.217977
-5.65487  4.39823  5.65487  0.0405445  0.235172
-4.39823  4.39823  5.65487  0.0518828  0.250144
-3.14159  4.39823  5.65487  0.0670266  0.257209
-1.88496  4.39823  5.65487  0.0869692  0.243372
-0.628319  4.39823  5.65487  0.1137  0.173099
0.628319  4.39823  5.65487  0.1137  -0.173099
1.88496  4.39823  5.65487  0.0869692  -0.243372
3.14159  4.39823  5.65487  0.0670266  -0.257209
4.39823  4.39823  5.65487  0.0518828  -0.250144
5.65487  4.39823  5.65487  0.0405445  -0.235172
6.9115  4.39823  5.65487  0.0320889  -0.217977
8.16814  4.39823  5.65487  0.0257598  -0.201016
10.6814  4.39823  5.65487  0.0173248  -0.171054
13.1947  4.39823  5.65487  0.0122691  -0.147119
18.2212  4.39823  5.65487  0.00694807  -0.113299
27.0177  4.39823  5.65487  0.00332147  -0.0796042
54.6637  4.39823  5.65487  0.000838472  -0.0404489
-33.3009  4.39823  6.28319  0.00180646  0.0645786
-21.9911  4.39823  6.28319  0.00402694  0.0949248
-15.708  4.39823  6.28319  0.00752406  0.126801
-10.6814  4.39823  6.28319  0.0146038  0.169235
-9.42478  4.39823  6.28319  0.0177844  0.183354
-8.16814  4.39823  6.28319  0.0219744  0.199003
-6.9115  4.39823  6.28319  0.0275591  0.215887
-5.65487  4.39823  6.28319  0.0350635  0.233059
-4.39823  4.39823  6.28319  0.0451733  0.248168
-3.14159  4.39823  6.28319  0.0587644  0.255738
-1.88496  4.39823  6.28319  0.077237  0.242335
-0.628319  4.39823  6.28319  0.103247  0.170304
0.628319  4.39823  6.28319  0.103247  -0.170304
1.88496  4.39823  6.28319  0.077237  -0.242335
3.14159  4.39823  6.28319  0.0587644  -0.255738
4.39823  4.39823  6.28319  0.0451733  -0.248168
5.65487  4.39823  6.28319  0.0350635  -0.233059
6.9115  4.39823  6.28319  0.0275591  -0.215887
8.16814  4.39823  6.28319  0.0219744  -0.199003
10.6814  4.39823  6.28319  0.0146038  -0.169235
13.1947  4.39823  6.28319  0.0102467  -0.145488
18.2212  4.39823  6.28319  0.00573318  -0.111975
27.0177  4.39823  6.28319  0.00271355  -0.0786351
54.6637  4.39823  6.28319  0.00067967  -0.0399409
-33.3009  5.02655  0  0.000464506  0.0623231
-21.9911  5.02655  0  0.00115449  0.0917721
-15.708  5.02655  0  0.00246694  0.122928
-10.6814  5.02655  0  0.00580481  0.164934
-9.42478  5.02655  0  0.00755114  0.179086
-8.16814  5.02655  0  0.0100527  0.194892
-6.9115  5.02655  0  0.0137082  0.212085
-5.65487  5.02655  0  0.0191391  0.229681
-4.39823  5.02655  0  0.027293  0.245015
-3.14159  5.02655  0  0.0395284  0.251478
-1.88496  5.02655  0  0.0573223  0.23295
-0.628319  5.02655  0  0.0797654  0.145597
0.628319  5.02655  0  0.0797654  -0.145597
1.88496  5.02655  0  0.0573223  -0.23295
3.14159  5.02655  0  0.0395284  -0.251478
4.39823  5.02655  0  0.027293  -0.245015
5.65487  5.02655  0  0.0191391  -0.229681
6.9115  5.02655  0  0.0137082  -0.212085
8.16814  5.02655  0  0.0100527  -0.194892
10.6814  5.02655  0  0.00580483  -0.164934
13.1947  5.02655  0  0.00365252  -0.141338
18.2212  5.02655  0  0.00176296  -0.108403
27.0177  5.02655  0  0.00073155  -0.0759438
54.6637  5.02655  0  0.000163712  -0.0385111
-33.3009  5.02655  0.628319  0.000883206  0.0631319
-21.9911  5.02655  0.628319  0.00205097  0.0929196
-15.708  5.02655  0.628319  0.00404787  0.124379
-10.6814  5.02655  0.628319  0.00857705  0.166674
-9.42478  5.02655  0.628319  0.0107926  0.180885
-8.16814  5.02655  0.628319  0.013862  0.196728
-6.9115  5.02655  0.628319  0.0181972  0.213922
-5.65487  5.02655  0.628319  0.0244204  0.231459
-4.39823  5.02655  0.628319  0.0334374  0.246648
-3.14159  5.02655  0.628319  0.0464612  0.252919
-1.88496  5.02655  0.628319  0.0648323  0.2343
-0.628319  5.02655  0.628319  0.0878667  0.154101
0.628319  5.02655  0.628319  0.0878667  -0.154101
1.88496  5.02655  0.628319  0.0648323  -0.2343
3.14159  5.02655  0.628319  0.0464612  -0.252919
4.39823  5.02655  0.628319  0.0334374  -0.246648
5.65487  5.02655  0.628319  0.0244204  -0.231459
6.9115  5.02655  0.628319  0.0181972  -0.213922
8.16814  5.02655  0.628319  0.013862  -0.196728
10.6814  5.02655  0.628319  0.00857706  -0.166674
13.1947  5.02655  0.628319  0.00571873  -0.142935
18.2212  5.02655  0.628319  0.00300282  -0.10972
27.0177  5.02655  0.628319  0.00134997  -0.0769145
54.6637  5.02655  0.628319  0.000324704  -0.0390205
-33.3009  5.02655  1.25664  0.00196372  0.0650612
-21.9911  5.02655  1.25664  0.00436102  0.0956398
-15.708  5.02655  1.25664  0.00811353  0.127786
-10.6814  5.02655  1.25664  0.0156845  0.170681
-9.42478  5.02655  1.25664  0.0190942  0.184991
-8.16814  5.02655  1.25664  0.0236069  0.200871
-6.9115  5.02655  1.25664  0.029671  0.218003
-5.65487  5.02655  1.25664  0.0379218  0.235333
-4.39823  5.02655  1.25664  0.0492107  0.250147
-3.14159  5.02655  1.25664  0.0645176  0.256088
-1.88496  5.02655  1.25664  0.0844926  0.239132
-0.628319  5.02655  1.25664  0.109611  0.165723
0.628319  5.02655  1.25664  0.109611  -0.165723
1.88496  5.02655  1.25664  0.0844926  -0.239132
3.14159  5.02655  1.25664  0.0645176  -0.256088
4.39823  5.02655  1.25664  0.0492108  -0.250147
5.65487  5.02655  1.25664  0.0379218  -0.235333
6.9115  5.02655  1.25664  0.029671  -0.218003
8.16814  5.02655  1.25664  0.0236069  -0.200871
10.6814  5.02655  1.25664  0.0156845  -0.170681
13.1947  5.02655  1.25664  0.0110254  -0.146657
18.2212  5.02655  1.25664  0.00619444  -0.112829
27.0177  5.02655  1.25664  0.00294487  -0.0792239
54.6637  5.02655  1.25664  0.00074052  -0.0402396
-33.3009  5.02655  1.88496  0.00328778  0.0673057
-21.9911  5.02655  1.88496  0.00718601  0.0987873
-15.708  5.02655  1.88496  0.0130733  0.1317
-10.6814  5.02655  1.88496  0.0243299  0.175227
-9.42478  5.02655  1.88496  0.0291863  0.18963
-8.16814  5.02655  1.88496  0.0354515  0.205534
-6.9115  5.02655  1.88496  0.0436283  0.222591
-5.65487  5.02655  1.88496  0.0543994  0.239725
-4.39823  5.02655  1.88496  0.0686444  0.254254
-3.14159  5.02655  1.88496  0.0873459  0.259948
-1.88496  5.02655  1.88496  0.111178  0.242787
-0.628319  5.02655  1.88496  0.139203  0.180535
0.628319  5.02655  1.88496  0.139203  -0.180535
1.88496  5.02655  1.88496  0.111178  -0.242787
3.14159  5.02655  1.88496  0.0873459  -0.259948
4.39823  5.02655  1.88496  0.0686444  -0.254254
5.65487  5.02655  1.88496  0.0543994  -0.239725
6.9115  5.02655  1.88496  0.0436283  -0.222591
8.16814  5.02655  1.88496  0.0354515  -0.205534
10.6814  5.02655  1.88496  0.0243299  -0.175227
13.1947  5.02655  1.88496  0.01749  -0.15091
18.2212  5.02655  1.88496  0.0100924  -0.116413
27.0177  5.02655  1.88496  0.00489755  -0.0819045
54.6637  5.02655  1.88496  0.00125067  -0.0416622
-33.3009  5.02655  2.51327  0.00437414  0.0692158
-21.9911  5.02655  2.51327  0.00949986  0.101466
-15.708  5.02655  2.51327  0.0171282  0.135038
-10.6814  5.02655  2.51327  0.031389  0.179147
-9.42478  5.02655  2.51327  0.0374286  0.19366
-8.16814  5.02655  2.51327  0.0451341  0.209639
-6.9115  5.02655  2.51327  0.0550629  0.226727
-5.65487  5.02655  2.51327  0.0679578  0.243875
-4.39823  5.02655  2.51327  0.0847692  0.258524
-3.14159  5.02655  2.51327  0.106588  0.2648
-1.88496  5.02655  2.51327  0.134152  0.249265
-0.628319  5.02655  2.51327  0.166844  0.175468
0.628319  5.02655  2.51327  0.166844  -0.175468
1.88496  5.02655  2.51327  0.134152  -0.249265
3.14159  5.02655  2.51327  0.106588  -0.2648
4.39823  5.02655  2.51327  0.0847692  -0.258524
5.65487  5.02655  2.51327  0.0679578  -0.243875
6.9115  5.02655  2.51327  0.0550629  -0.226727
8.16814  5.02655  2.51327  0.0451341  -0.209639
10.6814  5.02655  2.51327  0.031389  -0.179147
13.1947  5.02655  2.51327  0.0227708  -0.15455
18.2212  5.02655  2.51327  0.0132819  -0.119466
27.0177  5.02655  2.51327  0.00649843  -0.0841855
54.6637  5.02655  2.51327  0.00166967  -0.0428731
-33.3009  5.02655  3.14159  0.00479942  0.0700154
-21.9911  5.02655  3.14159  0.010405  0.102591
-15.708  5.02655  3.14159  0.0187134  0.136448
-10.6814  5.02655  3.14159  0.0341493  0.180828
-9.42478  5.02655  3.14159  0.0406535  0.195403
-8.16814  5.02655  3.14159  0.0489266  0.211436
-6.9115  5.02655  3.14159  0.0595491  0.228573
-5.65487  5.02655  3.14159  0.0732892  0.245784
-4.39823  5.02655  3.14159  0.0911205  0.260578
-3.14159  5.02655  3.14159  0.114163  0.267199
-1.88496  5.02655  3.14159  0.14345  0.251476
-0.628319  5.02655  3.14159  0.178048  0.174055
0.628319  5.02655  3.14159  0.178048  -0.174055
1.88496  5.02655  3.14159  0.14345  -0.251476
3.14159  5.02655  3.14159  0.114163  -0.267199
4.39823  5.02655  3.14159  0.0911205  -0.260578
5.65487  5.02655  3.14159  0.0732892  -0.245784
6.9115  5.02655  3.14159  0.0595491  -0.228573
8.16814  5.02655  3.14159  0.0489266  -0.211436
10.6814  5.02655  3.14159  0.0341494  -0.180828
13.1947  5.02655  3.14159  0.024835  -0.156095
18.2212  5.02655  3.14159  0.0145291  -0.120752
27.0177  5.02655  3.14159  0.00712492  -0.0851416
54.6637  5.02655  3.14159  0.00183379  -0.0433794
-33.3009  5.02655  3.76991  0.00437414  0.0692158
-21.9911  5.02655  3.76991  0.00949986  0.101466
-15.708  5.02655  3.76991  0.0171282  0.135038
-10.6814  5.02655  3.76991  0.031389  0.179147
-9.42478  5.02655  3.76991  0.0374286  0.19366
-8.16814  5.02655  3.76991  0.0451341  0.209639
-6.9115  5.02655  3.76991  0.0550629  0.226727
-5.65487  5.02655  3.76991  0.0679578  0.243875
-4.39823  5.02655  3.76991  0.0847692  0.258524
-3.14159  5.02655  3.76991  0.106588  0.2648
-1.88496  5.02655  3.76991  0.134152  0.249265
-0.628319  5.02655  3.76991  0.166844  0.175468
0.628319  5.02655  3.76991  0.166844  -0.175468
1.88496  5.02655  3.76991  0.134152  -0.249265
3.14159  5.02655  3.76991  0.106588  -0.2648
4.39823  5.02655  3.76991  0.0847692  -0.258524
5.65487  5.02655  3.76991  0.0679578  -0.243875
6.9115  5.02655  3.76991  0.0550629  -0.226727
8.16814  5.02655  3.76991  0.0451341  -0.209639
10.6814  5.02655  3.76991  0.031389  -0.179147
13.1947  5.02655  3.76991  0.0227708  -0.15455
18.2212  5.02655  3.76991  0.0132819  -0.119466
27.0177  5.02655  3.76991  0.00649843  -0.0841855
54.6637  5.02655  3.76991  0.00166967  -0.0428731
-33.3009  5.02655  4.39823  0.00328778  0.0673057
-21.9911  5.02655  4.39823  0.00718601  0.0987873
-15.708  5.02655  4.39823  0.0130733  0.1317
-10.6814  5.02655  4.39823  0.0243299  0.175227
-9.42478  5.02655  4.39823  0.0291863  0.18963
-8.16814  5.02655  4.39823  0.0354515  0.205534
-6.9115  5.02655  4.39823  0.0436283  0.222591
-5.65487  5.02655  4.39823  0.0543994  0.239725
-4.39823  5.02655  4.39823  0.0686444  0.254254
-3.14159  5.02655  4.39823  0.0873459  0.259948
-1.88496  5.02655  4.39823  0.111178  0.242787
-0.628319  5.02655  4.39823  0.139203  0.180535
0.628319  5.02655  4.39823  0.139203  -0.180535
1.88496  5.02655  4.39823  0.111178  -0.242787
3.14159  5.02655  4.39823  0.0873459  -0.259948
4.39823  5.02655  4.39823  0.0686444  -0.254254
5.65487  5.02655  4.39823  0.0543994  -0.239725
6.9115  5.02655  4.39823  0.0436283  -0.222591
8.16814  5.02655  4.39823  0.0354515  -0.205534
10.6814  5.02655  4.39823  0.0243299  -0.175227
13.1947  5.02655  4.39823  0.01749  -0.15091
18.2212  5.02655  4.39823  0.0100924  -0.116413
27.0177  5.02655  4.39823  0.00489755  -0.0819045
54.6637  5.02655  4.39823  0.00125067  -0.0416622
-33.3009  5.02655  5.02655  0.00196372  0.0650612
-21.9911  5.02655  5.02655  0.00436102  0.0956398
-15.708  5.02655  5.02655  0.00811353  0.127786
-10.6814  5.02655  5.02655  0.0156845  0.170681
-9.42478  5.02655  5.02655  0.0190942  0.184991
-8.16814  5.02655  5.02655  0.0236069  0.200871
-6.9115  5.02655  5.02655  0.029671  0.218003
-5.65487  5.02655  5.02655  0.0379218  0.235333
-4.39823  5.02655  5.02655  0.0492107  0.250147
-3.14159  5.02655  5.02655  0.0645176  0.256088
-1.88496  5.02655  5.02655  0.0844926  0.239132
-0.628319  5.02655  5.02655  0.109611  0.165723
0.628319  5.02655  5.02655  0.109611  -0.165723
1.88496  5.02655  5.02655  0.0844926  -0.239132
3.14159  5.02655  5.02655  0.0645176  -0.256088
4.39823  5.02655  5.02655  0.0492108  -0.250147
5.65487  5.02655  5.02655  0.0379218  -0.235333
6.9115  5.02655  5.02655  0.029671  -0.218003
8.16814  5.02655  5.02655  0.0236069  -0.200871
10.6814  5.02655  5.02655  0.0156845  -0.170681
13.1947  5.02655  5.02655  0.0110254  -0.146657
18.2212  5.02655  5.02655  0.00619444  -0.112829
27.0177  5.02655  5.02655  0.00294487  -0.0792239
54.6637  5.02655  5.02655  0.00074052  -0.0402396
-33.3009  5.02655  5.65487  0.000883206  0.0631319
-21.9911  5.02655  5.65487  0.00205097  0.0929196
-15.708  5.02655  5.65487  0.00404787  0.124379
-10.6814  5.02655  5.65487  0.00857705  0.166674
-9.42478  5.02655  5.65487  0.0107926  0.180885
-8.16814  5.02655  5.65487  0.013862  0.196728
-6.9115  5.02655  5.65487  0.0181972  0.213922
-5.65487  5.02655  5.65487  0.0244204  0.231459
-4.39823  5.02655  5.65487  0.0334374  0.246648
-3.14159  5.02655  5.65487  0.0464612  0.252919
-1.88496  5.02655  5.65487  0.0648323  0.2343
-0.628319  5.02655  5.65487  0.0878667  0.154101
0.628319  5.02655  5.65487  0.0878667  -0.154101
1.88496  5.02655  5.65487  0.0648323  -0.2343
3.14159  5.02655  5.65487  0.0464612  -0.252919
4.39823  5.02655  5.65487  0.0334374  -0.246648
5.65487  5.02655  5.65487  0.0244204  -0.231459
6.9115  5.02655  5.65487  0.0181972  -0.213922
8.16814  5.02655  5.65487  0.013862  -0.196728
10.6814  5.02655  5.65487  0.00857706  -0.166674
13.1947  5.02655  5.65487  0.00571873  -0.142935
18.2212  5.02655  5.65487  0.00300282  -0.10972
27.0177  5.02655  5.65487  0.00134997  -0.0769145
54.6637  5.02655  5.65487  0.000324704  -0.0390205
-33.3009  5.02655  6.28319  0.000464506  0.0623231
-21.9911  5.02655  6.28319  0.00115449  0.0917721
-15.708  5.02655  6.28319  0.00246694  0.122928
-10.6814  5.02655  6.28319  0.00580481  0.164934
-9.42478  5.02655  6.28319  0.00755114  0.179086
-8.16814  5.02655  6.28319  0.0100527  0.194892
-6.9115  5.02655  6.28319  0.0137082  0.212085
-5.65487  5.02655  6.28319  0.0191391  0.229681
-4.39823  5.02655  6.28319  0.027293  0.245015
-3.14159  5.02655  6.28319  0.0395284  0.251478
-1.88496  5.02655  6.28319  0.0573223  0.23295
-0.628319  5.02655  6.28319  0.0797654  0.145597
0.628319  5.02655  6.28319  0.0797654  -0.145597
1.88496  5.02655  6.28319  0.0573223  -0.23295
3.14159  5.02655  6.28319  0.0395284  -0.251478
4.39823  5.02655  6.28319  0.027293  -0.245015
5.65487  5.02655  6.28319  0.0191391  -0.229681
6.9115  5.02655  6.28319  0.0137082  -0.212085
8.16814  5.02655  6.28319  0.0100527  -0.194892
10.6814  5.02655  6.28319  0.00580483  -0.164934
13.1947  5.02655  6.28319  0.00365252  -0.141338
18.2212  5.02655  6.28319  0.00176296  -0.108403
27.0177  5.02655  6.28319  0.00073155  -0.0759438
54.6637  5.02655  6.28319  0.000163712  -0.0385111
-33.3009  5.65487  0  -0.000652512  0.0602829
-21.9911  5.65487  0  -0.00124336  0.088899
-15.708  5.65487  0  -0.00176811  0.11936
-10.6814  5.65487  0  -0.00157479  0.1609
-9.42478  5.65487  0  -0.00101879  0.175056
-8.16814  5.65487  0  0.000107977  0.190975
-6.9115  5.65487  0  0.00225378  0.208422
-5.65487  5.65487  0  0.00619663  0.226367
-4.39823  5.65487  0  0.0132093  0.241832
-3.14159  5.65487  0  0.0250471  0.247151
-1.88496  5.65487  0  0.0428984  0.223809
-0.628319  5.65487  0  0.0622298  0.136327
0.628319  5.65487  0  0.0622298  -0.136327
1.88496  5.65487  0  0.0428984  -0.223809
3.14159  5.65487  0  0.0250471  -0.247151
4.39823  5.65487  0  0.0132093  -0.241832
5.65487  5.65487  0  0.00619663  -0.226367
6.9115  5.65487  0  0.00225379  -0.208422
8.16814  5.65487  0  0.000107991  -0.190975
10.6814  5.65487  0  -0.00157478  -0.1609
13.1947  5.65487  0  -0.0018772  -0.137488
18.2212  5.65487  0  -0.00155709  -0.105129
27.0177  5.65487  0  -0.000920272  -0.0735018
54.6637  5.65487  0  -0.000265015  -0.0372231
-33.3009  5.65487  0.628319  -0.000220985  0.0611353
-21.9911  5.65487  0.628319  -0.000316501  0.0901075
-15.708  5.65487  0.628319  -0.000129233  0.12088
-10.6814  5.65487  0.628319  0.00129063  0.162676
-9.42478  5.65487  0.628319  0.00231549  0.176863
-8.16814  5.65487  0.628319  0.00398918  0.192777
-6.9115  5.65487  0.628319  0.00674648  0.210171
-5.65487  5.65487  0.628319  0.0113146  0.228024
-4.39823  5.65487  0.628319  0.0188527  0.243443
-3.14159  5.65487  0.628319  0.0309572  0.249124
-1.88496  5.65487  0.628319  0.0487694  0.227764
-0.628319  5.65487  0.628319  0.0697805  0.138214
0.628319  5.65487  0.628319  0.0697805  -0.138214
1.88496  5.65487  0.628319  0.0487694  -0.227764
3.14159  5.65487  0.628319  0.0309572  -0.249124
4.39823  5.65487  0.628319  0.0188527  -0.243443
5.65487  5.65487  0.628319  0.0113146  -0.228024
6.9115  5.65487  0.628319  0.00674649  -0.210171
8.16814  5.65487  0.628319  0.0039892  -0.192777
10.6814  5.65487  0.628319  0.00129065  -0.162676
13.1947  5.65487  0.628319  0.000265105  -0.139147
18.2212  5.65487  0.628319  -0.000273104  -0.106514
27.0177  5.65487  0.628319  -0.000282007  -0.0745248
54.6637  5.65487  0.628319  -9.94303e-05  -0.0377596
-33.3009  5.65487  1.25664  0.000883206  0.0631319
-21.9911  5.65487  1.25664  0.00205097  0.0929196
-15.708  5.65487  1.25664  0.00404787  0.124379
-10.6814  5.65487  1.25664  0.00857705  0.166674
-9.42478  5.65487  1.25664  0.0107926  0.180885
-8.16814  5.65487  1.25664  0.013862  0.196728
-6.9115  5.65487  1.25664  0.0181972  0.213922
-5.65487  5.65487  1.25664  0.0244204  0.231459
-4.39823  5.65487  1.25664  0.0334374  0.246648
-3.14159  5.65487  1.25664  0.0464612  0.252919
-1.88496  5.65487  1.25664  0.0648323  0.2343
-0.628319  5.65487  1.25664  0.0878667  0.154101
0.628319  5.65487  1.25664  0.0878667  -0.154101
1.88496  5.65487  1.25664  0.0648323  -0.2343
3.14159  5.65487  1.25664  0.0464612  -0.252919
4.39823  5.65487  1.25664  0.0334374  -0.246648
5.65487  5.65487  1.25664  0.0244204  -0.231459
6.9115  5.65487  1.25664  0.0181972  -0.213922
8.16814  5.65487  1.25664  0.013862  -0.196728
10.6814  5.65487  1.25664  0.00857706  -0.166674
13.1947  5.65487  1.25664  0.00571873  -0.142935
18.2212  5.65487  1.25664  0.00300282  -0.10972
27.0177  5.65487  1.25664  0.00134997  -0.0769145
54.6637  5.65487  1.25664  0.000324704  -0.0390205
-33.3009  5.65487  1.88496  0.00221864  0.0653854
-21.9911  5.65487  1.88496  0.00490675  0.0960728
-15.708  5.65487  1.88496  0.0090717  0.128267
-10.6814  5.65487  1.88496  0.0173247  0.171054
-9.42478  5.65487  1.88496  0.0209794  0.185271
-8.16814  5.65487  1.88496  0.0257599  0.201016
-6.9115  5.65487  1.88496  0.032089  0.217977
-5.65487  5.65487  1.88496  0.0405445  0.235172
-4.39823  5.65487  1.88496  0.0518828  0.250144
-3.14159  5.65487  1.88496  0.0670266  0.257209
-1.88496  5.65487  1.88496  0.0869692  0.243372
-0.628319  5.65487  1.88496  0.1137  0.173099
0.628319  5.65487  1.88496  0.1137  -0.173099
1.88496  5.65487  1.88496  0.0869692  -0.243372
3.14159  5.65487  1.88496  0.0670266  -0.257209
4.39823  5.65487  1.88496  0.0518828  -0.250144
5.65487  5.65487  1.88496  0.0405445  -0.235172
6.9115  5.65487  1.88496  0.0320889  -0.217977
8.16814  5.65487  1.88496  0.0257598  -0.201016
10.6814  5.65487  1.88496  0.0173248  -0.171054
13.1947  5.65487  1.88496  0.0122691  -0.147119
18.2212  5.65487  1.88496  0.00694807  -0.113299
27.0177  5.65487  1.88496  0.00332147  -0.0796042
54.6637  5.65487  1.88496  0.000838472  -0.0404489
-33.3009  5.65487  2.51327  0.00330657  0.0672954
-21.9911  5.65487  2.51327  0.00722794  0.0987463
-15.708  5.65487  2.51327  0.0131462  0.131576
-10.6814  5.65487  2.51327  0.0244228  0.174849
-9.42478  5.65487  2.51327  0.0292636  0.18912
-8.16814  5.65487  2.51327  0.0354821  0.204859
-6.9115  5.65487  2.51327  0.0435492  0.221745
-5.65487  5.65487  2.51327  0.0540929  0.238831
-4.39823  5.65487  2.51327  0.0679229  0.253855
-3.14159  5.65487  2.51327  0.08605  0.261753
-1.88496  5.65487  2.51327  0.109854  0.25087
-0.628319  5.65487  2.51327  0.141401  0.196602
0.628319  5.65487  2.51327  0.141401  -0.196602
1.88496  5.65487  2.51327  0.109854  -0.25087
3.14159  5.65487  2.51327  0.08605  -0.261753
4.39823  5.65487  2.51327  0.0679229  -0.253855
5.65487  5.65487  2.51327  0.0540929  -0.238831
6.9115  5.65487  2.51327  0.0435492  -0.221745
8.16814  5.65487  2.51327  0.0354821  -0.204859
10.6814  5.65487  2.51327  0.0244228  -0.174849
13.1947  5.65487  2.51327  0.0175786  -0.150699
18.2212  5.65487  2.51327  0.0101507  -0.116337
27.0177  5.65487  2.51327  0.00492592  -0.0818839
54.6637  5.65487  2.51327  0.0012576  -0.0416601
-33.3009  5.65487  3.14159  0.00373252  0.0681011
-21.9911  5.65487  3.14159  0.00813544  0.0998771
-15.708  5.65487  3.14159  0.0147371  0.132985
-10.6814  5.65487  3.14159  0.0271958  0.176497
-9.42478  5.65487  3.14159  0.032505  0.190812
-8.16814  5.65487  3.14159  0.0392979  0.206579
-6.9115  5.65487  3.14159  0.0480744  0.223478
-5.65487  5.65487  3.14159  0.0595029  0.240582
-4.39823  5.65487  3.14159  0.0744569  0.255715
-3.14159  5.65487  3.14159  0.0940411  0.264134
-1.88496  5.65487  3.14159  0.119605  0.25568
-0.628319  5.65487  3.14159  0.155088  0.202423
0.628319  5.65487  3.14159  0.155088  -0.202423
1.88496  5.65487  3.14159  0.119605  -0.25568
3.14159  5.65487  3.14159  0.0940411  -0.264134
4.39823  5.65487  3.14159  0.0744569  -0.255715
5.65487  5.65487  3.14159  0.0595029  -0.240582
6.9115  5.65487  3.14159  0.0480744  -0.223478
8.16814  5.65487  3.14159  0.0392979  -0.206579
10.6814  5.65487  3.14159  0.0271958  -0.176497
13.1947  5.65487  3.14159  0.0196511  -0.152233
18.2212  5.65487  3.14159  0.0114018  -0.117625
27.0177  5.65487  3.14159  0.0055537  -0.0828464
54.6637  5.65487  3.14159  0.00142186  -0.0421705
-33.3009  5.65487  3.76991  0.00330657  0.0672954
-21.9911  5.65487  3.76991  0.00722794  0.0987463
-15.708  5.65487  3.76991  0.0131462  0.131576
-10.6814  5.65487  3.76991  0.0244228  0.174849
-9.42478  5.65487  3.76991  0.0292636  0.18912
-8.16814  5.65487  3.76991  0.0354821  0.204859
-6.9115  5.65487  3.76991  0.0435492  0.221745
-5.65487  5.65487  3.76991  0.0540929  0.238831
-4.39823  5.65487  3.76991  0.0679229  0.253855
-3.14159  5.65487  3.76991  0.08605  0.261753
-1.88496  5.65487  3.76991  0.109854  0.25087
-0.628319  5.65487  3.76991  0.141401  0.196602
0.628319  5.65487  3.76991  0.141401  -0.196602
1.88496  5.65487  3.76991  0.109854  -0.25087
3.14159  5.65487  3.76991  0.08605  -0.261753
4.39823  5.65487  3.76991  0.0679229  -0.253855
5.65487  5.65487  3.76991  0.0540929  -0.238831
6.9115  5.65487  3.76991  0.0435492  -0.221745
8.16814  5.65487  3.76991  0.0354821  -0.204859
10.6814  5.65487  3.76991  0.0244228  -0.174849
13.1947  5.65487  3.76991  0.0175786  -0.150699
18.2212  5.65487  3.76991  0.0101507  -0.116337
27.0177  5.65487  3.76991  0.00492592  -0.0818839
54.6637  5.65487  3.76991  0.0012576  -0.0416601
-33.3009  5.65487  4.39823  0.00221864  0.0653854
-21.9911  5.65487  4.39823  0.00490675  0.0960728
-15.708  5.65487  4.39823  0.0090717  0.128267
-10.6814  5.65487  4.39823  0.0173247  0.171054
-9.42478  5.65487  4.39823  0.0209794  0.185271
-8.16814  5.65487  4.39823  0.0257599  0.201016
-6.9115  5.65487  4.39823  0.032089  0.217977
-5.65487  5.65487  4.39823  0.0405445  0.235172
-4.39823  5.65487  4.39823  0.0518828  0.250144
-3.14159  5.65487  4.39823  0.0670266  0.257209
-1.88496  5.65487  4.39823  0.0869692  0.243372
-0.628319  5.65487  4.39823  0.1137  0.173099
0.628319  5.65487  4.39823  0.1137  -0.173099
1.88496  5.65487  4.39823  0.0869692  -0.243372
3.14159  5.65487  4.39823  0.0670266  -0.257209
4.39823  5.65487  4.39823  0.0518828  -0.250144
5.65487  5.65487  4.39823  0.0405445  -0.235172
6.9115  5.65487  4.39823  0.0320889  -0.217977
8.16814  5.65487  4.39823  0.0257598  -0.201016
10.6814  5.65487  4.39823  0.0173248  -0.171054
13.1947  5.65487  4.39823  0.0122691  -0.147119
18.2212  5.65487  4.39823  0.00694807  -0.113299
27.0177  5.65487  4.39823  0.00332147  -0.0796042
54.6637  5.65487  4.39823  0.000838472  -0.0404489
-33.3009  5.65487  5.02655  0.000883206  0.0631319
-21.9911  5.65487  5.02655  0.00205097  0.0929196
-15.708  5.65487  5.02655  0.00404787  0.124379
-10.6814  5.65487  5.02655  0.00857705  0.166674
-9.42478  5.65487  5.02655  0.0107926  0.180885
-8.16814  5.65487  5.02655  0.013862  0.196728
-6.9115  5.65487  5.02655  0.0181972  0.213922
-5.65487  5.65487  5.02655  0.0244204  0.231459
-4.39823  5.65487  5.02655  0.0334374  0.246648
-3.14159  5.65487  5.02655  0.0464612  0.252919
-1.88496  5.65487  5.02655  0.0648323  0.2343
-0.628319  5.65487  5.02655  0.0878667  0.154101
0.628319  5.65487  5.02655  0.0878667  -0.154101
1.88496  5.65487  5.02655  0.0648323  -0.2343
3.14159  5.65487  5.02655  0.0464612  -0.252919
4.39823  5.65487  5.02655  0.0334374  -0.246648
5.65487  5.65487  5.02655  0.0244204  -0.231459
6.9115  5.65487  5.02655  0.0181972  -0.213922
8.16814  5.65487  5.02655  0.013862  -0.196728
10.6814  5.65487  5.02655  0.00857706  -0.166674
13.1947  5.65487  5.02655  0.00571873  -0.142935
18.2212  5.65487  5.02655  0.00300282  -0.10972
27.0177  5.65487  5.02655  0.00134997  -0.0769145
54.6637  5.65487  5.02655  0.000324704  -0.0390205
-33.3009  5.65487  5.65487  -0.000220985  0.0611353
-21.9911  5.65487  5.65487  -0.000316501  0.0901075
-15.708  5.65487  5.65487  -0.000129233  0.12088
-10.6814  5.65487  5.65487  0.00129063  0.162676
-9.42478  5.65487  5.65487  0.00231549  0.176863
-8.16814  5.65487  5.65487  0.00398918  0.192777
-6.9115  5.65487  5.65487  0.00674648  0.210171
-5.65487  5.65487  5.65487  0.0113146  0.228024
-4.39823  5.65487  5.65487  0.0188527  0.243443
-3.14159  5.65487  5.65487  0.0309572  0.249124
-1.88496  5.65487  5.65487  0.0487694  0.227764
-0.628319  5.65487  5.65487  0.0697805  0.138214
0.628319  5.65487  5.65487  0.0697805  -0.138214
1.88496  5.65487  5.65487  0.0487694  -0.227764
3.14159  5.65487  5.65487  0.0309572  -0.249124
4.39823  5.65487  5.65487  0.0188527  -0.243443
5.65487  5.65487  5.65487  0.0113146  -0.228024
6.9115  5.65487  5.65487  0.00674649  -0.210171
8.16814  5.65487  5.65487  0.0039892  -0.192777
10.6814  5.65487  5.65487  0.00129065  -0.162676
13.1947  5.65487  5.65487  0.000265105  -0.139147
18.2212  5.65487  5.65487  -0.000273104  -0.106514
27.0177  5.65487  5.65487  -0.000282007  -0.0745248
54.6637  5.65487  5.65487  -9.94303e-05  -0.0377596
-33.3009  5.65487  6.28319  -0.000652512  0.0602829
-21.9911  5.65487  6.28319  -0.00124336  0.088899
-15.708  5.65487  6.28319  -0.00176811  0.11936
-10.6814  5.65487  6.28319  -0.00157479  0.1609
-9.42478  5.65487  6.28319  -0.00101879  0.175056
-8.16814  5.65487  6.28319  0.000107977  0.190975
-6.9115  5.65487  6.28319  0.00225378  0.208422
-5.65487  5.65487  6.28319  0.00619663  0.226367
-4.39823  5.65487  6.28319  0.0132093  0.241832
-3.14159  5.65487  6.28319  0.0250471  0.247151
-1.88496  5.65487  6.28319  0.0428984  0.223809
-0.628319  5.65487  6.28319  0.0622298  0.136327
0.628319  5.65487  6.28319  0.0622298  -0.136327
1.88496  5.65487  6.28319  0.0428984  -0.223809
3.14159  5.65487  6.28319  0.0250471  -0.247151
4.39823  5.65487  6.28319  0.0132093  -0.241832
5.65487  5.65487  6.28319  0.00619663  -0.226367
6.9115  5.65487  6.28319  0.00225379  -0.208422
8.16814  5.65487  6.28319  0.000107991  -0.190975
10.6814  5.65487  6.28319  -0.00157478  -0.1609
13.1947  5.65487  6.28319  -0.0018772  -0.137488
18.2212  5.65487  6.28319  -0.00155709  -0.105129
27.0177  5.65487  6.28319  -0.000920272  -0.0735018
54.6637  5.65487  6.28319  -0.000265015  -0.0372231
-33.3009  6.28319  0  -0.00109348  0.0593795
-21.9911  6.28319  0  -0.00219213  0.0876157
-15.708  6.28319  0  -0.00344881  0.117745
-10.6814  6.28319  0  -0.00451434  0.159017
-9.42478  6.28319  0  -0.004435  0.173145
-8.16814  6.28319  0  -0.00385695  0.189076
-6.9115  6.28319  0  -0.00230872  0.206584
-5.65487  6.28319  0  0.00105436  0.224621
-4.39823  6.28319  0  0.0076252  0.240083
-3.14159  6.28319  0  0.0192192  0.244987
-1.88496  6.28319  0  0.036471  0.220969
-0.628319  6.28319  0  0.0554838  0.130284
0.628319  6.28319  0  0.0554838  -0.130284
1.88496  6.28319  0  0.036471  -0.220969
3.14159  6.28319  0  0.0192192  -0.244987
4.39823  6.28319  0  0.0076252  -0.240083
5.65487  6.28319  0  0.00105437  -0.224621
6.9115  6.28319  0  -0.00230871  -0.206584
8.16814  6.28319  0  -0.00385694  -0.189076
10.6814  6.28319  0  -0.00451433  -0.159017
13.1947  6.28319  0  -0.00407562  -0.135725
18.2212  6.28319  0  -0.00287278  -0.103658
27.0177  6.28319  0  -0.00157298  -0.0724166
54.6637  6.28319  0  -0.000434037  -0.0366551
-33.3009  6.28319  0.628319  -0.000652512  0.0602829
-21.9911  6.28319  0.628319  -0.00124336  0.088899
-15.708  6.28319  0.628319  -0.00176811  0.11936
-10.6814  6.28319  0.628319  -0.00157479  0.1609
-9.42478  6.28319  0.628319  -0.00101879  0.175056
-8.16814  6.28319  0.628319  0.000107977  0.190975
-6.9115  6.28319  0.628319  0.00225378  0.208422
-5.65487  6.28319  0.628319  0.00619663  0.226367
-4.39823  6.28319  0.628319  0.0132093  0.241832
-3.14159  6.28319  0.628319  0.0250471  0.247151
-1.88496  6.28319  0.628319  0.0428984  0.223809
-0.628319  6.28319  0.628319  0.0622298  0.136327
0.628319  6.28319  0.628319  0.0622298  -0.136327
1.88496  6.28319  0.628319  0.0428984  -0.223809
3.14159  6.28319  0.628319  0.0250471  -0.247151
4.39823  6.28319  0.628319  0.0132093  -0.241832
5.65487  6.28319  0.628319  0.00619663  -0.226367
6.9115  6.28319  0.628319  0.00225379  -0.208422
8.16814  6.28319  0.628319  0.000107991  -0.190975
10.6814  6.28319  0.628319  -0.00157478  -0.1609
13.1947  6.28319  0.628319  -0.0018772  -0.137488
18.2212  6.28319  0.628319  -0.00155709  -0.105129
27.0177  6.28319  0.628319  -0.000920272  -0.0735018
54.6637  6.28319  0.628319  -0.000265015  -0.0372231
-33.3009  6.28319  1.25664  0.000464506  0.0623231
-21.9911  6.28319  1.25664  0.00115449  0.0917721
-15.708  6.28319  1.25664  0.00246694  0.122928
-10.6814  6.28319  1.25664  0.00580481  0.164934
-9.42478  6.28319  1.25664  0.00755114  0.179086
-8.16814  6.28319  1.25664  0.0100527  0.194892
-6.9115  6.28319  1.25664  0.0137082  0.212085
-5.65487  6.28319  1.25664  0.0191391  0.229681
-4.39823  6.28319  1.25664  0.027293  0.245015
-3.14159  6.28319  1.25664  0.0395284  0.251478
-1.88496  6.28319  1.25664  0.0573223  0.23295
-0.628319  6.28319  1.25664  0.0797654  0.145597
0.628319  6.28319  1.25664  0.0797654  -0.145597
1.88496  6.28319  1.25664  0.0573223  -0.23295
3.14159  6.28319  1.25664  0.0395284  -0.251478
4.39823  6.28319  1.25664  0.027293  -0.245015
5.65487  6.28319  1.25664  0.0191391  -0.229681
6.9115  6.28319  1.25664  0.0137082  -0.212085
8.16814  6.28319  1.25664  0.0100527  -0.194892
10.6814  6.28319  1.25664  0.00580483  -0.164934
13.1947  6.28319  1.25664  0.00365252  -0.141338
18.2212  6.28319  1.25664  0.00176296  -0.108403
27.0177  6.28319  1.25664  0.00073155  -0.0759438
54.6637  6.28319  1.25664  0.000163712  -0.0385111
-33.3009  6.28319  1.88496  0.00180646  0.0645786
-21.9911  6.28319  1.88496  0.00402694  0.0949248
-15.708  6.28319  1.88496  0.00752406  0.126801
-10.6814  6.28319  1.88496  0.0146038  0.169235
-9.42478  6.28319  1.88496  0.0177844  0.183354
-8.16814  6.28319  1.88496  0.0219744  0.199003
-6.9115  6.28319  1.88496  0.0275591  0.215887
-5.65487  6.28319  1.88496  0.0350635  0.233059
-4.39823  6.28319  1.88496  0.0451733  0.248168
-3.14159  6.28319  1.88496  0.0587644  0.255738
-1.88496  6.28319  1.88496  0.077237  0.242335
-0.628319  6.28319  1.88496  0.103247  0.170304
0.628319  6.28319  1.88496  0.103247  -0.170304
1.88496  6.28319  1.88496  0.077237  -0.242335
3.14159  6.28319  1.88496  0.0587644  -0.255738
4.39823  6.28319  1.88496  0.0451733  -0.248168
5.65487  6.28319  1.88496  0.0350635  -0.233059
6.9115  6.28319  1.88496  0.0275591  -0.215887
8.16814  6.28319  1.88496  0.0219744  -0.199003
10.6814  6.28319  1.88496  0.0146038  -0.169235
13.1947  6.28319  1.88496  0.0102467  -0.145488
18.2212  6.28319  1.88496  0.00573318  -0.111975
27.0177  6.28319  1.88496  0.00271355  -0.0786351
54.6637  6.28319  1.88496  0.00067967  -0.0399409
-33.3009  6.28319  2.51327  0.0028951  0.066482
-21.9911  6.28319  2.51327  0.00635139  0.0975869
-15.708  6.28319  2.51327  0.0116071  0.130086
-10.6814  6.28319  2.51327  0.021717  0.172962
-9.42478  6.28319  2.51327  0.026083  0.187109
-8.16814  6.28319  2.51327  0.0317052  0.202713
-6.9115  6.28319  2.51327  0.0390111  0.219462
-5.65487  6.28319  2.51327  0.0485616  0.23644
-4.39823  6.28319  2.51327  0.0610606  0.251486
-3.14159  6.28319  2.51327  0.0773463  0.259903
-1.88496  6.28319  2.51327  0.0984113  0.251691
-0.628319  6.28319  2.51327  0.129414  0.200535
0.628319  6.28319  2.51327  0.129414  -0.200535
1.88496  6.28319  2.51327  0.0984113  -0.251691
3.14159  6.28319  2.51327  0.0773463  -0.259903
4.39823  6.28319  2.51327  0.0610606  -0.251486
5.65487  6.28319  2.51327  0.0485616  -0.23644
6.9115  6.28319  2.51327  0.0390111  -0.219462
8.16814  6.28319  2.51327  0.0317052  -0.202713
10.6814  6.28319  2.51327  0.021717  -0.172962
13.1947  6.28319  2.51327  0.0155684  -0.149029
18.2212  6.28319  2.51327  0.00894157  -0.114996
27.0177  6.28319  2.51327  0.00431959  -0.0809064
54.6637  6.28319  2.51327  0.00109887  -0.041148
-33.3009  6.28319  3.14159  0.0033212  0.0672877
-21.9911  6.28319  3.14159  0.00725978  0.098717
-15.708  6.28319  3.14159  0.0132006  0.131491
-10.6814  6.28319  3.14159  0.0244967  0.174592
-9.42478  6.28319  3.14159  0.0293332  0.188774
-8.16814  6.28319  3.14159  0.0355332  0.204392
-6.9115  6.28319  3.14159  0.0435549  0.221131
-5.65487  6.28319  3.14159  0.0540057  0.238084
-4.39823  6.28319  3.14159  0.067672  0.253145
-3.14159  6.28319  3.14159  0.0855681  0.261801
-1.88496  6.28319  3.14159  0.109208  0.254559
-0.628319  6.28319  3.14159  0.141642  0.220495
0.628319  6.28319  3.14159  0.141642  -0.220495
1.88496  6.28319  3.14159  0.109208  -0.254559
3.14159  6.28319  3.14159  0.0855681  -0.261801
4.39823  6.28319  3.14159  0.067672  -0.253145
5.65487  6.28319  3.14159  0.0540057  -0.238084
6.9115  6.28319  3.14159  0.0435549  -0.221131
8.16814  6.28319  3.14159  0.0355332  -0.204392
10.6814  6.28319  3.14159  0.0244968  -0.174592
13.1947  6.28319  3.14159  0.0176451  -0.150555
18.2212  6.28319  3.14159  0.0101944  -0.116283
27.0177  6.28319  3.14159  0.00494777  -0.0818688
54.6637  6.28319  3.14159  0.00126312  -0.0416585
-33.3009  6.28319  3.76991  0.0028951  0.066482
-21.9911  6.28319  3.76991  0.00635139  0.0975869
-15.708  6.28319  3.76991  0.0116071  0.130086
-10.6814  6.28319  3.76991  0.021717  0.172962
-9.42478  6.28319  3.76991  0.026083  0.187109
-8.16814  6.28319  3.76991  0.0317052  0.202713
-6.9115  6.28319  3.76991  0.0390111  0.219462
-5.65487  6.28319  3.76991  0.0485616  0.23644
-4.39823  6.28319  3.76991  0.0610606  0.251486
-3.14159  6.28319  3.76991  0.0773463  0.259903
-1.88496  6.28319  3.76991  0.0984113  0.251691
-0.628319  6.28319  3.76991  0.129414  0.200535
0.628319  6.28319  3.76991  0.129414  -0.200535
1.88496  6.28319  3.76991  0.0984113  -0.251691
3.14159  6.28319  3.76991  0.0773463  -0.259903
4.39823  6.28319  3.76991  0.0610606  -0.251486
5.65487  6.28319  3.76991  0.0485616  -0.23644
6.9115  6.28319  3.76991  0.0390111  -0.219462
8.16814  6.28319  3.76991  0.0317052  -0.202713
10.6814  6.28319  3.76991  0.021717  -0.172962
13.1947  6.28319  3.76991  0.0155684  -0.149029
18.2212  6.28319  3.76991  0.00894157  -0.114996
27.0177  6.28319  3.76991  0.00431959  -0.0809064
54.6637  6.28319  3.76991  0.00109887  -0.041148
-33.3009  6.28319  4.39823  0.00180646  0.0645786
-21.9911  6.28319  4.39823  0.00402694  0.0949248
-15.708  6.28319  4.39823  0.00752406  0.126801
-10.6814  6.28319  4.39823  0.0146038  0.169235
-9.42478  6.28319  4.39823  0.0177844  0.183354
-8.16814  6.28319  4.39823  0.0219744  0.199003
-6.9115  6.28319  4.39823  0.0275591  0.215887
-5.65487  6.28319  4.39823  0.0350635  0.233059
-4.39823  6.28319  4.39823  0.0451733  0.248168
-3.14159  6.28319  4.39823  0.0587644  0.255738
-1.88496  6.28319  4.39823  0.077237  0.242335
-0.628319  6.28319  4.39823  0.103247  0.170304
0.628319  6.28319  4.39823  0.103247  -0.170304
1.88496  6.28319  4.39823  0.077237  -0.242335
3.14159  6.28319  4.39823  0.0587644  -0.255738
4.39823  6.28319  4.39823  0.0451733  -0.248168
5.65487  6.28319  4.39823  0.0350635  -0.233059
6.9115  6.28319  4.39823  0.0275591  -0.215887
8.16814  6.28319  4.39823  0.0219744  -0.199003
10.6814  6.28319  4.39823  0.0146038  -0.169235
13.1947  6.28319  4.39823  0.0102467  -0.145488
18.2212  6.28319  4.39823  0.00573318  -0.111975
27.0177  6.28319  4.39823  0.00271355  -0.0786351
54.6637  6.28319  4.39823  0.00067967  -0.0399409
-33.3009  6.28319  5.02655  0.000464506  0.0623231
-21.9911  6.28319  5.02655  0.00115449  0.0917721
-15.708  6.28319  5.02655  0.00246694  0.122928
-10.6814  6.28319  5.02655  0.00580481  0.164934
-9.42478  6.28319  5.02655  0.00755114  0.179086
-8.16814  6.28319  5.02655  0.0100527  0.194892
-6.9115  6.28319  5.02655  0.0137082  0.212085
-5.65487  6.28319  5.02655  0.0191391  0.229681
-4.39823  6.28319  5.02655  0.027293  0.245015
-3.14159  6.28319  5.02655  0.0395284  0.251478
-1.88496  6.28319  5.02655  0.0573223  0.23295
-0.628319  6.28319  5.02655  0.0797654  0.145597
0.628319  6.28319  5.02655  0.0797654  -0.145597
1.88496  6.28319  5.02655  0.0573223  -0.23295
3.14159  6.28319  5.02655  0.0395284  -0.251478
4.39823  6.28319  5.02655  0.027293  -0.245015
5.65487  6.28319  5.02655  0.0191391  -0.229681
6.9115  6.28319  5.02655  0.0137082  -0.212085
8.16814  6.28319  5.02655  0.0100527  -0.194892
10.6814  6.28319  5.02655  0.00580483  -0.164934
13.1947  6.28319  5.02655  0.00365252  -0.141338
18.2212  6.28319  5.02655  0.00176296  -0.108403
27.0177  6.28319  5.02655  0.00073155  -0.0759438
54.6637  6.28319  5.02655  0.000163712  -0.0385111
-33.3009  6.28319  5.65487  -0.000652512  0.0602829
-21.9911  6.28319  5.65487  -0.00124336  0.088899
-15.708  6.28319  5.65487  -0.00176811  0.11936
-10.6814  6.28319  5.65487  -0.00157479  0.1609
-9.42478  6.28319  5.65487  -0.00101879  0.175056
-8.16814  6.28319  5.65487  0.000107977  0.190975
-6.9115  6.28319  5.65487  0.00225378  0.208422
-5.65487  6.28319  5.65487  0.00619663  0.226367
-4.39823  6.28319  5.65487  0.0132093  0.241832
-3.14159  6.28319  5.65487  0.0250471  0.247151
-1.88496  6.28319  5.65487  0.0428984  0.223809
-0.628319  6.28319  5.65487  0.0622298  0.136327
0.628319  6.28319  5.65487  0.0622298  -0.136327
1.88496  6.28319  5.65487  0.0428984  -0.223809
3.14159  6.28319  5.65487  0.0250471  -0.247151
4.39823  6.28319  5.65487  0.0132093  -0.241832
5.65487  6.28319  5.65487  0.00619663  -0.226367
6.9115  6.28319  5.65487  0.00225379  -0.208422
8.16814  6.28319  5.65487  0.000107991  -0.190975
10.6814  6.28319  5.65487  -0.00157478  -0.1609
13.1947  6.28319  5.65487  -0.0018772  -0.137488
18.2212  6.28319  5.65487  -0.00155709  -0.105129
27.0177  6.28319  5.65487  -0.000920272  -0.0735018
54.6637  6.28319  5.65487  -0.000265015  -0.0372231
-33.3009  6.28319  6.28319  -0.00109348  0.0593795
-21.9911  6.28319  6.28319  -0.00219213  0.0876157
-15.708  6.28319  6.28319  -0.00344881  0.117745
-10.6814  6.28319  6.28319  -0.00451434  0.159017
-9.42478  6.28319  6.28319  -0.004435  0.173145
-8.16814  6.28319  6.28319  -0.00385695  0.189076
-6.9115  6.28319  6.28319  -0.00230872  0.206584
-5.65487  6.28319  6.28319  0.00105436  0.224621
-4.39823  6.28319  6.28319  0.0076252  0.240083
-3.14159  6.28319  6.28319  0.0192192  0.244987
-1.88496  6.28319  6.28319  0.036471  0.220969
-0.628319  6.28319  6.28319  0.0554838  0.130284
0.628319  6.28319  6.28319  0.0554838  -0.130284
1.88496  6.28319  6.28319  0.036471  -0.220969
3.14159  6.28319  6.28319  0.0192192  -0.244987
4.39823  6.28319  6.28319  0.0076252  -0.240083
5.65487  6.28319  6.28319  0.00105437  -0.224621
6.9115  6.28319  6.28319  -0.00230871  -0.206584
8.16814  6.28319  6.28319  -0.00385694  -0.189076
10.6814  6.28319  6.28319  -0.00451433  -0.159017
13.1947  6.28319  6.28319  -0.00407562  -0.135725
18.2212  6.28319  6.28319  -0.00287278  -0.103658
27.0177  6.28319  6.28319  -0.00157298  -0.0724166
54.6637  6.28319  6.28319  -0.000434037  -0.0366551
