-33.3009  0  0  0.000234167  0.0298003
-21.9911  0  0  0.000520388  0.0447096
-15.708  0  0  0.0009724  0.0616906
-10.6814  0  0  0.00191278  0.0880339
-9.42478  0  0  0.00235341  0.098373
-8.16814  0  0  0.0029567  0.111323
-6.9115  0  0  0.00380904  0.127962
-5.65487  0  0  0.00505918  0.150033
-4.39823  0  0  0.00697784  0.180538
-3.14159  0  0  0.0100985  0.225242
-1.88496  0  0  0.0156727  0.298026
-0.628319  0  0  0.0285239  0.464735
0.628319  0  0  0.0285239  -0.464735
1.88496  0  0  0.0156727  -0.298026
3.14159  0  0  0.0100985  -0.225242
4.39823  0  0  0.00697786  -0.180538
5.65487  0  0  0.00505919  -0.150033
6.9115  0  0  0.00380903  -0.127962
8.16814  0  0  0.0029567  -0.111323
10.6814  0  0  0.00191284  -0.0880339
13.1947  0  0  0.00132881  -0.0726086
18.2212  0  0  0.000740506  -0.0535788
27.0177  0  0  0.000351229  -0.0365912
54.6637  0  0  8.83517e-05  -0.0182408
-33.3009  0  0.448799  0.000234167  0.0298003
-21.9911  0  0.448799  0.000520388  0.0447096
-15.708  0  0.448799  0.0009724  0.0616906
-10.6814  0  0.448799  0.00191278  0.0880339
-9.42478  0  0.448799  0.00235341  0.098373
-8.16814  0  0.448799  0.0029567  0.111323
-6.9115  0  0.448799  0.00380904  0.127962
-5.65487  0  0.448799  0.00505918  0.150033
-4.39823  0  0.448799  0.00697784  0.180538
-3.14159  0  0.448799  0.0100985  0.225242
-1.88496  0  0.448799  0.0156727  0.298026
-0.628319  0  0.448799  0.0285239  0.464735
0.628319  0  0.448799  0.0285239  -0.464735
1.88496  0  0.448799  0.0156727  -0.298026
3.14159  0  0.448799  0.0100985  -0.225242
4.39823  0  0.448799  0.00697786  -0.180538
5.65487  0  0.448799  0.00505919  -0.150033
6.9115  0  0.448799  0.00380903  -0.127962
8.16814  0  0.448799  0.0029567  -0.111323
10.6814  0  0.448799  0.00191284  -0.0880339
13.1947  0  0.448799  0.00132881  -0.0726086
18.2212  0  0.448799  0.000740506  -0.0535788
27.0177  0  0.448799  0.000351229  -0.0365912
54.6637  0  0.448799  8.83517e-05  -0.0182408
-33.3009  0  0.897598  0.000234167  0.0298003
-21.9911  0  0.897598  0.000520388  0.0447096
-15.708  0  0.897598  0.0009724  0.0616906
-10.6814  0  0.897598  0.00191278  0.0880339
-9.42478  0  0.897598  0.00235341  0.098373
-8.16814  0  0.897598  0.0029567  0.111323
-6.9115  0  0.897598  0.00380904  0.127962
-5.65487  0  0.897598  0.00505918  0.150033
-4.39823  0  0.897598  0.00697784  0.180538
-3.14159  0  0.897598  0.0100985  0.225242
-1.88496  0  0.897598  0.0156727  0.298026
-0.628319  0  0.897598  0.0285239  0.464735
0.628319  0  0.897598  0.0285239  -0.464735
1.88496  0  0.897598  0.0156727  -0.298026
3.14159  0  0.897598  0.0100985  -0.225242
4.39823  0  0.897598  0.00697786  -0.180538
5.65487  0  0.897598  0.00505919  -0.150033
6.9115  0  0.897598  0.00380903  -0.127962
8.16814  0  0.897598  0.0029567  -0.111323
10.6814  0  0.897598  0.00191284  -0.0880339
13.1947  0  0.897598  0.00132881  -0.0726086
18.2212  0  0.897598  0.000740506  -0.0535788
27.0177  0  0.897598  0.000351229  -0.0365912
54.6637  0  0.897598  8.83517e-05  -0.0182408
-33.3009  0  1.3464  0.000234167  0.0298003
-21.9911  0  1.3464  0.000520388  0.0447096
-15.708  0  1.3464  0.0009724  0.0616906
-10.6814  0  1.3464  0.00191278  0.0880339
-9.42478  0  1.3464  0.00235341  0.098373
-8.16814  0  1.3464  0.0029567  0.111323
-6.9115  0  1.3464  0.00380904  0.127962
-5.65487  0  1.3464  0.00505918  0.150033
-4.39823  0  1.3464  0.00697784  0.180538
-3.14159  0  1.3464  0.0100985  0.225242
-1.88496  0  1.3464  0.0156727  0.298026
-0.628319  0  1.3464  0.0285239  0.464735
0.628319  0  1.3464  0.0285239  -0.464735
1.88496  0  1.3464  0.0156727  -0.298026
3.14159  0  1.3464  0.0100985  -0.225242
4.39823  0  1.3464  0.00697786  -0.180538
5.65487  0  1.3464  0.00505919  -0.150033
6.9115  0  1.3464  0.00380903  -0.127962
8.16814  0  1.3464  0.0029567  -0.111323
10.6814  0  1.3464  0.00191284  -0.0880339
13.1947  0  1.3464  0.00132881  -0.0726086
18.2212  0  1.3464  0.000740506  -0.0535788
27.0177  0  1.3464  0.000351229  -0.0365912
54.6637  0  1.3464  8.83517e-05  -0.0182408
-33.3009  0  1.7952  0.000234167  0.0298003
-21.9911  0  1.7952  0.000520388  0.0447096
-15.708  0  1.7952  0.0009724  0.0616906
-10.6814  0  1.7952  0.00191278  0.0880339
-9.42478  0  1.7952  0.00235341  0.098373
-8.16814  0  1.7952  0.0029567  0.111323
-6.9115  0  1.7952  0.00380904  0.127962
-5.65487  0  1.7952  0.00505918  0.150033
-4.39823  0  1.7952  0.00697784  0.180538
-3.14159  0  1.7952  0.0100985  0.225242
-1.88496  0  1.7952  0.0156727  0.298026
-0.628319  0  1.7952  0.0285239  0.464735
0.628319  0  1.7952  0.0285239  -0.464735
1.88496  0  1.7952  0.0156727  -0.298026
3.14159  0  1.7952  0.0100985  -0.225242
4.39823  0  1.7952  0.00697786  -0.180538
5.65487  0  1.7952  0.00505919  -0.150033
6.9115  0  1.7952  0.00380903  -0.127962
8.16814  0  1.7952  0.0029567  -0.111323
10.6814  0  1.7952  0.00191284  -0.0880339
13.1947  0  1.7952  0.00132881  -0.0726086
18.2212  0  1.7952  0.000740506  -0.0535788
27.0177  0  1.7952  0.000351229  -0.0365912
54.6637  0  1.7952  8.83517e-05  -0.0182408
-33.3009  0  2.24399  0.000234167  0.0298003
-21.9911  0  2.24399  0.000520388  0.0447096
-15.708  0  2.24399  0.0009724  0.0616906
-10.6814  0  2.24399  0.00191278  0.0880339
-9.42478  0  2.24399  0.00235341  0.098373
-8.16814  0  2.24399  0.0029567  0.111323
-6.9115  0  2.24399  0.00380904  0.127962
-5.65487  0  2.24399  0.00505918  0.150033
-4.39823  0  2.24399  0.00697784  0.180538
-3.14159  0  2.24399  0.0100985  0.225242
-1.88496  0  2.24399  0.0156727  0.298026
-0.628319  0  2.24399  0.0285239  0.464735
0.628319  0  2.24399  0.0285239  -0.464735
1.88496  0  2.24399  0.0156727  -0.298026
3.14159  0  2.24399  0.0100985  -0.225242
4.39823  0  2.24399  0.00697786  -0.180538
5.65487  0  2.24399  0.00505919  -0.150033
6.9115  0  2.24399  0.00380903  -0.127962
8.16814  0  2.24399  0.0029567  -0.111323
10.6814  0  2.24399  0.00191284  -0.0880339
13.1947  0  2.24399  0.00132881  -0.0726086
18.2212  0  2.24399  0.000740506  -0.0535788
27.0177  0  2.24399  0.000351229  -0.0365912
54.6637  0  2.24399  8.83517e-05  -0.0182408
-33.3009  0  2.69279  0.000234167  0.0298003
-21.9911  0  2.69279  0.000520388  0.0447096
-15.708  0  2.69279  0.0009724  0.0616906
-10.6814  0  2.69279  0.00191278  0.0880339
-9.42478  0  2.69279  0.00235341  0.098373
-8.16814  0  2.69279  0.0029567  0.111323
-6.9115  0  2.69279  0.00380904  0.127962
-5.65487  0  2.69279  0.00505918  0.150033
-4.39823  0  2.69279  0.00697784  0.180538
-3.14159  0  2.69279  0.0100985  0.225242
-1.88496  0  2.69279  0.0156727  0.298026
-0.628319  0  2.69279  0.0285239  0.464735
0.628319  0  2.69279  0.0285239  -0.464735
1.88496  0  2.69279  0.0156727  -0.298026
3.14159  0  2.69279  0.0100985  -0.225242
4.39823  0  2.69279  0.00697786  -0.180538
5.65487  0  2.69279  0.00505919  -0.150033
6.9115  0  2.69279  0.00380903  -0.127962
8.16814  0  2.69279  0.0029567  -0.111323
10.6814  0  2.69279  0.00191284  -0.0880339
13.1947  0  2.69279  0.00132881  -0.0726086
18.2212  0  2.69279  0.000740506  -0.0535788
27.0177  0  2.69279  0.000351229  -0.0365912
54.6637  0  2.69279  8.83517e-05  -0.0182408
-33.3009  0  3.14159  0.000234167  0.0298003
-21.9911  0  3.14159  0.000520388  0.0447096
-15.708  0  3.14159  0.0009724  0.0616906
-10.6814  0  3.14159  0.00191278  0.0880339
-9.42478  0  3.14159  0.00235341  0.098373
-8.16814  0  3.14159  0.0029567  0.111323
-6.9115  0  3.14159  0.00380904  0.127962
-5.65487  0  3.14159  0.00505918  0.150033
-4.39823  0  3.14159  0.00697784  0.180538
-3.14159  0  3.14159  0.0100985  0.225242
-1.88496  0  3.14159  0.0156727  0.298026
-0.628319  0  3.14159  0.0285239  0.464735
0.628319  0  3.14159  0.0285239  -0.464735
1.88496  0  3.14159  0.0156727  -0.298026
3.14159  0  3.14159  0.0100985  -0.225242
4.39823  0  3.14159  0.00697786  -0.180538
5.65487  0  3.14159  0.00505919  -0.150033
6.9115  0  3.14159  0.00380903  -0.127962
8.16814  0  3.14159  0.0029567  -0.111323
10.6814  0  3.14159  0.00191284  -0.0880339
13.1947  0  3.14159  0.00132881  -0.0726086
18.2212  0  3.14159  0.000740506  -0.0535788
27.0177  0  3.14159  0.000351229  -0.0365912
54.6637  0  3.14159  8.83517e-05  -0.0182408
-33.3009  0  3.59039  0.000234167  0.0298003
-21.9911  0  3.59039  0.000520388  0.0447096
-15.708  0  3.59039  0.0009724  0.0616906
-10.6814  0  3.59039  0.00191278  0.0880339
-9.42478  0  3.59039  0.00235341  0.098373
-8.16814  0  3.59039  0.0029567  0.111323
-6.9115  0  3.59039  0.00380904  0.127962
-5.65487  0  3.59039  0.00505918  0.150033
-4.39823  0  3.59039  0.00697784  0.180538
-3.14159  0  3.59039  0.0100985  0.225242
-1.88496  0  3.59039  0.0156727  0.298026
-0.628319  0  3.59039  0.0285239  0.464735
0.628319  0  3.59039  0.0285239  -0.464735
1.88496  0  3.59039  0.0156727  -0.298026
3.14159  0  3.59039  0.0100985  -0.225242
4.39823  0  3.59039  0.00697786  -0.180538
5.65487  0  3.59039  0.00505919  -0.150033
6.9115  0  3.59039  0.00380903  -0.127962
8.16814  0  3.59039  0.0029567  -0.111323
10.6814  0  3.59039  0.00191284  -0.0880339
13.1947  0  3.59039  0.00132881  -0.0726086
18.2212  0  3.59039  0.000740506  -0.0535788
27.0177  0  3.59039  0.000351229  -0.0365912
54.6637  0  3.59039  8.83517e-05  -0.0182408
-33.3009  0  4.03919  0.000234167  0.0298003
-21.9911  0  4.03919  0.000520388  0.0447096
-15.708  0  4.03919  0.0009724  0.0616906
-10.6814  0  4.03919  0.00191278  0.0880339
-9.42478  0  4.03919  0.00235341  0.098373
-8.16814  0  4.03919  0.0029567  0.111323
-6.9115  0  4.03919  0.00380904  0.127962
-5.65487  0  4.03919  0.00505918  0.150033
-4.39823  0  4.03919  0.00697784  0.180538
-3.14159  0  4.03919  0.0100985  0.225242
-1.88496  0  4.03919  0.0156727  0.298026
-0.628319  0  4.03919  0.0285239  0.464735
0.628319  0  4.03919  0.0285239  -0.464735
1.88496  0  4.03919  0.0156727  -0.298026
3.14159  0  4.03919  0.0100985  -0.225242
4.39823  0  4.03919  0.00697786  -0.180538
5.65487  0  4.03919  0.00505919  -0.150033
6.9115  0  4.03919  0.00380903  -0.127962
8.16814  0  4.03919  0.0029567  -0.111323
10.6814  0  4.03919  0.00191284  -0.0880339
13.1947  0  4.03919  0.00132881  -0.0726086
18.2212  0  4.03919  0.000740506  -0.0535788
27.0177  0  4.03919  0.000351229  -0.0365912
54.6637  0  4.03919  8.83517e-05  -0.0182408
-33.3009  0  4.48799  0.000234167  0.0298003
-21.9911  0  4.48799  0.000520388  0.0447096
-15.708  0  4.48799  0.0009724  0.0616906
-10.6814  0  4.48799  0.00191278  0.0880339
-9.42478  0  4.48799  0.00235341  0.098373
-8.16814  0  4.48799  0.0029567  0.111323
-6.9115  0  4.48799  0.00380904  0.127962
-5.65487  0  4.48799  0.00505918  0.150033
-4.39823  0  4.48799  0.00697784  0.180538
-3.14159  0  4.48799  0.0100985  0.225242
-1.88496  0  4.48799  0.0156727  0.298026
-0.628319  0  4.48799  0.0285239  0.464735
0.628319  0  4.48799  0.0285239  -0.464735
1.88496  0  4.48799  0.0156727  -0.298026
3.14159  0  4.48799  0.0100985  -0.225242
4.39823  0  4.48799  0.00697786  -0.180538
5.65487  0  4.48799  0.00505919  -0.150033
6.9115  0  4.48799  0.00380903  -0.127962
8.16814  0  4.48799  0.0029567  -0.111323
10.6814  0  4.48799  0.00191284  -0.0880339
13.1947  0  4.48799  0.00132881  -0.0726086
18.2212  0  4.48799  0.000740506  -0.0535788
27.0177  0  4.48799  0.000351229  -0.0365912
54.6637  0  4.48799  8.83517e-05  -0.0182408
-33.3009  0  4.93679  0.000234167  0.0298003
-21.9911  0  4.93679  0.000520388  0.0447096
-15.708  0  4.93679  0.0009724  0.0616906
-10.6814  0  4.93679  0.00191278  0.0880339
-9.42478  0  4.93679  0.00235341  0.098373
-8.16814  0  4.93679  0.0029567  0.111323
-6.9115  0  4.93679  0.00380904  0.127962
-5.65487  0  4.93679  0.00505918  0.150033
-4.39823  0  4.93679  0.00697784  0.180538
-3.14159  0  4.93679  0.0100985  0.225242
-1.88496  0  4.93679  0.0156727  0.298026
-0.628319  0  4.93679  0.0285239  0.464735
0.628319  0  4.93679  0.0285239  -0.464735
1.88496  0  4.93679  0.0156727  -0.298026
3.14159  0  4.93679  0.0100985  -0.225242
4.39823  0  4.93679  0.00697786  -0.180538
5.65487  0  4.93679  0.00505919  -0.150033
6.9115  0  4.93679  0.00380903  -0.127962
8.16814  0  4.93679  0.0029567  -0.111323
10.6814  0  4.93679  0.00191284  -0.0880339
13.1947  0  4.93679  0.00132881  -0.0726086
18.2212  0  4.93679  0.000740506  -0.0535788
27.0177  0  4.93679  0.000351229  -0.0365912
54.6637  0  4.93679  8.83517e-05  -0.0182408
-33.3009  0  5.38559  0.000234167  0.0298003
-21.9911  0  5.38559  0.000520388  0.0447096
-15.708  0  5.38559  0.0009724  0.0616906
-10.6814  0  5.38559  0.00191278  0.0880339
-9.42478  0  5.38559  0.00235341  0.098373
-8.16814  0  5.38559  0.0029567  0.111323
-6.9115  0  5.38559  0.00380904  0.127962
-5.65487  0  5.38559  0.00505918  0.150033
-4.39823  0  5.38559  0.00697784  0.180538
-3.14159  0  5.38559  0.0100985  0.225242
-1.88496  0  5.38559  0.0156727  0.298026
-0.628319  0  5.38559  0.0285239  0.464735
0.628319  0  5.38559  0.0285239  -0.464735
1.88496  0  5.38559  0.0156727  -0.298026
3.14159  0  5.38559  0.0100985  -0.225242
4.39823  0  5.38559  0.00697786  -0.180538
5.65487  0  5.38559  0.00505919  -0.150033
6.9115  0  5.38559  0.00380903  -0.127962
8.16814  0  5.38559  0.0029567  -0.111323
10.6814  0  5.38559  0.00191284  -0.0880339
13.1947  0  5.38559  0.00132881  -0.0726086
18.2212  0  5.38559  0.000740506  -0.0535788
27.0177  0  5.38559  0.000351229  -0.0365912
54.6637  0  5.38559  8.83517e-05  -0.0182408
-33.3009  0  5.83439  0.000234167  0.0298003
-21.9911  0  5.83439  0.000520388  0.0447096
-15.708  0  5.83439  0.0009724  0.0616906
-10.6814  0  5.83439  0.00191278  0.0880339
-9.42478  0  5.83439  0.00235341  0.098373
-8.16814  0  5.83439  0.0029567  0.111323
-6.9115  0  5.83439  0.00380904  0.127962
-5.65487  0  5.83439  0.00505918  0.150033
-4.39823  0  5.83439  0.00697784  0.180538
-3.14159  0  5.83439  0.0100985  0.225242
-1.88496  0  5.83439  0.0156727  0.298026
-0.628319  0  5.83439  0.0285239  0.464735
0.628319  0  5.83439  0.0285239  -0.464735
1.88496  0  5.83439  0.0156727  -0.298026
3.14159  0  5.83439  0.0100985  -0.225242
4.39823  0  5.83439  0.00697786  -0.180538
5.65487  0  5.83439  0.00505919  -0.150033
6.9115  0  5.83439  0.00380903  -0.127962
8.16814  0  5.83439  0.0029567  -0.111323
10.6814  0  5.83439  0.00191284  -0.0880339
13.1947  0  5.83439  0.00132881  -0.0726086
18.2212  0  5.83439  0.000740506  -0.0535788
27.0177  0  5.83439  0.000351229  -0.0365912
54.6637  0  5.83439  8.83517e-05  -0.0182408
-33.3009  0  6.28319  0.000234167  0.0298003
-21.9911  0  6.28319  0.000520388  0.0447096
-15.708  0  6.28319  0.0009724  0.0616906
-10.6814  0  6.28319  0.00191278  0.0880339
-9.42478  0  6.28319  0.00235341  0.098373
-8.16814  0  6.28319  0.0029567  0.111323
-6.9115  0  6.28319  0.00380904  0.127962
-5.65487  0  6.28319  0.00505918  0.150033
-4.39823  0  6.28319  0.00697784  0.180538
-3.14159  0  6.28319  0.0100985  0.225242
-1.88496  0  6.28319  0.0156727  0.298026
-0.628319  0  6.28319  0.0285239  0.464735
0.628319  0  6.28319  0.0285239  -0.464735
1.88496  0  6.28319  0.0156727  -0.298026
3.14159  0  6.28319  0.0100985  -0.225242
4.39823  0  6.28319  0.00697786  -0.180538
5.65487  0  6.28319  0.00505919  -0.150033
6.9115  0  6.28319  0.00380903  -0.127962
8.16814  0  6.28319  0.0029567  -0.111323
10.6814  0  6.28319  0.00191284  -0.0880339
13.1947  0  6.28319  0.00132881  -0.0726086
18.2212  0  6.28319  0.000740506  -0.0535788
27.0177  0  6.28319  0.000351229  -0.0365912
54.6637  0  6.28319  8.83517e-05  -0.0182408
-33.3009  0.448799  0  0.000234167  0.0298003
-21.9911  0.448799  0  0.000520388  0.0447096
-15.708  0.448799  0  0.0009724  0.0616906
-10.6814  0.448799  0  0.00191278  0.0880339
-9.42478  0.448799  0  0.00235341  0.098373
-8.16814  0.448799  0  0.0029567  0.111323
-6.9115  0.448799  0  0.00380904  0.127962
-5.65487  0.448799  0  0.00505918  0.150033
-4.39823  0.448799  0  0.00697784  0.180538
-3.14159  0.448799  0  0.0100985  0.225242
-1.88496  0.448799  0  0.0156727  0.298026
-0.628319  0.448799  0  0.0285239  0.464735
0.628319  0.448799  0  0.0285239  -0.464735
1.88496  0.448799  0  0.0156727  -0.298026
3.14159  0.448799  0  0.0100985  -0.225242
4.39823  0.448799  0  0.00697786  -0.180538
5.65487  0.448799  0  0.00505919  -0.150033
6.9115  0.448799  0  0.00380903  -0.127962
8.16814  0.448799  0  0.0029567  -0.111323
10.6814  0.448799  0  0.00191284  -0.0880339
13.1947  0.448799  0  0.00132881  -0.0726086
18.2212  0.448799  0  0.000740506  -0.0535788
27.0177  0.448799  0  0.000351229  -0.0365912
54.6637  0.448799  0  8.83517e-05  -0.0182408
-33.3009  0.448799  0.448799  0.000234167  0.0298003
-21.9911  0.448799  0.448799  0.000520388  0.0447096
-15.708  0.448799  0.448799  0.0009724  0.0616906
-10.6814  0.448799  0.448799  0.00191278  0.0880339
-9.42478  0.448799  0.448799  0.00235341  0.098373
-8.16814  0.448799  0.448799  0.0029567  0.111323
-6.9115  0.448799  0.448799  0.00380904  0.127962
-5.65487  0.448799  0.448799  0.00505918  0.150033
-4.39823  0.448799  0.448799  0.00697784  0.180538
-3.14159  0.448799  0.448799  0.0100985  0.225242
-1.88496  0.448799  0.448799  0.0156727  0.298026
-0.628319  0.448799  0.448799  0.0285239  0.464735
0.628319  0.448799  0.448799  0.0285239  -0.464735
1.88496  0.448799  0.448799  0.0156727  -0.298026
3.14159  0.448799  0.448799  0.0100985  -0.225242
4.39823  0.448799  0.448799  0.00697786  -0.180538
5.65487  0.448799  0.448799  0.00505919  -0.150033
6.9115  0.448799  0.448799  0.00380903  -0.127962
8.16814  0.448799  0.448799  0.0029567  -0.111323
10.6814  0.448799  0.448799  0.00191284  -0.0880339
13.1947  0.448799  0.448799  0.00132881  -0.0726086
18.2212  0.448799  0.448799  0.000740506  -0.0535788
27.0177  0.448799  0.448799  0.000351229  -0.0365912
54.6637  0.448799  0.448799  8.83517e-05  -0.0182408
-33.3009  0.448799  0.897598  0.000234167  0.0298003
-21.9911  0.448799  0.897598  0.000520388  0.0447096
-15.708  0.448799  0.897598  0.0009724  0.0616906
-10.6814  0.448799  0.897598  0.00191278  0.0880339
-9.42478  0.448799  0.897598  0.00235341  0.098373
-8.16814  0.448799  0.897598  0.0029567  0.111323
-6.9115  0.448799  0.897598  0.00380904  0.127962
-5.65487  0.448799  0.897598  0.00505918  0.150033
-4.39823  0.448799  0.897598  0.00697784  0.180538
-3.14159  0.448799  0.897598  0.0100985  0.225242
-1.88496  0.448799  0.897598  0.0156727  0.298026
-0.628319  0.448799  0.897598  0.0285239  0.464735
0.628319  0.448799  0.897598  0.0285239  -0.464735
1.88496  0.448799  0.897598  0.0156727  -0.298026
3.14159  0.448799  0.897598  0.0100985  -0.225242
4.39823  0.448799  0.897598  0.00697786  -0.180538
5.65487  0.448799  0.897598  0.00505919  -0.150033
6.9115  0.448799  0.897598  0.00380903  -0.127962
8.16814  0.448799  0.897598  0.0029567  -0.111323
10.6814  0.448799  0.897598  0.00191284  -0.0880339
13.1947  0.448799  0.897598  0.00132881  -0.0726086
18.2212  0.448799  0.897598  0.000740506  -0.0535788
27.0177  0.448799  0.897598  0.000351229  -0.0365912
54.6637  0.448799  0.897598  8.83517e-05  -0.0182408
-33.3009  0.448799  1.3464  0.000234167  0.0298003
-21.9911  0.448799  1.3464  0.000520388  0.0447096
-15.708  0.448799  1.3464  0.0009724  0.0616906
-10.6814  0.448799  1.3464  0.00191278  0.0880339
-9.42478  0.448799  1.3464  0.00235341  0.098373
-8.16814  0.448799  1.3464  0.0029567  0.111323
-6.9115  0.448799  1.3464  0.00380904  0.127962
-5.65487  0.448799  1.3464  0.00505918  0.150033
-4.39823  0.448799  1.3464  0.00697784  0.180538
-3.14159  0.448799  1.3464  0.0100985  0.225242
-1.88496  0.448799  1.3464  0.0156727  0.298026
-0.628319  0.448799  1.3464  0.0285239  0.464735
0.628319  0.448799  1.3464  0.0285239  -0.464735
1.88496  0.448799  1.3464  0.0156727  -0.298026
3.14159  0.448799  1.3464  0.0100985  -0.225242
4.39823  0.448799  1.3464  0.00697786  -0.180538
5.65487  0.448799  1.3464  0.00505919  -0.150033
6.9115  0.448799  1.3464  0.00380903  -0.127962
8.16814  0.448799  1.3464  0.0029567  -0.111323
10.6814  0.448799  1.3464  0.00191284  -0.0880339
13.1947  0.448799  1.3464  0.00132881  -0.0726086
18.2212  0.448799  1.3464  0.000740506  -0.0535788
27.0177  0.448799  1.3464  0.000351229  -0.0365912
54.6637  0.448799  1.3464  8.83517e-05  -0.0182408
-33.3009  0.448799  1.7952  0.000234167  0.0298003
-21.9911  0.448799  1.7952  0.000520388  0.0447096
-15.708  0.448799  1.7952  0.0009724  0.0616906
-10.6814  0.448799  1.7952  0.00191278  0.0880339
-9.42478  0.448799  1.7952  0.00235341  0.098373
-8.16814  0.448799  1.7952  0.0029567  0.111323
-6.9115  0.448799  1.7952  0.00380904  0.127962
-5.65487  0.448799  1.7952  0.00505918  0.150033
-4.39823  0.448799  1.7952  0.00697784  0.180538
-3.14159  0.448799  1.7952  0.0100985  0.225242
-1.88496  0.448799  1.7952  0.0156727  0.298026
-0.628319  0.448799  1.7952  0.0285239  0.464735
0.628319  0.448799  1.7952  0.0285239  -0.464735
1.88496  0.448799  1.7952  0.0156727  -0.298026
3.14159  0.448799  1.7952  0.0100985  -0.225242
4.39823  0.448799  1.7952  0.00697786  -0.180538
5.65487  0.448799  1.7952  0.00505919  -0.150033
6.9115  0.448799  1.7952  0.00380903  -0.127962
8.16814  0.448799  1.7952  0.0029567  -0.111323
10.6814  0.448799  1.7952  0.00191284  -0.0880339
13.1947  0.448799  1.7952  0.00132881  -0.0726086
18.2212  0.448799  1.7952  0.000740506  -0.0535788
27.0177  0.448799  1.7952  0.000351229  -0.0365912
54.6637  0.448799  1.7952  8.83517e-05  -0.0182408
-33.3009  0.448799  2.24399  0.000234167  0.0298003
-21.9911  0.448799  2.24399  0.000520388  0.0447096
-15.708  0.448799  2.24399  0.0009724  0.0616906
-10.6814  0.448799  2.24399  0.00191278  0.0880339
-9.42478  0.448799  2.24399  0.00235341  0.098373
-8.16814  0.448799  2.24399  0.0029567  0.111323
-6.9115  0.448799  2.24399  0.00380904  0.127962
-5.65487  0.448799  2.24399  0.00505918  0.150033
-4.39823  0.448799  2.24399  0.00697784  0.180538
-3.14159  0.448799  2.24399  0.0100985  0.225242
-1.88496  0.448799  2.24399  0.0156727  0.298026
-0.628319  0.448799  2.24399  0.0285239  0.464735
0.628319  0.448799  2.24399  0.0285239  -0.464735
1.88496  0.448799  2.24399  0.0156727  -0.298026
3.14159  0.448799  2.24399  0.0100985  -0.225242
4.39823  0.448799  2.24399  0.00697786  -0.180538
5.65487  0.448799  2.24399  0.00505919  -0.150033
6.9115  0.448799  2.24399  0.00380903  -0.127962
8.16814  0.448799  2.24399  0.0029567  -0.111323
10.6814  0.448799  2.24399  0.00191284  -0.0880339
13.1947  0.448799  2.24399  0.00132881  -0.0726086
18.2212  0.448799  2.24399  0.000740506  -0.0535788
27.0177  0.448799  2.24399  0.000351229  -0.0365912
54.6637  0.448799  2.24399  8.83517e-05  -0.0182408
-33.3009  0.448799  2.69279  0.000234167  0.0298003
-21.9911  0.448799  2.69279  0.000520388  0.0447096
-15.708  0.448799  2.69279  0.0009724  0.0616906
-10.6814  0.448799  2.69279  0.00191278  0.0880339
-9.42478  0.448799  2.69279  0.00235341  0.098373
-8.16814  0.448799  2.69279  0.0029567  0.111323
-6.9115  0.448799  2.69279  0.00380904  0.127962
-5.65487  0.448799  2.69279  0.00505918  0.150033
-4.39823  0.448799  2.69279  0.00697784  0.180538
-3.14159  0.448799  2.69279  0.0100985  0.225242
-1.88496  0.448799  2.69279  0.0156727  0.298026
-0.628319  0.448799  2.69279  0.0285239  0.464735
0.628319  0.448799  2.69279  0.0285239  -0.464735
1.88496  0.448799  2.69279  0.0156727  -0.298026
3.14159  0.448799  2.69279  0.0100985  -0.225242
4.39823  0.448799  2.69279  0.00697786  -0.180538
5.65487  0.448799  2.69279  0.00505919  -0.150033
6.9115  0.448799  2.69279  0.00380903  -0.127962
8.16814  0.448799  2.69279  0.0029567  -0.111323
10.6814  0.448799  2.69279  0.00191284  -0.0880339
13.1947  0.448799  2.69279  0.00132881  -0.0726086
18.2212  0.448799  2.69279  0.000740506  -0.0535788
27.0177  0.448799  2.69279  0.000351229  -0.0365912
54.6637  0.448799  2.69279  8.83517e-05  -0.0182408
-33.3009  0.448799  3.14159  0.000234167  0.0298003
-21.9911  0.448799  3.14159  0.000520388  0.0447096
-15.708  0.448799  3.14159  0.0009724  0.0616906
-10.6814  0.448799  3.14159  0.00191278  0.0880339
-9.42478  0.448799  3.14159  0.00235341  0.098373
-8.16814  0.448799  3.14159  0.0029567  0.111323
-6.9115  0.448799  3.14159  0.00380904  0.127962
-5.65487  0.448799  3.14159  0.00505918  0.150033
-4.39823  0.448799  3.14159  0.00697784  0.180538
-3.14159  0.448799  3.14159  0.0100985  0.225242
-1.88496  0.448799  3.14159  0.0156727  0.298026
-0.628319  0.448799  3.14159  0.0285239  0.464735
0.628319  0.448799  3.14159  0.0285239  -0.464735
1.88496  0.448799  3.14159  0.0156727  -0.298026
3.14159  0.448799  3.14159  0.0100985  -0.225242
4.39823  0.448799  3.14159  0.00697786  -0.180538
5.65487  0.448799  3.14159  0.00505919  -0.150033
6.9115  0.448799  3.14159  0.00380903  -0.127962
8.16814  0.448799  3.14159  0.0029567  -0.111323
10.6814  0.448799  3.14159  0.00191284  -0.0880339
13.1947  0.448799  3.14159  0.00132881  -0.0726086
18.2212  0.448799  3.14159  0.000740506  -0.0535788
27.0177  0.448799  3.14159  0.000351229  -0.0365912
54.6637  0.448799  3.14159  8.83517e-05  -0.0182408
-33.3009  0.448799  3.59039  0.000234167  0.0298003
-21.9911  0.448799  3.59039  0.000520388  0.0447096
-15.708  0.448799  3.59039  0.0009724  0.0616906
-10.6814  0.448799  3.59039  0.00191278  0.0880339
-9.42478  0.448799  3.59039  0.00235341  0.098373
-8.16814  0.448799  3.59039  0.0029567  0.111323
-6.9115  0.448799  3.59039  0.00380904  0.127962
-5.65487  0.448799  3.59039  0.00505918  0.150033
-4.39823  0.448799  3.59039  0.00697784  0.180538
-3.14159  0.448799  3.59039  0.0100985  0.225242
-1.88496  0.448799  3.59039  0.0156727  0.298026
-0.628319  0.448799  3.59039  0.0285239  0.464735
0.628319  0.448799  3.59039  0.0285239  -0.464735
1.88496  0.448799  3.59039  0.0156727  -0.298026
3.14159  0.448799  3.59039  0.0100985  -0.225242
4.39823  0.448799  3.59039  0.00697786  -0.180538
5.65487  0.448799  3.59039  0.00505919  -0.150033
6.9115  0.448799  3.59039  0.00380903  -0.127962
8.16814  0.448799  3.59039  0.0029567  -0.111323
10.6814  0.448799  3.59039  0.00191284  -0.0880339
13.1947  0.448799  3.59039  0.00132881  -0.0726086
18.2212  0.448799  3.59039  0.000740506  -0.0535788
27.0177  0.448799  3.59039  0.000351229  -0.0365912
54.6637  0.448799  3.59039  8.83517e-05  -0.0182408
-33.3009  0.448799  4.03919  0.000234167  0.0298003
-21.9911  0.448799  4.03919  0.000520388  0.0447096
-15.708  0.448799  4.03919  0.0009724  0.0616906
-10.6814  0.448799  4.03919  0.00191278  0.0880339
-9.42478  0.448799  4.03919  0.00235341  0.098373
-8.16814  0.448799  4.03919  0.0029567  0.111323
-6.9115  0.448799  4.03919  0.00380904  0.127962
-5.65487  0.448799  4.03919  0.00505918  0.150033
-4.39823  0.448799  4.03919  0.00697784  0.180538
-3.14159  0.448799  4.03919  0.0100985  0.225242
-1.88496  0.448799  4.03919  0.0156727  0.298026
-0.628319  0.448799  4.03919  0.0285239  0.464735
0.628319  0.448799  4.03919  0.0285239  -0.464735
1.88496  0.448799  4.03919  0.0156727  -0.298026
3.14159  0.448799  4.03919  0.0100985  -0.225242
4.39823  0.448799  4.03919  0.00697786  -0.180538
5.65487  0.448799  4.03919  0.00505919  -0.150033
6.9115  0.448799  4.03919  0.00380903  -0.127962
8.16814  0.448799  4.03919  0.0029567  -0.111323
10.6814  0.448799  4.03919  0.00191284  -0.0880339
13.1947  0.448799  4.03919  0.00132881  -0.0726086
18.2212  0.448799  4.03919  0.000740506  -0.0535788
27.0177  0.448799  4.03919  0.000351229  -0.0365912
54.6637  0.448799  4.03919  8.83517e-05  -0.0182408
-33.3009  0.448799  4.48799  0.000234167  0.0298003
-21.9911  0.448799  4.48799  0.000520388  0.0447096
-15.708  0.448799  4.48799  0.0009724  0.0616906
-10.6814  0.448799  4.48799  0.00191278  0.0880339
-9.42478  0.448799  4.48799  0.00235341  0.098373
-8.16814  0.448799  4.48799  0.0029567  0.111323
-6.9115  0.448799  4.48799  0.00380904  0.127962
-5.65487  0.448799  4.48799  0.00505918  0.150033
-4.39823  0.448799  4.48799  0.00697784  0.180538
-3.14159  0.448799  4.48799  0.0100985  0.225242
-1.88496  0.448799  4.48799  0.0156727  0.298026
-0.628319  0.448799  4.48799  0.0285239  0.464735
0.628319  0.448799  4.48799  0.0285239  -0.464735
1.88496  0.448799  4.48799  0.0156727  -0.298026
3.14159  0.448799  4.48799  0.0100985  -0.225242
4.39823  0.448799  4.48799  0.00697786  -0.180538
5.65487  0.448799  4.48799  0.00505919  -0.150033
6.9115  0.448799  4.48799  0.00380903  -0.127962
8.16814  0.448799  4.48799  0.0029567  -0.111323
10.6814  0.448799  4.48799  0.00191284  -0.0880339
13.1947  0.448799  4.48799  0.00132881  -0.0726086
18.2212  0.448799  4.48799  0.000740506  -0.0535788
27.0177  0.448799  4.48799  0.000351229  -0.0365912
54.6637  0.448799  4.48799  8.83517e-05  -0.0182408
-33.3009  0.448799  4.93679  0.000234167  0.0298003
-21.9911  0.448799  4.93679  0.000520388  0.0447096
-15.708  0.448799  4.93679  0.0009724  0.0616906
-10.6814  0.448799  4.93679  0.00191278  0.0880339
-9.42478  0.448799  4.93679  0.00235341  0.098373
-8.16814  0.448799  4.93679  0.0029567  0.111323
-6.9115  0.448799  4.93679  0.00380904  0.127962
-5.65487  0.448799  4.93679  0.00505918  0.150033
-4.39823  0.448799  4.93679  0.00697784  0.180538
-3.14159  0.448799  4.93679  0.0100985  0.225242
-1.88496  0.448799  4.93679  0.0156727  0.298026
-0.628319  0.448799  4.93679  0.0285239  0.464735
0.628319  0.448799  4.93679  0.0285239  -0.464735
1.88496  0.448799  4.93679  0.0156727  -0.298026
3.14159  0.448799  4.93679  0.0100985  -0.225242
4.39823  0.448799  4.93679  0.00697786  -0.180538
5.65487  0.448799  4.93679  0.00505919  -0.150033
6.9115  0.448799  4.93679  0.00380903  -0.127962
8.16814  0.448799  4.93679  0.0029567  -0.111323
10.6814  0.448799  4.93679  0.00191284  -0.0880339
13.1947  0.448799  4.93679  0.00132881  -0.0726086
18.2212  0.448799  4.93679  0.000740506  -0.0535788
27.0177  0.448799  4.93679  0.000351229  -0.0365912
54.6637  0.448799  4.93679  8.83517e-05  -0.0182408
-33.3009  0.448799  5.38559  0.000234167  0.0298003
-21.9911  0.448799  5.38559  0.000520388  0.0447096
-15.708  0.448799  5.38559  0.0009724  0.0616906
-10.6814  0.448799  5.38559  0.00191278  0.0880339
-9.42478  0.448799  5.38559  0.00235341  0.098373
-8.16814  0.448799  5.38559  0.0029567  0.111323
-6.9115  0.448799  5.38559  0.00380904  0.127962
-5.65487  0.448799  5.38559  0.00505918  0.150033
-4.39823  0.448799  5.38559  0.00697784  0.180538
-3.14159  0.448799  5.38559  0.0100985  0.225242
-1.88496  0.448799  5.38559  0.0156727  0.298026
-0.628319  0.448799  5.38559  0.0285239  0.464735
0.628319  0.448799  5.38559  0.0285239  -0.464735
1.88496  0.448799  5.38559  0.0156727  -0.298026
3.14159  0.448799  5.38559  0.0100985  -0.225242
4.39823  0.448799  5.38559  0.00697786  -0.180538
5.65487  0.448799  5.38559  0.00505919  -0.150033
6.9115  0.448799  5.38559  0.00380903  -0.127962
8.16814  0.448799  5.38559  0.0029567  -0.111323
10.6814  0.448799  5.38559  0.00191284  -0.0880339
13.1947  0.448799  5.38559  0.00132881  -0.0726086
18.2212  0.448799  5.38559  0.000740506  -0.0535788
27.0177  0.448799  5.38559  0.000351229  -0.0365912
54.6637  0.448799  5.38559  8.83517e-05  -0.0182408
-33.3009  0.448799  5.83439  0.000234167  0.0298003
-21.9911  0.448799  5.83439  0.000520388  0.0447096
-15.708  0.448799  5.83439  0.0009724  0.0616906
-10.6814  0.448799  5.83439  0.00191278  0.0880339
-9.42478  0.448799  5.83439  0.00235341  0.098373
-8.16814  0.448799  5.83439  0.0029567  0.111323
-6.9115  0.448799  5.83439  0.00380904  0.127962
-5.65487  0.448799  5.83439  0.00505918  0.150033
-4.39823  0.448799  5.83439  0.00697784  0.180538
-3.14159  0.448799  5.83439  0.0100985  0.225242
-1.88496  0.448799  5.83439  0.0156727  0.298026
-0.628319  0.448799  5.83439  0.0285239  0.464735
0.628319  0.448799  5.83439  0.0285239  -0.464735
1.88496  0.448799  5.83439  0.0156727  -0.298026
3.14159  0.448799  5.83439  0.0100985  -0.225242
4.39823  0.448799  5.83439  0.00697786  -0.180538
5.65487  0.448799  5.83439  0.00505919  -0.150033
6.9115  0.448799  5.83439  0.00380903  -0.127962
8.16814  0.448799  5.83439  0.0029567  -0.111323
10.6814  0.448799  5.83439  0.00191284  -0.0880339
13.1947  0.448799  5.83439  0.00132881  -0.0726086
18.2212  0.448799  5.83439  0.000740506  -0.0535788
27.0177  0.448799  5.83439  0.000351229  -0.0365912
54.6637  0.448799  5.83439  8.83517e-05  -0.0182408
-33.3009  0.448799  6.28319  0.000234167  0.0298003
-21.9911  0.448799  6.28319  0.000520388  0.0447096
-15.708  0.448799  6.28319  0.0009724  0.0616906
-10.6814  0.448799  6.28319  0.00191278  0.0880339
-9.42478  0.448799  6.28319  0.00235341  0.098373
-8.16814  0.448799  6.28319  0.0029567  0.111323
-6.9115  0.448799  6.28319  0.00380904  0.127962
-5.65487  0.448799  6.28319  0.00505918  0.150033
-4.39823  0.448799  6.28319  0.00697784  0.180538
-3.14159  0.448799  6.28319  0.0100985  0.225242
-1.88496  0.448799  6.28319  0.0156727  0.298026
-0.628319  0.448799  6.28319  0.0285239  0.464735
0.628319  0.448799  6.28319  0.0285239  -0.464735
1.88496  0.448799  6.28319  0.0156727  -0.298026
3.14159  0.448799  6.28319  0.0100985  -0.225242
4.39823  0.448799  6.28319  0.00697786  -0.180538
5.65487  0.448799  6.28319  0.00505919  -0.150033
6.9115  0.448799  6.28319  0.00380903  -0.127962
8.16814  0.448799  6.28319  0.0029567  -0.111323
10.6814  0.448799  6.28319  0.00191284  -0.0880339
13.1947  0.448799  6.28319  0.00132881  -0.0726086
18.2212  0.448799  6.28319  0.000740506  -0.0535788
27.0177  0.448799  6.28319  0.000351229  -0.0365912
54.6637  0.448799  6.28319  8.83517e-05  -0.0182408
-33.3009  0.897598  0  0.000234167  0.0298003
-21.9911  0.897598  0  0.000520388  0.0447096
-15.708  0.897598  0  0.0009724  0.0616906
-10.6814  0.897598  0  0.00191278  0.0880339
-9.42478  0.897598  0  0.00235341  0.098373
-8.16814  0.897598  0  0.0029567  0.111323
-6.9115  0.897598  0  0.00380904  0.127962
-5.65487  0.897598  0  0.00505918  0.150033
-4.39823  0.897598  0  0.00697784  0.180538
-3.14159  0.897598  0  0.0100985  0.225242
-1.88496  0.897598  0  0.0156727  0.298026
-0.628319  0.897598  0  0.0285239  0.464735
0.628319  0.897598  0  0.0285239  -0.464735
1.88496  0.897598  0  0.0156727  -0.298026
3.14159  0.897598  0  0.0100985  -0.225242
4.39823  0.897598  0  0.00697786  -0.180538
5.65487  0.897598  0  0.00505919  -0.150033
6.9115  0.897598  0  0.00380903  -0.127962
8.16814  0.897598  0  0.0029567  -0.111323
10.6814  0.897598  0  0.00191284  -0.0880339
13.1947  0.897598  0  0.00132881  -0.0726086
18.2212  0.897598  0  0.000740506  -0.0535788
27.0177  0.897598  0  0.000351229  -0.0365912
54.6637  0.897598  0  8.83517e-05  -0.0182408
-33.3009  0.897598  0.448799  0.000234167  0.0298003
-21.9911  0.897598  0.448799  0.000520388  0.0447096
-15.708  0.897598  0.448799  0.0009724  0.0616906
-10.6814  0.897598  0.448799  0.00191278  0.0880339
-9.42478  0.897598  0.448799  0.00235341  0.098373
-8.16814  0.897598  0.448799  0.0029567  0.111323
-6.9115  0.897598  0.448799  0.00380904  0.127962
-5.65487  0.897598  0.448799  0.00505918  0.150033
-4.39823  0.897598  0.448799  0.00697784  0.180538
-3.14159  0.897598  0.448799  0.0100985  0.225242
-1.88496  0.897598  0.448799  0.0156727  0.298026
-0.628319  0.897598  0.448799  0.0285239  0.464735
0.628319  0.897598  0.448799  0.0285239  -0.464735
1.88496  0.897598  0.448799  0.0156727  -0.298026
3.14159  0.897598  0.448799  0.0100985  -0.225242
4.39823  0.897598  0.448799  0.00697786  -0.180538
5.65487  0.897598  0.448799  0.00505919  -0.150033
6.9115  0.897598  0.448799  0.00380903  -0.127962
8.16814  0.897598  0.448799  0.0029567  -0.111323
10.6814  0.897598  0.448799  0.00191284  -0.0880339
13.1947  0.897598  0.448799  0.00132881  -0.0726086
18.2212  0.897598  0.448799  0.000740506  -0.0535788
27.0177  0.897598  0.448799  0.000351229  -0.0365912
54.6637  0.897598  0.448799  8.83517e-05  -0.0182408
-33.3009  0.897598  0.897598  0.000234167  0.0298003
-21.9911  0.897598  0.897598  0.000520388  0.0447096
-15.708  0.897598  0.897598  0.0009724  0.0616906
-10.6814  0.897598  0.897598  0.00191278  0.0880339
-9.42478  0.897598  0.897598  0.00235341  0.098373
-8.16814  0.897598  0.897598  0.0029567  0.111323
-6.9115  0.897598  0.897598  0.00380904  0.127962
-5.65487  0.897598  0.897598  0.00505918  0.150033
-4.39823  0.897598  0.897598  0.00697784  0.180538
-3.14159  0.897598  0.897598  0.0100985  0.225242
-1.88496  0.897598  0.897598  0.0156727  0.298026
-0.628319  0.897598  0.897598  0.0285239  0.464735
0.628319  0.897598  0.897598  0.0285239  -0.464735
1.88496  0.897598  0.897598  0.0156727  -0.298026
3.14159  0.897598  0.897598  0.0100985  -0.225242
4.39823  0.897598  0.897598  0.00697786  -0.180538
5.65487  0.897598  0.897598  0.00505919  -0.150033
6.9115  0.897598  0.897598  0.00380903  -0.127962
8.16814  0.897598  0.897598  0.0029567  -0.111323
10.6814  0.897598  0.897598  0.00191284  -0.0880339
13.1947  0.897598  0.897598  0.00132881  -0.0726086
18.2212  0.897598  0.897598  0.000740506  -0.0535788
27.0177  0.897598  0.897598  0.000351229  -0.0365912
54.6637  0.897598  0.897598  8.83517e-05  -0.0182408
-33.3009  0.897598  1.3464  0.000234167  0.0298003
-21.9911  0.897598  1.3464  0.000520388  0.0447096
-15.708  0.897598  1.3464  0.0009724  0.0616906
-10.6814  0.897598  1.3464  0.00191278  0.0880339
-9.42478  0.897598  1.3464  0.00235341  0.098373
-8.16814  0.897598  1.3464  0.0029567  0.111323
-6.9115  0.897598  1.3464  0.00380904  0.127962
-5.65487  0.897598  1.3464  0.00505918  0.150033
-4.39823  0.897598  1.3464  0.00697784  0.180538
-3.14159  0.897598  1.3464  0.0100985  0.225242
-1.88496  0.897598  1.3464  0.0156727  0.298026
-0.628319  0.897598  1.3464  0.0285239  0.464735
0.628319  0.897598  1.3464  0.0285239  -0.464735
1.88496  0.897598  1.3464  0.0156727  -0.298026
3.14159  0.897598  1.3464  0.0100985  -0.225242
4.39823  0.897598  1.3464  0.00697786  -0.180538
5.65487  0.897598  1.3464  0.00505919  -0.150033
6.9115  0.897598  1.3464  0.00380903  -0.127962
8.16814  0.897598  1.3464  0.0029567  -0.111323
10.6814  0.897598  1.3464  0.00191284  -0.0880339
13.1947  0.897598  1.3464  0.00132881  -0.0726086
18.2212  0.897598  1.3464  0.000740506  -0.0535788
27.0177  0.897598  1.3464  0.000351229  -0.0365912
54.6637  0.897598  1.3464  8.83517e-05  -0.0182408
-33.3009  0.897598  1.7952  0.000234167  0.0298003
-21.9911  0.897598  1.7952  0.000520388  0.0447096
-15.708  0.897598  1.7952  0.0009724  0.0616906
-10.6814  0.897598  1.7952  0.00191278  0.0880339
-9.42478  0.897598  1.7952  0.00235341  0.098373
-8.16814  0.897598  1.7952  0.0029567  0.111323
-6.9115  0.897598  1.7952  0.00380904  0.127962
-5.65487  0.897598  1.7952  0.00505918  0.150033
-4.39823  0.897598  1.7952  0.00697784  0.180538
-3.14159  0.897598  1.7952  0.0100985  0.225242
-1.88496  0.897598  1.7952  0.0156727  0.298026
-0.628319  0.897598  1.7952  0.0285239  0.464735
0.628319  0.897598  1.7952  0.0285239  -0.464735
1.88496  0.897598  1.7952  0.0156727  -0.298026
3.14159  0.897598  1.7952  0.0100985  -0.225242
4.39823  0.897598  1.7952  0.00697786  -0.180538
5.65487  0.897598  1.7952  0.00505919  -0.150033
6.9115  0.897598  1.7952  0.00380903  -0.127962
8.16814  0.897598  1.7952  0.0029567  -0.111323
10.6814  0.897598  1.7952  0.00191284  -0.0880339
13.1947  0.897598  1.7952  0.00132881  -0.0726086
18.2212  0.897598  1.7952  0.000740506  -0.0535788
27.0177  0.897598  1.7952  0.000351229  -0.0365912
54.6637  0.897598  1.7952  8.83517e-05  -0.0182408
-33.3009  0.897598  2.24399  0.000234167  0.0298003
-21.9911  0.897598  2.24399  0.000520388  0.0447096
-15.708  0.897598  2.24399  0.0009724  0.0616906
-10.6814  0.897598  2.24399  0.00191278  0.0880339
-9.42478  0.897598  2.24399  0.00235341  0.098373
-8.16814  0.897598  2.24399  0.0029567  0.111323
-6.9115  0.897598  2.24399  0.00380904  0.127962
-5.65487  0.897598  2.24399  0.00505918  0.150033
-4.39823  0.897598  2.24399  0.00697784  0.180538
-3.14159  0.897598  2.24399  0.0100985  0.225242
-1.88496  0.897598  2.24399  0.0156727  0.298026
-0.628319  0.897598  2.24399  0.0285239  0.464735
0.628319  0.897598  2.24399  0.0285239  -0.464735
1.88496  0.897598  2.24399  0.0156727  -0.298026
3.14159  0.897598  2.24399  0.0100985  -0.225242
4.39823  0.897598  2.24399  0.00697786  -0.180538
5.65487  0.897598  2.24399  0.00505919  -0.150033
6.9115  0.897598  2.24399  0.00380903  -0.127962
8.16814  0.897598  2.24399  0.0029567  -0.111323
10.6814  0.897598  2.24399  0.00191284  -0.0880339
13.1947  0.897598  2.24399  0.00132881  -0.0726086
18.2212  0.897598  2.24399  0.000740506  -0.0535788
27.0177  0.897598  2.24399  0.000351229  -0.0365912
54.6637  0.897598  2.24399  8.83517e-05  -0.0182408
-33.3009  0.897598  2.69279  0.000234167  0.0298003
-21.9911  0.897598  2.69279  0.000520388  0.0447096
-15.708  0.897598  2.69279  0.0009724  0.0616906
-10.6814  0.897598  2.69279  0.00191278  0.0880339
-9.42478  0.897598  2.69279  0.00235341  0.098373
-8.16814  0.897598  2.69279  0.0029567  0.111323
-6.9115  0.897598  2.69279  0.00380904  0.127962
-5.65487  0.897598  2.69279  0.00505918  0.150033
-4.39823  0.897598  2.69279  0.00697784  0.180538
-3.14159  0.897598  2.69279  0.0100985  0.225242
-1.88496  0.897598  2.69279  0.0156727  0.298026
-0.628319  0.897598  2.69279  0.0285239  0.464735
0.628319  0.897598  2.69279  0.0285239  -0.464735
1.88496  0.897598  2.69279  0.0156727  -0.298026
3.14159  0.897598  2.69279  0.0100985  -0.225242
4.39823  0.897598  2.69279  0.00697786  -0.180538
5.65487  0.897598  2.69279  0.00505919  -0.150033
6.9115  0.897598  2.69279  0.00380903  -0.127962
8.16814  0.897598  2.69279  0.0029567  -0.111323
10.6814  0.897598  2.69279  0.00191284  -0.0880339
13.1947  0.897598  2.69279  0.00132881  -0.0726086
18.2212  0.897598  2.69279  0.000740506  -0.0535788
27.0177  0.897598  2.69279  0.000351229  -0.0365912
54.6637  0.897598  2.69279  8.83517e-05  -0.0182408
-33.3009  0.897598  3.14159  0.000234167  0.0298003
-21.9911  0.897598  3.14159  0.000520388  0.0447096
-15.708  0.897598  3.14159  0.0009724  0.0616906
-10.6814  0.897598  3.14159  0.00191278  0.0880339
-9.42478  0.897598  3.14159  0.00235341  0.098373
-8.16814  0.897598  3.14159  0.0029567  0.111323
-6.9115  0.897598  3.14159  0.00380904  0.127962
-5.65487  0.897598  3.14159  0.00505918  0.150033
-4.39823  0.897598  3.14159  0.00697784  0.180538
-3.14159  0.897598  3.14159  0.0100985  0.225242
-1.88496  0.897598  3.14159  0.0156727  0.298026
-0.628319  0.897598  3.14159  0.0285239  0.464735
0.628319  0.897598  3.14159  0.0285239  -0.464735
1.88496  0.897598  3.14159  0.0156727  -0.298026
3.14159  0.897598  3.14159  0.0100985  -0.225242
4.39823  0.897598  3.14159  0.00697786  -0.180538
5.65487  0.897598  3.14159  0.00505919  -0.150033
6.9115  0.897598  3.14159  0.00380903  -0.127962
8.16814  0.897598  3.14159  0.0029567  -0.111323
10.6814  0.897598  3.14159  0.00191284  -0.0880339
13.1947  0.897598  3.14159  0.00132881  -0.0726086
18.2212  0.897598  3.14159  0.000740506  -0.0535788
27.0177  0.897598  3.14159  0.000351229  -0.0365912
54.6637  0.897598  3.14159  8.83517e-05  -0.0182408
-33.3009  0.897598  3.59039  0.000234167  0.0298003
-21.9911  0.897598  3.59039  0.000520388  0.0447096
-15.708  0.897598  3.59039  0.0009724  0.0616906
-10.6814  0.897598  3.59039  0.00191278  0.0880339
-9.42478  0.897598  3.59039  0.00235341  0.098373
-8.16814  0.897598  3.59039  0.0029567  0.111323
-6.9115  0.897598  3.59039  0.00380904  0.127962
-5.65487  0.897598  3.59039  0.00505918  0.150033
-4.39823  0.897598  3.59039  0.00697784  0.180538
-3.14159  0.897598  3.59039  0.0100985  0.225242
-1.88496  0.897598  3.59039  0.0156727  0.298026
-0.628319  0.897598  3.59039  0.0285239  0.464735
0.628319  0.897598  3.59039  0.0285239  -0.464735
1.88496  0.897598  3.59039  0.0156727  -0.298026
3.14159  0.897598  3.59039  0.0100985  -0.225242
4.39823  0.897598  3.59039  0.00697786  -0.180538
5.65487  0.897598  3.59039  0.00505919  -0.150033
6.9115  0.897598  3.59039  0.00380903  -0.127962
8.16814  0.897598  3.59039  0.0029567  -0.111323
10.6814  0.897598  3.59039  0.00191284  -0.0880339
13.1947  0.897598  3.59039  0.00132881  -0.0726086
18.2212  0.897598  3.59039  0.000740506  -0.0535788
27.0177  0.897598  3.59039  0.000351229  -0.0365912
54.6637  0.897598  3.59039  8.83517e-05  -0.0182408
-33.3009  0.897598  4.03919  0.000234167  0.0298003
-21.9911  0.897598  4.03919  0.000520388  0.0447096
-15.708  0.897598  4.03919  0.0009724  0.0616906
-10.6814  0.897598  4.03919  0.00191278  0.0880339
-9.42478  0.897598  4.03919  0.00235341  0.098373
-8.16814  0.897598  4.03919  0.0029567  0.111323
-6.9115  0.897598  4.03919  0.00380904  0.127962
-5.65487  0.897598  4.03919  0.00505918  0.150033
-4.39823  0.897598  4.03919  0.00697784  0.180538
-3.14159  0.897598  4.03919  0.0100985  0.225242
-1.88496  0.897598  4.03919  0.0156727  0.298026
-0.628319  0.897598  4.03919  0.0285239  0.464735
0.628319  0.897598  4.03919  0.0285239  -0.464735
1.88496  0.897598  4.03919  0.0156727  -0.298026
3.14159  0.897598  4.03919  0.0100985  -0.225242
4.39823  0.897598  4.03919  0.00697786  -0.180538
5.65487  0.897598  4.03919  0.00505919  -0.150033
6.9115  0.897598  4.03919  0.00380903  -0.127962
8.16814  0.897598  4.03919  0.0029567  -0.111323
10.6814  0.897598  4.03919  0.00191284  -0.0880339
13.1947  0.897598  4.03919  0.00132881  -0.0726086
18.2212  0.897598  4.03919  0.000740506  -0.0535788
27.0177  0.897598  4.03919  0.000351229  -0.0365912
54.6637  0.897598  4.03919  8.83517e-05  -0.0182408
-33.3009  0.897598  4.48799  0.000234167  0.0298003
-21.9911  0.897598  4.48799  0.000520388  0.0447096
-15.708  0.897598  4.48799  0.0009724  0.0616906
-10.6814  0.897598  4.48799  0.00191278  0.0880339
-9.42478  0.897598  4.48799  0.00235341  0.098373
-8.16814  0.897598  4.48799  0.0029567  0.111323
-6.9115  0.897598  4.48799  0.00380904  0.127962
-5.65487  0.897598  4.48799  0.00505918  0.150033
-4.39823  0.897598  4.48799  0.00697784  0.180538
-3.14159  0.897598  4.48799  0.0100985  0.225242
-1.88496  0.897598  4.48799  0.0156727  0.298026
-0.628319  0.897598  4.48799  0.0285239  0.464735
0.628319  0.897598  4.48799  0.0285239  -0.464735
1.88496  0.897598  4.48799  0.0156727  -0.298026
3.14159  0.897598  4.48799  0.0100985  -0.225242
4.39823  0.897598  4.48799  0.00697786  -0.180538
5.65487  0.897598  4.48799  0.00505919  -0.150033
6.9115  0.897598  4.48799  0.00380903  -0.127962
8.16814  0.897598  4.48799  0.0029567  -0.111323
10.6814  0.897598  4.48799  0.00191284  -0.0880339
13.1947  0.897598  4.48799  0.00132881  -0.0726086
18.2212  0.897598  4.48799  0.000740506  -0.0535788
27.0177  0.897598  4.48799  0.000351229  -0.0365912
54.6637  0.897598  4.48799  8.83517e-05  -0.0182408
-33.3009  0.897598  4.93679  0.000234167  0.0298003
-21.9911  0.897598  4.93679  0.000520388  0.0447096
-15.708  0.897598  4.93679  0.0009724  0.0616906
-10.6814  0.897598  4.93679  0.00191278  0.0880339
-9.42478  0.897598  4.93679  0.00235341  0.098373
-8.16814  0.897598  4.93679  0.0029567  0.111323
-6.9115  0.897598  4.93679  0.00380904  0.127962
-5.65487  0.897598  4.93679  0.00505918  0.150033
-4.39823  0.897598  4.93679  0.00697784  0.180538
-3.14159  0.897598  4.93679  0.0100985  0.225242
-1.88496  0.897598  4.93679  0.0156727  0.298026
-0.628319  0.897598  4.93679  0.0285239  0.464735
0.628319  0.897598  4.93679  0.0285239  -0.464735
1.88496  0.897598  4.93679  0.0156727  -0.298026
3.14159  0.897598  4.93679  0.0100985  -0.225242
4.39823  0.897598  4.93679  0.00697786  -0.180538
5.65487  0.897598  4.93679  0.00505919  -0.150033
6.9115  0.897598  4.93679  0.00380903  -0.127962
8.16814  0.897598  4.93679  0.0029567  -0.111323
10.6814  0.897598  4.93679  0.00191284  -0.0880339
13.1947  0.897598  4.93679  0.00132881  -0.0726086
18.2212  0.897598  4.93679  0.000740506  -0.0535788
27.0177  0.897598  4.93679  0.000351229  -0.0365912
54.6637  0.897598  4.93679  8.83517e-05  -0.0182408
-33.3009  0.897598  5.38559  0.000234167  0.0298003
-21.9911  0.897598  5.38559  0.000520388  0.0447096
-15.708  0.897598  5.38559  0.0009724  0.0616906
-10.6814  0.897598  5.38559  0.00191278  0.0880339
-9.42478  0.897598  5.38559  0.00235341  0.098373
-8.16814  0.897598  5.38559  0.0029567  0.111323
-6.9115  0.897598  5.38559  0.00380904  0.127962
-5.65487  0.897598  5.38559  0.00505918  0.150033
-4.39823  0.897598  5.38559  0.00697784  0.180538
-3.14159  0.897598  5.38559  0.0100985  0.225242
-1.88496  0.897598  5.38559  0.0156727  0.298026
-0.628319  0.897598  5.38559  0.0285239  0.464735
0.628319  0.897598  5.38559  0.0285239  -0.464735
1.88496  0.897598  5.38559  0.0156727  -0.298026
3.14159  0.897598  5.38559  0.0100985  -0.225242
4.39823  0.897598  5.38559  0.00697786  -0.180538
5.65487  0.897598  5.38559  0.00505919  -0.150033
6.9115  0.897598  5.38559  0.00380903  -0.127962
8.16814  0.897598  5.38559  0.0029567  -0.111323
10.6814  0.897598  5.38559  0.00191284  -0.0880339
13.1947  0.897598  5.38559  0.00132881  -0.0726086
18.2212  0.897598  5.38559  0.000740506  -0.0535788
27.0177  0.897598  5.38559  0.000351229  -0.0365912
54.6637  0.897598  5.38559  8.83517e-05  -0.0182408
-33.3009  0.897598  5.83439  0.000234167  0.0298003
-21.9911  0.897598  5.83439  0.000520388  0.0447096
-15.708  0.897598  5.83439  0.0009724  0.0616906
-10.6814  0.897598  5.83439  0.00191278  0.0880339
-9.42478  0.897598  5.83439  0.00235341  0.098373
-8.16814  0.897598  5.83439  0.0029567  0.111323
-6.9115  0.897598  5.83439  0.00380904  0.127962
-5.65487  0.897598  5.83439  0.00505918  0.150033
-4.39823  0.897598  5.83439  0.00697784  0.180538
-3.14159  0.897598  5.83439  0.0100985  0.225242
-1.88496  0.897598  5.83439  0.0156727  0.298026
-0.628319  0.897598  5.83439  0.0285239  0.464735
0.628319  0.897598  5.83439  0.0285239  -0.464735
1.88496  0.897598  5.83439  0.0156727  -0.298026
3.14159  0.897598  5.83439  0.0100985  -0.225242
4.39823  0.897598  5.83439  0.00697786  -0.180538
5.65487  0.897598  5.83439  0.00505919  -0.150033
6.9115  0.897598  5.83439  0.00380903  -0.127962
8.16814  0.897598  5.83439  0.0029567  -0.111323
10.6814  0.897598  5.83439  0.00191284  -0.0880339
13.1947  0.897598  5.83439  0.00132881  -0.0726086
18.2212  0.897598  5.83439  0.000740506  -0.0535788
27.0177  0.897598  5.83439  0.000351229  -0.0365912
54.6637  0.897598  5.83439  8.83517e-05  -0.0182408
-33.3009  0.897598  6.28319  0.000234167  0.0298003
-21.9911  0.897598  6.28319  0.000520388  0.0447096
-15.708  0.897598  6.28319  0.0009724  0.0616906
-10.6814  0.897598  6.28319  0.00191278  0.0880339
-9.42478  0.897598  6.28319  0.00235341  0.098373
-8.16814  0.897598  6.28319  0.0029567  0.111323
-6.9115  0.897598  6.28319  0.00380904  0.127962
-5.65487  0.897598  6.28319  0.00505918  0.150033
-4.39823  0.897598  6.28319  0.00697784  0.180538
-3.14159  0.897598  6.28319  0.0100985  0.225242
-1.88496  0.897598  6.28319  0.0156727  0.298026
-0.628319  0.897598  6.28319  0.0285239  0.464735
0.628319  0.897598  6.28319  0.0285239  -0.464735
1.88496  0.897598  6.28319  0.0156727  -0.298026
3.14159  0.897598  6.28319  0.0100985  -0.225242
4.39823  0.897598  6.28319  0.00697786  -0.180538
5.65487  0.897598  6.28319  0.00505919  -0.150033
6.9115  0.897598  6.28319  0.00380903  -0.127962
8.16814  0.897598  6.28319  0.0029567  -0.111323
10.6814  0.897598  6.28319  0.00191284  -0.0880339
13.1947  0.897598  6.28319  0.00132881  -0.0726086
18.2212  0.897598  6.28319  0.000740506  -0.0535788
27.0177  0.897598  6.28319  0.000351229  -0.0365912
54.6637  0.897598  6.28319  8.83517e-05  -0.0182408
-33.3009  1.3464  0  0.000234167  0.0298003
-21.9911  1.3464  0  0.000520388  0.0447096
-15.708  1.3464  0  0.0009724  0.0616906
-10.6814  1.3464  0  0.00191278  0.0880339
-9.42478  1.3464  0  0.00235341  0.098373
-8.16814  1.3464  0  0.0029567  0.111323
-6.9115  1.3464  0  0.00380904  0.127962
-5.65487  1.3464  0  0.00505918  0.150033
-4.39823  1.3464  0  0.00697784  0.180538
-3.14159  1.3464  0  0.0100985  0.225242
-1.88496  1.3464  0  0.0156727  0.298026
-0.628319  1.3464  0  0.0285239  0.464735
0.628319  1.3464  0  0.0285239  -0.464735
1.88496  1.3464  0  0.0156727  -0.298026
3.14159  1.3464  0  0.0100985  -0.225242
4.39823  1.3464  0  0.00697786  -0.180538
5.65487  1.3464  0  0.00505919  -0.150033
6.9115  1.3464  0  0.00380903  -0.127962
8.16814  1.3464  0  0.0029567  -0.111323
10.6814  1.3464  0  0.00191284  -0.0880339
13.1947  1.3464  0  0.00132881  -0.0726086
18.2212  1.3464  0  0.000740506  -0.0535788
27.0177  1.3464  0  0.000351229  -0.0365912
54.6637  1.3464  0  8.83517e-05  -0.0182408
-33.3009  1.3464  0.448799  0.000234167  0.0298003
-21.9911  1.3464  0.448799  0.000520388  0.0447096
-15.708  1.3464  0.448799  0.0009724  0.0616906
-10.6814  1.3464  0.448799  0.00191278  0.0880339
-9.42478  1.3464  0.448799  0.00235341  0.098373
-8.16814  1.3464  0.448799  0.0029567  0.111323
-6.9115  1.3464  0.448799  0.00380904  0.127962
-5.65487  1.3464  0.448799  0.00505918  0.150033
-4.39823  1.3464  0.448799  0.00697784  0.180538
-3.14159  1.3464  0.448799  0.0100985  0.225242
-1.88496  1.3464  0.448799  0.0156727  0.298026
-0.628319  1.3464  0.448799  0.0285239  0.464735
0.628319  1.3464  0.448799  0.0285239  -0.464735
1.88496  1.3464  0.448799  0.0156727  -0.298026
3.14159  1.3464  0.448799  0.0100985  -0.225242
4.39823  1.3464  0.448799  0.00697786  -0.180538
5.65487  1.3464  0.448799  0.00505919  -0.150033
6.9115  1.3464  0.448799  0.00380903  -0.127962
8.16814  1.3464  0.448799  0.0029567  -0.111323
10.6814  1.3464  0.448799  0.00191284  -0.0880339
13.1947  1.3464  0.448799  0.00132881  -0.0726086
18.2212  1.3464  0.448799  0.000740506  -0.0535788
27.0177  1.3464  0.448799  0.000351229  -0.0365912
54.6637  1.3464  0.448799  8.83517e-05  -0.0182408
-33.3009  1.3464  0.897598  0.000234167  0.0298003
-21.9911  1.3464  0.897598  0.000520388  0.0447096
-15.708  1.3464  0.897598  0.0009724  0.0616906
-10.6814  1.3464  0.897598  0.00191278  0.0880339
-9.42478  1.3464  0.897598  0.00235341  0.098373
-8.16814  1.3464  0.897598  0.0029567  0.111323
-6.9115  1.3464  0.897598  0.00380904  0.127962
-5.65487  1.3464  0.897598  0.00505918  0.150033
-4.39823  1.3464  0.897598  0.00697784  0.180538
-3.14159  1.3464  0.897598  0.0100985  0.225242
-1.88496  1.3464  0.897598  0.0156727  0.298026
-0.628319  1.3464  0.897598  0.0285239  0.464735
0.628319  1.3464  0.897598  0.0285239  -0.464735
1.88496  1.3464  0.897598  0.0156727  -0.298026
3.14159  1.3464  0.897598  0.0100985  -0.225242
4.39823  1.3464  0.897598  0.00697786  -0.180538
5.65487  1.3464  0.897598  0.00505919  -0.150033
6.9115  1.3464  0.897598  0.00380903  -0.127962
8.16814  1.3464  0.897598  0.0029567  -0.111323
10.6814  1.3464  0.897598  0.00191284  -0.0880339
13.1947  1.3464  0.897598  0.00132881  -0.0726086
18.2212  1.3464  0.897598  0.000740506  -0.0535788
27.0177  1.3464  0.897598  0.000351229  -0.0365912
54.6637  1.3464  0.897598  8.83517e-05  -0.0182408
-33.3009  1.3464  1.3464  0.000234167  0.0298003
-21.9911  1.3464  1.3464  0.000520388  0.0447096
-15.708  1.3464  1.3464  0.0009724  0.0616906
-10.6814  1.3464  1.3464  0.00191278  0.0880339
-9.42478  1.3464  1.3464  0.00235341  0.098373
-8.16814  1.3464  1.3464  0.0029567  0.111323
-6.9115  1.3464  1.3464  0.00380904  0.127962
-5.65487  1.3464  1.3464  0.00505918  0.150033
-4.39823  1.3464  1.3464  0.00697784  0.180538
-3.14159  1.3464  1.3464  0.0100985  0.225242
-1.88496  1.3464  1.3464  0.0156727  0.298026
-0.628319  1.3464  1.3464  0.0285239  0.464735
0.628319  1.3464  1.3464  0.0285239  -0.464735
1.88496  1.3464  1.3464  0.0156727  -0.298026
3.14159  1.3464  1.3464  0.0100985  -0.225242
4.39823  1.3464  1.3464  0.00697786  -0.180538
5.65487  1.3464  1.3464  0.00505919  -0.150033
6.9115  1.3464  1.3464  0.00380903  -0.127962
8.16814  1.3464  1.3464  0.0029567  -0.111323
10.6814  1.3464  1.3464  0.00191284  -0.0880339
13.1947  1.3464  1.3464  0.00132881  -0.0726086
18.2212  1.3464  1.3464  0.000740506  -0.0535788
27.0177  1.3464  1.3464  0.000351229  -0.0365912
54.6637  1.3464  1.3464  8.83517e-05  -0.0182408
-33.3009  1.3464  1.7952  0.000234167  0.0298003
-21.9911  1.3464  1.7952  0.000520388  0.0447096
-15.708  1.3464  1.7952  0.0009724  0.0616906
-10.6814  1.3464  1.7952  0.00191278  0.0880339
-9.42478  1.3464  1.7952  0.00235341  0.098373
-8.16814  1.3464  1.7952  0.0029567  0.111323
-6.9115  1.3464  1.7952  0.00380904  0.127962
-5.65487  1.3464  1.7952  0.00505918  0.150033
-4.39823  1.3464  1.7952  0.00697784  0.180538
-3.14159  1.3464  1.7952  0.0100985  0.225242
-1.88496  1.3464  1.7952  0.0156727  0.298026
-0.628319  1.3464  1.7952  0.0285239  0.464735
0.628319  1.3464  1.7952  0.0285239  -0.464735
1.88496  1.3464  1.7952  0.0156727  -0.298026
3.14159  1.3464  1.7952  0.0100985  -0.225242
4.39823  1.3464  1.7952  0.00697786  -0.180538
5.65487  1.3464  1.7952  0.00505919  -0.150033
6.9115  1.3464  1.7952  0.00380903  -0.127962
8.16814  1.3464  1.7952  0.0029567  -0.111323
10.6814  1.3464  1.7952  0.00191284  -0.0880339
13.1947  1.3464  1.7952  0.00132881  -0.0726086
18.2212  1.3464  1.7952  0.000740506  -0.0535788
27.0177  1.3464  1.7952  0.000351229  -0.0365912
54.6637  1.3464  1.7952  8.83517e-05  -0.0182408
-33.3009  1.3464  2.24399  0.000234167  0.0298003
-21.9911  1.3464  2.24399  0.000520388  0.0447096
-15.708  1.3464  2.24399  0.0009724  0.0616906
-10.6814  1.3464  2.24399  0.00191278  0.0880339
-9.42478  1.3464  2.24399  0.00235341  0.098373
-8.16814  1.3464  2.24399  0.0029567  0.111323
-6.9115  1.3464  2.24399  0.00380904  0.127962
-5.65487  1.3464  2.24399  0.00505918  0.150033
-4.39823  1.3464  2.24399  0.00697784  0.180538
-3.14159  1.3464  2.24399  0.0100985  0.225242
-1.88496  1.3464  2.24399  0.0156727  0.298026
-0.628319  1.3464  2.24399  0.0285239  0.464735
0.628319  1.3464  2.24399  0.0285239  -0.464735
1.88496  1.3464  2.24399  0.0156727  -0.298026
3.14159  1.3464  2.24399  0.0100985  -0.225242
4.39823  1.3464  2.24399  0.00697786  -0.180538
5.65487  1.3464  2.24399  0.00505919  -0.150033
6.9115  1.3464  2.24399  0.00380903  -0.127962
8.16814  1.3464  2.24399  0.0029567  -0.111323
10.6814  1.3464  2.24399  0.00191284  -0.0880339
13.1947  1.3464  2.24399  0.00132881  -0.0726086
18.2212  1.3464  2.24399  0.000740506  -0.0535788
27.0177  1.3464  2.24399  0.000351229  -0.0365912
54.6637  1.3464  2.24399  8.83517e-05  -0.0182408
-33.3009  1.3464  2.69279  0.000234167  0.0298003
-21.9911  1.3464  2.69279  0.000520388  0.0447096
-15.708  1.3464  2.69279  0.0009724  0.0616906
-10.6814  1.3464  2.69279  0.00191278  0.0880339
-9.42478  1.3464  2.69279  0.00235341  0.098373
-8.16814  1.3464  2.69279  0.0029567  0.111323
-6.9115  1.3464  2.69279  0.00380904  0.127962
-5.65487  1.3464  2.69279  0.00505918  0.150033
-4.39823  1.3464  2.69279  0.00697784  0.180538
-3.14159  1.3464  2.69279  0.0100985  0.225242
-1.88496  1.3464  2.69279  0.0156727  0.298026
-0.628319  1.3464  2.69279  0.0285239  0.464735
0.628319  1.3464  2.69279  0.0285239  -0.464735
1.88496  1.3464  2.69279  0.0156727  -0.298026
3.14159  1.3464  2.69279  0.0100985  -0.225242
4.39823  1.3464  2.69279  0.00697786  -0.180538
5.65487  1.3464  2.69279  0.00505919  -0.150033
6.9115  1.3464  2.69279  0.00380903  -0.127962
8.16814  1.3464  2.69279  0.0029567  -0.111323
10.6814  1.3464  2.69279  0.00191284  -0.0880339
13.1947  1.3464  2.69279  0.00132881  -0.0726086
18.2212  1.3464  2.69279  0.000740506  -0.0535788
27.0177  1.3464  2.69279  0.000351229  -0.0365912
54.6637  1.3464  2.69279  8.83517e-05  -0.0182408
-33.3009  1.3464  3.14159  0.000234167  0.0298003
-21.9911  1.3464  3.14159  0.000520388  0.0447096
-15.708  1.3464  3.14159  0.0009724  0.0616906
-10.6814  1.3464  3.14159  0.00191278  0.0880339
-9.42478  1.3464  3.14159  0.00235341  0.098373
-8.16814  1.3464  3.14159  0.0029567  0.111323
-6.9115  1.3464  3.14159  0.00380904  0.127962
-5.65487  1.3464  3.14159  0.00505918  0.150033
-4.39823  1.3464  3.14159  0.00697784  0.180538
-3.14159  1.3464  3.14159  0.0100985  0.225242
-1.88496  1.3464  3.14159  0.0156727  0.298026
-0.628319  1.3464  3.14159  0.0285239  0.464735
0.628319  1.3464  3.14159  0.0285239  -0.464735
1.88496  1.3464  3.14159  0.0156727  -0.298026
3.14159  1.3464  3.14159  0.0100985  -0.225242
4.39823  1.3464  3.14159  0.00697786  -0.180538
5.65487  1.3464  3.14159  0.00505919  -0.150033
6.9115  1.3464  3.14159  0.00380903  -0.127962
8.16814  1.3464  3.14159  0.0029567  -0.111323
10.6814  1.3464  3.14159  0.00191284  -0.0880339
13.1947  1.3464  3.14159  0.00132881  -0.0726086
18.2212  1.3464  3.14159  0.000740506  -0.0535788
27.0177  1.3464  3.14159  0.000351229  -0.0365912
54.6637  1.3464  3.14159  8.83517e-05  -0.0182408
-33.3009  1.3464  3.59039  0.000234167  0.0298003
-21.9911  1.3464  3.59039  0.000520388  0.0447096
-15.708  1.3464  3.59039  0.0009724  0.0616906
-10.6814  1.3464  3.59039  0.00191278  0.0880339
-9.42478  1.3464  3.59039  0.00235341  0.098373
-8.16814  1.3464  3.59039  0.0029567  0.111323
-6.9115  1.3464  3.59039  0.00380904  0.127962
-5.65487  1.3464  3.59039  0.00505918  0.150033
-4.39823  1.3464  3.59039  0.00697784  0.180538
-3.14159  1.3464  3.59039  0.0100985  0.225242
-1.88496  1.3464  3.59039  0.0156727  0.298026
-0.628319  1.3464  3.59039  0.0285239  0.464735
0.628319  1.3464  3.59039  0.0285239  -0.464735
1.88496  1.3464  3.59039  0.0156727  -0.298026
3.14159  1.3464  3.59039  0.0100985  -0.225242
4.39823  1.3464  3.59039  0.00697786  -0.180538
5.65487  1.3464  3.59039  0.00505919  -0.150033
6.9115  1.3464  3.59039  0.00380903  -0.127962
8.16814  1.3464  3.59039  0.0029567  -0.111323
10.6814  1.3464  3.59039  0.00191284  -0.0880339
13.1947  1.3464  3.59039  0.00132881  -0.0726086
18.2212  1.3464  3.59039  0.000740506  -0.0535788
27.0177  1.3464  3.59039  0.000351229  -0.0365912
54.6637  1.3464  3.59039  8.83517e-05  -0.0182408
-33.3009  1.3464  4.03919  0.000234167  0.0298003
-21.9911  1.3464  4.03919  0.000520388  0.0447096
-15.708  1.3464  4.03919  0.0009724  0.0616906
-10.6814  1.3464  4.03919  0.00191278  0.0880339
-9.42478  1.3464  4.03919  0.00235341  0.098373
-8.16814  1.3464  4.03919  0.0029567  0.111323
-6.9115  1.3464  4.03919  0.00380904  0.127962
-5.65487  1.3464  4.03919  0.00505918  0.150033
-4.39823  1.3464  4.03919  0.00697784  0.180538
-3.14159  1.3464  4.03919  0.0100985  0.225242
-1.88496  1.3464  4.03919  0.0156727  0.298026
-0.628319  1.3464  4.03919  0.0285239  0.464735
0.628319  1.3464  4.03919  0.0285239  -0.464735
1.88496  1.3464  4.03919  0.0156727  -0.298026
3.14159  1.3464  4.03919  0.0100985  -0.225242
4.39823  1.3464  4.03919  0.00697786  -0.180538
5.65487  1.3464  4.03919  0.00505919  -0.150033
6.9115  1.3464  4.03919  0.00380903  -0.127962
8.16814  1.3464  4.03919  0.0029567  -0.111323
10.6814  1.3464  4.03919  0.00191284  -0.0880339
13.1947  1.3464  4.03919  0.00132881  -0.0726086
18.2212  1.3464  4.03919  0.000740506  -0.0535788
27.0177  1.3464  4.03919  0.000351229  -0.0365912
54.6637  1.3464  4.03919  8.83517e-05  -0.0182408
-33.3009  1.3464  4.48799  0.000234167  0.0298003
-21.9911  1.3464  4.48799  0.000520388  0.0447096
-15.708  1.3464  4.48799  0.0009724  0.0616906
-10.6814  1.3464  4.48799  0.00191278  0.0880339
-9.42478  1.3464  4.48799  0.00235341  0.098373
-8.16814  1.3464  4.48799  0.0029567  0.111323
-6.9115  1.3464  4.48799  0.00380904  0.127962
-5.65487  1.3464  4.48799  0.00505918  0.150033
-4.39823  1.3464  4.48799  0.00697784  0.180538
-3.14159  1.3464  4.48799  0.0100985  0.225242
-1.88496  1.3464  4.48799  0.0156727  0.298026
-0.628319  1.3464  4.48799  0.0285239  0.464735
0.628319  1.3464  4.48799  0.0285239  -0.464735
1.88496  1.3464  4.48799  0.0156727  -0.298026
3.14159  1.3464  4.48799  0.0100985  -0.225242
4.39823  1.3464  4.48799  0.00697786  -0.180538
5.65487  1.3464  4.48799  0.00505919  -0.150033
6.9115  1.3464  4.48799  0.00380903  -0.127962
8.16814  1.3464  4.48799  0.0029567  -0.111323
10.6814  1.3464  4.48799  0.00191284  -0.0880339
13.1947  1.3464  4.48799  0.00132881  -0.0726086
18.2212  1.3464  4.48799  0.000740506  -0.0535788
27.0177  1.3464  4.48799  0.000351229  -0.0365912
54.6637  1.3464  4.48799  8.83517e-05  -0.0182408
-33.3009  1.3464  4.93679  0.000234167  0.0298003
-21.9911  1.3464  4.93679  0.000520388  0.0447096
-15.708  1.3464  4.93679  0.0009724  0.0616906
-10.6814  1.3464  4.93679  0.00191278  0.0880339
-9.42478  1.3464  4.93679  0.00235341  0.098373
-8.16814  1.3464  4.93679  0.0029567  0.111323
-6.9115  1.3464  4.93679  0.00380904  0.127962
-5.65487  1.3464  4.93679  0.00505918  0.150033
-4.39823  1.3464  4.93679  0.00697784  0.180538
-3.14159  1.3464  4.93679  0.0100985  0.225242
-1.88496  1.3464  4.93679  0.0156727  0.298026
-0.628319  1.3464  4.93679  0.0285239  0.464735
0.628319  1.3464  4.93679  0.0285239  -0.464735
1.88496  1.3464  4.93679  0.0156727  -0.298026
3.14159  1.3464  4.93679  0.0100985  -0.225242
4.39823  1.3464  4.93679  0.00697786  -0.180538
5.65487  1.3464  4.93679  0.00505919  -0.150033
6.9115  1.3464  4.93679  0.00380903  -0.127962
8.16814  1.3464  4.93679  0.0029567  -0.111323
10.6814  1.3464  4.93679  0.00191284  -0.0880339
13.1947  1.3464  4.93679  0.00132881  -0.0726086
18.2212  1.3464  4.93679  0.000740506  -0.0535788
27.0177  1.3464  4.93679  0.000351229  -0.0365912
54.6637  1.3464  4.93679  8.83517e-05  -0.0182408
-33.3009  1.3464  5.38559  0.000234167  0.0298003
-21.9911  1.3464  5.38559  0.000520388  0.0447096
-15.708  1.3464  5.38559  0.0009724  0.0616906
-10.6814  1.3464  5.38559  0.00191278  0.0880339
-9.42478  1.3464  5.38559  0.00235341  0.098373
-8.16814  1.3464  5.38559  0.0029567  0.111323
-6.9115  1.3464  5.38559  0.00380904  0.127962
-5.65487  1.3464  5.38559  0.00505918  0.150033
-4.39823  1.3464  5.38559  0.00697784  0.180538
-3.14159  1.3464  5.38559  0.0100985  0.225242
-1.88496  1.3464  5.38559  0.0156727  0.298026
-0.628319  1.3464  5.38559  0.0285239  0.464735
0.628319  1.3464  5.38559  0.0285239  -0.464735
1.88496  1.3464  5.38559  0.0156727  -0.298026
3.14159  1.3464  5.38559  0.0100985  -0.225242
4.39823  1.3464  5.38559  0.00697786  -0.180538
5.65487  1.3464  5.38559  0.00505919  -0.150033
6.9115  1.3464  5.38559  0.00380903  -0.127962
8.16814  1.3464  5.38559  0.0029567  -0.111323
10.6814  1.3464  5.38559  0.00191284  -0.0880339
13.1947  1.3464  5.38559  0.00132881  -0.0726086
18.2212  1.3464  5.38559  0.000740506  -0.0535788
27.0177  1.3464  5.38559  0.000351229  -0.0365912
54.6637  1.3464  5.38559  8.83517e-05  -0.0182408
-33.3009  1.3464  5.83439  0.000234167  0.0298003
-21.9911  1.3464  5.83439  0.000520388  0.0447096
-15.708  1.3464  5.83439  0.0009724  0.0616906
-10.6814  1.3464  5.83439  0.00191278  0.0880339
-9.42478  1.3464  5.83439  0.00235341  0.098373
-8.16814  1.3464  5.83439  0.0029567  0.111323
-6.9115  1.3464  5.83439  0.00380904  0.127962
-5.65487  1.3464  5.83439  0.00505918  0.150033
-4.39823  1.3464  5.83439  0.00697784  0.180538
-3.14159  1.3464  5.83439  0.0100985  0.225242
-1.88496  1.3464  5.83439  0.0156727  0.298026
-0.628319  1.3464  5.83439  0.0285239  0.464735
0.628319  1.3464  5.83439  0.0285239  -0.464735
1.88496  1.3464  5.83439  0.0156727  -0.298026
3.14159  1.3464  5.83439  0.0100985  -0.225242
4.39823  1.3464  5.83439  0.00697786  -0.180538
5.65487  1.3464  5.83439  0.00505919  -0.150033
6.9115  1.3464  5.83439  0.00380903  -0.127962
8.16814  1.3464  5.83439  0.0029567  -0.111323
10.6814  1.3464  5.83439  0.00191284  -0.0880339
13.1947  1.3464  5.83439  0.00132881  -0.0726086
18.2212  1.3464  5.83439  0.000740506  -0.0535788
27.0177  1.3464  5.83439  0.000351229  -0.0365912
54.6637  1.3464  5.83439  8.83517e-05  -0.0182408
-33.3009  1.3464  6.28319  0.000234167  0.0298003
-21.9911  1.3464  6.28319  0.000520388  0.0447096
-15.708  1.3464  6.28319  0.0009724  0.0616906
-10.6814  1.3464  6.28319  0.00191278  0.0880339
-9.42478  1.3464  6.28319  0.00235341  0.098373
-8.16814  1.3464  6.28319  0.0029567  0.111323
-6.9115  1.3464  6.28319  0.00380904  0.127962
-5.65487  1.3464  6.28319  0.00505918  0.150033
-4.39823  1.3464  6.28319  0.00697784  0.180538
-3.14159  1.3464  6.28319  0.0100985  0.225242
-1.88496  1.3464  6.28319  0.0156727  0.298026
-0.628319  1.3464  6.28319  0.0285239  0.464735
0.628319  1.3464  6.28319  0.0285239  -0.464735
1.88496  1.3464  6.28319  0.0156727  -0.298026
3.14159  1.3464  6.28319  0.0100985  -0.225242
4.39823  1.3464  6.28319  0.00697786  -0.180538
5.65487  1.3464  6.28319  0.00505919  -0.150033
6.9115  1.3464  6.28319  0.00380903  -0.127962
8.16814  1.3464  6.28319  0.0029567  -0.111323
10.6814  1.3464  6.28319  0.00191284  -0.0880339
13.1947  1.3464  6.28319  0.00132881  -0.0726086
18.2212  1.3464  6.28319  0.000740506  -0.0535788
27.0177  1.3464  6.28319  0.000351229  -0.0365912
54.6637  1.3464  6.28319  8.83517e-05  -0.0182408
-33.3009  1.7952  0  0.000234167  0.0298003
-21.9911  1.7952  0  0.000520388  0.0447096
-15.708  1.7952  0  0.0009724  0.0616906
-10.6814  1.7952  0  0.00191278  0.0880339
-9.42478  1.7952  0  0.00235341  0.098373
-8.16814  1.7952  0  0.0029567  0.111323
-6.9115  1.7952  0  0.00380904  0.127962
-5.65487  1.7952  0  0.00505918  0.150033
-4.39823  1.7952  0  0.00697784  0.180538
-3.14159  1.7952  0  0.0100985  0.225242
-1.88496  1.7952  0  0.0156727  0.298026
-0.628319  1.7952  0  0.0285239  0.464735
0.628319  1.7952  0  0.0285239  -0.464735
1.88496  1.7952  0  0.0156727  -0.298026
3.14159  1.7952  0  0.0100985  -0.225242
4.39823  1.7952  0  0.00697786  -0.180538
5.65487  1.7952  0  0.00505919  -0.150033
6.9115  1.7952  0  0.00380903  -0.127962
8.16814  1.7952  0  0.0029567  -0.111323
10.6814  1.7952  0  0.00191284  -0.0880339
13.1947  1.7952  0  0.00132881  -0.0726086
18.2212  1.7952  0  0.000740506  -0.0535788
27.0177  1.7952  0  0.000351229  -0.0365912
54.6637  1.7952  0  8.83517e-05  -0.0182408
-33.3009  1.7952  0.448799  0.000234167  0.0298003
-21.9911  1.7952  0.448799  0.000520388  0.0447096
-15.708  1.7952  0.448799  0.0009724  0.0616906
-10.6814  1.7952  0.448799  0.00191278  0.0880339
-9.42478  1.7952  0.448799  0.00235341  0.098373
-8.16814  1.7952  0.448799  0.0029567  0.111323
-6.9115  1.7952  0.448799  0.00380904  0.127962
-5.65487  1.7952  0.448799  0.00505918  0.150033
-4.39823  1.7952  0.448799  0.00697784  0.180538
-3.14159  1.7952  0.448799  0.0100985  0.225242
-1.88496  1.7952  0.448799  0.0156727  0.298026
-0.628319  1.7952  0.448799  0.0285239  0.464735
0.628319  1.7952  0.448799  0.0285239  -0.464735
1.88496  1.7952  0.448799  0.0156727  -0.298026
3.14159  1.7952  0.448799  0.0100985  -0.225242
4.39823  1.7952  0.448799  0.00697786  -0.180538
5.65487  1.7952  0.448799  0.00505919  -0.150033
6.9115  1.7952  0.448799  0.00380903  -0.127962
8.16814  1.7952  0.448799  0.0029567  -0.111323
10.6814  1.7952  0.448799  0.00191284  -0.0880339
13.1947  1.7952  0.448799  0.00132881  -0.0726086
18.2212  1.7952  0.448799  0.000740506  -0.0535788
27.0177  1.7952  0.448799  0.000351229  -0.0365912
54.6637  1.7952  0.448799  8.83517e-05  -0.0182408
-33.3009  1.7952  0.897598  0.000234167  0.0298003
-21.9911  1.7952  0.897598  0.000520388  0.0447096
-15.708  1.7952  0.897598  0.0009724  0.0616906
-10.6814  1.7952  0.897598  0.00191278  0.0880339
-9.42478  1.7952  0.897598  0.00235341  0.098373
-8.16814  1.7952  0.897598  0.0029567  0.111323
-6.9115  1.7952  0.897598  0.00380904  0.127962
-5.65487  1.7952  0.897598  0.00505918  0.150033
-4.39823  1.7952  0.897598  0.00697784  0.180538
-3.14159  1.7952  0.897598  0.0100985  0.225242
-1.88496  1.7952  0.897598  0.0156727  0.298026
-0.628319  1.7952  0.897598  0.0285239  0.464735
0.628319  1.7952  0.897598  0.0285239  -0.464735
1.88496  1.7952  0.897598  0.0156727  -0.298026
3.14159  1.7952  0.897598  0.0100985  -0.225242
4.39823  1.7952  0.897598  0.00697786  -0.180538
5.65487  1.7952  0.897598  0.00505919  -0.150033
6.9115  1.7952  0.897598  0.00380903  -0.127962
8.16814  1.7952  0.897598  0.0029567  -0.111323
10.6814  1.7952  0.897598  0.00191284  -0.0880339
13.1947  1.7952  0.897598  0.00132881  -0.0726086
18.2212  1.7952  0.897598  0.000740506  -0.0535788
27.0177  1.7952  0.897598  0.000351229  -0.0365912
54.6637  1.7952  0.897598  8.83517e-05  -0.0182408
-33.3009  1.7952  1.3464  0.000234167  0.0298003
-21.9911  1.7952  1.3464  0.000520388  0.0447096
-15.708  1.7952  1.3464  0.0009724  0.0616906
-10.6814  1.7952  1.3464  0.00191278  0.0880339
-9.42478  1.7952  1.3464  0.00235341  0.098373
-8.16814  1.7952  1.3464  0.0029567  0.111323
-6.9115  1.7952  1.3464  0.00380904  0.127962
-5.65487  1.7952  1.3464  0.00505918  0.150033
-4.39823  1.7952  1.3464  0.00697784  0.180538
-3.14159  1.7952  1.3464  0.0100985  0.225242
-1.88496  1.7952  1.3464  0.0156727  0.298026
-0.628319  1.7952  1.3464  0.0285239  0.464735
0.628319  1.7952  1.3464  0.0285239  -0.464735
1.88496  1.7952  1.3464  0.0156727  -0.298026
3.14159  1.7952  1.3464  0.0100985  -0.225242
4.39823  1.7952  1.3464  0.00697786  -0.180538
5.65487  1.7952  1.3464  0.00505919  -0.150033
6.9115  1.7952  1.3464  0.00380903  -0.127962
8.16814  1.7952  1.3464  0.0029567  -0.111323
10.6814  1.7952  1.3464  0.00191284  -0.0880339
13.1947  1.7952  1.3464  0.00132881  -0.0726086
18.2212  1.7952  1.3464  0.000740506  -0.0535788
27.0177  1.7952  1.3464  0.000351229  -0.0365912
54.6637  1.7952  1.3464  8.83517e-05  -0.0182408
-33.3009  1.7952  1.7952  0.000234167  0.0298003
-21.9911  1.7952  1.7952  0.000520388  0.0447096
-15.708  1.7952  1.7952  0.0009724  0.0616906
-10.6814  1.7952  1.7952  0.00191278  0.0880339
-9.42478  1.7952  1.7952  0.00235341  0.098373
-8.16814  1.7952  1.7952  0.0029567  0.111323
-6.9115  1.7952  1.7952  0.00380904  0.127962
-5.65487  1.7952  1.7952  0.00505918  0.150033
-4.39823  1.7952  1.7952  0.00697784  0.180538
-3.14159  1.7952  1.7952  0.0100985  0.225242
-1.88496  1.7952  1.7952  0.0156727  0.298026
-0.628319  1.7952  1.7952  0.0285239  0.464735
0.628319  1.7952  1.7952  0.0285239  -0.464735
1.88496  1.7952  1.7952  0.0156727  -0.298026
3.14159  1.7952  1.7952  0.0100985  -0.225242
4.39823  1.7952  1.7952  0.00697786  -0.180538
5.65487  1.7952  1.7952  0.00505919  -0.150033
6.9115  1.7952  1.7952  0.00380903  -0.127962
8.16814  1.7952  1.7952  0.0029567  -0.111323
10.6814  1.7952  1.7952  0.00191284  -0.0880339
13.1947  1.7952  1.7952  0.00132881  -0.0726086
18.2212  1.7952  1.7952  0.000740506  -0.0535788
27.0177  1.7952  1.7952  0.000351229  -0.0365912
54.6637  1.7952  1.7952  8.83517e-05  -0.0182408
-33.3009  1.7952  2.24399  0.000234167  0.0298003
-21.9911  1.7952  2.24399  0.000520388  0.0447096
-15.708  1.7952  2.24399  0.0009724  0.0616906
-10.6814  1.7952  2.24399  0.00191278  0.0880339
-9.42478  1.7952  2.24399  0.00235341  0.098373
-8.16814  1.7952  2.24399  0.0029567  0.111323
-6.9115  1.7952  2.24399  0.00380904  0.127962
-5.65487  1.7952  2.24399  0.00505918  0.150033
-4.39823  1.7952  2.24399  0.00697784  0.180538
-3.14159  1.7952  2.24399  0.0100985  0.225242
-1.88496  1.7952  2.24399  0.0156727  0.298026
-0.628319  1.7952  2.24399  0.0285239  0.464735
0.628319  1.7952  2.24399  0.0285239  -0.464735
1.88496  1.7952  2.24399  0.0156727  -0.298026
3.14159  1.7952  2.24399  0.0100985  -0.225242
4.39823  1.7952  2.24399  0.00697786  -0.180538
5.65487  1.7952  2.24399  0.00505919  -0.150033
6.9115  1.7952  2.24399  0.00380903  -0.127962
8.16814  1.7952  2.24399  0.0029567  -0.111323
10.6814  1.7952  2.24399  0.00191284  -0.0880339
13.1947  1.7952  2.24399  0.00132881  -0.0726086
18.2212  1.7952  2.24399  0.000740506  -0.0535788
27.0177  1.7952  2.24399  0.000351229  -0.0365912
54.6637  1.7952  2.24399  8.83517e-05  -0.0182408
-33.3009  1.7952  2.69279  0.000234167  0.0298003
-21.9911  1.7952  2.69279  0.000520388  0.0447096
-15.708  1.7952  2.69279  0.0009724  0.0616906
-10.6814  1.7952  2.69279  0.00191278  0.0880339
-9.42478  1.7952  2.69279  0.00235341  0.098373
-8.16814  1.7952  2.69279  0.0029567  0.111323
-6.9115  1.7952  2.69279  0.00380904  0.127962
-5.65487  1.7952  2.69279  0.00505918  0.150033
-4.39823  1.7952  2.69279  0.00697784  0.180538
-3.14159  1.7952  2.69279  0.0100985  0.225242
-1.88496  1.7952  2.69279  0.0156727  0.298026
-0.628319  1.7952  2.69279  0.0285239  0.464735
0.628319  1.7952  2.69279  0.0285239  -0.464735
1.88496  1.7952  2.69279  0.0156727  -0.298026
3.14159  1.7952  2.69279  0.0100985  -0.225242
4.39823  1.7952  2.69279  0.00697786  -0.180538
5.65487  1.7952  2.69279  0.00505919  -0.150033
6.9115  1.7952  2.69279  0.00380903  -0.127962
8.16814  1.7952  2.69279  0.0029567  -0.111323
10.6814  1.7952  2.69279  0.00191284  -0.0880339
13.1947  1.7952  2.69279  0.00132881  -0.0726086
18.2212  1.7952  2.69279  0.000740506  -0.0535788
27.0177  1.7952  2.69279  0.000351229  -0.0365912
54.6637  1.7952  2.69279  8.83517e-05  -0.0182408
-33.3009  1.7952  3.14159  0.000234167  0.0298003
-21.9911  1.7952  3.14159  0.000520388  0.0447096
-15.708  1.7952  3.14159  0.0009724  0.0616906
-10.6814  1.7952  3.14159  0.00191278  0.0880339
-9.42478  1.7952  3.14159  0.00235341  0.098373
-8.16814  1.7952  3.14159  0.0029567  0.111323
-6.9115  1.7952  3.14159  0.00380904  0.127962
-5.65487  1.7952  3.14159  0.00505918  0.150033
-4.39823  1.7952  3.14159  0.00697784  0.180538
-3.14159  1.7952  3.14159  0.0100985  0.225242
-1.88496  1.7952  3.14159  0.0156727  0.298026
-0.628319  1.7952  3.14159  0.0285239  0.464735
0.628319  1.7952  3.14159  0.0285239  -0.464735
1.88496  1.7952  3.14159  0.0156727  -0.298026
3.14159  1.7952  3.14159  0.0100985  -0.225242
4.39823  1.7952  3.14159  0.00697786  -0.180538
5.65487  1.7952  3.14159  0.00505919  -0.150033
6.9115  1.7952  3.14159  0.00380903  -0.127962
8.16814  1.7952  3.14159  0.0029567  -0.111323
10.6814  1.7952  3.14159  0.00191284  -0.0880339
13.1947  1.7952  3.14159  0.00132881  -0.0726086
18.2212  1.7952  3.14159  0.000740506  -0.0535788
27.0177  1.7952  3.14159  0.000351229  -0.0365912
54.6637  1.7952  3.14159  8.83517e-05  -0.0182408
-33.3009  1.7952  3.59039  0.000234167  0.0298003
-21.9911  1.7952  3.59039  0.000520388  0.0447096
-15.708  1.7952  3.59039  0.0009724  0.0616906
-10.6814  1.7952  3.59039  0.00191278  0.0880339
-9.42478  1.7952  3.59039  0.00235341  0.098373
-8.16814  1.7952  3.59039  0.0029567  0.111323
-6.9115  1.7952  3.59039  0.00380904  0.127962
-5.65487  1.7952  3.59039  0.00505918  0.150033
-4.39823  1.7952  3.59039  0.00697784  0.180538
-3.14159  1.7952  3.59039  0.0100985  0.225242
-1.88496  1.7952  3.59039  0.0156727  0.298026
-0.628319  1.7952  3.59039  0.0285239  0.464735
0.628319  1.7952  3.59039  0.0285239  -0.464735
1.88496  1.7952  3.59039  0.0156727  -0.298026
3.14159  1.7952  3.59039  0.0100985  -0.225242
4.39823  1.7952  3.59039  0.00697786  -0.180538
5.65487  1.7952  3.59039  0.00505919  -0.150033
6.9115  1.7952  3.59039  0.00380903  -0.127962
8.16814  1.7952  3.59039  0.0029567  -0.111323
10.6814  1.7952  3.59039  0.00191284  -0.0880339
13.1947  1.7952  3.59039  0.00132881  -0.0726086
18.2212  1.7952  3.59039  0.000740506  -0.0535788
27.0177  1.7952  3.59039  0.000351229  -0.0365912
54.6637  1.7952  3.59039  8.83517e-05  -0.0182408
-33.3009  1.7952  4.03919  0.000234167  0.0298003
-21.9911  1.7952  4.03919  0.000520388  0.0447096
-15.708  1.7952  4.03919  0.0009724  0.0616906
-10.6814  1.7952  4.03919  0.00191278  0.0880339
-9.42478  1.7952  4.03919  0.00235341  0.098373
-8.16814  1.7952  4.03919  0.0029567  0.111323
-6.9115  1.7952  4.03919  0.00380904  0.127962
-5.65487  1.7952  4.03919  0.00505918  0.150033
-4.39823  1.7952  4.03919  0.00697784  0.180538
-3.14159  1.7952  4.03919  0.0100985  0.225242
-1.88496  1.7952  4.03919  0.0156727  0.298026
-0.628319  1.7952  4.03919  0.0285239  0.464735
0.628319  1.7952  4.03919  0.0285239  -0.464735
1.88496  1.7952  4.03919  0.0156727  -0.298026
3.14159  1.7952  4.03919  0.0100985  -0.225242
4.39823  1.7952  4.03919  0.00697786  -0.180538
5.65487  1.7952  4.03919  0.00505919  -0.150033
6.9115  1.7952  4.03919  0.00380903  -0.127962
8.16814  1.7952  4.03919  0.0029567  -0.111323
10.6814  1.7952  4.03919  0.00191284  -0.0880339
13.1947  1.7952  4.03919  0.00132881  -0.0726086
18.2212  1.7952  4.03919  0.000740506  -0.0535788
27.0177  1.7952  4.03919  0.000351229  -0.0365912
54.6637  1.7952  4.03919  8.83517e-05  -0.0182408
-33.3009  1.7952  4.48799  0.000234167  0.0298003
-21.9911  1.7952  4.48799  0.000520388  0.0447096
-15.708  1.7952  4.48799  0.0009724  0.0616906
-10.6814  1.7952  4.48799  0.00191278  0.0880339
-9.42478  1.7952  4.48799  0.00235341  0.098373
-8.16814  1.7952  4.48799  0.0029567  0.111323
-6.9115  1.7952  4.48799  0.00380904  0.127962
-5.65487  1.7952  4.48799  0.00505918  0.150033
-4.39823  1.7952  4.48799  0.00697784  0.180538
-3.14159  1.7952  4.48799  0.0100985  0.225242
-1.88496  1.7952  4.48799  0.0156727  0.298026
-0.628319  1.7952  4.48799  0.0285239  0.464735
0.628319  1.7952  4.48799  0.0285239  -0.464735
1.88496  1.7952  4.48799  0.0156727  -0.298026
3.14159  1.7952  4.48799  0.0100985  -0.225242
4.39823  1.7952  4.48799  0.00697786  -0.180538
5.65487  1.7952  4.48799  0.00505919  -0.150033
6.9115  1.7952  4.48799  0.00380903  -0.127962
8.16814  1.7952  4.48799  0.0029567  -0.111323
10.6814  1.7952  4.48799  0.00191284  -0.0880339
13.1947  1.7952  4.48799  0.00132881  -0.0726086
18.2212  1.7952  4.48799  0.000740506  -0.0535788
27.0177  1.7952  4.48799  0.000351229  -0.0365912
54.6637  1.7952  4.48799  8.83517e-05  -0.0182408
-33.3009  1.7952  4.93679  0.000234167  0.0298003
-21.9911  1.7952  4.93679  0.000520388  0.0447096
-15.708  1.7952  4.93679  0.0009724  0.0616906
-10.6814  1.7952  4.93679  0.00191278  0.0880339
-9.42478  1.7952  4.93679  0.00235341  0.098373
-8.16814  1.7952  4.93679  0.0029567  0.111323
-6.9115  1.7952  4.93679  0.00380904  0.127962
-5.65487  1.7952  4.93679  0.00505918  0.150033
-4.39823  1.7952  4.93679  0.00697784  0.180538
-3.14159  1.7952  4.93679  0.0100985  0.225242
-1.88496  1.7952  4.93679  0.0156727  0.298026
-0.628319  1.7952  4.93679  0.0285239  0.464735
0.628319  1.7952  4.93679  0.0285239  -0.464735
1.88496  1.7952  4.93679  0.0156727  -0.298026
3.14159  1.7952  4.93679  0.0100985  -0.225242
4.39823  1.7952  4.93679  0.00697786  -0.180538
5.65487  1.7952  4.93679  0.00505919  -0.150033
6.9115  1.7952  4.93679  0.00380903  -0.127962
8.16814  1.7952  4.93679  0.0029567  -0.111323
10.6814  1.7952  4.93679  0.00191284  -0.0880339
13.1947  1.7952  4.93679  0.00132881  -0.0726086
18.2212  1.7952  4.93679  0.000740506  -0.0535788
27.0177  1.7952  4.93679  0.000351229  -0.0365912
54.6637  1.7952  4.93679  8.83517e-05  -0.0182408
-33.3009  1.7952  5.38559  0.000234167  0.0298003
-21.9911  1.7952  5.38559  0.000520388  0.0447096
-15.708  1.7952  5.38559  0.0009724  0.0616906
-10.6814  1.7952  5.38559  0.00191278  0.0880339
-9.42478  1.7952  5.38559  0.00235341  0.098373
-8.16814  1.7952  5.38559  0.0029567  0.111323
-6.9115  1.7952  5.38559  0.00380904  0.127962
-5.65487  1.7952  5.38559  0.00505918  0.150033
-4.39823  1.7952  5.38559  0.00697784  0.180538
-3.14159  1.7952  5.38559  0.0100985  0.225242
-1.88496  1.7952  5.38559  0.0156727  0.298026
-0.628319  1.7952  5.38559  0.0285239  0.464735
0.628319  1.7952  5.38559  0.0285239  -0.464735
1.88496  1.7952  5.38559  0.0156727  -0.298026
3.14159  1.7952  5.38559  0.0100985  -0.225242
4.39823  1.7952  5.38559  0.00697786  -0.180538
5.65487  1.7952  5.38559  0.00505919  -0.150033
6.9115  1.7952  5.38559  0.00380903  -0.127962
8.16814  1.7952  5.38559  0.0029567  -0.111323
10.6814  1.7952  5.38559  0.00191284  -0.0880339
13.1947  1.7952  5.38559  0.00132881  -0.0726086
18.2212  1.7952  5.38559  0.000740506  -0.0535788
27.0177  1.7952  5.38559  0.000351229  -0.0365912
54.6637  1.7952  5.38559  8.83517e-05  -0.0182408
-33.3009  1.7952  5.83439  0.000234167  0.0298003
-21.9911  1.7952  5.83439  0.000520388  0.0447096
-15.708  1.7952  5.83439  0.0009724  0.0616906
-10.6814  1.7952  5.83439  0.00191278  0.0880339
-9.42478  1.7952  5.83439  0.00235341  0.098373
-8.16814  1.7952  5.83439  0.0029567  0.111323
-6.9115  1.7952  5.83439  0.00380904  0.127962
-5.65487  1.7952  5.83439  0.00505918  0.150033
-4.39823  1.7952  5.83439  0.00697784  0.180538
-3.14159  1.7952  5.83439  0.0100985  0.225242
-1.88496  1.7952  5.83439  0.0156727  0.298026
-0.628319  1.7952  5.83439  0.0285239  0.464735
0.628319  1.7952  5.83439  0.0285239  -0.464735
1.88496  1.7952  5.83439  0.0156727  -0.298026
3.14159  1.7952  5.83439  0.0100985  -0.225242
4.39823  1.7952  5.83439  0.00697786  -0.180538
5.65487  1.7952  5.83439  0.00505919  -0.150033
6.9115  1.7952  5.83439  0.00380903  -0.127962
8.16814  1.7952  5.83439  0.0029567  -0.111323
10.6814  1.7952  5.83439  0.00191284  -0.0880339
13.1947  1.7952  5.83439  0.00132881  -0.0726086
18.2212  1.7952  5.83439  0.000740506  -0.0535788
27.0177  1.7952  5.83439  0.000351229  -0.0365912
54.6637  1.7952  5.83439  8.83517e-05  -0.0182408
-33.3009  1.7952  6.28319  0.000234167  0.0298003
-21.9911  1.7952  6.28319  0.000520388  0.0447096
-15.708  1.7952  6.28319  0.0009724  0.0616906
-10.6814  1.7952  6.28319  0.00191278  0.0880339
-9.42478  1.7952  6.28319  0.00235341  0.098373
-8.16814  1.7952  6.28319  0.0029567  0.111323
-6.9115  1.7952  6.28319  0.00380904  0.127962
-5.65487  1.7952  6.28319  0.00505918  0.150033
-4.39823  1.7952  6.28319  0.00697784  0.180538
-3.14159  1.7952  6.28319  0.0100985  0.225242
-1.88496  1.7952  6.28319  0.0156727  0.298026
-0.628319  1.7952  6.28319  0.0285239  0.464735
0.628319  1.7952  6.28319  0.0285239  -0.464735
1.88496  1.7952  6.28319  0.0156727  -0.298026
3.14159  1.7952  6.28319  0.0100985  -0.225242
4.39823  1.7952  6.28319  0.00697786  -0.180538
5.65487  1.7952  6.28319  0.00505919  -0.150033
6.9115  1.7952  6.28319  0.00380903  -0.127962
8.16814  1.7952  6.28319  0.0029567  -0.111323
10.6814  1.7952  6.28319  0.00191284  -0.0880339
13.1947  1.7952  6.28319  0.00132881  -0.0726086
18.2212  1.7952  6.28319  0.000740506  -0.0535788
27.0177  1.7952  6.28319  0.000351229  -0.0365912
54.6637  1.7952  6.28319  8.83517e-05  -0.0182408
-33.3009  2.24399  0  0.000234167  0.0298003
-21.9911  2.24399  0  0.000520388  0.0447096
-15.708  2.24399  0  0.0009724  0.0616906
-10.6814  2.24399  0  0.00191278  0.0880339
-9.42478  2.24399  0  0.00235341  0.098373
-8.16814  2.24399  0  0.0029567  0.111323
-6.9115  2.24399  0  0.00380904  0.127962
-5.65487  2.24399  0  0.00505918  0.150033
-4.39823  2.24399  0  0.00697784  0.180538
-3.14159  2.24399  0  0.0100985  0.225242
-1.88496  2.24399  0  0.0156727  0.298026
-0.628319  2.24399  0  0.0285239  0.464735
0.628319  2.24399  0  0.0285239  -0.464735
1.88496  2.24399  0  0.0156727  -0.298026
3.14159  2.24399  0  0.0100985  -0.225242
4.39823  2.24399  0  0.00697786  -0.180538
5.65487  2.24399  0  0.00505919  -0.150033
6.9115  2.24399  0  0.00380903  -0.127962
8.16814  2.24399  0  0.0029567  -0.111323
10.6814  2.24399  0  0.00191284  -0.0880339
13.1947  2.24399  0  0.00132881  -0.0726086
18.2212  2.24399  0  0.000740506  -0.0535788
27.0177  2.24399  0  0.000351229  -0.0365912
54.6637  2.24399  0  8.83517e-05  -0.0182408
-33.3009  2.24399  0.448799  0.000234167  0.0298003
-21.9911  2.24399  0.448799  0.000520388  0.0447096
-15.708  2.24399  0.448799  0.0009724  0.0616906
-10.6814  2.24399  0.448799  0.00191278  0.0880339
-9.42478  2.24399  0.448799  0.00235341  0.098373
-8.16814  2.24399  0.448799  0.0029567  0.111323
-6.9115  2.24399  0.448799  0.00380904  0.127962
-5.65487  2.24399  0.448799  0.00505918  0.150033
-4.39823  2.24399  0.448799  0.00697784  0.180538
-3.14159  2.24399  0.448799  0.0100985  0.225242
-1.88496  2.24399  0.448799  0.0156727  0.298026
-0.628319  2.24399  0.448799  0.0285239  0.464735
0.628319  2.24399  0.448799  0.0285239  -0.464735
1.88496  2.24399  0.448799  0.0156727  -0.298026
3.14159  2.24399  0.448799  0.0100985  -0.225242
4.39823  2.24399  0.448799  0.00697786  -0.180538
5.65487  2.24399  0.448799  0.00505919  -0.150033
6.9115  2.24399  0.448799  0.00380903  -0.127962
8.16814  2.24399  0.448799  0.0029567  -0.111323
10.6814  2.24399  0.448799  0.00191284  -0.0880339
13.1947  2.24399  0.448799  0.00132881  -0.0726086
18.2212  2.24399  0.448799  0.000740506  -0.0535788
27.0177  2.24399  0.448799  0.000351229  -0.0365912
54.6637  2.24399  0.448799  8.83517e-05  -0.0182408
-33.3009  2.24399  0.897598  0.000234167  0.0298003
-21.9911  2.24399  0.897598  0.000520388  0.0447096
-15.708  2.24399  0.897598  0.0009724  0.0616906
-10.6814  2.24399  0.897598  0.00191278  0.0880339
-9.42478  2.24399  0.897598  0.00235341  0.098373
-8.16814  2.24399  0.897598  0.0029567  0.111323
-6.9115  2.24399  0.897598  0.00380904  0.127962
-5.65487  2.24399  0.897598  0.00505918  0.150033
-4.39823  2.24399  0.897598  0.00697784  0.180538
-3.14159  2.24399  0.897598  0.0100985  0.225242
-1.88496  2.24399  0.897598  0.0156727  0.298026
-0.628319  2.24399  0.897598  0.0285239  0.464735
0.628319  2.24399  0.897598  0.0285239  -0.464735
1.88496  2.24399  0.897598  0.0156727  -0.298026
3.14159  2.24399  0.897598  0.0100985  -0.225242
4.39823  2.24399  0.897598  0.00697786  -0.180538
5.65487  2.24399  0.897598  0.00505919  -0.150033
6.9115  2.24399  0.897598  0.00380903  -0.127962
8.16814  2.24399  0.897598  0.0029567  -0.111323
10.6814  2.24399  0.897598  0.00191284  -0.0880339
13.1947  2.24399  0.897598  0.00132881  -0.0726086
18.2212  2.24399  0.897598  0.000740506  -0.0535788
27.0177  2.24399  0.897598  0.000351229  -0.0365912
54.6637  2.24399  0.897598  8.83517e-05  -0.0182408
-33.3009  2.24399  1.3464  0.000234167  0.0298003
-21.9911  2.24399  1.3464  0.000520388  0.0447096
-15.708  2.24399  1.3464  0.0009724  0.0616906
-10.6814  2.24399  1.3464  0.00191278  0.0880339
-9.42478  2.24399  1.3464  0.00235341  0.098373
-8.16814  2.24399  1.3464  0.0029567  0.111323
-6.9115  2.24399  1.3464  0.00380904  0.127962
-5.65487  2.24399  1.3464  0.00505918  0.150033
-4.39823  2.24399  1.3464  0.00697784  0.180538
-3.14159  2.24399  1.3464  0.0100985  0.225242
-1.88496  2.24399  1.3464  0.0156727  0.298026
-0.628319  2.24399  1.3464  0.0285239  0.464735
0.628319  2.24399  1.3464  0.0285239  -0.464735
1.88496  2.24399  1.3464  0.0156727  -0.298026
3.14159  2.24399  1.3464  0.0100985  -0.225242
4.39823  2.24399  1.3464  0.00697786  -0.180538
5.65487  2.24399  1.3464  0.00505919  -0.150033
6.9115  2.24399  1.3464  0.00380903  -0.127962
8.16814  2.24399  1.3464  0.0029567  -0.111323
10.6814  2.24399  1.3464  0.00191284  -0.0880339
13.1947  2.24399  1.3464  0.00132881  -0.0726086
18.2212  2.24399  1.3464  0.000740506  -0.0535788
27.0177  2.24399  1.3464  0.000351229  -0.0365912
54.6637  2.24399  1.3464  8.83517e-05  -0.0182408
-33.3009  2.24399  1.7952  0.000234167  0.0298003
-21.9911  2.24399  1.7952  0.000520388  0.0447096
-15.708  2.24399  1.7952  0.0009724  0.0616906
-10.6814  2.24399  1.7952  0.00191278  0.0880339
-9.42478  2.24399  1.7952  0.00235341  0.098373
-8.16814  2.24399  1.7952  0.0029567  0.111323
-6.9115  2.24399  1.7952  0.00380904  0.127962
-5.65487  2.24399  1.7952  0.00505918  0.150033
-4.39823  2.24399  1.7952  0.00697784  0.180538
-3.14159  2.24399  1.7952  0.0100985  0.225242
-1.88496  2.24399  1.7952  0.0156727  0.298026
-0.628319  2.24399  1.7952  0.0285239  0.464735
0.628319  2.24399  1.7952  0.0285239  -0.464735
1.88496  2.24399  1.7952  0.0156727  -0.298026
3.14159  2.24399  1.7952  0.0100985  -0.225242
4.39823  2.24399  1.7952  0.00697786  -0.180538
5.65487  2.24399  1.7952  0.00505919  -0.150033
6.9115  2.24399  1.7952  0.00380903  -0.127962
8.16814  2.24399  1.7952  0.0029567  -0.111323
10.6814  2.24399  1.7952  0.00191284  -0.0880339
13.1947  2.24399  1.7952  0.00132881  -0.0726086
18.2212  2.24399  1.7952  0.000740506  -0.0535788
27.0177  2.24399  1.7952  0.000351229  -0.0365912
54.6637  2.24399  1.7952  8.83517e-05  -0.0182408
-33.3009  2.24399  2.24399  0.000234167  0.0298003
-21.9911  2.24399  2.24399  0.000520388  0.0447096
-15.708  2.24399  2.24399  0.0009724  0.0616906
-10.6814  2.24399  2.24399  0.00191278  0.0880339
-9.42478  2.24399  2.24399  0.00235341  0.098373
-8.16814  2.24399  2.24399  0.0029567  0.111323
-6.9115  2.24399  2.24399  0.00380904  0.127962
-5.65487  2.24399  2.24399  0.00505918  0.150033
-4.39823  2.24399  2.24399  0.00697784  0.180538
-3.14159  2.24399  2.24399  0.0100985  0.225242
-1.88496  2.24399  2.24399  0.0156727  0.298026
-0.628319  2.24399  2.24399  0.0285239  0.464735
0.628319  2.24399  2.24399  0.0285239  -0.464735
1.88496  2.24399  2.24399  0.0156727  -0.298026
3.14159  2.24399  2.24399  0.0100985  -0.225242
4.39823  2.24399  2.24399  0.00697786  -0.180538
5.65487  2.24399  2.24399  0.00505919  -0.150033
6.9115  2.24399  2.24399  0.00380903  -0.127962
8.16814  2.24399  2.24399  0.0029567  -0.111323
10.6814  2.24399  2.24399  0.00191284  -0.0880339
13.1947  2.24399  2.24399  0.00132881  -0.0726086
18.2212  2.24399  2.24399  0.000740506  -0.0535788
27.0177  2.24399  2.24399  0.000351229  -0.0365912
54.6637  2.24399  2.24399  8.83517e-05  -0.0182408
-33.3009  2.24399  2.69279  0.000234167  0.0298003
-21.9911  2.24399  2.69279  0.000520388  0.0447096
-15.708  2.24399  2.69279  0.0009724  0.0616906
-10.6814  2.24399  2.69279  0.00191278  0.0880339
-9.42478  2.24399  2.69279  0.00235341  0.098373
-8.16814  2.24399  2.69279  0.0029567  0.111323
-6.9115  2.24399  2.69279  0.00380904  0.127962
-5.65487  2.24399  2.69279  0.00505918  0.150033
-4.39823  2.24399  2.69279  0.00697784  0.180538
-3.14159  2.24399  2.69279  0.0100985  0.225242
-1.88496  2.24399  2.69279  0.0156727  0.298026
-0.628319  2.24399  2.69279  0.0285239  0.464735
0.628319  2.24399  2.69279  0.0285239  -0.464735
1.88496  2.24399  2.69279  0.0156727  -0.298026
3.14159  2.24399  2.69279  0.0100985  -0.225242
4.39823  2.24399  2.69279  0.00697786  -0.180538
5.65487  2.24399  2.69279  0.00505919  -0.150033
6.9115  2.24399  2.69279  0.00380903  -0.127962
8.16814  2.24399  2.69279  0.0029567  -0.111323
10.6814  2.24399  2.69279  0.00191284  -0.0880339
13.1947  2.24399  2.69279  0.00132881  -0.0726086
18.2212  2.24399  2.69279  0.000740506  -0.0535788
27.0177  2.24399  2.69279  0.000351229  -0.0365912
54.6637  2.24399  2.69279  8.83517e-05  -0.0182408
-33.3009  2.24399  3.14159  0.000234167  0.0298003
-21.9911  2.24399  3.14159  0.000520388  0.0447096
-15.708  2.24399  3.14159  0.0009724  0.0616906
-10.6814  2.24399  3.14159  0.00191278  0.0880339
-9.42478  2.24399  3.14159  0.00235341  0.098373
-8.16814  2.24399  3.14159  0.0029567  0.111323
-6.9115  2.24399  3.14159  0.00380904  0.127962
-5.65487  2.24399  3.14159  0.00505918  0.150033
-4.39823  2.24399  3.14159  0.00697784  0.180538
-3.14159  2.24399  3.14159  0.0100985  0.225242
-1.88496  2.24399  3.14159  0.0156727  0.298026
-0.628319  2.24399  3.14159  0.0285239  0.464735
0.628319  2.24399  3.14159  0.0285239  -0.464735
1.88496  2.24399  3.14159  0.0156727  -0.298026
3.14159  2.24399  3.14159  0.0100985  -0.225242
4.39823  2.24399  3.14159  0.00697786  -0.180538
5.65487  2.24399  3.14159  0.00505919  -0.150033
6.9115  2.24399  3.14159  0.00380903  -0.127962
8.16814  2.24399  3.14159  0.0029567  -0.111323
10.6814  2.24399  3.14159  0.00191284  -0.0880339
13.1947  2.24399  3.14159  0.00132881  -0.0726086
18.2212  2.24399  3.14159  0.000740506  -0.0535788
27.0177  2.24399  3.14159  0.000351229  -0.0365912
54.6637  2.24399  3.14159  8.83517e-05  -0.0182408
-33.3009  2.24399  3.59039  0.000234167  0.0298003
-21.9911  2.24399  3.59039  0.000520388  0.0447096
-15.708  2.24399  3.59039  0.0009724  0.0616906
-10.6814  2.24399  3.59039  0.00191278  0.0880339
-9.42478  2.24399  3.59039  0.00235341  0.098373
-8.16814  2.24399  3.59039  0.0029567  0.111323
-6.9115  2.24399  3.59039  0.00380904  0.127962
-5.65487  2.24399  3.59039  0.00505918  0.150033
-4.39823  2.24399  3.59039  0.00697784  0.180538
-3.14159  2.24399  3.59039  0.0100985  0.225242
-1.88496  2.24399  3.59039  0.0156727  0.298026
-0.628319  2.24399  3.59039  0.0285239  0.464735
0.628319  2.24399  3.59039  0.0285239  -0.464735
1.88496  2.24399  3.59039  0.0156727  -0.298026
3.14159  2.24399  3.59039  0.0100985  -0.225242
4.39823  2.24399  3.59039  0.00697786  -0.180538
5.65487  2.24399  3.59039  0.00505919  -0.150033
6.9115  2.24399  3.59039  0.00380903  -0.127962
8.16814  2.24399  3.59039  0.0029567  -0.111323
10.6814  2.24399  3.59039  0.00191284  -0.0880339
13.1947  2.24399  3.59039  0.00132881  -0.0726086
18.2212  2.24399  3.59039  0.000740506  -0.0535788
27.0177  2.24399  3.59039  0.000351229  -0.0365912
54.6637  2.24399  3.59039  8.83517e-05  -0.0182408
-33.3009  2.24399  4.03919  0.000234167  0.0298003
-21.9911  2.24399  4.03919  0.000520388  0.0447096
-15.708  2.24399  4.03919  0.0009724  0.0616906
-10.6814  2.24399  4.03919  0.00191278  0.0880339
-9.42478  2.24399  4.03919  0.00235341  0.098373
-8.16814  2.24399  4.03919  0.0029567  0.111323
-6.9115  2.24399  4.03919  0.00380904  0.127962
-5.65487  2.24399  4.03919  0.00505918  0.150033
-4.39823  2.24399  4.03919  0.00697784  0.180538
-3.14159  2.24399  4.03919  0.0100985  0.225242
-1.88496  2.24399  4.03919  0.0156727  0.298026
-0.628319  2.24399  4.03919  0.0285239  0.464735
0.628319  2.24399  4.03919  0.0285239  -0.464735
1.88496  2.24399  4.03919  0.0156727  -0.298026
3.14159  2.24399  4.03919  0.0100985  -0.225242
4.39823  2.24399  4.03919  0.00697786  -0.180538
5.65487  2.24399  4.03919  0.00505919  -0.150033
6.9115  2.24399  4.03919  0.00380903  -0.127962
8.16814  2.24399  4.03919  0.0029567  -0.111323
10.6814  2.24399  4.03919  0.00191284  -0.0880339
13.1947  2.24399  4.03919  0.00132881  -0.0726086
18.2212  2.24399  4.03919  0.000740506  -0.0535788
27.0177  2.24399  4.03919  0.000351229  -0.0365912
54.6637  2.24399  4.03919  8.83517e-05  -0.0182408
-33.3009  2.24399  4.48799  0.000234167  0.0298003
-21.9911  2.24399  4.48799  0.000520388  0.0447096
-15.708  2.24399  4.48799  0.0009724  0.0616906
-10.6814  2.24399  4.48799  0.00191278  0.0880339
-9.42478  2.24399  4.48799  0.00235341  0.098373
-8.16814  2.24399  4.48799  0.0029567  0.111323
-6.9115  2.24399  4.48799  0.00380904  0.127962
-5.65487  2.24399  4.48799  0.00505918  0.150033
-4.39823  2.24399  4.48799  0.00697784  0.180538
-3.14159  2.24399  4.48799  0.0100985  0.225242
-1.88496  2.24399  4.48799  0.0156727  0.298026
-0.628319  2.24399  4.48799  0.0285239  0.464735
0.628319  2.24399  4.48799  0.0285239  -0.464735
1.88496  2.24399  4.48799  0.0156727  -0.298026
3.14159  2.24399  4.48799  0.0100985  -0.225242
4.39823  2.24399  4.48799  0.00697786  -0.180538
5.65487  2.24399  4.48799  0.00505919  -0.150033
6.9115  2.24399  4.48799  0.00380903  -0.127962
8.16814  2.24399  4.48799  0.0029567  -0.111323
10.6814  2.24399  4.48799  0.00191284  -0.0880339
13.1947  2.24399  4.48799  0.00132881  -0.0726086
18.2212  2.24399  4.48799  0.000740506  -0.0535788
27.0177  2.24399  4.48799  0.000351229  -0.0365912
54.6637  2.24399  4.48799  8.83517e-05  -0.0182408
-33.3009  2.24399  4.93679  0.000234167  0.0298003
-21.9911  2.24399  4.93679  0.000520388  0.0447096
-15.708  2.24399  4.93679  0.0009724  0.0616906
-10.6814  2.24399  4.93679  0.00191278  0.0880339
-9.42478  2.24399  4.93679  0.00235341  0.098373
-8.16814  2.24399  4.93679  0.0029567  0.111323
-6.9115  2.24399  4.93679  0.00380904  0.127962
-5.65487  2.24399  4.93679  0.00505918  0.150033
-4.39823  2.24399  4.93679  0.00697784  0.180538
-3.14159  2.24399  4.93679  0.0100985  0.225242
-1.88496  2.24399  4.93679  0.0156727  0.298026
-0.628319  2.24399  4.93679  0.0285239  0.464735
0.628319  2.24399  4.93679  0.0285239  -0.464735
1.88496  2.24399  4.93679  0.0156727  -0.298026
3.14159  2.24399  4.93679  0.0100985  -0.225242
4.39823  2.24399  4.93679  0.00697786  -0.180538
5.65487  2.24399  4.93679  0.00505919  -0.150033
6.9115  2.24399  4.93679  0.00380903  -0.127962
8.16814  2.24399  4.93679  0.0029567  -0.111323
10.6814  2.24399  4.93679  0.00191284  -0.0880339
13.1947  2.24399  4.93679  0.00132881  -0.0726086
18.2212  2.24399  4.93679  0.000740506  -0.0535788
27.0177  2.24399  4.93679  0.000351229  -0.0365912
54.6637  2.24399  4.93679  8.83517e-05  -0.0182408
-33.3009  2.24399  5.38559  0.000234167  0.0298003
-21.9911  2.24399  5.38559  0.000520388  0.0447096
-15.708  2.24399  5.38559  0.0009724  0.0616906
-10.6814  2.24399  5.38559  0.00191278  0.0880339
-9.42478  2.24399  5.38559  0.00235341  0.098373
-8.16814  2.24399  5.38559  0.0029567  0.111323
-6.9115  2.24399  5.38559  0.00380904  0.127962
-5.65487  2.24399  5.38559  0.00505918  0.150033
-4.39823  2.24399  5.38559  0.00697784  0.180538
-3.14159  2.24399  5.38559  0.0100985  0.225242
-1.88496  2.24399  5.38559  0.0156727  0.298026
-0.628319  2.24399  5.38559  0.0285239  0.464735
0.628319  2.24399  5.38559  0.0285239  -0.464735
1.88496  2.24399  5.38559  0.0156727  -0.298026
3.14159  2.24399  5.38559  0.0100985  -0.225242
4.39823  2.24399  5.38559  0.00697786  -0.180538
5.65487  2.24399  5.38559  0.00505919  -0.150033
6.9115  2.24399  5.38559  0.00380903  -0.127962
8.16814  2.24399  5.38559  0.0029567  -0.111323
10.6814  2.24399  5.38559  0.00191284  -0.0880339
13.1947  2.24399  5.38559  0.00132881  -0.0726086
18.2212  2.24399  5.38559  0.000740506  -0.0535788
27.0177  2.24399  5.38559  0.000351229  -0.0365912
54.6637  2.24399  5.38559  8.83517e-05  -0.0182408
-33.3009  2.24399  5.83439  0.000234167  0.0298003
-21.9911  2.24399  5.83439  0.000520388  0.0447096
-15.708  2.24399  5.83439  0.0009724  0.0616906
-10.6814  2.24399  5.83439  0.00191278  0.0880339
-9.42478  2.24399  5.83439  0.00235341  0.098373
-8.16814  2.24399  5.83439  0.0029567  0.111323
-6.9115  2.24399  5.83439  0.00380904  0.127962
-5.65487  2.24399  5.83439  0.00505918  0.150033
-4.39823  2.24399  5.83439  0.00697784  0.180538
-3.14159  2.24399  5.83439  0.0100985  0.225242
-1.88496  2.24399  5.83439  0.0156727  0.298026
-0.628319  2.24399  5.83439  0.0285239  0.464735
0.628319  2.24399  5.83439  0.0285239  -0.464735
1.88496  2.24399  5.83439  0.0156727  -0.298026
3.14159  2.24399  5.83439  0.0100985  -0.225242
4.39823  2.24399  5.83439  0.00697786  -0.180538
5.65487  2.24399  5.83439  0.00505919  -0.150033
6.9115  2.24399  5.83439  0.00380903  -0.127962
8.16814  2.24399  5.83439  0.0029567  -0.111323
10.6814  2.24399  5.83439  0.00191284  -0.0880339
13.1947  2.24399  5.83439  0.00132881  -0.0726086
18.2212  2.24399  5.83439  0.000740506  -0.0535788
27.0177  2.24399  5.83439  0.000351229  -0.0365912
54.6637  2.24399  5.83439  8.83517e-05  -0.0182408
-33.3009  2.24399  6.28319  0.000234167  0.0298003
-21.9911  2.24399  6.28319  0.000520388  0.0447096
-15.708  2.24399  6.28319  0.0009724  0.0616906
-10.6814  2.24399  6.28319  0.00191278  0.0880339
-9.42478  2.24399  6.28319  0.00235341  0.098373
-8.16814  2.24399  6.28319  0.0029567  0.111323
-6.9115  2.24399  6.28319  0.00380904  0.127962
-5.65487  2.24399  6.28319  0.00505918  0.150033
-4.39823  2.24399  6.28319  0.00697784  0.180538
-3.14159  2.24399  6.28319  0.0100985  0.225242
-1.88496  2.24399  6.28319  0.0156727  0.298026
-0.628319  2.24399  6.28319  0.0285239  0.464735
0.628319  2.24399  6.28319  0.0285239  -0.464735
1.88496  2.24399  6.28319  0.0156727  -0.298026
3.14159  2.24399  6.28319  0.0100985  -0.225242
4.39823  2.24399  6.28319  0.00697786  -0.180538
5.65487  2.24399  6.28319  0.00505919  -0.150033
6.9115  2.24399  6.28319  0.00380903  -0.127962
8.16814  2.24399  6.28319  0.0029567  -0.111323
10.6814  2.24399  6.28319  0.00191284  -0.0880339
13.1947  2.24399  6.28319  0.00132881  -0.0726086
18.2212  2.24399  6.28319  0.000740506  -0.0535788
27.0177  2.24399  6.28319  0.000351229  -0.0365912
54.6637  2.24399  6.28319  8.83517e-05  -0.0182408
-33.3009  2.69279  0  0.000234167  0.0298003
-21.9911  2.69279  0  0.000520388  0.0447096
-15.708  2.69279  0  0.0009724  0.0616906
-10.6814  2.69279  0  0.00191278  0.0880339
-9.42478  2.69279  0  0.00235341  0.098373
-8.16814  2.69279  0  0.0029567  0.111323
-6.9115  2.69279  0  0.00380904  0.127962
-5.65487  2.69279  0  0.00505918  0.150033
-4.39823  2.69279  0  0.00697784  0.180538
-3.14159  2.69279  0  0.0100985  0.225242
-1.88496  2.69279  0  0.0156727  0.298026
-0.628319  2.69279  0  0.0285239  0.464735
0.628319  2.69279  0  0.0285239  -0.464735
1.88496  2.69279  0  0.0156727  -0.298026
3.14159  2.69279  0  0.0100985  -0.225242
4.39823  2.69279  0  0.00697786  -0.180538
5.65487  2.69279  0  0.00505919  -0.150033
6.9115  2.69279  0  0.00380903  -0.127962
8.16814  2.69279  0  0.0029567  -0.111323
10.6814  2.69279  0  0.00191284  -0.0880339
13.1947  2.69279  0  0.00132881  -0.0726086
18.2212  2.69279  0  0.000740506  -0.0535788
27.0177  2.69279  0  0.000351229  -0.0365912
54.6637  2.69279  0  8.83517e-05  -0.0182408
-33.3009  2.69279  0.448799  0.000234167  0.0298003
-21.9911  2.69279  0.448799  0.000520388  0.0447096
-15.708  2.69279  0.448799  0.0009724  0.0616906
-10.6814  2.69279  0.448799  0.00191278  0.0880339
-9.42478  2.69279  0.448799  0.00235341  0.098373
-8.16814  2.69279  0.448799  0.0029567  0.111323
-6.9115  2.69279  0.448799  0.00380904  0.127962
-5.65487  2.69279  0.448799  0.00505918  0.150033
-4.39823  2.69279  0.448799  0.00697784  0.180538
-3.14159  2.69279  0.448799  0.0100985  0.225242
-1.88496  2.69279  0.448799  0.0156727  0.298026
-0.628319  2.69279  0.448799  0.0285239  0.464735
0.628319  2.69279  0.448799  0.0285239  -0.464735
1.88496  2.69279  0.448799  0.0156727  -0.298026
3.14159  2.69279  0.448799  0.0100985  -0.225242
4.39823  2.69279  0.448799  0.00697786  -0.180538
5.65487  2.69279  0.448799  0.00505919  -0.150033
6.9115  2.69279  0.448799  0.00380903  -0.127962
8.16814  2.69279  0.448799  0.0029567  -0.111323
10.6814  2.69279  0.448799  0.00191284  -0.0880339
13.1947  2.69279  0.448799  0.00132881  -0.0726086
18.2212  2.69279  0.448799  0.000740506  -0.0535788
27.0177  2.69279  0.448799  0.000351229  -0.0365912
54.6637  2.69279  0.448799  8.83517e-05  -0.0182408
-33.3009  2.69279  0.897598  0.000234167  0.0298003
-21.9911  2.69279  0.897598  0.000520388  0.0447096
-15.708  2.69279  0.897598  0.0009724  0.0616906
-10.6814  2.69279  0.897598  0.00191278  0.0880339
-9.42478  2.69279  0.897598  0.00235341  0.098373
-8.16814  2.69279  0.897598  0.0029567  0.111323
-6.9115  2.69279  0.897598  0.00380904  0.127962
-5.65487  2.69279  0.897598  0.00505918  0.150033
-4.39823  2.69279  0.897598  0.00697784  0.180538
-3.14159  2.69279  0.897598  0.0100985  0.225242
-1.88496  2.69279  0.897598  0.0156727  0.298026
-0.628319  2.69279  0.897598  0.0285239  0.464735
0.628319  2.69279  0.897598  0.0285239  -0.464735
1.88496  2.69279  0.897598  0.0156727  -0.298026
3.14159  2.69279  0.897598  0.0100985  -0.225242
4.39823  2.69279  0.897598  0.00697786  -0.180538
5.65487  2.69279  0.897598  0.00505919  -0.150033
6.9115  2.69279  0.897598  0.00380903  -0.127962
8.16814  2.69279  0.897598  0.0029567  -0.111323
10.6814  2.69279  0.897598  0.00191284  -0.0880339
13.1947  2.69279  0.897598  0.00132881  -0.0726086
18.2212  2.69279  0.897598  0.000740506  -0.0535788
27.0177  2.69279  0.897598  0.000351229  -0.0365912
54.6637  2.69279  0.897598  8.83517e-05  -0.0182408
-33.3009  2.69279  1.3464  0.000234167  0.0298003
-21.9911  2.69279  1.3464  0.000520388  0.0447096
-15.708  2.69279  1.3464  0.0009724  0.0616906
-10.6814  2.69279  1.3464  0.00191278  0.0880339
-9.42478  2.69279  1.3464  0.00235341  0.098373
-8.16814  2.69279  1.3464  0.0029567  0.111323
-6.9115  2.69279  1.3464  0.00380904  0.127962
-5.65487  2.69279  1.3464  0.00505918  0.150033
-4.39823  2.69279  1.3464  0.00697784  0.180538
-3.14159  2.69279  1.3464  0.0100985  0.225242
-1.88496  2.69279  1.3464  0.0156727  0.298026
-0.628319  2.69279  1.3464  0.0285239  0.464735
0.628319  2.69279  1.3464  0.0285239  -0.464735
1.88496  2.69279  1.3464  0.0156727  -0.298026
3.14159  2.69279  1.3464  0.0100985  -0.225242
4.39823  2.69279  1.3464  0.00697786  -0.180538
5.65487  2.69279  1.3464  0.00505919  -0.150033
6.9115  2.69279  1.3464  0.00380903  -0.127962
8.16814  2.69279  1.3464  0.0029567  -0.111323
10.6814  2.69279  1.3464  0.00191284  -0.0880339
13.1947  2.69279  1.3464  0.00132881  -0.0726086
18.2212  2.69279  1.3464  0.000740506  -0.0535788
27.0177  2.69279  1.3464  0.000351229  -0.0365912
54.6637  2.69279  1.3464  8.83517e-05  -0.0182408
-33.3009  2.69279  1.7952  0.000234167  0.0298003
-21.9911  2.69279  1.7952  0.000520388  0.0447096
-15.708  2.69279  1.7952  0.0009724  0.0616906
-10.6814  2.69279  1.7952  0.00191278  0.0880339
-9.42478  2.69279  1.7952  0.00235341  0.098373
-8.16814  2.69279  1.7952  0.0029567  0.111323
-6.9115  2.69279  1.7952  0.00380904  0.127962
-5.65487  2.69279  1.7952  0.00505918  0.150033
-4.39823  2.69279  1.7952  0.00697784  0.180538
-3.14159  2.69279  1.7952  0.0100985  0.225242
-1.88496  2.69279  1.7952  0.0156727  0.298026
-0.628319  2.69279  1.7952  0.0285239  0.464735
0.628319  2.69279  1.7952  0.0285239  -0.464735
1.88496  2.69279  1.7952  0.0156727  -0.298026
3.14159  2.69279  1.7952  0.0100985  -0.225242
4.39823  2.69279  1.7952  0.00697786  -0.180538
5.65487  2.69279  1.7952  0.00505919  -0.150033
6.9115  2.69279  1.7952  0.00380903  -0.127962
8.16814  2.69279  1.7952  0.0029567  -0.111323
10.6814  2.69279  1.7952  0.00191284  -0.0880339
13.1947  2.69279  1.7952  0.00132881  -0.0726086
18.2212  2.69279  1.7952  0.000740506  -0.0535788
27.0177  2.69279  1.7952  0.000351229  -0.0365912
54.6637  2.69279  1.7952  8.83517e-05  -0.0182408
-33.3009  2.69279  2.24399  0.000234167  0.0298003
-21.9911  2.69279  2.24399  0.000520388  0.0447096
-15.708  2.69279  2.24399  0.0009724  0.0616906
-10.6814  2.69279  2.24399  0.00191278  0.0880339
-9.42478  2.69279  2.24399  0.00235341  0.098373
-8.16814  2.69279  2.24399  0.0029567  0.111323
-6.9115  2.69279  2.24399  0.00380904  0.127962
-5.65487  2.69279  2.24399  0.00505918  0.150033
-4.39823  2.69279  2.24399  0.00697784  0.180538
-3.14159  2.69279  2.24399  0.0100985  0.225242
-1.88496  2.69279  2.24399  0.0156727  0.298026
-0.628319  2.69279  2.24399  0.0285239  0.464735
0.628319  2.69279  2.24399  0.0285239  -0.464735
1.88496  2.69279  2.24399  0.0156727  -0.298026
3.14159  2.69279  2.24399  0.0100985  -0.225242
4.39823  2.69279  2.24399  0.00697786  -0.180538
5.65487  2.69279  2.24399  0.00505919  -0.150033
6.9115  2.69279  2.24399  0.00380903  -0.127962
8.16814  2.69279  2.24399  0.0029567  -0.111323
10.6814  2.69279  2.24399  0.00191284  -0.0880339
13.1947  2.69279  2.24399  0.00132881  -0.0726086
18.2212  2.69279  2.24399  0.000740506  -0.0535788
27.0177  2.69279  2.24399  0.000351229  -0.0365912
54.6637  2.69279  2.24399  8.83517e-05  -0.0182408
-33.3009  2.69279  2.69279  0.000234167  0.0298003
-21.9911  2.69279  2.69279  0.000520388  0.0447096
-15.708  2.69279  2.69279  0.0009724  0.0616906
-10.6814  2.69279  2.69279  0.00191278  0.0880339
-9.42478  2.69279  2.69279  0.00235341  0.098373
-8.16814  2.69279  2.69279  0.0029567  0.111323
-6.9115  2.69279  2.69279  0.00380904  0.127962
-5.65487  2.69279  2.69279  0.00505918  0.150033
-4.39823  2.69279  2.69279  0.00697784  0.180538
-3.14159  2.69279  2.69279  0.0100985  0.225242
-1.88496  2.69279  2.69279  0.0156727  0.298026
-0.628319  2.69279  2.69279  0.0285239  0.464735
0.628319  2.69279  2.69279  0.0285239  -0.464735
1.88496  2.69279  2.69279  0.0156727  -0.298026
3.14159  2.69279  2.69279  0.0100985  -0.225242
4.39823  2.69279  2.69279  0.00697786  -0.180538
5.65487  2.69279  2.69279  0.00505919  -0.150033
6.9115  2.69279  2.69279  0.00380903  -0.127962
8.16814  2.69279  2.69279  0.0029567  -0.111323
10.6814  2.69279  2.69279  0.00191284  -0.0880339
13.1947  2.69279  2.69279  0.00132881  -0.0726086
18.2212  2.69279  2.69279  0.000740506  -0.0535788
27.0177  2.69279  2.69279  0.000351229  -0.0365912
54.6637  2.69279  2.69279  8.83517e-05  -0.0182408
-33.3009  2.69279  3.14159  0.000234167  0.0298003
-21.9911  2.69279  3.14159  0.000520388  0.0447096
-15.708  2.69279  3.14159  0.0009724  0.0616906
-10.6814  2.69279  3.14159  0.00191278  0.0880339
-9.42478  2.69279  3.14159  0.00235341  0.098373
-8.16814  2.69279  3.14159  0.0029567  0.111323
-6.9115  2.69279  3.14159  0.00380904  0.127962
-5.65487  2.69279  3.14159  0.00505918  0.150033
-4.39823  2.69279  3.14159  0.00697784  0.180538
-3.14159  2.69279  3.14159  0.0100985  0.225242
-1.88496  2.69279  3.14159  0.0156727  0.298026
-0.628319  2.69279  3.14159  0.0285239  0.464735
0.628319  2.69279  3.14159  0.0285239  -0.464735
1.88496  2.69279  3.14159  0.0156727  -0.298026
3.14159  2.69279  3.14159  0.0100985  -0.225242
4.39823  2.69279  3.14159  0.00697786  -0.180538
5.65487  2.69279  3.14159  0.00505919  -0.150033
6.9115  2.69279  3.14159  0.00380903  -0.127962
8.16814  2.69279  3.14159  0.0029567  -0.111323
10.6814  2.69279  3.14159  0.00191284  -0.0880339
13.1947  2.69279  3.14159  0.00132881  -0.0726086
18.2212  2.69279  3.14159  0.000740506  -0.0535788
27.0177  2.69279  3.14159  0.000351229  -0.0365912
54.6637  2.69279  3.14159  8.83517e-05  -0.0182408
-33.3009  2.69279  3.59039  0.000234167  0.0298003
-21.9911  2.69279  3.59039  0.000520388  0.0447096
-15.708  2.69279  3.59039  0.0009724  0.0616906
-10.6814  2.69279  3.59039  0.00191278  0.0880339
-9.42478  2.69279  3.59039  0.00235341  0.098373
-8.16814  2.69279  3.59039  0.0029567  0.111323
-6.9115  2.69279  3.59039  0.00380904  0.127962
-5.65487  2.69279  3.59039  0.00505918  0.150033
-4.39823  2.69279  3.59039  0.00697784  0.180538
-3.14159  2.69279  3.59039  0.0100985  0.225242
-1.88496  2.69279  3.59039  0.0156727  0.298026
-0.628319  2.69279  3.59039  0.0285239  0.464735
0.628319  2.69279  3.59039  0.0285239  -0.464735
1.88496  2.69279  3.59039  0.0156727  -0.298026
3.14159  2.69279  3.59039  0.0100985  -0.225242
4.39823  2.69279  3.59039  0.00697786  -0.180538
5.65487  2.69279  3.59039  0.00505919  -0.150033
6.9115  2.69279  3.59039  0.00380903  -0.127962
8.16814  2.69279  3.59039  0.0029567  -0.111323
10.6814  2.69279  3.59039  0.00191284  -0.0880339
13.1947  2.69279  3.59039  0.00132881  -0.0726086
18.2212  2.69279  3.59039  0.000740506  -0.0535788
27.0177  2.69279  3.59039  0.000351229  -0.0365912
54.6637  2.69279  3.59039  8.83517e-05  -0.0182408
-33.3009  2.69279  4.03919  0.000234167  0.0298003
-21.9911  2.69279  4.03919  0.000520388  0.0447096
-15.708  2.69279  4.03919  0.0009724  0.0616906
-10.6814  2.69279  4.03919  0.00191278  0.0880339
-9.42478  2.69279  4.03919  0.00235341  0.098373
-8.16814  2.69279  4.03919  0.0029567  0.111323
-6.9115  2.69279  4.03919  0.00380904  0.127962
-5.65487  2.69279  4.03919  0.00505918  0.150033
-4.39823  2.69279  4.03919  0.00697784  0.180538
-3.14159  2.69279  4.03919  0.0100985  0.225242
-1.88496  2.69279  4.03919  0.0156727  0.298026
-0.628319  2.69279  4.03919  0.0285239  0.464735
0.628319  2.69279  4.03919  0.0285239  -0.464735
1.88496  2.69279  4.03919  0.0156727  -0.298026
3.14159  2.69279  4.03919  0.0100985  -0.225242
4.39823  2.69279  4.03919  0.00697786  -0.180538
5.65487  2.69279  4.03919  0.00505919  -0.150033
6.9115  2.69279  4.03919  0.00380903  -0.127962
8.16814  2.69279  4.03919  0.0029567  -0.111323
10.6814  2.69279  4.03919  0.00191284  -0.0880339
13.1947  2.69279  4.03919  0.00132881  -0.0726086
18.2212  2.69279  4.03919  0.000740506  -0.0535788
27.0177  2.69279  4.03919  0.000351229  -0.0365912
54.6637  2.69279  4.03919  8.83517e-05  -0.0182408
-33.3009  2.69279  4.48799  0.000234167  0.0298003
-21.9911  2.69279  4.48799  0.000520388  0.0447096
-15.708  2.69279  4.48799  0.0009724  0.0616906
-10.6814  2.69279  4.48799  0.00191278  0.0880339
-9.42478  2.69279  4.48799  0.00235341  0.098373
-8.16814  2.69279  4.48799  0.0029567  0.111323
-6.9115  2.69279  4.48799  0.00380904  0.127962
-5.65487  2.69279  4.48799  0.00505918  0.150033
-4.39823  2.69279  4.48799  0.00697784  0.180538
-3.14159  2.69279  4.48799  0.0100985  0.225242
-1.88496  2.69279  4.48799  0.0156727  0.298026
-0.628319  2.69279  4.48799  0.0285239  0.464735
0.628319  2.69279  4.48799  0.0285239  -0.464735
1.88496  2.69279  4.48799  0.0156727  -0.298026
3.14159  2.69279  4.48799  0.0100985  -0.225242
4.39823  2.69279  4.48799  0.00697786  -0.180538
5.65487  2.69279  4.48799  0.00505919  -0.150033
6.9115  2.69279  4.48799  0.00380903  -0.127962
8.16814  2.69279  4.48799  0.0029567  -0.111323
10.6814  2.69279  4.48799  0.00191284  -0.0880339
13.1947  2.69279  4.48799  0.00132881  -0.0726086
18.2212  2.69279  4.48799  0.000740506  -0.0535788
27.0177  2.69279  4.48799  0.000351229  -0.0365912
54.6637  2.69279  4.48799  8.83517e-05  -0.0182408
-33.3009  2.69279  4.93679  0.000234167  0.0298003
-21.9911  2.69279  4.93679  0.000520388  0.0447096
-15.708  2.69279  4.93679  0.0009724  0.0616906
-10.6814  2.69279  4.93679  0.00191278  0.0880339
-9.42478  2.69279  4.93679  0.00235341  0.098373
-8.16814  2.69279  4.93679  0.0029567  0.111323
-6.9115  2.69279  4.93679  0.00380904  0.127962
-5.65487  2.69279  4.93679  0.00505918  0.150033
-4.39823  2.69279  4.93679  0.00697784  0.180538
-3.14159  2.69279  4.93679  0.0100985  0.225242
-1.88496  2.69279  4.93679  0.0156727  0.298026
-0.628319  2.69279  4.93679  0.0285239  0.464735
0.628319  2.69279  4.93679  0.0285239  -0.464735
1.88496  2.69279  4.93679  0.0156727  -0.298026
3.14159  2.69279  4.93679  0.0100985  -0.225242
4.39823  2.69279  4.93679  0.00697786  -0.180538
5.65487  2.69279  4.93679  0.00505919  -0.150033
6.9115  2.69279  4.93679  0.00380903  -0.127962
8.16814  2.69279  4.93679  0.0029567  -0.111323
10.6814  2.69279  4.93679  0.00191284  -0.0880339
13.1947  2.69279  4.93679  0.00132881  -0.0726086
18.2212  2.69279  4.93679  0.000740506  -0.0535788
27.0177  2.69279  4.93679  0.000351229  -0.0365912
54.6637  2.69279  4.93679  8.83517e-05  -0.0182408
-33.3009  2.69279  5.38559  0.000234167  0.0298003
-21.9911  2.69279  5.38559  0.000520388  0.0447096
-15.708  2.69279  5.38559  0.0009724  0.0616906
-10.6814  2.69279  5.38559  0.00191278  0.0880339
-9.42478  2.69279  5.38559  0.00235341  0.098373
-8.16814  2.69279  5.38559  0.0029567  0.111323
-6.9115  2.69279  5.38559  0.00380904  0.127962
-5.65487  2.69279  5.38559  0.00505918  0.150033
-4.39823  2.69279  5.38559  0.00697784  0.180538
-3.14159  2.69279  5.38559  0.0100985  0.225242
-1.88496  2.69279  5.38559  0.0156727  0.298026
-0.628319  2.69279  5.38559  0.0285239  0.464735
0.628319  2.69279  5.38559  0.0285239  -0.464735
1.88496  2.69279  5.38559  0.0156727  -0.298026
3.14159  2.69279  5.38559  0.0100985  -0.225242
4.39823  2.69279  5.38559  0.00697786  -0.180538
5.65487  2.69279  5.38559  0.00505919  -0.150033
6.9115  2.69279  5.38559  0.00380903  -0.127962
8.16814  2.69279  5.38559  0.0029567  -0.111323
10.6814  2.69279  5.38559  0.00191284  -0.0880339
13.1947  2.69279  5.38559  0.00132881  -0.0726086
18.2212  2.69279  5.38559  0.000740506  -0.0535788
27.0177  2.69279  5.38559  0.000351229  -0.0365912
54.6637  2.69279  5.38559  8.83517e-05  -0.0182408
-33.3009  2.69279  5.83439  0.000234167  0.0298003
-21.9911  2.69279  5.83439  0.000520388  0.0447096
-15.708  2.69279  5.83439  0.0009724  0.0616906
-10.6814  2.69279  5.83439  0.00191278  0.0880339
-9.42478  2.69279  5.83439  0.00235341  0.098373
-8.16814  2.69279  5.83439  0.0029567  0.111323
-6.9115  2.69279  5.83439  0.00380904  0.127962
-5.65487  2.69279  5.83439  0.00505918  0.150033
-4.39823  2.69279  5.83439  0.00697784  0.180538
-3.14159  2.69279  5.83439  0.0100985  0.225242
-1.88496  2.69279  5.83439  0.0156727  0.298026
-0.628319  2.69279  5.83439  0.0285239  0.464735
0.628319  2.69279  5.83439  0.0285239  -0.464735
1.88496  2.69279  5.83439  0.0156727  -0.298026
3.14159  2.69279  5.83439  0.0100985  -0.225242
4.39823  2.69279  5.83439  0.00697786  -0.180538
5.65487  2.69279  5.83439  0.00505919  -0.150033
6.9115  2.69279  5.83439  0.00380903  -0.127962
8.16814  2.69279  5.83439  0.0029567  -0.111323
10.6814  2.69279  5.83439  0.00191284  -0.0880339
13.1947  2.69279  5.83439  0.00132881  -0.0726086
18.2212  2.69279  5.83439  0.000740506  -0.0535788
27.0177  2.69279  5.83439  0.000351229  -0.0365912
54.6637  2.69279  5.83439  8.83517e-05  -0.0182408
-33.3009  2.69279  6.28319  0.000234167  0.0298003
-21.9911  2.69279  6.28319  0.000520388  0.0447096
-15.708  2.69279  6.28319  0.0009724  0.0616906
-10.6814  2.69279  6.28319  0.00191278  0.0880339
-9.42478  2.69279  6.28319  0.00235341  0.098373
-8.16814  2.69279  6.28319  0.0029567  0.111323
-6.9115  2.69279  6.28319  0.00380904  0.127962
-5.65487  2.69279  6.28319  0.00505918  0.150033
-4.39823  2.69279  6.28319  0.00697784  0.180538
-3.14159  2.69279  6.28319  0.0100985  0.225242
-1.88496  2.69279  6.28319  0.0156727  0.298026
-0.628319  2.69279  6.28319  0.0285239  0.464735
0.628319  2.69279  6.28319  0.0285239  -0.464735
1.88496  2.69279  6.28319  0.0156727  -0.298026
3.14159  2.69279  6.28319  0.0100985  -0.225242
4.39823  2.69279  6.28319  0.00697786  -0.180538
5.65487  2.69279  6.28319  0.00505919  -0.150033
6.9115  2.69279  6.28319  0.00380903  -0.127962
8.16814  2.69279  6.28319  0.0029567  -0.111323
10.6814  2.69279  6.28319  0.00191284  -0.0880339
13.1947  2.69279  6.28319  0.00132881  -0.0726086
18.2212  2.69279  6.28319  0.000740506  -0.0535788
27.0177  2.69279  6.28319  0.000351229  -0.0365912
54.6637  2.69279  6.28319  8.83517e-05  -0.0182408
-33.3009  3.14159  0  0.000234167  0.0298003
-21.9911  3.14159  0  0.000520388  0.0447096
-15.708  3.14159  0  0.0009724  0.0616906
-10.6814  3.14159  0  0.00191278  0.0880339
-9.42478  3.14159  0  0.00235341  0.098373
-8.16814  3.14159  0  0.0029567  0.111323
-6.9115  3.14159  0  0.00380904  0.127962
-5.65487  3.14159  0  0.00505918  0.150033
-4.39823  3.14159  0  0.00697784  0.180538
-3.14159  3.14159  0  0.0100985  0.225242
-1.88496  3.14159  0  0.0156727  0.298026
-0.628319  3.14159  0  0.0285239  0.464735
0.628319  3.14159  0  0.0285239  -0.464735
1.88496  3.14159  0  0.0156727  -0.298026
3.14159  3.14159  0  0.0100985  -0.225242
4.39823  3.14159  0  0.00697786  -0.180538
5.65487  3.14159  0  0.00505919  -0.150033
6.9115  3.14159  0  0.00380903  -0.127962
8.16814  3.14159  0  0.0029567  -0.111323
10.6814  3.14159  0  0.00191284  -0.0880339
13.1947  3.14159  0  0.00132881  -0.0726086
18.2212  3.14159  0  0.000740506  -0.0535788
27.0177  3.14159  0  0.000351229  -0.0365912
54.6637  3.14159  0  8.83517e-05  -0.0182408
-33.3009  3.14159  0.448799  0.000234167  0.0298003
-21.9911  3.14159  0.448799  0.000520388  0.0447096
-15.708  3.14159  0.448799  0.0009724  0.0616906
-10.6814  3.14159  0.448799  0.00191278  0.0880339
-9.42478  3.14159  0.448799  0.00235341  0.098373
-8.16814  3.14159  0.448799  0.0029567  0.111323
-6.9115  3.14159  0.448799  0.00380904  0.127962
-5.65487  3.14159  0.448799  0.00505918  0.150033
-4.39823  3.14159  0.448799  0.00697784  0.180538
-3.14159  3.14159  0.448799  0.0100985  0.225242
-1.88496  3.14159  0.448799  0.0156727  0.298026
-0.628319  3.14159  0.448799  0.0285239  0.464735
0.628319  3.14159  0.448799  0.0285239  -0.464735
1.88496  3.14159  0.448799  0.0156727  -0.298026
3.14159  3.14159  0.448799  0.0100985  -0.225242
4.39823  3.14159  0.448799  0.00697786  -0.180538
5.65487  3.14159  0.448799  0.00505919  -0.150033
6.9115  3.14159  0.448799  0.00380903  -0.127962
8.16814  3.14159  0.448799  0.0029567  -0.111323
10.6814  3.14159  0.448799  0.00191284  -0.0880339
13.1947  3.14159  0.448799  0.00132881  -0.0726086
18.2212  3.14159  0.448799  0.000740506  -0.0535788
27.0177  3.14159  0.448799  0.000351229  -0.0365912
54.6637  3.14159  0.448799  8.83517e-05  -0.0182408
-33.3009  3.14159  0.897598  0.000234167  0.0298003
-21.9911  3.14159  0.897598  0.000520388  0.0447096
-15.708  3.14159  0.897598  0.0009724  0.0616906
-10.6814  3.14159  0.897598  0.00191278  0.0880339
-9.42478  3.14159  0.897598  0.00235341  0.098373
-8.16814  3.14159  0.897598  0.0029567  0.111323
-6.9115  3.14159  0.897598  0.00380904  0.127962
-5.65487  3.14159  0.897598  0.00505918  0.150033
-4.39823  3.14159  0.897598  0.00697784  0.180538
-3.14159  3.14159  0.897598  0.0100985  0.225242
-1.88496  3.14159  0.897598  0.0156727  0.298026
-0.628319  3.14159  0.897598  0.0285239  0.464735
0.628319  3.14159  0.897598  0.0285239  -0.464735
1.88496  3.14159  0.897598  0.0156727  -0.298026
3.14159  3.14159  0.897598  0.0100985  -0.225242
4.39823  3.14159  0.897598  0.00697786  -0.180538
5.65487  3.14159  0.897598  0.00505919  -0.150033
6.9115  3.14159  0.897598  0.00380903  -0.127962
8.16814  3.14159  0.897598  0.0029567  -0.111323
10.6814  3.14159  0.897598  0.00191284  -0.0880339
13.1947  3.14159  0.897598  0.00132881  -0.0726086
18.2212  3.14159  0.897598  0.000740506  -0.0535788
27.0177  3.14159  0.897598  0.000351229  -0.0365912
54.6637  3.14159  0.897598  8.83517e-05  -0.0182408
-33.3009  3.14159  1.3464  0.000234167  0.0298003
-21.9911  3.14159  1.3464  0.000520388  0.0447096
-15.708  3.14159  1.3464  0.0009724  0.0616906
-10.6814  3.14159  1.3464  0.00191278  0.0880339
-9.42478  3.14159  1.3464  0.00235341  0.098373
-8.16814  3.14159  1.3464  0.0029567  0.111323
-6.9115  3.14159  1.3464  0.00380904  0.127962
-5.65487  3.14159  1.3464  0.00505918  0.150033
-4.39823  3.14159  1.3464  0.00697784  0.180538
-3.14159  3.14159  1.3464  0.0100985  0.225242
-1.88496  3.14159  1.3464  0.0156727  0.298026
-0.628319  3.14159  1.3464  0.0285239  0.464735
0.628319  3.14159  1.3464  0.0285239  -0.464735
1.88496  3.14159  1.3464  0.0156727  -0.298026
3.14159  3.14159  1.3464  0.0100985  -0.225242
4.39823  3.14159  1.3464  0.00697786  -0.180538
5.65487  3.14159  1.3464  0.00505919  -0.150033
6.9115  3.14159  1.3464  0.00380903  -0.127962
8.16814  3.14159  1.3464  0.0029567  -0.111323
10.6814  3.14159  1.3464  0.00191284  -0.0880339
13.1947  3.14159  1.3464  0.00132881  -0.0726086
18.2212  3.14159  1.3464  0.000740506  -0.0535788
27.0177  3.14159  1.3464  0.000351229  -0.0365912
54.6637  3.14159  1.3464  8.83517e-05  -0.0182408
-33.3009  3.14159  1.7952  0.000234167  0.0298003
-21.9911  3.14159  1.7952  0.000520388  0.0447096
-15.708  3.14159  1.7952  0.0009724  0.0616906
-10.6814  3.14159  1.7952  0.00191278  0.0880339
-9.42478  3.14159  1.7952  0.00235341  0.098373
-8.16814  3.14159  1.7952  0.0029567  0.111323
-6.9115  3.14159  1.7952  0.00380904  0.127962
-5.65487  3.14159  1.7952  0.00505918  0.150033
-4.39823  3.14159  1.7952  0.00697784  0.180538
-3.14159  3.14159  1.7952  0.0100985  0.225242
-1.88496  3.14159  1.7952  0.0156727  0.298026
-0.628319  3.14159  1.7952  0.0285239  0.464735
0.628319  3.14159  1.7952  0.0285239  -0.464735
1.88496  3.14159  1.7952  0.0156727  -0.298026
3.14159  3.14159  1.7952  0.0100985  -0.225242
4.39823  3.14159  1.7952  0.00697786  -0.180538
5.65487  3.14159  1.7952  0.00505919  -0.150033
6.9115  3.14159  1.7952  0.00380903  -0.127962
8.16814  3.14159  1.7952  0.0029567  -0.111323
10.6814  3.14159  1.7952  0.00191284  -0.0880339
13.1947  3.14159  1.7952  0.00132881  -0.0726086
18.2212  3.14159  1.7952  0.000740506  -0.0535788
27.0177  3.14159  1.7952  0.000351229  -0.0365912
54.6637  3.14159  1.7952  8.83517e-05  -0.0182408
-33.3009  3.14159  2.24399  0.000234167  0.0298003
-21.9911  3.14159  2.24399  0.000520388  0.0447096
-15.708  3.14159  2.24399  0.0009724  0.0616906
-10.6814  3.14159  2.24399  0.00191278  0.0880339
-9.42478  3.14159  2.24399  0.00235341  0.098373
-8.16814  3.14159  2.24399  0.0029567  0.111323
-6.9115  3.14159  2.24399  0.00380904  0.127962
-5.65487  3.14159  2.24399  0.00505918  0.150033
-4.39823  3.14159  2.24399  0.00697784  0.180538
-3.14159  3.14159  2.24399  0.0100985  0.225242
-1.88496  3.14159  2.24399  0.0156727  0.298026
-0.628319  3.14159  2.24399  0.0285239  0.464735
0.628319  3.14159  2.24399  0.0285239  -0.464735
1.88496  3.14159  2.24399  0.0156727  -0.298026
3.14159  3.14159  2.24399  0.0100985  -0.225242
4.39823  3.14159  2.24399  0.00697786  -0.180538
5.65487  3.14159  2.24399  0.00505919  -0.150033
6.9115  3.14159  2.24399  0.00380903  -0.127962
8.16814  3.14159  2.24399  0.0029567  -0.111323
10.6814  3.14159  2.24399  0.00191284  -0.0880339
13.1947  3.14159  2.24399  0.00132881  -0.0726086
18.2212  3.14159  2.24399  0.000740506  -0.0535788
27.0177  3.14159  2.24399  0.000351229  -0.0365912
54.6637  3.14159  2.24399  8.83517e-05  -0.0182408
-33.3009  3.14159  2.69279  0.000234167  0.0298003
-21.9911  3.14159  2.69279  0.000520388  0.0447096
-15.708  3.14159  2.69279  0.0009724  0.0616906
-10.6814  3.14159  2.69279  0.00191278  0.0880339
-9.42478  3.14159  2.69279  0.00235341  0.098373
-8.16814  3.14159  2.69279  0.0029567  0.111323
-6.9115  3.14159  2.69279  0.00380904  0.127962
-5.65487  3.14159  2.69279  0.00505918  0.150033
-4.39823  3.14159  2.69279  0.00697784  0.180538
-3.14159  3.14159  2.69279  0.0100985  0.225242
-1.88496  3.14159  2.69279  0.0156727  0.298026
-0.628319  3.14159  2.69279  0.0285239  0.464735
0.628319  3.14159  2.69279  0.0285239  -0.464735
1.88496  3.14159  2.69279  0.0156727  -0.298026
3.14159  3.14159  2.69279  0.0100985  -0.225242
4.39823  3.14159  2.69279  0.00697786  -0.180538
5.65487  3.14159  2.69279  0.00505919  -0.150033
6.9115  3.14159  2.69279  0.00380903  -0.127962
8.16814  3.14159  2.69279  0.0029567  -0.111323
10.6814  3.14159  2.69279  0.00191284  -0.0880339
13.1947  3.14159  2.69279  0.00132881  -0.0726086
18.2212  3.14159  2.69279  0.000740506  -0.0535788
27.0177  3.14159  2.69279  0.000351229  -0.0365912
54.6637  3.14159  2.69279  8.83517e-05  -0.0182408
-33.3009  3.14159  3.14159  0.000234167  0.0298003
-21.9911  3.14159  3.14159  0.000520388  0.0447096
-15.708  3.14159  3.14159  0.0009724  0.0616906
-10.6814  3.14159  3.14159  0.00191278  0.0880339
-9.42478  3.14159  3.14159  0.00235341  0.098373
-8.16814  3.14159  3.14159  0.0029567  0.111323
-6.9115  3.14159  3.14159  0.00380904  0.127962
-5.65487  3.14159  3.14159  0.00505918  0.150033
-4.39823  3.14159  3.14159  0.00697784  0.180538
-3.14159  3.14159  3.14159  0.0100985  0.225242
-1.88496  3.14159  3.14159  0.0156727  0.298026
-0.628319  3.14159  3.14159  0.0285239  0.464735
0.628319  3.14159  3.14159  0.0285239  -0.464735
1.88496  3.14159  3.14159  0.0156727  -0.298026
3.14159  3.14159  3.14159  0.0100985  -0.225242
4.39823  3.14159  3.14159  0.00697786  -0.180538
5.65487  3.14159  3.14159  0.00505919  -0.150033
6.9115  3.14159  3.14159  0.00380903  -0.127962
8.16814  3.14159  3.14159  0.0029567  -0.111323
10.6814  3.14159  3.14159  0.00191284  -0.0880339
13.1947  3.14159  3.14159  0.00132881  -0.0726086
18.2212  3.14159  3.14159  0.000740506  -0.0535788
27.0177  3.14159  3.14159  0.000351229  -0.0365912
54.6637  3.14159  3.14159  8.83517e-05  -0.0182408
-33.3009  3.14159  3.59039  0.000234167  0.0298003
-21.9911  3.14159  3.59039  0.000520388  0.0447096
-15.708  3.14159  3.59039  0.0009724  0.0616906
-10.6814  3.14159  3.59039  0.00191278  0.0880339
-9.42478  3.14159  3.59039  0.00235341  0.098373
-8.16814  3.14159  3.59039  0.0029567  0.111323
-6.9115  3.14159  3.59039  0.00380904  0.127962
-5.65487  3.14159  3.59039  0.00505918  0.150033
-4.39823  3.14159  3.59039  0.00697784  0.180538
-3.14159  3.14159  3.59039  0.0100985  0.225242
-1.88496  3.14159  3.59039  0.0156727  0.298026
-0.628319  3.14159  3.59039  0.0285239  0.464735
0.628319  3.14159  3.59039  0.0285239  -0.464735
1.88496  3.14159  3.59039  0.0156727  -0.298026
3.14159  3.14159  3.59039  0.0100985  -0.225242
4.39823  3.14159  3.59039  0.00697786  -0.180538
5.65487  3.14159  3.59039  0.00505919  -0.150033
6.9115  3.14159  3.59039  0.00380903  -0.127962
8.16814  3.14159  3.59039  0.0029567  -0.111323
10.6814  3.14159  3.59039  0.00191284  -0.0880339
13.1947  3.14159  3.59039  0.00132881  -0.0726086
18.2212  3.14159  3.59039  0.000740506  -0.0535788
27.0177  3.14159  3.59039  0.000351229  -0.0365912
54.6637  3.14159  3.59039  8.83517e-05  -0.0182408
-33.3009  3.14159  4.03919  0.000234167  0.0298003
-21.9911  3.14159  4.03919  0.000520388  0.0447096
-15.708  3.14159  4.03919  0.0009724  0.0616906
-10.6814  3.14159  4.03919  0.00191278  0.0880339
-9.42478  3.14159  4.03919  0.00235341  0.098373
-8.16814  3.14159  4.03919  0.0029567  0.111323
-6.9115  3.14159  4.03919  0.00380904  0.127962
-5.65487  3.14159  4.03919  0.00505918  0.150033
-4.39823  3.14159  4.03919  0.00697784  0.180538
-3.14159  3.14159  4.03919  0.0100985  0.225242
-1.88496  3.14159  4.03919  0.0156727  0.298026
-0.628319  3.14159  4.03919  0.0285239  0.464735
0.628319  3.14159  4.03919  0.0285239  -0.464735
1.88496  3.14159  4.03919  0.0156727  -0.298026
3.14159  3.14159  4.03919  0.0100985  -0.225242
4.39823  3.14159  4.03919  0.00697786  -0.180538
5.65487  3.14159  4.03919  0.00505919  -0.150033
6.9115  3.14159  4.03919  0.00380903  -0.127962
8.16814  3.14159  4.03919  0.0029567  -0.111323
10.6814  3.14159  4.03919  0.00191284  -0.0880339
13.1947  3.14159  4.03919  0.00132881  -0.0726086
18.2212  3.14159  4.03919  0.000740506  -0.0535788
27.0177  3.14159  4.03919  0.000351229  -0.0365912
54.6637  3.14159  4.03919  8.83517e-05  -0.0182408
-33.3009  3.14159  4.48799  0.000234167  0.0298003
-21.9911  3.14159  4.48799  0.000520388  0.0447096
-15.708  3.14159  4.48799  0.0009724  0.0616906
-10.6814  3.14159  4.48799  0.00191278  0.0880339
-9.42478  3.14159  4.48799  0.00235341  0.098373
-8.16814  3.14159  4.48799  0.0029567  0.111323
-6.9115  3.14159  4.48799  0.00380904  0.127962
-5.65487  3.14159  4.48799  0.00505918  0.150033
-4.39823  3.14159  4.48799  0.00697784  0.180538
-3.14159  3.14159  4.48799  0.0100985  0.225242
-1.88496  3.14159  4.48799  0.0156727  0.298026
-0.628319  3.14159  4.48799  0.0285239  0.464735
0.628319  3.14159  4.48799  0.0285239  -0.464735
1.88496  3.14159  4.48799  0.0156727  -0.298026
3.14159  3.14159  4.48799  0.0100985  -0.225242
4.39823  3.14159  4.48799  0.00697786  -0.180538
5.65487  3.14159  4.48799  0.00505919  -0.150033
6.9115  3.14159  4.48799  0.00380903  -0.127962
8.16814  3.14159  4.48799  0.0029567  -0.111323
10.6814  3.14159  4.48799  0.00191284  -0.0880339
13.1947  3.14159  4.48799  0.00132881  -0.0726086
18.2212  3.14159  4.48799  0.000740506  -0.0535788
27.0177  3.14159  4.48799  0.000351229  -0.0365912
54.6637  3.14159  4.48799  8.83517e-05  -0.0182408
-33.3009  3.14159  4.93679  0.000234167  0.0298003
-21.9911  3.14159  4.93679  0.000520388  0.0447096
-15.708  3.14159  4.93679  0.0009724  0.0616906
-10.6814  3.14159  4.93679  0.00191278  0.0880339
-9.42478  3.14159  4.93679  0.00235341  0.098373
-8.16814  3.14159  4.93679  0.0029567  0.111323
-6.9115  3.14159  4.93679  0.00380904  0.127962
-5.65487  3.14159  4.93679  0.00505918  0.150033
-4.39823  3.14159  4.93679  0.00697784  0.180538
-3.14159  3.14159  4.93679  0.0100985  0.225242
-1.88496  3.14159  4.93679  0.0156727  0.298026
-0.628319  3.14159  4.93679  0.0285239  0.464735
0.628319  3.14159  4.93679  0.0285239  -0.464735
1.88496  3.14159  4.93679  0.0156727  -0.298026
3.14159  3.14159  4.93679  0.0100985  -0.225242
4.39823  3.14159  4.93679  0.00697786  -0.180538
5.65487  3.14159  4.93679  0.00505919  -0.150033
6.9115  3.14159  4.93679  0.00380903  -0.127962
8.16814  3.14159  4.93679  0.0029567  -0.111323
10.6814  3.14159  4.93679  0.00191284  -0.0880339
13.1947  3.14159  4.93679  0.00132881  -0.0726086
18.2212  3.14159  4.93679  0.000740506  -0.0535788
27.0177  3.14159  4.93679  0.000351229  -0.0365912
54.6637  3.14159  4.93679  8.83517e-05  -0.0182408
-33.3009  3.14159  5.38559  0.000234167  0.0298003
-21.9911  3.14159  5.38559  0.000520388  0.0447096
-15.708  3.14159  5.38559  0.0009724  0.0616906
-10.6814  3.14159  5.38559  0.00191278  0.0880339
-9.42478  3.14159  5.38559  0.00235341  0.098373
-8.16814  3.14159  5.38559  0.0029567  0.111323
-6.9115  3.14159  5.38559  0.00380904  0.127962
-5.65487  3.14159  5.38559  0.00505918  0.150033
-4.39823  3.14159  5.38559  0.00697784  0.180538
-3.14159  3.14159  5.38559  0.0100985  0.225242
-1.88496  3.14159  5.38559  0.0156727  0.298026
-0.628319  3.14159  5.38559  0.0285239  0.464735
0.628319  3.14159  5.38559  0.0285239  -0.464735
1.88496  3.14159  5.38559  0.0156727  -0.298026
3.14159  3.14159  5.38559  0.0100985  -0.225242
4.39823  3.14159  5.38559  0.00697786  -0.180538
5.65487  3.14159  5.38559  0.00505919  -0.150033
6.9115  3.14159  5.38559  0.00380903  -0.127962
8.16814  3.14159  5.38559  0.0029567  -0.111323
10.6814  3.14159  5.38559  0.00191284  -0.0880339
13.1947  3.14159  5.38559  0.00132881  -0.0726086
18.2212  3.14159  5.38559  0.000740506  -0.0535788
27.0177  3.14159  5.38559  0.000351229  -0.0365912
54.6637  3.14159  5.38559  8.83517e-05  -0.0182408
-33.3009  3.14159  5.83439  0.000234167  0.0298003
-21.9911  3.14159  5.83439  0.000520388  0.0447096
-15.708  3.14159  5.83439  0.0009724  0.0616906
-10.6814  3.14159  5.83439  0.00191278  0.0880339
-9.42478  3.14159  5.83439  0.00235341  0.098373
-8.16814  3.14159  5.83439  0.0029567  0.111323
-6.9115  3.14159  5.83439  0.00380904  0.127962
-5.65487  3.14159  5.83439  0.00505918  0.150033
-4.39823  3.14159  5.83439  0.00697784  0.180538
-3.14159  3.14159  5.83439  0.0100985  0.225242
-1.88496  3.14159  5.83439  0.0156727  0.298026
-0.628319  3.14159  5.83439  0.0285239  0.464735
0.628319  3.14159  5.83439  0.0285239  -0.464735
1.88496  3.14159  5.83439  0.0156727  -0.298026
3.14159  3.14159  5.83439  0.0100985  -0.225242
4.39823  3.14159  5.83439  0.00697786  -0.180538
5.65487  3.14159  5.83439  0.00505919  -0.150033
6.9115  3.14159  5.83439  0.00380903  -0.127962
8.16814  3.14159  5.83439  0.0029567  -0.111323
10.6814  3.14159  5.83439  0.00191284  -0.0880339
13.1947  3.14159  5.83439  0.00132881  -0.0726086
18.2212  3.14159  5.83439  0.000740506  -0.0535788
27.0177  3.14159  5.83439  0.000351229  -0.0365912
54.6637  3.14159  5.83439  8.83517e-05  -0.0182408
-33.3009  3.14159  6.28319  0.000234167  0.0298003
-21.9911  3.14159  6.28319  0.000520388  0.0447096
-15.708  3.14159  6.28319  0.0009724  0.0616906
-10.6814  3.14159  6.28319  0.00191278  0.0880339
-9.42478  3.14159  6.28319  0.00235341  0.098373
-8.16814  3.14159  6.28319  0.0029567  0.111323
-6.9115  3.14159  6.28319  0.00380904  0.127962
-5.65487  3.14159  6.28319  0.00505918  0.150033
-4.39823  3.14159  6.28319  0.00697784  0.180538
-3.14159  3.14159  6.28319  0.0100985  0.225242
-1.88496  3.14159  6.28319  0.0156727  0.298026
-0.628319  3.14159  6.28319  0.0285239  0.464735
0.628319  3.14159  6.28319  0.0285239  -0.464735
1.88496  3.14159  6.28319  0.0156727  -0.298026
3.14159  3.14159  6.28319  0.0100985  -0.225242
4.39823  3.14159  6.28319  0.00697786  -0.180538
5.65487  3.14159  6.28319  0.00505919  -0.150033
6.9115  3.14159  6.28319  0.00380903  -0.127962
8.16814  3.14159  6.28319  0.0029567  -0.111323
10.6814  3.14159  6.28319  0.00191284  -0.0880339
13.1947  3.14159  6.28319  0.00132881  -0.0726086
18.2212  3.14159  6.28319  0.000740506  -0.0535788
27.0177  3.14159  6.28319  0.000351229  -0.0365912
54.6637  3.14159  6.28319  8.83517e-05  -0.0182408
-33.3009  3.59039  0  0.000234167  0.0298003
-21.9911  3.59039  0  0.000520388  0.0447096
-15.708  3.59039  0  0.0009724  0.0616906
-10.6814  3.59039  0  0.00191278  0.0880339
-9.42478  3.59039  0  0.00235341  0.098373
-8.16814  3.59039  0  0.0029567  0.111323
-6.9115  3.59039  0  0.00380904  0.127962
-5.65487  3.59039  0  0.00505918  0.150033
-4.39823  3.59039  0  0.00697784  0.180538
-3.14159  3.59039  0  0.0100985  0.225242
-1.88496  3.59039  0  0.0156727  0.298026
-0.628319  3.59039  0  0.0285239  0.464735
0.628319  3.59039  0  0.0285239  -0.464735
1.88496  3.59039  0  0.0156727  -0.298026
3.14159  3.59039  0  0.0100985  -0.225242
4.39823  3.59039  0  0.00697786  -0.180538
5.65487  3.59039  0  0.00505919  -0.150033
6.9115  3.59039  0  0.00380903  -0.127962
8.16814  3.59039  0  0.0029567  -0.111323
10.6814  3.59039  0  0.00191284  -0.0880339
13.1947  3.59039  0  0.00132881  -0.0726086
18.2212  3.59039  0  0.000740506  -0.0535788
27.0177  3.59039  0  0.000351229  -0.0365912
54.6637  3.59039  0  8.83517e-05  -0.0182408
-33.3009  3.59039  0.448799  0.000234167  0.0298003
-21.9911  3.59039  0.448799  0.000520388  0.0447096
-15.708  3.59039  0.448799  0.0009724  0.0616906
-10.6814  3.59039  0.448799  0.00191278  0.0880339
-9.42478  3.59039  0.448799  0.00235341  0.098373
-8.16814  3.59039  0.448799  0.0029567  0.111323
-6.9115  3.59039  0.448799  0.00380904  0.127962
-5.65487  3.59039  0.448799  0.00505918  0.150033
-4.39823  3.59039  0.448799  0.00697784  0.180538
-3.14159  3.59039  0.448799  0.0100985  0.225242
-1.88496  3.59039  0.448799  0.0156727  0.298026
-0.628319  3.59039  0.448799  0.0285239  0.464735
0.628319  3.59039  0.448799  0.0285239  -0.464735
1.88496  3.59039  0.448799  0.0156727  -0.298026
3.14159  3.59039  0.448799  0.0100985  -0.225242
4.39823  3.59039  0.448799  0.00697786  -0.180538
5.65487  3.59039  0.448799  0.00505919  -0.150033
6.9115  3.59039  0.448799  0.00380903  -0.127962
8.16814  3.59039  0.448799  0.0029567  -0.111323
10.6814  3.59039  0.448799  0.00191284  -0.0880339
13.1947  3.59039  0.448799  0.00132881  -0.0726086
18.2212  3.59039  0.448799  0.000740506  -0.0535788
27.0177  3.59039  0.448799  0.000351229  -0.0365912
54.6637  3.59039  0.448799  8.83517e-05  -0.0182408
-33.3009  3.59039  0.897598  0.000234167  0.0298003
-21.9911  3.59039  0.897598  0.000520388  0.0447096
-15.708  3.59039  0.897598  0.0009724  0.0616906
-10.6814  3.59039  0.897598  0.00191278  0.0880339
-9.42478  3.59039  0.897598  0.00235341  0.098373
-8.16814  3.59039  0.897598  0.0029567  0.111323
-6.9115  3.59039  0.897598  0.00380904  0.127962
-5.65487  3.59039  0.897598  0.00505918  0.150033
-4.39823  3.59039  0.897598  0.00697784  0.180538
-3.14159  3.59039  0.897598  0.0100985  0.225242
-1.88496  3.59039  0.897598  0.0156727  0.298026
-0.628319  3.59039  0.897598  0.0285239  0.464735
0.628319  3.59039  0.897598  0.0285239  -0.464735
1.88496  3.59039  0.897598  0.0156727  -0.298026
3.14159  3.59039  0.897598  0.0100985  -0.225242
4.39823  3.59039  0.897598  0.00697786  -0.180538
5.65487  3.59039  0.897598  0.00505919  -0.150033
6.9115  3.59039  0.897598  0.00380903  -0.127962
8.16814  3.59039  0.897598  0.0029567  -0.111323
10.6814  3.59039  0.897598  0.00191284  -0.0880339
13.1947  3.59039  0.897598  0.00132881  -0.0726086
18.2212  3.59039  0.897598  0.000740506  -0.0535788
27.0177  3.59039  0.897598  0.000351229  -0.0365912
54.6637  3.59039  0.897598  8.83517e-05  -0.0182408
-33.3009  3.59039  1.3464  0.000234167  0.0298003
-21.9911  3.59039  1.3464  0.000520388  0.0447096
-15.708  3.59039  1.3464  0.0009724  0.0616906
-10.6814  3.59039  1.3464  0.00191278  0.0880339
-9.42478  3.59039  1.3464  0.00235341  0.098373
-8.16814  3.59039  1.3464  0.0029567  0.111323
-6.9115  3.59039  1.3464  0.00380904  0.127962
-5.65487  3.59039  1.3464  0.00505918  0.150033
-4.39823  3.59039  1.3464  0.00697784  0.180538
-3.14159  3.59039  1.3464  0.0100985  0.225242
-1.88496  3.59039  1.3464  0.0156727  0.298026
-0.628319  3.59039  1.3464  0.0285239  0.464735
0.628319  3.59039  1.3464  0.0285239  -0.464735
1.88496  3.59039  1.3464  0.0156727  -0.298026
3.14159  3.59039  1.3464  0.0100985  -0.225242
4.39823  3.59039  1.3464  0.00697786  -0.180538
5.65487  3.59039  1.3464  0.00505919  -0.150033
6.9115  3.59039  1.3464  0.00380903  -0.127962
8.16814  3.59039  1.3464  0.0029567  -0.111323
10.6814  3.59039  1.3464  0.00191284  -0.0880339
13.1947  3.59039  1.3464  0.00132881  -0.0726086
18.2212  3.59039  1.3464  0.000740506  -0.0535788
27.0177  3.59039  1.3464  0.000351229  -0.0365912
54.6637  3.59039  1.3464  8.83517e-05  -0.0182408
-33.3009  3.59039  1.7952  0.000234167  0.0298003
-21.9911  3.59039  1.7952  0.000520388  0.0447096
-15.708  3.59039  1.7952  0.0009724  0.0616906
-10.6814  3.59039  1.7952  0.00191278  0.0880339
-9.42478  3.59039  1.7952  0.00235341  0.098373
-8.16814  3.59039  1.7952  0.0029567  0.111323
-6.9115  3.59039  1.7952  0.00380904  0.127962
-5.65487  3.59039  1.7952  0.00505918  0.150033
-4.39823  3.59039  1.7952  0.00697784  0.180538
-3.14159  3.59039  1.7952  0.0100985  0.225242
-1.88496  3.59039  1.7952  0.0156727  0.298026
-0.628319  3.59039  1.7952  0.0285239  0.464735
0.628319  3.59039  1.7952  0.0285239  -0.464735
1.88496  3.59039  1.7952  0.0156727  -0.298026
3.14159  3.59039  1.7952  0.0100985  -0.225242
4.39823  3.59039  1.7952  0.00697786  -0.180538
5.65487  3.59039  1.7952  0.00505919  -0.150033
6.9115  3.59039  1.7952  0.00380903  -0.127962
8.16814  3.59039  1.7952  0.0029567  -0.111323
10.6814  3.59039  1.7952  0.00191284  -0.0880339
13.1947  3.59039  1.7952  0.00132881  -0.0726086
18.2212  3.59039  1.7952  0.000740506  -0.0535788
27.0177  3.59039  1.7952  0.000351229  -0.0365912
54.6637  3.59039  1.7952  8.83517e-05  -0.0182408
-33.3009  3.59039  2.24399  0.000234167  0.0298003
-21.9911  3.59039  2.24399  0.000520388  0.0447096
-15.708  3.59039  2.24399  0.0009724  0.0616906
-10.6814  3.59039  2.24399  0.00191278  0.0880339
-9.42478  3.59039  2.24399  0.00235341  0.098373
-8.16814  3.59039  2.24399  0.0029567  0.111323
-6.9115  3.59039  2.24399  0.00380904  0.127962
-5.65487  3.59039  2.24399  0.00505918  0.150033
-4.39823  3.59039  2.24399  0.00697784  0.180538
-3.14159  3.59039  2.24399  0.0100985  0.225242
-1.88496  3.59039  2.24399  0.0156727  0.298026
-0.628319  3.59039  2.24399  0.0285239  0.464735
0.628319  3.59039  2.24399  0.0285239  -0.464735
1.88496  3.59039  2.24399  0.0156727  -0.298026
3.14159  3.59039  2.24399  0.0100985  -0.225242
4.39823  3.59039  2.24399  0.00697786  -0.180538
5.65487  3.59039  2.24399  0.00505919  -0.150033
6.9115  3.59039  2.24399  0.00380903  -0.127962
8.16814  3.59039  2.24399  0.0029567  -0.111323
10.6814  3.59039  2.24399  0.00191284  -0.0880339
13.1947  3.59039  2.24399  0.00132881  -0.0726086
18.2212  3.59039  2.24399  0.000740506  -0.0535788
27.0177  3.59039  2.24399  0.000351229  -0.0365912
54.6637  3.59039  2.24399  8.83517e-05  -0.0182408
-33.3009  3.59039  2.69279  0.000234167  0.0298003
-21.9911  3.59039  2.69279  0.000520388  0.0447096
-15.708  3.59039  2.69279  0.0009724  0.0616906
-10.6814  3.59039  2.69279  0.00191278  0.0880339
-9.42478  3.59039  2.69279  0.00235341  0.098373
-8.16814  3.59039  2.69279  0.0029567  0.111323
-6.9115  3.59039  2.69279  0.00380904  0.127962
-5.65487  3.59039  2.69279  0.00505918  0.150033
-4.39823  3.59039  2.69279  0.00697784  0.180538
-3.14159  3.59039  2.69279  0.0100985  0.225242
-1.88496  3.59039  2.69279  0.0156727  0.298026
-0.628319  3.59039  2.69279  0.0285239  0.464735
0.628319  3.59039  2.69279  0.0285239  -0.464735
1.88496  3.59039  2.69279  0.0156727  -0.298026
3.14159  3.59039  2.69279  0.0100985  -0.225242
4.39823  3.59039  2.69279  0.00697786  -0.180538
5.65487  3.59039  2.69279  0.00505919  -0.150033
6.9115  3.59039  2.69279  0.00380903  -0.127962
8.16814  3.59039  2.69279  0.0029567  -0.111323
10.6814  3.59039  2.69279  0.00191284  -0.0880339
13.1947  3.59039  2.69279  0.00132881  -0.0726086
18.2212  3.59039  2.69279  0.000740506  -0.0535788
27.0177  3.59039  2.69279  0.000351229  -0.0365912
54.6637  3.59039  2.69279  8.83517e-05  -0.0182408
-33.3009  3.59039  3.14159  0.000234167  0.0298003
-21.9911  3.59039  3.14159  0.000520388  0.0447096
-15.708  3.59039  3.14159  0.0009724  0.0616906
-10.6814  3.59039  3.14159  0.00191278  0.0880339
-9.42478  3.59039  3.14159  0.00235341  0.098373
-8.16814  3.59039  3.14159  0.0029567  0.111323
-6.9115  3.59039  3.14159  0.00380904  0.127962
-5.65487  3.59039  3.14159  0.00505918  0.150033
-4.39823  3.59039  3.14159  0.00697784  0.180538
-3.14159  3.59039  3.14159  0.0100985  0.225242
-1.88496  3.59039  3.14159  0.0156727  0.298026
-0.628319  3.59039  3.14159  0.0285239  0.464735
0.628319  3.59039  3.14159  0.0285239  -0.464735
1.88496  3.59039  3.14159  0.0156727  -0.298026
3.14159  3.59039  3.14159  0.0100985  -0.225242
4.39823  3.59039  3.14159  0.00697786  -0.180538
5.65487  3.59039  3.14159  0.00505919  -0.150033
6.9115  3.59039  3.14159  0.00380903  -0.127962
8.16814  3.59039  3.14159  0.0029567  -0.111323
10.6814  3.59039  3.14159  0.00191284  -0.0880339
13.1947  3.59039  3.14159  0.00132881  -0.0726086
18.2212  3.59039  3.14159  0.000740506  -0.0535788
27.0177  3.59039  3.14159  0.000351229  -0.0365912
54.6637  3.59039  3.14159  8.83517e-05  -0.0182408
-33.3009  3.59039  3.59039  0.000234167  0.0298003
-21.9911  3.59039  3.59039  0.000520388  0.0447096
-15.708  3.59039  3.59039  0.0009724  0.0616906
-10.6814  3.59039  3.59039  0.00191278  0.0880339
-9.42478  3.59039  3.59039  0.00235341  0.098373
-8.16814  3.59039  3.59039  0.0029567  0.111323
-6.9115  3.59039  3.59039  0.00380904  0.127962
-5.65487  3.59039  3.59039  0.00505918  0.150033
-4.39823  3.59039  3.59039  0.00697784  0.180538
-3.14159  3.59039  3.59039  0.0100985  0.225242
-1.88496  3.59039  3.59039  0.0156727  0.298026
-0.628319  3.59039  3.59039  0.0285239  0.464735
0.628319  3.59039  3.59039  0.0285239  -0.464735
1.88496  3.59039  3.59039  0.0156727  -0.298026
3.14159  3.59039  3.59039  0.0100985  -0.225242
4.39823  3.59039  3.59039  0.00697786  -0.180538
5.65487  3.59039  3.59039  0.00505919  -0.150033
6.9115  3.59039  3.59039  0.00380903  -0.127962
8.16814  3.59039  3.59039  0.0029567  -0.111323
10.6814  3.59039  3.59039  0.00191284  -0.0880339
13.1947  3.59039  3.59039  0.00132881  -0.0726086
18.2212  3.59039  3.59039  0.000740506  -0.0535788
27.0177  3.59039  3.59039  0.000351229  -0.0365912
54.6637  3.59039  3.59039  8.83517e-05  -0.0182408
-33.3009  3.59039  4.03919  0.000234167  0.0298003
-21.9911  3.59039  4.03919  0.000520388  0.0447096
-15.708  3.59039  4.03919  0.0009724  0.0616906
-10.6814  3.59039  4.03919  0.00191278  0.0880339
-9.42478  3.59039  4.03919  0.00235341  0.098373
-8.16814  3.59039  4.03919  0.0029567  0.111323
-6.9115  3.59039  4.03919  0.00380904  0.127962
-5.65487  3.59039  4.03919  0.00505918  0.150033
-4.39823  3.59039  4.03919  0.00697784  0.180538
-3.14159  3.59039  4.03919  0.0100985  0.225242
-1.88496  3.59039  4.03919  0.0156727  0.298026
-0.628319  3.59039  4.03919  0.0285239  0.464735
0.628319  3.59039  4.03919  0.0285239  -0.464735
1.88496  3.59039  4.03919  0.0156727  -0.298026
3.14159  3.59039  4.03919  0.0100985  -0.225242
4.39823  3.59039  4.03919  0.00697786  -0.180538
5.65487  3.59039  4.03919  0.00505919  -0.150033
6.9115  3.59039  4.03919  0.00380903  -0.127962
8.16814  3.59039  4.03919  0.0029567  -0.111323
10.6814  3.59039  4.03919  0.00191284  -0.0880339
13.1947  3.59039  4.03919  0.00132881  -0.0726086
18.2212  3.59039  4.03919  0.000740506  -0.0535788
27.0177  3.59039  4.03919  0.000351229  -0.0365912
54.6637  3.59039  4.03919  8.83517e-05  -0.0182408
-33.3009  3.59039  4.48799  0.000234167  0.0298003
-21.9911  3.59039  4.48799  0.000520388  0.0447096
-15.708  3.59039  4.48799  0.0009724  0.0616906
-10.6814  3.59039  4.48799  0.00191278  0.0880339
-9.42478  3.59039  4.48799  0.00235341  0.098373
-8.16814  3.59039  4.48799  0.0029567  0.111323
-6.9115  3.59039  4.48799  0.00380904  0.127962
-5.65487  3.59039  4.48799  0.00505918  0.150033
-4.39823  3.59039  4.48799  0.00697784  0.180538
-3.14159  3.59039  4.48799  0.0100985  0.225242
-1.88496  3.59039  4.48799  0.0156727  0.298026
-0.628319  3.59039  4.48799  0.0285239  0.464735
0.628319  3.59039  4.48799  0.0285239  -0.464735
1.88496  3.59039  4.48799  0.0156727  -0.298026
3.14159  3.59039  4.48799  0.0100985  -0.225242
4.39823  3.59039  4.48799  0.00697786  -0.180538
5.65487  3.59039  4.48799  0.00505919  -0.150033
6.9115  3.59039  4.48799  0.00380903  -0.127962
8.16814  3.59039  4.48799  0.0029567  -0.111323
10.6814  3.59039  4.48799  0.00191284  -0.0880339
13.1947  3.59039  4.48799  0.00132881  -0.0726086
18.2212  3.59039  4.48799  0.000740506  -0.0535788
27.0177  3.59039  4.48799  0.000351229  -0.0365912
54.6637  3.59039  4.48799  8.83517e-05  -0.0182408
-33.3009  3.59039  4.93679  0.000234167  0.0298003
-21.9911  3.59039  4.93679  0.000520388  0.0447096
-15.708  3.59039  4.93679  0.0009724  0.0616906
-10.6814  3.59039  4.93679  0.00191278  0.0880339
-9.42478  3.59039  4.93679  0.00235341  0.098373
-8.16814  3.59039  4.93679  0.0029567  0.111323
-6.9115  3.59039  4.93679  0.00380904  0.127962
-5.65487  3.59039  4.93679  0.00505918  0.150033
-4.39823  3.59039  4.93679  0.00697784  0.180538
-3.14159  3.59039  4.93679  0.0100985  0.225242
-1.88496  3.59039  4.93679  0.0156727  0.298026
-0.628319  3.59039  4.93679  0.0285239  0.464735
0.628319  3.59039  4.93679  0.0285239  -0.464735
1.88496  3.59039  4.93679  0.0156727  -0.298026
3.14159  3.59039  4.93679  0.0100985  -0.225242
4.39823  3.59039  4.93679  0.00697786  -0.180538
5.65487  3.59039  4.93679  0.00505919  -0.150033
6.9115  3.59039  4.93679  0.00380903  -0.127962
8.16814  3.59039  4.93679  0.0029567  -0.111323
10.6814  3.59039  4.93679  0.00191284  -0.0880339
13.1947  3.59039  4.93679  0.00132881  -0.0726086
18.2212  3.59039  4.93679  0.000740506  -0.0535788
27.0177  3.59039  4.93679  0.000351229  -0.0365912
54.6637  3.59039  4.93679  8.83517e-05  -0.0182408
-33.3009  3.59039  5.38559  0.000234167  0.0298003
-21.9911  3.59039  5.38559  0.000520388  0.0447096
-15.708  3.59039  5.38559  0.0009724  0.0616906
-10.6814  3.59039  5.38559  0.00191278  0.0880339
-9.42478  3.59039  5.38559  0.00235341  0.098373
-8.16814  3.59039  5.38559  0.0029567  0.111323
-6.9115  3.59039  5.38559  0.00380904  0.127962
-5.65487  3.59039  5.38559  0.00505918  0.150033
-4.39823  3.59039  5.38559  0.00697784  0.180538
-3.14159  3.59039  5.38559  0.0100985  0.225242
-1.88496  3.59039  5.38559  0.0156727  0.298026
-0.628319  3.59039  5.38559  0.0285239  0.464735
0.628319  3.59039  5.38559  0.0285239  -0.464735
1.88496  3.59039  5.38559  0.0156727  -0.298026
3.14159  3.59039  5.38559  0.0100985  -0.225242
4.39823  3.59039  5.38559  0.00697786  -0.180538
5.65487  3.59039  5.38559  0.00505919  -0.150033
6.9115  3.59039  5.38559  0.00380903  -0.127962
8.16814  3.59039  5.38559  0.0029567  -0.111323
10.6814  3.59039  5.38559  0.00191284  -0.0880339
13.1947  3.59039  5.38559  0.00132881  -0.0726086
18.2212  3.59039  5.38559  0.000740506  -0.0535788
27.0177  3.59039  5.38559  0.000351229  -0.0365912
54.6637  3.59039  5.38559  8.83517e-05  -0.0182408
-33.3009  3.59039  5.83439  0.000234167  0.0298003
-21.9911  3.59039  5.83439  0.000520388  0.0447096
-15.708  3.59039  5.83439  0.0009724  0.0616906
-10.6814  3.59039  5.83439  0.00191278  0.0880339
-9.42478  3.59039  5.83439  0.00235341  0.098373
-8.16814  3.59039  5.83439  0.0029567  0.111323
-6.9115  3.59039  5.83439  0.00380904  0.127962
-5.65487  3.59039  5.83439  0.00505918  0.150033
-4.39823  3.59039  5.83439  0.00697784  0.180538
-3.14159  3.59039  5.83439  0.0100985  0.225242
-1.88496  3.59039  5.83439  0.0156727  0.298026
-0.628319  3.59039  5.83439  0.0285239  0.464735
0.628319  3.59039  5.83439  0.0285239  -0.464735
1.88496  3.59039  5.83439  0.0156727  -0.298026
3.14159  3.59039  5.83439  0.0100985  -0.225242
4.39823  3.59039  5.83439  0.00697786  -0.180538
5.65487  3.59039  5.83439  0.00505919  -0.150033
6.9115  3.59039  5.83439  0.00380903  -0.127962
8.16814  3.59039  5.83439  0.0029567  -0.111323
10.6814  3.59039  5.83439  0.00191284  -0.0880339
13.1947  3.59039  5.83439  0.00132881  -0.0726086
18.2212  3.59039  5.83439  0.000740506  -0.0535788
27.0177  3.59039  5.83439  0.000351229  -0.0365912
54.6637  3.59039  5.83439  8.83517e-05  -0.0182408
-33.3009  3.59039  6.28319  0.000234167  0.0298003
-21.9911  3.59039  6.28319  0.000520388  0.0447096
-15.708  3.59039  6.28319  0.0009724  0.0616906
-10.6814  3.59039  6.28319  0.00191278  0.0880339
-9.42478  3.59039  6.28319  0.00235341  0.098373
-8.16814  3.59039  6.28319  0.0029567  0.111323
-6.9115  3.59039  6.28319  0.00380904  0.127962
-5.65487  3.59039  6.28319  0.00505918  0.150033
-4.39823  3.59039  6.28319  0.00697784  0.180538
-3.14159  3.59039  6.28319  0.0100985  0.225242
-1.88496  3.59039  6.28319  0.0156727  0.298026
-0.628319  3.59039  6.28319  0.0285239  0.464735
0.628319  3.59039  6.28319  0.0285239  -0.464735
1.88496  3.59039  6.28319  0.0156727  -0.298026
3.14159  3.59039  6.28319  0.0100985  -0.225242
4.39823  3.59039  6.28319  0.00697786  -0.180538
5.65487  3.59039  6.28319  0.00505919  -0.150033
6.9115  3.59039  6.28319  0.00380903  -0.127962
8.16814  3.59039  6.28319  0.0029567  -0.111323
10.6814  3.59039  6.28319  0.00191284  -0.0880339
13.1947  3.59039  6.28319  0.00132881  -0.0726086
18.2212  3.59039  6.28319  0.000740506  -0.0535788
27.0177  3.59039  6.28319  0.000351229  -0.0365912
54.6637  3.59039  6.28319  8.83517e-05  -0.0182408
-33.3009  4.03919  0  0.000234167  0.0298003
-21.9911  4.03919  0  0.000520388  0.0447096
-15.708  4.03919  0  0.0009724  0.0616906
-10.6814  4.03919  0  0.00191278  0.0880339
-9.42478  4.03919  0  0.00235341  0.098373
-8.16814  4.03919  0  0.0029567  0.111323
-6.9115  4.03919  0  0.00380904  0.127962
-5.65487  4.03919  0  0.00505918  0.150033
-4.39823  4.03919  0  0.00697784  0.180538
-3.14159  4.03919  0  0.0100985  0.225242
-1.88496  4.03919  0  0.0156727  0.298026
-0.628319  4.03919  0  0.0285239  0.464735
0.628319  4.03919  0  0.0285239  -0.464735
1.88496  4.03919  0  0.0156727  -0.298026
3.14159  4.03919  0  0.0100985  -0.225242
4.39823  4.03919  0  0.00697786  -0.180538
5.65487  4.03919  0  0.00505919  -0.150033
6.9115  4.03919  0  0.00380903  -0.127962
8.16814  4.03919  0  0.0029567  -0.111323
10.6814  4.03919  0  0.00191284  -0.0880339
13.1947  4.03919  0  0.00132881  -0.0726086
18.2212  4.03919  0  0.000740506  -0.0535788
27.0177  4.03919  0  0.000351229  -0.0365912
54.6637  4.03919  0  8.83517e-05  -0.0182408
-33.3009  4.03919  0.448799  0.000234167  0.0298003
-21.9911  4.03919  0.448799  0.000520388  0.0447096
-15.708  4.03919  0.448799  0.0009724  0.0616906
-10.6814  4.03919  0.448799  0.00191278  0.0880339
-9.42478  4.03919  0.448799  0.00235341  0.098373
-8.16814  4.03919  0.448799  0.0029567  0.111323
-6.9115  4.03919  0.448799  0.00380904  0.127962
-5.65487  4.03919  0.448799  0.00505918  0.150033
-4.39823  4.03919  0.448799  0.00697784  0.180538
-3.14159  4.03919  0.448799  0.0100985  0.225242
-1.88496  4.03919  0.448799  0.0156727  0.298026
-0.628319  4.03919  0.448799  0.0285239  0.464735
0.628319  4.03919  0.448799  0.0285239  -0.464735
1.88496  4.03919  0.448799  0.0156727  -0.298026
3.14159  4.03919  0.448799  0.0100985  -0.225242
4.39823  4.03919  0.448799  0.00697786  -0.180538
5.65487  4.03919  0.448799  0.00505919  -0.150033
6.9115  4.03919  0.448799  0.00380903  -0.127962
8.16814  4.03919  0.448799  0.0029567  -0.111323
10.6814  4.03919  0.448799  0.00191284  -0.0880339
13.1947  4.03919  0.448799  0.00132881  -0.0726086
18.2212  4.03919  0.448799  0.000740506  -0.0535788
27.0177  4.03919  0.448799  0.000351229  -0.0365912
54.6637  4.03919  0.448799  8.83517e-05  -0.0182408
-33.3009  4.03919  0.897598  0.000234167  0.0298003
-21.9911  4.03919  0.897598  0.000520388  0.0447096
-15.708  4.03919  0.897598  0.0009724  0.0616906
-10.6814  4.03919  0.897598  0.00191278  0.0880339
-9.42478  4.03919  0.897598  0.00235341  0.098373
-8.16814  4.03919  0.897598  0.0029567  0.111323
-6.9115  4.03919  0.897598  0.00380904  0.127962
-5.65487  4.03919  0.897598  0.00505918  0.150033
-4.39823  4.03919  0.897598  0.00697784  0.180538
-3.14159  4.03919  0.897598  0.0100985  0.225242
-1.88496  4.03919  0.897598  0.0156727  0.298026
-0.628319  4.03919  0.897598  0.0285239  0.464735
0.628319  4.03919  0.897598  0.0285239  -0.464735
1.88496  4.03919  0.897598  0.0156727  -0.298026
3.14159  4.03919  0.897598  0.0100985  -0.225242
4.39823  4.03919  0.897598  0.00697786  -0.180538
5.65487  4.03919  0.897598  0.00505919  -0.150033
6.9115  4.03919  0.897598  0.00380903  -0.127962
8.16814  4.03919  0.897598  0.0029567  -0.111323
10.6814  4.03919  0.897598  0.00191284  -0.0880339
13.1947  4.03919  0.897598  0.00132881  -0.0726086
18.2212  4.03919  0.897598  0.000740506  -0.0535788
27.0177  4.03919  0.897598  0.000351229  -0.0365912
54.6637  4.03919  0.897598  8.83517e-05  -0.0182408
-33.3009  4.03919  1.3464  0.000234167  0.0298003
-21.9911  4.03919  1.3464  0.000520388  0.0447096
-15.708  4.03919  1.3464  0.0009724  0.0616906
-10.6814  4.03919  1.3464  0.00191278  0.0880339
-9.42478  4.03919  1.3464  0.00235341  0.098373
-8.16814  4.03919  1.3464  0.0029567  0.111323
-6.9115  4.03919  1.3464  0.00380904  0.127962
-5.65487  4.03919  1.3464  0.00505918  0.150033
-4.39823  4.03919  1.3464  0.00697784  0.180538
-3.14159  4.03919  1.3464  0.0100985  0.225242
-1.88496  4.03919  1.3464  0.0156727  0.298026
-0.628319  4.03919  1.3464  0.0285239  0.464735
0.628319  4.03919  1.3464  0.0285239  -0.464735
1.88496  4.03919  1.3464  0.0156727  -0.298026
3.14159  4.03919  1.3464  0.0100985  -0.225242
4.39823  4.03919  1.3464  0.00697786  -0.180538
5.65487  4.03919  1.3464  0.00505919  -0.150033
6.9115  4.03919  1.3464  0.00380903  -0.127962
8.16814  4.03919  1.3464  0.0029567  -0.111323
10.6814  4.03919  1.3464  0.00191284  -0.0880339
13.1947  4.03919  1.3464  0.00132881  -0.0726086
18.2212  4.03919  1.3464  0.000740506  -0.0535788
27.0177  4.03919  1.3464  0.000351229  -0.0365912
54.6637  4.03919  1.3464  8.83517e-05  -0.0182408
-33.3009  4.03919  1.7952  0.000234167  0.0298003
-21.9911  4.03919  1.7952  0.000520388  0.0447096
-15.708  4.03919  1.7952  0.0009724  0.0616906
-10.6814  4.03919  1.7952  0.00191278  0.0880339
-9.42478  4.03919  1.7952  0.00235341  0.098373
-8.16814  4.03919  1.7952  0.0029567  0.111323
-6.9115  4.03919  1.7952  0.00380904  0.127962
-5.65487  4.03919  1.7952  0.00505918  0.150033
-4.39823  4.03919  1.7952  0.00697784  0.180538
-3.14159  4.03919  1.7952  0.0100985  0.225242
-1.88496  4.03919  1.7952  0.0156727  0.298026
-0.628319  4.03919  1.7952  0.0285239  0.464735
0.628319  4.03919  1.7952  0.0285239  -0.464735
1.88496  4.03919  1.7952  0.0156727  -0.298026
3.14159  4.03919  1.7952  0.0100985  -0.225242
4.39823  4.03919  1.7952  0.00697786  -0.180538
5.65487  4.03919  1.7952  0.00505919  -0.150033
6.9115  4.03919  1.7952  0.00380903  -0.127962
8.16814  4.03919  1.7952  0.0029567  -0.111323
10.6814  4.03919  1.7952  0.00191284  -0.0880339
13.1947  4.03919  1.7952  0.00132881  -0.0726086
18.2212  4.03919  1.7952  0.000740506  -0.0535788
27.0177  4.03919  1.7952  0.000351229  -0.0365912
54.6637  4.03919  1.7952  8.83517e-05  -0.0182408
-33.3009  4.03919  2.24399  0.000234167  0.0298003
-21.9911  4.03919  2.24399  0.000520388  0.0447096
-15.708  4.03919  2.24399  0.0009724  0.0616906
-10.6814  4.03919  2.24399  0.00191278  0.0880339
-9.42478  4.03919  2.24399  0.00235341  0.098373
-8.16814  4.03919  2.24399  0.0029567  0.111323
-6.9115  4.03919  2.24399  0.00380904  0.127962
-5.65487  4.03919  2.24399  0.00505918  0.150033
-4.39823  4.03919  2.24399  0.00697784  0.180538
-3.14159  4.03919  2.24399  0.0100985  0.225242
-1.88496  4.03919  2.24399  0.0156727  0.298026
-0.628319  4.03919  2.24399  0.0285239  0.464735
0.628319  4.03919  2.24399  0.0285239  -0.464735
1.88496  4.03919  2.24399  0.0156727  -0.298026
3.14159  4.03919  2.24399  0.0100985  -0.225242
4.39823  4.03919  2.24399  0.00697786  -0.180538
5.65487  4.03919  2.24399  0.00505919  -0.150033
6.9115  4.03919  2.24399  0.00380903  -0.127962
8.16814  4.03919  2.24399  0.0029567  -0.111323
10.6814  4.03919  2.24399  0.00191284  -0.0880339
13.1947  4.03919  2.24399  0.00132881  -0.0726086
18.2212  4.03919  2.24399  0.000740506  -0.0535788
27.0177  4.03919  2.24399  0.000351229  -0.0365912
54.6637  4.03919  2.24399  8.83517e-05  -0.0182408
-33.3009  4.03919  2.69279  0.000234167  0.0298003
-21.9911  4.03919  2.69279  0.000520388  0.0447096
-15.708  4.03919  2.69279  0.0009724  0.0616906
-10.6814  4.03919  2.69279  0.00191278  0.0880339
-9.42478  4.03919  2.69279  0.00235341  0.098373
-8.16814  4.03919  2.69279  0.0029567  0.111323
-6.9115  4.03919  2.69279  0.00380904  0.127962
-5.65487  4.03919  2.69279  0.00505918  0.150033
-4.39823  4.03919  2.69279  0.00697784  0.180538
-3.14159  4.03919  2.69279  0.0100985  0.225242
-1.88496  4.03919  2.69279  0.0156727  0.298026
-0.628319  4.03919  2.69279  0.0285239  0.464735
0.628319  4.03919  2.69279  0.0285239  -0.464735
1.88496  4.03919  2.69279  0.0156727  -0.298026
3.14159  4.03919  2.69279  0.0100985  -0.225242
4.39823  4.03919  2.69279  0.00697786  -0.180538
5.65487  4.03919  2.69279  0.00505919  -0.150033
6.9115  4.03919  2.69279  0.00380903  -0.127962
8.16814  4.03919  2.69279  0.0029567  -0.111323
10.6814  4.03919  2.69279  0.00191284  -0.0880339
13.1947  4.03919  2.69279  0.00132881  -0.0726086
18.2212  4.03919  2.69279  0.000740506  -0.0535788
27.0177  4.03919  2.69279  0.000351229  -0.0365912
54.6637  4.03919  2.69279  8.83517e-05  -0.0182408
-33.3009  4.03919  3.14159  0.000234167  0.0298003
-21.9911  4.03919  3.14159  0.000520388  0.0447096
-15.708  4.03919  3.14159  0.0009724  0.0616906
-10.6814  4.03919  3.14159  0.00191278  0.0880339
-9.42478  4.03919  3.14159  0.00235341  0.098373
-8.16814  4.03919  3.14159  0.0029567  0.111323
-6.9115  4.03919  3.14159  0.00380904  0.127962
-5.65487  4.03919  3.14159  0.00505918  0.150033
-4.39823  4.03919  3.14159  0.00697784  0.180538
-3.14159  4.03919  3.14159  0.0100985  0.225242
-1.88496  4.03919  3.14159  0.0156727  0.298026
-0.628319  4.03919  3.14159  0.0285239  0.464735
0.628319  4.03919  3.14159  0.0285239  -0.464735
1.88496  4.03919  3.14159  0.0156727  -0.298026
3.14159  4.03919  3.14159  0.0100985  -0.225242
4.39823  4.03919  3.14159  0.00697786  -0.180538
5.65487  4.03919  3.14159  0.00505919  -0.150033
6.9115  4.03919  3.14159  0.00380903  -0.127962
8.16814  4.03919  3.14159  0.0029567  -0.111323
10.6814  4.03919  3.14159  0.00191284  -0.0880339
13.1947  4.03919  3.14159  0.00132881  -0.0726086
18.2212  4.03919  3.14159  0.000740506  -0.0535788
27.0177  4.03919  3.14159  0.000351229  -0.0365912
54.6637  4.03919  3.14159  8.83517e-05  -0.0182408
-33.3009  4.03919  3.59039  0.000234167  0.0298003
-21.9911  4.03919  3.59039  0.000520388  0.0447096
-15.708  4.03919  3.59039  0.0009724  0.0616906
-10.6814  4.03919  3.59039  0.00191278  0.0880339
-9.42478  4.03919  3.59039  0.00235341  0.098373
-8.16814  4.03919  3.59039  0.0029567  0.111323
-6.9115  4.03919  3.59039  0.00380904  0.127962
-5.65487  4.03919  3.59039  0.00505918  0.150033
-4.39823  4.03919  3.59039  0.00697784  0.180538
-3.14159  4.03919  3.59039  0.0100985  0.225242
-1.88496  4.03919  3.59039  0.0156727  0.298026
-0.628319  4.03919  3.59039  0.0285239  0.464735
0.628319  4.03919  3.59039  0.0285239  -0.464735
1.88496  4.03919  3.59039  0.0156727  -0.298026
3.14159  4.03919  3.59039  0.0100985  -0.225242
4.39823  4.03919  3.59039  0.00697786  -0.180538
5.65487  4.03919  3.59039  0.00505919  -0.150033
6.9115  4.03919  3.59039  0.00380903  -0.127962
8.16814  4.03919  3.59039  0.0029567  -0.111323
10.6814  4.03919  3.59039  0.00191284  -0.0880339
13.1947  4.03919  3.59039  0.00132881  -0.0726086
18.2212  4.03919  3.59039  0.000740506  -0.0535788
27.0177  4.03919  3.59039  0.000351229  -0.0365912
54.6637  4.03919  3.59039  8.83517e-05  -0.0182408
-33.3009  4.03919  4.03919  0.000234167  0.0298003
-21.9911  4.03919  4.03919  0.000520388  0.0447096
-15.708  4.03919  4.03919  0.0009724  0.0616906
-10.6814  4.03919  4.03919  0.00191278  0.0880339
-9.42478  4.03919  4.03919  0.00235341  0.098373
-8.16814  4.03919  4.03919  0.0029567  0.111323
-6.9115  4.03919  4.03919  0.00380904  0.127962
-5.65487  4.03919  4.03919  0.00505918  0.150033
-4.39823  4.03919  4.03919  0.00697784  0.180538
-3.14159  4.03919  4.03919  0.0100985  0.225242
-1.88496  4.03919  4.03919  0.0156727  0.298026
-0.628319  4.03919  4.03919  0.0285239  0.464735
0.628319  4.03919  4.03919  0.0285239  -0.464735
1.88496  4.03919  4.03919  0.0156727  -0.298026
3.14159  4.03919  4.03919  0.0100985  -0.225242
4.39823  4.03919  4.03919  0.00697786  -0.180538
5.65487  4.03919  4.03919  0.00505919  -0.150033
6.9115  4.03919  4.03919  0.00380903  -0.127962
8.16814  4.03919  4.03919  0.0029567  -0.111323
10.6814  4.03919  4.03919  0.00191284  -0.0880339
13.1947  4.03919  4.03919  0.00132881  -0.0726086
18.2212  4.03919  4.03919  0.000740506  -0.0535788
27.0177  4.03919  4.03919  0.000351229  -0.0365912
54.6637  4.03919  4.03919  8.83517e-05  -0.0182408
-33.3009  4.03919  4.48799  0.000234167  0.0298003
-21.9911  4.03919  4.48799  0.000520388  0.0447096
-15.708  4.03919  4.48799  0.0009724  0.0616906
-10.6814  4.03919  4.48799  0.00191278  0.0880339
-9.42478  4.03919  4.48799  0.00235341  0.098373
-8.16814  4.03919  4.48799  0.0029567  0.111323
-6.9115  4.03919  4.48799  0.00380904  0.127962
-5.65487  4.03919  4.48799  0.00505918  0.150033
-4.39823  4.03919  4.48799  0.00697784  0.180538
-3.14159  4.03919  4.48799  0.0100985  0.225242
-1.88496  4.03919  4.48799  0.0156727  0.298026
-0.628319  4.03919  4.48799  0.0285239  0.464735
0.628319  4.03919  4.48799  0.0285239  -0.464735
1.88496  4.03919  4.48799  0.0156727  -0.298026
3.14159  4.03919  4.48799  0.0100985  -0.225242
4.39823  4.03919  4.48799  0.00697786  -0.180538
5.65487  4.03919  4.48799  0.00505919  -0.150033
6.9115  4.03919  4.48799  0.00380903  -0.127962
8.16814  4.03919  4.48799  0.0029567  -0.111323
10.6814  4.03919  4.48799  0.00191284  -0.0880339
13.1947  4.03919  4.48799  0.00132881  -0.0726086
18.2212  4.03919  4.48799  0.000740506  -0.0535788
27.0177  4.03919  4.48799  0.000351229  -0.0365912
54.6637  4.03919  4.48799  8.83517e-05  -0.0182408
-33.3009  4.03919  4.93679  0.000234167  0.0298003
-21.9911  4.03919  4.93679  0.000520388  0.0447096
-15.708  4.03919  4.93679  0.0009724  0.0616906
-10.6814  4.03919  4.93679  0.00191278  0.0880339
-9.42478  4.03919  4.93679  0.00235341  0.098373
-8.16814  4.03919  4.93679  0.0029567  0.111323
-6.9115  4.03919  4.93679  0.00380904  0.127962
-5.65487  4.03919  4.93679  0.00505918  0.150033
-4.39823  4.03919  4.93679  0.00697784  0.180538
-3.14159  4.03919  4.93679  0.0100985  0.225242
-1.88496  4.03919  4.93679  0.0156727  0.298026
-0.628319  4.03919  4.93679  0.0285239  0.464735
0.628319  4.03919  4.93679  0.0285239  -0.464735
1.88496  4.03919  4.93679  0.0156727  -0.298026
3.14159  4.03919  4.93679  0.0100985  -0.225242
4.39823  4.03919  4.93679  0.00697786  -0.180538
5.65487  4.03919  4.93679  0.00505919  -0.150033
6.9115  4.03919  4.93679  0.00380903  -0.127962
8.16814  4.03919  4.93679  0.0029567  -0.111323
10.6814  4.03919  4.93679  0.00191284  -0.0880339
13.1947  4.03919  4.93679  0.00132881  -0.0726086
18.2212  4.03919  4.93679  0.000740506  -0.0535788
27.0177  4.03919  4.93679  0.000351229  -0.0365912
54.6637  4.03919  4.93679  8.83517e-05  -0.0182408
-33.3009  4.03919  5.38559  0.000234167  0.0298003
-21.9911  4.03919  5.38559  0.000520388  0.0447096
-15.708  4.03919  5.38559  0.0009724  0.0616906
-10.6814  4.03919  5.38559  0.00191278  0.0880339
-9.42478  4.03919  5.38559  0.00235341  0.098373
-8.16814  4.03919  5.38559  0.0029567  0.111323
-6.9115  4.03919  5.38559  0.00380904  0.127962
-5.65487  4.03919  5.38559  0.00505918  0.150033
-4.39823  4.03919  5.38559  0.00697784  0.180538
-3.14159  4.03919  5.38559  0.0100985  0.225242
-1.88496  4.03919  5.38559  0.0156727  0.298026
-0.628319  4.03919  5.38559  0.0285239  0.464735
0.628319  4.03919  5.38559  0.0285239  -0.464735
1.88496  4.03919  5.38559  0.0156727  -0.298026
3.14159  4.03919  5.38559  0.0100985  -0.225242
4.39823  4.03919  5.38559  0.00697786  -0.180538
5.65487  4.03919  5.38559  0.00505919  -0.150033
6.9115  4.03919  5.38559  0.00380903  -0.127962
8.16814  4.03919  5.38559  0.0029567  -0.111323
10.6814  4.03919  5.38559  0.00191284  -0.0880339
13.1947  4.03919  5.38559  0.00132881  -0.0726086
18.2212  4.03919  5.38559  0.000740506  -0.0535788
27.0177  4.03919  5.38559  0.000351229  -0.0365912
54.6637  4.03919  5.38559  8.83517e-05  -0.0182408
-33.3009  4.03919  5.83439  0.000234167  0.0298003
-21.9911  4.03919  5.83439  0.000520388  0.0447096
-15.708  4.03919  5.83439  0.0009724  0.0616906
-10.6814  4.03919  5.83439  0.00191278  0.0880339
-9.42478  4.03919  5.83439  0.00235341  0.098373
-8.16814  4.03919  5.83439  0.0029567  0.111323
-6.9115  4.03919  5.83439  0.00380904  0.127962
-5.65487  4.03919  5.83439  0.00505918  0.150033
-4.39823  4.03919  5.83439  0.00697784  0.180538
-3.14159  4.03919  5.83439  0.0100985  0.225242
-1.88496  4.03919  5.83439  0.0156727  0.298026
-0.628319  4.03919  5.83439  0.0285239  0.464735
0.628319  4.03919  5.83439  0.0285239  -0.464735
1.88496  4.03919  5.83439  0.0156727  -0.298026
3.14159  4.03919  5.83439  0.0100985  -0.225242
4.39823  4.03919  5.83439  0.00697786  -0.180538
5.65487  4.03919  5.83439  0.00505919  -0.150033
6.9115  4.03919  5.83439  0.00380903  -0.127962
8.16814  4.03919  5.83439  0.0029567  -0.111323
10.6814  4.03919  5.83439  0.00191284  -0.0880339
13.1947  4.03919  5.83439  0.00132881  -0.0726086
18.2212  4.03919  5.83439  0.000740506  -0.0535788
27.0177  4.03919  5.83439  0.000351229  -0.0365912
54.6637  4.03919  5.83439  8.83517e-05  -0.0182408
-33.3009  4.03919  6.28319  0.000234167  0.0298003
-21.9911  4.03919  6.28319  0.000520388  0.0447096
-15.708  4.03919  6.28319  0.0009724  0.0616906
-10.6814  4.03919  6.28319  0.00191278  0.0880339
-9.42478  4.03919  6.28319  0.00235341  0.098373
-8.16814  4.03919  6.28319  0.0029567  0.111323
-6.9115  4.03919  6.28319  0.00380904  0.127962
-5.65487  4.03919  6.28319  0.00505918  0.150033
-4.39823  4.03919  6.28319  0.00697784  0.180538
-3.14159  4.03919  6.28319  0.0100985  0.225242
-1.88496  4.03919  6.28319  0.0156727  0.298026
-0.628319  4.03919  6.28319  0.0285239  0.464735
0.628319  4.03919  6.28319  0.0285239  -0.464735
1.88496  4.03919  6.28319  0.0156727  -0.298026
3.14159  4.03919  6.28319  0.0100985  -0.225242
4.39823  4.03919  6.28319  0.00697786  -0.180538
5.65487  4.03919  6.28319  0.00505919  -0.150033
6.9115  4.03919  6.28319  0.00380903  -0.127962
8.16814  4.03919  6.28319  0.0029567  -0.111323
10.6814  4.03919  6.28319  0.00191284  -0.0880339
13.1947  4.03919  6.28319  0.00132881  -0.0726086
18.2212  4.03919  6.28319  0.000740506  -0.0535788
27.0177  4.03919  6.28319  0.000351229  -0.0365912
54.6637  4.03919  6.28319  8.83517e-05  -0.0182408
-33.3009  4.48799  0  0.000234167  0.0298003
-21.9911  4.48799  0  0.000520388  0.0447096
-15.708  4.48799  0  0.0009724  0.0616906
-10.6814  4.48799  0  0.00191278  0.0880339
-9.42478  4.48799  0  0.00235341  0.098373
-8.16814  4.48799  0  0.0029567  0.111323
-6.9115  4.48799  0  0.00380904  0.127962
-5.65487  4.48799  0  0.00505918  0.150033
-4.39823  4.48799  0  0.00697784  0.180538
-3.14159  4.48799  0  0.0100985  0.225242
-1.88496  4.48799  0  0.0156727  0.298026
-0.628319  4.48799  0  0.0285239  0.464735
0.628319  4.48799  0  0.0285239  -0.464735
1.88496  4.48799  0  0.0156727  -0.298026
3.14159  4.48799  0  0.0100985  -0.225242
4.39823  4.48799  0  0.00697786  -0.180538
5.65487  4.48799  0  0.00505919  -0.150033
6.9115  4.48799  0  0.00380903  -0.127962
8.16814  4.48799  0  0.0029567  -0.111323
10.6814  4.48799  0  0.00191284  -0.0880339
13.1947  4.48799  0  0.00132881  -0.0726086
18.2212  4.48799  0  0.000740506  -0.0535788
27.0177  4.48799  0  0.000351229  -0.0365912
54.6637  4.48799  0  8.83517e-05  -0.0182408
-33.3009  4.48799  0.448799  0.000234167  0.0298003
-21.9911  4.48799  0.448799  0.000520388  0.0447096
-15.708  4.48799  0.448799  0.0009724  0.0616906
-10.6814  4.48799  0.448799  0.00191278  0.0880339
-9.42478  4.48799  0.448799  0.00235341  0.098373
-8.16814  4.48799  0.448799  0.0029567  0.111323
-6.9115  4.48799  0.448799  0.00380904  0.127962
-5.65487  4.48799  0.448799  0.00505918  0.150033
-4.39823  4.48799  0.448799  0.00697784  0.180538
-3.14159  4.48799  0.448799  0.0100985  0.225242
-1.88496  4.48799  0.448799  0.0156727  0.298026
-0.628319  4.48799  0.448799  0.0285239  0.464735
0.628319  4.48799  0.448799  0.0285239  -0.464735
1.88496  4.48799  0.448799  0.0156727  -0.298026
3.14159  4.48799  0.448799  0.0100985  -0.225242
4.39823  4.48799  0.448799  0.00697786  -0.180538
5.65487  4.48799  0.448799  0.00505919  -0.150033
6.9115  4.48799  0.448799  0.00380903  -0.127962
8.16814  4.48799  0.448799  0.0029567  -0.111323
10.6814  4.48799  0.448799  0.00191284  -0.0880339
13.1947  4.48799  0.448799  0.00132881  -0.0726086
18.2212  4.48799  0.448799  0.000740506  -0.0535788
27.0177  4.48799  0.448799  0.000351229  -0.0365912
54.6637  4.48799  0.448799  8.83517e-05  -0.0182408
-33.3009  4.48799  0.897598  0.000234167  0.0298003
-21.9911  4.48799  0.897598  0.000520388  0.0447096
-15.708  4.48799  0.897598  0.0009724  0.0616906
-10.6814  4.48799  0.897598  0.00191278  0.0880339
-9.42478  4.48799  0.897598  0.00235341  0.098373
-8.16814  4.48799  0.897598  0.0029567  0.111323
-6.9115  4.48799  0.897598  0.00380904  0.127962
-5.65487  4.48799  0.897598  0.00505918  0.150033
-4.39823  4.48799  0.897598  0.00697784  0.180538
-3.14159  4.48799  0.897598  0.0100985  0.225242
-1.88496  4.48799  0.897598  0.0156727  0.298026
-0.628319  4.48799  0.897598  0.0285239  0.464735
0.628319  4.48799  0.897598  0.0285239  -0.464735
1.88496  4.48799  0.897598  0.0156727  -0.298026
3.14159  4.48799  0.897598  0.0100985  -0.225242
4.39823  4.48799  0.897598  0.00697786  -0.180538
5.65487  4.48799  0.897598  0.00505919  -0.150033
6.9115  4.48799  0.897598  0.00380903  -0.127962
8.16814  4.48799  0.897598  0.0029567  -0.111323
10.6814  4.48799  0.897598  0.00191284  -0.0880339
13.1947  4.48799  0.897598  0.00132881  -0.0726086
18.2212  4.48799  0.897598  0.000740506  -0.0535788
27.0177  4.48799  0.897598  0.000351229  -0.0365912
54.6637  4.48799  0.897598  8.83517e-05  -0.0182408
-33.3009  4.48799  1.3464  0.000234167  0.0298003
-21.9911  4.48799  1.3464  0.000520388  0.0447096
-15.708  4.48799  1.3464  0.0009724  0.0616906
-10.6814  4.48799  1.3464  0.00191278  0.0880339
-9.42478  4.48799  1.3464  0.00235341  0.098373
-8.16814  4.48799  1.3464  0.0029567  0.111323
-6.9115  4.48799  1.3464  0.00380904  0.127962
-5.65487  4.48799  1.3464  0.00505918  0.150033
-4.39823  4.48799  1.3464  0.00697784  0.180538
-3.14159  4.48799  1.3464  0.0100985  0.225242
-1.88496  4.48799  1.3464  0.0156727  0.298026
-0.628319  4.48799  1.3464  0.0285239  0.464735
0.628319  4.48799  1.3464  0.0285239  -0.464735
1.88496  4.48799  1.3464  0.0156727  -0.298026
3.14159  4.48799  1.3464  0.0100985  -0.225242
4.39823  4.48799  1.3464  0.00697786  -0.180538
5.65487  4.48799  1.3464  0.00505919  -0.150033
6.9115  4.48799  1.3464  0.00380903  -0.127962
8.16814  4.48799  1.3464  0.0029567  -0.111323
10.6814  4.48799  1.3464  0.00191284  -0.0880339
13.1947  4.48799  1.3464  0.00132881  -0.0726086
18.2212  4.48799  1.3464  0.000740506  -0.0535788
27.0177  4.48799  1.3464  0.000351229  -0.0365912
54.6637  4.48799  1.3464  8.83517e-05  -0.0182408
-33.3009  4.48799  1.7952  0.000234167  0.0298003
-21.9911  4.48799  1.7952  0.000520388  0.0447096
-15.708  4.48799  1.7952  0.0009724  0.0616906
-10.6814  4.48799  1.7952  0.00191278  0.0880339
-9.42478  4.48799  1.7952  0.00235341  0.098373
-8.16814  4.48799  1.7952  0.0029567  0.111323
-6.9115  4.48799  1.7952  0.00380904  0.127962
-5.65487  4.48799  1.7952  0.00505918  0.150033
-4.39823  4.48799  1.7952  0.00697784  0.180538
-3.14159  4.48799  1.7952  0.0100985  0.225242
-1.88496  4.48799  1.7952  0.0156727  0.298026
-0.628319  4.48799  1.7952  0.0285239  0.464735
0.628319  4.48799  1.7952  0.0285239  -0.464735
1.88496  4.48799  1.7952  0.0156727  -0.298026
3.14159  4.48799  1.7952  0.0100985  -0.225242
4.39823  4.48799  1.7952  0.00697786  -0.180538
5.65487  4.48799  1.7952  0.00505919  -0.150033
6.9115  4.48799  1.7952  0.00380903  -0.127962
8.16814  4.48799  1.7952  0.0029567  -0.111323
10.6814  4.48799  1.7952  0.00191284  -0.0880339
13.1947  4.48799  1.7952  0.00132881  -0.0726086
18.2212  4.48799  1.7952  0.000740506  -0.0535788
27.0177  4.48799  1.7952  0.000351229  -0.0365912
54.6637  4.48799  1.7952  8.83517e-05  -0.0182408
-33.3009  4.48799  2.24399  0.000234167  0.0298003
-21.9911  4.48799  2.24399  0.000520388  0.0447096
-15.708  4.48799  2.24399  0.0009724  0.0616906
-10.6814  4.48799  2.24399  0.00191278  0.0880339
-9.42478  4.48799  2.24399  0.00235341  0.098373
-8.16814  4.48799  2.24399  0.0029567  0.111323
-6.9115  4.48799  2.24399  0.00380904  0.127962
-5.65487  4.48799  2.24399  0.00505918  0.150033
-4.39823  4.48799  2.24399  0.00697784  0.180538
-3.14159  4.48799  2.24399  0.0100985  0.225242
-1.88496  4.48799  2.24399  0.0156727  0.298026
-0.628319  4.48799  2.24399  0.0285239  0.464735
0.628319  4.48799  2.24399  0.0285239  -0.464735
1.88496  4.48799  2.24399  0.0156727  -0.298026
3.14159  4.48799  2.24399  0.0100985  -0.225242
4.39823  4.48799  2.24399  0.00697786  -0.180538
5.65487  4.48799  2.24399  0.00505919  -0.150033
6.9115  4.48799  2.24399  0.00380903  -0.127962
8.16814  4.48799  2.24399  0.0029567  -0.111323
10.6814  4.48799  2.24399  0.00191284  -0.0880339
13.1947  4.48799  2.24399  0.00132881  -0.0726086
18.2212  4.48799  2.24399  0.000740506  -0.0535788
27.0177  4.48799  2.24399  0.000351229  -0.0365912
54.6637  4.48799  2.24399  8.83517e-05  -0.0182408
-33.3009  4.48799  2.69279  0.000234167  0.0298003
-21.9911  4.48799  2.69279  0.000520388  0.0447096
-15.708  4.48799  2.69279  0.0009724  0.0616906
-10.6814  4.48799  2.69279  0.00191278  0.0880339
-9.42478  4.48799  2.69279  0.00235341  0.098373
-8.16814  4.48799  2.69279  0.0029567  0.111323
-6.9115  4.48799  2.69279  0.00380904  0.127962
-5.65487  4.48799  2.69279  0.00505918  0.150033
-4.39823  4.48799  2.69279  0.00697784  0.180538
-3.14159  4.48799  2.69279  0.0100985  0.225242
-1.88496  4.48799  2.69279  0.0156727  0.298026
-0.628319  4.48799  2.69279  0.0285239  0.464735
0.628319  4.48799  2.69279  0.0285239  -0.464735
1.88496  4.48799  2.69279  0.0156727  -0.298026
3.14159  4.48799  2.69279  0.0100985  -0.225242
4.39823  4.48799  2.69279  0.00697786  -0.180538
5.65487  4.48799  2.69279  0.00505919  -0.150033
6.9115  4.48799  2.69279  0.00380903  -0.127962
8.16814  4.48799  2.69279  0.0029567  -0.111323
10.6814  4.48799  2.69279  0.00191284  -0.0880339
13.1947  4.48799  2.69279  0.00132881  -0.0726086
18.2212  4.48799  2.69279  0.000740506  -0.0535788
27.0177  4.48799  2.69279  0.000351229  -0.0365912
54.6637  4.48799  2.69279  8.83517e-05  -0.0182408
-33.3009  4.48799  3.14159  0.000234167  0.0298003
-21.9911  4.48799  3.14159  0.000520388  0.0447096
-15.708  4.48799  3.14159  0.0009724  0.0616906
-10.6814  4.48799  3.14159  0.00191278  0.0880339
-9.42478  4.48799  3.14159  0.00235341  0.098373
-8.16814  4.48799  3.14159  0.0029567  0.111323
-6.9115  4.48799  3.14159  0.00380904  0.127962
-5.65487  4.48799  3.14159  0.00505918  0.150033
-4.39823  4.48799  3.14159  0.00697784  0.180538
-3.14159  4.48799  3.14159  0.0100985  0.225242
-1.88496  4.48799  3.14159  0.0156727  0.298026
-0.628319  4.48799  3.14159  0.0285239  0.464735
0.628319  4.48799  3.14159  0.0285239  -0.464735
1.88496  4.48799  3.14159  0.0156727  -0.298026
3.14159  4.48799  3.14159  0.0100985  -0.225242
4.39823  4.48799  3.14159  0.00697786  -0.180538
5.65487  4.48799  3.14159  0.00505919  -0.150033
6.9115  4.48799  3.14159  0.00380903  -0.127962
8.16814  4.48799  3.14159  0.0029567  -0.111323
10.6814  4.48799  3.14159  0.00191284  -0.0880339
13.1947  4.48799  3.14159  0.00132881  -0.0726086
18.2212  4.48799  3.14159  0.000740506  -0.0535788
27.0177  4.48799  3.14159  0.000351229  -0.0365912
54.6637  4.48799  3.14159  8.83517e-05  -0.0182408
-33.3009  4.48799  3.59039  0.000234167  0.0298003
-21.9911  4.48799  3.59039  0.000520388  0.0447096
-15.708  4.48799  3.59039  0.0009724  0.0616906
-10.6814  4.48799  3.59039  0.00191278  0.0880339
-9.42478  4.48799  3.59039  0.00235341  0.098373
-8.16814  4.48799  3.59039  0.0029567  0.111323
-6.9115  4.48799  3.59039  0.00380904  0.127962
-5.65487  4.48799  3.59039  0.00505918  0.150033
-4.39823  4.48799  3.59039  0.00697784  0.180538
-3.14159  4.48799  3.59039  0.0100985  0.225242
-1.88496  4.48799  3.59039  0.0156727  0.298026
-0.628319  4.48799  3.59039  0.0285239  0.464735
0.628319  4.48799  3.59039  0.0285239  -0.464735
1.88496  4.48799  3.59039  0.0156727  -0.298026
3.14159  4.48799  3.59039  0.0100985  -0.225242
4.39823  4.48799  3.59039  0.00697786  -0.180538
5.65487  4.48799  3.59039  0.00505919  -0.150033
6.9115  4.48799  3.59039  0.00380903  -0.127962
8.16814  4.48799  3.59039  0.0029567  -0.111323
10.6814  4.48799  3.59039  0.00191284  -0.0880339
13.1947  4.48799  3.59039  0.00132881  -0.0726086
18.2212  4.48799  3.59039  0.000740506  -0.0535788
27.0177  4.48799  3.59039  0.000351229  -0.0365912
54.6637  4.48799  3.59039  8.83517e-05  -0.0182408
-33.3009  4.48799  4.03919  0.000234167  0.0298003
-21.9911  4.48799  4.03919  0.000520388  0.0447096
-15.708  4.48799  4.03919  0.0009724  0.0616906
-10.6814  4.48799  4.03919  0.00191278  0.0880339
-9.42478  4.48799  4.03919  0.00235341  0.098373
-8.16814  4.48799  4.03919  0.0029567  0.111323
-6.9115  4.48799  4.03919  0.00380904  0.127962
-5.65487  4.48799  4.03919  0.00505918  0.150033
-4.39823  4.48799  4.03919  0.00697784  0.180538
-3.14159  4.48799  4.03919  0.0100985  0.225242
-1.88496  4.48799  4.03919  0.0156727  0.298026
-0.628319  4.48799  4.03919  0.0285239  0.464735
0.628319  4.48799  4.03919  0.0285239  -0.464735
1.88496  4.48799  4.03919  0.0156727  -0.298026
3.14159  4.48799  4.03919  0.0100985  -0.225242
4.39823  4.48799  4.03919  0.00697786  -0.180538
5.65487  4.48799  4.03919  0.00505919  -0.150033
6.9115  4.48799  4.03919  0.00380903  -0.127962
8.16814  4.48799  4.03919  0.0029567  -0.111323
10.6814  4.48799  4.03919  0.00191284  -0.0880339
13.1947  4.48799  4.03919  0.00132881  -0.0726086
18.2212  4.48799  4.03919  0.000740506  -0.0535788
27.0177  4.48799  4.03919  0.000351229  -0.0365912
54.6637  4.48799  4.03919  8.83517e-05  -0.0182408
-33.3009  4.48799  4.48799  0.000234167  0.0298003
-21.9911  4.48799  4.48799  0.000520388  0.0447096
-15.708  4.48799  4.48799  0.0009724  0.0616906
-10.6814  4.48799  4.48799  0.00191278  0.0880339
-9.42478  4.48799  4.48799  0.00235341  0.098373
-8.16814  4.48799  4.48799  0.0029567  0.111323
-6.9115  4.48799  4.48799  0.00380904  0.127962
-5.65487  4.48799  4.48799  0.00505918  0.150033
-4.39823  4.48799  4.48799  0.00697784  0.180538
-3.14159  4.48799  4.48799  0.0100985  0.225242
-1.88496  4.48799  4.48799  0.0156727  0.298026
-0.628319  4.48799  4.48799  0.0285239  0.464735
0.628319  4.48799  4.48799  0.0285239  -0.464735
1.88496  4.48799  4.48799  0.0156727  -0.298026
3.14159  4.48799  4.48799  0.0100985  -0.225242
4.39823  4.48799  4.48799  0.00697786  -0.180538
5.65487  4.48799  4.48799  0.00505919  -0.150033
6.9115  4.48799  4.48799  0.00380903  -0.127962
8.16814  4.48799  4.48799  0.0029567  -0.111323
10.6814  4.48799  4.48799  0.00191284  -0.0880339
13.1947  4.48799  4.48799  0.00132881  -0.0726086
18.2212  4.48799  4.48799  0.000740506  -0.0535788
27.0177  4.48799  4.48799  0.000351229  -0.0365912
54.6637  4.48799  4.48799  8.83517e-05  -0.0182408
-33.3009  4.48799  4.93679  0.000234167  0.0298003
-21.9911  4.48799  4.93679  0.000520388  0.0447096
-15.708  4.48799  4.93679  0.0009724  0.0616906
-10.6814  4.48799  4.93679  0.00191278  0.0880339
-9.42478  4.48799  4.93679  0.00235341  0.098373
-8.16814  4.48799  4.93679  0.0029567  0.111323
-6.9115  4.48799  4.93679  0.00380904  0.127962
-5.65487  4.48799  4.93679  0.00505918  0.150033
-4.39823  4.48799  4.93679  0.00697784  0.180538
-3.14159  4.48799  4.93679  0.0100985  0.225242
-1.88496  4.48799  4.93679  0.0156727  0.298026
-0.628319  4.48799  4.93679  0.0285239  0.464735
0.628319  4.48799  4.93679  0.0285239  -0.464735
1.88496  4.48799  4.93679  0.0156727  -0.298026
3.14159  4.48799  4.93679  0.0100985  -0.225242
4.39823  4.48799  4.93679  0.00697786  -0.180538
5.65487  4.48799  4.93679  0.00505919  -0.150033
6.9115  4.48799  4.93679  0.00380903  -0.127962
8.16814  4.48799  4.93679  0.0029567  -0.111323
10.6814  4.48799  4.93679  0.00191284  -0.0880339
13.1947  4.48799  4.93679  0.00132881  -0.0726086
18.2212  4.48799  4.93679  0.000740506  -0.0535788
27.0177  4.48799  4.93679  0.000351229  -0.0365912
54.6637  4.48799  4.93679  8.83517e-05  -0.0182408
-33.3009  4.48799  5.38559  0.000234167  0.0298003
-21.9911  4.48799  5.38559  0.000520388  0.0447096
-15.708  4.48799  5.38559  0.0009724  0.0616906
-10.6814  4.48799  5.38559  0.00191278  0.0880339
-9.42478  4.48799  5.38559  0.00235341  0.098373
-8.16814  4.48799  5.38559  0.0029567  0.111323
-6.9115  4.48799  5.38559  0.00380904  0.127962
-5.65487  4.48799  5.38559  0.00505918  0.150033
-4.39823  4.48799  5.38559  0.00697784  0.180538
-3.14159  4.48799  5.38559  0.0100985  0.225242
-1.88496  4.48799  5.38559  0.0156727  0.298026
-0.628319  4.48799  5.38559  0.0285239  0.464735
0.628319  4.48799  5.38559  0.0285239  -0.464735
1.88496  4.48799  5.38559  0.0156727  -0.298026
3.14159  4.48799  5.38559  0.0100985  -0.225242
4.39823  4.48799  5.38559  0.00697786  -0.180538
5.65487  4.48799  5.38559  0.00505919  -0.150033
6.9115  4.48799  5.38559  0.00380903  -0.127962
8.16814  4.48799  5.38559  0.0029567  -0.111323
10.6814  4.48799  5.38559  0.00191284  -0.0880339
13.1947  4.48799  5.38559  0.00132881  -0.0726086
18.2212  4.48799  5.38559  0.000740506  -0.0535788
27.0177  4.48799  5.38559  0.000351229  -0.0365912
54.6637  4.48799  5.38559  8.83517e-05  -0.0182408
-33.3009  4.48799  5.83439  0.000234167  0.0298003
-21.9911  4.48799  5.83439  0.000520388  0.0447096
-15.708  4.48799  5.83439  0.0009724  0.0616906
-10.6814  4.48799  5.83439  0.00191278  0.0880339
-9.42478  4.48799  5.83439  0.00235341  0.098373
-8.16814  4.48799  5.83439  0.0029567  0.111323
-6.9115  4.48799  5.83439  0.00380904  0.127962
-5.65487  4.48799  5.83439  0.00505918  0.150033
-4.39823  4.48799  5.83439  0.00697784  0.180538
-3.14159  4.48799  5.83439  0.0100985  0.225242
-1.88496  4.48799  5.83439  0.0156727  0.298026
-0.628319  4.48799  5.83439  0.0285239  0.464735
0.628319  4.48799  5.83439  0.0285239  -0.464735
1.88496  4.48799  5.83439  0.0156727  -0.298026
3.14159  4.48799  5.83439  0.0100985  -0.225242
4.39823  4.48799  5.83439  0.00697786  -0.180538
5.65487  4.48799  5.83439  0.00505919  -0.150033
6.9115  4.48799  5.83439  0.00380903  -0.127962
8.16814  4.48799  5.83439  0.0029567  -0.111323
10.6814  4.48799  5.83439  0.00191284  -0.0880339
13.1947  4.48799  5.83439  0.00132881  -0.0726086
18.2212  4.48799  5.83439  0.000740506  -0.0535788
27.0177  4.48799  5.83439  0.000351229  -0.0365912
54.6637  4.48799  5.83439  8.83517e-05  -0.0182408
-33.3009  4.48799  6.28319  0.000234167  0.0298003
-21.9911  4.48799  6.28319  0.000520388  0.0447096
-15.708  4.48799  6.28319  0.0009724  0.0616906
-10.6814  4.48799  6.28319  0.00191278  0.0880339
-9.42478  4.48799  6.28319  0.00235341  0.098373
-8.16814  4.48799  6.28319  0.0029567  0.111323
-6.9115  4.48799  6.28319  0.00380904  0.127962
-5.65487  4.48799  6.28319  0.00505918  0.150033
-4.39823  4.48799  6.28319  0.00697784  0.180538
-3.14159  4.48799  6.28319  0.0100985  0.225242
-1.88496  4.48799  6.28319  0.0156727  0.298026
-0.628319  4.48799  6.28319  0.0285239  0.464735
0.628319  4.48799  6.28319  0.0285239  -0.464735
1.88496  4.48799  6.28319  0.0156727  -0.298026
3.14159  4.48799  6.28319  0.0100985  -0.225242
4.39823  4.48799  6.28319  0.00697786  -0.180538
5.65487  4.48799  6.28319  0.00505919  -0.150033
6.9115  4.48799  6.28319  0.00380903  -0.127962
8.16814  4.48799  6.28319  0.0029567  -0.111323
10.6814  4.48799  6.28319  0.00191284  -0.0880339
13.1947  4.48799  6.28319  0.00132881  -0.0726086
18.2212  4.48799  6.28319  0.000740506  -0.0535788
27.0177  4.48799  6.28319  0.000351229  -0.0365912
54.6637  4.48799  6.28319  8.83517e-05  -0.0182408
-33.3009  4.93679  0  0.000234167  0.0298003
-21.9911  4.93679  0  0.000520388  0.0447096
-15.708  4.93679  0  0.0009724  0.0616906
-10.6814  4.93679  0  0.00191278  0.0880339
-9.42478  4.93679  0  0.00235341  0.098373
-8.16814  4.93679  0  0.0029567  0.111323
-6.9115  4.93679  0  0.00380904  0.127962
-5.65487  4.93679  0  0.00505918  0.150033
-4.39823  4.93679  0  0.00697784  0.180538
-3.14159  4.93679  0  0.0100985  0.225242
-1.88496  4.93679  0  0.0156727  0.298026
-0.628319  4.93679  0  0.0285239  0.464735
0.628319  4.93679  0  0.0285239  -0.464735
1.88496  4.93679  0  0.0156727  -0.298026
3.14159  4.93679  0  0.0100985  -0.225242
4.39823  4.93679  0  0.00697786  -0.180538
5.65487  4.93679  0  0.00505919  -0.150033
6.9115  4.93679  0  0.00380903  -0.127962
8.16814  4.93679  0  0.0029567  -0.111323
10.6814  4.93679  0  0.00191284  -0.0880339
13.1947  4.93679  0  0.00132881  -0.0726086
18.2212  4.93679  0  0.000740506  -0.0535788
27.0177  4.93679  0  0.000351229  -0.0365912
54.6637  4.93679  0  8.83517e-05  -0.0182408
-33.3009  4.93679  0.448799  0.000234167  0.0298003
-21.9911  4.93679  0.448799  0.000520388  0.0447096
-15.708  4.93679  0.448799  0.0009724  0.0616906
-10.6814  4.93679  0.448799  0.00191278  0.0880339
-9.42478  4.93679  0.448799  0.00235341  0.098373
-8.16814  4.93679  0.448799  0.0029567  0.111323
-6.9115  4.93679  0.448799  0.00380904  0.127962
-5.65487  4.93679  0.448799  0.00505918  0.150033
-4.39823  4.93679  0.448799  0.00697784  0.180538
-3.14159  4.93679  0.448799  0.0100985  0.225242
-1.88496  4.93679  0.448799  0.0156727  0.298026
-0.628319  4.93679  0.448799  0.0285239  0.464735
0.628319  4.93679  0.448799  0.0285239  -0.464735
1.88496  4.93679  0.448799  0.0156727  -0.298026
3.14159  4.93679  0.448799  0.0100985  -0.225242
4.39823  4.93679  0.448799  0.00697786  -0.180538
5.65487  4.93679  0.448799  0.00505919  -0.150033
6.9115  4.93679  0.448799  0.00380903  -0.127962
8.16814  4.93679  0.448799  0.0029567  -0.111323
10.6814  4.93679  0.448799  0.00191284  -0.0880339
13.1947  4.93679  0.448799  0.00132881  -0.0726086
18.2212  4.93679  0.448799  0.000740506  -0.0535788
27.0177  4.93679  0.448799  0.000351229  -0.0365912
54.6637  4.93679  0.448799  8.83517e-05  -0.0182408
-33.3009  4.93679  0.897598  0.000234167  0.0298003
-21.9911  4.93679  0.897598  0.000520388  0.0447096
-15.708  4.93679  0.897598  0.0009724  0.0616906
-10.6814  4.93679  0.897598  0.00191278  0.0880339
-9.42478  4.93679  0.897598  0.00235341  0.098373
-8.16814  4.93679  0.897598  0.0029567  0.111323
-6.9115  4.93679  0.897598  0.00380904  0.127962
-5.65487  4.93679  0.897598  0.00505918  0.150033
-4.39823  4.93679  0.897598  0.00697784  0.180538
-3.14159  4.93679  0.897598  0.0100985  0.225242
-1.88496  4.93679  0.897598  0.0156727  0.298026
-0.628319  4.93679  0.897598  0.0285239  0.464735
0.628319  4.93679  0.897598  0.0285239  -0.464735
1.88496  4.93679  0.897598  0.0156727  -0.298026
3.14159  4.93679  0.897598  0.0100985  -0.225242
4.39823  4.93679  0.897598  0.00697786  -0.180538
5.65487  4.93679  0.897598  0.00505919  -0.150033
6.9115  4.93679  0.897598  0.00380903  -0.127962
8.16814  4.93679  0.897598  0.0029567  -0.111323
10.6814  4.93679  0.897598  0.00191284  -0.0880339
13.1947  4.93679  0.897598  0.00132881  -0.0726086
18.2212  4.93679  0.897598  0.000740506  -0.0535788
27.0177  4.93679  0.897598  0.000351229  -0.0365912
54.6637  4.93679  0.897598  8.83517e-05  -0.0182408
-33.3009  4.93679  1.3464  0.000234167  0.0298003
-21.9911  4.93679  1.3464  0.000520388  0.0447096
-15.708  4.93679  1.3464  0.0009724  0.0616906
-10.6814  4.93679  1.3464  0.00191278  0.0880339
-9.42478  4.93679  1.3464  0.00235341  0.098373
-8.16814  4.93679  1.3464  0.0029567  0.111323
-6.9115  4.93679  1.3464  0.00380904  0.127962
-5.65487  4.93679  1.3464  0.00505918  0.150033
-4.39823  4.93679  1.3464  0.00697784  0.180538
-3.14159  4.93679  1.3464  0.0100985  0.225242
-1.88496  4.93679  1.3464  0.0156727  0.298026
-0.628319  4.93679  1.3464  0.0285239  0.464735
0.628319  4.93679  1.3464  0.0285239  -0.464735
1.88496  4.93679  1.3464  0.0156727  -0.298026
3.14159  4.93679  1.3464  0.0100985  -0.225242
4.39823  4.93679  1.3464  0.00697786  -0.180538
5.65487  4.93679  1.3464  0.00505919  -0.150033
6.9115  4.93679  1.3464  0.00380903  -0.127962
8.16814  4.93679  1.3464  0.0029567  -0.111323
10.6814  4.93679  1.3464  0.00191284  -0.0880339
13.1947  4.93679  1.3464  0.00132881  -0.0726086
18.2212  4.93679  1.3464  0.000740506  -0.0535788
27.0177  4.93679  1.3464  0.000351229  -0.0365912
54.6637  4.93679  1.3464  8.83517e-05  -0.0182408
-33.3009  4.93679  1.7952  0.000234167  0.0298003
-21.9911  4.93679  1.7952  0.000520388  0.0447096
-15.708  4.93679  1.7952  0.0009724  0.0616906
-10.6814  4.93679  1.7952  0.00191278  0.0880339
-9.42478  4.93679  1.7952  0.00235341  0.098373
-8.16814  4.93679  1.7952  0.0029567  0.111323
-6.9115  4.93679  1.7952  0.00380904  0.127962
-5.65487  4.93679  1.7952  0.00505918  0.150033
-4.39823  4.93679  1.7952  0.00697784  0.180538
-3.14159  4.93679  1.7952  0.0100985  0.225242
-1.88496  4.93679  1.7952  0.0156727  0.298026
-0.628319  4.93679  1.7952  0.0285239  0.464735
0.628319  4.93679  1.7952  0.0285239  -0.464735
1.88496  4.93679  1.7952  0.0156727  -0.298026
3.14159  4.93679  1.7952  0.0100985  -0.225242
4.39823  4.93679  1.7952  0.00697786  -0.180538
5.65487  4.93679  1.7952  0.00505919  -0.150033
6.9115  4.93679  1.7952  0.00380903  -0.127962
8.16814  4.93679  1.7952  0.0029567  -0.111323
10.6814  4.93679  1.7952  0.00191284  -0.0880339
13.1947  4.93679  1.7952  0.00132881  -0.0726086
18.2212  4.93679  1.7952  0.000740506  -0.0535788
27.0177  4.93679  1.7952  0.000351229  -0.0365912
54.6637  4.93679  1.7952  8.83517e-05  -0.0182408
-33.3009  4.93679  2.24399  0.000234167  0.0298003
-21.9911  4.93679  2.24399  0.000520388  0.0447096
-15.708  4.93679  2.24399  0.0009724  0.0616906
-10.6814  4.93679  2.24399  0.00191278  0.0880339
-9.42478  4.93679  2.24399  0.00235341  0.098373
-8.16814  4.93679  2.24399  0.0029567  0.111323
-6.9115  4.93679  2.24399  0.00380904  0.127962
-5.65487  4.93679  2.24399  0.00505918  0.150033
-4.39823  4.93679  2.24399  0.00697784  0.180538
-3.14159  4.93679  2.24399  0.0100985  0.225242
-1.88496  4.93679  2.24399  0.0156727  0.298026
-0.628319  4.93679  2.24399  0.0285239  0.464735
0.628319  4.93679  2.24399  0.0285239  -0.464735
1.88496  4.93679  2.24399  0.0156727  -0.298026
3.14159  4.93679  2.24399  0.0100985  -0.225242
4.39823  4.93679  2.24399  0.00697786  -0.180538
5.65487  4.93679  2.24399  0.00505919  -0.150033
6.9115  4.93679  2.24399  0.00380903  -0.127962
8.16814  4.93679  2.24399  0.0029567  -0.111323
10.6814  4.93679  2.24399  0.00191284  -0.0880339
13.1947  4.93679  2.24399  0.00132881  -0.0726086
18.2212  4.93679  2.24399  0.000740506  -0.0535788
27.0177  4.93679  2.24399  0.000351229  -0.0365912
54.6637  4.93679  2.24399  8.83517e-05  -0.0182408
-33.3009  4.93679  2.69279  0.000234167  0.0298003
-21.9911  4.93679  2.69279  0.000520388  0.0447096
-15.708  4.93679  2.69279  0.0009724  0.0616906
-10.6814  4.93679  2.69279  0.00191278  0.0880339
-9.42478  4.93679  2.69279  0.00235341  0.098373
-8.16814  4.93679  2.69279  0.0029567  0.111323
-6.9115  4.93679  2.69279  0.00380904  0.127962
-5.65487  4.93679  2.69279  0.00505918  0.150033
-4.39823  4.93679  2.69279  0.00697784  0.180538
-3.14159  4.93679  2.69279  0.0100985  0.225242
-1.88496  4.93679  2.69279  0.0156727  0.298026
-0.628319  4.93679  2.69279  0.0285239  0.464735
0.628319  4.93679  2.69279  0.0285239  -0.464735
1.88496  4.93679  2.69279  0.0156727  -0.298026
3.14159  4.93679  2.69279  0.0100985  -0.225242
4.39823  4.93679  2.69279  0.00697786  -0.180538
5.65487  4.93679  2.69279  0.00505919  -0.150033
6.9115  4.93679  2.69279  0.00380903  -0.127962
8.16814  4.93679  2.69279  0.0029567  -0.111323
10.6814  4.93679  2.69279  0.00191284  -0.0880339
13.1947  4.93679  2.69279  0.00132881  -0.0726086
18.2212  4.93679  2.69279  0.000740506  -0.0535788
27.0177  4.93679  2.69279  0.000351229  -0.0365912
54.6637  4.93679  2.69279  8.83517e-05  -0.0182408
-33.3009  4.93679  3.14159  0.000234167  0.0298003
-21.9911  4.93679  3.14159  0.000520388  0.0447096
-15.708  4.93679  3.14159  0.0009724  0.0616906
-10.6814  4.93679  3.14159  0.00191278  0.0880339
-9.42478  4.93679  3.14159  0.00235341  0.098373
-8.16814  4.93679  3.14159  0.0029567  0.111323
-6.9115  4.93679  3.14159  0.00380904  0.127962
-5.65487  4.93679  3.14159  0.00505918  0.150033
-4.39823  4.93679  3.14159  0.00697784  0.180538
-3.14159  4.93679  3.14159  0.0100985  0.225242
-1.88496  4.93679  3.14159  0.0156727  0.298026
-0.628319  4.93679  3.14159  0.0285239  0.464735
0.628319  4.93679  3.14159  0.0285239  -0.464735
1.88496  4.93679  3.14159  0.0156727  -0.298026
3.14159  4.93679  3.14159  0.0100985  -0.225242
4.39823  4.93679  3.14159  0.00697786  -0.180538
5.65487  4.93679  3.14159  0.00505919  -0.150033
6.9115  4.93679  3.14159  0.00380903  -0.127962
8.16814  4.93679  3.14159  0.0029567  -0.111323
10.6814  4.93679  3.14159  0.00191284  -0.0880339
13.1947  4.93679  3.14159  0.00132881  -0.0726086
18.2212  4.93679  3.14159  0.000740506  -0.0535788
27.0177  4.93679  3.14159  0.000351229  -0.0365912
54.6637  4.93679  3.14159  8.83517e-05  -0.0182408
-33.3009  4.93679  3.59039  0.000234167  0.0298003
-21.9911  4.93679  3.59039  0.000520388  0.0447096
-15.708  4.93679  3.59039  0.0009724  0.0616906
-10.6814  4.93679  3.59039  0.00191278  0.0880339
-9.42478  4.93679  3.59039  0.00235341  0.098373
-8.16814  4.93679  3.59039  0.0029567  0.111323
-6.9115  4.93679  3.59039  0.00380904  0.127962
-5.65487  4.93679  3.59039  0.00505918  0.150033
-4.39823  4.93679  3.59039  0.00697784  0.180538
-3.14159  4.93679  3.59039  0.0100985  0.225242
-1.88496  4.93679  3.59039  0.0156727  0.298026
-0.628319  4.93679  3.59039  0.0285239  0.464735
0.628319  4.93679  3.59039  0.0285239  -0.464735
1.88496  4.93679  3.59039  0.0156727  -0.298026
3.14159  4.93679  3.59039  0.0100985  -0.225242
4.39823  4.93679  3.59039  0.00697786  -0.180538
5.65487  4.93679  3.59039  0.00505919  -0.150033
6.9115  4.93679  3.59039  0.00380903  -0.127962
8.16814  4.93679  3.59039  0.0029567  -0.111323
10.6814  4.93679  3.59039  0.00191284  -0.0880339
13.1947  4.93679  3.59039  0.00132881  -0.0726086
18.2212  4.93679  3.59039  0.000740506  -0.0535788
27.0177  4.93679  3.59039  0.000351229  -0.0365912
54.6637  4.93679  3.59039  8.83517e-05  -0.0182408
-33.3009  4.93679  4.03919  0.000234167  0.0298003
-21.9911  4.93679  4.03919  0.000520388  0.0447096
-15.708  4.93679  4.03919  0.0009724  0.0616906
-10.6814  4.93679  4.03919  0.00191278  0.0880339
-9.42478  4.93679  4.03919  0.00235341  0.098373
-8.16814  4.93679  4.03919  0.0029567  0.111323
-6.9115  4.93679  4.03919  0.00380904  0.127962
-5.65487  4.93679  4.03919  0.00505918  0.150033
-4.39823  4.93679  4.03919  0.00697784  0.180538
-3.14159  4.93679  4.03919  0.0100985  0.225242
-1.88496  4.93679  4.03919  0.0156727  0.298026
-0.628319  4.93679  4.03919  0.0285239  0.464735
0.628319  4.93679  4.03919  0.0285239  -0.464735
1.88496  4.93679  4.03919  0.0156727  -0.298026
3.14159  4.93679  4.03919  0.0100985  -0.225242
4.39823  4.93679  4.03919  0.00697786  -0.180538
5.65487  4.93679  4.03919  0.00505919  -0.150033
6.9115  4.93679  4.03919  0.00380903  -0.127962
8.16814  4.93679  4.03919  0.0029567  -0.111323
10.6814  4.93679  4.03919  0.00191284  -0.0880339
13.1947  4.93679  4.03919  0.00132881  -0.0726086
18.2212  4.93679  4.03919  0.000740506  -0.0535788
27.0177  4.93679  4.03919  0.000351229  -0.0365912
54.6637  4.93679  4.03919  8.83517e-05  -0.0182408
-33.3009  4.93679  4.48799  0.000234167  0.0298003
-21.9911  4.93679  4.48799  0.000520388  0.0447096
-15.708  4.93679  4.48799  0.0009724  0.0616906
-10.6814  4.93679  4.48799  0.00191278  0.0880339
-9.42478  4.93679  4.48799  0.00235341  0.098373
-8.16814  4.93679  4.48799  0.0029567  0.111323
-6.9115  4.93679  4.48799  0.00380904  0.127962
-5.65487  4.93679  4.48799  0.00505918  0.150033
-4.39823  4.93679  4.48799  0.00697784  0.180538
-3.14159  4.93679  4.48799  0.0100985  0.225242
-1.88496  4.93679  4.48799  0.0156727  0.298026
-0.628319  4.93679  4.48799  0.0285239  0.464735
0.628319  4.93679  4.48799  0.0285239  -0.464735
1.88496  4.93679  4.48799  0.0156727  -0.298026
3.14159  4.93679  4.48799  0.0100985  -0.225242
4.39823  4.93679  4.48799  0.00697786  -0.180538
5.65487  4.93679  4.48799  0.00505919  -0.150033
6.9115  4.93679  4.48799  0.00380903  -0.127962
8.16814  4.93679  4.48799  0.0029567  -0.111323
10.6814  4.93679  4.48799  0.00191284  -0.0880339
13.1947  4.93679  4.48799  0.00132881  -0.0726086
18.2212  4.93679  4.48799  0.000740506  -0.0535788
27.0177  4.93679  4.48799  0.000351229  -0.0365912
54.6637  4.93679  4.48799  8.83517e-05  -0.0182408
-33.3009  4.93679  4.93679  0.000234167  0.0298003
-21.9911  4.93679  4.93679  0.000520388  0.0447096
-15.708  4.93679  4.93679  0.0009724  0.0616906
-10.6814  4.93679  4.93679  0.00191278  0.0880339
-9.42478  4.93679  4.93679  0.00235341  0.098373
-8.16814  4.93679  4.93679  0.0029567  0.111323
-6.9115  4.93679  4.93679  0.00380904  0.127962
-5.65487  4.93679  4.93679  0.00505918  0.150033
-4.39823  4.93679  4.93679  0.00697784  0.180538
-3.14159  4.93679  4.93679  0.0100985  0.225242
-1.88496  4.93679  4.93679  0.0156727  0.298026
-0.628319  4.93679  4.93679  0.0285239  0.464735
0.628319  4.93679  4.93679  0.0285239  -0.464735
1.88496  4.93679  4.93679  0.0156727  -0.298026
3.14159  4.93679  4.93679  0.0100985  -0.225242
4.39823  4.93679  4.93679  0.00697786  -0.180538
5.65487  4.93679  4.93679  0.00505919  -0.150033
6.9115  4.93679  4.93679  0.00380903  -0.127962
8.16814  4.93679  4.93679  0.0029567  -0.111323
10.6814  4.93679  4.93679  0.00191284  -0.0880339
13.1947  4.93679  4.93679  0.00132881  -0.0726086
18.2212  4.93679  4.93679  0.000740506  -0.0535788
27.0177  4.93679  4.93679  0.000351229  -0.0365912
54.6637  4.93679  4.93679  8.83517e-05  -0.0182408
-33.3009  4.93679  5.38559  0.000234167  0.0298003
-21.9911  4.93679  5.38559  0.000520388  0.0447096
-15.708  4.93679  5.38559  0.0009724  0.0616906
-10.6814  4.93679  5.38559  0.00191278  0.0880339
-9.42478  4.93679  5.38559  0.00235341  0.098373
-8.16814  4.93679  5.38559  0.0029567  0.111323
-6.9115  4.93679  5.38559  0.00380904  0.127962
-5.65487  4.93679  5.38559  0.00505918  0.150033
-4.39823  4.93679  5.38559  0.00697784  0.180538
-3.14159  4.93679  5.38559  0.0100985  0.225242
-1.88496  4.93679  5.38559  0.0156727  0.298026
-0.628319  4.93679  5.38559  0.0285239  0.464735
0.628319  4.93679  5.38559  0.0285239  -0.464735
1.88496  4.93679  5.38559  0.0156727  -0.298026
3.14159  4.93679  5.38559  0.0100985  -0.225242
4.39823  4.93679  5.38559  0.00697786  -0.180538
5.65487  4.93679  5.38559  0.00505919  -0.150033
6.9115  4.93679  5.38559  0.00380903  -0.127962
8.16814  4.93679  5.38559  0.0029567  -0.111323
10.6814  4.93679  5.38559  0.00191284  -0.0880339
13.1947  4.93679  5.38559  0.00132881  -0.0726086
18.2212  4.93679  5.38559  0.000740506  -0.0535788
27.0177  4.93679  5.38559  0.000351229  -0.0365912
54.6637  4.93679  5.38559  8.83517e-05  -0.0182408
-33.3009  4.93679  5.83439  0.000234167  0.0298003
-21.9911  4.93679  5.83439  0.000520388  0.0447096
-15.708  4.93679  5.83439  0.0009724  0.0616906
-10.6814  4.93679  5.83439  0.00191278  0.0880339
-9.42478  4.93679  5.83439  0.00235341  0.098373
-8.16814  4.93679  5.83439  0.0029567  0.111323
-6.9115  4.93679  5.83439  0.00380904  0.127962
-5.65487  4.93679  5.83439  0.00505918  0.150033
-4.39823  4.93679  5.83439  0.00697784  0.180538
-3.14159  4.93679  5.83439  0.0100985  0.225242
-1.88496  4.93679  5.83439  0.0156727  0.298026
-0.628319  4.93679  5.83439  0.0285239  0.464735
0.628319  4.93679  5.83439  0.0285239  -0.464735
1.88496  4.93679  5.83439  0.0156727  -0.298026
3.14159  4.93679  5.83439  0.0100985  -0.225242
4.39823  4.93679  5.83439  0.00697786  -0.180538
5.65487  4.93679  5.83439  0.00505919  -0.150033
6.9115  4.93679  5.83439  0.00380903  -0.127962
8.16814  4.93679  5.83439  0.0029567  -0.111323
10.6814  4.93679  5.83439  0.00191284  -0.0880339
13.1947  4.93679  5.83439  0.00132881  -0.0726086
18.2212  4.93679  5.83439  0.000740506  -0.0535788
27.0177  4.93679  5.83439  0.000351229  -0.0365912
54.6637  4.93679  5.83439  8.83517e-05  -0.0182408
-33.3009  4.93679  6.28319  0.000234167  0.0298003
-21.9911  4.93679  6.28319  0.000520388  0.0447096
-15.708  4.93679  6.28319  0.0009724  0.0616906
-10.6814  4.93679  6.28319  0.00191278  0.0880339
-9.42478  4.93679  6.28319  0.00235341  0.098373
-8.16814  4.93679  6.28319  0.0029567  0.111323
-6.9115  4.93679  6.28319  0.00380904  0.127962
-5.65487  4.93679  6.28319  0.00505918  0.150033
-4.39823  4.93679  6.28319  0.00697784  0.180538
-3.14159  4.93679  6.28319  0.0100985  0.225242
-1.88496  4.93679  6.28319  0.0156727  0.298026
-0.628319  4.93679  6.28319  0.0285239  0.464735
0.628319  4.93679  6.28319  0.0285239  -0.464735
1.88496  4.93679  6.28319  0.0156727  -0.298026
3.14159  4.93679  6.28319  0.0100985  -0.225242
4.39823  4.93679  6.28319  0.00697786  -0.180538
5.65487  4.93679  6.28319  0.00505919  -0.150033
6.9115  4.93679  6.28319  0.00380903  -0.127962
8.16814  4.93679  6.28319  0.0029567  -0.111323
10.6814  4.93679  6.28319  0.00191284  -0.0880339
13.1947  4.93679  6.28319  0.00132881  -0.0726086
18.2212  4.93679  6.28319  0.000740506  -0.0535788
27.0177  4.93679  6.28319  0.000351229  -0.0365912
54.6637  4.93679  6.28319  8.83517e-05  -0.0182408
-33.3009  5.38559  0  0.000234167  0.0298003
-21.9911  5.38559  0  0.000520388  0.0447096
-15.708  5.38559  0  0.0009724  0.0616906
-10.6814  5.38559  0  0.00191278  0.0880339
-9.42478  5.38559  0  0.00235341  0.098373
-8.16814  5.38559  0  0.0029567  0.111323
-6.9115  5.38559  0  0.00380904  0.127962
-5.65487  5.38559  0  0.00505918  0.150033
-4.39823  5.38559  0  0.00697784  0.180538
-3.14159  5.38559  0  0.0100985  0.225242
-1.88496  5.38559  0  0.0156727  0.298026
-0.628319  5.38559  0  0.0285239  0.464735
0.628319  5.38559  0  0.0285239  -0.464735
1.88496  5.38559  0  0.0156727  -0.298026
3.14159  5.38559  0  0.0100985  -0.225242
4.39823  5.38559  0  0.00697786  -0.180538
5.65487  5.38559  0  0.00505919  -0.150033
6.9115  5.38559  0  0.00380903  -0.127962
8.16814  5.38559  0  0.0029567  -0.111323
10.6814  5.38559  0  0.00191284  -0.0880339
13.1947  5.38559  0  0.00132881  -0.0726086
18.2212  5.38559  0  0.000740506  -0.0535788
27.0177  5.38559  0  0.000351229  -0.0365912
54.6637  5.38559  0  8.83517e-05  -0.0182408
-33.3009  5.38559  0.448799  0.000234167  0.0298003
-21.9911  5.38559  0.448799  0.000520388  0.0447096
-15.708  5.38559  0.448799  0.0009724  0.0616906
-10.6814  5.38559  0.448799  0.00191278  0.0880339
-9.42478  5.38559  0.448799  0.00235341  0.098373
-8.16814  5.38559  0.448799  0.0029567  0.111323
-6.9115  5.38559  0.448799  0.00380904  0.127962
-5.65487  5.38559  0.448799  0.00505918  0.150033
-4.39823  5.38559  0.448799  0.00697784  0.180538
-3.14159  5.38559  0.448799  0.0100985  0.225242
-1.88496  5.38559  0.448799  0.0156727  0.298026
-0.628319  5.38559  0.448799  0.0285239  0.464735
0.628319  5.38559  0.448799  0.0285239  -0.464735
1.88496  5.38559  0.448799  0.0156727  -0.298026
3.14159  5.38559  0.448799  0.0100985  -0.225242
4.39823  5.38559  0.448799  0.00697786  -0.180538
5.65487  5.38559  0.448799  0.00505919  -0.150033
6.9115  5.38559  0.448799  0.00380903  -0.127962
8.16814  5.38559  0.448799  0.0029567  -0.111323
10.6814  5.38559  0.448799  0.00191284  -0.0880339
13.1947  5.38559  0.448799  0.00132881  -0.0726086
18.2212  5.38559  0.448799  0.000740506  -0.0535788
27.0177  5.38559  0.448799  0.000351229  -0.0365912
54.6637  5.38559  0.448799  8.83517e-05  -0.0182408
-33.3009  5.38559  0.897598  0.000234167  0.0298003
-21.9911  5.38559  0.897598  0.000520388  0.0447096
-15.708  5.38559  0.897598  0.0009724  0.0616906
-10.6814  5.38559  0.897598  0.00191278  0.0880339
-9.42478  5.38559  0.897598  0.00235341  0.098373
-8.16814  5.38559  0.897598  0.0029567  0.111323
-6.9115  5.38559  0.897598  0.00380904  0.127962
-5.65487  5.38559  0.897598  0.00505918  0.150033
-4.39823  5.38559  0.897598  0.00697784  0.180538
-3.14159  5.38559  0.897598  0.0100985  0.225242
-1.88496  5.38559  0.897598  0.0156727  0.298026
-0.628319  5.38559  0.897598  0.0285239  0.464735
0.628319  5.38559  0.897598  0.0285239  -0.464735
1.88496  5.38559  0.897598  0.0156727  -0.298026
3.14159  5.38559  0.897598  0.0100985  -0.225242
4.39823  5.38559  0.897598  0.00697786  -0.180538
5.65487  5.38559  0.897598  0.00505919  -0.150033
6.9115  5.38559  0.897598  0.00380903  -0.127962
8.16814  5.38559  0.897598  0.0029567  -0.111323
10.6814  5.38559  0.897598  0.00191284  -0.0880339
13.1947  5.38559  0.897598  0.00132881  -0.0726086
18.2212  5.38559  0.897598  0.000740506  -0.0535788
27.0177  5.38559  0.897598  0.000351229  -0.0365912
54.6637  5.38559  0.897598  8.83517e-05  -0.0182408
-33.3009  5.38559  1.3464  0.000234167  0.0298003
-21.9911  5.38559  1.3464  0.000520388  0.0447096
-15.708  5.38559  1.3464  0.0009724  0.0616906
-10.6814  5.38559  1.3464  0.00191278  0.0880339
-9.42478  5.38559  1.3464  0.00235341  0.098373
-8.16814  5.38559  1.3464  0.0029567  0.111323
-6.9115  5.38559  1.3464  0.00380904  0.127962
-5.65487  5.38559  1.3464  0.00505918  0.150033
-4.39823  5.38559  1.3464  0.00697784  0.180538
-3.14159  5.38559  1.3464  0.0100985  0.225242
-1.88496  5.38559  1.3464  0.0156727  0.298026
-0.628319  5.38559  1.3464  0.0285239  0.464735
0.628319  5.38559  1.3464  0.0285239  -0.464735
1.88496  5.38559  1.3464  0.0156727  -0.298026
3.14159  5.38559  1.3464  0.0100985  -0.225242
4.39823  5.38559  1.3464  0.00697786  -0.180538
5.65487  5.38559  1.3464  0.00505919  -0.150033
6.9115  5.38559  1.3464  0.00380903  -0.127962
8.16814  5.38559  1.3464  0.0029567  -0.111323
10.6814  5.38559  1.3464  0.00191284  -0.0880339
13.1947  5.38559  1.3464  0.00132881  -0.0726086
18.2212  5.38559  1.3464  0.000740506  -0.0535788
27.0177  5.38559  1.3464  0.000351229  -0.0365912
54.6637  5.38559  1.3464  8.83517e-05  -0.0182408
-33.3009  5.38559  1.7952  0.000234167  0.0298003
-21.9911  5.38559  1.7952  0.000520388  0.0447096
-15.708  5.38559  1.7952  0.0009724  0.0616906
-10.6814  5.38559  1.7952  0.00191278  0.0880339
-9.42478  5.38559  1.7952  0.00235341  0.098373
-8.16814  5.38559  1.7952  0.0029567  0.111323
-6.9115  5.38559  1.7952  0.00380904  0.127962
-5.65487  5.38559  1.7952  0.00505918  0.150033
-4.39823  5.38559  1.7952  0.00697784  0.180538
-3.14159  5.38559  1.7952  0.0100985  0.225242
-1.88496  5.38559  1.7952  0.0156727  0.298026
-0.628319  5.38559  1.7952  0.0285239  0.464735
0.628319  5.38559  1.7952  0.0285239  -0.464735
1.88496  5.38559  1.7952  0.0156727  -0.298026
3.14159  5.38559  1.7952  0.0100985  -0.225242
4.39823  5.38559  1.7952  0.00697786  -0.180538
5.65487  5.38559  1.7952  0.00505919  -0.150033
6.9115  5.38559  1.7952  0.00380903  -0.127962
8.16814  5.38559  1.7952  0.0029567  -0.111323
10.6814  5.38559  1.7952  0.00191284  -0.0880339
13.1947  5.38559  1.7952  0.00132881  -0.0726086
18.2212  5.38559  1.7952  0.000740506  -0.0535788
27.0177  5.38559  1.7952  0.000351229  -0.0365912
54.6637  5.38559  1.7952  8.83517e-05  -0.0182408
-33.3009  5.38559  2.24399  0.000234167  0.0298003
-21.9911  5.38559  2.24399  0.000520388  0.0447096
-15.708  5.38559  2.24399  0.0009724  0.0616906
-10.6814  5.38559  2.24399  0.00191278  0.0880339
-9.42478  5.38559  2.24399  0.00235341  0.098373
-8.16814  5.38559  2.24399  0.0029567  0.111323
-6.9115  5.38559  2.24399  0.00380904  0.127962
-5.65487  5.38559  2.24399  0.00505918  0.150033
-4.39823  5.38559  2.24399  0.00697784  0.180538
-3.14159  5.38559  2.24399  0.0100985  0.225242
-1.88496  5.38559  2.24399  0.0156727  0.298026
-0.628319  5.38559  2.24399  0.0285239  0.464735
0.628319  5.38559  2.24399  0.0285239  -0.464735
1.88496  5.38559  2.24399  0.0156727  -0.298026
3.14159  5.38559  2.24399  0.0100985  -0.225242
4.39823  5.38559  2.24399  0.00697786  -0.180538
5.65487  5.38559  2.24399  0.00505919  -0.150033
6.9115  5.38559  2.24399  0.00380903  -0.127962
8.16814  5.38559  2.24399  0.0029567  -0.111323
10.6814  5.38559  2.24399  0.00191284  -0.0880339
13.1947  5.38559  2.24399  0.00132881  -0.0726086
18.2212  5.38559  2.24399  0.000740506  -0.0535788
27.0177  5.38559  2.24399  0.000351229  -0.0365912
54.6637  5.38559  2.24399  8.83517e-05  -0.0182408
-33.3009  5.38559  2.69279  0.000234167  0.0298003
-21.9911  5.38559  2.69279  0.000520388  0.0447096
-15.708  5.38559  2.69279  0.0009724  0.0616906
-10.6814  5.38559  2.69279  0.00191278  0.0880339
-9.42478  5.38559  2.69279  0.00235341  0.098373
-8.16814  5.38559  2.69279  0.0029567  0.111323
-6.9115  5.38559  2.69279  0.00380904  0.127962
-5.65487  5.38559  2.69279  0.00505918  0.150033
-4.39823  5.38559  2.69279  0.00697784  0.180538
-3.14159  5.38559  2.69279  0.0100985  0.225242
-1.88496  5.38559  2.69279  0.0156727  0.298026
-0.628319  5.38559  2.69279  0.0285239  0.464735
0.628319  5.38559  2.69279  0.0285239  -0.464735
1.88496  5.38559  2.69279  0.0156727  -0.298026
3.14159  5.38559  2.69279  0.0100985  -0.225242
4.39823  5.38559  2.69279  0.00697786  -0.180538
5.65487  5.38559  2.69279  0.00505919  -0.150033
6.9115  5.38559  2.69279  0.00380903  -0.127962
8.16814  5.38559  2.69279  0.0029567  -0.111323
10.6814  5.38559  2.69279  0.00191284  -0.0880339
13.1947  5.38559  2.69279  0.00132881  -0.0726086
18.2212  5.38559  2.69279  0.000740506  -0.0535788
27.0177  5.38559  2.69279  0.000351229  -0.0365912
54.6637  5.38559  2.69279  8.83517e-05  -0.0182408
-33.3009  5.38559  3.14159  0.000234167  0.0298003
-21.9911  5.38559  3.14159  0.000520388  0.0447096
-15.708  5.38559  3.14159  0.0009724  0.0616906
-10.6814  5.38559  3.14159  0.00191278  0.0880339
-9.42478  5.38559  3.14159  0.00235341  0.098373
-8.16814  5.38559  3.14159  0.0029567  0.111323
-6.9115  5.38559  3.14159  0.00380904  0.127962
-5.65487  5.38559  3.14159  0.00505918  0.150033
-4.39823  5.38559  3.14159  0.00697784  0.180538
-3.14159  5.38559  3.14159  0.0100985  0.225242
-1.88496  5.38559  3.14159  0.0156727  0.298026
-0.628319  5.38559  3.14159  0.0285239  0.464735
0.628319  5.38559  3.14159  0.0285239  -0.464735
1.88496  5.38559  3.14159  0.0156727  -0.298026
3.14159  5.38559  3.14159  0.0100985  -0.225242
4.39823  5.38559  3.14159  0.00697786  -0.180538
5.65487  5.38559  3.14159  0.00505919  -0.150033
6.9115  5.38559  3.14159  0.00380903  -0.127962
8.16814  5.38559  3.14159  0.0029567  -0.111323
10.6814  5.38559  3.14159  0.00191284  -0.0880339
13.1947  5.38559  3.14159  0.00132881  -0.0726086
18.2212  5.38559  3.14159  0.000740506  -0.0535788
27.0177  5.38559  3.14159  0.000351229  -0.0365912
54.6637  5.38559  3.14159  8.83517e-05  -0.0182408
-33.3009  5.38559  3.59039  0.000234167  0.0298003
-21.9911  5.38559  3.59039  0.000520388  0.0447096
-15.708  5.38559  3.59039  0.0009724  0.0616906
-10.6814  5.38559  3.59039  0.00191278  0.0880339
-9.42478  5.38559  3.59039  0.00235341  0.098373
-8.16814  5.38559  3.59039  0.0029567  0.111323
-6.9115  5.38559  3.59039  0.00380904  0.127962
-5.65487  5.38559  3.59039  0.00505918  0.150033
-4.39823  5.38559  3.59039  0.00697784  0.180538
-3.14159  5.38559  3.59039  0.0100985  0.225242
-1.88496  5.38559  3.59039  0.0156727  0.298026
-0.628319  5.38559  3.59039  0.0285239  0.464735
0.628319  5.38559  3.59039  0.0285239  -0.464735
1.88496  5.38559  3.59039  0.0156727  -0.298026
3.14159  5.38559  3.59039  0.0100985  -0.225242
4.39823  5.38559  3.59039  0.00697786  -0.180538
5.65487  5.38559  3.59039  0.00505919  -0.150033
6.9115  5.38559  3.59039  0.00380903  -0.127962
8.16814  5.38559  3.59039  0.0029567  -0.111323
10.6814  5.38559  3.59039  0.00191284  -0.0880339
13.1947  5.38559  3.59039  0.00132881  -0.0726086
18.2212  5.38559  3.59039  0.000740506  -0.0535788
27.0177  5.38559  3.59039  0.000351229  -0.0365912
54.6637  5.38559  3.59039  8.83517e-05  -0.0182408
-33.3009  5.38559  4.03919  0.000234167  0.0298003
-21.9911  5.38559  4.03919  0.000520388  0.0447096
-15.708  5.38559  4.03919  0.0009724  0.0616906
-10.6814  5.38559  4.03919  0.00191278  0.0880339
-9.42478  5.38559  4.03919  0.00235341  0.098373
-8.16814  5.38559  4.03919  0.0029567  0.111323
-6.9115  5.38559  4.03919  0.00380904  0.127962
-5.65487  5.38559  4.03919  0.00505918  0.150033
-4.39823  5.38559  4.03919  0.00697784  0.180538
-3.14159  5.38559  4.03919  0.0100985  0.225242
-1.88496  5.38559  4.03919  0.0156727  0.298026
-0.628319  5.38559  4.03919  0.0285239  0.464735
0.628319  5.38559  4.03919  0.0285239  -0.464735
1.88496  5.38559  4.03919  0.0156727  -0.298026
3.14159  5.38559  4.03919  0.0100985  -0.225242
4.39823  5.38559  4.03919  0.00697786  -0.180538
5.65487  5.38559  4.03919  0.00505919  -0.150033
6.9115  5.38559  4.03919  0.00380903  -0.127962
8.16814  5.38559  4.03919  0.0029567  -0.111323
10.6814  5.38559  4.03919  0.00191284  -0.0880339
13.1947  5.38559  4.03919  0.00132881  -0.0726086
18.2212  5.38559  4.03919  0.000740506  -0.0535788
27.0177  5.38559  4.03919  0.000351229  -0.0365912
54.6637  5.38559  4.03919  8.83517e-05  -0.0182408
-33.3009  5.38559  4.48799  0.000234167  0.0298003
-21.9911  5.38559  4.48799  0.000520388  0.0447096
-15.708  5.38559  4.48799  0.0009724  0.0616906
-10.6814  5.38559  4.48799  0.00191278  0.0880339
-9.42478  5.38559  4.48799  0.00235341  0.098373
-8.16814  5.38559  4.48799  0.0029567  0.111323
-6.9115  5.38559  4.48799  0.00380904  0.127962
-5.65487  5.38559  4.48799  0.00505918  0.150033
-4.39823  5.38559  4.48799  0.00697784  0.180538
-3.14159  5.38559  4.48799  0.0100985  0.225242
-1.88496  5.38559  4.48799  0.0156727  0.298026
-0.628319  5.38559  4.48799  0.0285239  0.464735
0.628319  5.38559  4.48799  0.0285239  -0.464735
1.88496  5.38559  4.48799  0.0156727  -0.298026
3.14159  5.38559  4.48799  0.0100985  -0.225242
4.39823  5.38559  4.48799  0.00697786  -0.180538
5.65487  5.38559  4.48799  0.00505919  -0.150033
6.9115  5.38559  4.48799  0.00380903  -0.127962
8.16814  5.38559  4.48799  0.0029567  -0.111323
10.6814  5.38559  4.48799  0.00191284  -0.0880339
13.1947  5.38559  4.48799  0.00132881  -0.0726086
18.2212  5.38559  4.48799  0.000740506  -0.0535788
27.0177  5.38559  4.48799  0.000351229  -0.0365912
54.6637  5.38559  4.48799  8.83517e-05  -0.0182408
-33.3009  5.38559  4.93679  0.000234167  0.0298003
-21.9911  5.38559  4.93679  0.000520388  0.0447096
-15.708  5.38559  4.93679  0.0009724  0.0616906
-10.6814  5.38559  4.93679  0.00191278  0.0880339
-9.42478  5.38559  4.93679  0.00235341  0.098373
-8.16814  5.38559  4.93679  0.0029567  0.111323
-6.9115  5.38559  4.93679  0.00380904  0.127962
-5.65487  5.38559  4.93679  0.00505918  0.150033
-4.39823  5.38559  4.93679  0.00697784  0.180538
-3.14159  5.38559  4.93679  0.0100985  0.225242
-1.88496  5.38559  4.93679  0.0156727  0.298026
-0.628319  5.38559  4.93679  0.0285239  0.464735
0.628319  5.38559  4.93679  0.0285239  -0.464735
1.88496  5.38559  4.93679  0.0156727  -0.298026
3.14159  5.38559  4.93679  0.0100985  -0.225242
4.39823  5.38559  4.93679  0.00697786  -0.180538
5.65487  5.38559  4.93679  0.00505919  -0.150033
6.9115  5.38559  4.93679  0.00380903  -0.127962
8.16814  5.38559  4.93679  0.0029567  -0.111323
10.6814  5.38559  4.93679  0.00191284  -0.0880339
13.1947  5.38559  4.93679  0.00132881  -0.0726086
18.2212  5.38559  4.93679  0.000740506  -0.0535788
27.0177  5.38559  4.93679  0.000351229  -0.0365912
54.6637  5.38559  4.93679  8.83517e-05  -0.0182408
-33.3009  5.38559  5.38559  0.000234167  0.0298003
-21.9911  5.38559  5.38559  0.000520388  0.0447096
-15.708  5.38559  5.38559  0.0009724  0.0616906
-10.6814  5.38559  5.38559  0.00191278  0.0880339
-9.42478  5.38559  5.38559  0.00235341  0.098373
-8.16814  5.38559  5.38559  0.0029567  0.111323
-6.9115  5.38559  5.38559  0.00380904  0.127962
-5.65487  5.38559  5.38559  0.00505918  0.150033
-4.39823  5.38559  5.38559  0.00697784  0.180538
-3.14159  5.38559  5.38559  0.0100985  0.225242
-1.88496  5.38559  5.38559  0.0156727  0.298026
-0.628319  5.38559  5.38559  0.0285239  0.464735
0.628319  5.38559  5.38559  0.0285239  -0.464735
1.88496  5.38559  5.38559  0.0156727  -0.298026
3.14159  5.38559  5.38559  0.0100985  -0.225242
4.39823  5.38559  5.38559  0.00697786  -0.180538
5.65487  5.38559  5.38559  0.00505919  -0.150033
6.9115  5.38559  5.38559  0.00380903  -0.127962
8.16814  5.38559  5.38559  0.0029567  -0.111323
10.6814  5.38559  5.38559  0.00191284  -0.0880339
13.1947  5.38559  5.38559  0.00132881  -0.0726086
18.2212  5.38559  5.38559  0.000740506  -0.0535788
27.0177  5.38559  5.38559  0.000351229  -0.0365912
54.6637  5.38559  5.38559  8.83517e-05  -0.0182408
-33.3009  5.38559  5.83439  0.000234167  0.0298003
-21.9911  5.38559  5.83439  0.000520388  0.0447096
-15.708  5.38559  5.83439  0.0009724  0.0616906
-10.6814  5.38559  5.83439  0.00191278  0.0880339
-9.42478  5.38559  5.83439  0.00235341  0.098373
-8.16814  5.38559  5.83439  0.0029567  0.111323
-6.9115  5.38559  5.83439  0.00380904  0.127962
-5.65487  5.38559  5.83439  0.00505918  0.150033
-4.39823  5.38559  5.83439  0.00697784  0.180538
-3.14159  5.38559  5.83439  0.0100985  0.225242
-1.88496  5.38559  5.83439  0.0156727  0.298026
-0.628319  5.38559  5.83439  0.0285239  0.464735
0.628319  5.38559  5.83439  0.0285239  -0.464735
1.88496  5.38559  5.83439  0.0156727  -0.298026
3.14159  5.38559  5.83439  0.0100985  -0.225242
4.39823  5.38559  5.83439  0.00697786  -0.180538
5.65487  5.38559  5.83439  0.00505919  -0.150033
6.9115  5.38559  5.83439  0.00380903  -0.127962
8.16814  5.38559  5.83439  0.0029567  -0.111323
10.6814  5.38559  5.83439  0.00191284  -0.0880339
13.1947  5.38559  5.83439  0.00132881  -0.0726086
18.2212  5.38559  5.83439  0.000740506  -0.0535788
27.0177  5.38559  5.83439  0.000351229  -0.0365912
54.6637  5.38559  5.83439  8.83517e-05  -0.0182408
-33.3009  5.38559  6.28319  0.000234167  0.0298003
-21.9911  5.38559  6.28319  0.000520388  0.0447096
-15.708  5.38559  6.28319  0.0009724  0.0616906
-10.6814  5.38559  6.28319  0.00191278  0.0880339
-9.42478  5.38559  6.28319  0.00235341  0.098373
-8.16814  5.38559  6.28319  0.0029567  0.111323
-6.9115  5.38559  6.28319  0.00380904  0.127962
-5.65487  5.38559  6.28319  0.00505918  0.150033
-4.39823  5.38559  6.28319  0.00697784  0.180538
-3.14159  5.38559  6.28319  0.0100985  0.225242
-1.88496  5.38559  6.28319  0.0156727  0.298026
-0.628319  5.38559  6.28319  0.0285239  0.464735
0.628319  5.38559  6.28319  0.0285239  -0.464735
1.88496  5.38559  6.28319  0.0156727  -0.298026
3.14159  5.38559  6.28319  0.0100985  -0.225242
4.39823  5.38559  6.28319  0.00697786  -0.180538
5.65487  5.38559  6.28319  0.00505919  -0.150033
6.9115  5.38559  6.28319  0.00380903  -0.127962
8.16814  5.38559  6.28319  0.0029567  -0.111323
10.6814  5.38559  6.28319  0.00191284  -0.0880339
13.1947  5.38559  6.28319  0.00132881  -0.0726086
18.2212  5.38559  6.28319  0.000740506  -0.0535788
27.0177  5.38559  6.28319  0.000351229  -0.0365912
54.6637  5.38559  6.28319  8.83517e-05  -0.0182408
-33.3009  5.83439  0  0.000234167  0.0298003
-21.9911  5.83439  0  0.000520388  0.0447096
-15.708  5.83439  0  0.0009724  0.0616906
-10.6814  5.83439  0  0.00191278  0.0880339
-9.42478  5.83439  0  0.00235341  0.098373
-8.16814  5.83439  0  0.0029567  0.111323
-6.9115  5.83439  0  0.00380904  0.127962
-5.65487  5.83439  0  0.00505918  0.150033
-4.39823  5.83439  0  0.00697784  0.180538
-3.14159  5.83439  0  0.0100985  0.225242
-1.88496  5.83439  0  0.0156727  0.298026
-0.628319  5.83439  0  0.0285239  0.464735
0.628319  5.83439  0  0.0285239  -0.464735
1.88496  5.83439  0  0.0156727  -0.298026
3.14159  5.83439  0  0.0100985  -0.225242
4.39823  5.83439  0  0.00697786  -0.180538
5.65487  5.83439  0  0.00505919  -0.150033
6.9115  5.83439  0  0.00380903  -0.127962
8.16814  5.83439  0  0.0029567  -0.111323
10.6814  5.83439  0  0.00191284  -0.0880339
13.1947  5.83439  0  0.00132881  -0.0726086
18.2212  5.83439  0  0.000740506  -0.0535788
27.0177  5.83439  0  0.000351229  -0.0365912
54.6637  5.83439  0  8.83517e-05  -0.0182408
-33.3009  5.83439  0.448799  0.000234167  0.0298003
-21.9911  5.83439  0.448799  0.000520388  0.0447096
-15.708  5.83439  0.448799  0.0009724  0.0616906
-10.6814  5.83439  0.448799  0.00191278  0.0880339
-9.42478  5.83439  0.448799  0.00235341  0.098373
-8.16814  5.83439  0.448799  0.0029567  0.111323
-6.9115  5.83439  0.448799  0.00380904  0.127962
-5.65487  5.83439  0.448799  0.00505918  0.150033
-4.39823  5.83439  0.448799  0.00697784  0.180538
-3.14159  5.83439  0.448799  0.0100985  0.225242
-1.88496  5.83439  0.448799  0.0156727  0.298026
-0.628319  5.83439  0.448799  0.0285239  0.464735
0.628319  5.83439  0.448799  0.0285239  -0.464735
1.88496  5.83439  0.448799  0.0156727  -0.298026
3.14159  5.83439  0.448799  0.0100985  -0.225242
4.39823  5.83439  0.448799  0.00697786  -0.180538
5.65487  5.83439  0.448799  0.00505919  -0.150033
6.9115  5.83439  0.448799  0.00380903  -0.127962
8.16814  5.83439  0.448799  0.0029567  -0.111323
10.6814  5.83439  0.448799  0.00191284  -0.0880339
13.1947  5.83439  0.448799  0.00132881  -0.0726086
18.2212  5.83439  0.448799  0.000740506  -0.0535788
27.0177  5.83439  0.448799  0.000351229  -0.0365912
54.6637  5.83439  0.448799  8.83517e-05  -0.0182408
-33.3009  5.83439  0.897598  0.000234167  0.0298003
-21.9911  5.83439  0.897598  0.000520388  0.0447096
-15.708  5.83439  0.897598  0.0009724  0.0616906
-10.6814  5.83439  0.897598  0.00191278  0.0880339
-9.42478  5.83439  0.897598  0.00235341  0.098373
-8.16814  5.83439  0.897598  0.0029567  0.111323
-6.9115  5.83439  0.897598  0.00380904  0.127962
-5.65487  5.83439  0.897598  0.00505918  0.150033
-4.39823  5.83439  0.897598  0.00697784  0.180538
-3.14159  5.83439  0.897598  0.0100985  0.225242
-1.88496  5.83439  0.897598  0.0156727  0.298026
-0.628319  5.83439  0.897598  0.0285239  0.464735
0.628319  5.83439  0.897598  0.0285239  -0.464735
1.88496  5.83439  0.897598  0.0156727  -0.298026
3.14159  5.83439  0.897598  0.0100985  -0.225242
4.39823  5.83439  0.897598  0.00697786  -0.180538
5.65487  5.83439  0.897598  0.00505919  -0.150033
6.9115  5.83439  0.897598  0.00380903  -0.127962
8.16814  5.83439  0.897598  0.0029567  -0.111323
10.6814  5.83439  0.897598  0.00191284  -0.0880339
13.1947  5.83439  0.897598  0.00132881  -0.0726086
18.2212  5.83439  0.897598  0.000740506  -0.0535788
27.0177  5.83439  0.897598  0.000351229  -0.0365912
54.6637  5.83439  0.897598  8.83517e-05  -0.0182408
-33.3009  5.83439  1.3464  0.000234167  0.0298003
-21.9911  5.83439  1.3464  0.000520388  0.0447096
-15.708  5.83439  1.3464  0.0009724  0.0616906
-10.6814  5.83439  1.3464  0.00191278  0.0880339
-9.42478  5.83439  1.3464  0.00235341  0.098373
-8.16814  5.83439  1.3464  0.0029567  0.111323
-6.9115  5.83439  1.3464  0.00380904  0.127962
-5.65487  5.83439  1.3464  0.00505918  0.150033
-4.39823  5.83439  1.3464  0.00697784  0.180538
-3.14159  5.83439  1.3464  0.0100985  0.225242
-1.88496  5.83439  1.3464  0.0156727  0.298026
-0.628319  5.83439  1.3464  0.0285239  0.464735
0.628319  5.83439  1.3464  0.0285239  -0.464735
1.88496  5.83439  1.3464  0.0156727  -0.298026
3.14159  5.83439  1.3464  0.0100985  -0.225242
4.39823  5.83439  1.3464  0.00697786  -0.180538
5.65487  5.83439  1.3464  0.00505919  -0.150033
6.9115  5.83439  1.3464  0.00380903  -0.127962
8.16814  5.83439  1.3464  0.0029567  -0.111323
10.6814  5.83439  1.3464  0.00191284  -0.0880339
13.1947  5.83439  1.3464  0.00132881  -0.0726086
18.2212  5.83439  1.3464  0.000740506  -0.0535788
27.0177  5.83439  1.3464  0.000351229  -0.0365912
54.6637  5.83439  1.3464  8.83517e-05  -0.0182408
-33.3009  5.83439  1.7952  0.000234167  0.0298003
-21.9911  5.83439  1.7952  0.000520388  0.0447096
-15.708  5.83439  1.7952  0.0009724  0.0616906
-10.6814  5.83439  1.7952  0.00191278  0.0880339
-9.42478  5.83439  1.7952  0.00235341  0.098373
-8.16814  5.83439  1.7952  0.0029567  0.111323
-6.9115  5.83439  1.7952  0.00380904  0.127962
-5.65487  5.83439  1.7952  0.00505918  0.150033
-4.39823  5.83439  1.7952  0.00697784  0.180538
-3.14159  5.83439  1.7952  0.0100985  0.225242
-1.88496  5.83439  1.7952  0.0156727  0.298026
-0.628319  5.83439  1.7952  0.0285239  0.464735
0.628319  5.83439  1.7952  0.0285239  -0.464735
1.88496  5.83439  1.7952  0.0156727  -0.298026
3.14159  5.83439  1.7952  0.0100985  -0.225242
4.39823  5.83439  1.7952  0.00697786  -0.180538
5.65487  5.83439  1.7952  0.00505919  -0.150033
6.9115  5.83439  1.7952  0.00380903  -0.127962
8.16814  5.83439  1.7952  0.0029567  -0.111323
10.6814  5.83439  1.7952  0.00191284  -0.0880339
13.1947  5.83439  1.7952  0.00132881  -0.0726086
18.2212  5.83439  1.7952  0.000740506  -0.0535788
27.0177  5.83439  1.7952  0.000351229  -0.0365912
54.6637  5.83439  1.7952  8.83517e-05  -0.0182408
-33.3009  5.83439  2.24399  0.000234167  0.0298003
-21.9911  5.83439  2.24399  0.000520388  0.0447096
-15.708  5.83439  2.24399  0.0009724  0.0616906
-10.6814  5.83439  2.24399  0.00191278  0.0880339
-9.42478  5.83439  2.24399  0.00235341  0.098373
-8.16814  5.83439  2.24399  0.0029567  0.111323
-6.9115  5.83439  2.24399  0.00380904  0.127962
-5.65487  5.83439  2.24399  0.00505918  0.150033
-4.39823  5.83439  2.24399  0.00697784  0.180538
-3.14159  5.83439  2.24399  0.0100985  0.225242
-1.88496  5.83439  2.24399  0.0156727  0.298026
-0.628319  5.83439  2.24399  0.0285239  0.464735
0.628319  5.83439  2.24399  0.0285239  -0.464735
1.88496  5.83439  2.24399  0.0156727  -0.298026
3.14159  5.83439  2.24399  0.0100985  -0.225242
4.39823  5.83439  2.24399  0.00697786  -0.180538
5.65487  5.83439  2.24399  0.00505919  -0.150033
6.9115  5.83439  2.24399  0.00380903  -0.127962
8.16814  5.83439  2.24399  0.0029567  -0.111323
10.6814  5.83439  2.24399  0.00191284  -0.0880339
13.1947  5.83439  2.24399  0.00132881  -0.0726086
18.2212  5.83439  2.24399  0.000740506  -0.0535788
27.0177  5.83439  2.24399  0.000351229  -0.0365912
54.6637  5.83439  2.24399  8.83517e-05  -0.0182408
-33.3009  5.83439  2.69279  0.000234167  0.0298003
-21.9911  5.83439  2.69279  0.000520388  0.0447096
-15.708  5.83439  2.69279  0.0009724  0.0616906
-10.6814  5.83439  2.69279  0.00191278  0.0880339
-9.42478  5.83439  2.69279  0.00235341  0.098373
-8.16814  5.83439  2.69279  0.0029567  0.111323
-6.9115  5.83439  2.69279  0.00380904  0.127962
-5.65487  5.83439  2.69279  0.00505918  0.150033
-4.39823  5.83439  2.69279  0.00697784  0.180538
-3.14159  5.83439  2.69279  0.0100985  0.225242
-1.88496  5.83439  2.69279  0.0156727  0.298026
-0.628319  5.83439  2.69279  0.0285239  0.464735
0.628319  5.83439  2.69279  0.0285239  -0.464735
1.88496  5.83439  2.69279  0.0156727  -0.298026
3.14159  5.83439  2.69279  0.0100985  -0.225242
4.39823  5.83439  2.69279  0.00697786  -0.180538
5.65487  5.83439  2.69279  0.00505919  -0.150033
6.9115  5.83439  2.69279  0.00380903  -0.127962
8.16814  5.83439  2.69279  0.0029567  -0.111323
10.6814  5.83439  2.69279  0.00191284  -0.0880339
13.1947  5.83439  2.69279  0.00132881  -0.0726086
18.2212  5.83439  2.69279  0.000740506  -0.0535788
27.0177  5.83439  2.69279  0.000351229  -0.0365912
54.6637  5.83439  2.69279  8.83517e-05  -0.0182408
-33.3009  5.83439  3.14159  0.000234167  0.0298003
-21.9911  5.83439  3.14159  0.000520388  0.0447096
-15.708  5.83439  3.14159  0.0009724  0.0616906
-10.6814  5.83439  3.14159  0.00191278  0.0880339
-9.42478  5.83439  3.14159  0.00235341  0.098373
-8.16814  5.83439  3.14159  0.0029567  0.111323
-6.9115  5.83439  3.14159  0.00380904  0.127962
-5.65487  5.83439  3.14159  0.00505918  0.150033
-4.39823  5.83439  3.14159  0.00697784  0.180538
-3.14159  5.83439  3.14159  0.0100985  0.225242
-1.88496  5.83439  3.14159  0.0156727  0.298026
-0.628319  5.83439  3.14159  0.0285239  0.464735
0.628319  5.83439  3.14159  0.0285239  -0.464735
1.88496  5.83439  3.14159  0.0156727  -0.298026
3.14159  5.83439  3.14159  0.0100985  -0.225242
4.39823  5.83439  3.14159  0.00697786  -0.180538
5.65487  5.83439  3.14159  0.00505919  -0.150033
6.9115  5.83439  3.14159  0.00380903  -0.127962
8.16814  5.83439  3.14159  0.0029567  -0.111323
10.6814  5.83439  3.14159  0.00191284  -0.0880339
13.1947  5.83439  3.14159  0.00132881  -0.0726086
18.2212  5.83439  3.14159  0.000740506  -0.0535788
27.0177  5.83439  3.14159  0.000351229  -0.0365912
54.6637  5.83439  3.14159  8.83517e-05  -0.0182408
-33.3009  5.83439  3.59039  0.000234167  0.0298003
-21.9911  5.83439  3.59039  0.000520388  0.0447096
-15.708  5.83439  3.59039  0.0009724  0.0616906
-10.6814  5.83439  3.59039  0.00191278  0.0880339
-9.42478  5.83439  3.59039  0.00235341  0.098373
-8.16814  5.83439  3.59039  0.0029567  0.111323
-6.9115  5.83439  3.59039  0.00380904  0.127962
-5.65487  5.83439  3.59039  0.00505918  0.150033
-4.39823  5.83439  3.59039  0.00697784  0.180538
-3.14159  5.83439  3.59039  0.0100985  0.225242
-1.88496  5.83439  3.59039  0.0156727  0.298026
-0.628319  5.83439  3.59039  0.0285239  0.464735
0.628319  5.83439  3.59039  0.0285239  -0.464735
1.88496  5.83439  3.59039  0.0156727  -0.298026
3.14159  5.83439  3.59039  0.0100985  -0.225242
4.39823  5.83439  3.59039  0.00697786  -0.180538
5.65487  5.83439  3.59039  0.00505919  -0.150033
6.9115  5.83439  3.59039  0.00380903  -0.127962
8.16814  5.83439  3.59039  0.0029567  -0.111323
10.6814  5.83439  3.59039  0.00191284  -0.0880339
13.1947  5.83439  3.59039  0.00132881  -0.0726086
18.2212  5.83439  3.59039  0.000740506  -0.0535788
27.0177  5.83439  3.59039  0.000351229  -0.0365912
54.6637  5.83439  3.59039  8.83517e-05  -0.0182408
-33.3009  5.83439  4.03919  0.000234167  0.0298003
-21.9911  5.83439  4.03919  0.000520388  0.0447096
-15.708  5.83439  4.03919  0.0009724  0.0616906
-10.6814  5.83439  4.03919  0.00191278  0.0880339
-9.42478  5.83439  4.03919  0.00235341  0.098373
-8.16814  5.83439  4.03919  0.0029567  0.111323
-6.9115  5.83439  4.03919  0.00380904  0.127962
-5.65487  5.83439  4.03919  0.00505918  0.150033
-4.39823  5.83439  4.03919  0.00697784  0.180538
-3.14159  5.83439  4.03919  0.0100985  0.225242
-1.88496  5.83439  4.03919  0.0156727  0.298026
-0.628319  5.83439  4.03919  0.0285239  0.464735
0.628319  5.83439  4.03919  0.0285239  -0.464735
1.88496  5.83439  4.03919  0.0156727  -0.298026
3.14159  5.83439  4.03919  0.0100985  -0.225242
4.39823  5.83439  4.03919  0.00697786  -0.180538
5.65487  5.83439  4.03919  0.00505919  -0.150033
6.9115  5.83439  4.03919  0.00380903  -0.127962
8.16814  5.83439  4.03919  0.0029567  -0.111323
10.6814  5.83439  4.03919  0.00191284  -0.0880339
13.1947  5.83439  4.03919  0.00132881  -0.0726086
18.2212  5.83439  4.03919  0.000740506  -0.0535788
27.0177  5.83439  4.03919  0.000351229  -0.0365912
54.6637  5.83439  4.03919  8.83517e-05  -0.0182408
-33.3009  5.83439  4.48799  0.000234167  0.0298003
-21.9911  5.83439  4.48799  0.000520388  0.0447096
-15.708  5.83439  4.48799  0.0009724  0.0616906
-10.6814  5.83439  4.48799  0.00191278  0.0880339
-9.42478  5.83439  4.48799  0.00235341  0.098373
-8.16814  5.83439  4.48799  0.0029567  0.111323
-6.9115  5.83439  4.48799  0.00380904  0.127962
-5.65487  5.83439  4.48799  0.00505918  0.150033
-4.39823  5.83439  4.48799  0.00697784  0.180538
-3.14159  5.83439  4.48799  0.0100985  0.225242
-1.88496  5.83439  4.48799  0.0156727  0.298026
-0.628319  5.83439  4.48799  0.0285239  0.464735
0.628319  5.83439  4.48799  0.0285239  -0.464735
1.88496  5.83439  4.48799  0.0156727  -0.298026
3.14159  5.83439  4.48799  0.0100985  -0.225242
4.39823  5.83439  4.48799  0.00697786  -0.180538
5.65487  5.83439  4.48799  0.00505919  -0.150033
6.9115  5.83439  4.48799  0.00380903  -0.127962
8.16814  5.83439  4.48799  0.0029567  -0.111323
10.6814  5.83439  4.48799  0.00191284  -0.0880339
13.1947  5.83439  4.48799  0.00132881  -0.0726086
18.2212  5.83439  4.48799  0.000740506  -0.0535788
27.0177  5.83439  4.48799  0.000351229  -0.0365912
54.6637  5.83439  4.48799  8.83517e-05  -0.0182408
-33.3009  5.83439  4.93679  0.000234167  0.0298003
-21.9911  5.83439  4.93679  0.000520388  0.0447096
-15.708  5.83439  4.93679  0.0009724  0.0616906
-10.6814  5.83439  4.93679  0.00191278  0.0880339
-9.42478  5.83439  4.93679  0.00235341  0.098373
-8.16814  5.83439  4.93679  0.0029567  0.111323
-6.9115  5.83439  4.93679  0.00380904  0.127962
-5.65487  5.83439  4.93679  0.00505918  0.150033
-4.39823  5.83439  4.93679  0.00697784  0.180538
-3.14159  5.83439  4.93679  0.0100985  0.225242
-1.88496  5.83439  4.93679  0.0156727  0.298026
-0.628319  5.83439  4.93679  0.0285239  0.464735
0.628319  5.83439  4.93679  0.0285239  -0.464735
1.88496  5.83439  4.93679  0.0156727  -0.298026
3.14159  5.83439  4.93679  0.0100985  -0.225242
4.39823  5.83439  4.93679  0.00697786  -0.180538
5.65487  5.83439  4.93679  0.00505919  -0.150033
6.9115  5.83439  4.93679  0.00380903  -0.127962
8.16814  5.83439  4.93679  0.0029567  -0.111323
10.6814  5.83439  4.93679  0.00191284  -0.0880339
13.1947  5.83439  4.93679  0.00132881  -0.0726086
18.2212  5.83439  4.93679  0.000740506  -0.0535788
27.0177  5.83439  4.93679  0.000351229  -0.0365912
54.6637  5.83439  4.93679  8.83517e-05  -0.0182408
-33.3009  5.83439  5.38559  0.000234167  0.0298003
-21.9911  5.83439  5.38559  0.000520388  0.0447096
-15.708  5.83439  5.38559  0.0009724  0.0616906
-10.6814  5.83439  5.38559  0.00191278  0.0880339
-9.42478  5.83439  5.38559  0.00235341  0.098373
-8.16814  5.83439  5.38559  0.0029567  0.111323
-6.9115  5.83439  5.38559  0.00380904  0.127962
-5.65487  5.83439  5.38559  0.00505918  0.150033
-4.39823  5.83439  5.38559  0.00697784  0.180538
-3.14159  5.83439  5.38559  0.0100985  0.225242
-1.88496  5.83439  5.38559  0.0156727  0.298026
-0.628319  5.83439  5.38559  0.0285239  0.464735
0.628319  5.83439  5.38559  0.0285239  -0.464735
1.88496  5.83439  5.38559  0.0156727  -0.298026
3.14159  5.83439  5.38559  0.0100985  -0.225242
4.39823  5.83439  5.38559  0.00697786  -0.180538
5.65487  5.83439  5.38559  0.00505919  -0.150033
6.9115  5.83439  5.38559  0.00380903  -0.127962
8.16814  5.83439  5.38559  0.0029567  -0.111323
10.6814  5.83439  5.38559  0.00191284  -0.0880339
13.1947  5.83439  5.38559  0.00132881  -0.0726086
18.2212  5.83439  5.38559  0.000740506  -0.0535788
27.0177  5.83439  5.38559  0.000351229  -0.0365912
54.6637  5.83439  5.38559  8.83517e-05  -0.0182408
-33.3009  5.83439  5.83439  0.000234167  0.0298003
-21.9911  5.83439  5.83439  0.000520388  0.0447096
-15.708  5.83439  5.83439  0.0009724  0.0616906
-10.6814  5.83439  5.83439  0.00191278  0.0880339
-9.42478  5.83439  5.83439  0.00235341  0.098373
-8.16814  5.83439  5.83439  0.0029567  0.111323
-6.9115  5.83439  5.83439  0.00380904  0.127962
-5.65487  5.83439  5.83439  0.00505918  0.150033
-4.39823  5.83439  5.83439  0.00697784  0.180538
-3.14159  5.83439  5.83439  0.0100985  0.225242
-1.88496  5.83439  5.83439  0.0156727  0.298026
-0.628319  5.83439  5.83439  0.0285239  0.464735
0.628319  5.83439  5.83439  0.0285239  -0.464735
1.88496  5.83439  5.83439  0.0156727  -0.298026
3.14159  5.83439  5.83439  0.0100985  -0.225242
4.39823  5.83439  5.83439  0.00697786  -0.180538
5.65487  5.83439  5.83439  0.00505919  -0.150033
6.9115  5.83439  5.83439  0.00380903  -0.127962
8.16814  5.83439  5.83439  0.0029567  -0.111323
10.6814  5.83439  5.83439  0.00191284  -0.0880339
13.1947  5.83439  5.83439  0.00132881  -0.0726086
18.2212  5.83439  5.83439  0.000740506  -0.0535788
27.0177  5.83439  5.83439  0.000351229  -0.0365912
54.6637  5.83439  5.83439  8.83517e-05  -0.0182408
-33.3009  5.83439  6.28319  0.000234167  0.0298003
-21.9911  5.83439  6.28319  0.000520388  0.0447096
-15.708  5.83439  6.28319  0.0009724  0.0616906
-10.6814  5.83439  6.28319  0.00191278  0.0880339
-9.42478  5.83439  6.28319  0.00235341  0.098373
-8.16814  5.83439  6.28319  0.0029567  0.111323
-6.9115  5.83439  6.28319  0.00380904  0.127962
-5.65487  5.83439  6.28319  0.00505918  0.150033
-4.39823  5.83439  6.28319  0.00697784  0.180538
-3.14159  5.83439  6.28319  0.0100985  0.225242
-1.88496  5.83439  6.28319  0.0156727  0.298026
-0.628319  5.83439  6.28319  0.0285239  0.464735
0.628319  5.83439  6.28319  0.0285239  -0.464735
1.88496  5.83439  6.28319  0.0156727  -0.298026
3.14159  5.83439  6.28319  0.0100985  -0.225242
4.39823  5.83439  6.28319  0.00697786  -0.180538
5.65487  5.83439  6.28319  0.00505919  -0.150033
6.9115  5.83439  6.28319  0.00380903  -0.127962
8.16814  5.83439  6.28319  0.0029567  -0.111323
10.6814  5.83439  6.28319  0.00191284  -0.0880339
13.1947  5.83439  6.28319  0.00132881  -0.0726086
18.2212  5.83439  6.28319  0.000740506  -0.0535788
27.0177  5.83439  6.28319  0.000351229  -0.0365912
54.6637  5.83439  6.28319  8.83517e-05  -0.0182408
-33.3009  6.28319  0  0.000234167  0.0298003
-21.9911  6.28319  0  0.000520388  0.0447096
-15.708  6.28319  0  0.0009724  0.0616906
-10.6814  6.28319  0  0.00191278  0.0880339
-9.42478  6.28319  0  0.00235341  0.098373
-8.16814  6.28319  0  0.0029567  0.111323
-6.9115  6.28319  0  0.00380904  0.127962
-5.65487  6.28319  0  0.00505918  0.150033
-4.39823  6.28319  0  0.00697784  0.180538
-3.14159  6.28319  0  0.0100985  0.225242
-1.88496  6.28319  0  0.0156727  0.298026
-0.628319  6.28319  0  0.0285239  0.464735
0.628319  6.28319  0  0.0285239  -0.464735
1.88496  6.28319  0  0.0156727  -0.298026
3.14159  6.28319  0  0.0100985  -0.225242
4.39823  6.28319  0  0.00697786  -0.180538
5.65487  6.28319  0  0.00505919  -0.150033
6.9115  6.28319  0  0.00380903  -0.127962
8.16814  6.28319  0  0.0029567  -0.111323
10.6814  6.28319  0  0.00191284  -0.0880339
13.1947  6.28319  0  0.00132881  -0.0726086
18.2212  6.28319  0  0.000740506  -0.0535788
27.0177  6.28319  0  0.000351229  -0.0365912
54.6637  6.28319  0  8.83517e-05  -0.0182408
-33.3009  6.28319  0.448799  0.000234167  0.0298003
-21.9911  6.28319  0.448799  0.000520388  0.0447096
-15.708  6.28319  0.448799  0.0009724  0.0616906
-10.6814  6.28319  0.448799  0.00191278  0.0880339
-9.42478  6.28319  0.448799  0.00235341  0.098373
-8.16814  6.28319  0.448799  0.0029567  0.111323
-6.9115  6.28319  0.448799  0.00380904  0.127962
-5.65487  6.28319  0.448799  0.00505918  0.150033
-4.39823  6.28319  0.448799  0.00697784  0.180538
-3.14159  6.28319  0.448799  0.0100985  0.225242
-1.88496  6.28319  0.448799  0.0156727  0.298026
-0.628319  6.28319  0.448799  0.0285239  0.464735
0.628319  6.28319  0.448799  0.0285239  -0.464735
1.88496  6.28319  0.448799  0.0156727  -0.298026
3.14159  6.28319  0.448799  0.0100985  -0.225242
4.39823  6.28319  0.448799  0.00697786  -0.180538
5.65487  6.28319  0.448799  0.00505919  -0.150033
6.9115  6.28319  0.448799  0.00380903  -0.127962
8.16814  6.28319  0.448799  0.0029567  -0.111323
10.6814  6.28319  0.448799  0.00191284  -0.0880339
13.1947  6.28319  0.448799  0.00132881  -0.0726086
18.2212  6.28319  0.448799  0.000740506  -0.0535788
27.0177  6.28319  0.448799  0.000351229  -0.0365912
54.6637  6.28319  0.448799  8.83517e-05  -0.0182408
-33.3009  6.28319  0.897598  0.000234167  0.0298003
-21.9911  6.28319  0.897598  0.000520388  0.0447096
-15.708  6.28319  0.897598  0.0009724  0.0616906
-10.6814  6.28319  0.897598  0.00191278  0.0880339
-9.42478  6.28319  0.897598  0.00235341  0.098373
-8.16814  6.28319  0.897598  0.0029567  0.111323
-6.9115  6.28319  0.897598  0.00380904  0.127962
-5.65487  6.28319  0.897598  0.00505918  0.150033
-4.39823  6.28319  0.897598  0.00697784  0.180538
-3.14159  6.28319  0.897598  0.0100985  0.225242
-1.88496  6.28319  0.897598  0.0156727  0.298026
-0.628319  6.28319  0.897598  0.0285239  0.464735
0.628319  6.28319  0.897598  0.0285239  -0.464735
1.88496  6.28319  0.897598  0.0156727  -0.298026
3.14159  6.28319  0.897598  0.0100985  -0.225242
4.39823  6.28319  0.897598  0.00697786  -0.180538
5.65487  6.28319  0.897598  0.00505919  -0.150033
6.9115  6.28319  0.897598  0.00380903  -0.127962
8.16814  6.28319  0.897598  0.0029567  -0.111323
10.6814  6.28319  0.897598  0.00191284  -0.0880339
13.1947  6.28319  0.897598  0.00132881  -0.0726086
18.2212  6.28319  0.897598  0.000740506  -0.0535788
27.0177  6.28319  0.897598  0.000351229  -0.0365912
54.6637  6.28319  0.897598  8.83517e-05  -0.0182408
-33.3009  6.28319  1.3464  0.000234167  0.0298003
-21.9911  6.28319  1.3464  0.000520388  0.0447096
-15.708  6.28319  1.3464  0.0009724  0.0616906
-10.6814  6.28319  1.3464  0.00191278  0.0880339
-9.42478  6.28319  1.3464  0.00235341  0.098373
-8.16814  6.28319  1.3464  0.0029567  0.111323
-6.9115  6.28319  1.3464  0.00380904  0.127962
-5.65487  6.28319  1.3464  0.00505918  0.150033
-4.39823  6.28319  1.3464  0.00697784  0.180538
-3.14159  6.28319  1.3464  0.0100985  0.225242
-1.88496  6.28319  1.3464  0.0156727  0.298026
-0.628319  6.28319  1.3464  0.0285239  0.464735
0.628319  6.28319  1.3464  0.0285239  -0.464735
1.88496  6.28319  1.3464  0.0156727  -0.298026
3.14159  6.28319  1.3464  0.0100985  -0.225242
4.39823  6.28319  1.3464  0.00697786  -0.180538
5.65487  6.28319  1.3464  0.00505919  -0.150033
6.9115  6.28319  1.3464  0.00380903  -0.127962
8.16814  6.28319  1.3464  0.0029567  -0.111323
10.6814  6.28319  1.3464  0.00191284  -0.0880339
13.1947  6.28319  1.3464  0.00132881  -0.0726086
18.2212  6.28319  1.3464  0.000740506  -0.0535788
27.0177  6.28319  1.3464  0.000351229  -0.0365912
54.6637  6.28319  1.3464  8.83517e-05  -0.0182408
-33.3009  6.28319  1.7952  0.000234167  0.0298003
-21.9911  6.28319  1.7952  0.000520388  0.0447096
-15.708  6.28319  1.7952  0.0009724  0.0616906
-10.6814  6.28319  1.7952  0.00191278  0.0880339
-9.42478  6.28319  1.7952  0.00235341  0.098373
-8.16814  6.28319  1.7952  0.0029567  0.111323
-6.9115  6.28319  1.7952  0.00380904  0.127962
-5.65487  6.28319  1.7952  0.00505918  0.150033
-4.39823  6.28319  1.7952  0.00697784  0.180538
-3.14159  6.28319  1.7952  0.0100985  0.225242
-1.88496  6.28319  1.7952  0.0156727  0.298026
-0.628319  6.28319  1.7952  0.0285239  0.464735
0.628319  6.28319  1.7952  0.0285239  -0.464735
1.88496  6.28319  1.7952  0.0156727  -0.298026
3.14159  6.28319  1.7952  0.0100985  -0.225242
4.39823  6.28319  1.7952  0.00697786  -0.180538
5.65487  6.28319  1.7952  0.00505919  -0.150033
6.9115  6.28319  1.7952  0.00380903  -0.127962
8.16814  6.28319  1.7952  0.0029567  -0.111323
10.6814  6.28319  1.7952  0.00191284  -0.0880339
13.1947  6.28319  1.7952  0.00132881  -0.0726086
18.2212  6.28319  1.7952  0.000740506  -0.0535788
27.0177  6.28319  1.7952  0.000351229  -0.0365912
54.6637  6.28319  1.7952  8.83517e-05  -0.0182408
-33.3009  6.28319  2.24399  0.000234167  0.0298003
-21.9911  6.28319  2.24399  0.000520388  0.0447096
-15.708  6.28319  2.24399  0.0009724  0.0616906
-10.6814  6.28319  2.24399  0.00191278  0.0880339
-9.42478  6.28319  2.24399  0.00235341  0.098373
-8.16814  6.28319  2.24399  0.0029567  0.111323
-6.9115  6.28319  2.24399  0.00380904  0.127962
-5.65487  6.28319  2.24399  0.00505918  0.150033
-4.39823  6.28319  2.24399  0.00697784  0.180538
-3.14159  6.28319  2.24399  0.0100985  0.225242
-1.88496  6.28319  2.24399  0.0156727  0.298026
-0.628319  6.28319  2.24399  0.0285239  0.464735
0.628319  6.28319  2.24399  0.0285239  -0.464735
1.88496  6.28319  2.24399  0.0156727  -0.298026
3.14159  6.28319  2.24399  0.0100985  -0.225242
4.39823  6.28319  2.24399  0.00697786  -0.180538
5.65487  6.28319  2.24399  0.00505919  -0.150033
6.9115  6.28319  2.24399  0.00380903  -0.127962
8.16814  6.28319  2.24399  0.0029567  -0.111323
10.6814  6.28319  2.24399  0.00191284  -0.0880339
13.1947  6.28319  2.24399  0.00132881  -0.0726086
18.2212  6.28319  2.24399  0.000740506  -0.0535788
27.0177  6.28319  2.24399  0.000351229  -0.0365912
54.6637  6.28319  2.24399  8.83517e-05  -0.0182408
-33.3009  6.28319  2.69279  0.000234167  0.0298003
-21.9911  6.28319  2.69279  0.000520388  0.0447096
-15.708  6.28319  2.69279  0.0009724  0.0616906
-10.6814  6.28319  2.69279  0.00191278  0.0880339
-9.42478  6.28319  2.69279  0.00235341  0.098373
-8.16814  6.28319  2.69279  0.0029567  0.111323
-6.9115  6.28319  2.69279  0.00380904  0.127962
-5.65487  6.28319  2.69279  0.00505918  0.150033
-4.39823  6.28319  2.69279  0.00697784  0.180538
-3.14159  6.28319  2.69279  0.0100985  0.225242
-1.88496  6.28319  2.69279  0.0156727  0.298026
-0.628319  6.28319  2.69279  0.0285239  0.464735
0.628319  6.28319  2.69279  0.0285239  -0.464735
1.88496  6.28319  2.69279  0.0156727  -0.298026
3.14159  6.28319  2.69279  0.0100985  -0.225242
4.39823  6.28319  2.69279  0.00697786  -0.180538
5.65487  6.28319  2.69279  0.00505919  -0.150033
6.9115  6.28319  2.69279  0.00380903  -0.127962
8.16814  6.28319  2.69279  0.0029567  -0.111323
10.6814  6.28319  2.69279  0.00191284  -0.0880339
13.1947  6.28319  2.69279  0.00132881  -0.0726086
18.2212  6.28319  2.69279  0.000740506  -0.0535788
27.0177  6.28319  2.69279  0.000351229  -0.0365912
54.6637  6.28319  2.69279  8.83517e-05  -0.0182408
-33.3009  6.28319  3.14159  0.000234167  0.0298003
-21.9911  6.28319  3.14159  0.000520388  0.0447096
-15.708  6.28319  3.14159  0.0009724  0.0616906
-10.6814  6.28319  3.14159  0.00191278  0.0880339
-9.42478  6.28319  3.14159  0.00235341  0.098373
-8.16814  6.28319  3.14159  0.0029567  0.111323
-6.9115  6.28319  3.14159  0.00380904  0.127962
-5.65487  6.28319  3.14159  0.00505918  0.150033
-4.39823  6.28319  3.14159  0.00697784  0.180538
-3.14159  6.28319  3.14159  0.0100985  0.225242
-1.88496  6.28319  3.14159  0.0156727  0.298026
-0.628319  6.28319  3.14159  0.0285239  0.464735
0.628319  6.28319  3.14159  0.0285239  -0.464735
1.88496  6.28319  3.14159  0.0156727  -0.298026
3.14159  6.28319  3.14159  0.0100985  -0.225242
4.39823  6.28319  3.14159  0.00697786  -0.180538
5.65487  6.28319  3.14159  0.00505919  -0.150033
6.9115  6.28319  3.14159  0.00380903  -0.127962
8.16814  6.28319  3.14159  0.0029567  -0.111323
10.6814  6.28319  3.14159  0.00191284  -0.0880339
13.1947  6.28319  3.14159  0.00132881  -0.0726086
18.2212  6.28319  3.14159  0.000740506  -0.0535788
27.0177  6.28319  3.14159  0.000351229  -0.0365912
54.6637  6.28319  3.14159  8.83517e-05  -0.0182408
-33.3009  6.28319  3.59039  0.000234167  0.0298003
-21.9911  6.28319  3.59039  0.000520388  0.0447096
-15.708  6.28319  3.59039  0.0009724  0.0616906
-10.6814  6.28319  3.59039  0.00191278  0.0880339
-9.42478  6.28319  3.59039  0.00235341  0.098373
-8.16814  6.28319  3.59039  0.0029567  0.111323
-6.9115  6.28319  3.59039  0.00380904  0.127962
-5.65487  6.28319  3.59039  0.00505918  0.150033
-4.39823  6.28319  3.59039  0.00697784  0.180538
-3.14159  6.28319  3.59039  0.0100985  0.225242
-1.88496  6.28319  3.59039  0.0156727  0.298026
-0.628319  6.28319  3.59039  0.0285239  0.464735
0.628319  6.28319  3.59039  0.0285239  -0.464735
1.88496  6.28319  3.59039  0.0156727  -0.298026
3.14159  6.28319  3.59039  0.0100985  -0.225242
4.39823  6.28319  3.59039  0.00697786  -0.180538
5.65487  6.28319  3.59039  0.00505919  -0.150033
6.9115  6.28319  3.59039  0.00380903  -0.127962
8.16814  6.28319  3.59039  0.0029567  -0.111323
10.6814  6.28319  3.59039  0.00191284  -0.0880339
13.1947  6.28319  3.59039  0.00132881  -0.0726086
18.2212  6.28319  3.59039  0.000740506  -0.0535788
27.0177  6.28319  3.59039  0.000351229  -0.0365912
54.6637  6.28319  3.59039  8.83517e-05  -0.0182408
-33.3009  6.28319  4.03919  0.000234167  0.0298003
-21.9911  6.28319  4.03919  0.000520388  0.0447096
-15.708  6.28319  4.03919  0.0009724  0.0616906
-10.6814  6.28319  4.03919  0.00191278  0.0880339
-9.42478  6.28319  4.03919  0.00235341  0.098373
-8.16814  6.28319  4.03919  0.0029567  0.111323
-6.9115  6.28319  4.03919  0.00380904  0.127962
-5.65487  6.28319  4.03919  0.00505918  0.150033
-4.39823  6.28319  4.03919  0.00697784  0.180538
-3.14159  6.28319  4.03919  0.0100985  0.225242
-1.88496  6.28319  4.03919  0.0156727  0.298026
-0.628319  6.28319  4.03919  0.0285239  0.464735
0.628319  6.28319  4.03919  0.0285239  -0.464735
1.88496  6.28319  4.03919  0.0156727  -0.298026
3.14159  6.28319  4.03919  0.0100985  -0.225242
4.39823  6.28319  4.03919  0.00697786  -0.180538
5.65487  6.28319  4.03919  0.00505919  -0.150033
6.9115  6.28319  4.03919  0.00380903  -0.127962
8.16814  6.28319  4.03919  0.0029567  -0.111323
10.6814  6.28319  4.03919  0.00191284  -0.0880339
13.1947  6.28319  4.03919  0.00132881  -0.0726086
18.2212  6.28319  4.03919  0.000740506  -0.0535788
27.0177  6.28319  4.03919  0.000351229  -0.0365912
54.6637  6.28319  4.03919  8.83517e-05  -0.0182408
-33.3009  6.28319  4.48799  0.000234167  0.0298003
-21.9911  6.28319  4.48799  0.000520388  0.0447096
-15.708  6.28319  4.48799  0.0009724  0.0616906
-10.6814  6.28319  4.48799  0.00191278  0.0880339
-9.42478  6.28319  4.48799  0.00235341  0.098373
-8.16814  6.28319  4.48799  0.0029567  0.111323
-6.9115  6.28319  4.48799  0.00380904  0.127962
-5.65487  6.28319  4.48799  0.00505918  0.150033
-4.39823  6.28319  4.48799  0.00697784  0.180538
-3.14159  6.28319  4.48799  0.0100985  0.225242
-1.88496  6.28319  4.48799  0.0156727  0.298026
-0.628319  6.28319  4.48799  0.0285239  0.464735
0.628319  6.28319  4.48799  0.0285239  -0.464735
1.88496  6.28319  4.48799  0.0156727  -0.298026
3.14159  6.28319  4.48799  0.0100985  -0.225242
4.39823  6.28319  4.48799  0.00697786  -0.180538
5.65487  6.28319  4.48799  0.00505919  -0.150033
6.9115  6.28319  4.48799  0.00380903  -0.127962
8.16814  6.28319  4.48799  0.0029567  -0.111323
10.6814  6.28319  4.48799  0.00191284  -0.0880339
13.1947  6.28319  4.48799  0.00132881  -0.0726086
18.2212  6.28319  4.48799  0.000740506  -0.0535788
27.0177  6.28319  4.48799  0.000351229  -0.0365912
54.6637  6.28319  4.48799  8.83517e-05  -0.0182408
-33.3009  6.28319  4.93679  0.000234167  0.0298003
-21.9911  6.28319  4.93679  0.000520388  0.0447096
-15.708  6.28319  4.93679  0.0009724  0.0616906
-10.6814  6.28319  4.93679  0.00191278  0.0880339
-9.42478  6.28319  4.93679  0.00235341  0.098373
-8.16814  6.28319  4.93679  0.0029567  0.111323
-6.9115  6.28319  4.93679  0.00380904  0.127962
-5.65487  6.28319  4.93679  0.00505918  0.150033
-4.39823  6.28319  4.93679  0.00697784  0.180538
-3.14159  6.28319  4.93679  0.0100985  0.225242
-1.88496  6.28319  4.93679  0.0156727  0.298026
-0.628319  6.28319  4.93679  0.0285239  0.464735
0.628319  6.28319  4.93679  0.0285239  -0.464735
1.88496  6.28319  4.93679  0.0156727  -0.298026
3.14159  6.28319  4.93679  0.0100985  -0.225242
4.39823  6.28319  4.93679  0.00697786  -0.180538
5.65487  6.28319  4.93679  0.00505919  -0.150033
6.9115  6.28319  4.93679  0.00380903  -0.127962
8.16814  6.28319  4.93679  0.0029567  -0.111323
10.6814  6.28319  4.93679  0.00191284  -0.0880339
13.1947  6.28319  4.93679  0.00132881  -0.0726086
18.2212  6.28319  4.93679  0.000740506  -0.0535788
27.0177  6.28319  4.93679  0.000351229  -0.0365912
54.6637  6.28319  4.93679  8.83517e-05  -0.0182408
-33.3009  6.28319  5.38559  0.000234167  0.0298003
-21.9911  6.28319  5.38559  0.000520388  0.0447096
-15.708  6.28319  5.38559  0.0009724  0.0616906
-10.6814  6.28319  5.38559  0.00191278  0.0880339
-9.42478  6.28319  5.38559  0.00235341  0.098373
-8.16814  6.28319  5.38559  0.0029567  0.111323
-6.9115  6.28319  5.38559  0.00380904  0.127962
-5.65487  6.28319  5.38559  0.00505918  0.150033
-4.39823  6.28319  5.38559  0.00697784  0.180538
-3.14159  6.28319  5.38559  0.0100985  0.225242
-1.88496  6.28319  5.38559  0.0156727  0.298026
-0.628319  6.28319  5.38559  0.0285239  0.464735
0.628319  6.28319  5.38559  0.0285239  -0.464735
1.88496  6.28319  5.38559  0.0156727  -0.298026
3.14159  6.28319  5.38559  0.0100985  -0.225242
4.39823  6.28319  5.38559  0.00697786  -0.180538
5.65487  6.28319  5.38559  0.00505919  -0.150033
6.9115  6.28319  5.38559  0.00380903  -0.127962
8.16814  6.28319  5.38559  0.0029567  -0.111323
10.6814  6.28319  5.38559  0.00191284  -0.0880339
13.1947  6.28319  5.38559  0.00132881  -0.0726086
18.2212  6.28319  5.38559  0.000740506  -0.0535788
27.0177  6.28319  5.38559  0.000351229  -0.0365912
54.6637  6.28319  5.38559  8.83517e-05  -0.0182408
-33.3009  6.28319  5.83439  0.000234167  0.0298003
-21.9911  6.28319  5.83439  0.000520388  0.0447096
-15.708  6.28319  5.83439  0.0009724  0.0616906
-10.6814  6.28319  5.83439  0.00191278  0.0880339
-9.42478  6.28319  5.83439  0.00235341  0.098373
-8.16814  6.28319  5.83439  0.0029567  0.111323
-6.9115  6.28319  5.83439  0.00380904  0.127962
-5.65487  6.28319  5.83439  0.00505918  0.150033
-4.39823  6.28319  5.83439  0.00697784  0.180538
-3.14159  6.28319  5.83439  0.0100985  0.225242
-1.88496  6.28319  5.83439  0.0156727  0.298026
-0.628319  6.28319  5.83439  0.0285239  0.464735
0.628319  6.28319  5.83439  0.0285239  -0.464735
1.88496  6.28319  5.83439  0.0156727  -0.298026
3.14159  6.28319  5.83439  0.0100985  -0.225242
4.39823  6.28319  5.83439  0.00697786  -0.180538
5.65487  6.28319  5.83439  0.00505919  -0.150033
6.9115  6.28319  5.83439  0.00380903  -0.127962
8.16814  6.28319  5.83439  0.0029567  -0.111323
10.6814  6.28319  5.83439  0.00191284  -0.0880339
13.1947  6.28319  5.83439  0.00132881  -0.0726086
18.2212  6.28319  5.83439  0.000740506  -0.0535788
27.0177  6.28319  5.83439  0.000351229  -0.0365912
54.6637  6.28319  5.83439  8.83517e-05  -0.0182408
-33.3009  6.28319  6.28319  0.000234167  0.0298003
-21.9911  6.28319  6.28319  0.000520388  0.0447096
-15.708  6.28319  6.28319  0.0009724  0.0616906
-10.6814  6.28319  6.28319  0.00191278  0.0880339
-9.42478  6.28319  6.28319  0.00235341  0.098373
-8.16814  6.28319  6.28319  0.0029567  0.111323
-6.9115  6.28319  6.28319  0.00380904  0.127962
-5.65487  6.28319  6.28319  0.00505918  0.150033
-4.39823  6.28319  6.28319  0.00697784  0.180538
-3.14159  6.28319  6.28319  0.0100985  0.225242
-1.88496  6.28319  6.28319  0.0156727  0.298026
-0.628319  6.28319  6.28319  0.0285239  0.464735
0.628319  6.28319  6.28319  0.0285239  -0.464735
1.88496  6.28319  6.28319  0.0156727  -0.298026
3.14159  6.28319  6.28319  0.0100985  -0.225242
4.39823  6.28319  6.28319  0.00697786  -0.180538
5.65487  6.28319  6.28319  0.00505919  -0.150033
6.9115  6.28319  6.28319  0.00380903  -0.127962
8.16814  6.28319  6.28319  0.0029567  -0.111323
10.6814  6.28319  6.28319  0.00191284  -0.0880339
13.1947  6.28319  6.28319  0.00132881  -0.0726086
18.2212  6.28319  6.28319  0.000740506  -0.0535788
27.0177  6.28319  6.28319  0.000351229  -0.0365912
54.6637  6.28319  6.28319  8.83517e-05  -0.0182408
