-627.6902121872  0.0000000000  0.0000000000  0.0000000000  0.0000000000
-626.4335751258  0.0000000000  0.0000000000  0.0000000000  0.0000000000
-625.1769380644  0.0000000000  0.0000000000  0.0000000000  0.0000000000
-623.9203010029  0.0000000000  0.0000000000  0.0000000000  0.0000000000
-622.6636639415  0.0000000000  0.0000000000  0.0000000000  0.0000000000
-621.4070268801  0.0000000000  0.0000000000  0.0000000000  0.0000000000
-620.1503898186  0.0000000000  0.0000000000  0.0000000000  0.0000000000
-618.8937527572  0.0000000000  0.0000000000  0.0000000000  0.0000000000
-617.6371156958  0.0000000000  0.0000000000  0.0000000000  0.0000000000
-616.3804786343  0.0000000000  0.0000000000  0.0000000000  0.0000000000
-615.1238415729  0.0000000000  0.0000000000  0.0000000000  0.0000000000
-613.8672045114  0.0000000000  0.0000000000  0.0000000000  0.0000000000
-612.6105674500  0.0000000000  0.0000000000  0.0000000000  0.0000000000
-611.3539303886  0.0000000000  0.0000000000  0.0000000000  0.0000000000
-610.0972933271  0.0000000000  0.0000000000  0.0000000000  0.0000000000
-608.8406562657  0.0000000000  0.0000000000  0.0000000000  0.0000000000
-607.5840192043  0.0000000000  0.0000000000  0.0000000000  0.0000000000
-606.3273821428  0.0000000000  0.0000000000  0.0000000000  0.0000000000
-605.0707450814  0.0000000000  0.0000000000  0.0000000000  0.0000000000
-603.8141080200  0.0000000000  0.0000000000  0.0000000000  0.0000000000
-602.5574709585  0.0000000000  0.0000000000  0.0000000000  0.0000000000
-601.3008338971  0.0000000000  0.0000000000  0.0000000000  0.0000000000
-600.0441968357  0.0000000000  0.0000000000  0.0000000000  0.0000000000
-598.7875597742  0.0000000000  0.0000000000  0.0000000000  0.0000000000
-597.5309227128  0.0000000000  0.0000000000  0.0000000000  0.0000000000
-596.2742856513  0.0000000000  0.0000000000  0.0000000000  0.0000000000
-595.0176485899  0.0000000000  0.0000000000  0.0000000000  0.0000000000
-593.7610115285  0.0000000000  0.0000000000  0.0000000000  0.0000000000
-592.5043744670  0.0000000000  0.0000000000  0.0000000000  0.0000000000
-591.2477374056  0.0000000000  0.0000000000  0.0000000000  0.0000000000
-589.9911003442  0.0000000000  0.0000000000  0.0000000000  0.0000000000
-588.7344632827  0.0000000000  0.0000000000  0.0000000000  0.0000000000
-587.4778262213  0.0000000000  0.0000000000  0.0000000000  0.0000000000
-586.2211891599  0.0000000000  0.0000000000  0.0000000000  0.0000000000
-584.9645520984  0.0000000000  0.0000000000  0.0000000000  0.0000000000
-583.7079150370  0.0000000000  0.0000000000  0.0000000000  0.0000000000
-582.4512779755  0.0000000000  0.0000000000  0.0000000000  0.0000000000
-581.1946409141  0.0000000000  0.0000000000  0.0000000000  0.0000000000
-579.9380038527  0.0000000000  0.0000000000  0.0000000000  0.0000000000
-578.6813667912  0.0000000000  0.0000000000  0.0000000000  0.0000000000
-577.4247297298  0.0000000000  0.0000000000  0.0000000000  0.0000000000
-576.1680926684  0.0000000000  0.0000000000  0.0000000000  0.0000000000
-574.9114556069  0.0000000000  0.0000000000  0.0000000000  0.0000000000
-573.6548185455  0.0000000000  0.0000000000  0.0000000000  0.0000000000
-572.3981814841  0.0000000000  0.0000000000  0.0000000000  0.0000000000
-571.1415444226  0.0000000000  0.0000000000  0.0000000000  0.0000000000
-569.8849073612  0.0000000000  0.0000000000  0.0000000000  0.0000000000
-568.6282702998  0.0000000000  0.0000000000  0.0000000000  0.0000000000
-567.3716332383  0.0000000000  0.0000000000  0.0000000000  0.0000000000
-566.1149961769  0.0000000000  0.0000000000  0.0000000000  0.0000000000
-564.8583591154  0.0000000000  0.0000000000  0.0000000000  0.0000000000
-563.6017220540  0.0000000000  0.0000000000  0.0000000000  0.0000000000
-562.3450849926  0.0000000000  0.0000000000  0.0000000000  0.0000000000
-561.0884479311  0.0000000000  0.0000000000  0.0000000000  0.0000000000
-559.8318108697  0.0000000000  0.0000000000  0.0000000000  0.0000000000
-558.5751738083  0.0000000000  0.0000000000  0.0000000000  0.0000000000
-557.3185367468  0.0000000000  0.0000000000  0.0000000000  0.0000000000
-556.0618996854  0.0000000000  0.0000000000  0.0000000000  0.0000000000
-554.8052626240  0.0000000000  0.0000000000  0.0000000000  0.0000000000
-553.5486255625  0.0000000000  0.0000000000  0.0000000000  0.0000000000
-552.2919885011  0.0000000000  0.0000000000  0.0000000000  0.0000000000
-551.0353514396  0.0000000000  0.0000000000  0.0000000000  0.0000000000
-549.7787143782  0.0000000000  0.0000000000  0.0000000000  0.0000000000
-548.5220773168  0.0000000000  0.0000000000  0.0000000000  0.0000000000
-547.2654402553  0.0000000000  0.0000000000  0.0000000000  0.0000000000
-546.0088031939  0.0000000000  0.0000000000  0.0000000000  0.0000000000
-544.7521661325  0.0000000000  0.0000000000  0.0000000000  0.0000000000
-543.4955290710  0.0000000000  0.0000000000  0.0000000000  0.0000000000
-542.2388920096  0.0000000000  0.0000000000  0.0000000000  0.0000000000
-540.9822549482  0.0000000000  0.0000000000  0.0000000000  0.0000000000
-539.7256178867  0.0000000000  0.0000000000  0.0000000000  0.0000000000
-538.4689808253  0.0000000000  0.0000000000  0.0000000000  0.0000000000
-537.2123437639  0.0000000000  0.0000000000  0.0000000000  0.0000000000
-535.9557067024  0.0000000000  0.0000000000  0.0000000000  0.0000000000
-534.6990696410  0.0000000000  0.0000000000  0.0000000000  0.0000000000
-533.4424325795  0.0000000000  0.0000000000  0.0000000000  0.0000000000
-532.1857955181  0.0000000000  0.0000000000  0.0000000000  0.0000000000
-530.9291584567  0.0000000000  0.0000000000  0.0000000000  0.0000000000
-529.6725213952  0.0000000000  0.0000000000  0.0000000000  0.0000000000
-528.4158843338  0.0000000000  0.0000000000  0.0000000000  0.0000000000
-527.1592472724  0.0000000000  0.0000000000  0.0000000000  0.0000000000
-525.9026102109  0.0000000000  0.0000000000  0.0000000000  0.0000000000
-524.6459731495  0.0000000000  0.0000000000  0.0000000000  0.0000000000
-523.3893360881  0.0000000000  0.0000000000  0.0000000000  0.0000000000
-522.1326990266  0.0000000000  0.0000000000  0.0000000000  0.0000000000
-520.8760619652  0.0000000000  0.0000000000  0.0000000000  0.0000000000
-519.6194249038  0.0000000000  0.0000000000  0.0000000000  0.0000000000
-518.3627878423  0.0000000000  0.0000000000  0.0000000000  0.0000000000
-517.1061507809  0.0000000000  0.0000000000  0.0000000000  0.0000000000
-515.8495137194  0.0000000000  0.0000000000  0.0000000000  0.0000000000
-514.5928766580  0.0000000000  0.0000000000  0.0000000000  0.0000000000
-513.3362395966  0.0000000000  0.0000000000  0.0000000000  0.0000000000
-512.0796025351  0.0000000000  0.0000000000  0.0000000000  0.0000000000
-510.8229654737  0.0000000000  0.0000000000  0.0000000000  0.0000000000
-509.5663284123  0.0000000000  0.0000000000  0.0000000000  0.0000000000
-508.3096913508  0.0000000000  0.0000000000  0.0000000000  0.0000000000
-507.0530542894  0.0000000000  0.0000000000  0.0000000000  0.0000000000
-505.7964172280  0.0000000000  0.0000000000  0.0000000000  0.0000000000
-504.5397801665  0.0000000000  0.0000000000  0.0000000000  0.0000000000
-503.2831431051  0.0000000000  0.0000000000  0.0000000000  0.0000000000
-502.0265060436  0.0000000000  0.0000000000  0.0000000000  0.0000000000
-500.7698689822  0.0000000000  0.0000000000  0.0000000000  0.0000000000
-499.5132319208  0.0000000000  0.0000000000  0.0000000000  0.0000000000
-498.2565948593  0.0000000000  0.0000000000  0.0000000000  0.0000000000
-496.9999577979  0.0000000000  0.0000000000  0.0000000000  0.0000000000
-495.7433207365  0.0000000000  0.0000000000  0.0000000000  0.0000000000
-494.4866836750  0.0000000000  0.0000000000  0.0000000000  0.0000000000
-493.2300466136  0.0000000000  0.0000000000  0.0000000000  0.0000000000
-491.9734095522  0.0000000000  0.0000000000  0.0000000000  0.0000000000
-490.7167724907  0.0000000000  0.0000000000  0.0000000000  0.0000000000
-489.4601354293  0.0000000000  0.0000000000  0.0000000000  0.0000000000
-488.2034983679  0.0000000000  0.0000000000  0.0000000000  0.0000000000
-486.9468613064  0.0000000000  0.0000000000  0.0000000000  0.0000000000
-485.6902242450  0.0000000000  0.0000000000  0.0000000000  0.0000000000
-484.4335871835  0.0000000000  0.0000000000  0.0000000000  0.0000000000
-483.1769501221  0.0000000000  0.0000000000  0.0000000000  0.0000000000
-481.9203130607  0.0000000000  0.0000000000  0.0000000000  0.0000000000
-480.6636759992  0.0000000000  0.0000000000  0.0000000000  0.0000000000
-479.4070389378  0.0000000000  0.0000000000  0.0000000000  0.0000000000
-478.1504018764  0.0000000000  0.0000000000  0.0000000000  0.0000000000
-476.8937648149  0.0000000000  0.0000000000  0.0000000000  0.0000000000
-475.6371277535  0.0000000000  0.0000000000  0.0000000000  0.0000000000
-474.3804906921  0.0000000000  0.0000000000  0.0000000000  0.0000000000
-473.1238536306  0.0000000000  0.0000000000  0.0000000000  0.0000000000
-471.8672165692  0.0000000000  0.0000000000  0.0000000000  0.0000000000
-470.6105795078  0.0000000000  0.0000000000  0.0000000000  0.0000000000
-469.3539424463  0.0000000000  0.0000000000  0.0000000000  0.0000000000
-468.0973053849  0.0000000000  0.0000000000  0.0000000000  0.0000000000
-466.8406683234  0.0000000000  0.0000000000  0.0000000000  0.0000000000
-465.5840312620  0.0000000000  0.0000000000  0.0000000000  0.0000000000
-464.3273942006  0.0000000000  0.0000000000  0.0000000000  0.0000000000
-463.0707571391  0.0000000000  0.0000000000  0.0000000000  0.0000000000
-461.8141200777  0.0000000000  0.0000000000  0.0000000000  0.0000000000
-460.5574830163  0.0000000000  0.0000000000  0.0000000000  0.0000000000
-459.3008459548  0.0000000000  0.0000000000  0.0000000000  0.0000000000
-458.0442088934  0.0000000000  0.0000000000  0.0000000000  0.0000000000
-456.7875718320  0.0000000000  0.0000000000  0.0000000000  0.0000000000
-455.5309347705  0.0000000000  0.0000000000  0.0000000000  0.0000000000
-454.2742977091  0.0000000000  0.0000000000  0.0000000000  0.0000000000
-453.0176606476  0.0000000000  0.0000000000  0.0000000000  0.0000000000
-451.7610235862  0.0000000000  0.0000000000  0.0000000000  0.0000000000
-450.5043865248  0.0000000000  0.0000000000  0.0000000000  0.0000000000
-449.2477494633  0.0000000000  0.0000000000  0.0000000000  0.0000000000
-447.9911124019  0.0000000000  0.0000000000  0.0000000000  0.0000000000
-446.7344753405  0.0000000000  0.0000000000  0.0000000000  0.0000000000
-445.4778382790  0.0000000000  0.0000000000  0.0000000000  0.0000000000
-444.2212012176  0.0000000000  0.0000000000  0.0000000000  0.0000000000
-442.9645641562  0.0000000000  0.0000000000  0.0000000000  0.0000000000
-441.7079270947  0.0000000000  0.0000000000  0.0000000000  0.0000000000
-440.4512900333  0.0000000000  0.0000000000  0.0000000000  0.0000000000
-439.1946529719  0.0000000000  0.0000000000  0.0000000000  0.0000000000
-437.9380159104  0.0000000000  0.0000000000  0.0000000000  0.0000000000
-436.6813788490  0.0000000000  0.0000000000  0.0000000000  0.0000000000
-435.4247417875  0.0000000000  0.0000000000  0.0000000000  0.0000000000
-434.1681047261  0.0000000000  0.0000000000  0.0000000000  0.0000000000
-432.9114676647  0.0000000000  0.0000000000  0.0000000000  0.0000000000
-431.6548306032  0.0000000000  0.0000000000  0.0000000000  0.0000000000
-430.3981935418  0.0000000000  0.0000000000  0.0000000000  0.0000000000
-429.1415564804  0.0000000000  0.0000000000  0.0000000000  0.0000000000
-427.8849194189  0.0000000000  0.0000000000  0.0000000000  0.0000000000
-426.6282823575  0.0000000000  0.0000000000  0.0000000000  0.0000000000
-425.3716452961  0.0000000000  0.0000000000  0.0000000000  0.0000000000
-424.1150082346  0.0000000000  0.0000000000  0.0000000000  0.0000000000
-422.8583711732  0.0000000000  0.0000000000  0.0000000000  0.0000000000
-421.6017341118  0.0000000000  0.0000000000  0.0000000000  0.0000000000
-420.3450970503  0.0000000000  0.0000000000  0.0000000000  0.0000000000
-419.0884599889  0.0000000000  0.0000000000  0.0000000000  0.0000000000
-417.8318229274  0.0000000000  0.0000000000  0.0000000000  0.0000000000
-416.5751858660  0.0000000000  0.0000000000  0.0000000000  0.0000000000
-415.3185488046  0.0000000000  0.0000000000  0.0000000000  0.0000000000
-414.0619117431  0.0000000000  0.0000000000  0.0000000000  0.0000000000
-412.8052746817  0.0000000000  0.0000000000  0.0000000000  0.0000000000
-411.5486376203  0.0000000000  0.0000000000  0.0000000000  0.0000000000
-410.2920005588  0.0000000000  0.0000000000  0.0000000000  0.0000000000
-409.0353634974  0.0000000000  0.0000000000  0.0000000000  0.0000000000
-407.7787264360  0.0000000000  0.0000000000  0.0000000000  0.0000000000
-406.5220893745  0.0000000000  0.0000000000  0.0000000000  0.0000000000
-405.2654523131  0.0000000000  0.0000000000  0.0000000000  0.0000000000
-404.0088152516  0.0000000000  0.0000000000  0.0000000000  0.0000000000
-402.7521781902  0.0000000000  0.0000000000  0.0000000000  0.0000000000
-401.4955411288  0.0000000000  0.0000000000  0.0000000000  0.0000000000
-400.2389040673  0.0000000000  0.0000000000  0.0000000000  0.0000000000
-398.9822670059  0.0000000000  0.0000000000  0.0000000000  0.0000000000
-397.7256299445  0.0000000000  0.0000000000  0.0000000000  0.0000000000
-396.4689928830  0.0000000000  0.0000000000  0.0000000000  0.0000000000
-395.2123558216  0.0000000000  0.0000000000  0.0000000000  0.0000000000
-393.9557187602  0.0000000000  0.0000000000  0.0000000000  0.0000000000
-392.6990816987  0.0000000000  0.0000000000  0.0000000000  0.0000000000
-391.4424446373  0.0000000000  0.0000000000  0.0000000000  0.0000000000
-390.1858075759  0.0000000000  0.0000000000  0.0000000000  0.0000000000
-388.9291705144  0.0000000000  0.0000000000  0.0000000000  0.0000000000
-387.6725334530  0.0000000000  0.0000000000  0.0000000000  0.0000000000
-386.4158963915  0.0000000000  0.0000000000  0.0000000000  0.0000000000
-385.1592593301  0.0000000000  0.0000000000  0.0000000000  0.0000000000
-383.9026222687  0.0000000000  0.0000000000  0.0000000000  0.0000000000
-382.6459852072  0.0000000000  0.0000000000  0.0000000000  0.0000000000
-381.3893481458  0.0000000000  0.0000000000  0.0000000000  0.0000000000
-380.1327110844  0.0000000000  0.0000000000  0.0000000000  0.0000000000
-378.8760740229  0.0000000000  0.0000000000  0.0000000000  0.0000000000
-377.6194369615  0.0000000000  0.0000000000  0.0000000000  0.0000000000
-376.3627999001  0.0000000000  0.0000000000  0.0000000000  0.0000000000
-375.1061628386  0.0000000000  0.0000000000  0.0000000000  0.0000000000
-373.8495257772  0.0000000000  0.0000000000  0.0000000000  0.0000000000
-372.5928887157  0.0000000000  0.0000000000  0.0000000000  0.0000000000
-371.3362516543  0.0000000000  0.0000000000  0.0000000000  0.0000000000
-370.0796145929  0.0000000000  0.0000000000  0.0000000000  0.0000000000
-368.8229775314  0.0000000000  0.0000000000  0.0000000000  0.0000000000
-367.5663404700  0.0000000000  0.0000000000  0.0000000000  0.0000000000
-366.3097034086  0.0000000000  0.0000000000  0.0000000000  0.0000000000
-365.0530663471  0.0000000000  0.0000000000  0.0000000000  0.0000000000
-363.7964292857  0.0000000000  0.0000000000  0.0000000000  0.0000000000
-362.5397922243  0.0000000000  0.0000000000  0.0000000000  0.0000000000
-361.2831551628  0.0000000000  0.0000000000  0.0000000000  0.0000000000
-360.0265181014  0.0000000000  0.0000000000  0.0000000000  0.0000000000
-358.7698810400  0.0000000000  0.0000000000  0.0000000000  0.0000000000
-357.5132439785  0.0000000000  0.0000000000  0.0000000000  0.0000000000
-356.2566069171  0.0000000000  0.0000000000  0.0000000000  0.0000000000
-354.9999698556  0.0000000000  0.0000000000  0.0000000000  0.0000000000
-353.7433327942  0.0000000000  0.0000000000  0.0000000000  0.0000000000
-352.4866957328  0.0000000000  0.0000000000  0.0000000000  0.0000000000
-351.2300586713  0.0000000000  0.0000000000  0.0000000000  0.0000000000
-349.9734216099  0.0000000000  0.0000000000  0.0000000000  0.0000000000
-348.7167845485  0.0000000000  0.0000000000  0.0000000000  0.0000000000
-347.4601474870  0.0000000000  0.0000000000  0.0000000000  0.0000000000
-346.2035104256  0.0000000000  0.0000000000  0.0000000000  0.0000000000
-344.9468733642  0.0000000000  0.0000000000  0.0000000000  0.0000000000
-343.6902363027  0.0000000000  0.0000000000  0.0000000000  0.0000000000
-342.4335992413  0.0000000000  0.0000000000  0.0000000000  0.0000000000
-341.1769621799  0.0000000000  0.0000000000  0.0000000000  0.0000000000
-339.9203251184  0.0000000000  0.0000000000  0.0000000000  0.0000000000
-338.6636880570  0.0000000000  0.0000000000  0.0000000000  0.0000000000
-337.4070509955  0.0000000000  0.0000000000  0.0000000000  0.0000000000
-336.1504139341  0.0000000000  0.0000000000  0.0000000000  0.0000000000
-334.8937768727  0.0000000000  0.0000000000  0.0000000000  0.0000000000
-333.6371398112  0.0000000000  0.0000000000  0.0000000000  0.0000000000
-332.3805027498  0.0000000000  0.0000000000  0.0000000000  0.0000000000
-331.1238656884  0.0000000000  0.0000000000  0.0000000000  0.0000000000
-329.8672286269  0.0000000000  0.0000000000  0.0000000000  0.0000000000
-328.6105915655  0.0000000000  0.0000000000  0.0000000000  0.0000000000
-327.3539545041  0.0000000000  0.0000000000  0.0000000000  0.0000000000
-326.0973174426  0.0000000000  0.0000000000  0.0000000000  0.0000000000
-324.8406803812  0.0000000000  0.0000000000  0.0000000000  0.0000000000
-323.5840433197  0.0000000000  0.0000000000  0.0000000000  0.0000000000
-322.3274062583  0.0000000000  0.0000000000  0.0000000000  0.0000000000
-321.0707691969  0.0000000000  0.0000000000  0.0000000000  0.0000000000
-319.8141321354  0.0000000000  0.0000000000  0.0000000000  0.0000000000
-318.5574950740  0.0000000000  0.0000000000  0.0000000000  0.0000000000
-317.3008580126  0.0000000000  0.0000000000  0.0000000000  0.0000000000
-316.0442209511  0.0000000000  0.0000000000  0.0000000000  0.0000000000
-314.7875838897  0.0000000000  0.0000000000  0.0000000000  0.0000000000
-313.5309468283  0.0000000000  0.0000000000  0.0000000000  0.0000000000
-312.2743097668  0.0000000000  0.0000000000  0.0000000000  0.0000000000
-311.0176727054  0.0000000000  0.0000000000  0.0000000000  0.0000000000
-309.7610356440  0.0000000000  0.0000000000  0.0000000000  0.0000000000
-308.5043985825  0.0000000000  0.0000000000  0.0000000000  0.0000000000
-307.2477615211  0.0000000000  0.0000000000  0.0000000000  0.0000000000
-305.9911244596  0.0000000000  0.0000000000  0.0000000000  0.0000000000
-304.7344873982  0.0000000000  0.0000000000  0.0000000000  0.0000000000
-303.4778503368  0.0000000000  0.0000000000  0.0000000000  0.0000000000
-302.2212132753  0.0000000000  0.0000000000  0.0000000000  0.0000000000
-300.9645762139  0.0000000000  0.0000000000  0.0000000000  0.0000000000
-299.7079391525  0.0000000000  0.0000000000  0.0000000000  0.0000000000
-298.4513020910  0.0000000000  0.0000000000  0.0000000000  0.0000000000
-297.1946650296  0.0000000000  0.0000000000  0.0000000000  0.0000000000
-295.9380279682  0.0000000000  0.0000000000  0.0000000000  0.0000000000
-294.6813909067  0.0000000000  0.0000000000  0.0000000000  0.0000000000
-293.4247538453  0.0000000000  0.0000000000  0.0000000000  0.0000000000
-292.1681167839  0.0000000000  0.0000000000  0.0000000000  0.0000000000
-290.9114797224  0.0000000000  0.0000000000  0.0000000000  0.0000000000
-289.6548426610  0.0000000000  0.0000000000  0.0000000000  0.0000000000
-288.3982055995  0.0000000000  0.0000000000  0.0000000000  0.0000000000
-287.1415685381  0.0000000000  0.0000000000  0.0000000000  0.0000000000
-285.8849314767  0.0000000000  0.0000000000  0.0000000000  0.0000000000
-284.6282944152  0.0000000000  0.0000000000  0.0000000000  0.0000000000
-283.3716573538  0.0000000000  0.0000000000  0.0000000000  0.0000000000
-282.1150202924  0.0000000000  0.0000000000  0.0000000000  0.0000000000
-280.8583832309  0.0000000000  0.0000000000  0.0000000000  0.0000000000
-279.6017461695  0.0000000000  0.0000000000  0.0000000000  0.0000000000
-278.3451091081  0.0000000000  0.0000000000  0.0000000000  0.0000000000
-277.0884720466  0.0000000000  0.0000000000  0.0000000000  0.0000000000
-275.8318349852  0.0000000000  0.0000000000  0.0000000000  0.0000000000
-274.5751979237  0.0000000000  0.0000000000  0.0000000000  0.0000000000
-273.3185608623  0.0000000000  0.0000000000  0.0000000000  0.0000000000
-272.0619238009  0.0000000000  0.0000000000  0.0000000000  0.0000000000
-270.8052867394  0.0000000000  0.0000000000  0.0000000000  0.0000000000
-269.5486496780  0.0000000000  0.0000000000  0.0000000000  0.0000000000
-268.2920126166  0.0000000000  0.0000000000  0.0000000000  0.0000000000
-267.0353755551  0.0000000000  0.0000000000  0.0000000000  0.0000000000
-265.7787384937  0.0000000000  0.0000000000  0.0000000000  0.0000000000
-264.5221014323  0.0000000000  0.0000000000  0.0000000000  0.0000000000
-263.2654643708  0.0000000000  0.0000000000  0.0000000000  0.0000000000
-262.0088273094  0.0000000000  0.0000000000  0.0000000000  0.0000000000
-260.7521902480  0.0000000000  0.0000000000  0.0000000000  0.0000000000
-259.4955531865  0.0000000000  0.0000000000  0.0000000000  0.0000000000
-258.2389161251  0.0000000000  0.0000000000  0.0000000000  0.0000000000
-256.9822790636  0.0000000000  0.0000000000  0.0000000000  0.0000000000
-255.7256420022  0.0000000000  0.0000000000  0.0000000000  0.0000000000
-254.4690049408  0.0000000000  0.0000000000  0.0000000000  0.0000000000
-253.2123678793  0.0000000000  0.0000000000  0.0000000000  0.0000000000
-251.9557308179  0.0000000000  0.0000000000  0.0000000000  0.0000000000
-250.6990937565  0.0000000000  0.0000000000  0.0000000000  0.0000000000
-249.4424566950  0.0000000000  0.0000000000  0.0000000000  0.0000000000
-248.1858196336  0.0000000000  0.0000000000  0.0000000000  0.0000000000
-246.9291825722  0.0000000000  0.0000000000  0.0000000000  0.0000000000
-245.6725455107  0.0000000000  0.0000000000  0.0000000000  0.0000000000
-244.4159084493  0.0000000000  0.0000000000  0.0000000000  0.0000000000
-243.1592713878  0.0000000000  0.0000000000  0.0000000000  0.0000000000
-241.9026343264  0.0000000000  0.0000000000  0.0000000000  0.0000000000
-240.6459972650  0.0000000000  0.0000000000  0.0000000000  0.0000000000
-239.3893602035  0.0000000000  0.0000000000  0.0000000000  0.0000000000
-238.1327231421  0.0000000000  0.0000000000  0.0000000000  0.0000000000
-236.8760860807  0.0000000000  0.0000000000  0.0000000000  0.0000000000
-235.6194490192  0.0000000000  0.0000000000  0.0000000000  0.0000000000
-234.3628119578  0.0000000000  0.0000000000  0.0000000000  0.0000000000
-233.1061748964  0.0000000000  0.0000000000  0.0000000000  0.0000000000
-231.8495378349  0.0000000000  0.0000000000  0.0000000000  0.0000000000
-230.5929007735  0.0000000000  0.0000000000  0.0000000000  0.0000000000
-229.3362637121  0.0000000000  0.0000000000  0.0000000000  0.0000000000
-228.0796266506  0.0000000000  0.0000000000  0.0000000000  0.0000000000
-226.8229895892  0.0000000000  0.0000000000  0.0000000000  0.0000000000
-225.5663525277  0.0000000000  0.0000000000  0.0000000000  0.0000000000
-224.3097154663  0.0000000000  0.0000000000  0.0000000000  0.0000000000
-223.0530784049  0.0000000000  0.0000000000  0.0000000000  0.0000000000
-221.7964413434  0.0000000000  0.0000000000  0.0000000000  0.0000000000
-220.5398042820  0.0000000000  0.0000000000  0.0000000000  0.0000000000
-219.2831672206  0.0000000000  0.0000000000  0.0000000000  0.0000000000
-218.0265301591  0.0000000000  0.0000000000  0.0000000000  0.0000000000
-216.7698930977  0.0000000000  0.0000000000  0.0000000000  0.0000000000
-215.5132560363  0.0000000000  0.0000000000  0.0000000000  0.0000000000
-214.2566189748  0.0000000000  0.0000000000  0.0000000000  0.0000000000
-212.9999819134  0.0000000000  0.0000000000  0.0000000000  0.0000000000
-211.7433448520  0.0000000000  0.0000000000  0.0000000000  0.0000000000
-210.4867077905  0.0000000000  0.0000000000  0.0000000000  0.0000000000
-209.2300707291  0.0000000000  0.0000000000  0.0000000000  0.0000000000
-207.9734336676  0.0000000000  0.0000000000  0.0000000000  0.0000000000
-206.7167966062  0.0000000000  0.0000000000  0.0000000000  0.0000000000
-205.4601595448  0.0000000000  0.0000000000  0.0000000000  0.0000000000
-204.2035224833  0.0000000000  0.0000000000  0.0000000000  0.0000000000
-202.9468854219  0.0000000000  0.0000000000  0.0000000000  0.0000000000
-201.6902483605  0.0000000000  0.0000000000  0.0000000000  0.0000000000
-200.4336112990  0.0000000000  0.0000000000  0.0000000000  0.0000000000
-199.1769742376  0.0000000000  0.0000000000  0.0000000000  0.0000000000
-197.9203371762  0.0000000000  0.0000000000  0.0000000000  0.0000000000
-196.6637001147  0.0000000000  0.0000000000  0.0000000000  0.0000000000
-195.4070630533  0.0000000000  0.0000000000  0.0000000000  0.0000000000
-194.1504259918  0.0000000000  0.0000000000  0.0000000000  0.0000000000
-192.8937889304  0.0000000000  0.0000000000  0.0000000000  0.0000000000
-191.6371518690  0.0000000000  0.0000000000  0.0000000000  0.0000000000
-190.3805148075  0.0000000000  0.0000000000  0.0000000000  0.0000000000
-189.1238777461  0.0000000000  0.0000000000  0.0000000000  0.0000000000
-187.8672406847  0.0000000000  0.0000000000  0.0000000000  0.0000000000
-186.6106036232  0.0000000000  0.0000000000  0.0000000000  0.0000000000
-185.3539665618  0.0000000000  0.0000000000  0.0000000000  0.0000000000
-184.0973295004  0.0000000000  0.0000000000  0.0000000000  0.0000000000
-182.8406924389  0.0000000000  0.0000000000  0.0000000000  0.0000000000
-181.5840553775  0.0000000000  0.0000000000  0.0000000000  0.0000000000
-180.3274183161  0.0000000000  0.0000000000  0.0000000000  0.0000000000
-179.0707812546  0.0000000000  0.0000000000  0.0000000000  0.0000000000
-177.8141441932  0.0000000000  0.0000000000  0.0000000000  0.0000000000
-176.5575071317  0.0000000000  0.0000000000  0.0000000000  0.0000000000
-175.3008700703  0.0000000000  0.0000000000  0.0000000000  0.0000000000
-174.0442330089  0.0000000000  0.0000000000  0.0000000000  0.0000000000
-172.7875959474  0.0000000000  0.0000000000  0.0000000000  0.0000000000
-171.5309588860  0.0000000000  0.0000000000  0.0000000000  0.0000000000
-170.2743218246  0.0000000000  0.0000000000  0.0000000000  0.0000000000
-169.0176847631  0.0000000000  0.0000000000  0.0000000000  0.0000000000
-167.7610477017  0.0000000000  0.0000000000  0.0000000000  0.0000000000
-166.5044106403  0.0000000000  0.0000000000  0.0000000000  0.0000000000
-165.2477735788  0.0000000000  0.0000000000  0.0000000000  0.0000000000
-163.9911365174  0.0000000000  0.0000000000  0.0000000000  0.0000000000
-162.7344994560  0.0000000000  0.0000000000  0.0000000000  0.0000000000
-161.4778623945  0.0000000000  0.0000000000  0.0000000000  0.0000000000
-160.2212253331  0.0000000000  0.0000000000  0.0000000000  0.0000000000
-158.9645882716  0.0000000000  0.0000000000  0.0000000000  0.0000000000
-157.7079512102  0.0000000000  0.0000000000  0.0000000000  0.0000000000
-156.4513141488  0.0000000000  0.0000000000  0.0000000000  0.0000000000
-155.1946770873  0.0000000000  0.0000000000  0.0000000000  0.0000000000
-153.9380400259  0.0000000000  0.0000000000  0.0000000000  0.0000000000
-152.6814029645  0.0000000000  0.0000000000  0.0000000000  0.0000000000
-151.4247659030  0.0000000000  0.0000000000  0.0000000000  0.0000000000
-150.1681288416  0.0000000000  0.0000000000  0.0000000000  0.0000000000
-148.9114917802  0.0000000000  0.0000000000  0.0000000000  0.0000000000
-147.6548547187  0.0000000000  0.0000000000  0.0000000000  0.0000000000
-146.3982176573  0.0000000000  0.0000000000  0.0000000000  0.0000000000
-145.1415805958  0.0000000000  0.0000000000  0.0000000000  0.0000000000
-143.8849435344  0.0000000000  0.0000000000  0.0000000000  0.0000000000
-142.6283064730  0.0000000000  0.0000000000  0.0000000000  0.0000000000
-141.3716694115  0.0000000000  0.0000000000  0.0000000000  0.0000000000
-140.1150323501  0.0000000000  0.0000000000  0.0000000000  0.0000000000
-138.8583952887  0.0000000000  0.0000000000  0.0000000000  0.0000000000
-137.6017582272  0.0000000000  0.0000000000  0.0000000000  0.0000000000
-136.3451211658  0.0000000000  0.0000000000  0.0000000000  0.0000000000
-135.0884841044  0.0000000000  0.0000000000  0.0000000000  0.0000000000
-133.8318470429  0.0000000000  0.0000000000  0.0000000000  0.0000000000
-132.5752099815  0.0000000000  0.0000000000  0.0000000000  0.0000000000
-131.3185729201  0.0000000000  0.0000000000  0.0000000000  0.0000000000
-130.0619358586  0.0000000000  0.0000000000  0.0000000000  0.0000000000
-128.8052987972  0.0000000000  0.0000000000  0.0000000000  0.0000000000
-127.5486617357  0.0000000000  0.0000000000  0.0000000000  0.0000000000
-126.2920246743  0.0000000000  0.0000000000  0.0000000000  0.0000000000
-125.0353876129  0.0000000000  0.0000000000  0.0000000000  0.0000000000
-123.7787505514  0.0000000000  0.0000000000  0.0000000000  0.0000000000
-122.5221134900  0.0000000000  0.0000000000  0.0000000000  0.0000000000
-121.2654764286  0.0000000000  0.0000000000  0.0000000000  0.0000000000
-120.0088393671  0.0000000000  0.0000000000  0.0000000000  0.0000000000
-118.7522023057  0.0000000000  0.0000000000  0.0000000000  0.0000000000
-117.4955652443  0.0000000000  0.0000000000  0.0000000000  0.0000000000
-116.2389281828  0.0000000000  0.0000000000  0.0000000000  0.0000000000
-114.9822911214  0.0000000000  0.0000000000  0.0000000000  0.0000000000
-113.7256540600  0.0000000000  0.0000000000  0.0000000000  0.0000000000
-112.4690169985  0.0000000000  0.0000000000  0.0000000000  0.0000000000
-111.2123799371  0.0000000000  0.0000000000  0.0000000000  0.0000000000
-109.9557428756  0.0000000000  0.0000000000  0.0000000000  0.0000000000
-108.6991058142  0.0000000000  0.0000000000  0.0000000000  0.0000000000
-107.4424687528  0.0000000000  0.0000000000  0.0000000000  0.0000000000
-106.1858316913  0.0000000000  0.0000000000  0.0000000000  0.0000000000
-104.9291946299  0.0000000000  0.0000000000  0.0000000000  0.0000000000
-103.6725575685  0.0000000000  0.0000000000  0.0000000000  0.0000000000
-102.4159205070  0.0000000000  0.0000000000  0.0000000000  0.0000000000
-101.1592834456  0.0000000000  0.0000000000  0.0000000000  0.0000000000
-99.9026463842  0.0000000000  0.0000000000  0.0000000000  0.0000000000
-98.6460093227  0.0000000000  0.0000000000  0.0000000000  0.0000000000
-97.3893722613  0.0000000000  0.0000000000  0.0000000000  0.0000000000
-96.1327351998  0.0000000000  0.0000000000  0.0000000000  0.0000000000
-94.8760981384  0.0000000000  0.0000000000  0.0000000000  0.0000000000
-93.6194610770  0.0000000000  0.0000000000  0.0000000000  0.0000000000
-92.3628240155  0.0000000000  0.0000000000  0.0000000000  0.0000000000
-91.1061869541  0.0000000000  0.0000000000  0.0000000000  0.0000000000
-89.8495498927  0.0000000000  0.0000000000  0.0000000000  0.0000000000
-88.5929128312  0.0000000000  0.0000000000  0.0000000000  0.0000000000
-87.3362757698  0.0000000000  0.0000000000  0.0000000000  0.0000000000
-86.0796387084  0.0000000000  0.0000000000  0.0000000000  0.0000000000
-84.8230016469  0.0000000000  0.0000000000  0.0000000000  0.0000000000
-83.5663645855  0.0000000000  0.0000000000  0.0000000000  0.0000000000
-82.3097275241  0.0000000000  0.0000000000  0.0000000000  0.0000000000
-81.0530904626  0.0000000000  0.0000000000  0.0000000000  0.0000000000
-79.7964534012  0.0000000000  0.0000000000  0.0000000000  0.0000000000
-78.5398163397  0.0000000000  0.0000000000  0.0000000000  0.0000000000
-77.2831792783  0.0000000000  0.0000000000  0.0000000000  0.0000000000
-76.0265422169  0.0000000000  0.0000000000  0.0000000000  0.0000000000
-74.7699051554  0.0000000000  0.0000000000  0.0000000000  0.0000000000
-73.5132680940  0.0000000000  0.0000000000  0.0000000000  0.0000000000
-72.2566310326  0.0000000000  0.0000000000  0.0000000000  0.0000000000
-70.9999939711  0.0000000000  0.0000000000  0.0000000000  0.0000000000
-69.7433569097  0.0000000000  0.0000000000  0.0000000000  0.0000000000
-68.4867198483  0.0000000000  0.0000000000  0.0000000000  0.0000000000
-67.2300827868  0.0000000000  0.0000000000  0.0000000000  0.0000000000
-65.9734457254  0.0000000000  0.0000000000  0.0000000000  0.0000000000
-64.7168086639  0.0000000000  0.0000000000  0.0000000000  0.0000000000
-63.4601716025  0.0000000000  0.0000000000  0.0000000000  0.0000000000
-62.2035345411  0.0000000000  0.0000000000  0.0000000000  0.0000000000
-60.9468974796  0.0000000000  0.0000000000  0.0000000000  0.0000000000
-59.6902604182  0.0000000000  0.0000000000  0.0000000000  0.0000000000
-58.4336233568  0.0000000000  0.0000000000  0.0000000000  0.0000000000
-57.1769862953  0.0000000000  0.0000000000  0.0000000000  0.0000000000
-55.9203492339  0.0000000000  0.0000000000  0.0000000000  0.0000000000
-54.6637121725  0.0000000000  0.0000000000  0.0000000000  0.0000000000
-53.4070751110  0.0000000000  0.0000000000  0.0000000000  0.0000000000
-52.1504380496  0.0000000000  0.0000000000  0.0000000000  0.0000000000
-50.8938009882  0.0000000000  0.0000000000  0.0000000000  0.0000000000
-49.6371639267  0.0000000000  0.0000000000  0.0000000000  0.0000000000
-48.3805268653  0.0000000000  0.0000000000  0.0000000000  0.0000000000
-47.1238898038  0.0000000000  0.0000000000  0.0000000000  0.0000000000
-45.8672527424  0.0000000000  0.0000000000  0.0000000000  0.0000000000
-44.6106156810  0.0000000000  0.0000000000  0.0000000000  0.0000000000
-43.3539786195  0.0000000000  0.0000000000  0.0000000000  0.0000000000
-42.0973415581  0.0000000000  0.0000000000  0.0000000000  0.0000000000
-40.8407044967  0.0000000000  0.0000000000  0.0000000000  0.0000000000
-39.5840674352  0.0000000000  0.0000000000  0.0000000000  0.0000000000
-38.3274303738  0.0000000000  0.0000000000  0.0000000000  0.0000000000
-37.0707933124  0.0000000000  0.0000000000  0.0000000000  0.0000000000
-35.8141562509  0.0000000000  0.0000000000  0.0000000000  0.0000000000
-34.5575191895  0.0000000000  0.0000000000  0.0000000000  0.0000000000
-33.3008821281  0.0000000000  0.0000000000  0.0000000000  0.0000000000
-32.0442450666  0.0000000000  0.0000000000  0.0000000000  0.0000000000
-30.7876080052  0.0000000000  0.0000000000  0.0000000000  0.0000000000
-29.5309709437  0.0000000000  0.0000000000  0.0000000000  0.0000000000
-28.2743338823  0.0000000000  0.0000000000  0.0000000000  0.0000000000
-27.0176968209  0.0000000000  0.0000000000  0.0000000000  0.0000000000
-25.7610597594  0.0000000000  0.0000000000  0.0000000000  0.0000000000
-24.5044226980  0.0000000000  0.0000000000  0.0000000000  0.0000000000
-23.2477856366  0.0000000000  0.0000000000  0.0000000000  0.0000000000
-21.9911485751  0.0000000000  0.0000000000  0.0000000000  0.0000000000
-20.7345115137  0.0000000000  0.0000000000  0.0000000000  0.0000000000
-19.4778744523  0.0000000000  0.0000000000  0.0000000000  0.0000000000
-18.2212373908  0.0000000000  0.0000000000  0.0000000000  0.0000000000
-16.9646003294  0.0000000000  0.0000000000  0.0000000000  0.0000000000
-15.7079632679  0.0000000000  0.0000000000  0.0000000000  0.0000000000
-14.4513262065  0.0000000000  0.0000000000  0.0000000000  0.0000000000
-13.1946891451  0.0000000000  0.0000000000  0.0000000000  0.0000000000
-11.9380520836  0.0000000000  0.0000000000  0.0000000000  0.0000000000
-10.6814150222  0.0000000000  0.0000000000  0.0000000000  0.0000000000
-9.4247779608  0.0000000000  0.0000000000  0.0000000000  0.0000000000
-8.1681408993  0.0000000000  0.0000000000  0.0000000000  0.0000000000
-6.9115038379  0.0000000000  0.0000000000  0.0000000000  0.0000000000
-5.6548667765  0.0000000000  0.0000000000  0.0000000000  0.0000000000
-4.3982297150  0.0000000000  0.0000000000  0.0000000000  0.0000000000
-3.1415926536  0.0000000000  0.0000000000  0.0000000000  0.0000000000
-1.8849555922  0.0000000000  0.0000000000  0.0000000000  -0.0000000488
-0.6283185307  0.0000000000  0.0000000000  0.0000004197  0.0000000000
0.6283185307  0.0000000000  0.0000000000  0.3944217940  -0.1370082114
1.8849555922  0.0000000000  0.0000000000  0.2406222919  -0.2055505532
3.1415926536  0.0000000000  0.0000000000  0.1459594686  -0.1950178802
4.3982297150  0.0000000000  0.0000000000  0.0934137446  -0.1697114301
5.6548667765  0.0000000000  0.0000000000  0.0634815726  -0.1459484805
6.9115038379  0.0000000000  0.0000000000  0.0454287239  -0.1264421215
8.1681408993  0.0000000000  0.0000000000  0.0339033661  -0.1108390470
9.4247779608  0.0000000000  0.0000000000  0.0261723143  -0.0983193684
10.6814150222  0.0000000000  0.0000000000  0.0207664709  -0.0881552706
11.9380520836  0.0000000000  0.0000000000  0.0168529746  -0.0797888588
13.1946891451  0.0000000000  0.0000000000  0.0139360535  -0.0728079055
14.4513262065  0.0000000000  0.0000000000  0.0117076264  -0.0669090461
15.7079632679  0.0000000000  0.0000000000  0.0099689341  -0.0618672803
16.9646003294  0.0000000000  0.0000000000  0.0085874919  -0.0575136776
18.2212373908  0.0000000000  0.0000000000  0.0074724367  -0.0537196699
19.4778744523  0.0000000000  0.0000000000  0.0065598714  -0.0503860655
20.7345115137  0.0000000000  0.0000000000  0.0058038585  -0.0474353299
21.9911485751  0.0000000000  0.0000000000  0.0051707177  -0.0448061069
23.2477856366  0.0000000000  0.0000000000  0.0046353198  -0.0424492854
24.5044226980  0.0000000000  0.0000000000  0.0041786188  -0.0403251366
25.7610597594  0.0000000000  0.0000000000  0.0037859738  -0.0384012068
27.0176968209  0.0000000000  0.0000000000  0.0034459845  -0.0366507447
28.2743338823  0.0000000000  0.0000000000  0.0031496705  -0.0350515153
29.5309709437  0.0000000000  0.0000000000  0.0028898814  -0.0335848942
30.7876080052  0.0000000000  0.0000000000  0.0026608684  -0.0322351701
32.0442450666  0.0000000000  0.0000000000  0.0024579679  -0.0309890010
33.3008821281  0.0000000000  0.0000000000  0.0022773654  -0.0298349871
34.5575191895  0.0000000000  0.0000000000  0.0021159164  -0.0287633321
35.8141562509  0.0000000000  0.0000000000  0.0019710111  -0.0277655726
37.0707933124  0.0000000000  0.0000000000  0.0018404682  -0.0268343600
38.3274303738  0.0000000000  0.0000000000  0.0017224540  -0.0259632842
39.5840674352  0.0000000000  0.0000000000  0.0016154179  -0.0251467287
40.8407044967  0.0000000000  0.0000000000  0.0015180414  -0.0243797522
42.0973415581  0.0000000000  0.0000000000  0.0014291980  -0.0236579904
43.3539786195  0.0000000000  0.0000000000  0.0013479206  -0.0229775750
44.6106156810  0.0000000000  0.0000000000  0.0012733749  -0.0223350648
45.8672527424  0.0000000000  0.0000000000  0.0012048385  -0.0217273889
47.1238898038  0.0000000000  0.0000000000  0.0011416833  -0.0211517984
48.3805268653  0.0000000000  0.0000000000  0.0010833609  -0.0206058252
49.6371639267  0.0000000000  0.0000000000  0.0010293911  -0.0200872474
50.8938009882  0.0000000000  0.0000000000  0.0009793518  -0.0195940591
52.1504380496  0.0000000000  0.0000000000  0.0009328707  -0.0191244453
53.4070751110  0.0000000000  0.0000000000  0.0008896187  -0.0186767592
54.6637121725  0.0000000000  0.0000000000  0.0008493037  -0.0182495039
55.9203492339  0.0000000000  0.0000000000  0.0008116659  -0.0178413152
57.1769862953  0.0000000000  0.0000000000  0.0007764736  -0.0174509473
58.4336233568  0.0000000000  0.0000000000  0.0007435196  -0.0170772607
59.6902604182  0.0000000000  0.0000000000  0.0007126182  -0.0167192106
60.9468974796  0.0000000000  0.0000000000  0.0006836025  -0.0163758376
62.2035345411  0.0000000000  0.0000000000  0.0006563223  -0.0160462589
63.4601716025  0.0000000000  0.0000000000  0.0006306420  -0.0157296613
64.7168086639  0.0000000000  0.0000000000  0.0006064389  -0.0154252939
65.9734457254  0.0000000000  0.0000000000  0.0005836020  -0.0151324626
67.2300827868  0.0000000000  0.0000000000  0.0005620304  -0.0148505249
68.4867198483  0.0000000000  0.0000000000  0.0005416323  -0.0145788847
69.7433569097  0.0000000000  0.0000000000  0.0005223243  -0.0143169890
70.9999939711  0.0000000000  0.0000000000  0.0005040301  -0.0140643234
72.2566310326  0.0000000000  0.0000000000  0.0004866799  -0.0138204090
73.5132680940  0.0000000000  0.0000000000  0.0004702099  -0.0135847996
74.7699051554  0.0000000000  0.0000000000  0.0004545617  -0.0133570785
76.0265422169  0.0000000000  0.0000000000  0.0004396814  -0.0131368568
77.2831792783  0.0000000000  0.0000000000  0.0004255196  -0.0129237703
78.5398163397  0.0000000000  0.0000000000  0.0004120309  -0.0127174782
79.7964534012  0.0000000000  0.0000000000  0.0003991733  -0.0125176610
81.0530904626  0.0000000000  0.0000000000  0.0003869080  -0.0123240189
82.3097275241  0.0000000000  0.0000000000  0.0003751992  -0.0121362704
83.5663645855  0.0000000000  0.0000000000  0.0003640137  -0.0119541506
84.8230016469  0.0000000000  0.0000000000  0.0003533210  -0.0117774105
86.0796387084  0.0000000000  0.0000000000  0.0003430923  -0.0116058153
87.3362757698  0.0000000000  0.0000000000  0.0003333013  -0.0114391439
88.5929128312  0.0000000000  0.0000000000  0.0003239234  -0.0112771875
89.8495498927  0.0000000000  0.0000000000  0.0003149357  -0.0111197490
91.1061869541  0.0000000000  0.0000000000  0.0003063167  -0.0109666421
92.3628240155  0.0000000000  0.0000000000  0.0002980467  -0.0108176907
93.6194610770  0.0000000000  0.0000000000  0.0002901070  -0.0106727279
94.8760981384  0.0000000000  0.0000000000  0.0002824803  -0.0105315958
96.1327351998  0.0000000000  0.0000000000  0.0002751504  -0.0103941447
97.3893722613  0.0000000000  0.0000000000  0.0002681020  -0.0102602325
98.6460093227  0.0000000000  0.0000000000  0.0002613210  -0.0101297243
99.9026463842  0.0000000000  0.0000000000  0.0002547939  -0.0100024922
101.1592834456  0.0000000000  0.0000000000  0.0002485083  -0.0098784143
102.4159205070  0.0000000000  0.0000000000  0.0002424524  -0.0097573749
103.6725575685  0.0000000000  0.0000000000  0.0002366151  -0.0096392638
104.9291946299  0.0000000000  0.0000000000  0.0002309860  -0.0095239760
106.1858316913  0.0000000000  0.0000000000  0.0002255555  -0.0094114117
107.4424687528  0.0000000000  0.0000000000  0.0002203141  -0.0093014754
108.6991058142  0.0000000000  0.0000000000  0.0002152533  -0.0091940763
109.9557428756  0.0000000000  0.0000000000  0.0002103649  -0.0090891275
111.2123799371  0.0000000000  0.0000000000  0.0002056411  -0.0089865463
112.4690169985  0.0000000000  0.0000000000  0.0002010746  -0.0088862534
113.7256540600  0.0000000000  0.0000000000  0.0001966584  -0.0087881732
114.9822911214  0.0000000000  0.0000000000  0.0001923862  -0.0086922332
116.2389281828  0.0000000000  0.0000000000  0.0001882517  -0.0085983643
117.4955652443  0.0000000000  0.0000000000  0.0001842489  -0.0085065000
118.7522023057  0.0000000000  0.0000000000  0.0001803725  -0.0084165770
120.0088393671  0.0000000000  0.0000000000  0.0001766171  -0.0083285343
121.2654764286  0.0000000000  0.0000000000  0.0001729778  -0.0082423136
122.5221134900  0.0000000000  0.0000000000  0.0001694498  -0.0081578589
123.7787505514  0.0000000000  0.0000000000  0.0001660286  -0.0080751166
125.0353876129  0.0000000000  0.0000000000  0.0001627100  -0.0079940351
126.2920246743  0.0000000000  0.0000000000  0.0001594898  -0.0079145650
127.5486617357  0.0000000000  0.0000000000  0.0001563643  -0.0078366587
128.8052987972  0.0000000000  0.0000000000  0.0001533298  -0.0077602704
130.0619358586  0.0000000000  0.0000000000  0.0001503828  -0.0076853564
131.3185729201  0.0000000000  0.0000000000  0.0001475198  -0.0076118743
132.5752099815  0.0000000000  0.0000000000  0.0001447379  -0.0075397835
133.8318470429  0.0000000000  0.0000000000  0.0001420339  -0.0074690449
135.0884841044  0.0000000000  0.0000000000  0.0001394050  -0.0073996208
136.3451211658  0.0000000000  0.0000000000  0.0001368483  -0.0073314748
137.6017582272  0.0000000000  0.0000000000  0.0001343614  -0.0072645721
138.8583952887  0.0000000000  0.0000000000  0.0001319416  -0.0071988789
140.1150323501  0.0000000000  0.0000000000  0.0001295866  -0.0071343628
141.3716694115  0.0000000000  0.0000000000  0.0001272941  -0.0070709923
142.6283064730  0.0000000000  0.0000000000  0.0001250619  -0.0070087374
143.8849435344  0.0000000000  0.0000000000  0.0001228878  -0.0069475686
145.1415805958  0.0000000000  0.0000000000  0.0001207700  -0.0068874580
146.3982176573  0.0000000000  0.0000000000  0.0001187064  -0.0068283783
147.6548547187  0.0000000000  0.0000000000  0.0001166953  -0.0067703032
148.9114917802  0.0000000000  0.0000000000  0.0001147349  -0.0067132073
150.1681288416  0.0000000000  0.0000000000  0.0001128234  -0.0066570660
151.4247659030  0.0000000000  0.0000000000  0.0001109593  -0.0066018556
152.6814029645  0.0000000000  0.0000000000  0.0001091410  -0.0065475532
153.9380400259  0.0000000000  0.0000000000  0.0001073670  -0.0064941366
155.1946770873  0.0000000000  0.0000000000  0.0001056360  -0.0064415842
156.4513141488  0.0000000000  0.0000000000  0.0001039464  -0.0063898753
157.7079512102  0.0000000000  0.0000000000  0.0001022971  -0.0063389897
158.9645882716  0.0000000000  0.0000000000  0.0001006867  -0.0062889079
160.2212253331  0.0000000000  0.0000000000  0.0000991140  -0.0062396111
161.4778623945  0.0000000000  0.0000000000  0.0000975779  -0.0061910808
162.7344994560  0.0000000000  0.0000000000  0.0000960772  -0.0061432995
163.9911365174  0.0000000000  0.0000000000  0.0000946109  -0.0060962498
165.2477735788  0.0000000000  0.0000000000  0.0000931779  -0.0060499152
166.5044106403  0.0000000000  0.0000000000  0.0000917772  -0.0060042794
167.7610477017  0.0000000000  0.0000000000  0.0000904078  -0.0059593267
169.0176847631  0.0000000000  0.0000000000  0.0000890689  -0.0059150420
170.2743218246  0.0000000000  0.0000000000  0.0000877595  -0.0058714104
171.5309588860  0.0000000000  0.0000000000  0.0000864787  -0.0058284176
172.7875959474  0.0000000000  0.0000000000  0.0000852258  -0.0057860498
174.0442330089  0.0000000000  0.0000000000  0.0000839999  -0.0057442933
175.3008700703  0.0000000000  0.0000000000  0.0000828003  -0.0057031350
176.5575071317  0.0000000000  0.0000000000  0.0000816261  -0.0056625622
177.8141441932  0.0000000000  0.0000000000  0.0000804768  -0.0056225625
179.0707812546  0.0000000000  0.0000000000  0.0000793516  -0.0055831238
180.3274183161  0.0000000000  0.0000000000  0.0000782498  -0.0055442344
181.5840553775  0.0000000000  0.0000000000  0.0000771708  -0.0055058828
182.8406924389  0.0000000000  0.0000000000  0.0000761139  -0.0054680582
184.0973295004  0.0000000000  0.0000000000  0.0000750787  -0.0054307495
185.3539665618  0.0000000000  0.0000000000  0.0000740644  -0.0053939465
186.6106036232  0.0000000000  0.0000000000  0.0000730705  -0.0053576387
187.8672406847  0.0000000000  0.0000000000  0.0000720965  -0.0053218164
189.1238777461  0.0000000000  0.0000000000  0.0000711418  -0.0052864699
190.3805148075  0.0000000000  0.0000000000  0.0000702059  -0.0052515897
191.6371518690  0.0000000000  0.0000000000  0.0000692885  -0.0052171666
192.8937889304  0.0000000000  0.0000000000  0.0000683888  -0.0051831918
194.1504259918  0.0000000000  0.0000000000  0.0000675066  -0.0051496566
195.4070630533  0.0000000000  0.0000000000  0.0000666413  -0.0051165524
196.6637001147  0.0000000000  0.0000000000  0.0000657926  -0.0050838711
197.9203371762  0.0000000000  0.0000000000  0.0000649600  -0.0050516045
199.1769742376  0.0000000000  0.0000000000  0.0000641431  -0.0050197448
200.4336112990  0.0000000000  0.0000000000  0.0000633415  -0.0049882844
201.6902483605  0.0000000000  0.0000000000  0.0000625548  -0.0049572159
202.9468854219  0.0000000000  0.0000000000  0.0000617827  -0.0049265319
204.2035224833  0.0000000000  0.0000000000  0.0000610248  -0.0048962253
205.4601595448  0.0000000000  0.0000000000  0.0000602808  -0.0048662893
206.7167966062  0.0000000000  0.0000000000  0.0000595502  -0.0048367170
207.9734336676  0.0000000000  0.0000000000  0.0000588329  -0.0048075020
209.2300707291  0.0000000000  0.0000000000  0.0000581285  -0.0047786376
210.4867077905  0.0000000000  0.0000000000  0.0000574366  -0.0047501178
211.7433448520  0.0000000000  0.0000000000  0.0000567571  -0.0047219363
212.9999819134  0.0000000000  0.0000000000  0.0000560895  -0.0046940872
214.2566189748  0.0000000000  0.0000000000  0.0000554336  -0.0046665646
215.5132560363  0.0000000000  0.0000000000  0.0000547891  -0.0046393628
216.7698930977  0.0000000000  0.0000000000  0.0000541559  -0.0046124763
218.0265301591  0.0000000000  0.0000000000  0.0000535335  -0.0045858995
219.2831672206  0.0000000000  0.0000000000  0.0000529218  -0.0045596272
220.5398042820  0.0000000000  0.0000000000  0.0000523205  -0.0045336542
221.7964413434  0.0000000000  0.0000000000  0.0000517295  -0.0045079754
223.0530784049  0.0000000000  0.0000000000  0.0000511483  -0.0044825857
224.3097154663  0.0000000000  0.0000000000  0.0000505770  -0.0044574804
225.5663525277  0.0000000000  0.0000000000  0.0000500151  -0.0044326548
226.8229895892  0.0000000000  0.0000000000  0.0000494625  -0.0044081040
228.0796266506  0.0000000000  0.0000000000  0.0000489191  -0.0043838237
229.3362637121  0.0000000000  0.0000000000  0.0000483846  -0.0043598094
230.5929007735  0.0000000000  0.0000000000  0.0000478587  -0.0043360567
231.8495378349  0.0000000000  0.0000000000  0.0000473414  -0.0043125614
233.1061748964  0.0000000000  0.0000000000  0.0000468325  -0.0042893193
234.3628119578  0.0000000000  0.0000000000  0.0000463317  -0.0042663264
235.6194490192  0.0000000000  0.0000000000  0.0000458389  -0.0042435786
236.8760860807  0.0000000000  0.0000000000  0.0000453539  -0.0042210720
238.1327231421  0.0000000000  0.0000000000  0.0000448766  -0.0041988030
239.3893602035  0.0000000000  0.0000000000  0.0000444067  -0.0041767676
240.6459972650  0.0000000000  0.0000000000  0.0000439442  -0.0041549622
241.9026343264  0.0000000000  0.0000000000  0.0000434889  -0.0041333834
243.1592713878  0.0000000000  0.0000000000  0.0000430407  -0.0041120275
244.4159084493  0.0000000000  0.0000000000  0.0000425993  -0.0040908911
245.6725455107  0.0000000000  0.0000000000  0.0000421647  -0.0040699708
246.9291825722  0.0000000000  0.0000000000  0.0000417367  -0.0040492634
248.1858196336  0.0000000000  0.0000000000  0.0000413151  -0.0040287657
249.4424566950  0.0000000000  0.0000000000  0.0000409000  -0.0040084744
250.6990937565  0.0000000000  0.0000000000  0.0000404910  -0.0039883864
251.9557308179  0.0000000000  0.0000000000  0.0000400882  -0.0039684987
253.2123678793  0.0000000000  0.0000000000  0.0000396914  -0.0039488084
254.4690049408  0.0000000000  0.0000000000  0.0000393004  -0.0039293125
255.7256420022  0.0000000000  0.0000000000  0.0000389151  -0.0039100081
256.9822790636  0.0000000000  0.0000000000  0.0000385355  -0.0038908925
258.2389161251  0.0000000000  0.0000000000  0.0000381614  -0.0038719628
259.4955531865  0.0000000000  0.0000000000  0.0000377928  -0.0038532164
260.7521902480  0.0000000000  0.0000000000  0.0000374294  -0.0038346507
262.0088273094  0.0000000000  0.0000000000  0.0000370713  -0.0038162629
263.2654643708  0.0000000000  0.0000000000  0.0000367183  -0.0037980507
264.5221014323  0.0000000000  0.0000000000  0.0000363703  -0.0037800115
265.7787384937  0.0000000000  0.0000000000  0.0000360272  -0.0037621427
267.0353755551  0.0000000000  0.0000000000  0.0000356890  -0.0037444421
268.2920126166  0.0000000000  0.0000000000  0.0000353555  -0.0037269073
269.5486496780  0.0000000000  0.0000000000  0.0000350267  -0.0037095359
270.8052867394  0.0000000000  0.0000000000  0.0000347024  -0.0036923257
272.0619238009  0.0000000000  0.0000000000  0.0000343826  -0.0036752744
273.3185608623  0.0000000000  0.0000000000  0.0000340672  -0.0036583799
274.5751979237  0.0000000000  0.0000000000  0.0000337561  -0.0036416399
275.8318349852  0.0000000000  0.0000000000  0.0000334493  -0.0036250525
277.0884720466  0.0000000000  0.0000000000  0.0000331466  -0.0036086155
278.3451091081  0.0000000000  0.0000000000  0.0000328480  -0.0035923268
279.6017461695  0.0000000000  0.0000000000  0.0000325535  -0.0035761845
280.8583832309  0.0000000000  0.0000000000  0.0000322629  -0.0035601866
282.1150202924  0.0000000000  0.0000000000  0.0000319761  -0.0035443312
283.3716573538  0.0000000000  0.0000000000  0.0000316932  -0.0035286164
284.6282944152  0.0000000000  0.0000000000  0.0000314140  -0.0035130403
285.8849314767  0.0000000000  0.0000000000  0.0000311384  -0.0034976011
287.1415685381  0.0000000000  0.0000000000  0.0000308665  -0.0034822970
288.3982055995  0.0000000000  0.0000000000  0.0000305981  -0.0034671263
289.6548426610  0.0000000000  0.0000000000  0.0000303333  -0.0034520871
290.9114797224  0.0000000000  0.0000000000  0.0000300718  -0.0034371778
292.1681167839  0.0000000000  0.0000000000  0.0000298137  -0.0034223968
293.4247538453  0.0000000000  0.0000000000  0.0000295589  -0.0034077423
294.6813909067  0.0000000000  0.0000000000  0.0000293074  -0.0033932128
295.9380279682  0.0000000000  0.0000000000  0.0000290590  -0.0033788066
297.1946650296  0.0000000000  0.0000000000  0.0000288138  -0.0033645223
298.4513020910  0.0000000000  0.0000000000  0.0000285717  -0.0033503582
299.7079391525  0.0000000000  0.0000000000  0.0000283327  -0.0033363128
300.9645762139  0.0000000000  0.0000000000  0.0000280966  -0.0033223847
302.2212132753  0.0000000000  0.0000000000  0.0000278634  -0.0033085724
303.4778503368  0.0000000000  0.0000000000  0.0000276332  -0.0032948745
304.7344873982  0.0000000000  0.0000000000  0.0000274058  -0.0032812895
305.9911244596  0.0000000000  0.0000000000  0.0000271812  -0.0032678161
307.2477615211  0.0000000000  0.0000000000  0.0000269593  -0.0032544528
308.5043985825  0.0000000000  0.0000000000  0.0000267401  -0.0032411984
309.7610356440  0.0000000000  0.0000000000  0.0000265236  -0.0032280515
311.0176727054  0.0000000000  0.0000000000  0.0000263098  -0.0032150108
312.2743097668  0.0000000000  0.0000000000  0.0000260985  -0.0032020751
313.5309468283  0.0000000000  0.0000000000  0.0000258897  -0.0031892430
314.7875838897  0.0000000000  0.0000000000  0.0000256834  -0.0031765134
316.0442209511  0.0000000000  0.0000000000  0.0000254796  -0.0031638849
317.3008580126  0.0000000000  0.0000000000  0.0000252782  -0.0031513565
318.5574950740  0.0000000000  0.0000000000  0.0000250792  -0.0031389269
319.8141321354  0.0000000000  0.0000000000  0.0000248825  -0.0031265949
321.0707691969  0.0000000000  0.0000000000  0.0000246881  -0.0031143595
322.3274062583  0.0000000000  0.0000000000  0.0000244960  -0.0031022194
323.5840433197  0.0000000000  0.0000000000  0.0000243062  -0.0030901737
324.8406803812  0.0000000000  0.0000000000  0.0000241185  -0.0030782210
326.0973174426  0.0000000000  0.0000000000  0.0000239330  -0.0030663605
327.3539545041  0.0000000000  0.0000000000  0.0000237496  -0.0030545911
328.6105915655  0.0000000000  0.0000000000  0.0000235683  -0.0030429116
329.8672286269  0.0000000000  0.0000000000  0.0000233891  -0.0030313211
331.1238656884  0.0000000000  0.0000000000  0.0000232119  -0.0030198186
332.3805027498  0.0000000000  0.0000000000  0.0000230368  -0.0030084030
333.6371398112  0.0000000000  0.0000000000  0.0000228636  -0.0029970734
334.8937768727  0.0000000000  0.0000000000  0.0000226923  -0.0029858288
336.1504139341  0.0000000000  0.0000000000  0.0000225230  -0.0029746682
337.4070509955  0.0000000000  0.0000000000  0.0000223556  -0.0029635908
338.6636880570  0.0000000000  0.0000000000  0.0000221900  -0.0029525956
339.9203251184  0.0000000000  0.0000000000  0.0000220262  -0.0029416816
341.1769621799  0.0000000000  0.0000000000  0.0000218643  -0.0029308480
342.4335992413  0.0000000000  0.0000000000  0.0000217041  -0.0029200940
343.6902363027  0.0000000000  0.0000000000  0.0000215457  -0.0029094185
344.9468733642  0.0000000000  0.0000000000  0.0000213890  -0.0028988208
346.2035104256  0.0000000000  0.0000000000  0.0000212340  -0.0028883001
347.4601474870  0.0000000000  0.0000000000  0.0000210807  -0.0028778554
348.7167845485  0.0000000000  0.0000000000  0.0000209291  -0.0028674860
349.9734216099  0.0000000000  0.0000000000  0.0000207791  -0.0028571910
351.2300586713  0.0000000000  0.0000000000  0.0000206307  -0.0028469697
352.4866957328  0.0000000000  0.0000000000  0.0000204838  -0.0028368213
353.7433327942  0.0000000000  0.0000000000  0.0000203386  -0.0028267449
354.9999698556  0.0000000000  0.0000000000  0.0000201949  -0.0028167399
356.2566069171  0.0000000000  0.0000000000  0.0000200527  -0.0028068054
357.5132439785  0.0000000000  0.0000000000  0.0000199119  -0.0027969408
358.7698810400  0.0000000000  0.0000000000  0.0000197727  -0.0027871453
360.0265181014  0.0000000000  0.0000000000  0.0000196349  -0.0027774181
361.2831551628  0.0000000000  0.0000000000  0.0000194986  -0.0027677586
362.5397922243  0.0000000000  0.0000000000  0.0000193637  -0.0027581660
363.7964292857  0.0000000000  0.0000000000  0.0000192301  -0.0027486397
365.0530663471  0.0000000000  0.0000000000  0.0000190980  -0.0027391790
366.3097034086  0.0000000000  0.0000000000  0.0000189672  -0.0027297832
367.5663404700  0.0000000000  0.0000000000  0.0000188377  -0.0027204516
368.8229775314  0.0000000000  0.0000000000  0.0000187096  -0.0027111836
370.0796145929  0.0000000000  0.0000000000  0.0000185827  -0.0027019785
371.3362516543  0.0000000000  0.0000000000  0.0000184572  -0.0026928357
372.5928887157  0.0000000000  0.0000000000  0.0000183329  -0.0026837546
373.8495257772  0.0000000000  0.0000000000  0.0000182099  -0.0026747345
375.1061628386  0.0000000000  0.0000000000  0.0000180881  -0.0026657748
376.3627999001  0.0000000000  0.0000000000  0.0000179675  -0.0026568750
377.6194369615  0.0000000000  0.0000000000  0.0000178481  -0.0026480344
378.8760740229  0.0000000000  0.0000000000  0.0000177299  -0.0026392524
380.1327110844  0.0000000000  0.0000000000  0.0000176129  -0.0026305285
381.3893481458  0.0000000000  0.0000000000  0.0000174971  -0.0026218620
382.6459852072  0.0000000000  0.0000000000  0.0000173823  -0.0026132525
383.9026222687  0.0000000000  0.0000000000  0.0000172687  -0.0026046993
385.1592593301  0.0000000000  0.0000000000  0.0000171562  -0.0025962019
386.4158963915  0.0000000000  0.0000000000  0.0000170448  -0.0025877598
387.6725334530  0.0000000000  0.0000000000  0.0000169345  -0.0025793724
388.9291705144  0.0000000000  0.0000000000  0.0000168253  -0.0025710392
390.1858075759  0.0000000000  0.0000000000  0.0000167171  -0.0025627597
391.4424446373  0.0000000000  0.0000000000  0.0000166099  -0.0025545333
392.6990816987  0.0000000000  0.0000000000  0.0000165038  -0.0025463596
393.9557187602  0.0000000000  0.0000000000  0.0000163987  -0.0025382380
395.2123558216  0.0000000000  0.0000000000  0.0000162946  -0.0025301680
396.4689928830  0.0000000000  0.0000000000  0.0000161915  -0.0025221492
397.7256299445  0.0000000000  0.0000000000  0.0000160893  -0.0025141811
398.9822670059  0.0000000000  0.0000000000  0.0000159881  -0.0025062631
400.2389040673  0.0000000000  0.0000000000  0.0000158879  -0.0024983949
401.4955411288  0.0000000000  0.0000000000  0.0000157886  -0.0024905759
402.7521781902  0.0000000000  0.0000000000  0.0000156902  -0.0024828057
404.0088152516  0.0000000000  0.0000000000  0.0000155928  -0.0024750838
405.2654523131  0.0000000000  0.0000000000  0.0000154962  -0.0024674098
406.5220893745  0.0000000000  0.0000000000  0.0000154006  -0.0024597832
407.7787264360  0.0000000000  0.0000000000  0.0000153058  -0.0024522037
409.0353634974  0.0000000000  0.0000000000  0.0000152119  -0.0024446707
410.2920005588  0.0000000000  0.0000000000  0.0000151189  -0.0024371838
411.5486376203  0.0000000000  0.0000000000  0.0000150267  -0.0024297426
412.8052746817  0.0000000000  0.0000000000  0.0000149354  -0.0024223468
414.0619117431  0.0000000000  0.0000000000  0.0000148449  -0.0024149958
415.3185488046  0.0000000000  0.0000000000  0.0000147552  -0.0024076894
416.5751858660  0.0000000000  0.0000000000  0.0000146663  -0.0024004269
417.8318229274  0.0000000000  0.0000000000  0.0000145782  -0.0023932082
419.0884599889  0.0000000000  0.0000000000  0.0000144909  -0.0023860328
420.3450970503  0.0000000000  0.0000000000  0.0000144044  -0.0023789002
421.6017341118  0.0000000000  0.0000000000  0.0000143187  -0.0023718102
422.8583711732  0.0000000000  0.0000000000  0.0000142337  -0.0023647623
424.1150082346  0.0000000000  0.0000000000  0.0000141495  -0.0023577562
425.3716452961  0.0000000000  0.0000000000  0.0000140660  -0.0023507914
426.6282823575  0.0000000000  0.0000000000  0.0000139833  -0.0023438677
427.8849194189  0.0000000000  0.0000000000  0.0000139013  -0.0023369846
429.1415564804  0.0000000000  0.0000000000  0.0000138200  -0.0023301419
430.3981935418  0.0000000000  0.0000000000  0.0000137394  -0.0023233391
431.6548306032  0.0000000000  0.0000000000  0.0000136595  -0.0023165759
432.9114676647  0.0000000000  0.0000000000  0.0000135804  -0.0023098519
434.1681047261  0.0000000000  0.0000000000  0.0000135019  -0.0023031669
435.4247417875  0.0000000000  0.0000000000  0.0000134240  -0.0022965205
436.6813788490  0.0000000000  0.0000000000  0.0000133469  -0.0022899123
437.9380159104  0.0000000000  0.0000000000  0.0000132704  -0.0022833420
439.1946529719  0.0000000000  0.0000000000  0.0000131946  -0.0022768093
440.4512900333  0.0000000000  0.0000000000  0.0000131194  -0.0022703139
441.7079270947  0.0000000000  0.0000000000  0.0000130449  -0.0022638555
442.9645641562  0.0000000000  0.0000000000  0.0000129710  -0.0022574337
444.2212012176  0.0000000000  0.0000000000  0.0000128977  -0.0022510482
445.4778382790  0.0000000000  0.0000000000  0.0000128250  -0.0022446987
446.7344753405  0.0000000000  0.0000000000  0.0000127530  -0.0022383850
447.9911124019  0.0000000000  0.0000000000  0.0000126815  -0.0022321067
449.2477494633  0.0000000000  0.0000000000  0.0000126107  -0.0022258635
450.5043865248  0.0000000000  0.0000000000  0.0000125405  -0.0022196551
451.7610235862  0.0000000000  0.0000000000  0.0000124708  -0.0022134812
453.0176606476  0.0000000000  0.0000000000  0.0000124017  -0.0022073416
454.2742977091  0.0000000000  0.0000000000  0.0000123332  -0.0022012360
455.5309347705  0.0000000000  0.0000000000  0.0000122652  -0.0021951640
456.7875718320  0.0000000000  0.0000000000  0.0000121979  -0.0021891255
458.0442088934  0.0000000000  0.0000000000  0.0000121310  -0.0021831201
459.3008459548  0.0000000000  0.0000000000  0.0000120647  -0.0021771475
460.5574830163  0.0000000000  0.0000000000  0.0000119990  -0.0021712076
461.8141200777  0.0000000000  0.0000000000  0.0000119338  -0.0021652999
463.0707571391  0.0000000000  0.0000000000  0.0000118691  -0.0021594243
464.3273942006  0.0000000000  0.0000000000  0.0000118049  -0.0021535805
465.5840312620  0.0000000000  0.0000000000  0.0000117413  -0.0021477683
466.8406683234  0.0000000000  0.0000000000  0.0000116782  -0.0021419873
468.0973053849  0.0000000000  0.0000000000  0.0000116156  -0.0021362374
469.3539424463  0.0000000000  0.0000000000  0.0000115535  -0.0021305183
470.6105795078  0.0000000000  0.0000000000  0.0000114919  -0.0021248297
471.8672165692  0.0000000000  0.0000000000  0.0000114307  -0.0021191714
473.1238536306  0.0000000000  0.0000000000  0.0000113701  -0.0021135431
474.3804906921  0.0000000000  0.0000000000  0.0000113099  -0.0021079447
475.6371277535  0.0000000000  0.0000000000  0.0000112503  -0.0021023759
476.8937648149  0.0000000000  0.0000000000  0.0000111910  -0.0020968364
478.1504018764  0.0000000000  0.0000000000  0.0000111323  -0.0020913260
479.4070389378  0.0000000000  0.0000000000  0.0000110740  -0.0020858445
480.6636759992  0.0000000000  0.0000000000  0.0000110162  -0.0020803916
481.9203130607  0.0000000000  0.0000000000  0.0000109588  -0.0020749672
483.1769501221  0.0000000000  0.0000000000  0.0000109019  -0.0020695710
484.4335871835  0.0000000000  0.0000000000  0.0000108454  -0.0020642028
485.6902242450  0.0000000000  0.0000000000  0.0000107894  -0.0020588624
486.9468613064  0.0000000000  0.0000000000  0.0000107338  -0.0020535495
488.2034983679  0.0000000000  0.0000000000  0.0000106786  -0.0020482640
489.4601354293  0.0000000000  0.0000000000  0.0000106238  -0.0020430056
490.7167724907  0.0000000000  0.0000000000  0.0000105695  -0.0020377741
491.9734095522  0.0000000000  0.0000000000  0.0000105156  -0.0020325694
493.2300466136  0.0000000000  0.0000000000  0.0000104620  -0.0020273912
494.4866836750  0.0000000000  0.0000000000  0.0000104089  -0.0020222393
495.7433207365  0.0000000000  0.0000000000  0.0000103562  -0.0020171135
496.9999577979  0.0000000000  0.0000000000  0.0000103039  -0.0020120137
498.2565948593  0.0000000000  0.0000000000  0.0000102520  -0.0020069395
499.5132319208  0.0000000000  0.0000000000  0.0000102005  -0.0020018909
500.7698689822  0.0000000000  0.0000000000  0.0000101494  -0.0019968676
502.0265060436  0.0000000000  0.0000000000  0.0000100986  -0.0019918695
503.2831431051  0.0000000000  0.0000000000  0.0000100483  -0.0019868963
504.5397801665  0.0000000000  0.0000000000  0.0000099983  -0.0019819479
505.7964172280  0.0000000000  0.0000000000  0.0000099487  -0.0019770241
507.0530542894  0.0000000000  0.0000000000  0.0000098994  -0.0019721247
508.3096913508  0.0000000000  0.0000000000  0.0000098505  -0.0019672495
509.5663284123  0.0000000000  0.0000000000  0.0000098020  -0.0019623984
510.8229654737  0.0000000000  0.0000000000  0.0000097539  -0.0019575711
512.0796025351  0.0000000000  0.0000000000  0.0000097060  -0.0019527675
513.3362395966  0.0000000000  0.0000000000  0.0000096586  -0.0019479874
514.5928766580  0.0000000000  0.0000000000  0.0000096115  -0.0019432307
515.8495137194  0.0000000000  0.0000000000  0.0000095647  -0.0019384971
517.1061507809  0.0000000000  0.0000000000  0.0000095183  -0.0019337866
518.3627878423  0.0000000000  0.0000000000  0.0000094722  -0.0019290989
519.6194249038  0.0000000000  0.0000000000  0.0000094264  -0.0019244338
520.8760619652  0.0000000000  0.0000000000  0.0000093810  -0.0019197913
522.1326990266  0.0000000000  0.0000000000  0.0000093359  -0.0019151711
523.3893360881  0.0000000000  0.0000000000  0.0000092911  -0.0019105731
524.6459731495  0.0000000000  0.0000000000  0.0000092467  -0.0019059971
525.9026102109  0.0000000000  0.0000000000  0.0000092025  -0.0019014430
527.1592472724  0.0000000000  0.0000000000  0.0000091587  -0.0018969106
528.4158843338  0.0000000000  0.0000000000  0.0000091152  -0.0018923998
529.6725213952  0.0000000000  0.0000000000  0.0000090720  -0.0018879103
530.9291584567  0.0000000000  0.0000000000  0.0000090291  -0.0018834421
532.1857955181  0.0000000000  0.0000000000  0.0000089865  -0.0018789950
533.4424325795  0.0000000000  0.0000000000  0.0000089442  -0.0018745689
534.6990696410  0.0000000000  0.0000000000  0.0000089023  -0.0018701635
535.9557067024  0.0000000000  0.0000000000  0.0000088606  -0.0018657788
537.2123437639  0.0000000000  0.0000000000  0.0000088192  -0.0018614147
538.4689808253  0.0000000000  0.0000000000  0.0000087780  -0.0018570709
539.7256178867  0.0000000000  0.0000000000  0.0000087372  -0.0018527473
540.9822549482  0.0000000000  0.0000000000  0.0000086967  -0.0018484438
542.2388920096  0.0000000000  0.0000000000  0.0000086564  -0.0018441602
543.4955290710  0.0000000000  0.0000000000  0.0000086164  -0.0018398965
544.7521661325  0.0000000000  0.0000000000  0.0000085767  -0.0018356524
546.0088031939  0.0000000000  0.0000000000  0.0000085373  -0.0018314279
547.2654402553  0.0000000000  0.0000000000  0.0000084981  -0.0018272227
548.5220773168  0.0000000000  0.0000000000  0.0000084592  -0.0018230368
549.7787143782  0.0000000000  0.0000000000  0.0000084206  -0.0018188701
551.0353514396  0.0000000000  0.0000000000  0.0000083823  -0.0018147224
552.2919885011  0.0000000000  0.0000000000  0.0000083442  -0.0018105935
553.5486255625  0.0000000000  0.0000000000  0.0000083063  -0.0018064834
554.8052626240  0.0000000000  0.0000000000  0.0000082687  -0.0018023919
556.0618996854  0.0000000000  0.0000000000  0.0000082314  -0.0017983189
557.3185367468  0.0000000000  0.0000000000  0.0000081943  -0.0017942642
558.5751738083  0.0000000000  0.0000000000  0.0000081575  -0.0017902278
559.8318108697  0.0000000000  0.0000000000  0.0000081209  -0.0017862095
561.0884479311  0.0000000000  0.0000000000  0.0000080846  -0.0017822092
562.3450849926  0.0000000000  0.0000000000  0.0000080485  -0.0017782268
563.6017220540  0.0000000000  0.0000000000  0.0000080127  -0.0017742622
564.8583591154  0.0000000000  0.0000000000  0.0000079770  -0.0017703152
566.1149961769  0.0000000000  0.0000000000  0.0000079417  -0.0017663857
567.3716332383  0.0000000000  0.0000000000  0.0000079065  -0.0017624736
568.6282702998  0.0000000000  0.0000000000  0.0000078716  -0.0017585788
569.8849073612  0.0000000000  0.0000000000  0.0000078370  -0.0017547012
571.1415444226  0.0000000000  0.0000000000  0.0000078025  -0.0017508406
572.3981814841  0.0000000000  0.0000000000  0.0000077683  -0.0017469970
573.6548185455  0.0000000000  0.0000000000  0.0000077343  -0.0017431703
574.9114556069  0.0000000000  0.0000000000  0.0000077005  -0.0017393602
576.1680926684  0.0000000000  0.0000000000  0.0000076670  -0.0017355668
577.4247297298  0.0000000000  0.0000000000  0.0000076336  -0.0017317899
578.6813667912  0.0000000000  0.0000000000  0.0000076005  -0.0017280294
579.9380038527  0.0000000000  0.0000000000  0.0000075676  -0.0017242852
581.1946409141  0.0000000000  0.0000000000  0.0000075349  -0.0017205571
582.4512779755  0.0000000000  0.0000000000  0.0000075024  -0.0017168452
583.7079150370  0.0000000000  0.0000000000  0.0000074702  -0.0017131492
584.9645520984  0.0000000000  0.0000000000  0.0000074381  -0.0017094692
586.2211891599  0.0000000000  0.0000000000  0.0000074063  -0.0017058049
587.4778262213  0.0000000000  0.0000000000  0.0000073746  -0.0017021562
588.7344632827  0.0000000000  0.0000000000  0.0000073432  -0.0016985232
589.9911003442  0.0000000000  0.0000000000  0.0000073119  -0.0016949056
591.2477374056  0.0000000000  0.0000000000  0.0000072809  -0.0016913034
592.5043744670  0.0000000000  0.0000000000  0.0000072500  -0.0016877165
593.7610115285  0.0000000000  0.0000000000  0.0000072194  -0.0016841447
595.0176485899  0.0000000000  0.0000000000  0.0000071889  -0.0016805881
596.2742856513  0.0000000000  0.0000000000  0.0000071586  -0.0016770464
597.5309227128  0.0000000000  0.0000000000  0.0000071286  -0.0016735196
598.7875597742  0.0000000000  0.0000000000  0.0000070987  -0.0016700077
600.0441968357  0.0000000000  0.0000000000  0.0000070690  -0.0016665104
601.3008338971  0.0000000000  0.0000000000  0.0000070395  -0.0016630278
602.5574709585  0.0000000000  0.0000000000  0.0000070101  -0.0016595597
603.8141080200  0.0000000000  0.0000000000  0.0000069810  -0.0016561060
605.0707450814  0.0000000000  0.0000000000  0.0000069520  -0.0016526667
606.3273821428  0.0000000000  0.0000000000  0.0000069232  -0.0016492416
607.5840192043  0.0000000000  0.0000000000  0.0000068946  -0.0016458307
608.8406562657  0.0000000000  0.0000000000  0.0000068662  -0.0016424338
610.0972933271  0.0000000000  0.0000000000  0.0000068379  -0.0016390510
611.3539303886  0.0000000000  0.0000000000  0.0000068099  -0.0016356820
612.6105674500  0.0000000000  0.0000000000  0.0000067820  -0.0016323269
613.8672045114  0.0000000000  0.0000000000  0.0000067542  -0.0016289855
615.1238415729  0.0000000000  0.0000000000  0.0000067267  -0.0016256578
616.3804786343  0.0000000000  0.0000000000  0.0000066993  -0.0016223437
617.6371156958  0.0000000000  0.0000000000  0.0000066720  -0.0016190430
618.8937527572  0.0000000000  0.0000000000  0.0000066450  -0.0016157557
620.1503898186  0.0000000000  0.0000000000  0.0000066181  -0.0016124818
621.4070268801  0.0000000000  0.0000000000  0.0000065913  -0.0016092210
622.6636639415  0.0000000000  0.0000000000  0.0000065647  -0.0016059735
623.9203010029  0.0000000000  0.0000000000  0.0000065383  -0.0016027390
625.1769380644  0.0000000000  0.0000000000  0.0000065121  -0.0015995176
626.4335751258  0.0000000000  0.0000000000  0.0000064860  -0.0015963090
627.6902121872  0.0000000000  0.0000000000  0.0000064600  -0.0015931133
628.9468492487  0.0000000000  0.0000000000  0.0000000000  0.0000000000
-627.6902121872  0.0000000000  3.1415926536  0.0000000000  0.0000000000
-626.4335751258  0.0000000000  3.1415926536  0.0000000000  0.0000000000
-625.1769380644  0.0000000000  3.1415926536  0.0000000000  0.0000000000
-623.9203010029  0.0000000000  3.1415926536  0.0000000000  0.0000000000
-622.6636639415  0.0000000000  3.1415926536  0.0000000000  0.0000000000
-621.4070268801  0.0000000000  3.1415926536  0.0000000000  0.0000000000
-620.1503898186  0.0000000000  3.1415926536  0.0000000000  0.0000000000
-618.8937527572  0.0000000000  3.1415926536  0.0000000000  0.0000000000
-617.6371156958  0.0000000000  3.1415926536  0.0000000000  0.0000000000
-616.3804786343  0.0000000000  3.1415926536  0.0000000000  0.0000000000
-615.1238415729  0.0000000000  3.1415926536  0.0000000000  0.0000000000
-613.8672045114  0.0000000000  3.1415926536  0.0000000000  0.0000000000
-612.6105674500  0.0000000000  3.1415926536  0.0000000000  0.0000000000
-611.3539303886  0.0000000000  3.1415926536  0.0000000000  0.0000000000
-610.0972933271  0.0000000000  3.1415926536  0.0000000000  0.0000000000
-608.8406562657  0.0000000000  3.1415926536  0.0000000000  0.0000000000
-607.5840192043  0.0000000000  3.1415926536  0.0000000000  0.0000000000
-606.3273821428  0.0000000000  3.1415926536  0.0000000000  0.0000000000
-605.0707450814  0.0000000000  3.1415926536  0.0000000000  0.0000000000
-603.8141080200  0.0000000000  3.1415926536  0.0000000000  0.0000000000
-602.5574709585  0.0000000000  3.1415926536  0.0000000000  0.0000000000
-601.3008338971  0.0000000000  3.1415926536  0.0000000000  0.0000000000
-600.0441968357  0.0000000000  3.1415926536  0.0000000000  0.0000000000
-598.7875597742  0.0000000000  3.1415926536  0.0000000000  0.0000000000
-597.5309227128  0.0000000000  3.1415926536  0.0000000000  0.0000000000
-596.2742856513  0.0000000000  3.1415926536  0.0000000000  0.0000000000
-595.0176485899  0.0000000000  3.1415926536  0.0000000000  0.0000000000
-593.7610115285  0.0000000000  3.1415926536  0.0000000000  0.0000000000
-592.5043744670  0.0000000000  3.1415926536  0.0000000000  0.0000000000
-591.2477374056  0.0000000000  3.1415926536  0.0000000000  0.0000000000
-589.9911003442  0.0000000000  3.1415926536  0.0000000000  0.0000000000
-588.7344632827  0.0000000000  3.1415926536  0.0000000000  0.0000000000
-587.4778262213  0.0000000000  3.1415926536  0.0000000000  0.0000000000
-586.2211891599  0.0000000000  3.1415926536  0.0000000000  0.0000000000
-584.9645520984  0.0000000000  3.1415926536  0.0000000000  0.0000000000
-583.7079150370  0.0000000000  3.1415926536  0.0000000000  0.0000000000
-582.4512779755  0.0000000000  3.1415926536  0.0000000000  0.0000000000
-581.1946409141  0.0000000000  3.1415926536  0.0000000000  0.0000000000
-579.9380038527  0.0000000000  3.1415926536  0.0000000000  0.0000000000
-578.6813667912  0.0000000000  3.1415926536  0.0000000000  0.0000000000
-577.4247297298  0.0000000000  3.1415926536  0.0000000000  0.0000000000
-576.1680926684  0.0000000000  3.1415926536  0.0000000000  0.0000000000
-574.9114556069  0.0000000000  3.1415926536  0.0000000000  0.0000000000
-573.6548185455  0.0000000000  3.1415926536  0.0000000000  0.0000000000
-572.3981814841  0.0000000000  3.1415926536  0.0000000000  0.0000000000
-571.1415444226  0.0000000000  3.1415926536  0.0000000000  0.0000000000
-569.8849073612  0.0000000000  3.1415926536  0.0000000000  0.0000000000
-568.6282702998  0.0000000000  3.1415926536  0.0000000000  0.0000000000
-567.3716332383  0.0000000000  3.1415926536  0.0000000000  0.0000000000
-566.1149961769  0.0000000000  3.1415926536  0.0000000000  0.0000000000
-564.8583591154  0.0000000000  3.1415926536  0.0000000000  0.0000000000
-563.6017220540  0.0000000000  3.1415926536  0.0000000000  0.0000000000
-562.3450849926  0.0000000000  3.1415926536  0.0000000000  0.0000000000
-561.0884479311  0.0000000000  3.1415926536  0.0000000000  0.0000000000
-559.8318108697  0.0000000000  3.1415926536  0.0000000000  0.0000000000
-558.5751738083  0.0000000000  3.1415926536  0.0000000000  0.0000000000
-557.3185367468  0.0000000000  3.1415926536  0.0000000000  0.0000000000
-556.0618996854  0.0000000000  3.1415926536  0.0000000000  0.0000000000
-554.8052626240  0.0000000000  3.1415926536  0.0000000000  0.0000000000
-553.5486255625  0.0000000000  3.1415926536  0.0000000000  0.0000000000
-552.2919885011  0.0000000000  3.1415926536  0.0000000000  0.0000000000
-551.0353514396  0.0000000000  3.1415926536  0.0000000000  0.0000000000
-549.7787143782  0.0000000000  3.1415926536  0.0000000000  0.0000000000
-548.5220773168  0.0000000000  3.1415926536  0.0000000000  0.0000000000
-547.2654402553  0.0000000000  3.1415926536  0.0000000000  0.0000000000
-546.0088031939  0.0000000000  3.1415926536  0.0000000000  0.0000000000
-544.7521661325  0.0000000000  3.1415926536  0.0000000000  0.0000000000
-543.4955290710  0.0000000000  3.1415926536  0.0000000000  0.0000000000
-542.2388920096  0.0000000000  3.1415926536  0.0000000000  0.0000000000
-540.9822549482  0.0000000000  3.1415926536  0.0000000000  0.0000000000
-539.7256178867  0.0000000000  3.1415926536  0.0000000000  0.0000000000
-538.4689808253  0.0000000000  3.1415926536  0.0000000000  0.0000000000
-537.2123437639  0.0000000000  3.1415926536  0.0000000000  0.0000000000
-535.9557067024  0.0000000000  3.1415926536  0.0000000000  0.0000000000
-534.6990696410  0.0000000000  3.1415926536  0.0000000000  0.0000000000
-533.4424325795  0.0000000000  3.1415926536  0.0000000000  0.0000000000
-532.1857955181  0.0000000000  3.1415926536  0.0000000000  0.0000000000
-530.9291584567  0.0000000000  3.1415926536  0.0000000000  0.0000000000
-529.6725213952  0.0000000000  3.1415926536  0.0000000000  0.0000000000
-528.4158843338  0.0000000000  3.1415926536  0.0000000000  0.0000000000
-527.1592472724  0.0000000000  3.1415926536  0.0000000000  0.0000000000
-525.9026102109  0.0000000000  3.1415926536  0.0000000000  0.0000000000
-524.6459731495  0.0000000000  3.1415926536  0.0000000000  0.0000000000
-523.3893360881  0.0000000000  3.1415926536  0.0000000000  0.0000000000
-522.1326990266  0.0000000000  3.1415926536  0.0000000000  0.0000000000
-520.8760619652  0.0000000000  3.1415926536  0.0000000000  0.0000000000
-519.6194249038  0.0000000000  3.1415926536  0.0000000000  0.0000000000
-518.3627878423  0.0000000000  3.1415926536  0.0000000000  0.0000000000
-517.1061507809  0.0000000000  3.1415926536  0.0000000000  0.0000000000
-515.8495137194  0.0000000000  3.1415926536  0.0000000000  0.0000000000
-514.5928766580  0.0000000000  3.1415926536  0.0000000000  0.0000000000
-513.3362395966  0.0000000000  3.1415926536  0.0000000000  0.0000000000
-512.0796025351  0.0000000000  3.1415926536  0.0000000000  0.0000000000
-510.8229654737  0.0000000000  3.1415926536  0.0000000000  0.0000000000
-509.5663284123  0.0000000000  3.1415926536  0.0000000000  0.0000000000
-508.3096913508  0.0000000000  3.1415926536  0.0000000000  0.0000000000
-507.0530542894  0.0000000000  3.1415926536  0.0000000000  0.0000000000
-505.7964172280  0.0000000000  3.1415926536  0.0000000000  0.0000000000
-504.5397801665  0.0000000000  3.1415926536  0.0000000000  0.0000000000
-503.2831431051  0.0000000000  3.1415926536  0.0000000000  0.0000000000
-502.0265060436  0.0000000000  3.1415926536  0.0000000000  0.0000000000
-500.7698689822  0.0000000000  3.1415926536  0.0000000000  0.0000000000
-499.5132319208  0.0000000000  3.1415926536  0.0000000000  0.0000000000
-498.2565948593  0.0000000000  3.1415926536  0.0000000000  0.0000000000
-496.9999577979  0.0000000000  3.1415926536  0.0000000000  0.0000000000
-495.7433207365  0.0000000000  3.1415926536  0.0000000000  0.0000000000
-494.4866836750  0.0000000000  3.1415926536  0.0000000000  0.0000000000
-493.2300466136  0.0000000000  3.1415926536  0.0000000000  0.0000000000
-491.9734095522  0.0000000000  3.1415926536  0.0000000000  0.0000000000
-490.7167724907  0.0000000000  3.1415926536  0.0000000000  0.0000000000
-489.4601354293  0.0000000000  3.1415926536  0.0000000000  0.0000000000
-488.2034983679  0.0000000000  3.1415926536  0.0000000000  0.0000000000
-486.9468613064  0.0000000000  3.1415926536  0.0000000000  0.0000000000
-485.6902242450  0.0000000000  3.1415926536  0.0000000000  0.0000000000
-484.4335871835  0.0000000000  3.1415926536  0.0000000000  0.0000000000
-483.1769501221  0.0000000000  3.1415926536  0.0000000000  0.0000000000
-481.9203130607  0.0000000000  3.1415926536  0.0000000000  0.0000000000
-480.6636759992  0.0000000000  3.1415926536  0.0000000000  0.0000000000
-479.4070389378  0.0000000000  3.1415926536  0.0000000000  0.0000000000
-478.1504018764  0.0000000000  3.1415926536  0.0000000000  0.0000000000
-476.8937648149  0.0000000000  3.1415926536  0.0000000000  0.0000000000
-475.6371277535  0.0000000000  3.1415926536  0.0000000000  0.0000000000
-474.3804906921  0.0000000000  3.1415926536  0.0000000000  0.0000000000
-473.1238536306  0.0000000000  3.1415926536  0.0000000000  0.0000000000
-471.8672165692  0.0000000000  3.1415926536  0.0000000000  0.0000000000
-470.6105795078  0.0000000000  3.1415926536  0.0000000000  0.0000000000
-469.3539424463  0.0000000000  3.1415926536  0.0000000000  0.0000000000
-468.0973053849  0.0000000000  3.1415926536  0.0000000000  0.0000000000
-466.8406683234  0.0000000000  3.1415926536  0.0000000000  0.0000000000
-465.5840312620  0.0000000000  3.1415926536  0.0000000000  0.0000000000
-464.3273942006  0.0000000000  3.1415926536  0.0000000000  0.0000000000
-463.0707571391  0.0000000000  3.1415926536  0.0000000000  0.0000000000
-461.8141200777  0.0000000000  3.1415926536  0.0000000000  0.0000000000
-460.5574830163  0.0000000000  3.1415926536  0.0000000000  0.0000000000
-459.3008459548  0.0000000000  3.1415926536  0.0000000000  0.0000000000
-458.0442088934  0.0000000000  3.1415926536  0.0000000000  0.0000000000
-456.7875718320  0.0000000000  3.1415926536  0.0000000000  0.0000000000
-455.5309347705  0.0000000000  3.1415926536  0.0000000000  0.0000000000
-454.2742977091  0.0000000000  3.1415926536  0.0000000000  0.0000000000
-453.0176606476  0.0000000000  3.1415926536  0.0000000000  0.0000000000
-451.7610235862  0.0000000000  3.1415926536  0.0000000000  0.0000000000
-450.5043865248  0.0000000000  3.1415926536  0.0000000000  0.0000000000
-449.2477494633  0.0000000000  3.1415926536  0.0000000000  0.0000000000
-447.9911124019  0.0000000000  3.1415926536  0.0000000000  0.0000000000
-446.7344753405  0.0000000000  3.1415926536  0.0000000000  0.0000000000
-445.4778382790  0.0000000000  3.1415926536  0.0000000000  0.0000000000
-444.2212012176  0.0000000000  3.1415926536  0.0000000000  0.0000000000
-442.9645641562  0.0000000000  3.1415926536  0.0000000000  0.0000000000
-441.7079270947  0.0000000000  3.1415926536  0.0000000000  0.0000000000
-440.4512900333  0.0000000000  3.1415926536  0.0000000000  0.0000000000
-439.1946529719  0.0000000000  3.1415926536  0.0000000000  0.0000000000
-437.9380159104  0.0000000000  3.1415926536  0.0000000000  0.0000000000
-436.6813788490  0.0000000000  3.1415926536  0.0000000000  0.0000000000
-435.4247417875  0.0000000000  3.1415926536  0.0000000000  0.0000000000
-434.1681047261  0.0000000000  3.1415926536  0.0000000000  0.0000000000
-432.9114676647  0.0000000000  3.1415926536  0.0000000000  0.0000000000
-431.6548306032  0.0000000000  3.1415926536  0.0000000000  0.0000000000
-430.3981935418  0.0000000000  3.1415926536  0.0000000000  0.0000000000
-429.1415564804  0.0000000000  3.1415926536  0.0000000000  0.0000000000
-427.8849194189  0.0000000000  3.1415926536  0.0000000000  0.0000000000
-426.6282823575  0.0000000000  3.1415926536  0.0000000000  0.0000000000
-425.3716452961  0.0000000000  3.1415926536  0.0000000000  0.0000000000
-424.1150082346  0.0000000000  3.1415926536  0.0000000000  0.0000000000
-422.8583711732  0.0000000000  3.1415926536  0.0000000000  0.0000000000
-421.6017341118  0.0000000000  3.1415926536  0.0000000000  0.0000000000
-420.3450970503  0.0000000000  3.1415926536  0.0000000000  0.0000000000
-419.0884599889  0.0000000000  3.1415926536  0.0000000000  0.0000000000
-417.8318229274  0.0000000000  3.1415926536  0.0000000000  0.0000000000
-416.5751858660  0.0000000000  3.1415926536  0.0000000000  0.0000000000
-415.3185488046  0.0000000000  3.1415926536  0.0000000000  0.0000000000
-414.0619117431  0.0000000000  3.1415926536  0.0000000000  0.0000000000
-412.8052746817  0.0000000000  3.1415926536  0.0000000000  0.0000000000
-411.5486376203  0.0000000000  3.1415926536  0.0000000000  0.0000000000
-410.2920005588  0.0000000000  3.1415926536  0.0000000000  0.0000000000
-409.0353634974  0.0000000000  3.1415926536  0.0000000000  0.0000000000
-407.7787264360  0.0000000000  3.1415926536  0.0000000000  0.0000000000
-406.5220893745  0.0000000000  3.1415926536  0.0000000000  0.0000000000
-405.2654523131  0.0000000000  3.1415926536  0.0000000000  0.0000000000
-404.0088152516  0.0000000000  3.1415926536  0.0000000000  0.0000000000
-402.7521781902  0.0000000000  3.1415926536  0.0000000000  0.0000000000
-401.4955411288  0.0000000000  3.1415926536  0.0000000000  0.0000000000
-400.2389040673  0.0000000000  3.1415926536  0.0000000000  0.0000000000
-398.9822670059  0.0000000000  3.1415926536  0.0000000000  0.0000000000
-397.7256299445  0.0000000000  3.1415926536  0.0000000000  0.0000000000
-396.4689928830  0.0000000000  3.1415926536  0.0000000000  0.0000000000
-395.2123558216  0.0000000000  3.1415926536  0.0000000000  0.0000000000
-393.9557187602  0.0000000000  3.1415926536  0.0000000000  0.0000000000
-392.6990816987  0.0000000000  3.1415926536  0.0000000000  0.0000000000
-391.4424446373  0.0000000000  3.1415926536  0.0000000000  0.0000000000
-390.1858075759  0.0000000000  3.1415926536  0.0000000000  0.0000000000
-388.9291705144  0.0000000000  3.1415926536  0.0000000000  0.0000000000
-387.6725334530  0.0000000000  3.1415926536  0.0000000000  0.0000000000
-386.4158963915  0.0000000000  3.1415926536  0.0000000000  0.0000000000
-385.1592593301  0.0000000000  3.1415926536  0.0000000000  0.0000000000
-383.9026222687  0.0000000000  3.1415926536  0.0000000000  0.0000000000
-382.6459852072  0.0000000000  3.1415926536  0.0000000000  0.0000000000
-381.3893481458  0.0000000000  3.1415926536  0.0000000000  0.0000000000
-380.1327110844  0.0000000000  3.1415926536  0.0000000000  0.0000000000
-378.8760740229  0.0000000000  3.1415926536  0.0000000000  0.0000000000
-377.6194369615  0.0000000000  3.1415926536  0.0000000000  0.0000000000
-376.3627999001  0.0000000000  3.1415926536  0.0000000000  0.0000000000
-375.1061628386  0.0000000000  3.1415926536  0.0000000000  0.0000000000
-373.8495257772  0.0000000000  3.1415926536  0.0000000000  0.0000000000
-372.5928887157  0.0000000000  3.1415926536  0.0000000000  0.0000000000
-371.3362516543  0.0000000000  3.1415926536  0.0000000000  0.0000000000
-370.0796145929  0.0000000000  3.1415926536  0.0000000000  0.0000000000
-368.8229775314  0.0000000000  3.1415926536  0.0000000000  0.0000000000
-367.5663404700  0.0000000000  3.1415926536  0.0000000000  0.0000000000
-366.3097034086  0.0000000000  3.1415926536  0.0000000000  0.0000000000
-365.0530663471  0.0000000000  3.1415926536  0.0000000000  0.0000000000
-363.7964292857  0.0000000000  3.1415926536  0.0000000000  0.0000000000
-362.5397922243  0.0000000000  3.1415926536  0.0000000000  0.0000000000
-361.2831551628  0.0000000000  3.1415926536  0.0000000000  0.0000000000
-360.0265181014  0.0000000000  3.1415926536  0.0000000000  0.0000000000
-358.7698810400  0.0000000000  3.1415926536  0.0000000000  0.0000000000
-357.5132439785  0.0000000000  3.1415926536  0.0000000000  0.0000000000
-356.2566069171  0.0000000000  3.1415926536  0.0000000000  0.0000000000
-354.9999698556  0.0000000000  3.1415926536  0.0000000000  0.0000000000
-353.7433327942  0.0000000000  3.1415926536  0.0000000000  0.0000000000
-352.4866957328  0.0000000000  3.1415926536  0.0000000000  0.0000000000
-351.2300586713  0.0000000000  3.1415926536  0.0000000000  0.0000000000
-349.9734216099  0.0000000000  3.1415926536  0.0000000000  0.0000000000
-348.7167845485  0.0000000000  3.1415926536  0.0000000000  0.0000000000
-347.4601474870  0.0000000000  3.1415926536  0.0000000000  0.0000000000
-346.2035104256  0.0000000000  3.1415926536  0.0000000000  0.0000000000
-344.9468733642  0.0000000000  3.1415926536  0.0000000000  0.0000000000
-343.6902363027  0.0000000000  3.1415926536  0.0000000000  0.0000000000
-342.4335992413  0.0000000000  3.1415926536  0.0000000000  0.0000000000
-341.1769621799  0.0000000000  3.1415926536  0.0000000000  0.0000000000
-339.9203251184  0.0000000000  3.1415926536  0.0000000000  0.0000000000
-338.6636880570  0.0000000000  3.1415926536  0.0000000000  0.0000000000
-337.4070509955  0.0000000000  3.1415926536  0.0000000000  0.0000000000
-336.1504139341  0.0000000000  3.1415926536  0.0000000000  0.0000000000
-334.8937768727  0.0000000000  3.1415926536  0.0000000000  0.0000000000
-333.6371398112  0.0000000000  3.1415926536  0.0000000000  0.0000000000
-332.3805027498  0.0000000000  3.1415926536  0.0000000000  0.0000000000
-331.1238656884  0.0000000000  3.1415926536  0.0000000000  0.0000000000
-329.8672286269  0.0000000000  3.1415926536  0.0000000000  0.0000000000
-328.6105915655  0.0000000000  3.1415926536  0.0000000000  0.0000000000
-327.3539545041  0.0000000000  3.1415926536  0.0000000000  0.0000000000
-326.0973174426  0.0000000000  3.1415926536  0.0000000000  0.0000000000
-324.8406803812  0.0000000000  3.1415926536  0.0000000000  0.0000000000
-323.5840433197  0.0000000000  3.1415926536  0.0000000000  0.0000000000
-322.3274062583  0.0000000000  3.1415926536  0.0000000000  0.0000000000
-321.0707691969  0.0000000000  3.1415926536  0.0000000000  0.0000000000
-319.8141321354  0.0000000000  3.1415926536  0.0000000000  0.0000000000
-318.5574950740  0.0000000000  3.1415926536  0.0000000000  0.0000000000
-317.3008580126  0.0000000000  3.1415926536  0.0000000000  0.0000000000
-316.0442209511  0.0000000000  3.1415926536  0.0000000000  0.0000000000
-314.7875838897  0.0000000000  3.1415926536  0.0000000000  0.0000000000
-313.5309468283  0.0000000000  3.1415926536  0.0000000000  0.0000000000
-312.2743097668  0.0000000000  3.1415926536  0.0000000000  0.0000000000
-311.0176727054  0.0000000000  3.1415926536  0.0000000000  0.0000000000
-309.7610356440  0.0000000000  3.1415926536  0.0000000000  0.0000000000
-308.5043985825  0.0000000000  3.1415926536  0.0000000000  0.0000000000
-307.2477615211  0.0000000000  3.1415926536  0.0000000000  0.0000000000
-305.9911244596  0.0000000000  3.1415926536  0.0000000000  0.0000000000
-304.7344873982  0.0000000000  3.1415926536  0.0000000000  0.0000000000
-303.4778503368  0.0000000000  3.1415926536  0.0000000000  0.0000000000
-302.2212132753  0.0000000000  3.1415926536  0.0000000000  0.0000000000
-300.9645762139  0.0000000000  3.1415926536  0.0000000000  0.0000000000
-299.7079391525  0.0000000000  3.1415926536  0.0000000000  0.0000000000
-298.4513020910  0.0000000000  3.1415926536  0.0000000000  0.0000000000
-297.1946650296  0.0000000000  3.1415926536  0.0000000000  0.0000000000
-295.9380279682  0.0000000000  3.1415926536  0.0000000000  0.0000000000
-294.6813909067  0.0000000000  3.1415926536  0.0000000000  0.0000000000
-293.4247538453  0.0000000000  3.1415926536  0.0000000000  0.0000000000
-292.1681167839  0.0000000000  3.1415926536  0.0000000000  0.0000000000
-290.9114797224  0.0000000000  3.1415926536  0.0000000000  0.0000000000
-289.6548426610  0.0000000000  3.1415926536  0.0000000000  0.0000000000
-288.3982055995  0.0000000000  3.1415926536  0.0000000000  0.0000000000
-287.1415685381  0.0000000000  3.1415926536  0.0000000000  0.0000000000
-285.8849314767  0.0000000000  3.1415926536  0.0000000000  0.0000000000
-284.6282944152  0.0000000000  3.1415926536  0.0000000000  0.0000000000
-283.3716573538  0.0000000000  3.1415926536  0.0000000000  0.0000000000
-282.1150202924  0.0000000000  3.1415926536  0.0000000000  0.0000000000
-280.8583832309  0.0000000000  3.1415926536  0.0000000000  0.0000000000
-279.6017461695  0.0000000000  3.1415926536  0.0000000000  0.0000000000
-278.3451091081  0.0000000000  3.1415926536  0.0000000000  0.0000000000
-277.0884720466  0.0000000000  3.1415926536  0.0000000000  0.0000000000
-275.8318349852  0.0000000000  3.1415926536  0.0000000000  0.0000000000
-274.5751979237  0.0000000000  3.1415926536  0.0000000000  0.0000000000
-273.3185608623  0.0000000000  3.1415926536  0.0000000000  0.0000000000
-272.0619238009  0.0000000000  3.1415926536  0.0000000000  0.0000000000
-270.8052867394  0.0000000000  3.1415926536  0.0000000000  0.0000000000
-269.5486496780  0.0000000000  3.1415926536  0.0000000000  0.0000000000
-268.2920126166  0.0000000000  3.1415926536  0.0000000000  0.0000000000
-267.0353755551  0.0000000000  3.1415926536  0.0000000000  0.0000000000
-265.7787384937  0.0000000000  3.1415926536  0.0000000000  0.0000000000
-264.5221014323  0.0000000000  3.1415926536  0.0000000000  0.0000000000
-263.2654643708  0.0000000000  3.1415926536  0.0000000000  0.0000000000
-262.0088273094  0.0000000000  3.1415926536  0.0000000000  0.0000000000
-260.7521902480  0.0000000000  3.1415926536  0.0000000000  0.0000000000
-259.4955531865  0.0000000000  3.1415926536  0.0000000000  0.0000000000
-258.2389161251  0.0000000000  3.1415926536  0.0000000000  0.0000000000
-256.9822790636  0.0000000000  3.1415926536  0.0000000000  0.0000000000
-255.7256420022  0.0000000000  3.1415926536  0.0000000000  0.0000000000
-254.4690049408  0.0000000000  3.1415926536  0.0000000000  0.0000000000
-253.2123678793  0.0000000000  3.1415926536  0.0000000000  0.0000000000
-251.9557308179  0.0000000000  3.1415926536  0.0000000000  0.0000000000
-250.6990937565  0.0000000000  3.1415926536  0.0000000000  0.0000000000
-249.4424566950  0.0000000000  3.1415926536  0.0000000000  0.0000000000
-248.1858196336  0.0000000000  3.1415926536  0.0000000000  0.0000000000
-246.9291825722  0.0000000000  3.1415926536  0.0000000000  0.0000000000
-245.6725455107  0.0000000000  3.1415926536  0.0000000000  0.0000000000
-244.4159084493  0.0000000000  3.1415926536  0.0000000000  0.0000000000
-243.1592713878  0.0000000000  3.1415926536  0.0000000000  0.0000000000
-241.9026343264  0.0000000000  3.1415926536  0.0000000000  0.0000000000
-240.6459972650  0.0000000000  3.1415926536  0.0000000000  0.0000000000
-239.3893602035  0.0000000000  3.1415926536  0.0000000000  0.0000000000
-238.1327231421  0.0000000000  3.1415926536  0.0000000000  0.0000000000
-236.8760860807  0.0000000000  3.1415926536  0.0000000000  0.0000000000
-235.6194490192  0.0000000000  3.1415926536  0.0000000000  0.0000000000
-234.3628119578  0.0000000000  3.1415926536  0.0000000000  0.0000000000
-233.1061748964  0.0000000000  3.1415926536  0.0000000000  0.0000000000
-231.8495378349  0.0000000000  3.1415926536  0.0000000000  0.0000000000
-230.5929007735  0.0000000000  3.1415926536  0.0000000000  0.0000000000
-229.3362637121  0.0000000000  3.1415926536  0.0000000000  0.0000000000
-228.0796266506  0.0000000000  3.1415926536  0.0000000000  0.0000000000
-226.8229895892  0.0000000000  3.1415926536  0.0000000000  0.0000000000
-225.5663525277  0.0000000000  3.1415926536  0.0000000000  0.0000000000
-224.3097154663  0.0000000000  3.1415926536  0.0000000000  0.0000000000
-223.0530784049  0.0000000000  3.1415926536  0.0000000000  0.0000000000
-221.7964413434  0.0000000000  3.1415926536  0.0000000000  0.0000000000
-220.5398042820  0.0000000000  3.1415926536  0.0000000000  0.0000000000
-219.2831672206  0.0000000000  3.1415926536  0.0000000000  0.0000000000
-218.0265301591  0.0000000000  3.1415926536  0.0000000000  0.0000000000
-216.7698930977  0.0000000000  3.1415926536  0.0000000000  0.0000000000
-215.5132560363  0.0000000000  3.1415926536  0.0000000000  0.0000000000
-214.2566189748  0.0000000000  3.1415926536  0.0000000000  0.0000000000
-212.9999819134  0.0000000000  3.1415926536  0.0000000000  0.0000000000
-211.7433448520  0.0000000000  3.1415926536  0.0000000000  0.0000000000
-210.4867077905  0.0000000000  3.1415926536  0.0000000000  0.0000000000
-209.2300707291  0.0000000000  3.1415926536  0.0000000000  0.0000000000
-207.9734336676  0.0000000000  3.1415926536  0.0000000000  0.0000000000
-206.7167966062  0.0000000000  3.1415926536  0.0000000000  0.0000000000
-205.4601595448  0.0000000000  3.1415926536  0.0000000000  0.0000000000
-204.2035224833  0.0000000000  3.1415926536  0.0000000000  0.0000000000
-202.9468854219  0.0000000000  3.1415926536  0.0000000000  0.0000000000
-201.6902483605  0.0000000000  3.1415926536  0.0000000000  0.0000000000
-200.4336112990  0.0000000000  3.1415926536  0.0000000000  0.0000000000
-199.1769742376  0.0000000000  3.1415926536  0.0000000000  0.0000000000
-197.9203371762  0.0000000000  3.1415926536  0.0000000000  0.0000000000
-196.6637001147  0.0000000000  3.1415926536  0.0000000000  0.0000000000
-195.4070630533  0.0000000000  3.1415926536  0.0000000000  0.0000000000
-194.1504259918  0.0000000000  3.1415926536  0.0000000000  0.0000000000
-192.8937889304  0.0000000000  3.1415926536  0.0000000000  0.0000000000
-191.6371518690  0.0000000000  3.1415926536  0.0000000000  0.0000000000
-190.3805148075  0.0000000000  3.1415926536  0.0000000000  0.0000000000
-189.1238777461  0.0000000000  3.1415926536  0.0000000000  0.0000000000
-187.8672406847  0.0000000000  3.1415926536  0.0000000000  0.0000000000
-186.6106036232  0.0000000000  3.1415926536  0.0000000000  0.0000000000
-185.3539665618  0.0000000000  3.1415926536  0.0000000000  0.0000000000
-184.0973295004  0.0000000000  3.1415926536  0.0000000000  0.0000000000
-182.8406924389  0.0000000000  3.1415926536  0.0000000000  0.0000000000
-181.5840553775  0.0000000000  3.1415926536  0.0000000000  0.0000000000
-180.3274183161  0.0000000000  3.1415926536  0.0000000000  0.0000000000
-179.0707812546  0.0000000000  3.1415926536  0.0000000000  0.0000000000
-177.8141441932  0.0000000000  3.1415926536  0.0000000000  0.0000000000
-176.5575071317  0.0000000000  3.1415926536  0.0000000000  0.0000000000
-175.3008700703  0.0000000000  3.1415926536  0.0000000000  0.0000000000
-174.0442330089  0.0000000000  3.1415926536  0.0000000000  0.0000000000
-172.7875959474  0.0000000000  3.1415926536  0.0000000000  0.0000000000
-171.5309588860  0.0000000000  3.1415926536  0.0000000000  0.0000000000
-170.2743218246  0.0000000000  3.1415926536  0.0000000000  0.0000000000
-169.0176847631  0.0000000000  3.1415926536  0.0000000000  0.0000000000
-167.7610477017  0.0000000000  3.1415926536  0.0000000000  0.0000000000
-166.5044106403  0.0000000000  3.1415926536  0.0000000000  0.0000000000
-165.2477735788  0.0000000000  3.1415926536  0.0000000000  0.0000000000
-163.9911365174  0.0000000000  3.1415926536  0.0000000000  0.0000000000
-162.7344994560  0.0000000000  3.1415926536  0.0000000000  0.0000000000
-161.4778623945  0.0000000000  3.1415926536  0.0000000000  0.0000000000
-160.2212253331  0.0000000000  3.1415926536  0.0000000000  0.0000000000
-158.9645882716  0.0000000000  3.1415926536  0.0000000000  0.0000000000
-157.7079512102  0.0000000000  3.1415926536  0.0000000000  0.0000000000
-156.4513141488  0.0000000000  3.1415926536  0.0000000000  0.0000000000
-155.1946770873  0.0000000000  3.1415926536  0.0000000000  0.0000000000
-153.9380400259  0.0000000000  3.1415926536  0.0000000000  0.0000000000
-152.6814029645  0.0000000000  3.1415926536  0.0000000000  0.0000000000
-151.4247659030  0.0000000000  3.1415926536  0.0000000000  0.0000000000
-150.1681288416  0.0000000000  3.1415926536  0.0000000000  0.0000000000
-148.9114917802  0.0000000000  3.1415926536  0.0000000000  0.0000000000
-147.6548547187  0.0000000000  3.1415926536  0.0000000000  0.0000000000
-146.3982176573  0.0000000000  3.1415926536  0.0000000000  0.0000000000
-145.1415805958  0.0000000000  3.1415926536  0.0000000000  0.0000000000
-143.8849435344  0.0000000000  3.1415926536  0.0000000000  0.0000000000
-142.6283064730  0.0000000000  3.1415926536  0.0000000000  0.0000000000
-141.3716694115  0.0000000000  3.1415926536  0.0000000000  0.0000000000
-140.1150323501  0.0000000000  3.1415926536  0.0000000000  0.0000000000
-138.8583952887  0.0000000000  3.1415926536  0.0000000000  0.0000000000
-137.6017582272  0.0000000000  3.1415926536  0.0000000000  0.0000000000
-136.3451211658  0.0000000000  3.1415926536  0.0000000000  0.0000000000
-135.0884841044  0.0000000000  3.1415926536  0.0000000000  0.0000000000
-133.8318470429  0.0000000000  3.1415926536  0.0000000000  0.0000000000
-132.5752099815  0.0000000000  3.1415926536  0.0000000000  0.0000000000
-131.3185729201  0.0000000000  3.1415926536  0.0000000000  0.0000000000
-130.0619358586  0.0000000000  3.1415926536  0.0000000000  0.0000000000
-128.8052987972  0.0000000000  3.1415926536  0.0000000000  0.0000000000
-127.5486617357  0.0000000000  3.1415926536  0.0000000000  0.0000000000
-126.2920246743  0.0000000000  3.1415926536  0.0000000000  0.0000000000
-125.0353876129  0.0000000000  3.1415926536  0.0000000000  0.0000000000
-123.7787505514  0.0000000000  3.1415926536  0.0000000000  0.0000000000
-122.5221134900  0.0000000000  3.1415926536  0.0000000000  0.0000000000
-121.2654764286  0.0000000000  3.1415926536  0.0000000000  0.0000000000
-120.0088393671  0.0000000000  3.1415926536  0.0000000000  0.0000000000
-118.7522023057  0.0000000000  3.1415926536  0.0000000000  0.0000000000
-117.4955652443  0.0000000000  3.1415926536  0.0000000000  0.0000000000
-116.2389281828  0.0000000000  3.1415926536  0.0000000000  0.0000000000
-114.9822911214  0.0000000000  3.1415926536  0.0000000000  0.0000000000
-113.7256540600  0.0000000000  3.1415926536  0.0000000000  0.0000000000
-112.4690169985  0.0000000000  3.1415926536  0.0000000000  0.0000000000
-111.2123799371  0.0000000000  3.1415926536  0.0000000000  0.0000000000
-109.9557428756  0.0000000000  3.1415926536  0.0000000000  0.0000000000
-108.6991058142  0.0000000000  3.1415926536  0.0000000000  0.0000000000
-107.4424687528  0.0000000000  3.1415926536  0.0000000000  0.0000000000
-106.1858316913  0.0000000000  3.1415926536  0.0000000000  0.0000000000
-104.9291946299  0.0000000000  3.1415926536  0.0000000000  0.0000000000
-103.6725575685  0.0000000000  3.1415926536  0.0000000000  0.0000000000
-102.4159205070  0.0000000000  3.1415926536  0.0000000000  0.0000000000
-101.1592834456  0.0000000000  3.1415926536  0.0000000000  0.0000000000
-99.9026463842  0.0000000000  3.1415926536  0.0000000000  0.0000000000
-98.6460093227  0.0000000000  3.1415926536  0.0000000000  0.0000000000
-97.3893722613  0.0000000000  3.1415926536  0.0000000000  0.0000000000
-96.1327351998  0.0000000000  3.1415926536  0.0000000000  0.0000000000
-94.8760981384  0.0000000000  3.1415926536  0.0000000000  0.0000000000
-93.6194610770  0.0000000000  3.1415926536  0.0000000000  0.0000000000
-92.3628240155  0.0000000000  3.1415926536  0.0000000000  0.0000000000
-91.1061869541  0.0000000000  3.1415926536  0.0000000000  0.0000000000
-89.8495498927  0.0000000000  3.1415926536  0.0000000000  0.0000000000
-88.5929128312  0.0000000000  3.1415926536  0.0000000000  0.0000000000
-87.3362757698  0.0000000000  3.1415926536  0.0000000000  0.0000000000
-86.0796387084  0.0000000000  3.1415926536  0.0000000000  0.0000000000
-84.8230016469  0.0000000000  3.1415926536  0.0000000000  0.0000000000
-83.5663645855  0.0000000000  3.1415926536  0.0000000000  0.0000000000
-82.3097275241  0.0000000000  3.1415926536  0.0000000000  0.0000000000
-81.0530904626  0.0000000000  3.1415926536  0.0000000000  0.0000000000
-79.7964534012  0.0000000000  3.1415926536  0.0000000000  0.0000000000
-78.5398163397  0.0000000000  3.1415926536  0.0000000000  0.0000000000
-77.2831792783  0.0000000000  3.1415926536  0.0000000000  0.0000000000
-76.0265422169  0.0000000000  3.1415926536  0.0000000000  0.0000000000
-74.7699051554  0.0000000000  3.1415926536  0.0000000000  0.0000000000
-73.5132680940  0.0000000000  3.1415926536  0.0000000000  0.0000000000
-72.2566310326  0.0000000000  3.1415926536  0.0000000000  0.0000000000
-70.9999939711  0.0000000000  3.1415926536  0.0000000000  0.0000000000
-69.7433569097  0.0000000000  3.1415926536  0.0000000000  0.0000000000
-68.4867198483  0.0000000000  3.1415926536  0.0000000000  0.0000000000
-67.2300827868  0.0000000000  3.1415926536  0.0000000000  0.0000000000
-65.9734457254  0.0000000000  3.1415926536  0.0000000000  0.0000000000
-64.7168086639  0.0000000000  3.1415926536  0.0000000000  0.0000000000
-63.4601716025  0.0000000000  3.1415926536  0.0000000000  0.0000000000
-62.2035345411  0.0000000000  3.1415926536  0.0000000000  0.0000000000
-60.9468974796  0.0000000000  3.1415926536  0.0000000000  0.0000000000
-59.6902604182  0.0000000000  3.1415926536  0.0000000000  0.0000000000
-58.4336233568  0.0000000000  3.1415926536  0.0000000000  0.0000000000
-57.1769862953  0.0000000000  3.1415926536  0.0000000000  0.0000000000
-55.9203492339  0.0000000000  3.1415926536  0.0000000000  0.0000000000
-54.6637121725  0.0000000000  3.1415926536  0.0000000000  0.0000000000
-53.4070751110  0.0000000000  3.1415926536  0.0000000000  0.0000000000
-52.1504380496  0.0000000000  3.1415926536  0.0000000000  0.0000000000
-50.8938009882  0.0000000000  3.1415926536  0.0000000000  0.0000000000
-49.6371639267  0.0000000000  3.1415926536  0.0000000000  0.0000000000
-48.3805268653  0.0000000000  3.1415926536  0.0000000000  0.0000000000
-47.1238898038  0.0000000000  3.1415926536  0.0000000000  0.0000000000
-45.8672527424  0.0000000000  3.1415926536  0.0000000000  0.0000000000
-44.6106156810  0.0000000000  3.1415926536  0.0000000000  0.0000000000
-43.3539786195  0.0000000000  3.1415926536  0.0000000000  0.0000000000
-42.0973415581  0.0000000000  3.1415926536  0.0000000000  0.0000000000
-40.8407044967  0.0000000000  3.1415926536  0.0000000000  0.0000000000
-39.5840674352  0.0000000000  3.1415926536  0.0000000000  0.0000000000
-38.3274303738  0.0000000000  3.1415926536  0.0000000000  0.0000000000
-37.0707933124  0.0000000000  3.1415926536  0.0000000000  0.0000000000
-35.8141562509  0.0000000000  3.1415926536  0.0000000000  0.0000000000
-34.5575191895  0.0000000000  3.1415926536  0.0000000000  0.0000000000
-33.3008821281  0.0000000000  3.1415926536  0.0000000000  0.0000000000
-32.0442450666  0.0000000000  3.1415926536  0.0000000000  0.0000000000
-30.7876080052  0.0000000000  3.1415926536  0.0000000000  0.0000000000
-29.5309709437  0.0000000000  3.1415926536  0.0000000000  0.0000000000
-28.2743338823  0.0000000000  3.1415926536  0.0000000000  0.0000000000
-27.0176968209  0.0000000000  3.1415926536  0.0000000000  0.0000000000
-25.7610597594  0.0000000000  3.1415926536  0.0000000000  0.0000000000
-24.5044226980  0.0000000000  3.1415926536  0.0000000000  0.0000000000
-23.2477856366  0.0000000000  3.1415926536  0.0000000000  0.0000000000
-21.9911485751  0.0000000000  3.1415926536  0.0000000000  0.0000000000
-20.7345115137  0.0000000000  3.1415926536  0.0000000000  0.0000000000
-19.4778744523  0.0000000000  3.1415926536  0.0000000000  0.0000000000
-18.2212373908  0.0000000000  3.1415926536  0.0000000000  0.0000000000
-16.9646003294  0.0000000000  3.1415926536  0.0000000000  0.0000000000
-15.7079632679  0.0000000000  3.1415926536  0.0000000000  0.0000000000
-14.4513262065  0.0000000000  3.1415926536  0.0000000000  0.0000000000
-13.1946891451  0.0000000000  3.1415926536  0.0000000000  0.0000000000
-11.9380520836  0.0000000000  3.1415926536  0.0000000000  0.0000000000
-10.6814150222  0.0000000000  3.1415926536  0.0000000000  0.0000000000
-9.4247779608  0.0000000000  3.1415926536  0.0000000000  0.0000000000
-8.1681408993  0.0000000000  3.1415926536  0.0000000000  0.0000000000
-6.9115038379  0.0000000000  3.1415926536  0.0000000000  0.0000000000
-5.6548667765  0.0000000000  3.1415926536  0.0000000000  0.0000000000
-4.3982297150  0.0000000000  3.1415926536  0.0000000000  0.0000000000
-3.1415926536  0.0000000000  3.1415926536  0.0000000000  0.0000000000
-1.8849555922  0.0000000000  3.1415926536  0.0000000000  -0.0000000487
-0.6283185307  0.0000000000  3.1415926536  0.0000004197  0.0000000000
0.6283185307  0.0000000000  3.1415926536  -0.0000000000  -0.9771237539
1.8849555922  0.0000000000  3.1415926536  0.0000000000  -0.4659761065
3.1415926536  0.0000000000  3.1415926536  0.0000000000  -0.3001476416
4.3982297150  0.0000000000  3.1415926536  0.0000000000  -0.2199647114
5.6548667765  0.0000000000  3.1415926536  0.0000000000  -0.1731459919
6.9115038379  0.0000000000  3.1415926536  0.0000000000  -0.1425909214
8.1681408993  0.0000000000  3.1415926536  -0.0000000000  -0.1211279687
9.4247779608  0.0000000000  3.1415926536  0.0000000005  -0.1052443572
10.6814150222  0.0000000000  3.1415926536  0.0000000000  -0.0930238541
11.9380520836  0.0000000000  3.1415926536  -0.0000000007  -0.0833348106
13.1946891451  0.0000000000  3.1415926536  -0.0000000009  -0.0754668967
14.4513262065  0.0000000000  3.1415926536  -0.0000000005  -0.0689521585
15.7079632679  0.0000000000  3.1415926536  0.0000000000  -0.0634699708
16.9646003294  0.0000000000  3.1415926536  0.0000000006  -0.0587933904
18.2212373908  0.0000000000  3.1415926536  0.0000000010  -0.0547573251
19.4778744523  0.0000000000  3.1415926536  0.0000000013  -0.0512388372
20.7345115137  0.0000000000  3.1415926536  0.0000000015  -0.0481445144
21.9911485751  0.0000000000  3.1415926536  0.0000000015  -0.0454021186
23.2477856366  0.0000000000  3.1415926536  0.0000000014  -0.0429549147
24.5044226980  0.0000000000  3.1415926536  0.0000000013  -0.0407577282
25.7610597594  0.0000000000  3.1415926536  0.0000000011  -0.0387741456
27.0176968209  0.0000000000  3.1415926536  0.0000000009  -0.0369744909
28.2743338823  0.0000000000  3.1415926536  0.0000000007  -0.0353343375
29.5309709437  0.0000000000  3.1415926536  0.0000000005  -0.0338333972
30.7876080052  0.0000000000  3.1415926536  0.0000000003  -0.0324546805
32.0442450666  0.0000000000  3.1415926536  0.0000000002  -0.0311838522
33.3008821281  0.0000000000  3.1415926536  -0.0000000000  -0.0300087335
34.5575191895  0.0000000000  3.1415926536  -0.0000000001  -0.0289189107
35.8141562509  0.0000000000  3.1415926536  -0.0000000003  -0.0279054275
37.0707933124  0.0000000000  3.1415926536  -0.0000000004  -0.0269605383
38.3274303738  0.0000000000  3.1415926536  -0.0000000005  -0.0260775106
39.5840674352  0.0000000000  3.1415926536  -0.0000000006  -0.0252504647
40.8407044967  0.0000000000  3.1415926536  -0.0000000007  -0.0244742427
42.0973415581  0.0000000000  3.1415926536  -0.0000000008  -0.0237443015
43.3539786195  0.0000000000  3.1415926536  -0.0000000008  -0.0230566232
44.6106156810  0.0000000000  3.1415926536  -0.0000000009  -0.0224076420
45.8672527424  0.0000000000  3.1415926536  -0.0000000009  -0.0217941820
47.1238898038  0.0000000000  3.1415926536  -0.0000000010  -0.0212134056
48.3805268653  0.0000000000  3.1415926536  -0.0000000010  -0.0206627694
49.6371639267  0.0000000000  3.1415926536  -0.0000000010  -0.0201399872
50.8938009882  0.0000000000  3.1415926536  -0.0000000010  -0.0196429982
52.1504380496  0.0000000000  3.1415926536  -0.0000000011  -0.0191699400
53.4070751110  0.0000000000  3.1415926536  -0.0000000011  -0.0187191253
54.6637121725  0.0000000000  3.1415926536  -0.0000000011  -0.0182890215
55.9203492339  0.0000000000  3.1415926536  -0.0000000011  -0.0178782339
57.1769862953  0.0000000000  3.1415926536  -0.0000000011  -0.0174854901
58.4336233568  0.0000000000  3.1415926536  -0.0000000011  -0.0171096269
59.6902604182  0.0000000000  3.1415926536  -0.0000000011  -0.0167495793
60.9468974796  0.0000000000  3.1415926536  -0.0000000011  -0.0164043697
62.2035345411  0.0000000000  3.1415926536  -0.0000000011  -0.0160730997
63.4601716025  0.0000000000  3.1415926536  -0.0000000011  -0.0157549416
64.7168086639  0.0000000000  3.1415926536  -0.0000000011  -0.0154491324
65.9734457254  0.0000000000  3.1415926536  -0.0000000011  -0.0151549669
67.2300827868  0.0000000000  3.1415926536  -0.0000000011  -0.0148717925
68.4867198483  0.0000000000  3.1415926536  -0.0000000011  -0.0145990048
69.7433569097  0.0000000000  3.1415926536  -0.0000000011  -0.0143360425
70.9999939711  0.0000000000  3.1415926536  -0.0000000011  -0.0140823844
72.2566310326  0.0000000000  3.1415926536  -0.0000000010  -0.0138375452
73.5132680940  0.0000000000  3.1415926536  -0.0000000010  -0.0136010730
74.7699051554  0.0000000000  3.1415926536  -0.0000000010  -0.0133725462
76.0265422169  0.0000000000  3.1415926536  -0.0000000010  -0.0131515710
77.2831792783  0.0000000000  3.1415926536  -0.0000000010  -0.0129377791
78.5398163397  0.0000000000  3.1415926536  -0.0000000010  -0.0127308261
79.7964534012  0.0000000000  3.1415926536  -0.0000000010  -0.0125303889
81.0530904626  0.0000000000  3.1415926536  -0.0000000010  -0.0123361645
82.3097275241  0.0000000000  3.1415926536  -0.0000000010  -0.0121478687
83.5663645855  0.0000000000  3.1415926536  -0.0000000010  -0.0119652341
84.8230016469  0.0000000000  3.1415926536  -0.0000000010  -0.0117880091
86.0796387084  0.0000000000  3.1415926536  -0.0000000009  -0.0116159569
87.3362757698  0.0000000000  3.1415926536  -0.0000000009  -0.0114488544
88.5929128312  0.0000000000  3.1415926536  -0.0000000009  -0.0112864910
89.8495498927  0.0000000000  3.1415926536  -0.0000000009  -0.0111286679
91.1061869541  0.0000000000  3.1415926536  -0.0000000009  -0.0109751973
92.3628240155  0.0000000000  3.1415926536  -0.0000000009  -0.0108259017
93.6194610770  0.0000000000  3.1415926536  -0.0000000009  -0.0106806129
94.8760981384  0.0000000000  3.1415926536  -0.0000000009  -0.0105391719
96.1327351998  0.0000000000  3.1415926536  -0.0000000009  -0.0104014278
97.3893722613  0.0000000000  3.1415926536  -0.0000000009  -0.0102672375
98.6460093227  0.0000000000  3.1415926536  -0.0000000008  -0.0101364652
99.9026463842  0.0000000000  3.1415926536  -0.0000000008  -0.0100089820
101.1592834456  0.0000000000  3.1415926536  -0.0000000008  -0.0098846654
102.4159205070  0.0000000000  3.1415926536  -0.0000000008  -0.0097633989
103.6725575685  0.0000000000  3.1415926536  -0.0000000008  -0.0096450715
104.9291946299  0.0000000000  3.1415926536  -0.0000000008  -0.0095295777
106.1858316913  0.0000000000  3.1415926536  -0.0000000008  -0.0094168170
107.4424687528  0.0000000000  3.1415926536  -0.0000000008  -0.0093066933
108.6991058142  0.0000000000  3.1415926536  -0.0000000008  -0.0091991154
109.9557428756  0.0000000000  3.1415926536  -0.0000000008  -0.0090939960
111.2123799371  0.0000000000  3.1415926536  -0.0000000008  -0.0089912517
112.4690169985  0.0000000000  3.1415926536  -0.0000000008  -0.0088908029
113.7256540600  0.0000000000  3.1415926536  -0.0000000007  -0.0087925736
114.9822911214  0.0000000000  3.1415926536  -0.0000000007  -0.0086964910
116.2389281828  0.0000000000  3.1415926536  -0.0000000007  -0.0086024855
117.4955652443  0.0000000000  3.1415926536  -0.0000000007  -0.0085104905
118.7522023057  0.0000000000  3.1415926536  -0.0000000007  -0.0084204422
120.0088393671  0.0000000000  3.1415926536  -0.0000000007  -0.0083322794
121.2654764286  0.0000000000  3.1415926536  -0.0000000007  -0.0082459435
122.5221134900  0.0000000000  3.1415926536  -0.0000000007  -0.0081613783
123.7787505514  0.0000000000  3.1415926536  -0.0000000007  -0.0080785300
125.0353876129  0.0000000000  3.1415926536  -0.0000000007  -0.0079973467
126.2920246743  0.0000000000  3.1415926536  -0.0000000007  -0.0079177787
127.5486617357  0.0000000000  3.1415926536  -0.0000000007  -0.0078397784
128.8052987972  0.0000000000  3.1415926536  -0.0000000007  -0.0077632998
130.0619358586  0.0000000000  3.1415926536  -0.0000000007  -0.0076882988
131.3185729201  0.0000000000  3.1415926536  -0.0000000006  -0.0076147331
132.5752099815  0.0000000000  3.1415926536  -0.0000000006  -0.0075425618
133.8318470429  0.0000000000  3.1415926536  -0.0000000006  -0.0074717457
135.0884841044  0.0000000000  3.1415926536  -0.0000000006  -0.0074022469
136.3451211658  0.0000000000  3.1415926536  -0.0000000006  -0.0073340290
137.6017582272  0.0000000000  3.1415926536  -0.0000000006  -0.0072670570
138.8583952887  0.0000000000  3.1415926536  -0.0000000006  -0.0072012970
140.1150323501  0.0000000000  3.1415926536  -0.0000000006  -0.0071367164
141.3716694115  0.0000000000  3.1415926536  -0.0000000006  -0.0070732838
142.6283064730  0.0000000000  3.1415926536  -0.0000000006  -0.0070109688
143.8849435344  0.0000000000  3.1415926536  -0.0000000006  -0.0069497421
145.1415805958  0.0000000000  3.1415926536  -0.0000000006  -0.0068895755
146.3982176573  0.0000000000  3.1415926536  -0.0000000006  -0.0068304418
147.6548547187  0.0000000000  3.1415926536  -0.0000000006  -0.0067723144
148.9114917802  0.0000000000  3.1415926536  -0.0000000006  -0.0067151680
150.1681288416  0.0000000000  3.1415926536  -0.0000000006  -0.0066589780
151.4247659030  0.0000000000  3.1415926536  -0.0000000006  -0.0066037204
152.6814029645  0.0000000000  3.1415926536  -0.0000000006  -0.0065493724
153.9380400259  0.0000000000  3.1415926536  -0.0000000005  -0.0064959116
155.1946770873  0.0000000000  3.1415926536  -0.0000000005  -0.0064433164
156.4513141488  0.0000000000  3.1415926536  -0.0000000005  -0.0063915661
157.7079512102  0.0000000000  3.1415926536  -0.0000000005  -0.0063406404
158.9645882716  0.0000000000  3.1415926536  -0.0000000005  -0.0062905198
160.2212253331  0.0000000000  3.1415926536  -0.0000000005  -0.0062411853
161.4778623945  0.0000000000  3.1415926536  -0.0000000005  -0.0061926186
162.7344994560  0.0000000000  3.1415926536  -0.0000000005  -0.0061448019
163.9911365174  0.0000000000  3.1415926536  -0.0000000005  -0.0060977180
165.2477735788  0.0000000000  3.1415926536  -0.0000000005  -0.0060513501
166.5044106403  0.0000000000  3.1415926536  -0.0000000005  -0.0060056821
167.7610477017  0.0000000000  3.1415926536  -0.0000000005  -0.0059606981
169.0176847631  0.0000000000  3.1415926536  -0.0000000005  -0.0059163830
170.2743218246  0.0000000000  3.1415926536  -0.0000000005  -0.0058727220
171.5309588860  0.0000000000  3.1415926536  -0.0000000005  -0.0058297006
172.7875959474  0.0000000000  3.1415926536  -0.0000000005  -0.0057873050
174.0442330089  0.0000000000  3.1415926536  -0.0000000005  -0.0057455215
175.3008700703  0.0000000000  3.1415926536  -0.0000000005  -0.0057043370
176.5575071317  0.0000000000  3.1415926536  -0.0000000005  -0.0056637387
177.8141441932  0.0000000000  3.1415926536  -0.0000000005  -0.0056237142
179.0707812546  0.0000000000  3.1415926536  -0.0000000005  -0.0055842515
180.3274183161  0.0000000000  3.1415926536  -0.0000000005  -0.0055453386
181.5840553775  0.0000000000  3.1415926536  -0.0000000005  -0.0055069644
182.8406924389  0.0000000000  3.1415926536  -0.0000000005  -0.0054691175
184.0973295004  0.0000000000  3.1415926536  -0.0000000005  -0.0054317874
185.3539665618  0.0000000000  3.1415926536  -0.0000000005  -0.0053949633
186.6106036232  0.0000000000  3.1415926536  -0.0000000004  -0.0053586352
187.8672406847  0.0000000000  3.1415926536  -0.0000000004  -0.0053227930
189.1238777461  0.0000000000  3.1415926536  -0.0000000004  -0.0052874272
190.3805148075  0.0000000000  3.1415926536  -0.0000000004  -0.0052525281
191.6371518690  0.0000000000  3.1415926536  -0.0000000004  -0.0052180867
192.8937889304  0.0000000000  3.1415926536  -0.0000000004  -0.0051840941
194.1504259918  0.0000000000  3.1415926536  -0.0000000004  -0.0051505414
195.4070630533  0.0000000000  3.1415926536  -0.0000000004  -0.0051174203
196.6637001147  0.0000000000  3.1415926536  -0.0000000004  -0.0050847224
197.9203371762  0.0000000000  3.1415926536  -0.0000000004  -0.0050524397
199.1769742376  0.0000000000  3.1415926536  -0.0000000004  -0.0050205644
200.4336112990  0.0000000000  3.1415926536  -0.0000000004  -0.0049890887
201.6902483605  0.0000000000  3.1415926536  -0.0000000004  -0.0049580052
202.9468854219  0.0000000000  3.1415926536  -0.0000000004  -0.0049273066
204.2035224833  0.0000000000  3.1415926536  -0.0000000004  -0.0048969858
205.4601595448  0.0000000000  3.1415926536  -0.0000000004  -0.0048670359
206.7167966062  0.0000000000  3.1415926536  -0.0000000004  -0.0048374501
207.9734336676  0.0000000000  3.1415926536  -0.0000000004  -0.0048082218
209.2300707291  0.0000000000  3.1415926536  -0.0000000004  -0.0047793446
210.4867077905  0.0000000000  3.1415926536  -0.0000000004  -0.0047508122
211.7433448520  0.0000000000  3.1415926536  -0.0000000004  -0.0047226185
212.9999819134  0.0000000000  3.1415926536  -0.0000000004  -0.0046947573
214.2566189748  0.0000000000  3.1415926536  -0.0000000004  -0.0046672230
215.5132560363  0.0000000000  3.1415926536  -0.0000000004  -0.0046400098
216.7698930977  0.0000000000  3.1415926536  -0.0000000004  -0.0046131120
218.0265301591  0.0000000000  3.1415926536  -0.0000000004  -0.0045865244
219.2831672206  0.0000000000  3.1415926536  -0.0000000004  -0.0045602414
220.5398042820  0.0000000000  3.1415926536  -0.0000000004  -0.0045342579
221.7964413434  0.0000000000  3.1415926536  -0.0000000004  -0.0045085689
223.0530784049  0.0000000000  3.1415926536  -0.0000000004  -0.0044831693
224.3097154663  0.0000000000  3.1415926536  -0.0000000004  -0.0044580542
225.5663525277  0.0000000000  3.1415926536  -0.0000000004  -0.0044332190
226.8229895892  0.0000000000  3.1415926536  -0.0000000004  -0.0044086590
228.0796266506  0.0000000000  3.1415926536  -0.0000000004  -0.0043843696
229.3362637121  0.0000000000  3.1415926536  -0.0000000004  -0.0043603463
230.5929007735  0.0000000000  3.1415926536  -0.0000000004  -0.0043365849
231.8495378349  0.0000000000  3.1415926536  -0.0000000004  -0.0043130810
233.1061748964  0.0000000000  3.1415926536  -0.0000000004  -0.0042898306
234.3628119578  0.0000000000  3.1415926536  -0.0000000003  -0.0042668294
235.6194490192  0.0000000000  3.1415926536  -0.0000000003  -0.0042440736
236.8760860807  0.0000000000  3.1415926536  -0.0000000003  -0.0042215593
238.1327231421  0.0000000000  3.1415926536  -0.0000000003  -0.0041992825
239.3893602035  0.0000000000  3.1415926536  -0.0000000003  -0.0041772396
240.6459972650  0.0000000000  3.1415926536  -0.0000000003  -0.0041554269
241.9026343264  0.0000000000  3.1415926536  -0.0000000003  -0.0041338409
243.1592713878  0.0000000000  3.1415926536  -0.0000000003  -0.0041124779
244.4159084493  0.0000000000  3.1415926536  -0.0000000003  -0.0040913346
245.6725455107  0.0000000000  3.1415926536  -0.0000000003  -0.0040704076
246.9291825722  0.0000000000  3.1415926536  -0.0000000003  -0.0040496936
248.1858196336  0.0000000000  3.1415926536  -0.0000000003  -0.0040291893
249.4424566950  0.0000000000  3.1415926536  -0.0000000003  -0.0040088916
250.6990937565  0.0000000000  3.1415926536  -0.0000000003  -0.0039887974
251.9557308179  0.0000000000  3.1415926536  -0.0000000003  -0.0039689036
253.2123678793  0.0000000000  3.1415926536  -0.0000000003  -0.0039492073
254.4690049408  0.0000000000  3.1415926536  -0.0000000003  -0.0039297055
255.7256420022  0.0000000000  3.1415926536  -0.0000000003  -0.0039103954
256.9822790636  0.0000000000  3.1415926536  -0.0000000003  -0.0038912741
258.2389161251  0.0000000000  3.1415926536  -0.0000000003  -0.0038723389
259.4955531865  0.0000000000  3.1415926536  -0.0000000003  -0.0038535870
260.7521902480  0.0000000000  3.1415926536  -0.0000000003  -0.0038350159
262.0088273094  0.0000000000  3.1415926536  -0.0000000003  -0.0038166230
263.2654643708  0.0000000000  3.1415926536  -0.0000000003  -0.0037984056
264.5221014323  0.0000000000  3.1415926536  -0.0000000003  -0.0037803613
265.7787384937  0.0000000000  3.1415926536  -0.0000000003  -0.0037624877
267.0353755551  0.0000000000  3.1415926536  -0.0000000003  -0.0037447822
268.2920126166  0.0000000000  3.1415926536  -0.0000000003  -0.0037272426
269.5486496780  0.0000000000  3.1415926536  -0.0000000003  -0.0037098666
270.8052867394  0.0000000000  3.1415926536  -0.0000000003  -0.0036926518
272.0619238009  0.0000000000  3.1415926536  -0.0000000003  -0.0036755960
273.3185608623  0.0000000000  3.1415926536  -0.0000000003  -0.0036586971
274.5751979237  0.0000000000  3.1415926536  -0.0000000003  -0.0036419528
275.8318349852  0.0000000000  3.1415926536  -0.0000000003  -0.0036253611
277.0884720466  0.0000000000  3.1415926536  -0.0000000003  -0.0036089199
278.3451091081  0.0000000000  3.1415926536  -0.0000000003  -0.0035926271
279.6017461695  0.0000000000  3.1415926536  -0.0000000003  -0.0035764808
280.8583832309  0.0000000000  3.1415926536  -0.0000000003  -0.0035604789
282.1150202924  0.0000000000  3.1415926536  -0.0000000003  -0.0035446196
283.3716573538  0.0000000000  3.1415926536  -0.0000000003  -0.0035289010
284.6282944152  0.0000000000  3.1415926536  -0.0000000003  -0.0035133211
285.8849314767  0.0000000000  3.1415926536  -0.0000000003  -0.0034978783
287.1415685381  0.0000000000  3.1415926536  -0.0000000003  -0.0034825705
288.3982055995  0.0000000000  3.1415926536  -0.0000000003  -0.0034673962
289.6548426610  0.0000000000  3.1415926536  -0.0000000003  -0.0034523536
290.9114797224  0.0000000000  3.1415926536  -0.0000000003  -0.0034374409
292.1681167839  0.0000000000  3.1415926536  -0.0000000003  -0.0034226564
293.4247538453  0.0000000000  3.1415926536  -0.0000000003  -0.0034079986
294.6813909067  0.0000000000  3.1415926536  -0.0000000003  -0.0033934658
295.9380279682  0.0000000000  3.1415926536  -0.0000000003  -0.0033790565
297.1946650296  0.0000000000  3.1415926536  -0.0000000003  -0.0033647690
298.4513020910  0.0000000000  3.1415926536  -0.0000000003  -0.0033506018
299.7079391525  0.0000000000  3.1415926536  -0.0000000003  -0.0033365533
300.9645762139  0.0000000000  3.1415926536  -0.0000000003  -0.0033226223
302.2212132753  0.0000000000  3.1415926536  -0.0000000003  -0.0033088070
303.4778503368  0.0000000000  3.1415926536  -0.0000000003  -0.0032951062
304.7344873982  0.0000000000  3.1415926536  -0.0000000003  -0.0032815183
305.9911244596  0.0000000000  3.1415926536  -0.0000000003  -0.0032680421
307.2477615211  0.0000000000  3.1415926536  -0.0000000003  -0.0032546761
308.5043985825  0.0000000000  3.1415926536  -0.0000000003  -0.0032414189
309.7610356440  0.0000000000  3.1415926536  -0.0000000003  -0.0032282694
311.0176727054  0.0000000000  3.1415926536  -0.0000000003  -0.0032152261
312.2743097668  0.0000000000  3.1415926536  -0.0000000003  -0.0032022877
313.5309468283  0.0000000000  3.1415926536  -0.0000000003  -0.0031894531
314.7875838897  0.0000000000  3.1415926536  -0.0000000003  -0.0031767210
316.0442209511  0.0000000000  3.1415926536  -0.0000000003  -0.0031640901
317.3008580126  0.0000000000  3.1415926536  -0.0000000003  -0.0031515592
318.5574950740  0.0000000000  3.1415926536  -0.0000000003  -0.0031391272
319.8141321354  0.0000000000  3.1415926536  -0.0000000002  -0.0031267929
321.0707691969  0.0000000000  3.1415926536  -0.0000000002  -0.0031145551
322.3274062583  0.0000000000  3.1415926536  -0.0000000002  -0.0031024128
323.5840433197  0.0000000000  3.1415926536  -0.0000000002  -0.0030903648
324.8406803812  0.0000000000  3.1415926536  -0.0000000002  -0.0030784100
326.0973174426  0.0000000000  3.1415926536  -0.0000000002  -0.0030665473
327.3539545041  0.0000000000  3.1415926536  -0.0000000002  -0.0030547757
328.6105915655  0.0000000000  3.1415926536  -0.0000000002  -0.0030430941
329.8672286269  0.0000000000  3.1415926536  -0.0000000002  -0.0030315015
331.1238656884  0.0000000000  3.1415926536  -0.0000000002  -0.0030199969
332.3805027498  0.0000000000  3.1415926536  -0.0000000002  -0.0030085793
333.6371398112  0.0000000000  3.1415926536  -0.0000000002  -0.0029972477
334.8937768727  0.0000000000  3.1415926536  -0.0000000002  -0.0029860012
336.1504139341  0.0000000000  3.1415926536  -0.0000000002  -0.0029748387
337.4070509955  0.0000000000  3.1415926536  -0.0000000002  -0.0029637594
338.6636880570  0.0000000000  3.1415926536  -0.0000000002  -0.0029527623
339.9203251184  0.0000000000  3.1415926536  -0.0000000002  -0.0029418465
341.1769621799  0.0000000000  3.1415926536  -0.0000000002  -0.0029310111
342.4335992413  0.0000000000  3.1415926536  -0.0000000002  -0.0029202552
343.6902363027  0.0000000000  3.1415926536  -0.0000000002  -0.0029095780
344.9468733642  0.0000000000  3.1415926536  -0.0000000002  -0.0028989786
346.2035104256  0.0000000000  3.1415926536  -0.0000000002  -0.0028884561
347.4601474870  0.0000000000  3.1415926536  -0.0000000002  -0.0028780098
348.7167845485  0.0000000000  3.1415926536  -0.0000000002  -0.0028676387
349.9734216099  0.0000000000  3.1415926536  -0.0000000002  -0.0028573421
351.2300586713  0.0000000000  3.1415926536  -0.0000000002  -0.0028471192
352.4866957328  0.0000000000  3.1415926536  -0.0000000002  -0.0028369691
353.7433327942  0.0000000000  3.1415926536  -0.0000000002  -0.0028268912
354.9999698556  0.0000000000  3.1415926536  -0.0000000002  -0.0028168846
356.2566069171  0.0000000000  3.1415926536  -0.0000000002  -0.0028069487
357.5132439785  0.0000000000  3.1415926536  -0.0000000002  -0.0027970825
358.7698810400  0.0000000000  3.1415926536  -0.0000000002  -0.0027872855
360.0265181014  0.0000000000  3.1415926536  -0.0000000002  -0.0027775569
361.2831551628  0.0000000000  3.1415926536  -0.0000000002  -0.0027678959
362.5397922243  0.0000000000  3.1415926536  -0.0000000002  -0.0027583019
363.7964292857  0.0000000000  3.1415926536  -0.0000000002  -0.0027487742
365.0530663471  0.0000000000  3.1415926536  -0.0000000002  -0.0027393121
366.3097034086  0.0000000000  3.1415926536  -0.0000000002  -0.0027299149
367.5663404700  0.0000000000  3.1415926536  -0.0000000002  -0.0027205820
368.8229775314  0.0000000000  3.1415926536  -0.0000000002  -0.0027113127
370.0796145929  0.0000000000  3.1415926536  -0.0000000002  -0.0027021063
371.3362516543  0.0000000000  3.1415926536  -0.0000000002  -0.0026929622
372.5928887157  0.0000000000  3.1415926536  -0.0000000002  -0.0026838798
373.8495257772  0.0000000000  3.1415926536  -0.0000000002  -0.0026748584
375.1061628386  0.0000000000  3.1415926536  -0.0000000002  -0.0026658975
376.3627999001  0.0000000000  3.1415926536  -0.0000000002  -0.0026569965
377.6194369615  0.0000000000  3.1415926536  -0.0000000002  -0.0026481546
378.8760740229  0.0000000000  3.1415926536  -0.0000000002  -0.0026393715
380.1327110844  0.0000000000  3.1415926536  -0.0000000002  -0.0026306464
381.3893481458  0.0000000000  3.1415926536  -0.0000000002  -0.0026219788
382.6459852072  0.0000000000  3.1415926536  -0.0000000002  -0.0026133681
383.9026222687  0.0000000000  3.1415926536  -0.0000000002  -0.0026048138
385.1592593301  0.0000000000  3.1415926536  -0.0000000002  -0.0025963153
386.4158963915  0.0000000000  3.1415926536  -0.0000000002  -0.0025878721
387.6725334530  0.0000000000  3.1415926536  -0.0000000002  -0.0025794836
388.9291705144  0.0000000000  3.1415926536  -0.0000000002  -0.0025711493
390.1858075759  0.0000000000  3.1415926536  -0.0000000002  -0.0025628687
391.4424446373  0.0000000000  3.1415926536  -0.0000000002  -0.0025546413
392.6990816987  0.0000000000  3.1415926536  -0.0000000002  -0.0025464665
393.9557187602  0.0000000000  3.1415926536  -0.0000000002  -0.0025383439
395.2123558216  0.0000000000  3.1415926536  -0.0000000002  -0.0025302729
396.4689928830  0.0000000000  3.1415926536  -0.0000000002  -0.0025222531
397.7256299445  0.0000000000  3.1415926536  -0.0000000002  -0.0025142840
398.9822670059  0.0000000000  3.1415926536  -0.0000000002  -0.0025063651
400.2389040673  0.0000000000  3.1415926536  -0.0000000002  -0.0024984959
401.4955411288  0.0000000000  3.1415926536  -0.0000000002  -0.0024906759
402.7521781902  0.0000000000  3.1415926536  -0.0000000002  -0.0024829048
404.0088152516  0.0000000000  3.1415926536  -0.0000000002  -0.0024751820
405.2654523131  0.0000000000  3.1415926536  -0.0000000002  -0.0024675071
406.5220893745  0.0000000000  3.1415926536  -0.0000000002  -0.0024598796
407.7787264360  0.0000000000  3.1415926536  -0.0000000002  -0.0024522991
409.0353634974  0.0000000000  3.1415926536  -0.0000000002  -0.0024447653
410.2920005588  0.0000000000  3.1415926536  -0.0000000002  -0.0024372775
411.5486376203  0.0000000000  3.1415926536  -0.0000000002  -0.0024298355
412.8052746817  0.0000000000  3.1415926536  -0.0000000002  -0.0024224388
414.0619117431  0.0000000000  3.1415926536  -0.0000000002  -0.0024150870
415.3185488046  0.0000000000  3.1415926536  -0.0000000002  -0.0024077797
416.5751858660  0.0000000000  3.1415926536  -0.0000000002  -0.0024005165
417.8318229274  0.0000000000  3.1415926536  -0.0000000002  -0.0023932970
419.0884599889  0.0000000000  3.1415926536  -0.0000000002  -0.0023861207
420.3450970503  0.0000000000  3.1415926536  -0.0000000002  -0.0023789874
421.6017341118  0.0000000000  3.1415926536  -0.0000000002  -0.0023718966
422.8583711732  0.0000000000  3.1415926536  -0.0000000002  -0.0023648479
424.1150082346  0.0000000000  3.1415926536  -0.0000000002  -0.0023578410
425.3716452961  0.0000000000  3.1415926536  -0.0000000002  -0.0023508755
426.6282823575  0.0000000000  3.1415926536  -0.0000000002  -0.0023439511
427.8849194189  0.0000000000  3.1415926536  -0.0000000002  -0.0023370673
429.1415564804  0.0000000000  3.1415926536  -0.0000000002  -0.0023302238
430.3981935418  0.0000000000  3.1415926536  -0.0000000002  -0.0023234203
431.6548306032  0.0000000000  3.1415926536  -0.0000000002  -0.0023166564
432.9114676647  0.0000000000  3.1415926536  -0.0000000002  -0.0023099317
434.1681047261  0.0000000000  3.1415926536  -0.0000000002  -0.0023032460
435.4247417875  0.0000000000  3.1415926536  -0.0000000002  -0.0022965989
436.6813788490  0.0000000000  3.1415926536  -0.0000000002  -0.0022899900
437.9380159104  0.0000000000  3.1415926536  -0.0000000002  -0.0022834191
439.1946529719  0.0000000000  3.1415926536  -0.0000000002  -0.0022768858
440.4512900333  0.0000000000  3.1415926536  -0.0000000002  -0.0022703897
441.7079270947  0.0000000000  3.1415926536  -0.0000000002  -0.0022639306
442.9645641562  0.0000000000  3.1415926536  -0.0000000002  -0.0022575082
444.2212012176  0.0000000000  3.1415926536  -0.0000000002  -0.0022511221
445.4778382790  0.0000000000  3.1415926536  -0.0000000002  -0.0022447720
446.7344753405  0.0000000000  3.1415926536  -0.0000000002  -0.0022384576
447.9911124019  0.0000000000  3.1415926536  -0.0000000002  -0.0022321787
449.2477494633  0.0000000000  3.1415926536  -0.0000000002  -0.0022259349
450.5043865248  0.0000000000  3.1415926536  -0.0000000002  -0.0022197259
451.7610235862  0.0000000000  3.1415926536  -0.0000000002  -0.0022135515
453.0176606476  0.0000000000  3.1415926536  -0.0000000002  -0.0022074113
454.2742977091  0.0000000000  3.1415926536  -0.0000000002  -0.0022013051
455.5309347705  0.0000000000  3.1415926536  -0.0000000002  -0.0021952325
456.7875718320  0.0000000000  3.1415926536  -0.0000000002  -0.0021891934
458.0442088934  0.0000000000  3.1415926536  -0.0000000002  -0.0021831875
459.3008459548  0.0000000000  3.1415926536  -0.0000000002  -0.0021772143
460.5574830163  0.0000000000  3.1415926536  -0.0000000002  -0.0021712738
461.8141200777  0.0000000000  3.1415926536  -0.0000000002  -0.0021653656
463.0707571391  0.0000000000  3.1415926536  -0.0000000002  -0.0021594895
464.3273942006  0.0000000000  3.1415926536  -0.0000000002  -0.0021536452
465.5840312620  0.0000000000  3.1415926536  -0.0000000002  -0.0021478324
466.8406683234  0.0000000000  3.1415926536  -0.0000000002  -0.0021420510
468.0973053849  0.0000000000  3.1415926536  -0.0000000002  -0.0021363005
469.3539424463  0.0000000000  3.1415926536  -0.0000000002  -0.0021305809
470.6105795078  0.0000000000  3.1415926536  -0.0000000002  -0.0021248918
471.8672165692  0.0000000000  3.1415926536  -0.0000000002  -0.0021192330
473.1238536306  0.0000000000  3.1415926536  -0.0000000002  -0.0021136043
474.3804906921  0.0000000000  3.1415926536  -0.0000000002  -0.0021080054
475.6371277535  0.0000000000  3.1415926536  -0.0000000002  -0.0021024360
476.8937648149  0.0000000000  3.1415926536  -0.0000000002  -0.0020968961
478.1504018764  0.0000000000  3.1415926536  -0.0000000002  -0.0020913852
479.4070389378  0.0000000000  3.1415926536  -0.0000000002  -0.0020859032
480.6636759992  0.0000000000  3.1415926536  -0.0000000002  -0.0020804499
481.9203130607  0.0000000000  3.1415926536  -0.0000000002  -0.0020750251
483.1769501221  0.0000000000  3.1415926536  -0.0000000002  -0.0020696284
484.4335871835  0.0000000000  3.1415926536  -0.0000000002  -0.0020642598
485.6902242450  0.0000000000  3.1415926536  -0.0000000002  -0.0020589189
486.9468613064  0.0000000000  3.1415926536  -0.0000000002  -0.0020536056
488.2034983679  0.0000000000  3.1415926536  -0.0000000002  -0.0020483196
489.4601354293  0.0000000000  3.1415926536  -0.0000000002  -0.0020430608
490.7167724907  0.0000000000  3.1415926536  -0.0000000002  -0.0020378289
491.9734095522  0.0000000000  3.1415926536  -0.0000000002  -0.0020326238
493.2300466136  0.0000000000  3.1415926536  -0.0000000002  -0.0020274452
494.4866836750  0.0000000000  3.1415926536  -0.0000000002  -0.0020222929
495.7433207365  0.0000000000  3.1415926536  -0.0000000002  -0.0020171667
496.9999577979  0.0000000000  3.1415926536  -0.0000000002  -0.0020120664
498.2565948593  0.0000000000  3.1415926536  -0.0000000002  -0.0020069919
499.5132319208  0.0000000000  3.1415926536  -0.0000000002  -0.0020019429
500.7698689822  0.0000000000  3.1415926536  -0.0000000002  -0.0019969192
502.0265060436  0.0000000000  3.1415926536  -0.0000000002  -0.0019919207
503.2831431051  0.0000000000  3.1415926536  -0.0000000002  -0.0019869471
504.5397801665  0.0000000000  3.1415926536  -0.0000000002  -0.0019819983
505.7964172280  0.0000000000  3.1415926536  -0.0000000002  -0.0019770742
507.0530542894  0.0000000000  3.1415926536  -0.0000000002  -0.0019721744
508.3096913508  0.0000000000  3.1415926536  -0.0000000002  -0.0019672988
509.5663284123  0.0000000000  3.1415926536  -0.0000000002  -0.0019624473
510.8229654737  0.0000000000  3.1415926536  -0.0000000002  -0.0019576197
512.0796025351  0.0000000000  3.1415926536  -0.0000000002  -0.0019528157
513.3362395966  0.0000000000  3.1415926536  -0.0000000002  -0.0019480353
514.5928766580  0.0000000000  3.1415926536  -0.0000000001  -0.0019432782
515.8495137194  0.0000000000  3.1415926536  -0.0000000001  -0.0019385443
517.1061507809  0.0000000000  3.1415926536  -0.0000000001  -0.0019338334
518.3627878423  0.0000000000  3.1415926536  -0.0000000001  -0.0019291454
519.6194249038  0.0000000000  3.1415926536  -0.0000000001  -0.0019244800
520.8760619652  0.0000000000  3.1415926536  -0.0000000001  -0.0019198371
522.1326990266  0.0000000000  3.1415926536  -0.0000000001  -0.0019152166
523.3893360881  0.0000000000  3.1415926536  -0.0000000001  -0.0019106183
524.6459731495  0.0000000000  3.1415926536  -0.0000000001  -0.0019060420
525.9026102109  0.0000000000  3.1415926536  -0.0000000001  -0.0019014875
527.1592472724  0.0000000000  3.1415926536  -0.0000000001  -0.0018969548
528.4158843338  0.0000000000  3.1415926536  -0.0000000001  -0.0018924436
529.6725213952  0.0000000000  3.1415926536  -0.0000000001  -0.0018879539
530.9291584567  0.0000000000  3.1415926536  -0.0000000001  -0.0018834854
532.1857955181  0.0000000000  3.1415926536  -0.0000000001  -0.0018790380
533.4424325795  0.0000000000  3.1415926536  -0.0000000001  -0.0018746115
534.6990696410  0.0000000000  3.1415926536  -0.0000000001  -0.0018702059
535.9557067024  0.0000000000  3.1415926536  -0.0000000001  -0.0018658209
537.2123437639  0.0000000000  3.1415926536  -0.0000000001  -0.0018614564
538.4689808253  0.0000000000  3.1415926536  -0.0000000001  -0.0018571123
539.7256178867  0.0000000000  3.1415926536  -0.0000000001  -0.0018527884
540.9822549482  0.0000000000  3.1415926536  -0.0000000001  -0.0018484847
542.2388920096  0.0000000000  3.1415926536  -0.0000000001  -0.0018442008
543.4955290710  0.0000000000  3.1415926536  -0.0000000001  -0.0018399368
544.7521661325  0.0000000000  3.1415926536  -0.0000000001  -0.0018356924
546.0088031939  0.0000000000  3.1415926536  -0.0000000001  -0.0018314676
547.2654402553  0.0000000000  3.1415926536  -0.0000000001  -0.0018272622
548.5220773168  0.0000000000  3.1415926536  -0.0000000001  -0.0018230761
549.7787143782  0.0000000000  3.1415926536  -0.0000000001  -0.0018189091
551.0353514396  0.0000000000  3.1415926536  -0.0000000001  -0.0018147610
552.2919885011  0.0000000000  3.1415926536  -0.0000000001  -0.0018106319
553.5486255625  0.0000000000  3.1415926536  -0.0000000001  -0.0018065215
554.8052626240  0.0000000000  3.1415926536  -0.0000000001  -0.0018024298
556.0618996854  0.0000000000  3.1415926536  -0.0000000001  -0.0017983565
557.3185367468  0.0000000000  3.1415926536  -0.0000000001  -0.0017943016
558.5751738083  0.0000000000  3.1415926536  -0.0000000001  -0.0017902650
559.8318108697  0.0000000000  3.1415926536  -0.0000000001  -0.0017862464
561.0884479311  0.0000000000  3.1415926536  -0.0000000001  -0.0017822459
562.3450849926  0.0000000000  3.1415926536  -0.0000000001  -0.0017782632
563.6017220540  0.0000000000  3.1415926536  -0.0000000001  -0.0017742983
564.8583591154  0.0000000000  3.1415926536  -0.0000000001  -0.0017703511
566.1149961769  0.0000000000  3.1415926536  -0.0000000001  -0.0017664214
567.3716332383  0.0000000000  3.1415926536  -0.0000000001  -0.0017625090
568.6282702998  0.0000000000  3.1415926536  -0.0000000001  -0.0017586140
569.8849073612  0.0000000000  3.1415926536  -0.0000000001  -0.0017547362
571.1415444226  0.0000000000  3.1415926536  -0.0000000001  -0.0017508754
572.3981814841  0.0000000000  3.1415926536  -0.0000000001  -0.0017470315
573.6548185455  0.0000000000  3.1415926536  -0.0000000001  -0.0017432045
574.9114556069  0.0000000000  3.1415926536  -0.0000000001  -0.0017393943
576.1680926684  0.0000000000  3.1415926536  -0.0000000001  -0.0017356006
577.4247297298  0.0000000000  3.1415926536  -0.0000000001  -0.0017318235
578.6813667912  0.0000000000  3.1415926536  -0.0000000001  -0.0017280628
579.9380038527  0.0000000000  3.1415926536  -0.0000000001  -0.0017243183
581.1946409141  0.0000000000  3.1415926536  -0.0000000001  -0.0017205901
582.4512779755  0.0000000000  3.1415926536  -0.0000000001  -0.0017168779
583.7079150370  0.0000000000  3.1415926536  -0.0000000001  -0.0017131818
584.9645520984  0.0000000000  3.1415926536  -0.0000000001  -0.0017095015
586.2211891599  0.0000000000  3.1415926536  -0.0000000001  -0.0017058370
587.4778262213  0.0000000000  3.1415926536  -0.0000000001  -0.0017021881
588.7344632827  0.0000000000  3.1415926536  -0.0000000001  -0.0016985549
589.9911003442  0.0000000000  3.1415926536  -0.0000000001  -0.0016949371
591.2477374056  0.0000000000  3.1415926536  -0.0000000001  -0.0016913347
592.5043744670  0.0000000000  3.1415926536  -0.0000000001  -0.0016877476
593.7610115285  0.0000000000  3.1415926536  -0.0000000001  -0.0016841757
595.0176485899  0.0000000000  3.1415926536  -0.0000000001  -0.0016806188
596.2742856513  0.0000000000  3.1415926536  -0.0000000001  -0.0016770769
597.5309227128  0.0000000000  3.1415926536  -0.0000000001  -0.0016735500
598.7875597742  0.0000000000  3.1415926536  -0.0000000001  -0.0016700378
600.0441968357  0.0000000000  3.1415926536  -0.0000000001  -0.0016665404
601.3008338971  0.0000000000  3.1415926536  -0.0000000001  -0.0016630576
602.5574709585  0.0000000000  3.1415926536  -0.0000000001  -0.0016595893
603.8141080200  0.0000000000  3.1415926536  -0.0000000001  -0.0016561354
605.0707450814  0.0000000000  3.1415926536  -0.0000000001  -0.0016526959
606.3273821428  0.0000000000  3.1415926536  -0.0000000001  -0.0016492706
607.5840192043  0.0000000000  3.1415926536  -0.0000000001  -0.0016458595
608.8406562657  0.0000000000  3.1415926536  -0.0000000001  -0.0016424625
610.0972933271  0.0000000000  3.1415926536  -0.0000000001  -0.0016390795
611.3539303886  0.0000000000  3.1415926536  -0.0000000001  -0.0016357104
612.6105674500  0.0000000000  3.1415926536  -0.0000000001  -0.0016323551
613.8672045114  0.0000000000  3.1415926536  -0.0000000001  -0.0016290135
615.1238415729  0.0000000000  3.1415926536  -0.0000000001  -0.0016256856
616.3804786343  0.0000000000  3.1415926536  -0.0000000001  -0.0016223713
617.6371156958  0.0000000000  3.1415926536  -0.0000000001  -0.0016190705
618.8937527572  0.0000000000  3.1415926536  -0.0000000001  -0.0016157830
620.1503898186  0.0000000000  3.1415926536  -0.0000000001  -0.0016125089
621.4070268801  0.0000000000  3.1415926536  -0.0000000001  -0.0016092480
622.6636639415  0.0000000000  3.1415926536  -0.0000000001  -0.0016060003
623.9203010029  0.0000000000  3.1415926536  -0.0000000001  -0.0016027657
625.1769380644  0.0000000000  3.1415926536  -0.0000000001  -0.0015995441
626.4335751258  0.0000000000  3.1415926536  -0.0000000001  -0.0015963353
627.6902121872  0.0000000000  3.1415926536  -0.0000000001  -0.0015931395
628.9468492487  0.0000000000  3.1415926536  0.0000000000  0.0000000000
-627.6902121872  3.1415926536  0.0000000000  0.0000000000  0.0000000000
-626.4335751258  3.1415926536  0.0000000000  0.0000000000  0.0000000000
-625.1769380644  3.1415926536  0.0000000000  0.0000000000  0.0000000000
-623.9203010029  3.1415926536  0.0000000000  0.0000000000  0.0000000000
-622.6636639415  3.1415926536  0.0000000000  0.0000000000  0.0000000000
-621.4070268801  3.1415926536  0.0000000000  0.0000000000  0.0000000000
-620.1503898186  3.1415926536  0.0000000000  0.0000000000  0.0000000000
-618.8937527572  3.1415926536  0.0000000000  0.0000000000  0.0000000000
-617.6371156958  3.1415926536  0.0000000000  0.0000000000  0.0000000000
-616.3804786343  3.1415926536  0.0000000000  0.0000000000  0.0000000000
-615.1238415729  3.1415926536  0.0000000000  0.0000000000  0.0000000000
-613.8672045114  3.1415926536  0.0000000000  0.0000000000  0.0000000000
-612.6105674500  3.1415926536  0.0000000000  0.0000000000  0.0000000000
-611.3539303886  3.1415926536  0.0000000000  0.0000000000  0.0000000000
-610.0972933271  3.1415926536  0.0000000000  0.0000000000  0.0000000000
-608.8406562657  3.1415926536  0.0000000000  0.0000000000  0.0000000000
-607.5840192043  3.1415926536  0.0000000000  0.0000000000  0.0000000000
-606.3273821428  3.1415926536  0.0000000000  0.0000000000  0.0000000000
-605.0707450814  3.1415926536  0.0000000000  0.0000000000  0.0000000000
-603.8141080200  3.1415926536  0.0000000000  0.0000000000  0.0000000000
-602.5574709585  3.1415926536  0.0000000000  0.0000000000  0.0000000000
-601.3008338971  3.1415926536  0.0000000000  0.0000000000  0.0000000000
-600.0441968357  3.1415926536  0.0000000000  0.0000000000  0.0000000000
-598.7875597742  3.1415926536  0.0000000000  0.0000000000  0.0000000000
-597.5309227128  3.1415926536  0.0000000000  0.0000000000  0.0000000000
-596.2742856513  3.1415926536  0.0000000000  0.0000000000  0.0000000000
-595.0176485899  3.1415926536  0.0000000000  0.0000000000  0.0000000000
-593.7610115285  3.1415926536  0.0000000000  0.0000000000  0.0000000000
-592.5043744670  3.1415926536  0.0000000000  0.0000000000  0.0000000000
-591.2477374056  3.1415926536  0.0000000000  0.0000000000  0.0000000000
-589.9911003442  3.1415926536  0.0000000000  0.0000000000  0.0000000000
-588.7344632827  3.1415926536  0.0000000000  0.0000000000  0.0000000000
-587.4778262213  3.1415926536  0.0000000000  0.0000000000  0.0000000000
-586.2211891599  3.1415926536  0.0000000000  0.0000000000  0.0000000000
-584.9645520984  3.1415926536  0.0000000000  0.0000000000  0.0000000000
-583.7079150370  3.1415926536  0.0000000000  0.0000000000  0.0000000000
-582.4512779755  3.1415926536  0.0000000000  0.0000000000  0.0000000000
-581.1946409141  3.1415926536  0.0000000000  0.0000000000  0.0000000000
-579.9380038527  3.1415926536  0.0000000000  0.0000000000  0.0000000000
-578.6813667912  3.1415926536  0.0000000000  0.0000000000  0.0000000000
-577.4247297298  3.1415926536  0.0000000000  0.0000000000  0.0000000000
-576.1680926684  3.1415926536  0.0000000000  0.0000000000  0.0000000000
-574.9114556069  3.1415926536  0.0000000000  0.0000000000  0.0000000000
-573.6548185455  3.1415926536  0.0000000000  0.0000000000  0.0000000000
-572.3981814841  3.1415926536  0.0000000000  0.0000000000  0.0000000000
-571.1415444226  3.1415926536  0.0000000000  0.0000000000  0.0000000000
-569.8849073612  3.1415926536  0.0000000000  0.0000000000  0.0000000000
-568.6282702998  3.1415926536  0.0000000000  0.0000000000  0.0000000000
-567.3716332383  3.1415926536  0.0000000000  0.0000000000  0.0000000000
-566.1149961769  3.1415926536  0.0000000000  0.0000000000  0.0000000000
-564.8583591154  3.1415926536  0.0000000000  0.0000000000  0.0000000000
-563.6017220540  3.1415926536  0.0000000000  0.0000000000  0.0000000000
-562.3450849926  3.1415926536  0.0000000000  0.0000000000  0.0000000000
-561.0884479311  3.1415926536  0.0000000000  0.0000000000  0.0000000000
-559.8318108697  3.1415926536  0.0000000000  0.0000000000  0.0000000000
-558.5751738083  3.1415926536  0.0000000000  0.0000000000  0.0000000000
-557.3185367468  3.1415926536  0.0000000000  0.0000000000  0.0000000000
-556.0618996854  3.1415926536  0.0000000000  0.0000000000  0.0000000000
-554.8052626240  3.1415926536  0.0000000000  0.0000000000  0.0000000000
-553.5486255625  3.1415926536  0.0000000000  0.0000000000  0.0000000000
-552.2919885011  3.1415926536  0.0000000000  0.0000000000  0.0000000000
-551.0353514396  3.1415926536  0.0000000000  0.0000000000  0.0000000000
-549.7787143782  3.1415926536  0.0000000000  0.0000000000  0.0000000000
-548.5220773168  3.1415926536  0.0000000000  0.0000000000  0.0000000000
-547.2654402553  3.1415926536  0.0000000000  0.0000000000  0.0000000000
-546.0088031939  3.1415926536  0.0000000000  0.0000000000  0.0000000000
-544.7521661325  3.1415926536  0.0000000000  0.0000000000  0.0000000000
-543.4955290710  3.1415926536  0.0000000000  0.0000000000  0.0000000000
-542.2388920096  3.1415926536  0.0000000000  0.0000000000  0.0000000000
-540.9822549482  3.1415926536  0.0000000000  0.0000000000  0.0000000000
-539.7256178867  3.1415926536  0.0000000000  0.0000000000  0.0000000000
-538.4689808253  3.1415926536  0.0000000000  0.0000000000  0.0000000000
-537.2123437639  3.1415926536  0.0000000000  0.0000000000  0.0000000000
-535.9557067024  3.1415926536  0.0000000000  0.0000000000  0.0000000000
-534.6990696410  3.1415926536  0.0000000000  0.0000000000  0.0000000000
-533.4424325795  3.1415926536  0.0000000000  0.0000000000  0.0000000000
-532.1857955181  3.1415926536  0.0000000000  0.0000000000  0.0000000000
-530.9291584567  3.1415926536  0.0000000000  0.0000000000  0.0000000000
-529.6725213952  3.1415926536  0.0000000000  0.0000000000  0.0000000000
-528.4158843338  3.1415926536  0.0000000000  0.0000000000  0.0000000000
-527.1592472724  3.1415926536  0.0000000000  0.0000000000  0.0000000000
-525.9026102109  3.1415926536  0.0000000000  0.0000000000  0.0000000000
-524.6459731495  3.1415926536  0.0000000000  0.0000000000  0.0000000000
-523.3893360881  3.1415926536  0.0000000000  0.0000000000  0.0000000000
-522.1326990266  3.1415926536  0.0000000000  0.0000000000  0.0000000000
-520.8760619652  3.1415926536  0.0000000000  0.0000000000  0.0000000000
-519.6194249038  3.1415926536  0.0000000000  0.0000000000  0.0000000000
-518.3627878423  3.1415926536  0.0000000000  0.0000000000  0.0000000000
-517.1061507809  3.1415926536  0.0000000000  0.0000000000  0.0000000000
-515.8495137194  3.1415926536  0.0000000000  0.0000000000  0.0000000000
-514.5928766580  3.1415926536  0.0000000000  0.0000000000  0.0000000000
-513.3362395966  3.1415926536  0.0000000000  0.0000000000  0.0000000000
-512.0796025351  3.1415926536  0.0000000000  0.0000000000  0.0000000000
-510.8229654737  3.1415926536  0.0000000000  0.0000000000  0.0000000000
-509.5663284123  3.1415926536  0.0000000000  0.0000000000  0.0000000000
-508.3096913508  3.1415926536  0.0000000000  0.0000000000  0.0000000000
-507.0530542894  3.1415926536  0.0000000000  0.0000000000  0.0000000000
-505.7964172280  3.1415926536  0.0000000000  0.0000000000  0.0000000000
-504.5397801665  3.1415926536  0.0000000000  0.0000000000  0.0000000000
-503.2831431051  3.1415926536  0.0000000000  0.0000000000  0.0000000000
-502.0265060436  3.1415926536  0.0000000000  0.0000000000  0.0000000000
-500.7698689822  3.1415926536  0.0000000000  0.0000000000  0.0000000000
-499.5132319208  3.1415926536  0.0000000000  0.0000000000  0.0000000000
-498.2565948593  3.1415926536  0.0000000000  0.0000000000  0.0000000000
-496.9999577979  3.1415926536  0.0000000000  0.0000000000  0.0000000000
-495.7433207365  3.1415926536  0.0000000000  0.0000000000  0.0000000000
-494.4866836750  3.1415926536  0.0000000000  0.0000000000  0.0000000000
-493.2300466136  3.1415926536  0.0000000000  0.0000000000  0.0000000000
-491.9734095522  3.1415926536  0.0000000000  0.0000000000  0.0000000000
-490.7167724907  3.1415926536  0.0000000000  0.0000000000  0.0000000000
-489.4601354293  3.1415926536  0.0000000000  0.0000000000  0.0000000000
-488.2034983679  3.1415926536  0.0000000000  0.0000000000  0.0000000000
-486.9468613064  3.1415926536  0.0000000000  0.0000000000  0.0000000000
-485.6902242450  3.1415926536  0.0000000000  0.0000000000  0.0000000000
-484.4335871835  3.1415926536  0.0000000000  0.0000000000  0.0000000000
-483.1769501221  3.1415926536  0.0000000000  0.0000000000  0.0000000000
-481.9203130607  3.1415926536  0.0000000000  0.0000000000  0.0000000000
-480.6636759992  3.1415926536  0.0000000000  0.0000000000  0.0000000000
-479.4070389378  3.1415926536  0.0000000000  0.0000000000  0.0000000000
-478.1504018764  3.1415926536  0.0000000000  0.0000000000  0.0000000000
-476.8937648149  3.1415926536  0.0000000000  0.0000000000  0.0000000000
-475.6371277535  3.1415926536  0.0000000000  0.0000000000  0.0000000000
-474.3804906921  3.1415926536  0.0000000000  0.0000000000  0.0000000000
-473.1238536306  3.1415926536  0.0000000000  0.0000000000  0.0000000000
-471.8672165692  3.1415926536  0.0000000000  0.0000000000  0.0000000000
-470.6105795078  3.1415926536  0.0000000000  0.0000000000  0.0000000000
-469.3539424463  3.1415926536  0.0000000000  0.0000000000  0.0000000000
-468.0973053849  3.1415926536  0.0000000000  0.0000000000  0.0000000000
-466.8406683234  3.1415926536  0.0000000000  0.0000000000  0.0000000000
-465.5840312620  3.1415926536  0.0000000000  0.0000000000  0.0000000000
-464.3273942006  3.1415926536  0.0000000000  0.0000000000  0.0000000000
-463.0707571391  3.1415926536  0.0000000000  0.0000000000  0.0000000000
-461.8141200777  3.1415926536  0.0000000000  0.0000000000  0.0000000000
-460.5574830163  3.1415926536  0.0000000000  0.0000000000  0.0000000000
-459.3008459548  3.1415926536  0.0000000000  0.0000000000  0.0000000000
-458.0442088934  3.1415926536  0.0000000000  0.0000000000  0.0000000000
-456.7875718320  3.1415926536  0.0000000000  0.0000000000  0.0000000000
-455.5309347705  3.1415926536  0.0000000000  0.0000000000  0.0000000000
-454.2742977091  3.1415926536  0.0000000000  0.0000000000  0.0000000000
-453.0176606476  3.1415926536  0.0000000000  0.0000000000  0.0000000000
-451.7610235862  3.1415926536  0.0000000000  0.0000000000  0.0000000000
-450.5043865248  3.1415926536  0.0000000000  0.0000000000  0.0000000000
-449.2477494633  3.1415926536  0.0000000000  0.0000000000  0.0000000000
-447.9911124019  3.1415926536  0.0000000000  0.0000000000  0.0000000000
-446.7344753405  3.1415926536  0.0000000000  0.0000000000  0.0000000000
-445.4778382790  3.1415926536  0.0000000000  0.0000000000  0.0000000000
-444.2212012176  3.1415926536  0.0000000000  0.0000000000  0.0000000000
-442.9645641562  3.1415926536  0.0000000000  0.0000000000  0.0000000000
-441.7079270947  3.1415926536  0.0000000000  0.0000000000  0.0000000000
-440.4512900333  3.1415926536  0.0000000000  0.0000000000  0.0000000000
-439.1946529719  3.1415926536  0.0000000000  0.0000000000  0.0000000000
-437.9380159104  3.1415926536  0.0000000000  0.0000000000  0.0000000000
-436.6813788490  3.1415926536  0.0000000000  0.0000000000  0.0000000000
-435.4247417875  3.1415926536  0.0000000000  0.0000000000  0.0000000000
-434.1681047261  3.1415926536  0.0000000000  0.0000000000  0.0000000000
-432.9114676647  3.1415926536  0.0000000000  0.0000000000  0.0000000000
-431.6548306032  3.1415926536  0.0000000000  0.0000000000  0.0000000000
-430.3981935418  3.1415926536  0.0000000000  0.0000000000  0.0000000000
-429.1415564804  3.1415926536  0.0000000000  0.0000000000  0.0000000000
-427.8849194189  3.1415926536  0.0000000000  0.0000000000  0.0000000000
-426.6282823575  3.1415926536  0.0000000000  0.0000000000  0.0000000000
-425.3716452961  3.1415926536  0.0000000000  0.0000000000  0.0000000000
-424.1150082346  3.1415926536  0.0000000000  0.0000000000  0.0000000000
-422.8583711732  3.1415926536  0.0000000000  0.0000000000  0.0000000000
-421.6017341118  3.1415926536  0.0000000000  0.0000000000  0.0000000000
-420.3450970503  3.1415926536  0.0000000000  0.0000000000  0.0000000000
-419.0884599889  3.1415926536  0.0000000000  0.0000000000  0.0000000000
-417.8318229274  3.1415926536  0.0000000000  0.0000000000  0.0000000000
-416.5751858660  3.1415926536  0.0000000000  0.0000000000  0.0000000000
-415.3185488046  3.1415926536  0.0000000000  0.0000000000  0.0000000000
-414.0619117431  3.1415926536  0.0000000000  0.0000000000  0.0000000000
-412.8052746817  3.1415926536  0.0000000000  0.0000000000  0.0000000000
-411.5486376203  3.1415926536  0.0000000000  0.0000000000  0.0000000000
-410.2920005588  3.1415926536  0.0000000000  0.0000000000  0.0000000000
-409.0353634974  3.1415926536  0.0000000000  0.0000000000  0.0000000000
-407.7787264360  3.1415926536  0.0000000000  0.0000000000  0.0000000000
-406.5220893745  3.1415926536  0.0000000000  0.0000000000  0.0000000000
-405.2654523131  3.1415926536  0.0000000000  0.0000000000  0.0000000000
-404.0088152516  3.1415926536  0.0000000000  0.0000000000  0.0000000000
-402.7521781902  3.1415926536  0.0000000000  0.0000000000  0.0000000000
-401.4955411288  3.1415926536  0.0000000000  0.0000000000  0.0000000000
-400.2389040673  3.1415926536  0.0000000000  0.0000000000  0.0000000000
-398.9822670059  3.1415926536  0.0000000000  0.0000000000  0.0000000000
-397.7256299445  3.1415926536  0.0000000000  0.0000000000  0.0000000000
-396.4689928830  3.1415926536  0.0000000000  0.0000000000  0.0000000000
-395.2123558216  3.1415926536  0.0000000000  0.0000000000  0.0000000000
-393.9557187602  3.1415926536  0.0000000000  0.0000000000  0.0000000000
-392.6990816987  3.1415926536  0.0000000000  0.0000000000  0.0000000000
-391.4424446373  3.1415926536  0.0000000000  0.0000000000  0.0000000000
-390.1858075759  3.1415926536  0.0000000000  0.0000000000  0.0000000000
-388.9291705144  3.1415926536  0.0000000000  0.0000000000  0.0000000000
-387.6725334530  3.1415926536  0.0000000000  0.0000000000  0.0000000000
-386.4158963915  3.1415926536  0.0000000000  0.0000000000  0.0000000000
-385.1592593301  3.1415926536  0.0000000000  0.0000000000  0.0000000000
-383.9026222687  3.1415926536  0.0000000000  0.0000000000  0.0000000000
-382.6459852072  3.1415926536  0.0000000000  0.0000000000  0.0000000000
-381.3893481458  3.1415926536  0.0000000000  0.0000000000  0.0000000000
-380.1327110844  3.1415926536  0.0000000000  0.0000000000  0.0000000000
-378.8760740229  3.1415926536  0.0000000000  0.0000000000  0.0000000000
-377.6194369615  3.1415926536  0.0000000000  0.0000000000  0.0000000000
-376.3627999001  3.1415926536  0.0000000000  0.0000000000  0.0000000000
-375.1061628386  3.1415926536  0.0000000000  0.0000000000  0.0000000000
-373.8495257772  3.1415926536  0.0000000000  0.0000000000  0.0000000000
-372.5928887157  3.1415926536  0.0000000000  0.0000000000  0.0000000000
-371.3362516543  3.1415926536  0.0000000000  0.0000000000  0.0000000000
-370.0796145929  3.1415926536  0.0000000000  0.0000000000  0.0000000000
-368.8229775314  3.1415926536  0.0000000000  0.0000000000  0.0000000000
-367.5663404700  3.1415926536  0.0000000000  0.0000000000  0.0000000000
-366.3097034086  3.1415926536  0.0000000000  0.0000000000  0.0000000000
-365.0530663471  3.1415926536  0.0000000000  0.0000000000  0.0000000000
-363.7964292857  3.1415926536  0.0000000000  0.0000000000  0.0000000000
-362.5397922243  3.1415926536  0.0000000000  0.0000000000  0.0000000000
-361.2831551628  3.1415926536  0.0000000000  0.0000000000  0.0000000000
-360.0265181014  3.1415926536  0.0000000000  0.0000000000  0.0000000000
-358.7698810400  3.1415926536  0.0000000000  0.0000000000  0.0000000000
-357.5132439785  3.1415926536  0.0000000000  0.0000000000  0.0000000000
-356.2566069171  3.1415926536  0.0000000000  0.0000000000  0.0000000000
-354.9999698556  3.1415926536  0.0000000000  0.0000000000  0.0000000000
-353.7433327942  3.1415926536  0.0000000000  0.0000000000  0.0000000000
-352.4866957328  3.1415926536  0.0000000000  0.0000000000  0.0000000000
-351.2300586713  3.1415926536  0.0000000000  0.0000000000  0.0000000000
-349.9734216099  3.1415926536  0.0000000000  0.0000000000  0.0000000000
-348.7167845485  3.1415926536  0.0000000000  0.0000000000  0.0000000000
-347.4601474870  3.1415926536  0.0000000000  0.0000000000  0.0000000000
-346.2035104256  3.1415926536  0.0000000000  0.0000000000  0.0000000000
-344.9468733642  3.1415926536  0.0000000000  0.0000000000  0.0000000000
-343.6902363027  3.1415926536  0.0000000000  0.0000000000  0.0000000000
-342.4335992413  3.1415926536  0.0000000000  0.0000000000  0.0000000000
-341.1769621799  3.1415926536  0.0000000000  0.0000000000  0.0000000000
-339.9203251184  3.1415926536  0.0000000000  0.0000000000  0.0000000000
-338.6636880570  3.1415926536  0.0000000000  0.0000000000  0.0000000000
-337.4070509955  3.1415926536  0.0000000000  0.0000000000  0.0000000000
-336.1504139341  3.1415926536  0.0000000000  0.0000000000  0.0000000000
-334.8937768727  3.1415926536  0.0000000000  0.0000000000  0.0000000000
-333.6371398112  3.1415926536  0.0000000000  0.0000000000  0.0000000000
-332.3805027498  3.1415926536  0.0000000000  0.0000000000  0.0000000000
-331.1238656884  3.1415926536  0.0000000000  0.0000000000  0.0000000000
-329.8672286269  3.1415926536  0.0000000000  0.0000000000  0.0000000000
-328.6105915655  3.1415926536  0.0000000000  0.0000000000  0.0000000000
-327.3539545041  3.1415926536  0.0000000000  0.0000000000  0.0000000000
-326.0973174426  3.1415926536  0.0000000000  0.0000000000  0.0000000000
-324.8406803812  3.1415926536  0.0000000000  0.0000000000  0.0000000000
-323.5840433197  3.1415926536  0.0000000000  0.0000000000  0.0000000000
-322.3274062583  3.1415926536  0.0000000000  0.0000000000  0.0000000000
-321.0707691969  3.1415926536  0.0000000000  0.0000000000  0.0000000000
-319.8141321354  3.1415926536  0.0000000000  0.0000000000  0.0000000000
-318.5574950740  3.1415926536  0.0000000000  0.0000000000  0.0000000000
-317.3008580126  3.1415926536  0.0000000000  0.0000000000  0.0000000000
-316.0442209511  3.1415926536  0.0000000000  0.0000000000  0.0000000000
-314.7875838897  3.1415926536  0.0000000000  0.0000000000  0.0000000000
-313.5309468283  3.1415926536  0.0000000000  0.0000000000  0.0000000000
-312.2743097668  3.1415926536  0.0000000000  0.0000000000  0.0000000000
-311.0176727054  3.1415926536  0.0000000000  0.0000000000  0.0000000000
-309.7610356440  3.1415926536  0.0000000000  0.0000000000  0.0000000000
-308.5043985825  3.1415926536  0.0000000000  0.0000000000  0.0000000000
-307.2477615211  3.1415926536  0.0000000000  0.0000000000  0.0000000000
-305.9911244596  3.1415926536  0.0000000000  0.0000000000  0.0000000000
-304.7344873982  3.1415926536  0.0000000000  0.0000000000  0.0000000000
-303.4778503368  3.1415926536  0.0000000000  0.0000000000  0.0000000000
-302.2212132753  3.1415926536  0.0000000000  0.0000000000  0.0000000000
-300.9645762139  3.1415926536  0.0000000000  0.0000000000  0.0000000000
-299.7079391525  3.1415926536  0.0000000000  0.0000000000  0.0000000000
-298.4513020910  3.1415926536  0.0000000000  0.0000000000  0.0000000000
-297.1946650296  3.1415926536  0.0000000000  0.0000000000  0.0000000000
-295.9380279682  3.1415926536  0.0000000000  0.0000000000  0.0000000000
-294.6813909067  3.1415926536  0.0000000000  0.0000000000  0.0000000000
-293.4247538453  3.1415926536  0.0000000000  0.0000000000  0.0000000000
-292.1681167839  3.1415926536  0.0000000000  0.0000000000  0.0000000000
-290.9114797224  3.1415926536  0.0000000000  0.0000000000  0.0000000000
-289.6548426610  3.1415926536  0.0000000000  0.0000000000  0.0000000000
-288.3982055995  3.1415926536  0.0000000000  0.0000000000  0.0000000000
-287.1415685381  3.1415926536  0.0000000000  0.0000000000  0.0000000000
-285.8849314767  3.1415926536  0.0000000000  0.0000000000  0.0000000000
-284.6282944152  3.1415926536  0.0000000000  0.0000000000  0.0000000000
-283.3716573538  3.1415926536  0.0000000000  0.0000000000  0.0000000000
-282.1150202924  3.1415926536  0.0000000000  0.0000000000  0.0000000000
-280.8583832309  3.1415926536  0.0000000000  0.0000000000  0.0000000000
-279.6017461695  3.1415926536  0.0000000000  0.0000000000  0.0000000000
-278.3451091081  3.1415926536  0.0000000000  0.0000000000  0.0000000000
-277.0884720466  3.1415926536  0.0000000000  0.0000000000  0.0000000000
-275.8318349852  3.1415926536  0.0000000000  0.0000000000  0.0000000000
-274.5751979237  3.1415926536  0.0000000000  0.0000000000  0.0000000000
-273.3185608623  3.1415926536  0.0000000000  0.0000000000  0.0000000000
-272.0619238009  3.1415926536  0.0000000000  0.0000000000  0.0000000000
-270.8052867394  3.1415926536  0.0000000000  0.0000000000  0.0000000000
-269.5486496780  3.1415926536  0.0000000000  0.0000000000  0.0000000000
-268.2920126166  3.1415926536  0.0000000000  0.0000000000  0.0000000000
-267.0353755551  3.1415926536  0.0000000000  0.0000000000  0.0000000000
-265.7787384937  3.1415926536  0.0000000000  0.0000000000  0.0000000000
-264.5221014323  3.1415926536  0.0000000000  0.0000000000  0.0000000000
-263.2654643708  3.1415926536  0.0000000000  0.0000000000  0.0000000000
-262.0088273094  3.1415926536  0.0000000000  0.0000000000  0.0000000000
-260.7521902480  3.1415926536  0.0000000000  0.0000000000  0.0000000000
-259.4955531865  3.1415926536  0.0000000000  0.0000000000  0.0000000000
-258.2389161251  3.1415926536  0.0000000000  0.0000000000  0.0000000000
-256.9822790636  3.1415926536  0.0000000000  0.0000000000  0.0000000000
-255.7256420022  3.1415926536  0.0000000000  0.0000000000  0.0000000000
-254.4690049408  3.1415926536  0.0000000000  0.0000000000  0.0000000000
-253.2123678793  3.1415926536  0.0000000000  0.0000000000  0.0000000000
-251.9557308179  3.1415926536  0.0000000000  0.0000000000  0.0000000000
-250.6990937565  3.1415926536  0.0000000000  0.0000000000  0.0000000000
-249.4424566950  3.1415926536  0.0000000000  0.0000000000  0.0000000000
-248.1858196336  3.1415926536  0.0000000000  0.0000000000  0.0000000000
-246.9291825722  3.1415926536  0.0000000000  0.0000000000  0.0000000000
-245.6725455107  3.1415926536  0.0000000000  0.0000000000  0.0000000000
-244.4159084493  3.1415926536  0.0000000000  0.0000000000  0.0000000000
-243.1592713878  3.1415926536  0.0000000000  0.0000000000  0.0000000000
-241.9026343264  3.1415926536  0.0000000000  0.0000000000  0.0000000000
-240.6459972650  3.1415926536  0.0000000000  0.0000000000  0.0000000000
-239.3893602035  3.1415926536  0.0000000000  0.0000000000  0.0000000000
-238.1327231421  3.1415926536  0.0000000000  0.0000000000  0.0000000000
-236.8760860807  3.1415926536  0.0000000000  0.0000000000  0.0000000000
-235.6194490192  3.1415926536  0.0000000000  0.0000000000  0.0000000000
-234.3628119578  3.1415926536  0.0000000000  0.0000000000  0.0000000000
-233.1061748964  3.1415926536  0.0000000000  0.0000000000  0.0000000000
-231.8495378349  3.1415926536  0.0000000000  0.0000000000  0.0000000000
-230.5929007735  3.1415926536  0.0000000000  0.0000000000  0.0000000000
-229.3362637121  3.1415926536  0.0000000000  0.0000000000  0.0000000000
-228.0796266506  3.1415926536  0.0000000000  0.0000000000  0.0000000000
-226.8229895892  3.1415926536  0.0000000000  0.0000000000  0.0000000000
-225.5663525277  3.1415926536  0.0000000000  0.0000000000  0.0000000000
-224.3097154663  3.1415926536  0.0000000000  0.0000000000  0.0000000000
-223.0530784049  3.1415926536  0.0000000000  0.0000000000  0.0000000000
-221.7964413434  3.1415926536  0.0000000000  0.0000000000  0.0000000000
-220.5398042820  3.1415926536  0.0000000000  0.0000000000  0.0000000000
-219.2831672206  3.1415926536  0.0000000000  0.0000000000  0.0000000000
-218.0265301591  3.1415926536  0.0000000000  0.0000000000  0.0000000000
-216.7698930977  3.1415926536  0.0000000000  0.0000000000  0.0000000000
-215.5132560363  3.1415926536  0.0000000000  0.0000000000  0.0000000000
-214.2566189748  3.1415926536  0.0000000000  0.0000000000  0.0000000000
-212.9999819134  3.1415926536  0.0000000000  0.0000000000  0.0000000000
-211.7433448520  3.1415926536  0.0000000000  0.0000000000  0.0000000000
-210.4867077905  3.1415926536  0.0000000000  0.0000000000  0.0000000000
-209.2300707291  3.1415926536  0.0000000000  0.0000000000  0.0000000000
-207.9734336676  3.1415926536  0.0000000000  0.0000000000  0.0000000000
-206.7167966062  3.1415926536  0.0000000000  0.0000000000  0.0000000000
-205.4601595448  3.1415926536  0.0000000000  0.0000000000  0.0000000000
-204.2035224833  3.1415926536  0.0000000000  0.0000000000  0.0000000000
-202.9468854219  3.1415926536  0.0000000000  0.0000000000  0.0000000000
-201.6902483605  3.1415926536  0.0000000000  0.0000000000  0.0000000000
-200.4336112990  3.1415926536  0.0000000000  0.0000000000  0.0000000000
-199.1769742376  3.1415926536  0.0000000000  0.0000000000  0.0000000000
-197.9203371762  3.1415926536  0.0000000000  0.0000000000  0.0000000000
-196.6637001147  3.1415926536  0.0000000000  0.0000000000  0.0000000000
-195.4070630533  3.1415926536  0.0000000000  0.0000000000  0.0000000000
-194.1504259918  3.1415926536  0.0000000000  0.0000000000  0.0000000000
-192.8937889304  3.1415926536  0.0000000000  0.0000000000  0.0000000000
-191.6371518690  3.1415926536  0.0000000000  0.0000000000  0.0000000000
-190.3805148075  3.1415926536  0.0000000000  0.0000000000  0.0000000000
-189.1238777461  3.1415926536  0.0000000000  0.0000000000  0.0000000000
-187.8672406847  3.1415926536  0.0000000000  0.0000000000  0.0000000000
-186.6106036232  3.1415926536  0.0000000000  0.0000000000  0.0000000000
-185.3539665618  3.1415926536  0.0000000000  0.0000000000  0.0000000000
-184.0973295004  3.1415926536  0.0000000000  0.0000000000  0.0000000000
-182.8406924389  3.1415926536  0.0000000000  0.0000000000  0.0000000000
-181.5840553775  3.1415926536  0.0000000000  0.0000000000  0.0000000000
-180.3274183161  3.1415926536  0.0000000000  0.0000000000  0.0000000000
-179.0707812546  3.1415926536  0.0000000000  0.0000000000  0.0000000000
-177.8141441932  3.1415926536  0.0000000000  0.0000000000  0.0000000000
-176.5575071317  3.1415926536  0.0000000000  0.0000000000  0.0000000000
-175.3008700703  3.1415926536  0.0000000000  0.0000000000  0.0000000000
-174.0442330089  3.1415926536  0.0000000000  0.0000000000  0.0000000000
-172.7875959474  3.1415926536  0.0000000000  0.0000000000  0.0000000000
-171.5309588860  3.1415926536  0.0000000000  0.0000000000  0.0000000000
-170.2743218246  3.1415926536  0.0000000000  0.0000000000  0.0000000000
-169.0176847631  3.1415926536  0.0000000000  0.0000000000  0.0000000000
-167.7610477017  3.1415926536  0.0000000000  0.0000000000  0.0000000000
-166.5044106403  3.1415926536  0.0000000000  0.0000000000  0.0000000000
-165.2477735788  3.1415926536  0.0000000000  0.0000000000  0.0000000000
-163.9911365174  3.1415926536  0.0000000000  0.0000000000  0.0000000000
-162.7344994560  3.1415926536  0.0000000000  0.0000000000  0.0000000000
-161.4778623945  3.1415926536  0.0000000000  0.0000000000  0.0000000000
-160.2212253331  3.1415926536  0.0000000000  0.0000000000  0.0000000000
-158.9645882716  3.1415926536  0.0000000000  0.0000000000  0.0000000000
-157.7079512102  3.1415926536  0.0000000000  0.0000000000  0.0000000000
-156.4513141488  3.1415926536  0.0000000000  0.0000000000  0.0000000000
-155.1946770873  3.1415926536  0.0000000000  0.0000000000  0.0000000000
-153.9380400259  3.1415926536  0.0000000000  0.0000000000  0.0000000000
-152.6814029645  3.1415926536  0.0000000000  0.0000000000  0.0000000000
-151.4247659030  3.1415926536  0.0000000000  0.0000000000  0.0000000000
-150.1681288416  3.1415926536  0.0000000000  0.0000000000  0.0000000000
-148.9114917802  3.1415926536  0.0000000000  0.0000000000  0.0000000000
-147.6548547187  3.1415926536  0.0000000000  0.0000000000  0.0000000000
-146.3982176573  3.1415926536  0.0000000000  0.0000000000  0.0000000000
-145.1415805958  3.1415926536  0.0000000000  0.0000000000  0.0000000000
-143.8849435344  3.1415926536  0.0000000000  0.0000000000  0.0000000000
-142.6283064730  3.1415926536  0.0000000000  0.0000000000  0.0000000000
-141.3716694115  3.1415926536  0.0000000000  0.0000000000  0.0000000000
-140.1150323501  3.1415926536  0.0000000000  0.0000000000  0.0000000000
-138.8583952887  3.1415926536  0.0000000000  0.0000000000  0.0000000000
-137.6017582272  3.1415926536  0.0000000000  0.0000000000  0.0000000000
-136.3451211658  3.1415926536  0.0000000000  0.0000000000  0.0000000000
-135.0884841044  3.1415926536  0.0000000000  0.0000000000  0.0000000000
-133.8318470429  3.1415926536  0.0000000000  0.0000000000  0.0000000000
-132.5752099815  3.1415926536  0.0000000000  0.0000000000  0.0000000000
-131.3185729201  3.1415926536  0.0000000000  0.0000000000  0.0000000000
-130.0619358586  3.1415926536  0.0000000000  0.0000000000  0.0000000000
-128.8052987972  3.1415926536  0.0000000000  0.0000000000  0.0000000000
-127.5486617357  3.1415926536  0.0000000000  0.0000000000  0.0000000000
-126.2920246743  3.1415926536  0.0000000000  0.0000000000  0.0000000000
-125.0353876129  3.1415926536  0.0000000000  0.0000000000  0.0000000000
-123.7787505514  3.1415926536  0.0000000000  0.0000000000  0.0000000000
-122.5221134900  3.1415926536  0.0000000000  0.0000000000  0.0000000000
-121.2654764286  3.1415926536  0.0000000000  0.0000000000  0.0000000000
-120.0088393671  3.1415926536  0.0000000000  0.0000000000  0.0000000000
-118.7522023057  3.1415926536  0.0000000000  0.0000000000  0.0000000000
-117.4955652443  3.1415926536  0.0000000000  0.0000000000  0.0000000000
-116.2389281828  3.1415926536  0.0000000000  0.0000000000  0.0000000000
-114.9822911214  3.1415926536  0.0000000000  0.0000000000  0.0000000000
-113.7256540600  3.1415926536  0.0000000000  0.0000000000  0.0000000000
-112.4690169985  3.1415926536  0.0000000000  0.0000000000  0.0000000000
-111.2123799371  3.1415926536  0.0000000000  0.0000000000  0.0000000000
-109.9557428756  3.1415926536  0.0000000000  0.0000000000  0.0000000000
-108.6991058142  3.1415926536  0.0000000000  0.0000000000  0.0000000000
-107.4424687528  3.1415926536  0.0000000000  0.0000000000  0.0000000000
-106.1858316913  3.1415926536  0.0000000000  0.0000000000  0.0000000000
-104.9291946299  3.1415926536  0.0000000000  0.0000000000  0.0000000000
-103.6725575685  3.1415926536  0.0000000000  0.0000000000  0.0000000000
-102.4159205070  3.1415926536  0.0000000000  0.0000000000  0.0000000000
-101.1592834456  3.1415926536  0.0000000000  0.0000000000  0.0000000000
-99.9026463842  3.1415926536  0.0000000000  0.0000000000  0.0000000000
-98.6460093227  3.1415926536  0.0000000000  0.0000000000  0.0000000000
-97.3893722613  3.1415926536  0.0000000000  0.0000000000  0.0000000000
-96.1327351998  3.1415926536  0.0000000000  0.0000000000  0.0000000000
-94.8760981384  3.1415926536  0.0000000000  0.0000000000  0.0000000000
-93.6194610770  3.1415926536  0.0000000000  0.0000000000  0.0000000000
-92.3628240155  3.1415926536  0.0000000000  0.0000000000  0.0000000000
-91.1061869541  3.1415926536  0.0000000000  0.0000000000  0.0000000000
-89.8495498927  3.1415926536  0.0000000000  0.0000000000  0.0000000000
-88.5929128312  3.1415926536  0.0000000000  0.0000000000  0.0000000000
-87.3362757698  3.1415926536  0.0000000000  0.0000000000  0.0000000000
-86.0796387084  3.1415926536  0.0000000000  0.0000000000  0.0000000000
-84.8230016469  3.1415926536  0.0000000000  0.0000000000  0.0000000000
-83.5663645855  3.1415926536  0.0000000000  0.0000000000  0.0000000000
-82.3097275241  3.1415926536  0.0000000000  0.0000000000  0.0000000000
-81.0530904626  3.1415926536  0.0000000000  0.0000000000  0.0000000000
-79.7964534012  3.1415926536  0.0000000000  0.0000000000  0.0000000000
-78.5398163397  3.1415926536  0.0000000000  0.0000000000  0.0000000000
-77.2831792783  3.1415926536  0.0000000000  0.0000000000  0.0000000000
-76.0265422169  3.1415926536  0.0000000000  0.0000000000  0.0000000000
-74.7699051554  3.1415926536  0.0000000000  0.0000000000  0.0000000000
-73.5132680940  3.1415926536  0.0000000000  0.0000000000  0.0000000000
-72.2566310326  3.1415926536  0.0000000000  0.0000000000  0.0000000000
-70.9999939711  3.1415926536  0.0000000000  0.0000000000  0.0000000000
-69.7433569097  3.1415926536  0.0000000000  0.0000000000  0.0000000000
-68.4867198483  3.1415926536  0.0000000000  0.0000000000  0.0000000000
-67.2300827868  3.1415926536  0.0000000000  0.0000000000  0.0000000000
-65.9734457254  3.1415926536  0.0000000000  0.0000000000  0.0000000000
-64.7168086639  3.1415926536  0.0000000000  0.0000000000  0.0000000000
-63.4601716025  3.1415926536  0.0000000000  0.0000000000  0.0000000000
-62.2035345411  3.1415926536  0.0000000000  0.0000000000  0.0000000000
-60.9468974796  3.1415926536  0.0000000000  0.0000000000  0.0000000000
-59.6902604182  3.1415926536  0.0000000000  0.0000000000  0.0000000000
-58.4336233568  3.1415926536  0.0000000000  0.0000000000  0.0000000000
-57.1769862953  3.1415926536  0.0000000000  0.0000000000  0.0000000000
-55.9203492339  3.1415926536  0.0000000000  0.0000000000  0.0000000000
-54.6637121725  3.1415926536  0.0000000000  0.0000000000  0.0000000000
-53.4070751110  3.1415926536  0.0000000000  0.0000000000  0.0000000000
-52.1504380496  3.1415926536  0.0000000000  0.0000000000  0.0000000000
-50.8938009882  3.1415926536  0.0000000000  0.0000000000  0.0000000000
-49.6371639267  3.1415926536  0.0000000000  0.0000000000  0.0000000000
-48.3805268653  3.1415926536  0.0000000000  0.0000000000  0.0000000000
-47.1238898038  3.1415926536  0.0000000000  0.0000000000  0.0000000000
-45.8672527424  3.1415926536  0.0000000000  0.0000000000  0.0000000000
-44.6106156810  3.1415926536  0.0000000000  0.0000000000  0.0000000000
-43.3539786195  3.1415926536  0.0000000000  0.0000000000  0.0000000000
-42.0973415581  3.1415926536  0.0000000000  0.0000000000  0.0000000000
-40.8407044967  3.1415926536  0.0000000000  0.0000000000  0.0000000000
-39.5840674352  3.1415926536  0.0000000000  0.0000000000  0.0000000000
-38.3274303738  3.1415926536  0.0000000000  0.0000000000  0.0000000000
-37.0707933124  3.1415926536  0.0000000000  0.0000000000  0.0000000000
-35.8141562509  3.1415926536  0.0000000000  0.0000000000  0.0000000000
-34.5575191895  3.1415926536  0.0000000000  0.0000000000  0.0000000000
-33.3008821281  3.1415926536  0.0000000000  0.0000000000  0.0000000000
-32.0442450666  3.1415926536  0.0000000000  0.0000000000  0.0000000000
-30.7876080052  3.1415926536  0.0000000000  0.0000000000  0.0000000000
-29.5309709437  3.1415926536  0.0000000000  0.0000000000  0.0000000000
-28.2743338823  3.1415926536  0.0000000000  0.0000000000  0.0000000000
-27.0176968209  3.1415926536  0.0000000000  0.0000000000  0.0000000000
-25.7610597594  3.1415926536  0.0000000000  0.0000000000  0.0000000000
-24.5044226980  3.1415926536  0.0000000000  0.0000000000  0.0000000000
-23.2477856366  3.1415926536  0.0000000000  0.0000000000  0.0000000000
-21.9911485751  3.1415926536  0.0000000000  0.0000000000  0.0000000000
-20.7345115137  3.1415926536  0.0000000000  0.0000000000  0.0000000000
-19.4778744523  3.1415926536  0.0000000000  0.0000000000  0.0000000000
-18.2212373908  3.1415926536  0.0000000000  0.0000000000  0.0000000000
-16.9646003294  3.1415926536  0.0000000000  0.0000000000  0.0000000000
-15.7079632679  3.1415926536  0.0000000000  0.0000000000  0.0000000000
-14.4513262065  3.1415926536  0.0000000000  0.0000000000  0.0000000000
-13.1946891451  3.1415926536  0.0000000000  0.0000000000  0.0000000000
-11.9380520836  3.1415926536  0.0000000000  0.0000000000  0.0000000000
-10.6814150222  3.1415926536  0.0000000000  0.0000000000  0.0000000000
-9.4247779608  3.1415926536  0.0000000000  0.0000000000  0.0000000000
-8.1681408993  3.1415926536  0.0000000000  0.0000000000  0.0000000000
-6.9115038379  3.1415926536  0.0000000000  0.0000000000  0.0000000000
-5.6548667765  3.1415926536  0.0000000000  0.0000000000  0.0000000000
-4.3982297150  3.1415926536  0.0000000000  0.0000000000  0.0000000000
-3.1415926536  3.1415926536  0.0000000000  0.0000000000  0.0000000000
-1.8849555922  3.1415926536  0.0000000000  0.0000000000  -0.0000000485
-0.6283185307  3.1415926536  0.0000000000  0.0000004197  0.0000000000
0.6283185307  3.1415926536  0.0000000000  0.0000000000  -0.9771237539
1.8849555922  3.1415926536  0.0000000000  -0.0000000000  -0.4659761065
3.1415926536  3.1415926536  0.0000000000  -0.0000000000  -0.3001476416
4.3982297150  3.1415926536  0.0000000000  -0.0000000000  -0.2199647114
5.6548667765  3.1415926536  0.0000000000  0.0000000000  -0.1731459919
6.9115038379  3.1415926536  0.0000000000  -0.0000000000  -0.1425909214
8.1681408993  3.1415926536  0.0000000000  0.0000000000  -0.1211279687
9.4247779608  3.1415926536  0.0000000000  0.0000000005  -0.1052443572
10.6814150222  3.1415926536  0.0000000000  0.0000000000  -0.0930238541
11.9380520836  3.1415926536  0.0000000000  -0.0000000007  -0.0833348106
13.1946891451  3.1415926536  0.0000000000  -0.0000000009  -0.0754668967
14.4513262065  3.1415926536  0.0000000000  -0.0000000005  -0.0689521585
15.7079632679  3.1415926536  0.0000000000  0.0000000000  -0.0634699708
16.9646003294  3.1415926536  0.0000000000  0.0000000006  -0.0587933904
18.2212373908  3.1415926536  0.0000000000  0.0000000010  -0.0547573251
19.4778744523  3.1415926536  0.0000000000  0.0000000013  -0.0512388372
20.7345115137  3.1415926536  0.0000000000  0.0000000015  -0.0481445144
21.9911485751  3.1415926536  0.0000000000  0.0000000015  -0.0454021186
23.2477856366  3.1415926536  0.0000000000  0.0000000014  -0.0429549147
24.5044226980  3.1415926536  0.0000000000  0.0000000013  -0.0407577282
25.7610597594  3.1415926536  0.0000000000  0.0000000011  -0.0387741456
27.0176968209  3.1415926536  0.0000000000  0.0000000009  -0.0369744909
28.2743338823  3.1415926536  0.0000000000  0.0000000007  -0.0353343375
29.5309709437  3.1415926536  0.0000000000  0.0000000005  -0.0338333972
30.7876080052  3.1415926536  0.0000000000  0.0000000003  -0.0324546805
32.0442450666  3.1415926536  0.0000000000  0.0000000002  -0.0311838522
33.3008821281  3.1415926536  0.0000000000  -0.0000000000  -0.0300087335
34.5575191895  3.1415926536  0.0000000000  -0.0000000001  -0.0289189107
35.8141562509  3.1415926536  0.0000000000  -0.0000000003  -0.0279054275
37.0707933124  3.1415926536  0.0000000000  -0.0000000004  -0.0269605383
38.3274303738  3.1415926536  0.0000000000  -0.0000000005  -0.0260775106
39.5840674352  3.1415926536  0.0000000000  -0.0000000006  -0.0252504647
40.8407044967  3.1415926536  0.0000000000  -0.0000000007  -0.0244742427
42.0973415581  3.1415926536  0.0000000000  -0.0000000008  -0.0237443015
43.3539786195  3.1415926536  0.0000000000  -0.0000000008  -0.0230566232
44.6106156810  3.1415926536  0.0000000000  -0.0000000009  -0.0224076420
45.8672527424  3.1415926536  0.0000000000  -0.0000000009  -0.0217941820
47.1238898038  3.1415926536  0.0000000000  -0.0000000010  -0.0212134056
48.3805268653  3.1415926536  0.0000000000  -0.0000000010  -0.0206627694
49.6371639267  3.1415926536  0.0000000000  -0.0000000010  -0.0201399872
50.8938009882  3.1415926536  0.0000000000  -0.0000000010  -0.0196429982
52.1504380496  3.1415926536  0.0000000000  -0.0000000011  -0.0191699400
53.4070751110  3.1415926536  0.0000000000  -0.0000000011  -0.0187191253
54.6637121725  3.1415926536  0.0000000000  -0.0000000011  -0.0182890215
55.9203492339  3.1415926536  0.0000000000  -0.0000000011  -0.0178782339
57.1769862953  3.1415926536  0.0000000000  -0.0000000011  -0.0174854901
58.4336233568  3.1415926536  0.0000000000  -0.0000000011  -0.0171096269
59.6902604182  3.1415926536  0.0000000000  -0.0000000011  -0.0167495793
60.9468974796  3.1415926536  0.0000000000  -0.0000000011  -0.0164043697
62.2035345411  3.1415926536  0.0000000000  -0.0000000011  -0.0160730997
63.4601716025  3.1415926536  0.0000000000  -0.0000000011  -0.0157549416
64.7168086639  3.1415926536  0.0000000000  -0.0000000011  -0.0154491324
65.9734457254  3.1415926536  0.0000000000  -0.0000000011  -0.0151549669
67.2300827868  3.1415926536  0.0000000000  -0.0000000011  -0.0148717925
68.4867198483  3.1415926536  0.0000000000  -0.0000000011  -0.0145990048
69.7433569097  3.1415926536  0.0000000000  -0.0000000011  -0.0143360425
70.9999939711  3.1415926536  0.0000000000  -0.0000000011  -0.0140823844
72.2566310326  3.1415926536  0.0000000000  -0.0000000010  -0.0138375452
73.5132680940  3.1415926536  0.0000000000  -0.0000000010  -0.0136010730
74.7699051554  3.1415926536  0.0000000000  -0.0000000010  -0.0133725462
76.0265422169  3.1415926536  0.0000000000  -0.0000000010  -0.0131515710
77.2831792783  3.1415926536  0.0000000000  -0.0000000010  -0.0129377791
78.5398163397  3.1415926536  0.0000000000  -0.0000000010  -0.0127308261
79.7964534012  3.1415926536  0.0000000000  -0.0000000010  -0.0125303889
81.0530904626  3.1415926536  0.0000000000  -0.0000000010  -0.0123361645
82.3097275241  3.1415926536  0.0000000000  -0.0000000010  -0.0121478687
83.5663645855  3.1415926536  0.0000000000  -0.0000000010  -0.0119652341
84.8230016469  3.1415926536  0.0000000000  -0.0000000010  -0.0117880091
86.0796387084  3.1415926536  0.0000000000  -0.0000000009  -0.0116159569
87.3362757698  3.1415926536  0.0000000000  -0.0000000009  -0.0114488544
88.5929128312  3.1415926536  0.0000000000  -0.0000000009  -0.0112864910
89.8495498927  3.1415926536  0.0000000000  -0.0000000009  -0.0111286679
91.1061869541  3.1415926536  0.0000000000  -0.0000000009  -0.0109751973
92.3628240155  3.1415926536  0.0000000000  -0.0000000009  -0.0108259017
93.6194610770  3.1415926536  0.0000000000  -0.0000000009  -0.0106806129
94.8760981384  3.1415926536  0.0000000000  -0.0000000009  -0.0105391719
96.1327351998  3.1415926536  0.0000000000  -0.0000000009  -0.0104014278
97.3893722613  3.1415926536  0.0000000000  -0.0000000009  -0.0102672375
98.6460093227  3.1415926536  0.0000000000  -0.0000000008  -0.0101364652
99.9026463842  3.1415926536  0.0000000000  -0.0000000008  -0.0100089820
101.1592834456  3.1415926536  0.0000000000  -0.0000000008  -0.0098846654
102.4159205070  3.1415926536  0.0000000000  -0.0000000008  -0.0097633989
103.6725575685  3.1415926536  0.0000000000  -0.0000000008  -0.0096450715
104.9291946299  3.1415926536  0.0000000000  -0.0000000008  -0.0095295777
106.1858316913  3.1415926536  0.0000000000  -0.0000000008  -0.0094168170
107.4424687528  3.1415926536  0.0000000000  -0.0000000008  -0.0093066933
108.6991058142  3.1415926536  0.0000000000  -0.0000000008  -0.0091991154
109.9557428756  3.1415926536  0.0000000000  -0.0000000008  -0.0090939960
111.2123799371  3.1415926536  0.0000000000  -0.0000000008  -0.0089912517
112.4690169985  3.1415926536  0.0000000000  -0.0000000008  -0.0088908029
113.7256540600  3.1415926536  0.0000000000  -0.0000000007  -0.0087925736
114.9822911214  3.1415926536  0.0000000000  -0.0000000007  -0.0086964910
116.2389281828  3.1415926536  0.0000000000  -0.0000000007  -0.0086024855
117.4955652443  3.1415926536  0.0000000000  -0.0000000007  -0.0085104905
118.7522023057  3.1415926536  0.0000000000  -0.0000000007  -0.0084204422
120.0088393671  3.1415926536  0.0000000000  -0.0000000007  -0.0083322794
121.2654764286  3.1415926536  0.0000000000  -0.0000000007  -0.0082459435
122.5221134900  3.1415926536  0.0000000000  -0.0000000007  -0.0081613783
123.7787505514  3.1415926536  0.0000000000  -0.0000000007  -0.0080785300
125.0353876129  3.1415926536  0.0000000000  -0.0000000007  -0.0079973467
126.2920246743  3.1415926536  0.0000000000  -0.0000000007  -0.0079177787
127.5486617357  3.1415926536  0.0000000000  -0.0000000007  -0.0078397784
128.8052987972  3.1415926536  0.0000000000  -0.0000000007  -0.0077632998
130.0619358586  3.1415926536  0.0000000000  -0.0000000007  -0.0076882988
131.3185729201  3.1415926536  0.0000000000  -0.0000000006  -0.0076147331
132.5752099815  3.1415926536  0.0000000000  -0.0000000006  -0.0075425618
133.8318470429  3.1415926536  0.0000000000  -0.0000000006  -0.0074717457
135.0884841044  3.1415926536  0.0000000000  -0.0000000006  -0.0074022469
136.3451211658  3.1415926536  0.0000000000  -0.0000000006  -0.0073340290
137.6017582272  3.1415926536  0.0000000000  -0.0000000006  -0.0072670570
138.8583952887  3.1415926536  0.0000000000  -0.0000000006  -0.0072012970
140.1150323501  3.1415926536  0.0000000000  -0.0000000006  -0.0071367164
141.3716694115  3.1415926536  0.0000000000  -0.0000000006  -0.0070732838
142.6283064730  3.1415926536  0.0000000000  -0.0000000006  -0.0070109688
143.8849435344  3.1415926536  0.0000000000  -0.0000000006  -0.0069497421
145.1415805958  3.1415926536  0.0000000000  -0.0000000006  -0.0068895755
146.3982176573  3.1415926536  0.0000000000  -0.0000000006  -0.0068304418
147.6548547187  3.1415926536  0.0000000000  -0.0000000006  -0.0067723144
148.9114917802  3.1415926536  0.0000000000  -0.0000000006  -0.0067151680
150.1681288416  3.1415926536  0.0000000000  -0.0000000006  -0.0066589780
151.4247659030  3.1415926536  0.0000000000  -0.0000000006  -0.0066037204
152.6814029645  3.1415926536  0.0000000000  -0.0000000006  -0.0065493724
153.9380400259  3.1415926536  0.0000000000  -0.0000000005  -0.0064959116
155.1946770873  3.1415926536  0.0000000000  -0.0000000005  -0.0064433164
156.4513141488  3.1415926536  0.0000000000  -0.0000000005  -0.0063915661
157.7079512102  3.1415926536  0.0000000000  -0.0000000005  -0.0063406404
158.9645882716  3.1415926536  0.0000000000  -0.0000000005  -0.0062905198
160.2212253331  3.1415926536  0.0000000000  -0.0000000005  -0.0062411853
161.4778623945  3.1415926536  0.0000000000  -0.0000000005  -0.0061926186
162.7344994560  3.1415926536  0.0000000000  -0.0000000005  -0.0061448019
163.9911365174  3.1415926536  0.0000000000  -0.0000000005  -0.0060977180
165.2477735788  3.1415926536  0.0000000000  -0.0000000005  -0.0060513501
166.5044106403  3.1415926536  0.0000000000  -0.0000000005  -0.0060056821
167.7610477017  3.1415926536  0.0000000000  -0.0000000005  -0.0059606981
169.0176847631  3.1415926536  0.0000000000  -0.0000000005  -0.0059163830
170.2743218246  3.1415926536  0.0000000000  -0.0000000005  -0.0058727220
171.5309588860  3.1415926536  0.0000000000  -0.0000000005  -0.0058297006
172.7875959474  3.1415926536  0.0000000000  -0.0000000005  -0.0057873050
174.0442330089  3.1415926536  0.0000000000  -0.0000000005  -0.0057455215
175.3008700703  3.1415926536  0.0000000000  -0.0000000005  -0.0057043370
176.5575071317  3.1415926536  0.0000000000  -0.0000000005  -0.0056637387
177.8141441932  3.1415926536  0.0000000000  -0.0000000005  -0.0056237142
179.0707812546  3.1415926536  0.0000000000  -0.0000000005  -0.0055842515
180.3274183161  3.1415926536  0.0000000000  -0.0000000005  -0.0055453386
181.5840553775  3.1415926536  0.0000000000  -0.0000000005  -0.0055069644
182.8406924389  3.1415926536  0.0000000000  -0.0000000005  -0.0054691175
184.0973295004  3.1415926536  0.0000000000  -0.0000000005  -0.0054317874
185.3539665618  3.1415926536  0.0000000000  -0.0000000005  -0.0053949633
186.6106036232  3.1415926536  0.0000000000  -0.0000000004  -0.0053586352
187.8672406847  3.1415926536  0.0000000000  -0.0000000004  -0.0053227930
189.1238777461  3.1415926536  0.0000000000  -0.0000000004  -0.0052874272
190.3805148075  3.1415926536  0.0000000000  -0.0000000004  -0.0052525281
191.6371518690  3.1415926536  0.0000000000  -0.0000000004  -0.0052180867
192.8937889304  3.1415926536  0.0000000000  -0.0000000004  -0.0051840941
194.1504259918  3.1415926536  0.0000000000  -0.0000000004  -0.0051505414
195.4070630533  3.1415926536  0.0000000000  -0.0000000004  -0.0051174203
196.6637001147  3.1415926536  0.0000000000  -0.0000000004  -0.0050847224
197.9203371762  3.1415926536  0.0000000000  -0.0000000004  -0.0050524397
199.1769742376  3.1415926536  0.0000000000  -0.0000000004  -0.0050205644
200.4336112990  3.1415926536  0.0000000000  -0.0000000004  -0.0049890887
201.6902483605  3.1415926536  0.0000000000  -0.0000000004  -0.0049580052
202.9468854219  3.1415926536  0.0000000000  -0.0000000004  -0.0049273066
204.2035224833  3.1415926536  0.0000000000  -0.0000000004  -0.0048969858
205.4601595448  3.1415926536  0.0000000000  -0.0000000004  -0.0048670359
206.7167966062  3.1415926536  0.0000000000  -0.0000000004  -0.0048374501
207.9734336676  3.1415926536  0.0000000000  -0.0000000004  -0.0048082218
209.2300707291  3.1415926536  0.0000000000  -0.0000000004  -0.0047793446
210.4867077905  3.1415926536  0.0000000000  -0.0000000004  -0.0047508122
211.7433448520  3.1415926536  0.0000000000  -0.0000000004  -0.0047226185
212.9999819134  3.1415926536  0.0000000000  -0.0000000004  -0.0046947573
214.2566189748  3.1415926536  0.0000000000  -0.0000000004  -0.0046672230
215.5132560363  3.1415926536  0.0000000000  -0.0000000004  -0.0046400098
216.7698930977  3.1415926536  0.0000000000  -0.0000000004  -0.0046131120
218.0265301591  3.1415926536  0.0000000000  -0.0000000004  -0.0045865244
219.2831672206  3.1415926536  0.0000000000  -0.0000000004  -0.0045602414
220.5398042820  3.1415926536  0.0000000000  -0.0000000004  -0.0045342579
221.7964413434  3.1415926536  0.0000000000  -0.0000000004  -0.0045085689
223.0530784049  3.1415926536  0.0000000000  -0.0000000004  -0.0044831693
224.3097154663  3.1415926536  0.0000000000  -0.0000000004  -0.0044580542
225.5663525277  3.1415926536  0.0000000000  -0.0000000004  -0.0044332190
226.8229895892  3.1415926536  0.0000000000  -0.0000000004  -0.0044086590
228.0796266506  3.1415926536  0.0000000000  -0.0000000004  -0.0043843696
229.3362637121  3.1415926536  0.0000000000  -0.0000000004  -0.0043603463
230.5929007735  3.1415926536  0.0000000000  -0.0000000004  -0.0043365849
231.8495378349  3.1415926536  0.0000000000  -0.0000000004  -0.0043130810
233.1061748964  3.1415926536  0.0000000000  -0.0000000004  -0.0042898306
234.3628119578  3.1415926536  0.0000000000  -0.0000000003  -0.0042668294
235.6194490192  3.1415926536  0.0000000000  -0.0000000003  -0.0042440736
236.8760860807  3.1415926536  0.0000000000  -0.0000000003  -0.0042215593
238.1327231421  3.1415926536  0.0000000000  -0.0000000003  -0.0041992825
239.3893602035  3.1415926536  0.0000000000  -0.0000000003  -0.0041772396
240.6459972650  3.1415926536  0.0000000000  -0.0000000003  -0.0041554269
241.9026343264  3.1415926536  0.0000000000  -0.0000000003  -0.0041338409
243.1592713878  3.1415926536  0.0000000000  -0.0000000003  -0.0041124779
244.4159084493  3.1415926536  0.0000000000  -0.0000000003  -0.0040913346
245.6725455107  3.1415926536  0.0000000000  -0.0000000003  -0.0040704076
246.9291825722  3.1415926536  0.0000000000  -0.0000000003  -0.0040496936
248.1858196336  3.1415926536  0.0000000000  -0.0000000003  -0.0040291893
249.4424566950  3.1415926536  0.0000000000  -0.0000000003  -0.0040088916
250.6990937565  3.1415926536  0.0000000000  -0.0000000003  -0.0039887974
251.9557308179  3.1415926536  0.0000000000  -0.0000000003  -0.0039689036
253.2123678793  3.1415926536  0.0000000000  -0.0000000003  -0.0039492073
254.4690049408  3.1415926536  0.0000000000  -0.0000000003  -0.0039297055
255.7256420022  3.1415926536  0.0000000000  -0.0000000003  -0.0039103954
256.9822790636  3.1415926536  0.0000000000  -0.0000000003  -0.0038912741
258.2389161251  3.1415926536  0.0000000000  -0.0000000003  -0.0038723389
259.4955531865  3.1415926536  0.0000000000  -0.0000000003  -0.0038535870
260.7521902480  3.1415926536  0.0000000000  -0.0000000003  -0.0038350159
262.0088273094  3.1415926536  0.0000000000  -0.0000000003  -0.0038166230
263.2654643708  3.1415926536  0.0000000000  -0.0000000003  -0.0037984056
264.5221014323  3.1415926536  0.0000000000  -0.0000000003  -0.0037803613
265.7787384937  3.1415926536  0.0000000000  -0.0000000003  -0.0037624877
267.0353755551  3.1415926536  0.0000000000  -0.0000000003  -0.0037447822
268.2920126166  3.1415926536  0.0000000000  -0.0000000003  -0.0037272426
269.5486496780  3.1415926536  0.0000000000  -0.0000000003  -0.0037098666
270.8052867394  3.1415926536  0.0000000000  -0.0000000003  -0.0036926518
272.0619238009  3.1415926536  0.0000000000  -0.0000000003  -0.0036755960
273.3185608623  3.1415926536  0.0000000000  -0.0000000003  -0.0036586971
274.5751979237  3.1415926536  0.0000000000  -0.0000000003  -0.0036419528
275.8318349852  3.1415926536  0.0000000000  -0.0000000003  -0.0036253611
277.0884720466  3.1415926536  0.0000000000  -0.0000000003  -0.0036089199
278.3451091081  3.1415926536  0.0000000000  -0.0000000003  -0.0035926271
279.6017461695  3.1415926536  0.0000000000  -0.0000000003  -0.0035764808
280.8583832309  3.1415926536  0.0000000000  -0.0000000003  -0.0035604789
282.1150202924  3.1415926536  0.0000000000  -0.0000000003  -0.0035446196
283.3716573538  3.1415926536  0.0000000000  -0.0000000003  -0.0035289010
284.6282944152  3.1415926536  0.0000000000  -0.0000000003  -0.0035133211
285.8849314767  3.1415926536  0.0000000000  -0.0000000003  -0.0034978783
287.1415685381  3.1415926536  0.0000000000  -0.0000000003  -0.0034825705
288.3982055995  3.1415926536  0.0000000000  -0.0000000003  -0.0034673962
289.6548426610  3.1415926536  0.0000000000  -0.0000000003  -0.0034523536
290.9114797224  3.1415926536  0.0000000000  -0.0000000003  -0.0034374409
292.1681167839  3.1415926536  0.0000000000  -0.0000000003  -0.0034226564
293.4247538453  3.1415926536  0.0000000000  -0.0000000003  -0.0034079986
294.6813909067  3.1415926536  0.0000000000  -0.0000000003  -0.0033934658
295.9380279682  3.1415926536  0.0000000000  -0.0000000003  -0.0033790565
297.1946650296  3.1415926536  0.0000000000  -0.0000000003  -0.0033647690
298.4513020910  3.1415926536  0.0000000000  -0.0000000003  -0.0033506018
299.7079391525  3.1415926536  0.0000000000  -0.0000000003  -0.0033365533
300.9645762139  3.1415926536  0.0000000000  -0.0000000003  -0.0033226223
302.2212132753  3.1415926536  0.0000000000  -0.0000000003  -0.0033088070
303.4778503368  3.1415926536  0.0000000000  -0.0000000003  -0.0032951062
304.7344873982  3.1415926536  0.0000000000  -0.0000000003  -0.0032815183
305.9911244596  3.1415926536  0.0000000000  -0.0000000003  -0.0032680421
307.2477615211  3.1415926536  0.0000000000  -0.0000000003  -0.0032546761
308.5043985825  3.1415926536  0.0000000000  -0.0000000003  -0.0032414189
309.7610356440  3.1415926536  0.0000000000  -0.0000000003  -0.0032282694
311.0176727054  3.1415926536  0.0000000000  -0.0000000003  -0.0032152261
312.2743097668  3.1415926536  0.0000000000  -0.0000000003  -0.0032022877
313.5309468283  3.1415926536  0.0000000000  -0.0000000003  -0.0031894531
314.7875838897  3.1415926536  0.0000000000  -0.0000000003  -0.0031767210
316.0442209511  3.1415926536  0.0000000000  -0.0000000003  -0.0031640901
317.3008580126  3.1415926536  0.0000000000  -0.0000000003  -0.0031515592
318.5574950740  3.1415926536  0.0000000000  -0.0000000003  -0.0031391272
319.8141321354  3.1415926536  0.0000000000  -0.0000000002  -0.0031267929
321.0707691969  3.1415926536  0.0000000000  -0.0000000002  -0.0031145551
322.3274062583  3.1415926536  0.0000000000  -0.0000000002  -0.0031024128
323.5840433197  3.1415926536  0.0000000000  -0.0000000002  -0.0030903648
324.8406803812  3.1415926536  0.0000000000  -0.0000000002  -0.0030784100
326.0973174426  3.1415926536  0.0000000000  -0.0000000002  -0.0030665473
327.3539545041  3.1415926536  0.0000000000  -0.0000000002  -0.0030547757
328.6105915655  3.1415926536  0.0000000000  -0.0000000002  -0.0030430941
329.8672286269  3.1415926536  0.0000000000  -0.0000000002  -0.0030315015
331.1238656884  3.1415926536  0.0000000000  -0.0000000002  -0.0030199969
332.3805027498  3.1415926536  0.0000000000  -0.0000000002  -0.0030085793
333.6371398112  3.1415926536  0.0000000000  -0.0000000002  -0.0029972477
334.8937768727  3.1415926536  0.0000000000  -0.0000000002  -0.0029860012
336.1504139341  3.1415926536  0.0000000000  -0.0000000002  -0.0029748387
337.4070509955  3.1415926536  0.0000000000  -0.0000000002  -0.0029637594
338.6636880570  3.1415926536  0.0000000000  -0.0000000002  -0.0029527623
339.9203251184  3.1415926536  0.0000000000  -0.0000000002  -0.0029418465
341.1769621799  3.1415926536  0.0000000000  -0.0000000002  -0.0029310111
342.4335992413  3.1415926536  0.0000000000  -0.0000000002  -0.0029202552
343.6902363027  3.1415926536  0.0000000000  -0.0000000002  -0.0029095780
344.9468733642  3.1415926536  0.0000000000  -0.0000000002  -0.0028989786
346.2035104256  3.1415926536  0.0000000000  -0.0000000002  -0.0028884561
347.4601474870  3.1415926536  0.0000000000  -0.0000000002  -0.0028780098
348.7167845485  3.1415926536  0.0000000000  -0.0000000002  -0.0028676387
349.9734216099  3.1415926536  0.0000000000  -0.0000000002  -0.0028573421
351.2300586713  3.1415926536  0.0000000000  -0.0000000002  -0.0028471192
352.4866957328  3.1415926536  0.0000000000  -0.0000000002  -0.0028369691
353.7433327942  3.1415926536  0.0000000000  -0.0000000002  -0.0028268912
354.9999698556  3.1415926536  0.0000000000  -0.0000000002  -0.0028168846
356.2566069171  3.1415926536  0.0000000000  -0.0000000002  -0.0028069487
357.5132439785  3.1415926536  0.0000000000  -0.0000000002  -0.0027970825
358.7698810400  3.1415926536  0.0000000000  -0.0000000002  -0.0027872855
360.0265181014  3.1415926536  0.0000000000  -0.0000000002  -0.0027775569
361.2831551628  3.1415926536  0.0000000000  -0.0000000002  -0.0027678959
362.5397922243  3.1415926536  0.0000000000  -0.0000000002  -0.0027583019
363.7964292857  3.1415926536  0.0000000000  -0.0000000002  -0.0027487742
365.0530663471  3.1415926536  0.0000000000  -0.0000000002  -0.0027393121
366.3097034086  3.1415926536  0.0000000000  -0.0000000002  -0.0027299149
367.5663404700  3.1415926536  0.0000000000  -0.0000000002  -0.0027205820
368.8229775314  3.1415926536  0.0000000000  -0.0000000002  -0.0027113127
370.0796145929  3.1415926536  0.0000000000  -0.0000000002  -0.0027021063
371.3362516543  3.1415926536  0.0000000000  -0.0000000002  -0.0026929622
372.5928887157  3.1415926536  0.0000000000  -0.0000000002  -0.0026838798
373.8495257772  3.1415926536  0.0000000000  -0.0000000002  -0.0026748584
375.1061628386  3.1415926536  0.0000000000  -0.0000000002  -0.0026658975
376.3627999001  3.1415926536  0.0000000000  -0.0000000002  -0.0026569965
377.6194369615  3.1415926536  0.0000000000  -0.0000000002  -0.0026481546
378.8760740229  3.1415926536  0.0000000000  -0.0000000002  -0.0026393715
380.1327110844  3.1415926536  0.0000000000  -0.0000000002  -0.0026306464
381.3893481458  3.1415926536  0.0000000000  -0.0000000002  -0.0026219788
382.6459852072  3.1415926536  0.0000000000  -0.0000000002  -0.0026133681
383.9026222687  3.1415926536  0.0000000000  -0.0000000002  -0.0026048138
385.1592593301  3.1415926536  0.0000000000  -0.0000000002  -0.0025963153
386.4158963915  3.1415926536  0.0000000000  -0.0000000002  -0.0025878721
387.6725334530  3.1415926536  0.0000000000  -0.0000000002  -0.0025794836
388.9291705144  3.1415926536  0.0000000000  -0.0000000002  -0.0025711493
390.1858075759  3.1415926536  0.0000000000  -0.0000000002  -0.0025628687
391.4424446373  3.1415926536  0.0000000000  -0.0000000002  -0.0025546413
392.6990816987  3.1415926536  0.0000000000  -0.0000000002  -0.0025464665
393.9557187602  3.1415926536  0.0000000000  -0.0000000002  -0.0025383439
395.2123558216  3.1415926536  0.0000000000  -0.0000000002  -0.0025302729
396.4689928830  3.1415926536  0.0000000000  -0.0000000002  -0.0025222531
397.7256299445  3.1415926536  0.0000000000  -0.0000000002  -0.0025142840
398.9822670059  3.1415926536  0.0000000000  -0.0000000002  -0.0025063651
400.2389040673  3.1415926536  0.0000000000  -0.0000000002  -0.0024984959
401.4955411288  3.1415926536  0.0000000000  -0.0000000002  -0.0024906759
402.7521781902  3.1415926536  0.0000000000  -0.0000000002  -0.0024829048
404.0088152516  3.1415926536  0.0000000000  -0.0000000002  -0.0024751820
405.2654523131  3.1415926536  0.0000000000  -0.0000000002  -0.0024675071
406.5220893745  3.1415926536  0.0000000000  -0.0000000002  -0.0024598796
407.7787264360  3.1415926536  0.0000000000  -0.0000000002  -0.0024522991
409.0353634974  3.1415926536  0.0000000000  -0.0000000002  -0.0024447653
410.2920005588  3.1415926536  0.0000000000  -0.0000000002  -0.0024372775
411.5486376203  3.1415926536  0.0000000000  -0.0000000002  -0.0024298355
412.8052746817  3.1415926536  0.0000000000  -0.0000000002  -0.0024224388
414.0619117431  3.1415926536  0.0000000000  -0.0000000002  -0.0024150870
415.3185488046  3.1415926536  0.0000000000  -0.0000000002  -0.0024077797
416.5751858660  3.1415926536  0.0000000000  -0.0000000002  -0.0024005165
417.8318229274  3.1415926536  0.0000000000  -0.0000000002  -0.0023932970
419.0884599889  3.1415926536  0.0000000000  -0.0000000002  -0.0023861207
420.3450970503  3.1415926536  0.0000000000  -0.0000000002  -0.0023789874
421.6017341118  3.1415926536  0.0000000000  -0.0000000002  -0.0023718966
422.8583711732  3.1415926536  0.0000000000  -0.0000000002  -0.0023648479
424.1150082346  3.1415926536  0.0000000000  -0.0000000002  -0.0023578410
425.3716452961  3.1415926536  0.0000000000  -0.0000000002  -0.0023508755
426.6282823575  3.1415926536  0.0000000000  -0.0000000002  -0.0023439511
427.8849194189  3.1415926536  0.0000000000  -0.0000000002  -0.0023370673
429.1415564804  3.1415926536  0.0000000000  -0.0000000002  -0.0023302238
430.3981935418  3.1415926536  0.0000000000  -0.0000000002  -0.0023234203
431.6548306032  3.1415926536  0.0000000000  -0.0000000002  -0.0023166564
432.9114676647  3.1415926536  0.0000000000  -0.0000000002  -0.0023099317
434.1681047261  3.1415926536  0.0000000000  -0.0000000002  -0.0023032460
435.4247417875  3.1415926536  0.0000000000  -0.0000000002  -0.0022965989
436.6813788490  3.1415926536  0.0000000000  -0.0000000002  -0.0022899900
437.9380159104  3.1415926536  0.0000000000  -0.0000000002  -0.0022834191
439.1946529719  3.1415926536  0.0000000000  -0.0000000002  -0.0022768858
440.4512900333  3.1415926536  0.0000000000  -0.0000000002  -0.0022703897
441.7079270947  3.1415926536  0.0000000000  -0.0000000002  -0.0022639306
442.9645641562  3.1415926536  0.0000000000  -0.0000000002  -0.0022575082
444.2212012176  3.1415926536  0.0000000000  -0.0000000002  -0.0022511221
445.4778382790  3.1415926536  0.0000000000  -0.0000000002  -0.0022447720
446.7344753405  3.1415926536  0.0000000000  -0.0000000002  -0.0022384576
447.9911124019  3.1415926536  0.0000000000  -0.0000000002  -0.0022321787
449.2477494633  3.1415926536  0.0000000000  -0.0000000002  -0.0022259349
450.5043865248  3.1415926536  0.0000000000  -0.0000000002  -0.0022197259
451.7610235862  3.1415926536  0.0000000000  -0.0000000002  -0.0022135515
453.0176606476  3.1415926536  0.0000000000  -0.0000000002  -0.0022074113
454.2742977091  3.1415926536  0.0000000000  -0.0000000002  -0.0022013051
455.5309347705  3.1415926536  0.0000000000  -0.0000000002  -0.0021952325
456.7875718320  3.1415926536  0.0000000000  -0.0000000002  -0.0021891934
458.0442088934  3.1415926536  0.0000000000  -0.0000000002  -0.0021831875
459.3008459548  3.1415926536  0.0000000000  -0.0000000002  -0.0021772143
460.5574830163  3.1415926536  0.0000000000  -0.0000000002  -0.0021712738
461.8141200777  3.1415926536  0.0000000000  -0.0000000002  -0.0021653656
463.0707571391  3.1415926536  0.0000000000  -0.0000000002  -0.0021594895
464.3273942006  3.1415926536  0.0000000000  -0.0000000002  -0.0021536452
465.5840312620  3.1415926536  0.0000000000  -0.0000000002  -0.0021478324
466.8406683234  3.1415926536  0.0000000000  -0.0000000002  -0.0021420510
468.0973053849  3.1415926536  0.0000000000  -0.0000000002  -0.0021363005
469.3539424463  3.1415926536  0.0000000000  -0.0000000002  -0.0021305809
470.6105795078  3.1415926536  0.0000000000  -0.0000000002  -0.0021248918
471.8672165692  3.1415926536  0.0000000000  -0.0000000002  -0.0021192330
473.1238536306  3.1415926536  0.0000000000  -0.0000000002  -0.0021136043
474.3804906921  3.1415926536  0.0000000000  -0.0000000002  -0.0021080054
475.6371277535  3.1415926536  0.0000000000  -0.0000000002  -0.0021024360
476.8937648149  3.1415926536  0.0000000000  -0.0000000002  -0.0020968961
478.1504018764  3.1415926536  0.0000000000  -0.0000000002  -0.0020913852
479.4070389378  3.1415926536  0.0000000000  -0.0000000002  -0.0020859032
480.6636759992  3.1415926536  0.0000000000  -0.0000000002  -0.0020804499
481.9203130607  3.1415926536  0.0000000000  -0.0000000002  -0.0020750251
483.1769501221  3.1415926536  0.0000000000  -0.0000000002  -0.0020696284
484.4335871835  3.1415926536  0.0000000000  -0.0000000002  -0.0020642598
485.6902242450  3.1415926536  0.0000000000  -0.0000000002  -0.0020589189
486.9468613064  3.1415926536  0.0000000000  -0.0000000002  -0.0020536056
488.2034983679  3.1415926536  0.0000000000  -0.0000000002  -0.0020483196
489.4601354293  3.1415926536  0.0000000000  -0.0000000002  -0.0020430608
490.7167724907  3.1415926536  0.0000000000  -0.0000000002  -0.0020378289
491.9734095522  3.1415926536  0.0000000000  -0.0000000002  -0.0020326238
493.2300466136  3.1415926536  0.0000000000  -0.0000000002  -0.0020274452
494.4866836750  3.1415926536  0.0000000000  -0.0000000002  -0.0020222929
495.7433207365  3.1415926536  0.0000000000  -0.0000000002  -0.0020171667
496.9999577979  3.1415926536  0.0000000000  -0.0000000002  -0.0020120664
498.2565948593  3.1415926536  0.0000000000  -0.0000000002  -0.0020069919
499.5132319208  3.1415926536  0.0000000000  -0.0000000002  -0.0020019429
500.7698689822  3.1415926536  0.0000000000  -0.0000000002  -0.0019969192
502.0265060436  3.1415926536  0.0000000000  -0.0000000002  -0.0019919207
503.2831431051  3.1415926536  0.0000000000  -0.0000000002  -0.0019869471
504.5397801665  3.1415926536  0.0000000000  -0.0000000002  -0.0019819983
505.7964172280  3.1415926536  0.0000000000  -0.0000000002  -0.0019770742
507.0530542894  3.1415926536  0.0000000000  -0.0000000002  -0.0019721744
508.3096913508  3.1415926536  0.0000000000  -0.0000000002  -0.0019672988
509.5663284123  3.1415926536  0.0000000000  -0.0000000002  -0.0019624473
510.8229654737  3.1415926536  0.0000000000  -0.0000000002  -0.0019576197
512.0796025351  3.1415926536  0.0000000000  -0.0000000002  -0.0019528157
513.3362395966  3.1415926536  0.0000000000  -0.0000000002  -0.0019480353
514.5928766580  3.1415926536  0.0000000000  -0.0000000001  -0.0019432782
515.8495137194  3.1415926536  0.0000000000  -0.0000000001  -0.0019385443
517.1061507809  3.1415926536  0.0000000000  -0.0000000001  -0.0019338334
518.3627878423  3.1415926536  0.0000000000  -0.0000000001  -0.0019291454
519.6194249038  3.1415926536  0.0000000000  -0.0000000001  -0.0019244800
520.8760619652  3.1415926536  0.0000000000  -0.0000000001  -0.0019198371
522.1326990266  3.1415926536  0.0000000000  -0.0000000001  -0.0019152166
523.3893360881  3.1415926536  0.0000000000  -0.0000000001  -0.0019106183
524.6459731495  3.1415926536  0.0000000000  -0.0000000001  -0.0019060420
525.9026102109  3.1415926536  0.0000000000  -0.0000000001  -0.0019014875
527.1592472724  3.1415926536  0.0000000000  -0.0000000001  -0.0018969548
528.4158843338  3.1415926536  0.0000000000  -0.0000000001  -0.0018924436
529.6725213952  3.1415926536  0.0000000000  -0.0000000001  -0.0018879539
530.9291584567  3.1415926536  0.0000000000  -0.0000000001  -0.0018834854
532.1857955181  3.1415926536  0.0000000000  -0.0000000001  -0.0018790380
533.4424325795  3.1415926536  0.0000000000  -0.0000000001  -0.0018746115
534.6990696410  3.1415926536  0.0000000000  -0.0000000001  -0.0018702059
535.9557067024  3.1415926536  0.0000000000  -0.0000000001  -0.0018658209
537.2123437639  3.1415926536  0.0000000000  -0.0000000001  -0.0018614564
538.4689808253  3.1415926536  0.0000000000  -0.0000000001  -0.0018571123
539.7256178867  3.1415926536  0.0000000000  -0.0000000001  -0.0018527884
540.9822549482  3.1415926536  0.0000000000  -0.0000000001  -0.0018484847
542.2388920096  3.1415926536  0.0000000000  -0.0000000001  -0.0018442008
543.4955290710  3.1415926536  0.0000000000  -0.0000000001  -0.0018399368
544.7521661325  3.1415926536  0.0000000000  -0.0000000001  -0.0018356924
546.0088031939  3.1415926536  0.0000000000  -0.0000000001  -0.0018314676
547.2654402553  3.1415926536  0.0000000000  -0.0000000001  -0.0018272622
548.5220773168  3.1415926536  0.0000000000  -0.0000000001  -0.0018230761
549.7787143782  3.1415926536  0.0000000000  -0.0000000001  -0.0018189091
551.0353514396  3.1415926536  0.0000000000  -0.0000000001  -0.0018147610
552.2919885011  3.1415926536  0.0000000000  -0.0000000001  -0.0018106319
553.5486255625  3.1415926536  0.0000000000  -0.0000000001  -0.0018065215
554.8052626240  3.1415926536  0.0000000000  -0.0000000001  -0.0018024298
556.0618996854  3.1415926536  0.0000000000  -0.0000000001  -0.0017983565
557.3185367468  3.1415926536  0.0000000000  -0.0000000001  -0.0017943016
558.5751738083  3.1415926536  0.0000000000  -0.0000000001  -0.0017902650
559.8318108697  3.1415926536  0.0000000000  -0.0000000001  -0.0017862464
561.0884479311  3.1415926536  0.0000000000  -0.0000000001  -0.0017822459
562.3450849926  3.1415926536  0.0000000000  -0.0000000001  -0.0017782632
563.6017220540  3.1415926536  0.0000000000  -0.0000000001  -0.0017742983
564.8583591154  3.1415926536  0.0000000000  -0.0000000001  -0.0017703511
566.1149961769  3.1415926536  0.0000000000  -0.0000000001  -0.0017664214
567.3716332383  3.1415926536  0.0000000000  -0.0000000001  -0.0017625090
568.6282702998  3.1415926536  0.0000000000  -0.0000000001  -0.0017586140
569.8849073612  3.1415926536  0.0000000000  -0.0000000001  -0.0017547362
571.1415444226  3.1415926536  0.0000000000  -0.0000000001  -0.0017508754
572.3981814841  3.1415926536  0.0000000000  -0.0000000001  -0.0017470315
573.6548185455  3.1415926536  0.0000000000  -0.0000000001  -0.0017432045
574.9114556069  3.1415926536  0.0000000000  -0.0000000001  -0.0017393943
576.1680926684  3.1415926536  0.0000000000  -0.0000000001  -0.0017356006
577.4247297298  3.1415926536  0.0000000000  -0.0000000001  -0.0017318235
578.6813667912  3.1415926536  0.0000000000  -0.0000000001  -0.0017280628
579.9380038527  3.1415926536  0.0000000000  -0.0000000001  -0.0017243183
581.1946409141  3.1415926536  0.0000000000  -0.0000000001  -0.0017205901
582.4512779755  3.1415926536  0.0000000000  -0.0000000001  -0.0017168779
583.7079150370  3.1415926536  0.0000000000  -0.0000000001  -0.0017131818
584.9645520984  3.1415926536  0.0000000000  -0.0000000001  -0.0017095015
586.2211891599  3.1415926536  0.0000000000  -0.0000000001  -0.0017058370
587.4778262213  3.1415926536  0.0000000000  -0.0000000001  -0.0017021881
588.7344632827  3.1415926536  0.0000000000  -0.0000000001  -0.0016985549
589.9911003442  3.1415926536  0.0000000000  -0.0000000001  -0.0016949371
591.2477374056  3.1415926536  0.0000000000  -0.0000000001  -0.0016913347
592.5043744670  3.1415926536  0.0000000000  -0.0000000001  -0.0016877476
593.7610115285  3.1415926536  0.0000000000  -0.0000000001  -0.0016841757
595.0176485899  3.1415926536  0.0000000000  -0.0000000001  -0.0016806188
596.2742856513  3.1415926536  0.0000000000  -0.0000000001  -0.0016770769
597.5309227128  3.1415926536  0.0000000000  -0.0000000001  -0.0016735500
598.7875597742  3.1415926536  0.0000000000  -0.0000000001  -0.0016700378
600.0441968357  3.1415926536  0.0000000000  -0.0000000001  -0.0016665404
601.3008338971  3.1415926536  0.0000000000  -0.0000000001  -0.0016630576
602.5574709585  3.1415926536  0.0000000000  -0.0000000001  -0.0016595893
603.8141080200  3.1415926536  0.0000000000  -0.0000000001  -0.0016561354
605.0707450814  3.1415926536  0.0000000000  -0.0000000001  -0.0016526959
606.3273821428  3.1415926536  0.0000000000  -0.0000000001  -0.0016492706
607.5840192043  3.1415926536  0.0000000000  -0.0000000001  -0.0016458595
608.8406562657  3.1415926536  0.0000000000  -0.0000000001  -0.0016424625
610.0972933271  3.1415926536  0.0000000000  -0.0000000001  -0.0016390795
611.3539303886  3.1415926536  0.0000000000  -0.0000000001  -0.0016357104
612.6105674500  3.1415926536  0.0000000000  -0.0000000001  -0.0016323551
613.8672045114  3.1415926536  0.0000000000  -0.0000000001  -0.0016290135
615.1238415729  3.1415926536  0.0000000000  -0.0000000001  -0.0016256856
616.3804786343  3.1415926536  0.0000000000  -0.0000000001  -0.0016223713
617.6371156958  3.1415926536  0.0000000000  -0.0000000001  -0.0016190705
618.8937527572  3.1415926536  0.0000000000  -0.0000000001  -0.0016157830
620.1503898186  3.1415926536  0.0000000000  -0.0000000001  -0.0016125089
621.4070268801  3.1415926536  0.0000000000  -0.0000000001  -0.0016092480
622.6636639415  3.1415926536  0.0000000000  -0.0000000001  -0.0016060003
623.9203010029  3.1415926536  0.0000000000  -0.0000000001  -0.0016027657
625.1769380644  3.1415926536  0.0000000000  -0.0000000001  -0.0015995441
626.4335751258  3.1415926536  0.0000000000  -0.0000000001  -0.0015963353
627.6902121872  3.1415926536  0.0000000000  -0.0000000001  -0.0015931395
628.9468492487  3.1415926536  0.0000000000  0.0000000000  0.0000000000
-627.6902121872  3.1415926536  3.1415926536  0.0000000000  0.0000000000
-626.4335751258  3.1415926536  3.1415926536  0.0000000000  0.0000000000
-625.1769380644  3.1415926536  3.1415926536  0.0000000000  0.0000000000
-623.9203010029  3.1415926536  3.1415926536  0.0000000000  0.0000000000
-622.6636639415  3.1415926536  3.1415926536  0.0000000000  0.0000000000
-621.4070268801  3.1415926536  3.1415926536  0.0000000000  0.0000000000
-620.1503898186  3.1415926536  3.1415926536  0.0000000000  0.0000000000
-618.8937527572  3.1415926536  3.1415926536  0.0000000000  0.0000000000
-617.6371156958  3.1415926536  3.1415926536  0.0000000000  0.0000000000
-616.3804786343  3.1415926536  3.1415926536  0.0000000000  0.0000000000
-615.1238415729  3.1415926536  3.1415926536  0.0000000000  0.0000000000
-613.8672045114  3.1415926536  3.1415926536  0.0000000000  0.0000000000
-612.6105674500  3.1415926536  3.1415926536  0.0000000000  0.0000000000
-611.3539303886  3.1415926536  3.1415926536  0.0000000000  0.0000000000
-610.0972933271  3.1415926536  3.1415926536  0.0000000000  0.0000000000
-608.8406562657  3.1415926536  3.1415926536  0.0000000000  0.0000000000
-607.5840192043  3.1415926536  3.1415926536  0.0000000000  0.0000000000
-606.3273821428  3.1415926536  3.1415926536  0.0000000000  0.0000000000
-605.0707450814  3.1415926536  3.1415926536  0.0000000000  0.0000000000
-603.8141080200  3.1415926536  3.1415926536  0.0000000000  0.0000000000
-602.5574709585  3.1415926536  3.1415926536  0.0000000000  0.0000000000
-601.3008338971  3.1415926536  3.1415926536  0.0000000000  0.0000000000
-600.0441968357  3.1415926536  3.1415926536  0.0000000000  0.0000000000
-598.7875597742  3.1415926536  3.1415926536  0.0000000000  0.0000000000
-597.5309227128  3.1415926536  3.1415926536  0.0000000000  0.0000000000
-596.2742856513  3.1415926536  3.1415926536  0.0000000000  0.0000000000
-595.0176485899  3.1415926536  3.1415926536  0.0000000000  0.0000000000
-593.7610115285  3.1415926536  3.1415926536  0.0000000000  0.0000000000
-592.5043744670  3.1415926536  3.1415926536  0.0000000000  0.0000000000
-591.2477374056  3.1415926536  3.1415926536  0.0000000000  0.0000000000
-589.9911003442  3.1415926536  3.1415926536  0.0000000000  0.0000000000
-588.7344632827  3.1415926536  3.1415926536  0.0000000000  0.0000000000
-587.4778262213  3.1415926536  3.1415926536  0.0000000000  0.0000000000
-586.2211891599  3.1415926536  3.1415926536  0.0000000000  0.0000000000
-584.9645520984  3.1415926536  3.1415926536  0.0000000000  0.0000000000
-583.7079150370  3.1415926536  3.1415926536  0.0000000000  0.0000000000
-582.4512779755  3.1415926536  3.1415926536  0.0000000000  0.0000000000
-581.1946409141  3.1415926536  3.1415926536  0.0000000000  0.0000000000
-579.9380038527  3.1415926536  3.1415926536  0.0000000000  0.0000000000
-578.6813667912  3.1415926536  3.1415926536  0.0000000000  0.0000000000
-577.4247297298  3.1415926536  3.1415926536  0.0000000000  0.0000000000
-576.1680926684  3.1415926536  3.1415926536  0.0000000000  0.0000000000
-574.9114556069  3.1415926536  3.1415926536  0.0000000000  0.0000000000
-573.6548185455  3.1415926536  3.1415926536  0.0000000000  0.0000000000
-572.3981814841  3.1415926536  3.1415926536  0.0000000000  0.0000000000
-571.1415444226  3.1415926536  3.1415926536  0.0000000000  0.0000000000
-569.8849073612  3.1415926536  3.1415926536  0.0000000000  0.0000000000
-568.6282702998  3.1415926536  3.1415926536  0.0000000000  0.0000000000
-567.3716332383  3.1415926536  3.1415926536  0.0000000000  0.0000000000
-566.1149961769  3.1415926536  3.1415926536  0.0000000000  0.0000000000
-564.8583591154  3.1415926536  3.1415926536  0.0000000000  0.0000000000
-563.6017220540  3.1415926536  3.1415926536  0.0000000000  0.0000000000
-562.3450849926  3.1415926536  3.1415926536  0.0000000000  0.0000000000
-561.0884479311  3.1415926536  3.1415926536  0.0000000000  0.0000000000
-559.8318108697  3.1415926536  3.1415926536  0.0000000000  0.0000000000
-558.5751738083  3.1415926536  3.1415926536  0.0000000000  0.0000000000
-557.3185367468  3.1415926536  3.1415926536  0.0000000000  0.0000000000
-556.0618996854  3.1415926536  3.1415926536  0.0000000000  0.0000000000
-554.8052626240  3.1415926536  3.1415926536  0.0000000000  0.0000000000
-553.5486255625  3.1415926536  3.1415926536  0.0000000000  0.0000000000
-552.2919885011  3.1415926536  3.1415926536  0.0000000000  0.0000000000
-551.0353514396  3.1415926536  3.1415926536  0.0000000000  0.0000000000
-549.7787143782  3.1415926536  3.1415926536  0.0000000000  0.0000000000
-548.5220773168  3.1415926536  3.1415926536  0.0000000000  0.0000000000
-547.2654402553  3.1415926536  3.1415926536  0.0000000000  0.0000000000
-546.0088031939  3.1415926536  3.1415926536  0.0000000000  0.0000000000
-544.7521661325  3.1415926536  3.1415926536  0.0000000000  0.0000000000
-543.4955290710  3.1415926536  3.1415926536  0.0000000000  0.0000000000
-542.2388920096  3.1415926536  3.1415926536  0.0000000000  0.0000000000
-540.9822549482  3.1415926536  3.1415926536  0.0000000000  0.0000000000
-539.7256178867  3.1415926536  3.1415926536  0.0000000000  0.0000000000
-538.4689808253  3.1415926536  3.1415926536  0.0000000000  0.0000000000
-537.2123437639  3.1415926536  3.1415926536  0.0000000000  0.0000000000
-535.9557067024  3.1415926536  3.1415926536  0.0000000000  0.0000000000
-534.6990696410  3.1415926536  3.1415926536  0.0000000000  0.0000000000
-533.4424325795  3.1415926536  3.1415926536  0.0000000000  0.0000000000
-532.1857955181  3.1415926536  3.1415926536  0.0000000000  0.0000000000
-530.9291584567  3.1415926536  3.1415926536  0.0000000000  0.0000000000
-529.6725213952  3.1415926536  3.1415926536  0.0000000000  0.0000000000
-528.4158843338  3.1415926536  3.1415926536  0.0000000000  0.0000000000
-527.1592472724  3.1415926536  3.1415926536  0.0000000000  0.0000000000
-525.9026102109  3.1415926536  3.1415926536  0.0000000000  0.0000000000
-524.6459731495  3.1415926536  3.1415926536  0.0000000000  0.0000000000
-523.3893360881  3.1415926536  3.1415926536  0.0000000000  0.0000000000
-522.1326990266  3.1415926536  3.1415926536  0.0000000000  0.0000000000
-520.8760619652  3.1415926536  3.1415926536  0.0000000000  0.0000000000
-519.6194249038  3.1415926536  3.1415926536  0.0000000000  0.0000000000
-518.3627878423  3.1415926536  3.1415926536  0.0000000000  0.0000000000
-517.1061507809  3.1415926536  3.1415926536  0.0000000000  0.0000000000
-515.8495137194  3.1415926536  3.1415926536  0.0000000000  0.0000000000
-514.5928766580  3.1415926536  3.1415926536  0.0000000000  0.0000000000
-513.3362395966  3.1415926536  3.1415926536  0.0000000000  0.0000000000
-512.0796025351  3.1415926536  3.1415926536  0.0000000000  0.0000000000
-510.8229654737  3.1415926536  3.1415926536  0.0000000000  0.0000000000
-509.5663284123  3.1415926536  3.1415926536  0.0000000000  0.0000000000
-508.3096913508  3.1415926536  3.1415926536  0.0000000000  0.0000000000
-507.0530542894  3.1415926536  3.1415926536  0.0000000000  0.0000000000
-505.7964172280  3.1415926536  3.1415926536  0.0000000000  0.0000000000
-504.5397801665  3.1415926536  3.1415926536  0.0000000000  0.0000000000
-503.2831431051  3.1415926536  3.1415926536  0.0000000000  0.0000000000
-502.0265060436  3.1415926536  3.1415926536  0.0000000000  0.0000000000
-500.7698689822  3.1415926536  3.1415926536  0.0000000000  0.0000000000
-499.5132319208  3.1415926536  3.1415926536  0.0000000000  0.0000000000
-498.2565948593  3.1415926536  3.1415926536  0.0000000000  0.0000000000
-496.9999577979  3.1415926536  3.1415926536  0.0000000000  0.0000000000
-495.7433207365  3.1415926536  3.1415926536  0.0000000000  0.0000000000
-494.4866836750  3.1415926536  3.1415926536  0.0000000000  0.0000000000
-493.2300466136  3.1415926536  3.1415926536  0.0000000000  0.0000000000
-491.9734095522  3.1415926536  3.1415926536  0.0000000000  0.0000000000
-490.7167724907  3.1415926536  3.1415926536  0.0000000000  0.0000000000
-489.4601354293  3.1415926536  3.1415926536  0.0000000000  0.0000000000
-488.2034983679  3.1415926536  3.1415926536  0.0000000000  0.0000000000
-486.9468613064  3.1415926536  3.1415926536  0.0000000000  0.0000000000
-485.6902242450  3.1415926536  3.1415926536  0.0000000000  0.0000000000
-484.4335871835  3.1415926536  3.1415926536  0.0000000000  0.0000000000
-483.1769501221  3.1415926536  3.1415926536  0.0000000000  0.0000000000
-481.9203130607  3.1415926536  3.1415926536  0.0000000000  0.0000000000
-480.6636759992  3.1415926536  3.1415926536  0.0000000000  0.0000000000
-479.4070389378  3.1415926536  3.1415926536  0.0000000000  0.0000000000
-478.1504018764  3.1415926536  3.1415926536  0.0000000000  0.0000000000
-476.8937648149  3.1415926536  3.1415926536  0.0000000000  0.0000000000
-475.6371277535  3.1415926536  3.1415926536  0.0000000000  0.0000000000
-474.3804906921  3.1415926536  3.1415926536  0.0000000000  0.0000000000
-473.1238536306  3.1415926536  3.1415926536  0.0000000000  0.0000000000
-471.8672165692  3.1415926536  3.1415926536  0.0000000000  0.0000000000
-470.6105795078  3.1415926536  3.1415926536  0.0000000000  0.0000000000
-469.3539424463  3.1415926536  3.1415926536  0.0000000000  0.0000000000
-468.0973053849  3.1415926536  3.1415926536  0.0000000000  0.0000000000
-466.8406683234  3.1415926536  3.1415926536  0.0000000000  0.0000000000
-465.5840312620  3.1415926536  3.1415926536  0.0000000000  0.0000000000
-464.3273942006  3.1415926536  3.1415926536  0.0000000000  0.0000000000
-463.0707571391  3.1415926536  3.1415926536  0.0000000000  0.0000000000
-461.8141200777  3.1415926536  3.1415926536  0.0000000000  0.0000000000
-460.5574830163  3.1415926536  3.1415926536  0.0000000000  0.0000000000
-459.3008459548  3.1415926536  3.1415926536  0.0000000000  0.0000000000
-458.0442088934  3.1415926536  3.1415926536  0.0000000000  0.0000000000
-456.7875718320  3.1415926536  3.1415926536  0.0000000000  0.0000000000
-455.5309347705  3.1415926536  3.1415926536  0.0000000000  0.0000000000
-454.2742977091  3.1415926536  3.1415926536  0.0000000000  0.0000000000
-453.0176606476  3.1415926536  3.1415926536  0.0000000000  0.0000000000
-451.7610235862  3.1415926536  3.1415926536  0.0000000000  0.0000000000
-450.5043865248  3.1415926536  3.1415926536  0.0000000000  0.0000000000
-449.2477494633  3.1415926536  3.1415926536  0.0000000000  0.0000000000
-447.9911124019  3.1415926536  3.1415926536  0.0000000000  0.0000000000
-446.7344753405  3.1415926536  3.1415926536  0.0000000000  0.0000000000
-445.4778382790  3.1415926536  3.1415926536  0.0000000000  0.0000000000
-444.2212012176  3.1415926536  3.1415926536  0.0000000000  0.0000000000
-442.9645641562  3.1415926536  3.1415926536  0.0000000000  0.0000000000
-441.7079270947  3.1415926536  3.1415926536  0.0000000000  0.0000000000
-440.4512900333  3.1415926536  3.1415926536  0.0000000000  0.0000000000
-439.1946529719  3.1415926536  3.1415926536  0.0000000000  0.0000000000
-437.9380159104  3.1415926536  3.1415926536  0.0000000000  0.0000000000
-436.6813788490  3.1415926536  3.1415926536  0.0000000000  0.0000000000
-435.4247417875  3.1415926536  3.1415926536  0.0000000000  0.0000000000
-434.1681047261  3.1415926536  3.1415926536  0.0000000000  0.0000000000
-432.9114676647  3.1415926536  3.1415926536  0.0000000000  0.0000000000
-431.6548306032  3.1415926536  3.1415926536  0.0000000000  0.0000000000
-430.3981935418  3.1415926536  3.1415926536  0.0000000000  0.0000000000
-429.1415564804  3.1415926536  3.1415926536  0.0000000000  0.0000000000
-427.8849194189  3.1415926536  3.1415926536  0.0000000000  0.0000000000
-426.6282823575  3.1415926536  3.1415926536  0.0000000000  0.0000000000
-425.3716452961  3.1415926536  3.1415926536  0.0000000000  0.0000000000
-424.1150082346  3.1415926536  3.1415926536  0.0000000000  0.0000000000
-422.8583711732  3.1415926536  3.1415926536  0.0000000000  0.0000000000
-421.6017341118  3.1415926536  3.1415926536  0.0000000000  0.0000000000
-420.3450970503  3.1415926536  3.1415926536  0.0000000000  0.0000000000
-419.0884599889  3.1415926536  3.1415926536  0.0000000000  0.0000000000
-417.8318229274  3.1415926536  3.1415926536  0.0000000000  0.0000000000
-416.5751858660  3.1415926536  3.1415926536  0.0000000000  0.0000000000
-415.3185488046  3.1415926536  3.1415926536  0.0000000000  0.0000000000
-414.0619117431  3.1415926536  3.1415926536  0.0000000000  0.0000000000
-412.8052746817  3.1415926536  3.1415926536  0.0000000000  0.0000000000
-411.5486376203  3.1415926536  3.1415926536  0.0000000000  0.0000000000
-410.2920005588  3.1415926536  3.1415926536  0.0000000000  0.0000000000
-409.0353634974  3.1415926536  3.1415926536  0.0000000000  0.0000000000
-407.7787264360  3.1415926536  3.1415926536  0.0000000000  0.0000000000
-406.5220893745  3.1415926536  3.1415926536  0.0000000000  0.0000000000
-405.2654523131  3.1415926536  3.1415926536  0.0000000000  0.0000000000
-404.0088152516  3.1415926536  3.1415926536  0.0000000000  0.0000000000
-402.7521781902  3.1415926536  3.1415926536  0.0000000000  0.0000000000
-401.4955411288  3.1415926536  3.1415926536  0.0000000000  0.0000000000
-400.2389040673  3.1415926536  3.1415926536  0.0000000000  0.0000000000
-398.9822670059  3.1415926536  3.1415926536  0.0000000000  0.0000000000
-397.7256299445  3.1415926536  3.1415926536  0.0000000000  0.0000000000
-396.4689928830  3.1415926536  3.1415926536  0.0000000000  0.0000000000
-395.2123558216  3.1415926536  3.1415926536  0.0000000000  0.0000000000
-393.9557187602  3.1415926536  3.1415926536  0.0000000000  0.0000000000
-392.6990816987  3.1415926536  3.1415926536  0.0000000000  0.0000000000
-391.4424446373  3.1415926536  3.1415926536  0.0000000000  0.0000000000
-390.1858075759  3.1415926536  3.1415926536  0.0000000000  0.0000000000
-388.9291705144  3.1415926536  3.1415926536  0.0000000000  0.0000000000
-387.6725334530  3.1415926536  3.1415926536  0.0000000000  0.0000000000
-386.4158963915  3.1415926536  3.1415926536  0.0000000000  0.0000000000
-385.1592593301  3.1415926536  3.1415926536  0.0000000000  0.0000000000
-383.9026222687  3.1415926536  3.1415926536  0.0000000000  0.0000000000
-382.6459852072  3.1415926536  3.1415926536  0.0000000000  0.0000000000
-381.3893481458  3.1415926536  3.1415926536  0.0000000000  0.0000000000
-380.1327110844  3.1415926536  3.1415926536  0.0000000000  0.0000000000
-378.8760740229  3.1415926536  3.1415926536  0.0000000000  0.0000000000
-377.6194369615  3.1415926536  3.1415926536  0.0000000000  0.0000000000
-376.3627999001  3.1415926536  3.1415926536  0.0000000000  0.0000000000
-375.1061628386  3.1415926536  3.1415926536  0.0000000000  0.0000000000
-373.8495257772  3.1415926536  3.1415926536  0.0000000000  0.0000000000
-372.5928887157  3.1415926536  3.1415926536  0.0000000000  0.0000000000
-371.3362516543  3.1415926536  3.1415926536  0.0000000000  0.0000000000
-370.0796145929  3.1415926536  3.1415926536  0.0000000000  0.0000000000
-368.8229775314  3.1415926536  3.1415926536  0.0000000000  0.0000000000
-367.5663404700  3.1415926536  3.1415926536  0.0000000000  0.0000000000
-366.3097034086  3.1415926536  3.1415926536  0.0000000000  0.0000000000
-365.0530663471  3.1415926536  3.1415926536  0.0000000000  0.0000000000
-363.7964292857  3.1415926536  3.1415926536  0.0000000000  0.0000000000
-362.5397922243  3.1415926536  3.1415926536  0.0000000000  0.0000000000
-361.2831551628  3.1415926536  3.1415926536  0.0000000000  0.0000000000
-360.0265181014  3.1415926536  3.1415926536  0.0000000000  0.0000000000
-358.7698810400  3.1415926536  3.1415926536  0.0000000000  0.0000000000
-357.5132439785  3.1415926536  3.1415926536  0.0000000000  0.0000000000
-356.2566069171  3.1415926536  3.1415926536  0.0000000000  0.0000000000
-354.9999698556  3.1415926536  3.1415926536  0.0000000000  0.0000000000
-353.7433327942  3.1415926536  3.1415926536  0.0000000000  0.0000000000
-352.4866957328  3.1415926536  3.1415926536  0.0000000000  0.0000000000
-351.2300586713  3.1415926536  3.1415926536  0.0000000000  0.0000000000
-349.9734216099  3.1415926536  3.1415926536  0.0000000000  0.0000000000
-348.7167845485  3.1415926536  3.1415926536  0.0000000000  0.0000000000
-347.4601474870  3.1415926536  3.1415926536  0.0000000000  0.0000000000
-346.2035104256  3.1415926536  3.1415926536  0.0000000000  0.0000000000
-344.9468733642  3.1415926536  3.1415926536  0.0000000000  0.0000000000
-343.6902363027  3.1415926536  3.1415926536  0.0000000000  0.0000000000
-342.4335992413  3.1415926536  3.1415926536  0.0000000000  0.0000000000
-341.1769621799  3.1415926536  3.1415926536  0.0000000000  0.0000000000
-339.9203251184  3.1415926536  3.1415926536  0.0000000000  0.0000000000
-338.6636880570  3.1415926536  3.1415926536  0.0000000000  0.0000000000
-337.4070509955  3.1415926536  3.1415926536  0.0000000000  0.0000000000
-336.1504139341  3.1415926536  3.1415926536  0.0000000000  0.0000000000
-334.8937768727  3.1415926536  3.1415926536  0.0000000000  0.0000000000
-333.6371398112  3.1415926536  3.1415926536  0.0000000000  0.0000000000
-332.3805027498  3.1415926536  3.1415926536  0.0000000000  0.0000000000
-331.1238656884  3.1415926536  3.1415926536  0.0000000000  0.0000000000
-329.8672286269  3.1415926536  3.1415926536  0.0000000000  0.0000000000
-328.6105915655  3.1415926536  3.1415926536  0.0000000000  0.0000000000
-327.3539545041  3.1415926536  3.1415926536  0.0000000000  0.0000000000
-326.0973174426  3.1415926536  3.1415926536  0.0000000000  0.0000000000
-324.8406803812  3.1415926536  3.1415926536  0.0000000000  0.0000000000
-323.5840433197  3.1415926536  3.1415926536  0.0000000000  0.0000000000
-322.3274062583  3.1415926536  3.1415926536  0.0000000000  0.0000000000
-321.0707691969  3.1415926536  3.1415926536  0.0000000000  0.0000000000
-319.8141321354  3.1415926536  3.1415926536  0.0000000000  0.0000000000
-318.5574950740  3.1415926536  3.1415926536  0.0000000000  0.0000000000
-317.3008580126  3.1415926536  3.1415926536  0.0000000000  0.0000000000
-316.0442209511  3.1415926536  3.1415926536  0.0000000000  0.0000000000
-314.7875838897  3.1415926536  3.1415926536  0.0000000000  0.0000000000
-313.5309468283  3.1415926536  3.1415926536  0.0000000000  0.0000000000
-312.2743097668  3.1415926536  3.1415926536  0.0000000000  0.0000000000
-311.0176727054  3.1415926536  3.1415926536  0.0000000000  0.0000000000
-309.7610356440  3.1415926536  3.1415926536  0.0000000000  0.0000000000
-308.5043985825  3.1415926536  3.1415926536  0.0000000000  0.0000000000
-307.2477615211  3.1415926536  3.1415926536  0.0000000000  0.0000000000
-305.9911244596  3.1415926536  3.1415926536  0.0000000000  0.0000000000
-304.7344873982  3.1415926536  3.1415926536  0.0000000000  0.0000000000
-303.4778503368  3.1415926536  3.1415926536  0.0000000000  0.0000000000
-302.2212132753  3.1415926536  3.1415926536  0.0000000000  0.0000000000
-300.9645762139  3.1415926536  3.1415926536  0.0000000000  0.0000000000
-299.7079391525  3.1415926536  3.1415926536  0.0000000000  0.0000000000
-298.4513020910  3.1415926536  3.1415926536  0.0000000000  0.0000000000
-297.1946650296  3.1415926536  3.1415926536  0.0000000000  0.0000000000
-295.9380279682  3.1415926536  3.1415926536  0.0000000000  0.0000000000
-294.6813909067  3.1415926536  3.1415926536  0.0000000000  0.0000000000
-293.4247538453  3.1415926536  3.1415926536  0.0000000000  0.0000000000
-292.1681167839  3.1415926536  3.1415926536  0.0000000000  0.0000000000
-290.9114797224  3.1415926536  3.1415926536  0.0000000000  0.0000000000
-289.6548426610  3.1415926536  3.1415926536  0.0000000000  0.0000000000
-288.3982055995  3.1415926536  3.1415926536  0.0000000000  0.0000000000
-287.1415685381  3.1415926536  3.1415926536  0.0000000000  0.0000000000
-285.8849314767  3.1415926536  3.1415926536  0.0000000000  0.0000000000
-284.6282944152  3.1415926536  3.1415926536  0.0000000000  0.0000000000
-283.3716573538  3.1415926536  3.1415926536  0.0000000000  0.0000000000
-282.1150202924  3.1415926536  3.1415926536  0.0000000000  0.0000000000
-280.8583832309  3.1415926536  3.1415926536  0.0000000000  0.0000000000
-279.6017461695  3.1415926536  3.1415926536  0.0000000000  0.0000000000
-278.3451091081  3.1415926536  3.1415926536  0.0000000000  0.0000000000
-277.0884720466  3.1415926536  3.1415926536  0.0000000000  0.0000000000
-275.8318349852  3.1415926536  3.1415926536  0.0000000000  0.0000000000
-274.5751979237  3.1415926536  3.1415926536  0.0000000000  0.0000000000
-273.3185608623  3.1415926536  3.1415926536  0.0000000000  0.0000000000
-272.0619238009  3.1415926536  3.1415926536  0.0000000000  0.0000000000
-270.8052867394  3.1415926536  3.1415926536  0.0000000000  0.0000000000
-269.5486496780  3.1415926536  3.1415926536  0.0000000000  0.0000000000
-268.2920126166  3.1415926536  3.1415926536  0.0000000000  0.0000000000
-267.0353755551  3.1415926536  3.1415926536  0.0000000000  0.0000000000
-265.7787384937  3.1415926536  3.1415926536  0.0000000000  0.0000000000
-264.5221014323  3.1415926536  3.1415926536  0.0000000000  0.0000000000
-263.2654643708  3.1415926536  3.1415926536  0.0000000000  0.0000000000
-262.0088273094  3.1415926536  3.1415926536  0.0000000000  0.0000000000
-260.7521902480  3.1415926536  3.1415926536  0.0000000000  0.0000000000
-259.4955531865  3.1415926536  3.1415926536  0.0000000000  0.0000000000
-258.2389161251  3.1415926536  3.1415926536  0.0000000000  0.0000000000
-256.9822790636  3.1415926536  3.1415926536  0.0000000000  0.0000000000
-255.7256420022  3.1415926536  3.1415926536  0.0000000000  0.0000000000
-254.4690049408  3.1415926536  3.1415926536  0.0000000000  0.0000000000
-253.2123678793  3.1415926536  3.1415926536  0.0000000000  0.0000000000
-251.9557308179  3.1415926536  3.1415926536  0.0000000000  0.0000000000
-250.6990937565  3.1415926536  3.1415926536  0.0000000000  0.0000000000
-249.4424566950  3.1415926536  3.1415926536  0.0000000000  0.0000000000
-248.1858196336  3.1415926536  3.1415926536  0.0000000000  0.0000000000
-246.9291825722  3.1415926536  3.1415926536  0.0000000000  0.0000000000
-245.6725455107  3.1415926536  3.1415926536  0.0000000000  0.0000000000
-244.4159084493  3.1415926536  3.1415926536  0.0000000000  0.0000000000
-243.1592713878  3.1415926536  3.1415926536  0.0000000000  0.0000000000
-241.9026343264  3.1415926536  3.1415926536  0.0000000000  0.0000000000
-240.6459972650  3.1415926536  3.1415926536  0.0000000000  0.0000000000
-239.3893602035  3.1415926536  3.1415926536  0.0000000000  0.0000000000
-238.1327231421  3.1415926536  3.1415926536  0.0000000000  0.0000000000
-236.8760860807  3.1415926536  3.1415926536  0.0000000000  0.0000000000
-235.6194490192  3.1415926536  3.1415926536  0.0000000000  0.0000000000
-234.3628119578  3.1415926536  3.1415926536  0.0000000000  0.0000000000
-233.1061748964  3.1415926536  3.1415926536  0.0000000000  0.0000000000
-231.8495378349  3.1415926536  3.1415926536  0.0000000000  0.0000000000
-230.5929007735  3.1415926536  3.1415926536  0.0000000000  0.0000000000
-229.3362637121  3.1415926536  3.1415926536  0.0000000000  0.0000000000
-228.0796266506  3.1415926536  3.1415926536  0.0000000000  0.0000000000
-226.8229895892  3.1415926536  3.1415926536  0.0000000000  0.0000000000
-225.5663525277  3.1415926536  3.1415926536  0.0000000000  0.0000000000
-224.3097154663  3.1415926536  3.1415926536  0.0000000000  0.0000000000
-223.0530784049  3.1415926536  3.1415926536  0.0000000000  0.0000000000
-221.7964413434  3.1415926536  3.1415926536  0.0000000000  0.0000000000
-220.5398042820  3.1415926536  3.1415926536  0.0000000000  0.0000000000
-219.2831672206  3.1415926536  3.1415926536  0.0000000000  0.0000000000
-218.0265301591  3.1415926536  3.1415926536  0.0000000000  0.0000000000
-216.7698930977  3.1415926536  3.1415926536  0.0000000000  0.0000000000
-215.5132560363  3.1415926536  3.1415926536  0.0000000000  0.0000000000
-214.2566189748  3.1415926536  3.1415926536  0.0000000000  0.0000000000
-212.9999819134  3.1415926536  3.1415926536  0.0000000000  0.0000000000
-211.7433448520  3.1415926536  3.1415926536  0.0000000000  0.0000000000
-210.4867077905  3.1415926536  3.1415926536  0.0000000000  0.0000000000
-209.2300707291  3.1415926536  3.1415926536  0.0000000000  0.0000000000
-207.9734336676  3.1415926536  3.1415926536  0.0000000000  0.0000000000
-206.7167966062  3.1415926536  3.1415926536  0.0000000000  0.0000000000
-205.4601595448  3.1415926536  3.1415926536  0.0000000000  0.0000000000
-204.2035224833  3.1415926536  3.1415926536  0.0000000000  0.0000000000
-202.9468854219  3.1415926536  3.1415926536  0.0000000000  0.0000000000
-201.6902483605  3.1415926536  3.1415926536  0.0000000000  0.0000000000
-200.4336112990  3.1415926536  3.1415926536  0.0000000000  0.0000000000
-199.1769742376  3.1415926536  3.1415926536  0.0000000000  0.0000000000
-197.9203371762  3.1415926536  3.1415926536  0.0000000000  0.0000000000
-196.6637001147  3.1415926536  3.1415926536  0.0000000000  0.0000000000
-195.4070630533  3.1415926536  3.1415926536  0.0000000000  0.0000000000
-194.1504259918  3.1415926536  3.1415926536  0.0000000000  0.0000000000
-192.8937889304  3.1415926536  3.1415926536  0.0000000000  0.0000000000
-191.6371518690  3.1415926536  3.1415926536  0.0000000000  0.0000000000
-190.3805148075  3.1415926536  3.1415926536  0.0000000000  0.0000000000
-189.1238777461  3.1415926536  3.1415926536  0.0000000000  0.0000000000
-187.8672406847  3.1415926536  3.1415926536  0.0000000000  0.0000000000
-186.6106036232  3.1415926536  3.1415926536  0.0000000000  0.0000000000
-185.3539665618  3.1415926536  3.1415926536  0.0000000000  0.0000000000
-184.0973295004  3.1415926536  3.1415926536  0.0000000000  0.0000000000
-182.8406924389  3.1415926536  3.1415926536  0.0000000000  0.0000000000
-181.5840553775  3.1415926536  3.1415926536  0.0000000000  0.0000000000
-180.3274183161  3.1415926536  3.1415926536  0.0000000000  0.0000000000
-179.0707812546  3.1415926536  3.1415926536  0.0000000000  0.0000000000
-177.8141441932  3.1415926536  3.1415926536  0.0000000000  0.0000000000
-176.5575071317  3.1415926536  3.1415926536  0.0000000000  0.0000000000
-175.3008700703  3.1415926536  3.1415926536  0.0000000000  0.0000000000
-174.0442330089  3.1415926536  3.1415926536  0.0000000000  0.0000000000
-172.7875959474  3.1415926536  3.1415926536  0.0000000000  0.0000000000
-171.5309588860  3.1415926536  3.1415926536  0.0000000000  0.0000000000
-170.2743218246  3.1415926536  3.1415926536  0.0000000000  0.0000000000
-169.0176847631  3.1415926536  3.1415926536  0.0000000000  0.0000000000
-167.7610477017  3.1415926536  3.1415926536  0.0000000000  0.0000000000
-166.5044106403  3.1415926536  3.1415926536  0.0000000000  0.0000000000
-165.2477735788  3.1415926536  3.1415926536  0.0000000000  0.0000000000
-163.9911365174  3.1415926536  3.1415926536  0.0000000000  0.0000000000
-162.7344994560  3.1415926536  3.1415926536  0.0000000000  0.0000000000
-161.4778623945  3.1415926536  3.1415926536  0.0000000000  0.0000000000
-160.2212253331  3.1415926536  3.1415926536  0.0000000000  0.0000000000
-158.9645882716  3.1415926536  3.1415926536  0.0000000000  0.0000000000
-157.7079512102  3.1415926536  3.1415926536  0.0000000000  0.0000000000
-156.4513141488  3.1415926536  3.1415926536  0.0000000000  0.0000000000
-155.1946770873  3.1415926536  3.1415926536  0.0000000000  0.0000000000
-153.9380400259  3.1415926536  3.1415926536  0.0000000000  0.0000000000
-152.6814029645  3.1415926536  3.1415926536  0.0000000000  0.0000000000
-151.4247659030  3.1415926536  3.1415926536  0.0000000000  0.0000000000
-150.1681288416  3.1415926536  3.1415926536  0.0000000000  0.0000000000
-148.9114917802  3.1415926536  3.1415926536  0.0000000000  0.0000000000
-147.6548547187  3.1415926536  3.1415926536  0.0000000000  0.0000000000
-146.3982176573  3.1415926536  3.1415926536  0.0000000000  0.0000000000
-145.1415805958  3.1415926536  3.1415926536  0.0000000000  0.0000000000
-143.8849435344  3.1415926536  3.1415926536  0.0000000000  0.0000000000
-142.6283064730  3.1415926536  3.1415926536  0.0000000000  0.0000000000
-141.3716694115  3.1415926536  3.1415926536  0.0000000000  0.0000000000
-140.1150323501  3.1415926536  3.1415926536  0.0000000000  0.0000000000
-138.8583952887  3.1415926536  3.1415926536  0.0000000000  0.0000000000
-137.6017582272  3.1415926536  3.1415926536  0.0000000000  0.0000000000
-136.3451211658  3.1415926536  3.1415926536  0.0000000000  0.0000000000
-135.0884841044  3.1415926536  3.1415926536  0.0000000000  0.0000000000
-133.8318470429  3.1415926536  3.1415926536  0.0000000000  0.0000000000
-132.5752099815  3.1415926536  3.1415926536  0.0000000000  0.0000000000
-131.3185729201  3.1415926536  3.1415926536  0.0000000000  0.0000000000
-130.0619358586  3.1415926536  3.1415926536  0.0000000000  0.0000000000
-128.8052987972  3.1415926536  3.1415926536  0.0000000000  0.0000000000
-127.5486617357  3.1415926536  3.1415926536  0.0000000000  0.0000000000
-126.2920246743  3.1415926536  3.1415926536  0.0000000000  0.0000000000
-125.0353876129  3.1415926536  3.1415926536  0.0000000000  0.0000000000
-123.7787505514  3.1415926536  3.1415926536  0.0000000000  0.0000000000
-122.5221134900  3.1415926536  3.1415926536  0.0000000000  0.0000000000
-121.2654764286  3.1415926536  3.1415926536  0.0000000000  0.0000000000
-120.0088393671  3.1415926536  3.1415926536  0.0000000000  0.0000000000
-118.7522023057  3.1415926536  3.1415926536  0.0000000000  0.0000000000
-117.4955652443  3.1415926536  3.1415926536  0.0000000000  0.0000000000
-116.2389281828  3.1415926536  3.1415926536  0.0000000000  0.0000000000
-114.9822911214  3.1415926536  3.1415926536  0.0000000000  0.0000000000
-113.7256540600  3.1415926536  3.1415926536  0.0000000000  0.0000000000
-112.4690169985  3.1415926536  3.1415926536  0.0000000000  0.0000000000
-111.2123799371  3.1415926536  3.1415926536  0.0000000000  0.0000000000
-109.9557428756  3.1415926536  3.1415926536  0.0000000000  0.0000000000
-108.6991058142  3.1415926536  3.1415926536  0.0000000000  0.0000000000
-107.4424687528  3.1415926536  3.1415926536  0.0000000000  0.0000000000
-106.1858316913  3.1415926536  3.1415926536  0.0000000000  0.0000000000
-104.9291946299  3.1415926536  3.1415926536  0.0000000000  0.0000000000
-103.6725575685  3.1415926536  3.1415926536  0.0000000000  0.0000000000
-102.4159205070  3.1415926536  3.1415926536  0.0000000000  0.0000000000
-101.1592834456  3.1415926536  3.1415926536  0.0000000000  0.0000000000
-99.9026463842  3.1415926536  3.1415926536  0.0000000000  0.0000000000
-98.6460093227  3.1415926536  3.1415926536  0.0000000000  0.0000000000
-97.3893722613  3.1415926536  3.1415926536  0.0000000000  0.0000000000
-96.1327351998  3.1415926536  3.1415926536  0.0000000000  0.0000000000
-94.8760981384  3.1415926536  3.1415926536  0.0000000000  0.0000000000
-93.6194610770  3.1415926536  3.1415926536  0.0000000000  0.0000000000
-92.3628240155  3.1415926536  3.1415926536  0.0000000000  0.0000000000
-91.1061869541  3.1415926536  3.1415926536  0.0000000000  0.0000000000
-89.8495498927  3.1415926536  3.1415926536  0.0000000000  0.0000000000
-88.5929128312  3.1415926536  3.1415926536  0.0000000000  0.0000000000
-87.3362757698  3.1415926536  3.1415926536  0.0000000000  0.0000000000
-86.0796387084  3.1415926536  3.1415926536  0.0000000000  0.0000000000
-84.8230016469  3.1415926536  3.1415926536  0.0000000000  0.0000000000
-83.5663645855  3.1415926536  3.1415926536  0.0000000000  0.0000000000
-82.3097275241  3.1415926536  3.1415926536  0.0000000000  0.0000000000
-81.0530904626  3.1415926536  3.1415926536  0.0000000000  0.0000000000
-79.7964534012  3.1415926536  3.1415926536  0.0000000000  0.0000000000
-78.5398163397  3.1415926536  3.1415926536  0.0000000000  0.0000000000
-77.2831792783  3.1415926536  3.1415926536  0.0000000000  0.0000000000
-76.0265422169  3.1415926536  3.1415926536  0.0000000000  0.0000000000
-74.7699051554  3.1415926536  3.1415926536  0.0000000000  0.0000000000
-73.5132680940  3.1415926536  3.1415926536  0.0000000000  0.0000000000
-72.2566310326  3.1415926536  3.1415926536  0.0000000000  0.0000000000
-70.9999939711  3.1415926536  3.1415926536  0.0000000000  0.0000000000
-69.7433569097  3.1415926536  3.1415926536  0.0000000000  0.0000000000
-68.4867198483  3.1415926536  3.1415926536  0.0000000000  0.0000000000
-67.2300827868  3.1415926536  3.1415926536  0.0000000000  0.0000000000
-65.9734457254  3.1415926536  3.1415926536  0.0000000000  0.0000000000
-64.7168086639  3.1415926536  3.1415926536  0.0000000000  0.0000000000
-63.4601716025  3.1415926536  3.1415926536  0.0000000000  0.0000000000
-62.2035345411  3.1415926536  3.1415926536  0.0000000000  0.0000000000
-60.9468974796  3.1415926536  3.1415926536  0.0000000000  0.0000000000
-59.6902604182  3.1415926536  3.1415926536  0.0000000000  0.0000000000
-58.4336233568  3.1415926536  3.1415926536  0.0000000000  0.0000000000
-57.1769862953  3.1415926536  3.1415926536  0.0000000000  0.0000000000
-55.9203492339  3.1415926536  3.1415926536  0.0000000000  0.0000000000
-54.6637121725  3.1415926536  3.1415926536  0.0000000000  0.0000000000
-53.4070751110  3.1415926536  3.1415926536  0.0000000000  0.0000000000
-52.1504380496  3.1415926536  3.1415926536  0.0000000000  0.0000000000
-50.8938009882  3.1415926536  3.1415926536  0.0000000000  0.0000000000
-49.6371639267  3.1415926536  3.1415926536  0.0000000000  0.0000000000
-48.3805268653  3.1415926536  3.1415926536  0.0000000000  0.0000000000
-47.1238898038  3.1415926536  3.1415926536  0.0000000000  0.0000000000
-45.8672527424  3.1415926536  3.1415926536  0.0000000000  0.0000000000
-44.6106156810  3.1415926536  3.1415926536  0.0000000000  0.0000000000
-43.3539786195  3.1415926536  3.1415926536  0.0000000000  0.0000000000
-42.0973415581  3.1415926536  3.1415926536  0.0000000000  0.0000000000
-40.8407044967  3.1415926536  3.1415926536  0.0000000000  0.0000000000
-39.5840674352  3.1415926536  3.1415926536  0.0000000000  0.0000000000
-38.3274303738  3.1415926536  3.1415926536  0.0000000000  0.0000000000
-37.0707933124  3.1415926536  3.1415926536  0.0000000000  0.0000000000
-35.8141562509  3.1415926536  3.1415926536  0.0000000000  0.0000000000
-34.5575191895  3.1415926536  3.1415926536  0.0000000000  0.0000000000
-33.3008821281  3.1415926536  3.1415926536  0.0000000000  0.0000000000
-32.0442450666  3.1415926536  3.1415926536  0.0000000000  0.0000000000
-30.7876080052  3.1415926536  3.1415926536  0.0000000000  0.0000000000
-29.5309709437  3.1415926536  3.1415926536  0.0000000000  0.0000000000
-28.2743338823  3.1415926536  3.1415926536  0.0000000000  0.0000000000
-27.0176968209  3.1415926536  3.1415926536  0.0000000000  0.0000000000
-25.7610597594  3.1415926536  3.1415926536  0.0000000000  0.0000000000
-24.5044226980  3.1415926536  3.1415926536  0.0000000000  0.0000000000
-23.2477856366  3.1415926536  3.1415926536  0.0000000000  0.0000000000
-21.9911485751  3.1415926536  3.1415926536  0.0000000000  0.0000000000
-20.7345115137  3.1415926536  3.1415926536  0.0000000000  0.0000000000
-19.4778744523  3.1415926536  3.1415926536  0.0000000000  0.0000000000
-18.2212373908  3.1415926536  3.1415926536  0.0000000000  0.0000000000
-16.9646003294  3.1415926536  3.1415926536  0.0000000000  0.0000000000
-15.7079632679  3.1415926536  3.1415926536  0.0000000000  0.0000000000
-14.4513262065  3.1415926536  3.1415926536  0.0000000000  0.0000000000
-13.1946891451  3.1415926536  3.1415926536  0.0000000000  0.0000000000
-11.9380520836  3.1415926536  3.1415926536  0.0000000000  0.0000000000
-10.6814150222  3.1415926536  3.1415926536  0.0000000000  0.0000000000
-9.4247779608  3.1415926536  3.1415926536  0.0000000000  0.0000000000
-8.1681408993  3.1415926536  3.1415926536  0.0000000000  0.0000000000
-6.9115038379  3.1415926536  3.1415926536  0.0000000000  0.0000000000
-5.6548667765  3.1415926536  3.1415926536  0.0000000000  0.0000000000
-4.3982297150  3.1415926536  3.1415926536  0.0000000000  0.0000000000
-3.1415926536  3.1415926536  3.1415926536  0.0000000000  0.0000000000
-1.8849555922  3.1415926536  3.1415926536  0.0000000000  -0.0000000485
-0.6283185307  3.1415926536  3.1415926536  0.0000004197  0.0000000000
0.6283185307  3.1415926536  3.1415926536  -0.3944218182  -0.1370081334
1.8849555922  3.1415926536  3.1415926536  -0.2406223233  -0.2055505560
3.1415926536  3.1415926536  3.1415926536  -0.1459594725  -0.1950178846
4.3982297150  3.1415926536  3.1415926536  -0.0934137446  -0.1697114299
5.6548667765  3.1415926536  3.1415926536  -0.0634815726  -0.1459484806
6.9115038379  3.1415926536  3.1415926536  -0.0454287239  -0.1264421215
8.1681408993  3.1415926536  3.1415926536  -0.0339033661  -0.1108390470
9.4247779608  3.1415926536  3.1415926536  -0.0261723159  -0.0983193680
10.6814150222  3.1415926536  3.1415926536  -0.0207664709  -0.0881552706
11.9380520836  3.1415926536  3.1415926536  -0.0168529725  -0.0797888593
13.1946891451  3.1415926536  3.1415926536  -0.0139360508  -0.0728079060
14.4513262065  3.1415926536  3.1415926536  -0.0117076247  -0.0669090464
15.7079632679  3.1415926536  3.1415926536  -0.0099689341  -0.0618672803
16.9646003294  3.1415926536  3.1415926536  -0.0085874937  -0.0575136773
18.2212373908  3.1415926536  3.1415926536  -0.0074724400  -0.0537196695
19.4778744523  3.1415926536  3.1415926536  -0.0065598757  -0.0503860651
20.7345115137  3.1415926536  3.1415926536  -0.0058038632  -0.0474353294
21.9911485751  3.1415926536  3.1415926536  -0.0051707225  -0.0448061066
23.2477856366  3.1415926536  3.1415926536  -0.0046353244  -0.0424492850
24.5044226980  3.1415926536  3.1415926536  -0.0041786230  -0.0403251363
25.7610597594  3.1415926536  3.1415926536  -0.0037859774  -0.0384012066
27.0176968209  3.1415926536  3.1415926536  -0.0034459875  -0.0366507446
28.2743338823  3.1415926536  3.1415926536  -0.0031496729  -0.0350515152
29.5309709437  3.1415926536  3.1415926536  -0.0028898831  -0.0335848941
30.7876080052  3.1415926536  3.1415926536  -0.0026608695  -0.0322351701
32.0442450666  3.1415926536  3.1415926536  -0.0024579685  -0.0309890010
33.3008821281  3.1415926536  3.1415926536  -0.0022773654  -0.0298349871
34.5575191895  3.1415926536  3.1415926536  -0.0021159160  -0.0287633321
35.8141562509  3.1415926536  3.1415926536  -0.0019710101  -0.0277655726
37.0707933124  3.1415926536  3.1415926536  -0.0018404669  -0.0268343600
38.3274303738  3.1415926536  3.1415926536  -0.0017224523  -0.0259632842
39.5840674352  3.1415926536  3.1415926536  -0.0016154159  -0.0251467287
40.8407044967  3.1415926536  3.1415926536  -0.0015180392  -0.0243797521
42.0973415581  3.1415926536  3.1415926536  -0.0014291956  -0.0236579904
43.3539786195  3.1415926536  3.1415926536  -0.0013479180  -0.0229775750
44.6106156810  3.1415926536  3.1415926536  -0.0012733721  -0.0223350648
45.8672527424  3.1415926536  3.1415926536  -0.0012048356  -0.0217273889
47.1238898038  3.1415926536  3.1415926536  -0.0011416802  -0.0211517984
48.3805268653  3.1415926536  3.1415926536  -0.0010833577  -0.0206058252
49.6371639267  3.1415926536  3.1415926536  -0.0010293878  -0.0200872473
50.8938009882  3.1415926536  3.1415926536  -0.0009793484  -0.0195940590
52.1504380496  3.1415926536  3.1415926536  -0.0009328673  -0.0191244452
53.4070751110  3.1415926536  3.1415926536  -0.0008896153  -0.0186767592
54.6637121725  3.1415926536  3.1415926536  -0.0008493002  -0.0182495038
55.9203492339  3.1415926536  3.1415926536  -0.0008116623  -0.0178413151
57.1769862953  3.1415926536  3.1415926536  -0.0007764700  -0.0174509472
58.4336233568  3.1415926536  3.1415926536  -0.0007435160  -0.0170772606
59.6902604182  3.1415926536  3.1415926536  -0.0007126146  -0.0167192105
60.9468974796  3.1415926536  3.1415926536  -0.0006835990  -0.0163758374
62.2035345411  3.1415926536  3.1415926536  -0.0006563188  -0.0160462588
63.4601716025  3.1415926536  3.1415926536  -0.0006306385  -0.0157296612
64.7168086639  3.1415926536  3.1415926536  -0.0006064354  -0.0154252938
65.9734457254  3.1415926536  3.1415926536  -0.0005835985  -0.0151324625
67.2300827868  3.1415926536  3.1415926536  -0.0005620269  -0.0148505247
68.4867198483  3.1415926536  3.1415926536  -0.0005416289  -0.0145788846
69.7433569097  3.1415926536  3.1415926536  -0.0005223209  -0.0143169889
70.9999939711  3.1415926536  3.1415926536  -0.0005040267  -0.0140643232
72.2566310326  3.1415926536  3.1415926536  -0.0004866765  -0.0138204089
73.5132680940  3.1415926536  3.1415926536  -0.0004702066  -0.0135847994
74.7699051554  3.1415926536  3.1415926536  -0.0004545583  -0.0133570784
76.0265422169  3.1415926536  3.1415926536  -0.0004396781  -0.0131368566
77.2831792783  3.1415926536  3.1415926536  -0.0004255164  -0.0129237701
78.5398163397  3.1415926536  3.1415926536  -0.0004120277  -0.0127174780
79.7964534012  3.1415926536  3.1415926536  -0.0003991701  -0.0125176608
81.0530904626  3.1415926536  3.1415926536  -0.0003869048  -0.0123240187
82.3097275241  3.1415926536  3.1415926536  -0.0003751960  -0.0121362702
83.5663645855  3.1415926536  3.1415926536  -0.0003640106  -0.0119541504
84.8230016469  3.1415926536  3.1415926536  -0.0003533179  -0.0117774103
86.0796387084  3.1415926536  3.1415926536  -0.0003430893  -0.0116058151
87.3362757698  3.1415926536  3.1415926536  -0.0003332983  -0.0114391437
88.5929128312  3.1415926536  3.1415926536  -0.0003239205  -0.0112771873
89.8495498927  3.1415926536  3.1415926536  -0.0003149327  -0.0111197488
91.1061869541  3.1415926536  3.1415926536  -0.0003063138  -0.0109666419
92.3628240155  3.1415926536  3.1415926536  -0.0002980438  -0.0108176905
93.6194610770  3.1415926536  3.1415926536  -0.0002901042  -0.0106727277
94.8760981384  3.1415926536  3.1415926536  -0.0002824775  -0.0105315956
96.1327351998  3.1415926536  3.1415926536  -0.0002751476  -0.0103941445
97.3893722613  3.1415926536  3.1415926536  -0.0002680993  -0.0102602323
98.6460093227  3.1415926536  3.1415926536  -0.0002613182  -0.0101297241
99.9026463842  3.1415926536  3.1415926536  -0.0002547912  -0.0100024920
101.1592834456  3.1415926536  3.1415926536  -0.0002485056  -0.0098784141
102.4159205070  3.1415926536  3.1415926536  -0.0002424497  -0.0097573747
103.6725575685  3.1415926536  3.1415926536  -0.0002366125  -0.0096392636
104.9291946299  3.1415926536  3.1415926536  -0.0002309835  -0.0095239758
106.1858316913  3.1415926536  3.1415926536  -0.0002255529  -0.0094114115
107.4424687528  3.1415926536  3.1415926536  -0.0002203116  -0.0093014752
108.6991058142  3.1415926536  3.1415926536  -0.0002152508  -0.0091940761
109.9557428756  3.1415926536  3.1415926536  -0.0002103624  -0.0090891274
111.2123799371  3.1415926536  3.1415926536  -0.0002056386  -0.0089865461
112.4690169985  3.1415926536  3.1415926536  -0.0002010721  -0.0088862532
113.7256540600  3.1415926536  3.1415926536  -0.0001966561  -0.0087881730
114.9822911214  3.1415926536  3.1415926536  -0.0001923838  -0.0086922331
116.2389281828  3.1415926536  3.1415926536  -0.0001882493  -0.0085983641
117.4955652443  3.1415926536  3.1415926536  -0.0001842466  -0.0085064999
118.7522023057  3.1415926536  3.1415926536  -0.0001803702  -0.0084165768
120.0088393671  3.1415926536  3.1415926536  -0.0001766149  -0.0083285341
121.2654764286  3.1415926536  3.1415926536  -0.0001729756  -0.0082423134
122.5221134900  3.1415926536  3.1415926536  -0.0001694476  -0.0081578587
123.7787505514  3.1415926536  3.1415926536  -0.0001660264  -0.0080751164
125.0353876129  3.1415926536  3.1415926536  -0.0001627078  -0.0079940350
126.2920246743  3.1415926536  3.1415926536  -0.0001594877  -0.0079145648
127.5486617357  3.1415926536  3.1415926536  -0.0001563622  -0.0078366585
128.8052987972  3.1415926536  3.1415926536  -0.0001533277  -0.0077602703
130.0619358586  3.1415926536  3.1415926536  -0.0001503807  -0.0076853563
131.3185729201  3.1415926536  3.1415926536  -0.0001475178  -0.0076118742
132.5752099815  3.1415926536  3.1415926536  -0.0001447358  -0.0075397834
133.8318470429  3.1415926536  3.1415926536  -0.0001420319  -0.0074690448
135.0884841044  3.1415926536  3.1415926536  -0.0001394029  -0.0073996206
136.3451211658  3.1415926536  3.1415926536  -0.0001368463  -0.0073314747
137.6017582272  3.1415926536  3.1415926536  -0.0001343594  -0.0072645720
138.8583952887  3.1415926536  3.1415926536  -0.0001319396  -0.0071988788
140.1150323501  3.1415926536  3.1415926536  -0.0001295847  -0.0071343626
141.3716694115  3.1415926536  3.1415926536  -0.0001272922  -0.0070709922
142.6283064730  3.1415926536  3.1415926536  -0.0001250599  -0.0070087372
143.8849435344  3.1415926536  3.1415926536  -0.0001228859  -0.0069475685
145.1415805958  3.1415926536  3.1415926536  -0.0001207681  -0.0068874579
146.3982176573  3.1415926536  3.1415926536  -0.0001187046  -0.0068283782
147.6548547187  3.1415926536  3.1415926536  -0.0001166935  -0.0067703030
148.9114917802  3.1415926536  3.1415926536  -0.0001147330  -0.0067132071
150.1681288416  3.1415926536  3.1415926536  -0.0001128216  -0.0066570659
151.4247659030  3.1415926536  3.1415926536  -0.0001109575  -0.0066018555
152.6814029645  3.1415926536  3.1415926536  -0.0001091392  -0.0065475531
153.9380400259  3.1415926536  3.1415926536  -0.0001073653  -0.0064941365
155.1946770873  3.1415926536  3.1415926536  -0.0001056342  -0.0064415841
156.4513141488  3.1415926536  3.1415926536  -0.0001039447  -0.0063898752
157.7079512102  3.1415926536  3.1415926536  -0.0001022954  -0.0063389896
158.9645882716  3.1415926536  3.1415926536  -0.0001006850  -0.0062889078
160.2212253331  3.1415926536  3.1415926536  -0.0000991123  -0.0062396109
161.4778623945  3.1415926536  3.1415926536  -0.0000975762  -0.0061910807
162.7344994560  3.1415926536  3.1415926536  -0.0000960756  -0.0061432994
163.9911365174  3.1415926536  3.1415926536  -0.0000946093  -0.0060962497
165.2477735788  3.1415926536  3.1415926536  -0.0000931763  -0.0060499150
166.5044106403  3.1415926536  3.1415926536  -0.0000917756  -0.0060042792
167.7610477017  3.1415926536  3.1415926536  -0.0000904062  -0.0059593266
169.0176847631  3.1415926536  3.1415926536  -0.0000890673  -0.0059150418
170.2743218246  3.1415926536  3.1415926536  -0.0000877579  -0.0058714103
171.5309588860  3.1415926536  3.1415926536  -0.0000864771  -0.0058284175
172.7875959474  3.1415926536  3.1415926536  -0.0000852242  -0.0057860496
174.0442330089  3.1415926536  3.1415926536  -0.0000839983  -0.0057442931
175.3008700703  3.1415926536  3.1415926536  -0.0000827987  -0.0057031349
176.5575071317  3.1415926536  3.1415926536  -0.0000816246  -0.0056625621
177.8141441932  3.1415926536  3.1415926536  -0.0000804753  -0.0056225623
179.0707812546  3.1415926536  3.1415926536  -0.0000793501  -0.0055831236
180.3274183161  3.1415926536  3.1415926536  -0.0000782483  -0.0055442342
181.5840553775  3.1415926536  3.1415926536  -0.0000771693  -0.0055058827
182.8406924389  3.1415926536  3.1415926536  -0.0000761125  -0.0054680580
184.0973295004  3.1415926536  3.1415926536  -0.0000750772  -0.0054307494
185.3539665618  3.1415926536  3.1415926536  -0.0000740629  -0.0053939463
186.6106036232  3.1415926536  3.1415926536  -0.0000730690  -0.0053576386
187.8672406847  3.1415926536  3.1415926536  -0.0000720950  -0.0053218163
189.1238777461  3.1415926536  3.1415926536  -0.0000711404  -0.0052864698
190.3805148075  3.1415926536  3.1415926536  -0.0000702045  -0.0052515895
191.6371518690  3.1415926536  3.1415926536  -0.0000692871  -0.0052171665
192.8937889304  3.1415926536  3.1415926536  -0.0000683874  -0.0051831917
194.1504259918  3.1415926536  3.1415926536  -0.0000675052  -0.0051496565
195.4070630533  3.1415926536  3.1415926536  -0.0000666400  -0.0051165523
196.6637001147  3.1415926536  3.1415926536  -0.0000657913  -0.0050838710
197.9203371762  3.1415926536  3.1415926536  -0.0000649586  -0.0050516044
199.1769742376  3.1415926536  3.1415926536  -0.0000641417  -0.0050197447
200.4336112990  3.1415926536  3.1415926536  -0.0000633401  -0.0049882843
201.6902483605  3.1415926536  3.1415926536  -0.0000625535  -0.0049572158
202.9468854219  3.1415926536  3.1415926536  -0.0000617814  -0.0049265318
204.2035224833  3.1415926536  3.1415926536  -0.0000610235  -0.0048962252
205.4601595448  3.1415926536  3.1415926536  -0.0000602795  -0.0048662892
206.7167966062  3.1415926536  3.1415926536  -0.0000595490  -0.0048367169
207.9734336676  3.1415926536  3.1415926536  -0.0000588316  -0.0048075018
209.2300707291  3.1415926536  3.1415926536  -0.0000581272  -0.0047786375
210.4867077905  3.1415926536  3.1415926536  -0.0000574354  -0.0047501177
211.7433448520  3.1415926536  3.1415926536  -0.0000567558  -0.0047219362
212.9999819134  3.1415926536  3.1415926536  -0.0000560882  -0.0046940871
214.2566189748  3.1415926536  3.1415926536  -0.0000554323  -0.0046665645
215.5132560363  3.1415926536  3.1415926536  -0.0000547879  -0.0046393627
216.7698930977  3.1415926536  3.1415926536  -0.0000541546  -0.0046124762
218.0265301591  3.1415926536  3.1415926536  -0.0000535323  -0.0045858994
219.2831672206  3.1415926536  3.1415926536  -0.0000529206  -0.0045596271
220.5398042820  3.1415926536  3.1415926536  -0.0000523193  -0.0045336541
221.7964413434  3.1415926536  3.1415926536  -0.0000517283  -0.0045079752
223.0530784049  3.1415926536  3.1415926536  -0.0000511472  -0.0044825856
224.3097154663  3.1415926536  3.1415926536  -0.0000505758  -0.0044574803
225.5663525277  3.1415926536  3.1415926536  -0.0000500139  -0.0044326547
226.8229895892  3.1415926536  3.1415926536  -0.0000494614  -0.0044081039
228.0796266506  3.1415926536  3.1415926536  -0.0000489179  -0.0043838236
229.3362637121  3.1415926536  3.1415926536  -0.0000483834  -0.0043598093
230.5929007735  3.1415926536  3.1415926536  -0.0000478576  -0.0043360566
231.8495378349  3.1415926536  3.1415926536  -0.0000473403  -0.0043125613
233.1061748964  3.1415926536  3.1415926536  -0.0000468313  -0.0042893192
234.3628119578  3.1415926536  3.1415926536  -0.0000463306  -0.0042663263
235.6194490192  3.1415926536  3.1415926536  -0.0000458378  -0.0042435785
236.8760860807  3.1415926536  3.1415926536  -0.0000453528  -0.0042210719
238.1327231421  3.1415926536  3.1415926536  -0.0000448755  -0.0041988029
239.3893602035  3.1415926536  3.1415926536  -0.0000444056  -0.0041767675
240.6459972650  3.1415926536  3.1415926536  -0.0000439431  -0.0041549621
241.9026343264  3.1415926536  3.1415926536  -0.0000434878  -0.0041333833
243.1592713878  3.1415926536  3.1415926536  -0.0000430396  -0.0041120274
244.4159084493  3.1415926536  3.1415926536  -0.0000425982  -0.0040908910
245.6725455107  3.1415926536  3.1415926536  -0.0000421636  -0.0040699707
246.9291825722  3.1415926536  3.1415926536  -0.0000417356  -0.0040492633
248.1858196336  3.1415926536  3.1415926536  -0.0000413141  -0.0040287656
249.4424566950  3.1415926536  3.1415926536  -0.0000408989  -0.0040084743
250.6990937565  3.1415926536  3.1415926536  -0.0000404900  -0.0039883863
251.9557308179  3.1415926536  3.1415926536  -0.0000400872  -0.0039684986
253.2123678793  3.1415926536  3.1415926536  -0.0000396903  -0.0039488083
254.4690049408  3.1415926536  3.1415926536  -0.0000392993  -0.0039293124
255.7256420022  3.1415926536  3.1415926536  -0.0000389141  -0.0039100080
256.9822790636  3.1415926536  3.1415926536  -0.0000385345  -0.0038908924
258.2389161251  3.1415926536  3.1415926536  -0.0000381604  -0.0038719627
259.4955531865  3.1415926536  3.1415926536  -0.0000377918  -0.0038532163
260.7521902480  3.1415926536  3.1415926536  -0.0000374284  -0.0038346506
262.0088273094  3.1415926536  3.1415926536  -0.0000370703  -0.0038162629
263.2654643708  3.1415926536  3.1415926536  -0.0000367173  -0.0037980506
264.5221014323  3.1415926536  3.1415926536  -0.0000363693  -0.0037800114
265.7787384937  3.1415926536  3.1415926536  -0.0000360263  -0.0037621426
267.0353755551  3.1415926536  3.1415926536  -0.0000356880  -0.0037444420
268.2920126166  3.1415926536  3.1415926536  -0.0000353545  -0.0037269072
269.5486496780  3.1415926536  3.1415926536  -0.0000350257  -0.0037095358
270.8052867394  3.1415926536  3.1415926536  -0.0000347014  -0.0036923256
272.0619238009  3.1415926536  3.1415926536  -0.0000343816  -0.0036752743
273.3185608623  3.1415926536  3.1415926536  -0.0000340662  -0.0036583798
274.5751979237  3.1415926536  3.1415926536  -0.0000337552  -0.0036416399
275.8318349852  3.1415926536  3.1415926536  -0.0000334483  -0.0036250524
277.0884720466  3.1415926536  3.1415926536  -0.0000331457  -0.0036086154
278.3451091081  3.1415926536  3.1415926536  -0.0000328471  -0.0035923267
279.6017461695  3.1415926536  3.1415926536  -0.0000325525  -0.0035761844
280.8583832309  3.1415926536  3.1415926536  -0.0000322619  -0.0035601865
282.1150202924  3.1415926536  3.1415926536  -0.0000319752  -0.0035443311
283.3716573538  3.1415926536  3.1415926536  -0.0000316923  -0.0035286163
284.6282944152  3.1415926536  3.1415926536  -0.0000314131  -0.0035130402
285.8849314767  3.1415926536  3.1415926536  -0.0000311375  -0.0034976010
287.1415685381  3.1415926536  3.1415926536  -0.0000308656  -0.0034822969
288.3982055995  3.1415926536  3.1415926536  -0.0000305972  -0.0034671262
289.6548426610  3.1415926536  3.1415926536  -0.0000303324  -0.0034520870
290.9114797224  3.1415926536  3.1415926536  -0.0000300709  -0.0034371777
292.1681167839  3.1415926536  3.1415926536  -0.0000298128  -0.0034223967
293.4247538453  3.1415926536  3.1415926536  -0.0000295580  -0.0034077422
294.6813909067  3.1415926536  3.1415926536  -0.0000293065  -0.0033932127
295.9380279682  3.1415926536  3.1415926536  -0.0000290582  -0.0033788065
297.1946650296  3.1415926536  3.1415926536  -0.0000288130  -0.0033645222
298.4513020910  3.1415926536  3.1415926536  -0.0000285709  -0.0033503581
299.7079391525  3.1415926536  3.1415926536  -0.0000283318  -0.0033363127
300.9645762139  3.1415926536  3.1415926536  -0.0000280957  -0.0033223846
302.2212132753  3.1415926536  3.1415926536  -0.0000278626  -0.0033085723
303.4778503368  3.1415926536  3.1415926536  -0.0000276323  -0.0032948744
304.7344873982  3.1415926536  3.1415926536  -0.0000274049  -0.0032812894
305.9911244596  3.1415926536  3.1415926536  -0.0000271803  -0.0032678160
307.2477615211  3.1415926536  3.1415926536  -0.0000269585  -0.0032544527
308.5043985825  3.1415926536  3.1415926536  -0.0000267393  -0.0032411983
309.7610356440  3.1415926536  3.1415926536  -0.0000265228  -0.0032280514
311.0176727054  3.1415926536  3.1415926536  -0.0000263089  -0.0032150108
312.2743097668  3.1415926536  3.1415926536  -0.0000260976  -0.0032020750
313.5309468283  3.1415926536  3.1415926536  -0.0000258889  -0.0031892429
314.7875838897  3.1415926536  3.1415926536  -0.0000256826  -0.0031765133
316.0442209511  3.1415926536  3.1415926536  -0.0000254788  -0.0031638849
317.3008580126  3.1415926536  3.1415926536  -0.0000252774  -0.0031513564
318.5574950740  3.1415926536  3.1415926536  -0.0000250784  -0.0031389268
319.8141321354  3.1415926536  3.1415926536  -0.0000248817  -0.0031265949
321.0707691969  3.1415926536  3.1415926536  -0.0000246873  -0.0031143594
322.3274062583  3.1415926536  3.1415926536  -0.0000244952  -0.0031022194
323.5840433197  3.1415926536  3.1415926536  -0.0000243054  -0.0030901736
324.8406803812  3.1415926536  3.1415926536  -0.0000241177  -0.0030782210
326.0973174426  3.1415926536  3.1415926536  -0.0000239322  -0.0030663605
327.3539545041  3.1415926536  3.1415926536  -0.0000237488  -0.0030545910
328.6105915655  3.1415926536  3.1415926536  -0.0000235675  -0.0030429115
329.8672286269  3.1415926536  3.1415926536  -0.0000233883  -0.0030313210
331.1238656884  3.1415926536  3.1415926536  -0.0000232112  -0.0030198185
332.3805027498  3.1415926536  3.1415926536  -0.0000230360  -0.0030084029
333.6371398112  3.1415926536  3.1415926536  -0.0000228628  -0.0029970733
334.8937768727  3.1415926536  3.1415926536  -0.0000226916  -0.0029858287
336.1504139341  3.1415926536  3.1415926536  -0.0000225222  -0.0029746682
337.4070509955  3.1415926536  3.1415926536  -0.0000223548  -0.0029635907
338.6636880570  3.1415926536  3.1415926536  -0.0000221892  -0.0029525955
339.9203251184  3.1415926536  3.1415926536  -0.0000220255  -0.0029416815
341.1769621799  3.1415926536  3.1415926536  -0.0000218635  -0.0029308480
342.4335992413  3.1415926536  3.1415926536  -0.0000217034  -0.0029200939
343.6902363027  3.1415926536  3.1415926536  -0.0000215450  -0.0029094184
344.9468733642  3.1415926536  3.1415926536  -0.0000213883  -0.0028988208
346.2035104256  3.1415926536  3.1415926536  -0.0000212333  -0.0028883000
347.4601474870  3.1415926536  3.1415926536  -0.0000210800  -0.0028778553
348.7167845485  3.1415926536  3.1415926536  -0.0000209284  -0.0028674859
349.9734216099  3.1415926536  3.1415926536  -0.0000207784  -0.0028571909
351.2300586713  3.1415926536  3.1415926536  -0.0000206299  -0.0028469696
352.4866957328  3.1415926536  3.1415926536  -0.0000204831  -0.0028368212
353.7433327942  3.1415926536  3.1415926536  -0.0000203379  -0.0028267449
354.9999698556  3.1415926536  3.1415926536  -0.0000201941  -0.0028167398
356.2566069171  3.1415926536  3.1415926536  -0.0000200519  -0.0028068054
357.5132439785  3.1415926536  3.1415926536  -0.0000199112  -0.0027969407
358.7698810400  3.1415926536  3.1415926536  -0.0000197720  -0.0027871452
360.0265181014  3.1415926536  3.1415926536  -0.0000196342  -0.0027774180
361.2831551628  3.1415926536  3.1415926536  -0.0000194979  -0.0027677585
362.5397922243  3.1415926536  3.1415926536  -0.0000193630  -0.0027581660
363.7964292857  3.1415926536  3.1415926536  -0.0000192294  -0.0027486397
365.0530663471  3.1415926536  3.1415926536  -0.0000190973  -0.0027391789
366.3097034086  3.1415926536  3.1415926536  -0.0000189665  -0.0027297831
367.5663404700  3.1415926536  3.1415926536  -0.0000188370  -0.0027204515
368.8229775314  3.1415926536  3.1415926536  -0.0000187089  -0.0027111835
370.0796145929  3.1415926536  3.1415926536  -0.0000185821  -0.0027019784
371.3362516543  3.1415926536  3.1415926536  -0.0000184565  -0.0026928356
372.5928887157  3.1415926536  3.1415926536  -0.0000183322  -0.0026837545
373.8495257772  3.1415926536  3.1415926536  -0.0000182092  -0.0026747344
375.1061628386  3.1415926536  3.1415926536  -0.0000180874  -0.0026657748
376.3627999001  3.1415926536  3.1415926536  -0.0000179668  -0.0026568749
377.6194369615  3.1415926536  3.1415926536  -0.0000178475  -0.0026480343
378.8760740229  3.1415926536  3.1415926536  -0.0000177293  -0.0026392523
380.1327110844  3.1415926536  3.1415926536  -0.0000176123  -0.0026305284
381.3893481458  3.1415926536  3.1415926536  -0.0000174964  -0.0026218620
382.6459852072  3.1415926536  3.1415926536  -0.0000173817  -0.0026132524
383.9026222687  3.1415926536  3.1415926536  -0.0000172681  -0.0026046993
385.1592593301  3.1415926536  3.1415926536  -0.0000171556  -0.0025962019
386.4158963915  3.1415926536  3.1415926536  -0.0000170442  -0.0025877598
387.6725334530  3.1415926536  3.1415926536  -0.0000169339  -0.0025793724
388.9291705144  3.1415926536  3.1415926536  -0.0000168246  -0.0025710392
390.1858075759  3.1415926536  3.1415926536  -0.0000167164  -0.0025627597
391.4424446373  3.1415926536  3.1415926536  -0.0000166093  -0.0025545333
392.6990816987  3.1415926536  3.1415926536  -0.0000165032  -0.0025463595
393.9557187602  3.1415926536  3.1415926536  -0.0000163981  -0.0025382379
395.2123558216  3.1415926536  3.1415926536  -0.0000162939  -0.0025301680
396.4689928830  3.1415926536  3.1415926536  -0.0000161908  -0.0025221492
397.7256299445  3.1415926536  3.1415926536  -0.0000160887  -0.0025141810
398.9822670059  3.1415926536  3.1415926536  -0.0000159875  -0.0025062631
400.2389040673  3.1415926536  3.1415926536  -0.0000158873  -0.0024983948
401.4955411288  3.1415926536  3.1415926536  -0.0000157880  -0.0024905758
402.7521781902  3.1415926536  3.1415926536  -0.0000156896  -0.0024828056
404.0088152516  3.1415926536  3.1415926536  -0.0000155922  -0.0024750837
405.2654523131  3.1415926536  3.1415926536  -0.0000154956  -0.0024674097
406.5220893745  3.1415926536  3.1415926536  -0.0000154000  -0.0024597832
407.7787264360  3.1415926536  3.1415926536  -0.0000153052  -0.0024522036
409.0353634974  3.1415926536  3.1415926536  -0.0000152113  -0.0024446706
410.2920005588  3.1415926536  3.1415926536  -0.0000151183  -0.0024371837
411.5486376203  3.1415926536  3.1415926536  -0.0000150261  -0.0024297426
412.8052746817  3.1415926536  3.1415926536  -0.0000149348  -0.0024223467
414.0619117431  3.1415926536  3.1415926536  -0.0000148443  -0.0024149958
415.3185488046  3.1415926536  3.1415926536  -0.0000147546  -0.0024076893
416.5751858660  3.1415926536  3.1415926536  -0.0000146657  -0.0024004269
417.8318229274  3.1415926536  3.1415926536  -0.0000145776  -0.0023932082
419.0884599889  3.1415926536  3.1415926536  -0.0000144903  -0.0023860327
420.3450970503  3.1415926536  3.1415926536  -0.0000144038  -0.0023789002
421.6017341118  3.1415926536  3.1415926536  -0.0000143181  -0.0023718101
422.8583711732  3.1415926536  3.1415926536  -0.0000142331  -0.0023647622
424.1150082346  3.1415926536  3.1415926536  -0.0000141489  -0.0023577561
425.3716452961  3.1415926536  3.1415926536  -0.0000140654  -0.0023507914
426.6282823575  3.1415926536  3.1415926536  -0.0000139827  -0.0023438676
427.8849194189  3.1415926536  3.1415926536  -0.0000139007  -0.0023369846
429.1415564804  3.1415926536  3.1415926536  -0.0000138194  -0.0023301418
430.3981935418  3.1415926536  3.1415926536  -0.0000137388  -0.0023233390
431.6548306032  3.1415926536  3.1415926536  -0.0000136590  -0.0023165758
432.9114676647  3.1415926536  3.1415926536  -0.0000135798  -0.0023098519
434.1681047261  3.1415926536  3.1415926536  -0.0000135013  -0.0023031669
435.4247417875  3.1415926536  3.1415926536  -0.0000134235  -0.0022965204
436.6813788490  3.1415926536  3.1415926536  -0.0000133463  -0.0022899122
437.9380159104  3.1415926536  3.1415926536  -0.0000132698  -0.0022833420
439.1946529719  3.1415926536  3.1415926536  -0.0000131940  -0.0022768093
440.4512900333  3.1415926536  3.1415926536  -0.0000131188  -0.0022703139
441.7079270947  3.1415926536  3.1415926536  -0.0000130443  -0.0022638554
442.9645641562  3.1415926536  3.1415926536  -0.0000129704  -0.0022574336
444.2212012176  3.1415926536  3.1415926536  -0.0000128971  -0.0022510481
445.4778382790  3.1415926536  3.1415926536  -0.0000128245  -0.0022446987
446.7344753405  3.1415926536  3.1415926536  -0.0000127524  -0.0022383849
447.9911124019  3.1415926536  3.1415926536  -0.0000126810  -0.0022321066
449.2477494633  3.1415926536  3.1415926536  -0.0000126101  -0.0022258634
450.5043865248  3.1415926536  3.1415926536  -0.0000125399  -0.0022196550
451.7610235862  3.1415926536  3.1415926536  -0.0000124702  -0.0022134812
453.0176606476  3.1415926536  3.1415926536  -0.0000124012  -0.0022073416
454.2742977091  3.1415926536  3.1415926536  -0.0000123326  -0.0022012359
455.5309347705  3.1415926536  3.1415926536  -0.0000122647  -0.0021951640
456.7875718320  3.1415926536  3.1415926536  -0.0000121973  -0.0021891254
458.0442088934  3.1415926536  3.1415926536  -0.0000121305  -0.0021831200
459.3008459548  3.1415926536  3.1415926536  -0.0000120642  -0.0021771475
460.5574830163  3.1415926536  3.1415926536  -0.0000119984  -0.0021712075
461.8141200777  3.1415926536  3.1415926536  -0.0000119332  -0.0021652999
463.0707571391  3.1415926536  3.1415926536  -0.0000118686  -0.0021594243
464.3273942006  3.1415926536  3.1415926536  -0.0000118044  -0.0021535805
465.5840312620  3.1415926536  3.1415926536  -0.0000117408  -0.0021477682
466.8406683234  3.1415926536  3.1415926536  -0.0000116777  -0.0021419873
468.0973053849  3.1415926536  3.1415926536  -0.0000116150  -0.0021362374
469.3539424463  3.1415926536  3.1415926536  -0.0000115529  -0.0021305182
470.6105795078  3.1415926536  3.1415926536  -0.0000114913  -0.0021248296
471.8672165692  3.1415926536  3.1415926536  -0.0000114302  -0.0021191713
473.1238536306  3.1415926536  3.1415926536  -0.0000113696  -0.0021135431
474.3804906921  3.1415926536  3.1415926536  -0.0000113094  -0.0021079447
475.6371277535  3.1415926536  3.1415926536  -0.0000112497  -0.0021023758
476.8937648149  3.1415926536  3.1415926536  -0.0000111905  -0.0020968363
478.1504018764  3.1415926536  3.1415926536  -0.0000111318  -0.0020913259
479.4070389378  3.1415926536  3.1415926536  -0.0000110735  -0.0020858444
480.6636759992  3.1415926536  3.1415926536  -0.0000110157  -0.0020803916
481.9203130607  3.1415926536  3.1415926536  -0.0000109583  -0.0020749672
483.1769501221  3.1415926536  3.1415926536  -0.0000109014  -0.0020695710
484.4335871835  3.1415926536  3.1415926536  -0.0000108449  -0.0020642028
485.6902242450  3.1415926536  3.1415926536  -0.0000107889  -0.0020588623
486.9468613064  3.1415926536  3.1415926536  -0.0000107332  -0.0020535495
488.2034983679  3.1415926536  3.1415926536  -0.0000106781  -0.0020482639
489.4601354293  3.1415926536  3.1415926536  -0.0000106233  -0.0020430056
490.7167724907  3.1415926536  3.1415926536  -0.0000105690  -0.0020377741
491.9734095522  3.1415926536  3.1415926536  -0.0000105150  -0.0020325694
493.2300466136  3.1415926536  3.1415926536  -0.0000104615  -0.0020273912
494.4866836750  3.1415926536  3.1415926536  -0.0000104084  -0.0020222393
495.7433207365  3.1415926536  3.1415926536  -0.0000103557  -0.0020171135
496.9999577979  3.1415926536  3.1415926536  -0.0000103034  -0.0020120136
498.2565948593  3.1415926536  3.1415926536  -0.0000102515  -0.0020069395
499.5132319208  3.1415926536  3.1415926536  -0.0000102000  -0.0020018909
500.7698689822  3.1415926536  3.1415926536  -0.0000101489  -0.0019968676
502.0265060436  3.1415926536  3.1415926536  -0.0000100981  -0.0019918695
503.2831431051  3.1415926536  3.1415926536  -0.0000100478  -0.0019868963
504.5397801665  3.1415926536  3.1415926536  -0.0000099978  -0.0019819479
505.7964172280  3.1415926536  3.1415926536  -0.0000099482  -0.0019770241
507.0530542894  3.1415926536  3.1415926536  -0.0000098989  -0.0019721247
508.3096913508  3.1415926536  3.1415926536  -0.0000098501  -0.0019672495
509.5663284123  3.1415926536  3.1415926536  -0.0000098015  -0.0019623983
510.8229654737  3.1415926536  3.1415926536  -0.0000097534  -0.0019575711
512.0796025351  3.1415926536  3.1415926536  -0.0000097056  -0.0019527675
513.3362395966  3.1415926536  3.1415926536  -0.0000096581  -0.0019479874
514.5928766580  3.1415926536  3.1415926536  -0.0000096110  -0.0019432307
515.8495137194  3.1415926536  3.1415926536  -0.0000095642  -0.0019384971
517.1061507809  3.1415926536  3.1415926536  -0.0000095178  -0.0019337865
518.3627878423  3.1415926536  3.1415926536  -0.0000094717  -0.0019290988
519.6194249038  3.1415926536  3.1415926536  -0.0000094259  -0.0019244338
520.8760619652  3.1415926536  3.1415926536  -0.0000093805  -0.0019197913
522.1326990266  3.1415926536  3.1415926536  -0.0000093354  -0.0019151711
523.3893360881  3.1415926536  3.1415926536  -0.0000092907  -0.0019105731
524.6459731495  3.1415926536  3.1415926536  -0.0000092462  -0.0019059971
525.9026102109  3.1415926536  3.1415926536  -0.0000092021  -0.0019014430
527.1592472724  3.1415926536  3.1415926536  -0.0000091582  -0.0018969106
528.4158843338  3.1415926536  3.1415926536  -0.0000091147  -0.0018923997
529.6725213952  3.1415926536  3.1415926536  -0.0000090715  -0.0018879103
530.9291584567  3.1415926536  3.1415926536  -0.0000090287  -0.0018834421
532.1857955181  3.1415926536  3.1415926536  -0.0000089861  -0.0018789950
533.4424325795  3.1415926536  3.1415926536  -0.0000089438  -0.0018745688
534.6990696410  3.1415926536  3.1415926536  -0.0000089018  -0.0018701635
535.9557067024  3.1415926536  3.1415926536  -0.0000088601  -0.0018657788
537.2123437639  3.1415926536  3.1415926536  -0.0000088187  -0.0018614146
538.4689808253  3.1415926536  3.1415926536  -0.0000087776  -0.0018570708
539.7256178867  3.1415926536  3.1415926536  -0.0000087368  -0.0018527472
540.9822549482  3.1415926536  3.1415926536  -0.0000086962  -0.0018484437
542.2388920096  3.1415926536  3.1415926536  -0.0000086560  -0.0018441602
543.4955290710  3.1415926536  3.1415926536  -0.0000086160  -0.0018398964
544.7521661325  3.1415926536  3.1415926536  -0.0000085763  -0.0018356524
546.0088031939  3.1415926536  3.1415926536  -0.0000085368  -0.0018314278
547.2654402553  3.1415926536  3.1415926536  -0.0000084977  -0.0018272227
548.5220773168  3.1415926536  3.1415926536  -0.0000084588  -0.0018230368
549.7787143782  3.1415926536  3.1415926536  -0.0000084202  -0.0018188701
551.0353514396  3.1415926536  3.1415926536  -0.0000083818  -0.0018147223
552.2919885011  3.1415926536  3.1415926536  -0.0000083437  -0.0018105935
553.5486255625  3.1415926536  3.1415926536  -0.0000083059  -0.0018064833
554.8052626240  3.1415926536  3.1415926536  -0.0000082683  -0.0018023918
556.0618996854  3.1415926536  3.1415926536  -0.0000082310  -0.0017983188
557.3185367468  3.1415926536  3.1415926536  -0.0000081939  -0.0017942642
558.5751738083  3.1415926536  3.1415926536  -0.0000081571  -0.0017902278
559.8318108697  3.1415926536  3.1415926536  -0.0000081205  -0.0017862095
561.0884479311  3.1415926536  3.1415926536  -0.0000080842  -0.0017822092
562.3450849926  3.1415926536  3.1415926536  -0.0000080481  -0.0017782268
563.6017220540  3.1415926536  3.1415926536  -0.0000080122  -0.0017742621
564.8583591154  3.1415926536  3.1415926536  -0.0000079766  -0.0017703151
566.1149961769  3.1415926536  3.1415926536  -0.0000079412  -0.0017663856
567.3716332383  3.1415926536  3.1415926536  -0.0000079061  -0.0017624736
568.6282702998  3.1415926536  3.1415926536  -0.0000078712  -0.0017585788
569.8849073612  3.1415926536  3.1415926536  -0.0000078365  -0.0017547011
571.1415444226  3.1415926536  3.1415926536  -0.0000078021  -0.0017508406
572.3981814841  3.1415926536  3.1415926536  -0.0000077679  -0.0017469970
573.6548185455  3.1415926536  3.1415926536  -0.0000077339  -0.0017431702
574.9114556069  3.1415926536  3.1415926536  -0.0000077001  -0.0017393602
576.1680926684  3.1415926536  3.1415926536  -0.0000076665  -0.0017355668
577.4247297298  3.1415926536  3.1415926536  -0.0000076332  -0.0017317898
578.6813667912  3.1415926536  3.1415926536  -0.0000076001  -0.0017280293
579.9380038527  3.1415926536  3.1415926536  -0.0000075672  -0.0017242851
581.1946409141  3.1415926536  3.1415926536  -0.0000075345  -0.0017205571
582.4512779755  3.1415926536  3.1415926536  -0.0000075020  -0.0017168452
583.7079150370  3.1415926536  3.1415926536  -0.0000074698  -0.0017131492
584.9645520984  3.1415926536  3.1415926536  -0.0000074377  -0.0017094691
586.2211891599  3.1415926536  3.1415926536  -0.0000074059  -0.0017058048
587.4778262213  3.1415926536  3.1415926536  -0.0000073742  -0.0017021562
588.7344632827  3.1415926536  3.1415926536  -0.0000073428  -0.0016985231
589.9911003442  3.1415926536  3.1415926536  -0.0000073115  -0.0016949056
591.2477374056  3.1415926536  3.1415926536  -0.0000072805  -0.0016913034
592.5043744670  3.1415926536  3.1415926536  -0.0000072496  -0.0016877164
593.7610115285  3.1415926536  3.1415926536  -0.0000072190  -0.0016841447
595.0176485899  3.1415926536  3.1415926536  -0.0000071885  -0.0016805880
596.2742856513  3.1415926536  3.1415926536  -0.0000071582  -0.0016770464
597.5309227128  3.1415926536  3.1415926536  -0.0000071282  -0.0016735196
598.7875597742  3.1415926536  3.1415926536  -0.0000070983  -0.0016700076
600.0441968357  3.1415926536  3.1415926536  -0.0000070686  -0.0016665104
601.3008338971  3.1415926536  3.1415926536  -0.0000070391  -0.0016630277
602.5574709585  3.1415926536  3.1415926536  -0.0000070097  -0.0016595596
603.8141080200  3.1415926536  3.1415926536  -0.0000069806  -0.0016561059
605.0707450814  3.1415926536  3.1415926536  -0.0000069516  -0.0016526666
606.3273821428  3.1415926536  3.1415926536  -0.0000069228  -0.0016492415
607.5840192043  3.1415926536  3.1415926536  -0.0000068942  -0.0016458306
608.8406562657  3.1415926536  3.1415926536  -0.0000068658  -0.0016424338
610.0972933271  3.1415926536  3.1415926536  -0.0000068375  -0.0016390509
611.3539303886  3.1415926536  3.1415926536  -0.0000068095  -0.0016356820
612.6105674500  3.1415926536  3.1415926536  -0.0000067816  -0.0016323269
613.8672045114  3.1415926536  3.1415926536  -0.0000067538  -0.0016289855
615.1238415729  3.1415926536  3.1415926536  -0.0000067263  -0.0016256578
616.3804786343  3.1415926536  3.1415926536  -0.0000066989  -0.0016223436
617.6371156958  3.1415926536  3.1415926536  -0.0000066716  -0.0016190429
618.8937527572  3.1415926536  3.1415926536  -0.0000066446  -0.0016157557
620.1503898186  3.1415926536  3.1415926536  -0.0000066177  -0.0016124817
621.4070268801  3.1415926536  3.1415926536  -0.0000065909  -0.0016092210
622.6636639415  3.1415926536  3.1415926536  -0.0000065643  -0.0016059735
623.9203010029  3.1415926536  3.1415926536  -0.0000065379  -0.0016027390
625.1769380644  3.1415926536  3.1415926536  -0.0000065117  -0.0015995175
626.4335751258  3.1415926536  3.1415926536  -0.0000064856  -0.0015963090
627.6902121872  3.1415926536  3.1415926536  -0.0000064596  -0.0015931133
628.9468492487  3.1415926536  3.1415926536  0.0000000000  0.0000000000
