-627.6902121872  0.0000000000  0.0000000000  0.0000000000  0.0000000000
-626.4335751258  0.0000000000  0.0000000000  0.0000000000  0.0000000000
-625.1769380644  0.0000000000  0.0000000000  0.0000000000  0.0000000000
-623.9203010029  0.0000000000  0.0000000000  0.0000000000  0.0000000000
-622.6636639415  0.0000000000  0.0000000000  0.0000000000  0.0000000000
-621.4070268801  0.0000000000  0.0000000000  0.0000000000  0.0000000000
-620.1503898186  0.0000000000  0.0000000000  0.0000000000  0.0000000000
-618.8937527572  0.0000000000  0.0000000000  0.0000000000  0.0000000000
-617.6371156958  0.0000000000  0.0000000000  0.0000000000  0.0000000000
-616.3804786343  0.0000000000  0.0000000000  0.0000000000  0.0000000000
-615.1238415729  0.0000000000  0.0000000000  0.0000000000  0.0000000000
-613.8672045114  0.0000000000  0.0000000000  0.0000000000  0.0000000000
-612.6105674500  0.0000000000  0.0000000000  0.0000000000  0.0000000000
-611.3539303886  0.0000000000  0.0000000000  0.0000000000  0.0000000000
-610.0972933271  0.0000000000  0.0000000000  0.0000000000  0.0000000000
-608.8406562657  0.0000000000  0.0000000000  0.0000000000  0.0000000000
-607.5840192043  0.0000000000  0.0000000000  0.0000000000  0.0000000000
-606.3273821428  0.0000000000  0.0000000000  0.0000000000  0.0000000000
-605.0707450814  0.0000000000  0.0000000000  0.0000000000  0.0000000000
-603.8141080200  0.0000000000  0.0000000000  0.0000000000  0.0000000000
-602.5574709585  0.0000000000  0.0000000000  0.0000000000  0.0000000000
-601.3008338971  0.0000000000  0.0000000000  0.0000000000  0.0000000000
-600.0441968357  0.0000000000  0.0000000000  0.0000000000  0.0000000000
-598.7875597742  0.0000000000  0.0000000000  0.0000000000  0.0000000000
-597.5309227128  0.0000000000  0.0000000000  0.0000000000  0.0000000000
-596.2742856513  0.0000000000  0.0000000000  0.0000000000  0.0000000000
-595.0176485899  0.0000000000  0.0000000000  0.0000000000  0.0000000000
-593.7610115285  0.0000000000  0.0000000000  0.0000000000  0.0000000000
-592.5043744670  0.0000000000  0.0000000000  0.0000000000  0.0000000000
-591.2477374056  0.0000000000  0.0000000000  0.0000000000  0.0000000000
-589.9911003442  0.0000000000  0.0000000000  0.0000000000  0.0000000000
-588.7344632827  0.0000000000  0.0000000000  0.0000000000  0.0000000000
-587.4778262213  0.0000000000  0.0000000000  0.0000000000  0.0000000000
-586.2211891599  0.0000000000  0.0000000000  0.0000000000  0.0000000000
-584.9645520984  0.0000000000  0.0000000000  0.0000000000  0.0000000000
-583.7079150370  0.0000000000  0.0000000000  0.0000000000  0.0000000000
-582.4512779755  0.0000000000  0.0000000000  0.0000000000  0.0000000000
-581.1946409141  0.0000000000  0.0000000000  0.0000000000  0.0000000000
-579.9380038527  0.0000000000  0.0000000000  0.0000000000  0.0000000000
-578.6813667912  0.0000000000  0.0000000000  0.0000000000  0.0000000000
-577.4247297298  0.0000000000  0.0000000000  0.0000000000  0.0000000000
-576.1680926684  0.0000000000  0.0000000000  0.0000000000  0.0000000000
-574.9114556069  0.0000000000  0.0000000000  0.0000000000  0.0000000000
-573.6548185455  0.0000000000  0.0000000000  0.0000000000  0.0000000000
-572.3981814841  0.0000000000  0.0000000000  0.0000000000  0.0000000000
-571.1415444226  0.0000000000  0.0000000000  0.0000000000  0.0000000000
-569.8849073612  0.0000000000  0.0000000000  0.0000000000  0.0000000000
-568.6282702998  0.0000000000  0.0000000000  0.0000000000  0.0000000000
-567.3716332383  0.0000000000  0.0000000000  0.0000000000  0.0000000000
-566.1149961769  0.0000000000  0.0000000000  0.0000000000  0.0000000000
-564.8583591154  0.0000000000  0.0000000000  0.0000000000  0.0000000000
-563.6017220540  0.0000000000  0.0000000000  0.0000000000  0.0000000000
-562.3450849926  0.0000000000  0.0000000000  0.0000000000  0.0000000000
-561.0884479311  0.0000000000  0.0000000000  0.0000000000  0.0000000000
-559.8318108697  0.0000000000  0.0000000000  0.0000000000  0.0000000000
-558.5751738083  0.0000000000  0.0000000000  0.0000000000  0.0000000000
-557.3185367468  0.0000000000  0.0000000000  0.0000000000  0.0000000000
-556.0618996854  0.0000000000  0.0000000000  0.0000000000  0.0000000000
-554.8052626240  0.0000000000  0.0000000000  0.0000000000  0.0000000000
-553.5486255625  0.0000000000  0.0000000000  0.0000000000  0.0000000000
-552.2919885011  0.0000000000  0.0000000000  0.0000000000  0.0000000000
-551.0353514396  0.0000000000  0.0000000000  0.0000000000  0.0000000000
-549.7787143782  0.0000000000  0.0000000000  0.0000000000  0.0000000000
-548.5220773168  0.0000000000  0.0000000000  0.0000000000  0.0000000000
-547.2654402553  0.0000000000  0.0000000000  0.0000000000  0.0000000000
-546.0088031939  0.0000000000  0.0000000000  0.0000000000  0.0000000000
-544.7521661325  0.0000000000  0.0000000000  0.0000000000  0.0000000000
-543.4955290710  0.0000000000  0.0000000000  0.0000000000  0.0000000000
-542.2388920096  0.0000000000  0.0000000000  0.0000000000  0.0000000000
-540.9822549482  0.0000000000  0.0000000000  0.0000000000  0.0000000000
-539.7256178867  0.0000000000  0.0000000000  0.0000000000  0.0000000000
-538.4689808253  0.0000000000  0.0000000000  0.0000000000  0.0000000000
-537.2123437639  0.0000000000  0.0000000000  0.0000000000  0.0000000000
-535.9557067024  0.0000000000  0.0000000000  0.0000000000  0.0000000000
-534.6990696410  0.0000000000  0.0000000000  0.0000000000  0.0000000000
-533.4424325795  0.0000000000  0.0000000000  0.0000000000  0.0000000000
-532.1857955181  0.0000000000  0.0000000000  0.0000000000  0.0000000000
-530.9291584567  0.0000000000  0.0000000000  0.0000000000  0.0000000000
-529.6725213952  0.0000000000  0.0000000000  0.0000000000  0.0000000000
-528.4158843338  0.0000000000  0.0000000000  0.0000000000  0.0000000000
-527.1592472724  0.0000000000  0.0000000000  0.0000000000  0.0000000000
-525.9026102109  0.0000000000  0.0000000000  0.0000000000  0.0000000000
-524.6459731495  0.0000000000  0.0000000000  0.0000000000  0.0000000000
-523.3893360881  0.0000000000  0.0000000000  0.0000000000  0.0000000000
-522.1326990266  0.0000000000  0.0000000000  0.0000000000  0.0000000000
-520.8760619652  0.0000000000  0.0000000000  0.0000000000  0.0000000000
-519.6194249038  0.0000000000  0.0000000000  0.0000000000  0.0000000000
-518.3627878423  0.0000000000  0.0000000000  0.0000000000  0.0000000000
-517.1061507809  0.0000000000  0.0000000000  0.0000000000  0.0000000000
-515.8495137194  0.0000000000  0.0000000000  0.0000000000  0.0000000000
-514.5928766580  0.0000000000  0.0000000000  0.0000000000  0.0000000000
-513.3362395966  0.0000000000  0.0000000000  0.0000000000  0.0000000000
-512.0796025351  0.0000000000  0.0000000000  0.0000000000  0.0000000000
-510.8229654737  0.0000000000  0.0000000000  0.0000000000  0.0000000000
-509.5663284123  0.0000000000  0.0000000000  0.0000000000  0.0000000000
-508.3096913508  0.0000000000  0.0000000000  0.0000000000  0.0000000000
-507.0530542894  0.0000000000  0.0000000000  0.0000000000  0.0000000000
-505.7964172280  0.0000000000  0.0000000000  0.0000000000  0.0000000000
-504.5397801665  0.0000000000  0.0000000000  0.0000000000  0.0000000000
-503.2831431051  0.0000000000  0.0000000000  0.0000000000  0.0000000000
-502.0265060436  0.0000000000  0.0000000000  0.0000000000  0.0000000000
-500.7698689822  0.0000000000  0.0000000000  0.0000000000  0.0000000000
-499.5132319208  0.0000000000  0.0000000000  0.0000000000  0.0000000000
-498.2565948593  0.0000000000  0.0000000000  0.0000000000  0.0000000000
-496.9999577979  0.0000000000  0.0000000000  0.0000000000  0.0000000000
-495.7433207365  0.0000000000  0.0000000000  0.0000000000  0.0000000000
-494.4866836750  0.0000000000  0.0000000000  0.0000000000  0.0000000000
-493.2300466136  0.0000000000  0.0000000000  0.0000000000  0.0000000000
-491.9734095522  0.0000000000  0.0000000000  0.0000000000  0.0000000000
-490.7167724907  0.0000000000  0.0000000000  0.0000000000  0.0000000000
-489.4601354293  0.0000000000  0.0000000000  0.0000000000  0.0000000000
-488.2034983679  0.0000000000  0.0000000000  0.0000000000  0.0000000000
-486.9468613064  0.0000000000  0.0000000000  0.0000000000  0.0000000000
-485.6902242450  0.0000000000  0.0000000000  0.0000000000  0.0000000000
-484.4335871835  0.0000000000  0.0000000000  0.0000000000  0.0000000000
-483.1769501221  0.0000000000  0.0000000000  0.0000000000  0.0000000000
-481.9203130607  0.0000000000  0.0000000000  0.0000000000  0.0000000000
-480.6636759992  0.0000000000  0.0000000000  0.0000000000  0.0000000000
-479.4070389378  0.0000000000  0.0000000000  0.0000000000  0.0000000000
-478.1504018764  0.0000000000  0.0000000000  0.0000000000  0.0000000000
-476.8937648149  0.0000000000  0.0000000000  0.0000000000  0.0000000000
-475.6371277535  0.0000000000  0.0000000000  0.0000000000  0.0000000000
-474.3804906921  0.0000000000  0.0000000000  0.0000000000  0.0000000000
-473.1238536306  0.0000000000  0.0000000000  0.0000000000  0.0000000000
-471.8672165692  0.0000000000  0.0000000000  0.0000000000  0.0000000000
-470.6105795078  0.0000000000  0.0000000000  0.0000000000  0.0000000000
-469.3539424463  0.0000000000  0.0000000000  0.0000000000  0.0000000000
-468.0973053849  0.0000000000  0.0000000000  0.0000000000  0.0000000000
-466.8406683234  0.0000000000  0.0000000000  0.0000000000  0.0000000000
-465.5840312620  0.0000000000  0.0000000000  0.0000000000  0.0000000000
-464.3273942006  0.0000000000  0.0000000000  0.0000000000  0.0000000000
-463.0707571391  0.0000000000  0.0000000000  0.0000000000  0.0000000000
-461.8141200777  0.0000000000  0.0000000000  0.0000000000  0.0000000000
-460.5574830163  0.0000000000  0.0000000000  0.0000000000  0.0000000000
-459.3008459548  0.0000000000  0.0000000000  0.0000000000  0.0000000000
-458.0442088934  0.0000000000  0.0000000000  0.0000000000  0.0000000000
-456.7875718320  0.0000000000  0.0000000000  0.0000000000  0.0000000000
-455.5309347705  0.0000000000  0.0000000000  0.0000000000  0.0000000000
-454.2742977091  0.0000000000  0.0000000000  0.0000000000  0.0000000000
-453.0176606476  0.0000000000  0.0000000000  0.0000000000  0.0000000000
-451.7610235862  0.0000000000  0.0000000000  0.0000000000  0.0000000000
-450.5043865248  0.0000000000  0.0000000000  0.0000000000  0.0000000000
-449.2477494633  0.0000000000  0.0000000000  0.0000000000  0.0000000000
-447.9911124019  0.0000000000  0.0000000000  0.0000000000  0.0000000000
-446.7344753405  0.0000000000  0.0000000000  0.0000000000  0.0000000000
-445.4778382790  0.0000000000  0.0000000000  0.0000000000  0.0000000000
-444.2212012176  0.0000000000  0.0000000000  0.0000000000  0.0000000000
-442.9645641562  0.0000000000  0.0000000000  0.0000000000  0.0000000000
-441.7079270947  0.0000000000  0.0000000000  0.0000000000  0.0000000000
-440.4512900333  0.0000000000  0.0000000000  0.0000000000  0.0000000000
-439.1946529719  0.0000000000  0.0000000000  0.0000000000  0.0000000000
-437.9380159104  0.0000000000  0.0000000000  0.0000000000  0.0000000000
-436.6813788490  0.0000000000  0.0000000000  0.0000000000  0.0000000000
-435.4247417875  0.0000000000  0.0000000000  0.0000000000  0.0000000000
-434.1681047261  0.0000000000  0.0000000000  0.0000000000  0.0000000000
-432.9114676647  0.0000000000  0.0000000000  0.0000000000  0.0000000000
-431.6548306032  0.0000000000  0.0000000000  0.0000000000  0.0000000000
-430.3981935418  0.0000000000  0.0000000000  0.0000000000  0.0000000000
-429.1415564804  0.0000000000  0.0000000000  0.0000000000  0.0000000000
-427.8849194189  0.0000000000  0.0000000000  0.0000000000  0.0000000000
-426.6282823575  0.0000000000  0.0000000000  0.0000000000  0.0000000000
-425.3716452961  0.0000000000  0.0000000000  0.0000000000  0.0000000000
-424.1150082346  0.0000000000  0.0000000000  0.0000000000  0.0000000000
-422.8583711732  0.0000000000  0.0000000000  0.0000000000  0.0000000000
-421.6017341118  0.0000000000  0.0000000000  0.0000000000  0.0000000000
-420.3450970503  0.0000000000  0.0000000000  0.0000000000  0.0000000000
-419.0884599889  0.0000000000  0.0000000000  0.0000000000  0.0000000000
-417.8318229274  0.0000000000  0.0000000000  0.0000000000  0.0000000000
-416.5751858660  0.0000000000  0.0000000000  0.0000000000  0.0000000000
-415.3185488046  0.0000000000  0.0000000000  0.0000000000  0.0000000000
-414.0619117431  0.0000000000  0.0000000000  0.0000000000  0.0000000000
-412.8052746817  0.0000000000  0.0000000000  0.0000000000  0.0000000000
-411.5486376203  0.0000000000  0.0000000000  0.0000000000  0.0000000000
-410.2920005588  0.0000000000  0.0000000000  0.0000000000  0.0000000000
-409.0353634974  0.0000000000  0.0000000000  0.0000000000  0.0000000000
-407.7787264360  0.0000000000  0.0000000000  0.0000000000  0.0000000000
-406.5220893745  0.0000000000  0.0000000000  0.0000000000  0.0000000000
-405.2654523131  0.0000000000  0.0000000000  0.0000000000  0.0000000000
-404.0088152516  0.0000000000  0.0000000000  0.0000000000  0.0000000000
-402.7521781902  0.0000000000  0.0000000000  0.0000000000  0.0000000000
-401.4955411288  0.0000000000  0.0000000000  0.0000000000  0.0000000000
-400.2389040673  0.0000000000  0.0000000000  0.0000000000  0.0000000000
-398.9822670059  0.0000000000  0.0000000000  0.0000000000  0.0000000000
-397.7256299445  0.0000000000  0.0000000000  0.0000000000  0.0000000000
-396.4689928830  0.0000000000  0.0000000000  0.0000000000  0.0000000000
-395.2123558216  0.0000000000  0.0000000000  0.0000000000  0.0000000000
-393.9557187602  0.0000000000  0.0000000000  0.0000000000  0.0000000000
-392.6990816987  0.0000000000  0.0000000000  0.0000000000  0.0000000000
-391.4424446373  0.0000000000  0.0000000000  0.0000000000  0.0000000000
-390.1858075759  0.0000000000  0.0000000000  0.0000000000  0.0000000000
-388.9291705144  0.0000000000  0.0000000000  0.0000000000  0.0000000000
-387.6725334530  0.0000000000  0.0000000000  0.0000000000  0.0000000000
-386.4158963915  0.0000000000  0.0000000000  0.0000000000  0.0000000000
-385.1592593301  0.0000000000  0.0000000000  0.0000000000  0.0000000000
-383.9026222687  0.0000000000  0.0000000000  0.0000000000  0.0000000000
-382.6459852072  0.0000000000  0.0000000000  0.0000000000  0.0000000000
-381.3893481458  0.0000000000  0.0000000000  0.0000000000  0.0000000000
-380.1327110844  0.0000000000  0.0000000000  0.0000000000  0.0000000000
-378.8760740229  0.0000000000  0.0000000000  0.0000000000  0.0000000000
-377.6194369615  0.0000000000  0.0000000000  0.0000000000  0.0000000000
-376.3627999001  0.0000000000  0.0000000000  0.0000000000  0.0000000000
-375.1061628386  0.0000000000  0.0000000000  0.0000000000  0.0000000000
-373.8495257772  0.0000000000  0.0000000000  0.0000000000  0.0000000000
-372.5928887157  0.0000000000  0.0000000000  0.0000000000  0.0000000000
-371.3362516543  0.0000000000  0.0000000000  0.0000000000  0.0000000000
-370.0796145929  0.0000000000  0.0000000000  0.0000000000  0.0000000000
-368.8229775314  0.0000000000  0.0000000000  0.0000000000  0.0000000000
-367.5663404700  0.0000000000  0.0000000000  0.0000000000  0.0000000000
-366.3097034086  0.0000000000  0.0000000000  0.0000000000  0.0000000000
-365.0530663471  0.0000000000  0.0000000000  0.0000000000  0.0000000000
-363.7964292857  0.0000000000  0.0000000000  0.0000000000  0.0000000000
-362.5397922243  0.0000000000  0.0000000000  0.0000000000  0.0000000000
-361.2831551628  0.0000000000  0.0000000000  0.0000000000  0.0000000000
-360.0265181014  0.0000000000  0.0000000000  0.0000000000  0.0000000000
-358.7698810400  0.0000000000  0.0000000000  0.0000000000  0.0000000000
-357.5132439785  0.0000000000  0.0000000000  0.0000000000  0.0000000000
-356.2566069171  0.0000000000  0.0000000000  0.0000000000  0.0000000000
-354.9999698556  0.0000000000  0.0000000000  0.0000000000  0.0000000000
-353.7433327942  0.0000000000  0.0000000000  0.0000000000  0.0000000000
-352.4866957328  0.0000000000  0.0000000000  0.0000000000  0.0000000000
-351.2300586713  0.0000000000  0.0000000000  0.0000000000  0.0000000000
-349.9734216099  0.0000000000  0.0000000000  0.0000000000  0.0000000000
-348.7167845485  0.0000000000  0.0000000000  0.0000000000  0.0000000000
-347.4601474870  0.0000000000  0.0000000000  0.0000000000  0.0000000000
-346.2035104256  0.0000000000  0.0000000000  0.0000000000  0.0000000000
-344.9468733642  0.0000000000  0.0000000000  0.0000000000  0.0000000000
-343.6902363027  0.0000000000  0.0000000000  0.0000000000  0.0000000000
-342.4335992413  0.0000000000  0.0000000000  0.0000000000  0.0000000000
-341.1769621799  0.0000000000  0.0000000000  0.0000000000  0.0000000000
-339.9203251184  0.0000000000  0.0000000000  0.0000000000  0.0000000000
-338.6636880570  0.0000000000  0.0000000000  0.0000000000  0.0000000000
-337.4070509955  0.0000000000  0.0000000000  0.0000000000  0.0000000000
-336.1504139341  0.0000000000  0.0000000000  0.0000000000  0.0000000000
-334.8937768727  0.0000000000  0.0000000000  0.0000000000  0.0000000000
-333.6371398112  0.0000000000  0.0000000000  0.0000000000  0.0000000000
-332.3805027498  0.0000000000  0.0000000000  0.0000000000  0.0000000000
-331.1238656884  0.0000000000  0.0000000000  0.0000000000  0.0000000000
-329.8672286269  0.0000000000  0.0000000000  0.0000000000  0.0000000000
-328.6105915655  0.0000000000  0.0000000000  0.0000000000  0.0000000000
-327.3539545041  0.0000000000  0.0000000000  0.0000000000  0.0000000000
-326.0973174426  0.0000000000  0.0000000000  0.0000000000  0.0000000000
-324.8406803812  0.0000000000  0.0000000000  0.0000000000  0.0000000000
-323.5840433197  0.0000000000  0.0000000000  0.0000000000  0.0000000000
-322.3274062583  0.0000000000  0.0000000000  0.0000000000  0.0000000000
-321.0707691969  0.0000000000  0.0000000000  0.0000000000  0.0000000000
-319.8141321354  0.0000000000  0.0000000000  0.0000000000  0.0000000000
-318.5574950740  0.0000000000  0.0000000000  0.0000000000  0.0000000000
-317.3008580126  0.0000000000  0.0000000000  0.0000000000  0.0000000000
-316.0442209511  0.0000000000  0.0000000000  0.0000000000  0.0000000000
-314.7875838897  0.0000000000  0.0000000000  0.0000000000  0.0000000000
-313.5309468283  0.0000000000  0.0000000000  0.0000000000  0.0000000000
-312.2743097668  0.0000000000  0.0000000000  0.0000000000  0.0000000000
-311.0176727054  0.0000000000  0.0000000000  0.0000000000  0.0000000000
-309.7610356440  0.0000000000  0.0000000000  0.0000000000  0.0000000000
-308.5043985825  0.0000000000  0.0000000000  0.0000000000  0.0000000000
-307.2477615211  0.0000000000  0.0000000000  0.0000000000  0.0000000000
-305.9911244596  0.0000000000  0.0000000000  0.0000000000  0.0000000000
-304.7344873982  0.0000000000  0.0000000000  0.0000000000  0.0000000000
-303.4778503368  0.0000000000  0.0000000000  0.0000000000  0.0000000000
-302.2212132753  0.0000000000  0.0000000000  0.0000000000  0.0000000000
-300.9645762139  0.0000000000  0.0000000000  0.0000000000  0.0000000000
-299.7079391525  0.0000000000  0.0000000000  0.0000000000  0.0000000000
-298.4513020910  0.0000000000  0.0000000000  0.0000000000  0.0000000000
-297.1946650296  0.0000000000  0.0000000000  0.0000000000  0.0000000000
-295.9380279682  0.0000000000  0.0000000000  0.0000000000  0.0000000000
-294.6813909067  0.0000000000  0.0000000000  0.0000000000  0.0000000000
-293.4247538453  0.0000000000  0.0000000000  0.0000000000  0.0000000000
-292.1681167839  0.0000000000  0.0000000000  0.0000000000  0.0000000000
-290.9114797224  0.0000000000  0.0000000000  0.0000000000  0.0000000000
-289.6548426610  0.0000000000  0.0000000000  0.0000000000  0.0000000000
-288.3982055995  0.0000000000  0.0000000000  0.0000000000  0.0000000000
-287.1415685381  0.0000000000  0.0000000000  0.0000000000  0.0000000000
-285.8849314767  0.0000000000  0.0000000000  0.0000000000  0.0000000000
-284.6282944152  0.0000000000  0.0000000000  0.0000000000  0.0000000000
-283.3716573538  0.0000000000  0.0000000000  0.0000000000  0.0000000000
-282.1150202924  0.0000000000  0.0000000000  0.0000000000  0.0000000000
-280.8583832309  0.0000000000  0.0000000000  0.0000000000  0.0000000000
-279.6017461695  0.0000000000  0.0000000000  0.0000000000  0.0000000000
-278.3451091081  0.0000000000  0.0000000000  0.0000000000  0.0000000000
-277.0884720466  0.0000000000  0.0000000000  0.0000000000  0.0000000000
-275.8318349852  0.0000000000  0.0000000000  0.0000000000  0.0000000000
-274.5751979237  0.0000000000  0.0000000000  0.0000000000  0.0000000000
-273.3185608623  0.0000000000  0.0000000000  0.0000000000  0.0000000000
-272.0619238009  0.0000000000  0.0000000000  0.0000000000  0.0000000000
-270.8052867394  0.0000000000  0.0000000000  0.0000000000  0.0000000000
-269.5486496780  0.0000000000  0.0000000000  0.0000000000  0.0000000000
-268.2920126166  0.0000000000  0.0000000000  0.0000000000  0.0000000000
-267.0353755551  0.0000000000  0.0000000000  0.0000000000  0.0000000000
-265.7787384937  0.0000000000  0.0000000000  0.0000000000  0.0000000000
-264.5221014323  0.0000000000  0.0000000000  0.0000000000  0.0000000000
-263.2654643708  0.0000000000  0.0000000000  0.0000000000  0.0000000000
-262.0088273094  0.0000000000  0.0000000000  0.0000000000  0.0000000000
-260.7521902480  0.0000000000  0.0000000000  0.0000000000  0.0000000000
-259.4955531865  0.0000000000  0.0000000000  0.0000000000  0.0000000000
-258.2389161251  0.0000000000  0.0000000000  0.0000000000  0.0000000000
-256.9822790636  0.0000000000  0.0000000000  0.0000000000  0.0000000000
-255.7256420022  0.0000000000  0.0000000000  0.0000000000  0.0000000000
-254.4690049408  0.0000000000  0.0000000000  0.0000000000  0.0000000000
-253.2123678793  0.0000000000  0.0000000000  0.0000000000  0.0000000000
-251.9557308179  0.0000000000  0.0000000000  0.0000000000  0.0000000000
-250.6990937565  0.0000000000  0.0000000000  0.0000000000  0.0000000000
-249.4424566950  0.0000000000  0.0000000000  0.0000000000  0.0000000000
-248.1858196336  0.0000000000  0.0000000000  0.0000000000  0.0000000000
-246.9291825722  0.0000000000  0.0000000000  0.0000000000  0.0000000000
-245.6725455107  0.0000000000  0.0000000000  0.0000000000  0.0000000000
-244.4159084493  0.0000000000  0.0000000000  0.0000000000  0.0000000000
-243.1592713878  0.0000000000  0.0000000000  0.0000000000  0.0000000000
-241.9026343264  0.0000000000  0.0000000000  0.0000000000  0.0000000000
-240.6459972650  0.0000000000  0.0000000000  0.0000000000  0.0000000000
-239.3893602035  0.0000000000  0.0000000000  0.0000000000  0.0000000000
-238.1327231421  0.0000000000  0.0000000000  0.0000000000  0.0000000000
-236.8760860807  0.0000000000  0.0000000000  0.0000000000  0.0000000000
-235.6194490192  0.0000000000  0.0000000000  0.0000000000  0.0000000000
-234.3628119578  0.0000000000  0.0000000000  0.0000000000  0.0000000000
-233.1061748964  0.0000000000  0.0000000000  0.0000000000  0.0000000000
-231.8495378349  0.0000000000  0.0000000000  0.0000000000  0.0000000000
-230.5929007735  0.0000000000  0.0000000000  0.0000000000  0.0000000000
-229.3362637121  0.0000000000  0.0000000000  0.0000000000  0.0000000000
-228.0796266506  0.0000000000  0.0000000000  0.0000000000  0.0000000000
-226.8229895892  0.0000000000  0.0000000000  0.0000000000  0.0000000000
-225.5663525277  0.0000000000  0.0000000000  0.0000000000  0.0000000000
-224.3097154663  0.0000000000  0.0000000000  0.0000000000  0.0000000000
-223.0530784049  0.0000000000  0.0000000000  0.0000000000  0.0000000000
-221.7964413434  0.0000000000  0.0000000000  0.0000000000  0.0000000000
-220.5398042820  0.0000000000  0.0000000000  0.0000000000  0.0000000000
-219.2831672206  0.0000000000  0.0000000000  0.0000000000  0.0000000000
-218.0265301591  0.0000000000  0.0000000000  0.0000000000  0.0000000000
-216.7698930977  0.0000000000  0.0000000000  0.0000000000  0.0000000000
-215.5132560363  0.0000000000  0.0000000000  0.0000000000  0.0000000000
-214.2566189748  0.0000000000  0.0000000000  0.0000000000  0.0000000000
-212.9999819134  0.0000000000  0.0000000000  0.0000000000  0.0000000000
-211.7433448520  0.0000000000  0.0000000000  0.0000000000  0.0000000000
-210.4867077905  0.0000000000  0.0000000000  0.0000000000  0.0000000000
-209.2300707291  0.0000000000  0.0000000000  0.0000000000  0.0000000000
-207.9734336676  0.0000000000  0.0000000000  0.0000000000  0.0000000000
-206.7167966062  0.0000000000  0.0000000000  0.0000000000  0.0000000000
-205.4601595448  0.0000000000  0.0000000000  0.0000000000  0.0000000000
-204.2035224833  0.0000000000  0.0000000000  0.0000000000  0.0000000000
-202.9468854219  0.0000000000  0.0000000000  0.0000000000  0.0000000000
-201.6902483605  0.0000000000  0.0000000000  0.0000000000  0.0000000000
-200.4336112990  0.0000000000  0.0000000000  0.0000000000  0.0000000000
-199.1769742376  0.0000000000  0.0000000000  0.0000000000  0.0000000000
-197.9203371762  0.0000000000  0.0000000000  0.0000000000  0.0000000000
-196.6637001147  0.0000000000  0.0000000000  0.0000000000  0.0000000000
-195.4070630533  0.0000000000  0.0000000000  0.0000000000  0.0000000000
-194.1504259918  0.0000000000  0.0000000000  0.0000000000  0.0000000000
-192.8937889304  0.0000000000  0.0000000000  0.0000000000  0.0000000000
-191.6371518690  0.0000000000  0.0000000000  0.0000000000  0.0000000000
-190.3805148075  0.0000000000  0.0000000000  0.0000000000  0.0000000000
-189.1238777461  0.0000000000  0.0000000000  0.0000000000  0.0000000000
-187.8672406847  0.0000000000  0.0000000000  0.0000000000  0.0000000000
-186.6106036232  0.0000000000  0.0000000000  0.0000000000  0.0000000000
-185.3539665618  0.0000000000  0.0000000000  0.0000000000  0.0000000000
-184.0973295004  0.0000000000  0.0000000000  0.0000000000  0.0000000000
-182.8406924389  0.0000000000  0.0000000000  0.0000000000  0.0000000000
-181.5840553775  0.0000000000  0.0000000000  0.0000000000  0.0000000000
-180.3274183161  0.0000000000  0.0000000000  0.0000000000  0.0000000000
-179.0707812546  0.0000000000  0.0000000000  0.0000000000  0.0000000000
-177.8141441932  0.0000000000  0.0000000000  0.0000000000  0.0000000000
-176.5575071317  0.0000000000  0.0000000000  0.0000000000  0.0000000000
-175.3008700703  0.0000000000  0.0000000000  0.0000000000  0.0000000000
-174.0442330089  0.0000000000  0.0000000000  0.0000000000  0.0000000000
-172.7875959474  0.0000000000  0.0000000000  0.0000000000  0.0000000000
-171.5309588860  0.0000000000  0.0000000000  0.0000000000  0.0000000000
-170.2743218246  0.0000000000  0.0000000000  0.0000000000  0.0000000000
-169.0176847631  0.0000000000  0.0000000000  0.0000000000  0.0000000000
-167.7610477017  0.0000000000  0.0000000000  0.0000000000  0.0000000000
-166.5044106403  0.0000000000  0.0000000000  0.0000000000  0.0000000000
-165.2477735788  0.0000000000  0.0000000000  0.0000000000  0.0000000000
-163.9911365174  0.0000000000  0.0000000000  0.0000000000  0.0000000000
-162.7344994560  0.0000000000  0.0000000000  0.0000000000  0.0000000000
-161.4778623945  0.0000000000  0.0000000000  0.0000000000  0.0000000000
-160.2212253331  0.0000000000  0.0000000000  0.0000000000  0.0000000000
-158.9645882716  0.0000000000  0.0000000000  0.0000000000  0.0000000000
-157.7079512102  0.0000000000  0.0000000000  0.0000000000  0.0000000000
-156.4513141488  0.0000000000  0.0000000000  0.0000000000  0.0000000000
-155.1946770873  0.0000000000  0.0000000000  0.0000000000  0.0000000000
-153.9380400259  0.0000000000  0.0000000000  0.0000000000  0.0000000000
-152.6814029645  0.0000000000  0.0000000000  0.0000000000  0.0000000000
-151.4247659030  0.0000000000  0.0000000000  0.0000000000  0.0000000000
-150.1681288416  0.0000000000  0.0000000000  0.0000000000  0.0000000000
-148.9114917802  0.0000000000  0.0000000000  0.0000000000  0.0000000000
-147.6548547187  0.0000000000  0.0000000000  0.0000000000  0.0000000000
-146.3982176573  0.0000000000  0.0000000000  0.0000000000  0.0000000000
-145.1415805958  0.0000000000  0.0000000000  0.0000000000  0.0000000000
-143.8849435344  0.0000000000  0.0000000000  0.0000000000  0.0000000000
-142.6283064730  0.0000000000  0.0000000000  0.0000000000  0.0000000000
-141.3716694115  0.0000000000  0.0000000000  0.0000000000  0.0000000000
-140.1150323501  0.0000000000  0.0000000000  0.0000000000  0.0000000000
-138.8583952887  0.0000000000  0.0000000000  0.0000000000  0.0000000000
-137.6017582272  0.0000000000  0.0000000000  0.0000000000  0.0000000000
-136.3451211658  0.0000000000  0.0000000000  0.0000000000  0.0000000000
-135.0884841044  0.0000000000  0.0000000000  0.0000000000  0.0000000000
-133.8318470429  0.0000000000  0.0000000000  0.0000000000  0.0000000000
-132.5752099815  0.0000000000  0.0000000000  0.0000000000  0.0000000000
-131.3185729201  0.0000000000  0.0000000000  0.0000000000  0.0000000000
-130.0619358586  0.0000000000  0.0000000000  0.0000000000  0.0000000000
-128.8052987972  0.0000000000  0.0000000000  0.0000000000  0.0000000000
-127.5486617357  0.0000000000  0.0000000000  0.0000000000  0.0000000000
-126.2920246743  0.0000000000  0.0000000000  0.0000000000  0.0000000000
-125.0353876129  0.0000000000  0.0000000000  0.0000000000  0.0000000000
-123.7787505514  0.0000000000  0.0000000000  0.0000000000  0.0000000000
-122.5221134900  0.0000000000  0.0000000000  0.0000000000  0.0000000000
-121.2654764286  0.0000000000  0.0000000000  0.0000000000  0.0000000000
-120.0088393671  0.0000000000  0.0000000000  0.0000000000  0.0000000000
-118.7522023057  0.0000000000  0.0000000000  0.0000000000  0.0000000000
-117.4955652443  0.0000000000  0.0000000000  0.0000000000  0.0000000000
-116.2389281828  0.0000000000  0.0000000000  0.0000000000  0.0000000000
-114.9822911214  0.0000000000  0.0000000000  0.0000000000  0.0000000000
-113.7256540600  0.0000000000  0.0000000000  0.0000000000  0.0000000000
-112.4690169985  0.0000000000  0.0000000000  0.0000000000  0.0000000000
-111.2123799371  0.0000000000  0.0000000000  0.0000000000  0.0000000000
-109.9557428756  0.0000000000  0.0000000000  0.0000000000  0.0000000000
-108.6991058142  0.0000000000  0.0000000000  0.0000000000  0.0000000000
-107.4424687528  0.0000000000  0.0000000000  0.0000000000  0.0000000000
-106.1858316913  0.0000000000  0.0000000000  0.0000000000  0.0000000000
-104.9291946299  0.0000000000  0.0000000000  0.0000000000  0.0000000000
-103.6725575685  0.0000000000  0.0000000000  0.0000000000  0.0000000000
-102.4159205070  0.0000000000  0.0000000000  0.0000000000  0.0000000000
-101.1592834456  0.0000000000  0.0000000000  0.0000000000  0.0000000000
-99.9026463842  0.0000000000  0.0000000000  0.0000000000  0.0000000000
-98.6460093227  0.0000000000  0.0000000000  0.0000000000  0.0000000000
-97.3893722613  0.0000000000  0.0000000000  0.0000000000  0.0000000000
-96.1327351998  0.0000000000  0.0000000000  0.0000000000  0.0000000000
-94.8760981384  0.0000000000  0.0000000000  0.0000000000  0.0000000000
-93.6194610770  0.0000000000  0.0000000000  0.0000000000  0.0000000000
-92.3628240155  0.0000000000  0.0000000000  0.0000000000  0.0000000000
-91.1061869541  0.0000000000  0.0000000000  0.0000000000  0.0000000000
-89.8495498927  0.0000000000  0.0000000000  0.0000000000  0.0000000000
-88.5929128312  0.0000000000  0.0000000000  0.0000000000  0.0000000000
-87.3362757698  0.0000000000  0.0000000000  0.0000000000  0.0000000000
-86.0796387084  0.0000000000  0.0000000000  0.0000000000  0.0000000000
-84.8230016469  0.0000000000  0.0000000000  0.0000000000  0.0000000000
-83.5663645855  0.0000000000  0.0000000000  0.0000000000  0.0000000000
-82.3097275241  0.0000000000  0.0000000000  0.0000000000  0.0000000000
-81.0530904626  0.0000000000  0.0000000000  0.0000000000  0.0000000000
-79.7964534012  0.0000000000  0.0000000000  0.0000000000  0.0000000000
-78.5398163397  0.0000000000  0.0000000000  0.0000000000  0.0000000000
-77.2831792783  0.0000000000  0.0000000000  0.0000000000  0.0000000000
-76.0265422169  0.0000000000  0.0000000000  0.0000000000  0.0000000000
-74.7699051554  0.0000000000  0.0000000000  0.0000000000  0.0000000000
-73.5132680940  0.0000000000  0.0000000000  0.0000000000  0.0000000000
-72.2566310326  0.0000000000  0.0000000000  0.0000000000  0.0000000000
-70.9999939711  0.0000000000  0.0000000000  0.0000000000  0.0000000000
-69.7433569097  0.0000000000  0.0000000000  0.0000000000  0.0000000000
-68.4867198483  0.0000000000  0.0000000000  0.0000000000  0.0000000000
-67.2300827868  0.0000000000  0.0000000000  0.0000000000  0.0000000000
-65.9734457254  0.0000000000  0.0000000000  0.0000000000  0.0000000000
-64.7168086639  0.0000000000  0.0000000000  0.0000000000  0.0000000000
-63.4601716025  0.0000000000  0.0000000000  0.0000000000  0.0000000000
-62.2035345411  0.0000000000  0.0000000000  0.0000000000  0.0000000000
-60.9468974796  0.0000000000  0.0000000000  0.0000000000  0.0000000000
-59.6902604182  0.0000000000  0.0000000000  0.0000000000  0.0000000000
-58.4336233568  0.0000000000  0.0000000000  0.0000000000  0.0000000000
-57.1769862953  0.0000000000  0.0000000000  0.0000000000  0.0000000000
-55.9203492339  0.0000000000  0.0000000000  0.0000000000  0.0000000000
-54.6637121725  0.0000000000  0.0000000000  0.0000000000  0.0000000000
-53.4070751110  0.0000000000  0.0000000000  0.0000000000  0.0000000000
-52.1504380496  0.0000000000  0.0000000000  0.0000000000  0.0000000000
-50.8938009882  0.0000000000  0.0000000000  0.0000000000  0.0000000000
-49.6371639267  0.0000000000  0.0000000000  0.0000000000  0.0000000000
-48.3805268653  0.0000000000  0.0000000000  0.0000000000  0.0000000000
-47.1238898038  0.0000000000  0.0000000000  0.0000000000  0.0000000000
-45.8672527424  0.0000000000  0.0000000000  0.0000000000  0.0000000000
-44.6106156810  0.0000000000  0.0000000000  0.0000000000  0.0000000000
-43.3539786195  0.0000000000  0.0000000000  0.0000000000  0.0000000000
-42.0973415581  0.0000000000  0.0000000000  0.0000000000  0.0000000000
-40.8407044967  0.0000000000  0.0000000000  0.0000000000  0.0000000000
-39.5840674352  0.0000000000  0.0000000000  0.0000000000  0.0000000000
-38.3274303738  0.0000000000  0.0000000000  0.0000000000  0.0000000000
-37.0707933124  0.0000000000  0.0000000000  0.0000000000  0.0000000000
-35.8141562509  0.0000000000  0.0000000000  0.0000000000  0.0000000000
-34.5575191895  0.0000000000  0.0000000000  0.0000000000  0.0000000000
-33.3008821281  0.0000000000  0.0000000000  0.0000000000  0.0000000000
-32.0442450666  0.0000000000  0.0000000000  0.0000000000  0.0000000000
-30.7876080052  0.0000000000  0.0000000000  0.0000000000  0.0000000000
-29.5309709437  0.0000000000  0.0000000000  0.0000000000  0.0000000000
-28.2743338823  0.0000000000  0.0000000000  0.0000000000  0.0000000000
-27.0176968209  0.0000000000  0.0000000000  0.0000000000  0.0000000000
-25.7610597594  0.0000000000  0.0000000000  0.0000000000  0.0000000000
-24.5044226980  0.0000000000  0.0000000000  0.0000000000  0.0000000000
-23.2477856366  0.0000000000  0.0000000000  0.0000000000  0.0000000000
-21.9911485751  0.0000000000  0.0000000000  0.0000000000  0.0000000000
-20.7345115137  0.0000000000  0.0000000000  0.0000000000  0.0000000000
-19.4778744523  0.0000000000  0.0000000000  0.0000000000  0.0000000000
-18.2212373908  0.0000000000  0.0000000000  0.0000000000  0.0000000000
-16.9646003294  0.0000000000  0.0000000000  0.0000000000  0.0000000000
-15.7079632679  0.0000000000  0.0000000000  0.0000000000  0.0000000000
-14.4513262065  0.0000000000  0.0000000000  0.0000000000  0.0000000000
-13.1946891451  0.0000000000  0.0000000000  0.0000000000  0.0000000000
-11.9380520836  0.0000000000  0.0000000000  0.0000000000  0.0000000000
-10.6814150222  0.0000000000  0.0000000000  0.0000000000  0.0000000000
-9.4247779608  0.0000000000  0.0000000000  0.0000000000  0.0000000000
-8.1681408993  0.0000000000  0.0000000000  0.0000000000  0.0000000000
-6.9115038379  0.0000000000  0.0000000000  0.0000000000  0.0000000000
-5.6548667765  0.0000000000  0.0000000000  0.0000000000  0.0000000000
-4.3982297150  0.0000000000  0.0000000000  0.0000000000  0.0000000000
-3.1415926536  0.0000000000  0.0000000000  0.0000000000  0.0000000000
-1.8849555922  0.0000000000  0.0000000000  0.0000000000  -0.0000000491
-0.6283185307  0.0000000000  0.0000000000  0.0000004197  0.0000000000
0.6283185307  0.0000000000  0.0000000000  -0.2226146624  -0.2692399386
1.8849555922  0.0000000000  0.0000000000  -0.1984186510  -0.5051690050
3.1415926536  0.0000000000  0.0000000000  -0.1675321464  -0.5512332475
4.3982297150  0.0000000000  0.0000000000  -0.1381233309  -0.5261687083
5.6548667765  0.0000000000  0.0000000000  -0.1132642585  -0.4816785376
6.9115038379  0.0000000000  0.0000000000  -0.0931461059  -0.4358459909
8.1681408993  0.0000000000  0.0000000000  -0.0771158669  -0.3941373974
9.4247779608  0.0000000000  0.0000000000  -0.0643868965  -0.3576906374
10.6814150222  0.0000000000  0.0000000000  -0.0542520306  -0.3262494344
11.9380520836  0.0000000000  0.0000000000  -0.0461339350  -0.2991751800
13.1946891451  0.0000000000  0.0000000000  -0.0395806180  -0.2757914712
14.4513262065  0.0000000000  0.0000000000  -0.0342448966  -0.2554923915
15.7079632679  0.0000000000  0.0000000000  -0.0298620344  -0.2377666995
16.9646003294  0.0000000000  0.0000000000  -0.0262302920  -0.2221932968
18.2212373908  0.0000000000  0.0000000000  -0.0231954300  -0.2084283860
19.4778744523  0.0000000000  0.0000000000  -0.0206388615  -0.1961917012
20.7345115137  0.0000000000  0.0000000000  -0.0184687773  -0.1852542480
21.9911485751  0.0000000000  0.0000000000  -0.0166135550  -0.1754281255
23.2477856366  0.0000000000  0.0000000000  -0.0150168765  -0.1665583350
24.5044226980  0.0000000000  0.0000000000  -0.0136341038  -0.1585162792
25.7610597594  0.0000000000  0.0000000000  -0.0124295786  -0.1511946293
27.0176968209  0.0000000000  0.0000000000  -0.0113745978  -0.1445032752
28.2743338823  0.0000000000  0.0000000000  -0.0104458868  -0.1383661226
29.5309709437  0.0000000000  0.0000000000  -0.0096244398  -0.1327185514
30.7876080052  0.0000000000  0.0000000000  -0.0088946322  -0.1275053885
32.0442450666  0.0000000000  0.0000000000  -0.0082435367  -0.1226792832
33.3008821281  0.0000000000  0.0000000000  -0.0076603928  -0.1181993975
34.5575191895  0.0000000000  0.0000000000  -0.0071361917  -0.1140303460
35.8141562509  0.0000000000  0.0000000000  -0.0066633498  -0.1101413304
37.0707933124  0.0000000000  0.0000000000  -0.0062354498  -0.1065054325
38.3274303738  0.0000000000  0.0000000000  -0.0058470349  -0.1030990301
39.5840674352  0.0000000000  0.0000000000  -0.0054934429  -0.0999013151
40.8407044967  0.0000000000  0.0000000000  -0.0051706732  -0.0968938914
42.0973415581  0.0000000000  0.0000000000  -0.0048752779  -0.0940604398
43.3539786195  0.0000000000  0.0000000000  -0.0046042739  -0.0913864361
44.6106156810  0.0000000000  0.0000000000  -0.0043550701  -0.0888589134
45.8672527424  0.0000000000  0.0000000000  -0.0041254079  -0.0864662607
47.1238898038  0.0000000000  0.0000000000  -0.0039133114  -0.0841980524
48.3805268653  0.0000000000  0.0000000000  -0.0037170465  -0.0820449014
49.6371639267  0.0000000000  0.0000000000  -0.0035350866  -0.0799983343
50.8938009882  0.0000000000  0.0000000000  -0.0033660834  -0.0780506839
52.1504380496  0.0000000000  0.0000000000  -0.0032088429  -0.0761949959
53.4070751110  0.0000000000  0.0000000000  -0.0030623047  -0.0744249488
54.6637121725  0.0000000000  0.0000000000  -0.0029255245  -0.0727347837
55.9203492339  0.0000000000  0.0000000000  -0.0027976595  -0.0711192438
57.1769862953  0.0000000000  0.0000000000  -0.0026779552  -0.0695735209
58.4336233568  0.0000000000  0.0000000000  -0.0025657352  -0.0680932090
59.6902604182  0.0000000000  0.0000000000  -0.0024603912  -0.0666742632
60.9468974796  0.0000000000  0.0000000000  -0.0023613752  -0.0653129636
62.2035345411  0.0000000000  0.0000000000  -0.0022681927  -0.0640058838
63.4601716025  0.0000000000  0.0000000000  -0.0021803960  -0.0627498623
64.7168086639  0.0000000000  0.0000000000  -0.0020975798  -0.0615419775
65.9734457254  0.0000000000  0.0000000000  -0.0020193756  -0.0603795258
67.2300827868  0.0000000000  0.0000000000  -0.0019454487  -0.0592600014
68.4867198483  0.0000000000  0.0000000000  -0.0018754937  -0.0581810786
69.7433569097  0.0000000000  0.0000000000  -0.0018092322  -0.0571405964
70.9999939711  0.0000000000  0.0000000000  -0.0017464095  -0.0561365436
72.2566310326  0.0000000000  0.0000000000  -0.0016867925  -0.0551670466
73.5132680940  0.0000000000  0.0000000000  -0.0016301674  -0.0542303575
74.7699051554  0.0000000000  0.0000000000  -0.0015763379  -0.0533248442
76.0265422169  0.0000000000  0.0000000000  -0.0015251236  -0.0524489806
77.2831792783  0.0000000000  0.0000000000  -0.0014763581  -0.0516013382
78.5398163397  0.0000000000  0.0000000000  -0.0014298883  -0.0507805787
79.7964534012  0.0000000000  0.0000000000  -0.0013855726  -0.0499854468
81.0530904626  0.0000000000  0.0000000000  -0.0013432804  -0.0492147640
82.3097275241  0.0000000000  0.0000000000  -0.0013028905  -0.0484674226
83.5663645855  0.0000000000  0.0000000000  -0.0012642909  -0.0477423809
84.8230016469  0.0000000000  0.0000000000  -0.0012273775  -0.0470386578
86.0796387084  0.0000000000  0.0000000000  -0.0011920537  -0.0463553292
87.3362757698  0.0000000000  0.0000000000  -0.0011582298  -0.0456915230
88.5929128312  0.0000000000  0.0000000000  -0.0011258223  -0.0450464165
89.8495498927  0.0000000000  0.0000000000  -0.0010947533  -0.0444192323
91.1061869541  0.0000000000  0.0000000000  -0.0010649502  -0.0438092352
92.3628240155  0.0000000000  0.0000000000  -0.0010363453  -0.0432157298
93.6194610770  0.0000000000  0.0000000000  -0.0010088755  -0.0426380577
94.8760981384  0.0000000000  0.0000000000  -0.0009824814  -0.0420755948
96.1327351998  0.0000000000  0.0000000000  -0.0009571079  -0.0415277496
97.3893722613  0.0000000000  0.0000000000  -0.0009327030  -0.0409939605
98.6460093227  0.0000000000  0.0000000000  -0.0009092181  -0.0404736944
99.9026463842  0.0000000000  0.0000000000  -0.0008866076  -0.0399664448
101.1592834456  0.0000000000  0.0000000000  -0.0008648288  -0.0394717301
102.4159205070  0.0000000000  0.0000000000  -0.0008438415  -0.0389890922
103.6725575685  0.0000000000  0.0000000000  -0.0008236077  -0.0385180948
104.9291946299  0.0000000000  0.0000000000  -0.0008040919  -0.0380583227
106.1858316913  0.0000000000  0.0000000000  -0.0007852606  -0.0376093798
107.4424687528  0.0000000000  0.0000000000  -0.0007670822  -0.0371708886
108.6991058142  0.0000000000  0.0000000000  -0.0007495268  -0.0367424888
109.9557428756  0.0000000000  0.0000000000  -0.0007325665  -0.0363238366
111.2123799371  0.0000000000  0.0000000000  -0.0007161745  -0.0359146036
112.4690169985  0.0000000000  0.0000000000  -0.0007003260  -0.0355144758
113.7256540600  0.0000000000  0.0000000000  -0.0006849970  -0.0351231531
114.9822911214  0.0000000000  0.0000000000  -0.0006701652  -0.0347403485
116.2389281828  0.0000000000  0.0000000000  -0.0006558094  -0.0343657871
117.4955652443  0.0000000000  0.0000000000  -0.0006419093  -0.0339992060
118.7522023057  0.0000000000  0.0000000000  -0.0006284461  -0.0336403530
120.0088393671  0.0000000000  0.0000000000  -0.0006154015  -0.0332889867
121.2654764286  0.0000000000  0.0000000000  -0.0006027583  -0.0329448754
122.5221134900  0.0000000000  0.0000000000  -0.0005905004  -0.0326077971
123.7787505514  0.0000000000  0.0000000000  -0.0005786123  -0.0322775385
125.0353876129  0.0000000000  0.0000000000  -0.0005670791  -0.0319538950
126.2920246743  0.0000000000  0.0000000000  -0.0005558870  -0.0316366701
127.5486617357  0.0000000000  0.0000000000  -0.0005450227  -0.0313256748
128.8052987972  0.0000000000  0.0000000000  -0.0005344734  -0.0310207277
130.0619358586  0.0000000000  0.0000000000  -0.0005242272  -0.0307216543
131.3185729201  0.0000000000  0.0000000000  -0.0005142725  -0.0304282865
132.5752099815  0.0000000000  0.0000000000  -0.0005045985  -0.0301404629
133.8318470429  0.0000000000  0.0000000000  -0.0004951945  -0.0298580279
135.0884841044  0.0000000000  0.0000000000  -0.0004860508  -0.0295808318
136.3451211658  0.0000000000  0.0000000000  -0.0004771578  -0.0293087302
137.6017582272  0.0000000000  0.0000000000  -0.0004685065  -0.0290415841
138.8583952887  0.0000000000  0.0000000000  -0.0004600881  -0.0287792595
140.1150323501  0.0000000000  0.0000000000  -0.0004518943  -0.0285216272
141.3716694115  0.0000000000  0.0000000000  -0.0004439174  -0.0282685624
142.6283064730  0.0000000000  0.0000000000  -0.0004361496  -0.0280199450
143.8849435344  0.0000000000  0.0000000000  -0.0004285838  -0.0277756587
145.1415805958  0.0000000000  0.0000000000  -0.0004212129  -0.0275355915
146.3982176573  0.0000000000  0.0000000000  -0.0004140305  -0.0272996351
147.6548547187  0.0000000000  0.0000000000  -0.0004070300  -0.0270676849
148.9114917802  0.0000000000  0.0000000000  -0.0004002055  -0.0268396398
150.1681288416  0.0000000000  0.0000000000  -0.0003935511  -0.0266154021
151.4247659030  0.0000000000  0.0000000000  -0.0003870611  -0.0263948773
152.6814029645  0.0000000000  0.0000000000  -0.0003807303  -0.0261779740
153.9380400259  0.0000000000  0.0000000000  -0.0003745533  -0.0259646038
155.1946770873  0.0000000000  0.0000000000  -0.0003685254  -0.0257546812
156.4513141488  0.0000000000  0.0000000000  -0.0003626418  -0.0255481233
157.7079512102  0.0000000000  0.0000000000  -0.0003568978  -0.0253448498
158.9645882716  0.0000000000  0.0000000000  -0.0003512891  -0.0251447833
160.2212253331  0.0000000000  0.0000000000  -0.0003458116  -0.0249478483
161.4778623945  0.0000000000  0.0000000000  -0.0003404610  -0.0247539721
162.7344994560  0.0000000000  0.0000000000  -0.0003352336  -0.0245630839
163.9911365174  0.0000000000  0.0000000000  -0.0003301256  -0.0243751152
165.2477735788  0.0000000000  0.0000000000  -0.0003251334  -0.0241899997
166.5044106403  0.0000000000  0.0000000000  -0.0003202535  -0.0240076728
167.7610477017  0.0000000000  0.0000000000  -0.0003154826  -0.0238280721
169.0176847631  0.0000000000  0.0000000000  -0.0003108175  -0.0236511370
170.2743218246  0.0000000000  0.0000000000  -0.0003062550  -0.0234768085
171.5309588860  0.0000000000  0.0000000000  -0.0003017921  -0.0233050295
172.7875959474  0.0000000000  0.0000000000  -0.0002974261  -0.0231357446
174.0442330089  0.0000000000  0.0000000000  -0.0002931541  -0.0229688998
175.3008700703  0.0000000000  0.0000000000  -0.0002889734  -0.0228044427
176.5575071317  0.0000000000  0.0000000000  -0.0002848814  -0.0226423226
177.8141441932  0.0000000000  0.0000000000  -0.0002808757  -0.0224824900
179.0707812546  0.0000000000  0.0000000000  -0.0002769539  -0.0223248968
180.3274183161  0.0000000000  0.0000000000  -0.0002731136  -0.0221694964
181.5840553775  0.0000000000  0.0000000000  -0.0002693525  -0.0220162432
182.8406924389  0.0000000000  0.0000000000  -0.0002656686  -0.0218650932
184.0973295004  0.0000000000  0.0000000000  -0.0002620597  -0.0217160034
185.3539665618  0.0000000000  0.0000000000  -0.0002585238  -0.0215689318
186.6106036232  0.0000000000  0.0000000000  -0.0002550590  -0.0214238380
187.8672406847  0.0000000000  0.0000000000  -0.0002516633  -0.0212806821
189.1238777461  0.0000000000  0.0000000000  -0.0002483349  -0.0211394258
190.3805148075  0.0000000000  0.0000000000  -0.0002450722  -0.0210000314
191.6371518690  0.0000000000  0.0000000000  -0.0002418732  -0.0208624625
192.8937889304  0.0000000000  0.0000000000  -0.0002387365  -0.0207266833
194.1504259918  0.0000000000  0.0000000000  -0.0002356603  -0.0205926592
195.4070630533  0.0000000000  0.0000000000  -0.0002326432  -0.0204603565
196.6637001147  0.0000000000  0.0000000000  -0.0002296837  -0.0203297421
197.9203371762  0.0000000000  0.0000000000  -0.0002267802  -0.0202007841
199.1769742376  0.0000000000  0.0000000000  -0.0002239315  -0.0200734510
200.4336112990  0.0000000000  0.0000000000  -0.0002211360  -0.0199477124
201.6902483605  0.0000000000  0.0000000000  -0.0002183926  -0.0198235385
202.9468854219  0.0000000000  0.0000000000  -0.0002156998  -0.0197009003
204.2035224833  0.0000000000  0.0000000000  -0.0002130566  -0.0195797696
205.4601595448  0.0000000000  0.0000000000  -0.0002104616  -0.0194601186
206.7167966062  0.0000000000  0.0000000000  -0.0002079137  -0.0193419205
207.9734336676  0.0000000000  0.0000000000  -0.0002054118  -0.0192251490
209.2300707291  0.0000000000  0.0000000000  -0.0002029547  -0.0191097784
210.4867077905  0.0000000000  0.0000000000  -0.0002005415  -0.0189957837
211.7433448520  0.0000000000  0.0000000000  -0.0001981710  -0.0188831404
212.9999819134  0.0000000000  0.0000000000  -0.0001958423  -0.0187718246
214.2566189748  0.0000000000  0.0000000000  -0.0001935544  -0.0186618130
215.5132560363  0.0000000000  0.0000000000  -0.0001913063  -0.0185530828
216.7698930977  0.0000000000  0.0000000000  -0.0001890972  -0.0184456118
218.0265301591  0.0000000000  0.0000000000  -0.0001869261  -0.0183393782
219.2831672206  0.0000000000  0.0000000000  -0.0001847922  -0.0182343608
220.5398042820  0.0000000000  0.0000000000  -0.0001826945  -0.0181305389
221.7964413434  0.0000000000  0.0000000000  -0.0001806324  -0.0180278921
223.0530784049  0.0000000000  0.0000000000  -0.0001786050  -0.0179264006
224.3097154663  0.0000000000  0.0000000000  -0.0001766115  -0.0178260451
225.5663525277  0.0000000000  0.0000000000  -0.0001746512  -0.0177268065
226.8229895892  0.0000000000  0.0000000000  -0.0001727233  -0.0176286663
228.0796266506  0.0000000000  0.0000000000  -0.0001708272  -0.0175316065
229.3362637121  0.0000000000  0.0000000000  -0.0001689621  -0.0174356092
230.5929007735  0.0000000000  0.0000000000  -0.0001671274  -0.0173406571
231.8495378349  0.0000000000  0.0000000000  -0.0001653224  -0.0172467333
233.1061748964  0.0000000000  0.0000000000  -0.0001635465  -0.0171538211
234.3628119578  0.0000000000  0.0000000000  -0.0001617990  -0.0170619043
235.6194490192  0.0000000000  0.0000000000  -0.0001600794  -0.0169709670
236.8760860807  0.0000000000  0.0000000000  -0.0001583870  -0.0168809936
238.1327231421  0.0000000000  0.0000000000  -0.0001567214  -0.0167919688
239.3893602035  0.0000000000  0.0000000000  -0.0001550818  -0.0167038778
240.6459972650  0.0000000000  0.0000000000  -0.0001534679  -0.0166167060
241.9026343264  0.0000000000  0.0000000000  -0.0001518790  -0.0165304390
243.1592713878  0.0000000000  0.0000000000  -0.0001503146  -0.0164450628
244.4159084493  0.0000000000  0.0000000000  -0.0001487743  -0.0163605637
245.6725455107  0.0000000000  0.0000000000  -0.0001472575  -0.0162769283
246.9291825722  0.0000000000  0.0000000000  -0.0001457638  -0.0161941434
248.1858196336  0.0000000000  0.0000000000  -0.0001442927  -0.0161121960
249.4424566950  0.0000000000  0.0000000000  -0.0001428438  -0.0160310736
250.6990937565  0.0000000000  0.0000000000  -0.0001414165  -0.0159507638
251.9557308179  0.0000000000  0.0000000000  -0.0001400106  -0.0158712543
253.2123678793  0.0000000000  0.0000000000  -0.0001386255  -0.0157925334
254.4690049408  0.0000000000  0.0000000000  -0.0001372608  -0.0157145893
255.7256420022  0.0000000000  0.0000000000  -0.0001359162  -0.0156374106
256.9822790636  0.0000000000  0.0000000000  -0.0001345913  -0.0155609861
258.2389161251  0.0000000000  0.0000000000  -0.0001332856  -0.0154853047
259.4955531865  0.0000000000  0.0000000000  -0.0001319988  -0.0154103558
260.7521902480  0.0000000000  0.0000000000  -0.0001307306  -0.0153361286
262.0088273094  0.0000000000  0.0000000000  -0.0001294806  -0.0152626129
263.2654643708  0.0000000000  0.0000000000  -0.0001282484  -0.0151897985
264.5221014323  0.0000000000  0.0000000000  -0.0001270337  -0.0151176754
265.7787384937  0.0000000000  0.0000000000  -0.0001258361  -0.0150462337
267.0353755551  0.0000000000  0.0000000000  -0.0001246554  -0.0149754640
268.2920126166  0.0000000000  0.0000000000  -0.0001234913  -0.0149053567
269.5486496780  0.0000000000  0.0000000000  -0.0001223434  -0.0148359025
270.8052867394  0.0000000000  0.0000000000  -0.0001212114  -0.0147670925
272.0619238009  0.0000000000  0.0000000000  -0.0001200950  -0.0146989177
273.3185608623  0.0000000000  0.0000000000  -0.0001189940  -0.0146313693
274.5751979237  0.0000000000  0.0000000000  -0.0001179081  -0.0145644387
275.8318349852  0.0000000000  0.0000000000  -0.0001168369  -0.0144981176
277.0884720466  0.0000000000  0.0000000000  -0.0001157803  -0.0144323976
278.3451091081  0.0000000000  0.0000000000  -0.0001147380  -0.0143672705
279.6017461695  0.0000000000  0.0000000000  -0.0001137096  -0.0143027285
280.8583832309  0.0000000000  0.0000000000  -0.0001126951  -0.0142387636
282.1150202924  0.0000000000  0.0000000000  -0.0001116940  -0.0141753682
283.3716573538  0.0000000000  0.0000000000  -0.0001107062  -0.0141125347
284.6282944152  0.0000000000  0.0000000000  -0.0001097315  -0.0140502556
285.8849314767  0.0000000000  0.0000000000  -0.0001087695  -0.0139885236
287.1415685381  0.0000000000  0.0000000000  -0.0001078202  -0.0139273317
288.3982055995  0.0000000000  0.0000000000  -0.0001068832  -0.0138666726
289.6548426610  0.0000000000  0.0000000000  -0.0001059584  -0.0138065395
290.9114797224  0.0000000000  0.0000000000  -0.0001050455  -0.0137469256
292.1681167839  0.0000000000  0.0000000000  -0.0001041444  -0.0136878242
293.4247538453  0.0000000000  0.0000000000  -0.0001032548  -0.0136292287
294.6813909067  0.0000000000  0.0000000000  -0.0001023766  -0.0135711326
295.9380279682  0.0000000000  0.0000000000  -0.0001015095  -0.0135135296
297.1946650296  0.0000000000  0.0000000000  -0.0001006534  -0.0134564134
298.4513020910  0.0000000000  0.0000000000  -0.0000998081  -0.0133997779
299.7079391525  0.0000000000  0.0000000000  -0.0000989734  -0.0133436170
300.9645762139  0.0000000000  0.0000000000  -0.0000981491  -0.0132879249
302.2212132753  0.0000000000  0.0000000000  -0.0000973351  -0.0132326956
303.4778503368  0.0000000000  0.0000000000  -0.0000965311  -0.0131779234
304.7344873982  0.0000000000  0.0000000000  -0.0000957371  -0.0131236027
305.9911244596  0.0000000000  0.0000000000  -0.0000949528  -0.0130697279
307.2477615211  0.0000000000  0.0000000000  -0.0000941781  -0.0130162935
308.5043985825  0.0000000000  0.0000000000  -0.0000934128  -0.0129632942
309.7610356440  0.0000000000  0.0000000000  -0.0000926569  -0.0129107246
311.0176727054  0.0000000000  0.0000000000  -0.0000919100  -0.0128585797
312.2743097668  0.0000000000  0.0000000000  -0.0000911722  -0.0128068541
313.5309468283  0.0000000000  0.0000000000  -0.0000904432  -0.0127555430
314.7875838897  0.0000000000  0.0000000000  -0.0000897230  -0.0127046413
316.0442209511  0.0000000000  0.0000000000  -0.0000890112  -0.0126541442
317.3008580126  0.0000000000  0.0000000000  -0.0000883080  -0.0126040468
318.5574950740  0.0000000000  0.0000000000  -0.0000876130  -0.0125543445
319.8141321354  0.0000000000  0.0000000000  -0.0000869262  -0.0125050326
321.0707691969  0.0000000000  0.0000000000  -0.0000862474  -0.0124561064
322.3274062583  0.0000000000  0.0000000000  -0.0000855766  -0.0124075616
323.5840433197  0.0000000000  0.0000000000  -0.0000849135  -0.0123593935
324.8406803812  0.0000000000  0.0000000000  -0.0000842582  -0.0123115980
326.0973174426  0.0000000000  0.0000000000  -0.0000836103  -0.0122641707
327.3539545041  0.0000000000  0.0000000000  -0.0000829700  -0.0122171073
328.6105915655  0.0000000000  0.0000000000  -0.0000823369  -0.0121704036
329.8672286269  0.0000000000  0.0000000000  -0.0000817111  -0.0121240556
331.1238656884  0.0000000000  0.0000000000  -0.0000810924  -0.0120780593
332.3805027498  0.0000000000  0.0000000000  -0.0000804806  -0.0120324105
333.6371398112  0.0000000000  0.0000000000  -0.0000798758  -0.0119871055
334.8937768727  0.0000000000  0.0000000000  -0.0000792778  -0.0119421403
336.1504139341  0.0000000000  0.0000000000  -0.0000786864  -0.0118975111
337.4070509955  0.0000000000  0.0000000000  -0.0000781017  -0.0118532142
338.6636880570  0.0000000000  0.0000000000  -0.0000775234  -0.0118092459
339.9203251184  0.0000000000  0.0000000000  -0.0000769515  -0.0117656025
341.1769621799  0.0000000000  0.0000000000  -0.0000763860  -0.0117222804
342.4335992413  0.0000000000  0.0000000000  -0.0000758266  -0.0116792762
343.6902363027  0.0000000000  0.0000000000  -0.0000752734  -0.0116365863
344.9468733642  0.0000000000  0.0000000000  -0.0000747262  -0.0115942073
346.2035104256  0.0000000000  0.0000000000  -0.0000741849  -0.0115521358
347.4601474870  0.0000000000  0.0000000000  -0.0000736495  -0.0115103685
348.7167845485  0.0000000000  0.0000000000  -0.0000731199  -0.0114689020
349.9734216099  0.0000000000  0.0000000000  -0.0000725960  -0.0114277332
351.2300586713  0.0000000000  0.0000000000  -0.0000720777  -0.0113868589
352.4866957328  0.0000000000  0.0000000000  -0.0000715649  -0.0113462759
353.7433327942  0.0000000000  0.0000000000  -0.0000710575  -0.0113059811
354.9999698556  0.0000000000  0.0000000000  -0.0000705556  -0.0112659715
356.2566069171  0.0000000000  0.0000000000  -0.0000700589  -0.0112262439
357.5132439785  0.0000000000  0.0000000000  -0.0000695675  -0.0111867956
358.7698810400  0.0000000000  0.0000000000  -0.0000690812  -0.0111476235
360.0265181014  0.0000000000  0.0000000000  -0.0000686000  -0.0111087247
361.2831551628  0.0000000000  0.0000000000  -0.0000681238  -0.0110700964
362.5397922243  0.0000000000  0.0000000000  -0.0000676525  -0.0110317357
363.7964292857  0.0000000000  0.0000000000  -0.0000671862  -0.0109936400
365.0530663471  0.0000000000  0.0000000000  -0.0000667246  -0.0109558065
366.3097034086  0.0000000000  0.0000000000  -0.0000662678  -0.0109182324
367.5663404700  0.0000000000  0.0000000000  -0.0000658156  -0.0108809151
368.8229775314  0.0000000000  0.0000000000  -0.0000653680  -0.0108438520
370.0796145929  0.0000000000  0.0000000000  -0.0000649250  -0.0108070406
371.3362516543  0.0000000000  0.0000000000  -0.0000644865  -0.0107704781
372.5928887157  0.0000000000  0.0000000000  -0.0000640524  -0.0107341622
373.8495257772  0.0000000000  0.0000000000  -0.0000636227  -0.0106980904
375.1061628386  0.0000000000  0.0000000000  -0.0000631973  -0.0106622601
376.3627999001  0.0000000000  0.0000000000  -0.0000627761  -0.0106266690
377.6194369615  0.0000000000  0.0000000000  -0.0000623592  -0.0105913148
378.8760740229  0.0000000000  0.0000000000  -0.0000619464  -0.0105561949
380.1327110844  0.0000000000  0.0000000000  -0.0000615376  -0.0105213071
381.3893481458  0.0000000000  0.0000000000  -0.0000611329  -0.0104866492
382.6459852072  0.0000000000  0.0000000000  -0.0000607322  -0.0104522188
383.9026222687  0.0000000000  0.0000000000  -0.0000603354  -0.0104180138
385.1592593301  0.0000000000  0.0000000000  -0.0000599425  -0.0103840318
386.4158963915  0.0000000000  0.0000000000  -0.0000595534  -0.0103502708
387.6725334530  0.0000000000  0.0000000000  -0.0000591681  -0.0103167286
388.9291705144  0.0000000000  0.0000000000  -0.0000587865  -0.0102834031
390.1858075759  0.0000000000  0.0000000000  -0.0000584085  -0.0102502921
391.4424446373  0.0000000000  0.0000000000  -0.0000580343  -0.0102173937
392.6990816987  0.0000000000  0.0000000000  -0.0000576636  -0.0101847057
393.9557187602  0.0000000000  0.0000000000  -0.0000572964  -0.0101522262
395.2123558216  0.0000000000  0.0000000000  -0.0000569327  -0.0101199531
396.4689928830  0.0000000000  0.0000000000  -0.0000565725  -0.0100878846
397.7256299445  0.0000000000  0.0000000000  -0.0000562157  -0.0100560187
398.9822670059  0.0000000000  0.0000000000  -0.0000558623  -0.0100243534
400.2389040673  0.0000000000  0.0000000000  -0.0000555122  -0.0099928869
401.4955411288  0.0000000000  0.0000000000  -0.0000551653  -0.0099616173
402.7521781902  0.0000000000  0.0000000000  -0.0000548217  -0.0099305428
404.0088152516  0.0000000000  0.0000000000  -0.0000544813  -0.0098996615
405.2654523131  0.0000000000  0.0000000000  -0.0000541441  -0.0098689716
406.5220893745  0.0000000000  0.0000000000  -0.0000538100  -0.0098384714
407.7787264360  0.0000000000  0.0000000000  -0.0000534789  -0.0098081592
409.0353634974  0.0000000000  0.0000000000  -0.0000531510  -0.0097780331
410.2920005588  0.0000000000  0.0000000000  -0.0000528260  -0.0097480916
411.5486376203  0.0000000000  0.0000000000  -0.0000525040  -0.0097183328
412.8052746817  0.0000000000  0.0000000000  -0.0000521849  -0.0096887551
414.0619117431  0.0000000000  0.0000000000  -0.0000518687  -0.0096593569
415.3185488046  0.0000000000  0.0000000000  -0.0000515554  -0.0096301365
416.5751858660  0.0000000000  0.0000000000  -0.0000512449  -0.0096010924
417.8318229274  0.0000000000  0.0000000000  -0.0000509372  -0.0095722230
419.0884599889  0.0000000000  0.0000000000  -0.0000506323  -0.0095435266
420.3450970503  0.0000000000  0.0000000000  -0.0000503301  -0.0095150017
421.6017341118  0.0000000000  0.0000000000  -0.0000500306  -0.0094866468
422.8583711732  0.0000000000  0.0000000000  -0.0000497338  -0.0094584604
424.1150082346  0.0000000000  0.0000000000  -0.0000494396  -0.0094304410
425.3716452961  0.0000000000  0.0000000000  -0.0000491480  -0.0094025871
426.6282823575  0.0000000000  0.0000000000  -0.0000488590  -0.0093748972
427.8849194189  0.0000000000  0.0000000000  -0.0000485725  -0.0093473699
429.1415564804  0.0000000000  0.0000000000  -0.0000482886  -0.0093200038
430.3981935418  0.0000000000  0.0000000000  -0.0000480071  -0.0092927975
431.6548306032  0.0000000000  0.0000000000  -0.0000477280  -0.0092657495
432.9114676647  0.0000000000  0.0000000000  -0.0000474514  -0.0092388584
434.1681047261  0.0000000000  0.0000000000  -0.0000471772  -0.0092121230
435.4247417875  0.0000000000  0.0000000000  -0.0000469054  -0.0091855419
436.6813788490  0.0000000000  0.0000000000  -0.0000466359  -0.0091591137
437.9380159104  0.0000000000  0.0000000000  -0.0000463687  -0.0091328372
439.1946529719  0.0000000000  0.0000000000  -0.0000461038  -0.0091067109
440.4512900333  0.0000000000  0.0000000000  -0.0000458412  -0.0090807337
441.7079270947  0.0000000000  0.0000000000  -0.0000455808  -0.0090549043
442.9645641562  0.0000000000  0.0000000000  -0.0000453226  -0.0090292214
444.2212012176  0.0000000000  0.0000000000  -0.0000450666  -0.0090036837
445.4778382790  0.0000000000  0.0000000000  -0.0000448128  -0.0089782901
446.7344753405  0.0000000000  0.0000000000  -0.0000445611  -0.0089530393
447.9911124019  0.0000000000  0.0000000000  -0.0000443115  -0.0089279301
449.2477494633  0.0000000000  0.0000000000  -0.0000440640  -0.0089029614
450.5043865248  0.0000000000  0.0000000000  -0.0000438186  -0.0088781319
451.7610235862  0.0000000000  0.0000000000  -0.0000435753  -0.0088534405
453.0176606476  0.0000000000  0.0000000000  -0.0000433339  -0.0088288861
454.2742977091  0.0000000000  0.0000000000  -0.0000430945  -0.0088044674
455.5309347705  0.0000000000  0.0000000000  -0.0000428572  -0.0087801835
456.7875718320  0.0000000000  0.0000000000  -0.0000426218  -0.0087560331
458.0442088934  0.0000000000  0.0000000000  -0.0000423883  -0.0087320153
459.3008459548  0.0000000000  0.0000000000  -0.0000421567  -0.0087081288
460.5574830163  0.0000000000  0.0000000000  -0.0000419270  -0.0086843726
461.8141200777  0.0000000000  0.0000000000  -0.0000416992  -0.0086607457
463.0707571391  0.0000000000  0.0000000000  -0.0000414733  -0.0086372469
464.3273942006  0.0000000000  0.0000000000  -0.0000412491  -0.0086138754
465.5840312620  0.0000000000  0.0000000000  -0.0000410268  -0.0085906299
466.8406683234  0.0000000000  0.0000000000  -0.0000408063  -0.0085675096
468.0973053849  0.0000000000  0.0000000000  -0.0000405876  -0.0085445134
469.3539424463  0.0000000000  0.0000000000  -0.0000403706  -0.0085216403
470.6105795078  0.0000000000  0.0000000000  -0.0000401553  -0.0084988893
471.8672165692  0.0000000000  0.0000000000  -0.0000399418  -0.0084762594
473.1238536306  0.0000000000  0.0000000000  -0.0000397299  -0.0084537498
474.3804906921  0.0000000000  0.0000000000  -0.0000395198  -0.0084313594
475.6371277535  0.0000000000  0.0000000000  -0.0000393113  -0.0084090872
476.8937648149  0.0000000000  0.0000000000  -0.0000391044  -0.0083869324
478.1504018764  0.0000000000  0.0000000000  -0.0000388992  -0.0083648940
479.4070389378  0.0000000000  0.0000000000  -0.0000386956  -0.0083429712
480.6636759992  0.0000000000  0.0000000000  -0.0000384935  -0.0083211629
481.9203130607  0.0000000000  0.0000000000  -0.0000382931  -0.0082994683
483.1769501221  0.0000000000  0.0000000000  -0.0000380942  -0.0082778866
484.4335871835  0.0000000000  0.0000000000  -0.0000378969  -0.0082564168
485.6902242450  0.0000000000  0.0000000000  -0.0000377011  -0.0082350581
486.9468613064  0.0000000000  0.0000000000  -0.0000375068  -0.0082138096
488.2034983679  0.0000000000  0.0000000000  -0.0000373140  -0.0081926704
489.4601354293  0.0000000000  0.0000000000  -0.0000371227  -0.0081716398
490.7167724907  0.0000000000  0.0000000000  -0.0000369328  -0.0081507168
491.9734095522  0.0000000000  0.0000000000  -0.0000367445  -0.0081299008
493.2300466136  0.0000000000  0.0000000000  -0.0000365575  -0.0081091907
494.4866836750  0.0000000000  0.0000000000  -0.0000363720  -0.0080885859
495.7433207365  0.0000000000  0.0000000000  -0.0000361878  -0.0080680856
496.9999577979  0.0000000000  0.0000000000  -0.0000360051  -0.0080476889
498.2565948593  0.0000000000  0.0000000000  -0.0000358238  -0.0080273950
499.5132319208  0.0000000000  0.0000000000  -0.0000356438  -0.0080072032
500.7698689822  0.0000000000  0.0000000000  -0.0000354652  -0.0079871128
502.0265060436  0.0000000000  0.0000000000  -0.0000352879  -0.0079671229
503.2831431051  0.0000000000  0.0000000000  -0.0000351119  -0.0079472328
504.5397801665  0.0000000000  0.0000000000  -0.0000349373  -0.0079274418
505.7964172280  0.0000000000  0.0000000000  -0.0000347639  -0.0079077490
507.0530542894  0.0000000000  0.0000000000  -0.0000345918  -0.0078881539
508.3096913508  0.0000000000  0.0000000000  -0.0000344211  -0.0078686556
509.5663284123  0.0000000000  0.0000000000  -0.0000342515  -0.0078492535
510.8229654737  0.0000000000  0.0000000000  -0.0000340833  -0.0078299469
512.0796025351  0.0000000000  0.0000000000  -0.0000339162  -0.0078107349
513.3362395966  0.0000000000  0.0000000000  -0.0000337504  -0.0077916170
514.5928766580  0.0000000000  0.0000000000  -0.0000335858  -0.0077725925
515.8495137194  0.0000000000  0.0000000000  -0.0000334224  -0.0077536606
517.1061507809  0.0000000000  0.0000000000  -0.0000332602  -0.0077348207
518.3627878423  0.0000000000  0.0000000000  -0.0000330991  -0.0077160722
519.6194249038  0.0000000000  0.0000000000  -0.0000329393  -0.0076974143
520.8760619652  0.0000000000  0.0000000000  -0.0000327806  -0.0076788464
522.1326990266  0.0000000000  0.0000000000  -0.0000326230  -0.0076603679
523.3893360881  0.0000000000  0.0000000000  -0.0000324666  -0.0076419781
524.6459731495  0.0000000000  0.0000000000  -0.0000323112  -0.0076236764
525.9026102109  0.0000000000  0.0000000000  -0.0000321570  -0.0076054621
527.1592472724  0.0000000000  0.0000000000  -0.0000320039  -0.0075873346
528.4158843338  0.0000000000  0.0000000000  -0.0000318519  -0.0075692934
529.6725213952  0.0000000000  0.0000000000  -0.0000317010  -0.0075513377
530.9291584567  0.0000000000  0.0000000000  -0.0000315512  -0.0075334670
532.1857955181  0.0000000000  0.0000000000  -0.0000314024  -0.0075156807
533.4424325795  0.0000000000  0.0000000000  -0.0000312546  -0.0074979782
534.6990696410  0.0000000000  0.0000000000  -0.0000311079  -0.0074803588
535.9557067024  0.0000000000  0.0000000000  -0.0000309622  -0.0074628221
537.2123437639  0.0000000000  0.0000000000  -0.0000308176  -0.0074453674
538.4689808253  0.0000000000  0.0000000000  -0.0000306739  -0.0074279942
539.7256178867  0.0000000000  0.0000000000  -0.0000305313  -0.0074107018
540.9822549482  0.0000000000  0.0000000000  -0.0000303896  -0.0073934898
542.2388920096  0.0000000000  0.0000000000  -0.0000302490  -0.0073763575
543.4955290710  0.0000000000  0.0000000000  -0.0000301093  -0.0073593044
544.7521661325  0.0000000000  0.0000000000  -0.0000299705  -0.0073423300
546.0088031939  0.0000000000  0.0000000000  -0.0000298328  -0.0073254337
547.2654402553  0.0000000000  0.0000000000  -0.0000296959  -0.0073086150
548.5220773168  0.0000000000  0.0000000000  -0.0000295601  -0.0072918734
549.7787143782  0.0000000000  0.0000000000  -0.0000294251  -0.0072752082
551.0353514396  0.0000000000  0.0000000000  -0.0000292911  -0.0072586191
552.2919885011  0.0000000000  0.0000000000  -0.0000291580  -0.0072421054
553.5486255625  0.0000000000  0.0000000000  -0.0000290257  -0.0072256667
554.8052626240  0.0000000000  0.0000000000  -0.0000288944  -0.0072093025
556.0618996854  0.0000000000  0.0000000000  -0.0000287640  -0.0071930122
557.3185367468  0.0000000000  0.0000000000  -0.0000286345  -0.0071767953
558.5751738083  0.0000000000  0.0000000000  -0.0000285058  -0.0071606514
559.8318108697  0.0000000000  0.0000000000  -0.0000283780  -0.0071445800
561.0884479311  0.0000000000  0.0000000000  -0.0000282510  -0.0071285805
562.3450849926  0.0000000000  0.0000000000  -0.0000281249  -0.0071126526
563.6017220540  0.0000000000  0.0000000000  -0.0000279997  -0.0070967956
564.8583591154  0.0000000000  0.0000000000  -0.0000278752  -0.0070810092
566.1149961769  0.0000000000  0.0000000000  -0.0000277517  -0.0070652929
567.3716332383  0.0000000000  0.0000000000  -0.0000276289  -0.0070496462
568.6282702998  0.0000000000  0.0000000000  -0.0000275069  -0.0070340686
569.8849073612  0.0000000000  0.0000000000  -0.0000273858  -0.0070185597
571.1415444226  0.0000000000  0.0000000000  -0.0000272654  -0.0070031190
572.3981814841  0.0000000000  0.0000000000  -0.0000271458  -0.0069877461
573.6548185455  0.0000000000  0.0000000000  -0.0000270271  -0.0069724406
574.9114556069  0.0000000000  0.0000000000  -0.0000269091  -0.0069572020
576.1680926684  0.0000000000  0.0000000000  -0.0000267918  -0.0069420298
577.4247297298  0.0000000000  0.0000000000  -0.0000266754  -0.0069269237
578.6813667912  0.0000000000  0.0000000000  -0.0000265596  -0.0069118831
579.9380038527  0.0000000000  0.0000000000  -0.0000264447  -0.0068969077
581.1946409141  0.0000000000  0.0000000000  -0.0000263305  -0.0068819971
582.4512779755  0.0000000000  0.0000000000  -0.0000262170  -0.0068671508
583.7079150370  0.0000000000  0.0000000000  -0.0000261042  -0.0068523684
584.9645520984  0.0000000000  0.0000000000  -0.0000259922  -0.0068376495
586.2211891599  0.0000000000  0.0000000000  -0.0000258809  -0.0068229937
587.4778262213  0.0000000000  0.0000000000  -0.0000257703  -0.0068084006
588.7344632827  0.0000000000  0.0000000000  -0.0000256605  -0.0067938698
589.9911003442  0.0000000000  0.0000000000  -0.0000255513  -0.0067794009
591.2477374056  0.0000000000  0.0000000000  -0.0000254428  -0.0067649934
592.5043744670  0.0000000000  0.0000000000  -0.0000253350  -0.0067506471
593.7610115285  0.0000000000  0.0000000000  -0.0000252279  -0.0067363615
595.0176485899  0.0000000000  0.0000000000  -0.0000251215  -0.0067221362
596.2742856513  0.0000000000  0.0000000000  -0.0000250157  -0.0067079709
597.5309227128  0.0000000000  0.0000000000  -0.0000249106  -0.0066938651
598.7875597742  0.0000000000  0.0000000000  -0.0000248062  -0.0066798185
600.0441968357  0.0000000000  0.0000000000  -0.0000247024  -0.0066658308
601.3008338971  0.0000000000  0.0000000000  -0.0000245993  -0.0066519015
602.5574709585  0.0000000000  0.0000000000  -0.0000244968  -0.0066380303
603.8141080200  0.0000000000  0.0000000000  -0.0000243950  -0.0066242169
605.0707450814  0.0000000000  0.0000000000  -0.0000242938  -0.0066104608
606.3273821428  0.0000000000  0.0000000000  -0.0000241932  -0.0065967617
607.5840192043  0.0000000000  0.0000000000  -0.0000240932  -0.0065831193
608.8406562657  0.0000000000  0.0000000000  -0.0000239939  -0.0065695331
610.0972933271  0.0000000000  0.0000000000  -0.0000238952  -0.0065560030
611.3539303886  0.0000000000  0.0000000000  -0.0000237970  -0.0065425284
612.6105674500  0.0000000000  0.0000000000  -0.0000236995  -0.0065291091
613.8672045114  0.0000000000  0.0000000000  -0.0000236026  -0.0065157448
615.1238415729  0.0000000000  0.0000000000  -0.0000235063  -0.0065024351
616.3804786343  0.0000000000  0.0000000000  -0.0000234105  -0.0064891796
617.6371156958  0.0000000000  0.0000000000  -0.0000233154  -0.0064759780
618.8937527572  0.0000000000  0.0000000000  -0.0000232208  -0.0064628301
620.1503898186  0.0000000000  0.0000000000  -0.0000231268  -0.0064497354
621.4070268801  0.0000000000  0.0000000000  -0.0000230334  -0.0064366937
622.6636639415  0.0000000000  0.0000000000  -0.0000229405  -0.0064237046
623.9203010029  0.0000000000  0.0000000000  -0.0000228482  -0.0064107678
625.1769380644  0.0000000000  0.0000000000  -0.0000227565  -0.0063978831
626.4335751258  0.0000000000  0.0000000000  -0.0000226653  -0.0063850500
627.6902121872  0.0000000000  0.0000000000  -0.0000225746  -0.0063722683
628.9468492487  0.0000000000  0.0000000000  0.0000000000  0.0000000000
-627.6902121872  0.0000000000  3.1415926536  0.0000000000  0.0000000000
-626.4335751258  0.0000000000  3.1415926536  0.0000000000  0.0000000000
-625.1769380644  0.0000000000  3.1415926536  0.0000000000  0.0000000000
-623.9203010029  0.0000000000  3.1415926536  0.0000000000  0.0000000000
-622.6636639415  0.0000000000  3.1415926536  0.0000000000  0.0000000000
-621.4070268801  0.0000000000  3.1415926536  0.0000000000  0.0000000000
-620.1503898186  0.0000000000  3.1415926536  0.0000000000  0.0000000000
-618.8937527572  0.0000000000  3.1415926536  0.0000000000  0.0000000000
-617.6371156958  0.0000000000  3.1415926536  0.0000000000  0.0000000000
-616.3804786343  0.0000000000  3.1415926536  0.0000000000  0.0000000000
-615.1238415729  0.0000000000  3.1415926536  0.0000000000  0.0000000000
-613.8672045114  0.0000000000  3.1415926536  0.0000000000  0.0000000000
-612.6105674500  0.0000000000  3.1415926536  0.0000000000  0.0000000000
-611.3539303886  0.0000000000  3.1415926536  0.0000000000  0.0000000000
-610.0972933271  0.0000000000  3.1415926536  0.0000000000  0.0000000000
-608.8406562657  0.0000000000  3.1415926536  0.0000000000  0.0000000000
-607.5840192043  0.0000000000  3.1415926536  0.0000000000  0.0000000000
-606.3273821428  0.0000000000  3.1415926536  0.0000000000  0.0000000000
-605.0707450814  0.0000000000  3.1415926536  0.0000000000  0.0000000000
-603.8141080200  0.0000000000  3.1415926536  0.0000000000  0.0000000000
-602.5574709585  0.0000000000  3.1415926536  0.0000000000  0.0000000000
-601.3008338971  0.0000000000  3.1415926536  0.0000000000  0.0000000000
-600.0441968357  0.0000000000  3.1415926536  0.0000000000  0.0000000000
-598.7875597742  0.0000000000  3.1415926536  0.0000000000  0.0000000000
-597.5309227128  0.0000000000  3.1415926536  0.0000000000  0.0000000000
-596.2742856513  0.0000000000  3.1415926536  0.0000000000  0.0000000000
-595.0176485899  0.0000000000  3.1415926536  0.0000000000  0.0000000000
-593.7610115285  0.0000000000  3.1415926536  0.0000000000  0.0000000000
-592.5043744670  0.0000000000  3.1415926536  0.0000000000  0.0000000000
-591.2477374056  0.0000000000  3.1415926536  0.0000000000  0.0000000000
-589.9911003442  0.0000000000  3.1415926536  0.0000000000  0.0000000000
-588.7344632827  0.0000000000  3.1415926536  0.0000000000  0.0000000000
-587.4778262213  0.0000000000  3.1415926536  0.0000000000  0.0000000000
-586.2211891599  0.0000000000  3.1415926536  0.0000000000  0.0000000000
-584.9645520984  0.0000000000  3.1415926536  0.0000000000  0.0000000000
-583.7079150370  0.0000000000  3.1415926536  0.0000000000  0.0000000000
-582.4512779755  0.0000000000  3.1415926536  0.0000000000  0.0000000000
-581.1946409141  0.0000000000  3.1415926536  0.0000000000  0.0000000000
-579.9380038527  0.0000000000  3.1415926536  0.0000000000  0.0000000000
-578.6813667912  0.0000000000  3.1415926536  0.0000000000  0.0000000000
-577.4247297298  0.0000000000  3.1415926536  0.0000000000  0.0000000000
-576.1680926684  0.0000000000  3.1415926536  0.0000000000  0.0000000000
-574.9114556069  0.0000000000  3.1415926536  0.0000000000  0.0000000000
-573.6548185455  0.0000000000  3.1415926536  0.0000000000  0.0000000000
-572.3981814841  0.0000000000  3.1415926536  0.0000000000  0.0000000000
-571.1415444226  0.0000000000  3.1415926536  0.0000000000  0.0000000000
-569.8849073612  0.0000000000  3.1415926536  0.0000000000  0.0000000000
-568.6282702998  0.0000000000  3.1415926536  0.0000000000  0.0000000000
-567.3716332383  0.0000000000  3.1415926536  0.0000000000  0.0000000000
-566.1149961769  0.0000000000  3.1415926536  0.0000000000  0.0000000000
-564.8583591154  0.0000000000  3.1415926536  0.0000000000  0.0000000000
-563.6017220540  0.0000000000  3.1415926536  0.0000000000  0.0000000000
-562.3450849926  0.0000000000  3.1415926536  0.0000000000  0.0000000000
-561.0884479311  0.0000000000  3.1415926536  0.0000000000  0.0000000000
-559.8318108697  0.0000000000  3.1415926536  0.0000000000  0.0000000000
-558.5751738083  0.0000000000  3.1415926536  0.0000000000  0.0000000000
-557.3185367468  0.0000000000  3.1415926536  0.0000000000  0.0000000000
-556.0618996854  0.0000000000  3.1415926536  0.0000000000  0.0000000000
-554.8052626240  0.0000000000  3.1415926536  0.0000000000  0.0000000000
-553.5486255625  0.0000000000  3.1415926536  0.0000000000  0.0000000000
-552.2919885011  0.0000000000  3.1415926536  0.0000000000  0.0000000000
-551.0353514396  0.0000000000  3.1415926536  0.0000000000  0.0000000000
-549.7787143782  0.0000000000  3.1415926536  0.0000000000  0.0000000000
-548.5220773168  0.0000000000  3.1415926536  0.0000000000  0.0000000000
-547.2654402553  0.0000000000  3.1415926536  0.0000000000  0.0000000000
-546.0088031939  0.0000000000  3.1415926536  0.0000000000  0.0000000000
-544.7521661325  0.0000000000  3.1415926536  0.0000000000  0.0000000000
-543.4955290710  0.0000000000  3.1415926536  0.0000000000  0.0000000000
-542.2388920096  0.0000000000  3.1415926536  0.0000000000  0.0000000000
-540.9822549482  0.0000000000  3.1415926536  0.0000000000  0.0000000000
-539.7256178867  0.0000000000  3.1415926536  0.0000000000  0.0000000000
-538.4689808253  0.0000000000  3.1415926536  0.0000000000  0.0000000000
-537.2123437639  0.0000000000  3.1415926536  0.0000000000  0.0000000000
-535.9557067024  0.0000000000  3.1415926536  0.0000000000  0.0000000000
-534.6990696410  0.0000000000  3.1415926536  0.0000000000  0.0000000000
-533.4424325795  0.0000000000  3.1415926536  0.0000000000  0.0000000000
-532.1857955181  0.0000000000  3.1415926536  0.0000000000  0.0000000000
-530.9291584567  0.0000000000  3.1415926536  0.0000000000  0.0000000000
-529.6725213952  0.0000000000  3.1415926536  0.0000000000  0.0000000000
-528.4158843338  0.0000000000  3.1415926536  0.0000000000  0.0000000000
-527.1592472724  0.0000000000  3.1415926536  0.0000000000  0.0000000000
-525.9026102109  0.0000000000  3.1415926536  0.0000000000  0.0000000000
-524.6459731495  0.0000000000  3.1415926536  0.0000000000  0.0000000000
-523.3893360881  0.0000000000  3.1415926536  0.0000000000  0.0000000000
-522.1326990266  0.0000000000  3.1415926536  0.0000000000  0.0000000000
-520.8760619652  0.0000000000  3.1415926536  0.0000000000  0.0000000000
-519.6194249038  0.0000000000  3.1415926536  0.0000000000  0.0000000000
-518.3627878423  0.0000000000  3.1415926536  0.0000000000  0.0000000000
-517.1061507809  0.0000000000  3.1415926536  0.0000000000  0.0000000000
-515.8495137194  0.0000000000  3.1415926536  0.0000000000  0.0000000000
-514.5928766580  0.0000000000  3.1415926536  0.0000000000  0.0000000000
-513.3362395966  0.0000000000  3.1415926536  0.0000000000  0.0000000000
-512.0796025351  0.0000000000  3.1415926536  0.0000000000  0.0000000000
-510.8229654737  0.0000000000  3.1415926536  0.0000000000  0.0000000000
-509.5663284123  0.0000000000  3.1415926536  0.0000000000  0.0000000000
-508.3096913508  0.0000000000  3.1415926536  0.0000000000  0.0000000000
-507.0530542894  0.0000000000  3.1415926536  0.0000000000  0.0000000000
-505.7964172280  0.0000000000  3.1415926536  0.0000000000  0.0000000000
-504.5397801665  0.0000000000  3.1415926536  0.0000000000  0.0000000000
-503.2831431051  0.0000000000  3.1415926536  0.0000000000  0.0000000000
-502.0265060436  0.0000000000  3.1415926536  0.0000000000  0.0000000000
-500.7698689822  0.0000000000  3.1415926536  0.0000000000  0.0000000000
-499.5132319208  0.0000000000  3.1415926536  0.0000000000  0.0000000000
-498.2565948593  0.0000000000  3.1415926536  0.0000000000  0.0000000000
-496.9999577979  0.0000000000  3.1415926536  0.0000000000  0.0000000000
-495.7433207365  0.0000000000  3.1415926536  0.0000000000  0.0000000000
-494.4866836750  0.0000000000  3.1415926536  0.0000000000  0.0000000000
-493.2300466136  0.0000000000  3.1415926536  0.0000000000  0.0000000000
-491.9734095522  0.0000000000  3.1415926536  0.0000000000  0.0000000000
-490.7167724907  0.0000000000  3.1415926536  0.0000000000  0.0000000000
-489.4601354293  0.0000000000  3.1415926536  0.0000000000  0.0000000000
-488.2034983679  0.0000000000  3.1415926536  0.0000000000  0.0000000000
-486.9468613064  0.0000000000  3.1415926536  0.0000000000  0.0000000000
-485.6902242450  0.0000000000  3.1415926536  0.0000000000  0.0000000000
-484.4335871835  0.0000000000  3.1415926536  0.0000000000  0.0000000000
-483.1769501221  0.0000000000  3.1415926536  0.0000000000  0.0000000000
-481.9203130607  0.0000000000  3.1415926536  0.0000000000  0.0000000000
-480.6636759992  0.0000000000  3.1415926536  0.0000000000  0.0000000000
-479.4070389378  0.0000000000  3.1415926536  0.0000000000  0.0000000000
-478.1504018764  0.0000000000  3.1415926536  0.0000000000  0.0000000000
-476.8937648149  0.0000000000  3.1415926536  0.0000000000  0.0000000000
-475.6371277535  0.0000000000  3.1415926536  0.0000000000  0.0000000000
-474.3804906921  0.0000000000  3.1415926536  0.0000000000  0.0000000000
-473.1238536306  0.0000000000  3.1415926536  0.0000000000  0.0000000000
-471.8672165692  0.0000000000  3.1415926536  0.0000000000  0.0000000000
-470.6105795078  0.0000000000  3.1415926536  0.0000000000  0.0000000000
-469.3539424463  0.0000000000  3.1415926536  0.0000000000  0.0000000000
-468.0973053849  0.0000000000  3.1415926536  0.0000000000  0.0000000000
-466.8406683234  0.0000000000  3.1415926536  0.0000000000  0.0000000000
-465.5840312620  0.0000000000  3.1415926536  0.0000000000  0.0000000000
-464.3273942006  0.0000000000  3.1415926536  0.0000000000  0.0000000000
-463.0707571391  0.0000000000  3.1415926536  0.0000000000  0.0000000000
-461.8141200777  0.0000000000  3.1415926536  0.0000000000  0.0000000000
-460.5574830163  0.0000000000  3.1415926536  0.0000000000  0.0000000000
-459.3008459548  0.0000000000  3.1415926536  0.0000000000  0.0000000000
-458.0442088934  0.0000000000  3.1415926536  0.0000000000  0.0000000000
-456.7875718320  0.0000000000  3.1415926536  0.0000000000  0.0000000000
-455.5309347705  0.0000000000  3.1415926536  0.0000000000  0.0000000000
-454.2742977091  0.0000000000  3.1415926536  0.0000000000  0.0000000000
-453.0176606476  0.0000000000  3.1415926536  0.0000000000  0.0000000000
-451.7610235862  0.0000000000  3.1415926536  0.0000000000  0.0000000000
-450.5043865248  0.0000000000  3.1415926536  0.0000000000  0.0000000000
-449.2477494633  0.0000000000  3.1415926536  0.0000000000  0.0000000000
-447.9911124019  0.0000000000  3.1415926536  0.0000000000  0.0000000000
-446.7344753405  0.0000000000  3.1415926536  0.0000000000  0.0000000000
-445.4778382790  0.0000000000  3.1415926536  0.0000000000  0.0000000000
-444.2212012176  0.0000000000  3.1415926536  0.0000000000  0.0000000000
-442.9645641562  0.0000000000  3.1415926536  0.0000000000  0.0000000000
-441.7079270947  0.0000000000  3.1415926536  0.0000000000  0.0000000000
-440.4512900333  0.0000000000  3.1415926536  0.0000000000  0.0000000000
-439.1946529719  0.0000000000  3.1415926536  0.0000000000  0.0000000000
-437.9380159104  0.0000000000  3.1415926536  0.0000000000  0.0000000000
-436.6813788490  0.0000000000  3.1415926536  0.0000000000  0.0000000000
-435.4247417875  0.0000000000  3.1415926536  0.0000000000  0.0000000000
-434.1681047261  0.0000000000  3.1415926536  0.0000000000  0.0000000000
-432.9114676647  0.0000000000  3.1415926536  0.0000000000  0.0000000000
-431.6548306032  0.0000000000  3.1415926536  0.0000000000  0.0000000000
-430.3981935418  0.0000000000  3.1415926536  0.0000000000  0.0000000000
-429.1415564804  0.0000000000  3.1415926536  0.0000000000  0.0000000000
-427.8849194189  0.0000000000  3.1415926536  0.0000000000  0.0000000000
-426.6282823575  0.0000000000  3.1415926536  0.0000000000  0.0000000000
-425.3716452961  0.0000000000  3.1415926536  0.0000000000  0.0000000000
-424.1150082346  0.0000000000  3.1415926536  0.0000000000  0.0000000000
-422.8583711732  0.0000000000  3.1415926536  0.0000000000  0.0000000000
-421.6017341118  0.0000000000  3.1415926536  0.0000000000  0.0000000000
-420.3450970503  0.0000000000  3.1415926536  0.0000000000  0.0000000000
-419.0884599889  0.0000000000  3.1415926536  0.0000000000  0.0000000000
-417.8318229274  0.0000000000  3.1415926536  0.0000000000  0.0000000000
-416.5751858660  0.0000000000  3.1415926536  0.0000000000  0.0000000000
-415.3185488046  0.0000000000  3.1415926536  0.0000000000  0.0000000000
-414.0619117431  0.0000000000  3.1415926536  0.0000000000  0.0000000000
-412.8052746817  0.0000000000  3.1415926536  0.0000000000  0.0000000000
-411.5486376203  0.0000000000  3.1415926536  0.0000000000  0.0000000000
-410.2920005588  0.0000000000  3.1415926536  0.0000000000  0.0000000000
-409.0353634974  0.0000000000  3.1415926536  0.0000000000  0.0000000000
-407.7787264360  0.0000000000  3.1415926536  0.0000000000  0.0000000000
-406.5220893745  0.0000000000  3.1415926536  0.0000000000  0.0000000000
-405.2654523131  0.0000000000  3.1415926536  0.0000000000  0.0000000000
-404.0088152516  0.0000000000  3.1415926536  0.0000000000  0.0000000000
-402.7521781902  0.0000000000  3.1415926536  0.0000000000  0.0000000000
-401.4955411288  0.0000000000  3.1415926536  0.0000000000  0.0000000000
-400.2389040673  0.0000000000  3.1415926536  0.0000000000  0.0000000000
-398.9822670059  0.0000000000  3.1415926536  0.0000000000  0.0000000000
-397.7256299445  0.0000000000  3.1415926536  0.0000000000  0.0000000000
-396.4689928830  0.0000000000  3.1415926536  0.0000000000  0.0000000000
-395.2123558216  0.0000000000  3.1415926536  0.0000000000  0.0000000000
-393.9557187602  0.0000000000  3.1415926536  0.0000000000  0.0000000000
-392.6990816987  0.0000000000  3.1415926536  0.0000000000  0.0000000000
-391.4424446373  0.0000000000  3.1415926536  0.0000000000  0.0000000000
-390.1858075759  0.0000000000  3.1415926536  0.0000000000  0.0000000000
-388.9291705144  0.0000000000  3.1415926536  0.0000000000  0.0000000000
-387.6725334530  0.0000000000  3.1415926536  0.0000000000  0.0000000000
-386.4158963915  0.0000000000  3.1415926536  0.0000000000  0.0000000000
-385.1592593301  0.0000000000  3.1415926536  0.0000000000  0.0000000000
-383.9026222687  0.0000000000  3.1415926536  0.0000000000  0.0000000000
-382.6459852072  0.0000000000  3.1415926536  0.0000000000  0.0000000000
-381.3893481458  0.0000000000  3.1415926536  0.0000000000  0.0000000000
-380.1327110844  0.0000000000  3.1415926536  0.0000000000  0.0000000000
-378.8760740229  0.0000000000  3.1415926536  0.0000000000  0.0000000000
-377.6194369615  0.0000000000  3.1415926536  0.0000000000  0.0000000000
-376.3627999001  0.0000000000  3.1415926536  0.0000000000  0.0000000000
-375.1061628386  0.0000000000  3.1415926536  0.0000000000  0.0000000000
-373.8495257772  0.0000000000  3.1415926536  0.0000000000  0.0000000000
-372.5928887157  0.0000000000  3.1415926536  0.0000000000  0.0000000000
-371.3362516543  0.0000000000  3.1415926536  0.0000000000  0.0000000000
-370.0796145929  0.0000000000  3.1415926536  0.0000000000  0.0000000000
-368.8229775314  0.0000000000  3.1415926536  0.0000000000  0.0000000000
-367.5663404700  0.0000000000  3.1415926536  0.0000000000  0.0000000000
-366.3097034086  0.0000000000  3.1415926536  0.0000000000  0.0000000000
-365.0530663471  0.0000000000  3.1415926536  0.0000000000  0.0000000000
-363.7964292857  0.0000000000  3.1415926536  0.0000000000  0.0000000000
-362.5397922243  0.0000000000  3.1415926536  0.0000000000  0.0000000000
-361.2831551628  0.0000000000  3.1415926536  0.0000000000  0.0000000000
-360.0265181014  0.0000000000  3.1415926536  0.0000000000  0.0000000000
-358.7698810400  0.0000000000  3.1415926536  0.0000000000  0.0000000000
-357.5132439785  0.0000000000  3.1415926536  0.0000000000  0.0000000000
-356.2566069171  0.0000000000  3.1415926536  0.0000000000  0.0000000000
-354.9999698556  0.0000000000  3.1415926536  0.0000000000  0.0000000000
-353.7433327942  0.0000000000  3.1415926536  0.0000000000  0.0000000000
-352.4866957328  0.0000000000  3.1415926536  0.0000000000  0.0000000000
-351.2300586713  0.0000000000  3.1415926536  0.0000000000  0.0000000000
-349.9734216099  0.0000000000  3.1415926536  0.0000000000  0.0000000000
-348.7167845485  0.0000000000  3.1415926536  0.0000000000  0.0000000000
-347.4601474870  0.0000000000  3.1415926536  0.0000000000  0.0000000000
-346.2035104256  0.0000000000  3.1415926536  0.0000000000  0.0000000000
-344.9468733642  0.0000000000  3.1415926536  0.0000000000  0.0000000000
-343.6902363027  0.0000000000  3.1415926536  0.0000000000  0.0000000000
-342.4335992413  0.0000000000  3.1415926536  0.0000000000  0.0000000000
-341.1769621799  0.0000000000  3.1415926536  0.0000000000  0.0000000000
-339.9203251184  0.0000000000  3.1415926536  0.0000000000  0.0000000000
-338.6636880570  0.0000000000  3.1415926536  0.0000000000  0.0000000000
-337.4070509955  0.0000000000  3.1415926536  0.0000000000  0.0000000000
-336.1504139341  0.0000000000  3.1415926536  0.0000000000  0.0000000000
-334.8937768727  0.0000000000  3.1415926536  0.0000000000  0.0000000000
-333.6371398112  0.0000000000  3.1415926536  0.0000000000  0.0000000000
-332.3805027498  0.0000000000  3.1415926536  0.0000000000  0.0000000000
-331.1238656884  0.0000000000  3.1415926536  0.0000000000  0.0000000000
-329.8672286269  0.0000000000  3.1415926536  0.0000000000  0.0000000000
-328.6105915655  0.0000000000  3.1415926536  0.0000000000  0.0000000000
-327.3539545041  0.0000000000  3.1415926536  0.0000000000  0.0000000000
-326.0973174426  0.0000000000  3.1415926536  0.0000000000  0.0000000000
-324.8406803812  0.0000000000  3.1415926536  0.0000000000  0.0000000000
-323.5840433197  0.0000000000  3.1415926536  0.0000000000  0.0000000000
-322.3274062583  0.0000000000  3.1415926536  0.0000000000  0.0000000000
-321.0707691969  0.0000000000  3.1415926536  0.0000000000  0.0000000000
-319.8141321354  0.0000000000  3.1415926536  0.0000000000  0.0000000000
-318.5574950740  0.0000000000  3.1415926536  0.0000000000  0.0000000000
-317.3008580126  0.0000000000  3.1415926536  0.0000000000  0.0000000000
-316.0442209511  0.0000000000  3.1415926536  0.0000000000  0.0000000000
-314.7875838897  0.0000000000  3.1415926536  0.0000000000  0.0000000000
-313.5309468283  0.0000000000  3.1415926536  0.0000000000  0.0000000000
-312.2743097668  0.0000000000  3.1415926536  0.0000000000  0.0000000000
-311.0176727054  0.0000000000  3.1415926536  0.0000000000  0.0000000000
-309.7610356440  0.0000000000  3.1415926536  0.0000000000  0.0000000000
-308.5043985825  0.0000000000  3.1415926536  0.0000000000  0.0000000000
-307.2477615211  0.0000000000  3.1415926536  0.0000000000  0.0000000000
-305.9911244596  0.0000000000  3.1415926536  0.0000000000  0.0000000000
-304.7344873982  0.0000000000  3.1415926536  0.0000000000  0.0000000000
-303.4778503368  0.0000000000  3.1415926536  0.0000000000  0.0000000000
-302.2212132753  0.0000000000  3.1415926536  0.0000000000  0.0000000000
-300.9645762139  0.0000000000  3.1415926536  0.0000000000  0.0000000000
-299.7079391525  0.0000000000  3.1415926536  0.0000000000  0.0000000000
-298.4513020910  0.0000000000  3.1415926536  0.0000000000  0.0000000000
-297.1946650296  0.0000000000  3.1415926536  0.0000000000  0.0000000000
-295.9380279682  0.0000000000  3.1415926536  0.0000000000  0.0000000000
-294.6813909067  0.0000000000  3.1415926536  0.0000000000  0.0000000000
-293.4247538453  0.0000000000  3.1415926536  0.0000000000  0.0000000000
-292.1681167839  0.0000000000  3.1415926536  0.0000000000  0.0000000000
-290.9114797224  0.0000000000  3.1415926536  0.0000000000  0.0000000000
-289.6548426610  0.0000000000  3.1415926536  0.0000000000  0.0000000000
-288.3982055995  0.0000000000  3.1415926536  0.0000000000  0.0000000000
-287.1415685381  0.0000000000  3.1415926536  0.0000000000  0.0000000000
-285.8849314767  0.0000000000  3.1415926536  0.0000000000  0.0000000000
-284.6282944152  0.0000000000  3.1415926536  0.0000000000  0.0000000000
-283.3716573538  0.0000000000  3.1415926536  0.0000000000  0.0000000000
-282.1150202924  0.0000000000  3.1415926536  0.0000000000  0.0000000000
-280.8583832309  0.0000000000  3.1415926536  0.0000000000  0.0000000000
-279.6017461695  0.0000000000  3.1415926536  0.0000000000  0.0000000000
-278.3451091081  0.0000000000  3.1415926536  0.0000000000  0.0000000000
-277.0884720466  0.0000000000  3.1415926536  0.0000000000  0.0000000000
-275.8318349852  0.0000000000  3.1415926536  0.0000000000  0.0000000000
-274.5751979237  0.0000000000  3.1415926536  0.0000000000  0.0000000000
-273.3185608623  0.0000000000  3.1415926536  0.0000000000  0.0000000000
-272.0619238009  0.0000000000  3.1415926536  0.0000000000  0.0000000000
-270.8052867394  0.0000000000  3.1415926536  0.0000000000  0.0000000000
-269.5486496780  0.0000000000  3.1415926536  0.0000000000  0.0000000000
-268.2920126166  0.0000000000  3.1415926536  0.0000000000  0.0000000000
-267.0353755551  0.0000000000  3.1415926536  0.0000000000  0.0000000000
-265.7787384937  0.0000000000  3.1415926536  0.0000000000  0.0000000000
-264.5221014323  0.0000000000  3.1415926536  0.0000000000  0.0000000000
-263.2654643708  0.0000000000  3.1415926536  0.0000000000  0.0000000000
-262.0088273094  0.0000000000  3.1415926536  0.0000000000  0.0000000000
-260.7521902480  0.0000000000  3.1415926536  0.0000000000  0.0000000000
-259.4955531865  0.0000000000  3.1415926536  0.0000000000  0.0000000000
-258.2389161251  0.0000000000  3.1415926536  0.0000000000  0.0000000000
-256.9822790636  0.0000000000  3.1415926536  0.0000000000  0.0000000000
-255.7256420022  0.0000000000  3.1415926536  0.0000000000  0.0000000000
-254.4690049408  0.0000000000  3.1415926536  0.0000000000  0.0000000000
-253.2123678793  0.0000000000  3.1415926536  0.0000000000  0.0000000000
-251.9557308179  0.0000000000  3.1415926536  0.0000000000  0.0000000000
-250.6990937565  0.0000000000  3.1415926536  0.0000000000  0.0000000000
-249.4424566950  0.0000000000  3.1415926536  0.0000000000  0.0000000000
-248.1858196336  0.0000000000  3.1415926536  0.0000000000  0.0000000000
-246.9291825722  0.0000000000  3.1415926536  0.0000000000  0.0000000000
-245.6725455107  0.0000000000  3.1415926536  0.0000000000  0.0000000000
-244.4159084493  0.0000000000  3.1415926536  0.0000000000  0.0000000000
-243.1592713878  0.0000000000  3.1415926536  0.0000000000  0.0000000000
-241.9026343264  0.0000000000  3.1415926536  0.0000000000  0.0000000000
-240.6459972650  0.0000000000  3.1415926536  0.0000000000  0.0000000000
-239.3893602035  0.0000000000  3.1415926536  0.0000000000  0.0000000000
-238.1327231421  0.0000000000  3.1415926536  0.0000000000  0.0000000000
-236.8760860807  0.0000000000  3.1415926536  0.0000000000  0.0000000000
-235.6194490192  0.0000000000  3.1415926536  0.0000000000  0.0000000000
-234.3628119578  0.0000000000  3.1415926536  0.0000000000  0.0000000000
-233.1061748964  0.0000000000  3.1415926536  0.0000000000  0.0000000000
-231.8495378349  0.0000000000  3.1415926536  0.0000000000  0.0000000000
-230.5929007735  0.0000000000  3.1415926536  0.0000000000  0.0000000000
-229.3362637121  0.0000000000  3.1415926536  0.0000000000  0.0000000000
-228.0796266506  0.0000000000  3.1415926536  0.0000000000  0.0000000000
-226.8229895892  0.0000000000  3.1415926536  0.0000000000  0.0000000000
-225.5663525277  0.0000000000  3.1415926536  0.0000000000  0.0000000000
-224.3097154663  0.0000000000  3.1415926536  0.0000000000  0.0000000000
-223.0530784049  0.0000000000  3.1415926536  0.0000000000  0.0000000000
-221.7964413434  0.0000000000  3.1415926536  0.0000000000  0.0000000000
-220.5398042820  0.0000000000  3.1415926536  0.0000000000  0.0000000000
-219.2831672206  0.0000000000  3.1415926536  0.0000000000  0.0000000000
-218.0265301591  0.0000000000  3.1415926536  0.0000000000  0.0000000000
-216.7698930977  0.0000000000  3.1415926536  0.0000000000  0.0000000000
-215.5132560363  0.0000000000  3.1415926536  0.0000000000  0.0000000000
-214.2566189748  0.0000000000  3.1415926536  0.0000000000  0.0000000000
-212.9999819134  0.0000000000  3.1415926536  0.0000000000  0.0000000000
-211.7433448520  0.0000000000  3.1415926536  0.0000000000  0.0000000000
-210.4867077905  0.0000000000  3.1415926536  0.0000000000  0.0000000000
-209.2300707291  0.0000000000  3.1415926536  0.0000000000  0.0000000000
-207.9734336676  0.0000000000  3.1415926536  0.0000000000  0.0000000000
-206.7167966062  0.0000000000  3.1415926536  0.0000000000  0.0000000000
-205.4601595448  0.0000000000  3.1415926536  0.0000000000  0.0000000000
-204.2035224833  0.0000000000  3.1415926536  0.0000000000  0.0000000000
-202.9468854219  0.0000000000  3.1415926536  0.0000000000  0.0000000000
-201.6902483605  0.0000000000  3.1415926536  0.0000000000  0.0000000000
-200.4336112990  0.0000000000  3.1415926536  0.0000000000  0.0000000000
-199.1769742376  0.0000000000  3.1415926536  0.0000000000  0.0000000000
-197.9203371762  0.0000000000  3.1415926536  0.0000000000  0.0000000000
-196.6637001147  0.0000000000  3.1415926536  0.0000000000  0.0000000000
-195.4070630533  0.0000000000  3.1415926536  0.0000000000  0.0000000000
-194.1504259918  0.0000000000  3.1415926536  0.0000000000  0.0000000000
-192.8937889304  0.0000000000  3.1415926536  0.0000000000  0.0000000000
-191.6371518690  0.0000000000  3.1415926536  0.0000000000  0.0000000000
-190.3805148075  0.0000000000  3.1415926536  0.0000000000  0.0000000000
-189.1238777461  0.0000000000  3.1415926536  0.0000000000  0.0000000000
-187.8672406847  0.0000000000  3.1415926536  0.0000000000  0.0000000000
-186.6106036232  0.0000000000  3.1415926536  0.0000000000  0.0000000000
-185.3539665618  0.0000000000  3.1415926536  0.0000000000  0.0000000000
-184.0973295004  0.0000000000  3.1415926536  0.0000000000  0.0000000000
-182.8406924389  0.0000000000  3.1415926536  0.0000000000  0.0000000000
-181.5840553775  0.0000000000  3.1415926536  0.0000000000  0.0000000000
-180.3274183161  0.0000000000  3.1415926536  0.0000000000  0.0000000000
-179.0707812546  0.0000000000  3.1415926536  0.0000000000  0.0000000000
-177.8141441932  0.0000000000  3.1415926536  0.0000000000  0.0000000000
-176.5575071317  0.0000000000  3.1415926536  0.0000000000  0.0000000000
-175.3008700703  0.0000000000  3.1415926536  0.0000000000  0.0000000000
-174.0442330089  0.0000000000  3.1415926536  0.0000000000  0.0000000000
-172.7875959474  0.0000000000  3.1415926536  0.0000000000  0.0000000000
-171.5309588860  0.0000000000  3.1415926536  0.0000000000  0.0000000000
-170.2743218246  0.0000000000  3.1415926536  0.0000000000  0.0000000000
-169.0176847631  0.0000000000  3.1415926536  0.0000000000  0.0000000000
-167.7610477017  0.0000000000  3.1415926536  0.0000000000  0.0000000000
-166.5044106403  0.0000000000  3.1415926536  0.0000000000  0.0000000000
-165.2477735788  0.0000000000  3.1415926536  0.0000000000  0.0000000000
-163.9911365174  0.0000000000  3.1415926536  0.0000000000  0.0000000000
-162.7344994560  0.0000000000  3.1415926536  0.0000000000  0.0000000000
-161.4778623945  0.0000000000  3.1415926536  0.0000000000  0.0000000000
-160.2212253331  0.0000000000  3.1415926536  0.0000000000  0.0000000000
-158.9645882716  0.0000000000  3.1415926536  0.0000000000  0.0000000000
-157.7079512102  0.0000000000  3.1415926536  0.0000000000  0.0000000000
-156.4513141488  0.0000000000  3.1415926536  0.0000000000  0.0000000000
-155.1946770873  0.0000000000  3.1415926536  0.0000000000  0.0000000000
-153.9380400259  0.0000000000  3.1415926536  0.0000000000  0.0000000000
-152.6814029645  0.0000000000  3.1415926536  0.0000000000  0.0000000000
-151.4247659030  0.0000000000  3.1415926536  0.0000000000  0.0000000000
-150.1681288416  0.0000000000  3.1415926536  0.0000000000  0.0000000000
-148.9114917802  0.0000000000  3.1415926536  0.0000000000  0.0000000000
-147.6548547187  0.0000000000  3.1415926536  0.0000000000  0.0000000000
-146.3982176573  0.0000000000  3.1415926536  0.0000000000  0.0000000000
-145.1415805958  0.0000000000  3.1415926536  0.0000000000  0.0000000000
-143.8849435344  0.0000000000  3.1415926536  0.0000000000  0.0000000000
-142.6283064730  0.0000000000  3.1415926536  0.0000000000  0.0000000000
-141.3716694115  0.0000000000  3.1415926536  0.0000000000  0.0000000000
-140.1150323501  0.0000000000  3.1415926536  0.0000000000  0.0000000000
-138.8583952887  0.0000000000  3.1415926536  0.0000000000  0.0000000000
-137.6017582272  0.0000000000  3.1415926536  0.0000000000  0.0000000000
-136.3451211658  0.0000000000  3.1415926536  0.0000000000  0.0000000000
-135.0884841044  0.0000000000  3.1415926536  0.0000000000  0.0000000000
-133.8318470429  0.0000000000  3.1415926536  0.0000000000  0.0000000000
-132.5752099815  0.0000000000  3.1415926536  0.0000000000  0.0000000000
-131.3185729201  0.0000000000  3.1415926536  0.0000000000  0.0000000000
-130.0619358586  0.0000000000  3.1415926536  0.0000000000  0.0000000000
-128.8052987972  0.0000000000  3.1415926536  0.0000000000  0.0000000000
-127.5486617357  0.0000000000  3.1415926536  0.0000000000  0.0000000000
-126.2920246743  0.0000000000  3.1415926536  0.0000000000  0.0000000000
-125.0353876129  0.0000000000  3.1415926536  0.0000000000  0.0000000000
-123.7787505514  0.0000000000  3.1415926536  0.0000000000  0.0000000000
-122.5221134900  0.0000000000  3.1415926536  0.0000000000  0.0000000000
-121.2654764286  0.0000000000  3.1415926536  0.0000000000  0.0000000000
-120.0088393671  0.0000000000  3.1415926536  0.0000000000  0.0000000000
-118.7522023057  0.0000000000  3.1415926536  0.0000000000  0.0000000000
-117.4955652443  0.0000000000  3.1415926536  0.0000000000  0.0000000000
-116.2389281828  0.0000000000  3.1415926536  0.0000000000  0.0000000000
-114.9822911214  0.0000000000  3.1415926536  0.0000000000  0.0000000000
-113.7256540600  0.0000000000  3.1415926536  0.0000000000  0.0000000000
-112.4690169985  0.0000000000  3.1415926536  0.0000000000  0.0000000000
-111.2123799371  0.0000000000  3.1415926536  0.0000000000  0.0000000000
-109.9557428756  0.0000000000  3.1415926536  0.0000000000  0.0000000000
-108.6991058142  0.0000000000  3.1415926536  0.0000000000  0.0000000000
-107.4424687528  0.0000000000  3.1415926536  0.0000000000  0.0000000000
-106.1858316913  0.0000000000  3.1415926536  0.0000000000  0.0000000000
-104.9291946299  0.0000000000  3.1415926536  0.0000000000  0.0000000000
-103.6725575685  0.0000000000  3.1415926536  0.0000000000  0.0000000000
-102.4159205070  0.0000000000  3.1415926536  0.0000000000  0.0000000000
-101.1592834456  0.0000000000  3.1415926536  0.0000000000  0.0000000000
-99.9026463842  0.0000000000  3.1415926536  0.0000000000  0.0000000000
-98.6460093227  0.0000000000  3.1415926536  0.0000000000  0.0000000000
-97.3893722613  0.0000000000  3.1415926536  0.0000000000  0.0000000000
-96.1327351998  0.0000000000  3.1415926536  0.0000000000  0.0000000000
-94.8760981384  0.0000000000  3.1415926536  0.0000000000  0.0000000000
-93.6194610770  0.0000000000  3.1415926536  0.0000000000  0.0000000000
-92.3628240155  0.0000000000  3.1415926536  0.0000000000  0.0000000000
-91.1061869541  0.0000000000  3.1415926536  0.0000000000  0.0000000000
-89.8495498927  0.0000000000  3.1415926536  0.0000000000  0.0000000000
-88.5929128312  0.0000000000  3.1415926536  0.0000000000  0.0000000000
-87.3362757698  0.0000000000  3.1415926536  0.0000000000  0.0000000000
-86.0796387084  0.0000000000  3.1415926536  0.0000000000  0.0000000000
-84.8230016469  0.0000000000  3.1415926536  0.0000000000  0.0000000000
-83.5663645855  0.0000000000  3.1415926536  0.0000000000  0.0000000000
-82.3097275241  0.0000000000  3.1415926536  0.0000000000  0.0000000000
-81.0530904626  0.0000000000  3.1415926536  0.0000000000  0.0000000000
-79.7964534012  0.0000000000  3.1415926536  0.0000000000  0.0000000000
-78.5398163397  0.0000000000  3.1415926536  0.0000000000  0.0000000000
-77.2831792783  0.0000000000  3.1415926536  0.0000000000  0.0000000000
-76.0265422169  0.0000000000  3.1415926536  0.0000000000  0.0000000000
-74.7699051554  0.0000000000  3.1415926536  0.0000000000  0.0000000000
-73.5132680940  0.0000000000  3.1415926536  0.0000000000  0.0000000000
-72.2566310326  0.0000000000  3.1415926536  0.0000000000  0.0000000000
-70.9999939711  0.0000000000  3.1415926536  0.0000000000  0.0000000000
-69.7433569097  0.0000000000  3.1415926536  0.0000000000  0.0000000000
-68.4867198483  0.0000000000  3.1415926536  0.0000000000  0.0000000000
-67.2300827868  0.0000000000  3.1415926536  0.0000000000  0.0000000000
-65.9734457254  0.0000000000  3.1415926536  0.0000000000  0.0000000000
-64.7168086639  0.0000000000  3.1415926536  0.0000000000  0.0000000000
-63.4601716025  0.0000000000  3.1415926536  0.0000000000  0.0000000000
-62.2035345411  0.0000000000  3.1415926536  0.0000000000  0.0000000000
-60.9468974796  0.0000000000  3.1415926536  0.0000000000  0.0000000000
-59.6902604182  0.0000000000  3.1415926536  0.0000000000  0.0000000000
-58.4336233568  0.0000000000  3.1415926536  0.0000000000  0.0000000000
-57.1769862953  0.0000000000  3.1415926536  0.0000000000  0.0000000000
-55.9203492339  0.0000000000  3.1415926536  0.0000000000  0.0000000000
-54.6637121725  0.0000000000  3.1415926536  0.0000000000  0.0000000000
-53.4070751110  0.0000000000  3.1415926536  0.0000000000  0.0000000000
-52.1504380496  0.0000000000  3.1415926536  0.0000000000  0.0000000000
-50.8938009882  0.0000000000  3.1415926536  0.0000000000  0.0000000000
-49.6371639267  0.0000000000  3.1415926536  0.0000000000  0.0000000000
-48.3805268653  0.0000000000  3.1415926536  0.0000000000  0.0000000000
-47.1238898038  0.0000000000  3.1415926536  0.0000000000  0.0000000000
-45.8672527424  0.0000000000  3.1415926536  0.0000000000  0.0000000000
-44.6106156810  0.0000000000  3.1415926536  0.0000000000  0.0000000000
-43.3539786195  0.0000000000  3.1415926536  0.0000000000  0.0000000000
-42.0973415581  0.0000000000  3.1415926536  0.0000000000  0.0000000000
-40.8407044967  0.0000000000  3.1415926536  0.0000000000  0.0000000000
-39.5840674352  0.0000000000  3.1415926536  0.0000000000  0.0000000000
-38.3274303738  0.0000000000  3.1415926536  0.0000000000  0.0000000000
-37.0707933124  0.0000000000  3.1415926536  0.0000000000  0.0000000000
-35.8141562509  0.0000000000  3.1415926536  0.0000000000  0.0000000000
-34.5575191895  0.0000000000  3.1415926536  0.0000000000  0.0000000000
-33.3008821281  0.0000000000  3.1415926536  0.0000000000  0.0000000000
-32.0442450666  0.0000000000  3.1415926536  0.0000000000  0.0000000000
-30.7876080052  0.0000000000  3.1415926536  0.0000000000  0.0000000000
-29.5309709437  0.0000000000  3.1415926536  0.0000000000  0.0000000000
-28.2743338823  0.0000000000  3.1415926536  0.0000000000  0.0000000000
-27.0176968209  0.0000000000  3.1415926536  0.0000000000  0.0000000000
-25.7610597594  0.0000000000  3.1415926536  0.0000000000  0.0000000000
-24.5044226980  0.0000000000  3.1415926536  0.0000000000  0.0000000000
-23.2477856366  0.0000000000  3.1415926536  0.0000000000  0.0000000000
-21.9911485751  0.0000000000  3.1415926536  0.0000000000  0.0000000000
-20.7345115137  0.0000000000  3.1415926536  0.0000000000  0.0000000000
-19.4778744523  0.0000000000  3.1415926536  0.0000000000  0.0000000000
-18.2212373908  0.0000000000  3.1415926536  0.0000000000  0.0000000000
-16.9646003294  0.0000000000  3.1415926536  0.0000000000  0.0000000000
-15.7079632679  0.0000000000  3.1415926536  0.0000000000  0.0000000000
-14.4513262065  0.0000000000  3.1415926536  0.0000000000  0.0000000000
-13.1946891451  0.0000000000  3.1415926536  0.0000000000  0.0000000000
-11.9380520836  0.0000000000  3.1415926536  0.0000000000  0.0000000000
-10.6814150222  0.0000000000  3.1415926536  0.0000000000  0.0000000000
-9.4247779608  0.0000000000  3.1415926536  0.0000000000  0.0000000000
-8.1681408993  0.0000000000  3.1415926536  0.0000000000  0.0000000000
-6.9115038379  0.0000000000  3.1415926536  0.0000000000  0.0000000000
-5.6548667765  0.0000000000  3.1415926536  0.0000000000  0.0000000000
-4.3982297150  0.0000000000  3.1415926536  0.0000000000  0.0000000000
-3.1415926536  0.0000000000  3.1415926536  0.0000000000  0.0000000000
-1.8849555922  0.0000000000  3.1415926536  0.0000000000  -0.0000000491
-0.6283185307  0.0000000000  3.1415926536  0.0000004197  0.0000000000
0.6283185307  0.0000000000  3.1415926536  -0.0000000000  -0.6787475684
1.8849555922  0.0000000000  3.1415926536  -0.0000000000  -0.6365386268
3.1415926536  0.0000000000  3.1415926536  -0.0000000000  -0.5783773491
4.3982297150  0.0000000000  3.1415926536  -0.0000000000  -0.5260039403
5.6548667765  0.0000000000  3.1415926536  -0.0000000000  -0.4767454037
6.9115038379  0.0000000000  3.1415926536  0.0000000000  -0.4315045671
8.1681408993  0.0000000000  3.1415926536  0.0000000000  -0.3911508473
9.4247779608  0.0000000000  3.1415926536  0.0000000131  -0.3558093585
10.6814150222  0.0000000000  3.1415926536  0.0000000000  -0.3251193228
11.9380520836  0.0000000000  3.1415926536  -0.0000000169  -0.2985238782
13.1946891451  0.0000000000  3.1415926536  -0.0000000192  -0.2754372422
14.4513262065  0.0000000000  3.1415926536  -0.0000000071  -0.2553199396
15.7079632679  0.0000000000  3.1415926536  0.0000000115  -0.2377042371
16.9646003294  0.0000000000  3.1415926536  0.0000000293  -0.2221963845
18.2212373908  0.0000000000  3.1415926536  0.0000000425  -0.2084695375
19.4778744523  0.0000000000  3.1415926536  0.0000000501  -0.1962539162
20.7345115137  0.0000000000  3.1415926536  0.0000000524  -0.1853270319
21.9911485751  0.0000000000  3.1415926536  0.0000000507  -0.1755050393
23.2477856366  0.0000000000  3.1415926536  0.0000000461  -0.1666354808
24.5044226980  0.0000000000  3.1415926536  0.0000000397  -0.1585913563
25.7610597594  0.0000000000  3.1415926536  0.0000000324  -0.1512663428
27.0176968209  0.0000000000  3.1415926536  0.0000000249  -0.1445709617
28.2743338823  0.0000000000  3.1415926536  0.0000000175  -0.1384295127
29.5309709437  0.0000000000  3.1415926536  0.0000000106  -0.1327776177
30.7876080052  0.0000000000  3.1415926536  0.0000000042  -0.1275602484
32.0442450666  0.0000000000  3.1415926536  -0.0000000016  -0.1227301365
33.3008821281  0.0000000000  3.1415926536  -0.0000000066  -0.1182464872
34.5575191895  0.0000000000  3.1415926536  -0.0000000111  -0.1140739326
35.8141562509  0.0000000000  3.1415926536  -0.0000000149  -0.1101816770
37.0707933124  0.0000000000  3.1415926536  -0.0000000181  -0.1065427946
38.3274303738  0.0000000000  3.1415926536  -0.0000000208  -0.1031336509
39.5840674352  0.0000000000  3.1415926536  -0.0000000231  -0.0999334220
40.8407044967  0.0000000000  3.1415926536  -0.0000000250  -0.0969236954
42.0973415581  0.0000000000  3.1415926536  -0.0000000265  -0.0940881349
43.3539786195  0.0000000000  3.1415926536  -0.0000000277  -0.0914122001
44.6106156810  0.0000000000  3.1415926536  -0.0000000286  -0.0888829083
45.8672527424  0.0000000000  3.1415926536  -0.0000000293  -0.0864886342
47.1238898038  0.0000000000  3.1415926536  -0.0000000298  -0.0842189387
48.3805268653  0.0000000000  3.1415926536  -0.0000000302  -0.0820644223
49.6371639267  0.0000000000  3.1415926536  -0.0000000303  -0.0800166007
50.8938009882  0.0000000000  3.1415926536  -0.0000000304  -0.0780677962
52.1504380496  0.0000000000  3.1415926536  -0.0000000304  -0.0762110456
53.4070751110  0.0000000000  3.1415926536  -0.0000000302  -0.0744400188
54.6637121725  0.0000000000  3.1415926536  -0.0000000300  -0.0727489496
55.9203492339  0.0000000000  3.1415926536  -0.0000000297  -0.0711325743
57.1769862953  0.0000000000  3.1415926536  -0.0000000294  -0.0695860786
58.4336233568  0.0000000000  3.1415926536  -0.0000000291  -0.0681050510
59.6902604182  0.0000000000  3.1415926536  -0.0000000287  -0.0666854415
60.9468974796  0.0000000000  3.1415926536  -0.0000000282  -0.0653235260
62.2035345411  0.0000000000  3.1415926536  -0.0000000278  -0.0640158738
63.4601716025  0.0000000000  3.1415926536  -0.0000000273  -0.0627593198
64.7168086639  0.0000000000  3.1415926536  -0.0000000269  -0.0615509391
65.9734457254  0.0000000000  3.1415926536  -0.0000000264  -0.0603880251
67.2300827868  0.0000000000  3.1415926536  -0.0000000259  -0.0592680691
68.4867198483  0.0000000000  3.1415926536  -0.0000000254  -0.0581887433
69.7433569097  0.0000000000  3.1415926536  -0.0000000249  -0.0571478841
70.9999939711  0.0000000000  3.1415926536  -0.0000000244  -0.0561434784
72.2566310326  0.0000000000  3.1415926536  -0.0000000240  -0.0551736507
73.5132680940  0.0000000000  3.1415926536  -0.0000000235  -0.0542366516
74.7699051554  0.0000000000  3.1415926536  -0.0000000230  -0.0533308472
76.0265422169  0.0000000000  3.1415926536  -0.0000000225  -0.0524547101
77.2831792783  0.0000000000  3.1415926536  -0.0000000221  -0.0516068105
78.5398163397  0.0000000000  3.1415926536  -0.0000000216  -0.0507858089
79.7964534012  0.0000000000  3.1415926536  -0.0000000212  -0.0499904490
81.0530904626  0.0000000000  3.1415926536  -0.0000000207  -0.0492195511
82.3097275241  0.0000000000  3.1415926536  -0.0000000203  -0.0484720069
83.5663645855  0.0000000000  3.1415926536  -0.0000000199  -0.0477467736
84.8230016469  0.0000000000  3.1415926536  -0.0000000195  -0.0470428696
86.0796387084  0.0000000000  3.1415926536  -0.0000000191  -0.0463593697
87.3362757698  0.0000000000  3.1415926536  -0.0000000187  -0.0456954016
88.5929128312  0.0000000000  3.1415926536  -0.0000000183  -0.0450501417
89.8495498927  0.0000000000  3.1415926536  -0.0000000179  -0.0444228120
91.1061869541  0.0000000000  3.1415926536  -0.0000000175  -0.0438126770
92.3628240155  0.0000000000  3.1415926536  -0.0000000172  -0.0432190408
93.6194610770  0.0000000000  3.1415926536  -0.0000000168  -0.0426412444
94.8760981384  0.0000000000  3.1415926536  -0.0000000165  -0.0420786635
96.1327351998  0.0000000000  3.1415926536  -0.0000000162  -0.0415307060
97.3893722613  0.0000000000  3.1415926536  -0.0000000158  -0.0409968100
98.6460093227  0.0000000000  3.1415926536  -0.0000000155  -0.0404764423
99.9026463842  0.0000000000  3.1415926536  -0.0000000152  -0.0399690958
101.1592834456  0.0000000000  3.1415926536  -0.0000000149  -0.0394742889
102.4159205070  0.0000000000  3.1415926536  -0.0000000146  -0.0389915629
103.6725575685  0.0000000000  3.1415926536  -0.0000000143  -0.0385204816
104.9291946299  0.0000000000  3.1415926536  -0.0000000141  -0.0380606293
106.1858316913  0.0000000000  3.1415926536  -0.0000000138  -0.0376116098
107.4424687528  0.0000000000  3.1415926536  -0.0000000135  -0.0371730454
108.6991058142  0.0000000000  3.1415926536  -0.0000000133  -0.0367445757
109.9557428756  0.0000000000  3.1415926536  -0.0000000130  -0.0363258567
111.2123799371  0.0000000000  3.1415926536  -0.0000000128  -0.0359165596
112.4690169985  0.0000000000  3.1415926536  -0.0000000125  -0.0355163705
113.7256540600  0.0000000000  3.1415926536  -0.0000000123  -0.0351249891
114.9822911214  0.0000000000  3.1415926536  -0.0000000121  -0.0347421282
116.2389281828  0.0000000000  3.1415926536  -0.0000000119  -0.0343675128
117.4955652443  0.0000000000  3.1415926536  -0.0000000116  -0.0340008799
118.7522023057  0.0000000000  3.1415926536  -0.0000000114  -0.0336419773
120.0088393671  0.0000000000  3.1415926536  -0.0000000112  -0.0332905633
121.2654764286  0.0000000000  3.1415926536  -0.0000000110  -0.0329464062
122.5221134900  0.0000000000  3.1415926536  -0.0000000108  -0.0326092839
123.7787505514  0.0000000000  3.1415926536  -0.0000000106  -0.0322789830
125.0353876129  0.0000000000  3.1415926536  -0.0000000105  -0.0319552989
126.2920246743  0.0000000000  3.1415926536  -0.0000000103  -0.0316380348
127.5486617357  0.0000000000  3.1415926536  -0.0000000101  -0.0313270019
128.8052987972  0.0000000000  3.1415926536  -0.0000000099  -0.0310220186
130.0619358586  0.0000000000  3.1415926536  -0.0000000098  -0.0307229103
131.3185729201  0.0000000000  3.1415926536  -0.0000000096  -0.0304295089
132.5752099815  0.0000000000  3.1415926536  -0.0000000094  -0.0301416529
133.8318470429  0.0000000000  3.1415926536  -0.0000000093  -0.0298591867
135.0884841044  0.0000000000  3.1415926536  -0.0000000091  -0.0295819604
136.3451211658  0.0000000000  3.1415926536  -0.0000000090  -0.0293098298
137.6017582272  0.0000000000  3.1415926536  -0.0000000088  -0.0290426557
138.8583952887  0.0000000000  3.1415926536  -0.0000000087  -0.0287803041
140.1150323501  0.0000000000  3.1415926536  -0.0000000085  -0.0285226456
141.3716694115  0.0000000000  3.1415926536  -0.0000000084  -0.0282695556
142.6283064730  0.0000000000  3.1415926536  -0.0000000083  -0.0280209138
143.8849435344  0.0000000000  3.1415926536  -0.0000000081  -0.0277766040
145.1415805958  0.0000000000  3.1415926536  -0.0000000080  -0.0275365140
146.3982176573  0.0000000000  3.1415926536  -0.0000000079  -0.0273005356
147.6548547187  0.0000000000  3.1415926536  -0.0000000078  -0.0270685641
148.9114917802  0.0000000000  3.1415926536  -0.0000000077  -0.0268404984
150.1681288416  0.0000000000  3.1415926536  -0.0000000075  -0.0266162407
151.4247659030  0.0000000000  3.1415926536  -0.0000000074  -0.0263956966
152.6814029645  0.0000000000  3.1415926536  -0.0000000073  -0.0261787746
153.9380400259  0.0000000000  3.1415926536  -0.0000000072  -0.0259653863
155.1946770873  0.0000000000  3.1415926536  -0.0000000071  -0.0257554462
156.4513141488  0.0000000000  3.1415926536  -0.0000000070  -0.0255488712
157.7079512102  0.0000000000  3.1415926536  -0.0000000069  -0.0253455813
158.9645882716  0.0000000000  3.1415926536  -0.0000000068  -0.0251454988
160.2212253331  0.0000000000  3.1415926536  -0.0000000067  -0.0249485484
161.4778623945  0.0000000000  3.1415926536  -0.0000000066  -0.0247546571
162.7344994560  0.0000000000  3.1415926536  -0.0000000065  -0.0245637543
163.9911365174  0.0000000000  3.1415926536  -0.0000000064  -0.0243757715
165.2477735788  0.0000000000  3.1415926536  -0.0000000063  -0.0241906422
166.5044106403  0.0000000000  3.1415926536  -0.0000000062  -0.0240083020
167.7610477017  0.0000000000  3.1415926536  -0.0000000061  -0.0238286883
169.0176847631  0.0000000000  3.1415926536  -0.0000000061  -0.0236517406
170.2743218246  0.0000000000  3.1415926536  -0.0000000060  -0.0234773999
171.5309588860  0.0000000000  3.1415926536  -0.0000000059  -0.0233056090
172.7875959474  0.0000000000  3.1415926536  -0.0000000058  -0.0231363125
174.0442330089  0.0000000000  3.1415926536  -0.0000000057  -0.0229694565
175.3008700703  0.0000000000  3.1415926536  -0.0000000057  -0.0228049885
176.5575071317  0.0000000000  3.1415926536  -0.0000000056  -0.0226428578
177.8141441932  0.0000000000  3.1415926536  -0.0000000055  -0.0224830148
179.0707812546  0.0000000000  3.1415926536  -0.0000000054  -0.0223254116
180.3274183161  0.0000000000  3.1415926536  -0.0000000054  -0.0221700014
181.5840553775  0.0000000000  3.1415926536  -0.0000000053  -0.0220167387
182.8406924389  0.0000000000  3.1415926536  -0.0000000052  -0.0218655794
184.0973295004  0.0000000000  3.1415926536  -0.0000000052  -0.0217164805
185.3539665618  0.0000000000  3.1415926536  -0.0000000051  -0.0215694002
186.6106036232  0.0000000000  3.1415926536  -0.0000000050  -0.0214242978
187.8672406847  0.0000000000  3.1415926536  -0.0000000050  -0.0212811336
189.1238777461  0.0000000000  3.1415926536  -0.0000000049  -0.0211398691
190.3805148075  0.0000000000  3.1415926536  -0.0000000048  -0.0210004668
191.6371518690  0.0000000000  3.1415926536  -0.0000000048  -0.0208628901
192.8937889304  0.0000000000  3.1415926536  -0.0000000047  -0.0207271034
194.1504259918  0.0000000000  3.1415926536  -0.0000000047  -0.0205930720
195.4070630533  0.0000000000  3.1415926536  -0.0000000046  -0.0204607621
196.6637001147  0.0000000000  3.1415926536  -0.0000000046  -0.0203301408
197.9203371762  0.0000000000  3.1415926536  -0.0000000045  -0.0202011759
199.1769742376  0.0000000000  3.1415926536  -0.0000000045  -0.0200738361
200.4336112990  0.0000000000  3.1415926536  -0.0000000044  -0.0199480910
201.6902483605  0.0000000000  3.1415926536  -0.0000000043  -0.0198239108
202.9468854219  0.0000000000  3.1415926536  -0.0000000043  -0.0197012665
204.2035224833  0.0000000000  3.1415926536  -0.0000000042  -0.0195801297
205.4601595448  0.0000000000  3.1415926536  -0.0000000042  -0.0194604728
206.7167966062  0.0000000000  3.1415926536  -0.0000000041  -0.0193422690
207.9734336676  0.0000000000  3.1415926536  -0.0000000041  -0.0192254919
209.2300707291  0.0000000000  3.1415926536  -0.0000000041  -0.0191101158
210.4867077905  0.0000000000  3.1415926536  -0.0000000040  -0.0189961157
211.7433448520  0.0000000000  3.1415926536  -0.0000000040  -0.0188834671
212.9999819134  0.0000000000  3.1415926536  -0.0000000039  -0.0187721461
214.2566189748  0.0000000000  3.1415926536  -0.0000000039  -0.0186621295
215.5132560363  0.0000000000  3.1415926536  -0.0000000038  -0.0185533944
216.7698930977  0.0000000000  3.1415926536  -0.0000000038  -0.0184459186
218.0265301591  0.0000000000  3.1415926536  -0.0000000037  -0.0183396804
219.2831672206  0.0000000000  3.1415926536  -0.0000000037  -0.0182346584
220.5398042820  0.0000000000  3.1415926536  -0.0000000037  -0.0181308320
221.7964413434  0.0000000000  3.1415926536  -0.0000000036  -0.0180281808
223.0530784049  0.0000000000  3.1415926536  -0.0000000036  -0.0179266850
224.3097154663  0.0000000000  3.1415926536  -0.0000000035  -0.0178263253
225.5663525277  0.0000000000  3.1415926536  -0.0000000035  -0.0177270826
226.8229895892  0.0000000000  3.1415926536  -0.0000000035  -0.0176289384
228.0796266506  0.0000000000  3.1415926536  -0.0000000034  -0.0175318746
229.3362637121  0.0000000000  3.1415926536  -0.0000000034  -0.0174358735
230.5929007735  0.0000000000  3.1415926536  -0.0000000034  -0.0173409176
231.8495378349  0.0000000000  3.1415926536  -0.0000000033  -0.0172469901
233.1061748964  0.0000000000  3.1415926536  -0.0000000033  -0.0171540743
234.3628119578  0.0000000000  3.1415926536  -0.0000000033  -0.0170621539
235.6194490192  0.0000000000  3.1415926536  -0.0000000032  -0.0169712131
236.8760860807  0.0000000000  3.1415926536  -0.0000000032  -0.0168812363
238.1327231421  0.0000000000  3.1415926536  -0.0000000032  -0.0167922082
239.3893602035  0.0000000000  3.1415926536  -0.0000000031  -0.0167041140
240.6459972650  0.0000000000  3.1415926536  -0.0000000031  -0.0166169389
241.9026343264  0.0000000000  3.1415926536  -0.0000000031  -0.0165306688
243.1592713878  0.0000000000  3.1415926536  -0.0000000030  -0.0164452895
244.4159084493  0.0000000000  3.1415926536  -0.0000000030  -0.0163607874
245.6725455107  0.0000000000  3.1415926536  -0.0000000030  -0.0162771490
246.9291825722  0.0000000000  3.1415926536  -0.0000000029  -0.0161943612
248.1858196336  0.0000000000  3.1415926536  -0.0000000029  -0.0161124110
249.4424566950  0.0000000000  3.1415926536  -0.0000000029  -0.0160312858
250.6990937565  0.0000000000  3.1415926536  -0.0000000029  -0.0159509732
251.9557308179  0.0000000000  3.1415926536  -0.0000000028  -0.0158714611
253.2123678793  0.0000000000  3.1415926536  -0.0000000028  -0.0157927375
254.4690049408  0.0000000000  3.1415926536  -0.0000000028  -0.0157147908
255.7256420022  0.0000000000  3.1415926536  -0.0000000028  -0.0156376096
256.9822790636  0.0000000000  3.1415926536  -0.0000000027  -0.0155611826
258.2389161251  0.0000000000  3.1415926536  -0.0000000027  -0.0154854988
259.4955531865  0.0000000000  3.1415926536  -0.0000000027  -0.0154105474
260.7521902480  0.0000000000  3.1415926536  -0.0000000027  -0.0153363179
262.0088273094  0.0000000000  3.1415926536  -0.0000000026  -0.0152627999
263.2654643708  0.0000000000  3.1415926536  -0.0000000026  -0.0151899832
264.5221014323  0.0000000000  3.1415926536  -0.0000000026  -0.0151178579
265.7787384937  0.0000000000  3.1415926536  -0.0000000026  -0.0150464140
267.0353755551  0.0000000000  3.1415926536  -0.0000000025  -0.0149756421
268.2920126166  0.0000000000  3.1415926536  -0.0000000025  -0.0149055327
269.5486496780  0.0000000000  3.1415926536  -0.0000000025  -0.0148360765
270.8052867394  0.0000000000  3.1415926536  -0.0000000025  -0.0147672644
272.0619238009  0.0000000000  3.1415926536  -0.0000000024  -0.0146990876
273.3185608623  0.0000000000  3.1415926536  -0.0000000024  -0.0146315372
274.5751979237  0.0000000000  3.1415926536  -0.0000000024  -0.0145646047
275.8318349852  0.0000000000  3.1415926536  -0.0000000024  -0.0144982817
277.0884720466  0.0000000000  3.1415926536  -0.0000000024  -0.0144325598
278.3451091081  0.0000000000  3.1415926536  -0.0000000023  -0.0143674309
279.6017461695  0.0000000000  3.1415926536  -0.0000000023  -0.0143028871
280.8583832309  0.0000000000  3.1415926536  -0.0000000023  -0.0142389204
282.1150202924  0.0000000000  3.1415926536  -0.0000000023  -0.0141755233
283.3716573538  0.0000000000  3.1415926536  -0.0000000023  -0.0141126880
284.6282944152  0.0000000000  3.1415926536  -0.0000000022  -0.0140504072
285.8849314767  0.0000000000  3.1415926536  -0.0000000022  -0.0139886736
287.1415685381  0.0000000000  3.1415926536  -0.0000000022  -0.0139274800
288.3982055995  0.0000000000  3.1415926536  -0.0000000022  -0.0138668194
289.6548426610  0.0000000000  3.1415926536  -0.0000000022  -0.0138066847
290.9114797224  0.0000000000  3.1415926536  -0.0000000021  -0.0137470692
292.1681167839  0.0000000000  3.1415926536  -0.0000000021  -0.0136879663
293.4247538453  0.0000000000  3.1415926536  -0.0000000021  -0.0136293693
294.6813909067  0.0000000000  3.1415926536  -0.0000000021  -0.0135712717
295.9380279682  0.0000000000  3.1415926536  -0.0000000021  -0.0135136672
297.1946650296  0.0000000000  3.1415926536  -0.0000000021  -0.0134565496
298.4513020910  0.0000000000  3.1415926536  -0.0000000020  -0.0133999127
299.7079391525  0.0000000000  3.1415926536  -0.0000000020  -0.0133437504
300.9645762139  0.0000000000  3.1415926536  -0.0000000020  -0.0132880569
302.2212132753  0.0000000000  3.1415926536  -0.0000000020  -0.0132328263
303.4778503368  0.0000000000  3.1415926536  -0.0000000020  -0.0131780528
304.7344873982  0.0000000000  3.1415926536  -0.0000000020  -0.0131237308
305.9911244596  0.0000000000  3.1415926536  -0.0000000019  -0.0130698547
307.2477615211  0.0000000000  3.1415926536  -0.0000000019  -0.0130164190
308.5043985825  0.0000000000  3.1415926536  -0.0000000019  -0.0129634185
309.7610356440  0.0000000000  3.1415926536  -0.0000000019  -0.0129108477
311.0176727054  0.0000000000  3.1415926536  -0.0000000019  -0.0128587015
312.2743097668  0.0000000000  3.1415926536  -0.0000000019  -0.0128069748
313.5309468283  0.0000000000  3.1415926536  -0.0000000019  -0.0127556625
314.7875838897  0.0000000000  3.1415926536  -0.0000000018  -0.0127047597
316.0442209511  0.0000000000  3.1415926536  -0.0000000018  -0.0126542614
317.3008580126  0.0000000000  3.1415926536  -0.0000000018  -0.0126041629
318.5574950740  0.0000000000  3.1415926536  -0.0000000018  -0.0125544595
319.8141321354  0.0000000000  3.1415926536  -0.0000000018  -0.0125051464
321.0707691969  0.0000000000  3.1415926536  -0.0000000018  -0.0124562192
322.3274062583  0.0000000000  3.1415926536  -0.0000000018  -0.0124076733
323.5840433197  0.0000000000  3.1415926536  -0.0000000017  -0.0123595043
324.8406803812  0.0000000000  3.1415926536  -0.0000000017  -0.0123117077
326.0973174426  0.0000000000  3.1415926536  -0.0000000017  -0.0122642794
327.3539545041  0.0000000000  3.1415926536  -0.0000000017  -0.0122172149
328.6105915655  0.0000000000  3.1415926536  -0.0000000017  -0.0121705103
329.8672286269  0.0000000000  3.1415926536  -0.0000000017  -0.0121241614
331.1238656884  0.0000000000  3.1415926536  -0.0000000017  -0.0120781640
332.3805027498  0.0000000000  3.1415926536  -0.0000000017  -0.0120325144
333.6371398112  0.0000000000  3.1415926536  -0.0000000016  -0.0119872084
334.8937768727  0.0000000000  3.1415926536  -0.0000000016  -0.0119422423
336.1504139341  0.0000000000  3.1415926536  -0.0000000016  -0.0118976122
337.4070509955  0.0000000000  3.1415926536  -0.0000000016  -0.0118533144
338.6636880570  0.0000000000  3.1415926536  -0.0000000016  -0.0118093452
339.9203251184  0.0000000000  3.1415926536  -0.0000000016  -0.0117657009
341.1769621799  0.0000000000  3.1415926536  -0.0000000016  -0.0117223780
342.4335992413  0.0000000000  3.1415926536  -0.0000000016  -0.0116793730
343.6902363027  0.0000000000  3.1415926536  -0.0000000015  -0.0116366822
344.9468733642  0.0000000000  3.1415926536  -0.0000000015  -0.0115943024
346.2035104256  0.0000000000  3.1415926536  -0.0000000015  -0.0115522301
347.4601474870  0.0000000000  3.1415926536  -0.0000000015  -0.0115104620
348.7167845485  0.0000000000  3.1415926536  -0.0000000015  -0.0114689948
349.9734216099  0.0000000000  3.1415926536  -0.0000000015  -0.0114278252
351.2300586713  0.0000000000  3.1415926536  -0.0000000015  -0.0113869501
352.4866957328  0.0000000000  3.1415926536  -0.0000000015  -0.0113463663
353.7433327942  0.0000000000  3.1415926536  -0.0000000015  -0.0113060708
354.9999698556  0.0000000000  3.1415926536  -0.0000000014  -0.0112660604
356.2566069171  0.0000000000  3.1415926536  -0.0000000014  -0.0112263322
357.5132439785  0.0000000000  3.1415926536  -0.0000000014  -0.0111868831
358.7698810400  0.0000000000  3.1415926536  -0.0000000014  -0.0111477103
360.0265181014  0.0000000000  3.1415926536  -0.0000000014  -0.0111088108
361.2831551628  0.0000000000  3.1415926536  -0.0000000014  -0.0110701818
362.5397922243  0.0000000000  3.1415926536  -0.0000000014  -0.0110318205
363.7964292857  0.0000000000  3.1415926536  -0.0000000014  -0.0109937241
365.0530663471  0.0000000000  3.1415926536  -0.0000000014  -0.0109558899
366.3097034086  0.0000000000  3.1415926536  -0.0000000014  -0.0109183151
367.5663404700  0.0000000000  3.1415926536  -0.0000000014  -0.0108809972
368.8229775314  0.0000000000  3.1415926536  -0.0000000013  -0.0108439335
370.0796145929  0.0000000000  3.1415926536  -0.0000000013  -0.0108071214
371.3362516543  0.0000000000  3.1415926536  -0.0000000013  -0.0107705583
372.5928887157  0.0000000000  3.1415926536  -0.0000000013  -0.0107342418
373.8495257772  0.0000000000  3.1415926536  -0.0000000013  -0.0106981694
375.1061628386  0.0000000000  3.1415926536  -0.0000000013  -0.0106623385
376.3627999001  0.0000000000  3.1415926536  -0.0000000013  -0.0106267468
377.6194369615  0.0000000000  3.1415926536  -0.0000000013  -0.0105913919
378.8760740229  0.0000000000  3.1415926536  -0.0000000013  -0.0105562715
380.1327110844  0.0000000000  3.1415926536  -0.0000000013  -0.0105213832
381.3893481458  0.0000000000  3.1415926536  -0.0000000013  -0.0104867247
382.6459852072  0.0000000000  3.1415926536  -0.0000000013  -0.0104522937
383.9026222687  0.0000000000  3.1415926536  -0.0000000012  -0.0104180881
385.1592593301  0.0000000000  3.1415926536  -0.0000000012  -0.0103841056
386.4158963915  0.0000000000  3.1415926536  -0.0000000012  -0.0103503441
387.6725334530  0.0000000000  3.1415926536  -0.0000000012  -0.0103168013
388.9291705144  0.0000000000  3.1415926536  -0.0000000012  -0.0102834753
390.1858075759  0.0000000000  3.1415926536  -0.0000000012  -0.0102503638
391.4424446373  0.0000000000  3.1415926536  -0.0000000012  -0.0102174648
392.6990816987  0.0000000000  3.1415926536  -0.0000000012  -0.0101847764
393.9557187602  0.0000000000  3.1415926536  -0.0000000012  -0.0101522964
395.2123558216  0.0000000000  3.1415926536  -0.0000000012  -0.0101200228
396.4689928830  0.0000000000  3.1415926536  -0.0000000012  -0.0100879538
397.7256299445  0.0000000000  3.1415926536  -0.0000000012  -0.0100560874
398.9822670059  0.0000000000  3.1415926536  -0.0000000012  -0.0100244216
400.2389040673  0.0000000000  3.1415926536  -0.0000000011  -0.0099929546
401.4955411288  0.0000000000  3.1415926536  -0.0000000011  -0.0099616846
402.7521781902  0.0000000000  3.1415926536  -0.0000000011  -0.0099306096
404.0088152516  0.0000000000  3.1415926536  -0.0000000011  -0.0098997278
405.2654523131  0.0000000000  3.1415926536  -0.0000000011  -0.0098690375
406.5220893745  0.0000000000  3.1415926536  -0.0000000011  -0.0098385369
407.7787264360  0.0000000000  3.1415926536  -0.0000000011  -0.0098082242
409.0353634974  0.0000000000  3.1415926536  -0.0000000011  -0.0097780977
410.2920005588  0.0000000000  3.1415926536  -0.0000000011  -0.0097481557
411.5486376203  0.0000000000  3.1415926536  -0.0000000011  -0.0097183965
412.8052746817  0.0000000000  3.1415926536  -0.0000000011  -0.0096888184
414.0619117431  0.0000000000  3.1415926536  -0.0000000011  -0.0096594198
415.3185488046  0.0000000000  3.1415926536  -0.0000000011  -0.0096301990
416.5751858660  0.0000000000  3.1415926536  -0.0000000011  -0.0096011545
417.8318229274  0.0000000000  3.1415926536  -0.0000000011  -0.0095722846
419.0884599889  0.0000000000  3.1415926536  -0.0000000010  -0.0095435878
420.3450970503  0.0000000000  3.1415926536  -0.0000000010  -0.0095150626
421.6017341118  0.0000000000  3.1415926536  -0.0000000010  -0.0094867073
422.8583711732  0.0000000000  3.1415926536  -0.0000000010  -0.0094585205
424.1150082346  0.0000000000  3.1415926536  -0.0000000010  -0.0094305007
425.3716452961  0.0000000000  3.1415926536  -0.0000000010  -0.0094026464
426.6282823575  0.0000000000  3.1415926536  -0.0000000010  -0.0093749562
427.8849194189  0.0000000000  3.1415926536  -0.0000000010  -0.0093474285
429.1415564804  0.0000000000  3.1415926536  -0.0000000010  -0.0093200620
430.3981935418  0.0000000000  3.1415926536  -0.0000000010  -0.0092928553
431.6548306032  0.0000000000  3.1415926536  -0.0000000010  -0.0092658069
432.9114676647  0.0000000000  3.1415926536  -0.0000000010  -0.0092389156
434.1681047261  0.0000000000  3.1415926536  -0.0000000010  -0.0092121798
435.4247417875  0.0000000000  3.1415926536  -0.0000000010  -0.0091855983
436.6813788490  0.0000000000  3.1415926536  -0.0000000010  -0.0091591698
437.9380159104  0.0000000000  3.1415926536  -0.0000000010  -0.0091328929
439.1946529719  0.0000000000  3.1415926536  -0.0000000010  -0.0091067663
440.4512900333  0.0000000000  3.1415926536  -0.0000000009  -0.0090807888
441.7079270947  0.0000000000  3.1415926536  -0.0000000009  -0.0090549590
442.9645641562  0.0000000000  3.1415926536  -0.0000000009  -0.0090292758
444.2212012176  0.0000000000  3.1415926536  -0.0000000009  -0.0090037378
445.4778382790  0.0000000000  3.1415926536  -0.0000000009  -0.0089783438
446.7344753405  0.0000000000  3.1415926536  -0.0000000009  -0.0089530927
447.9911124019  0.0000000000  3.1415926536  -0.0000000009  -0.0089279832
449.2477494633  0.0000000000  3.1415926536  -0.0000000009  -0.0089030142
450.5043865248  0.0000000000  3.1415926536  -0.0000000009  -0.0088781844
451.7610235862  0.0000000000  3.1415926536  -0.0000000009  -0.0088534927
453.0176606476  0.0000000000  3.1415926536  -0.0000000009  -0.0088289380
454.2742977091  0.0000000000  3.1415926536  -0.0000000009  -0.0088045190
455.5309347705  0.0000000000  3.1415926536  -0.0000000009  -0.0087802348
456.7875718320  0.0000000000  3.1415926536  -0.0000000009  -0.0087560841
458.0442088934  0.0000000000  3.1415926536  -0.0000000009  -0.0087320660
459.3008459548  0.0000000000  3.1415926536  -0.0000000009  -0.0087081792
460.5574830163  0.0000000000  3.1415926536  -0.0000000009  -0.0086844227
461.8141200777  0.0000000000  3.1415926536  -0.0000000009  -0.0086607955
463.0707571391  0.0000000000  3.1415926536  -0.0000000009  -0.0086372965
464.3273942006  0.0000000000  3.1415926536  -0.0000000009  -0.0086139246
465.5840312620  0.0000000000  3.1415926536  -0.0000000008  -0.0085906789
466.8406683234  0.0000000000  3.1415926536  -0.0000000008  -0.0085675583
468.0973053849  0.0000000000  3.1415926536  -0.0000000008  -0.0085445618
469.3539424463  0.0000000000  3.1415926536  -0.0000000008  -0.0085216885
470.6105795078  0.0000000000  3.1415926536  -0.0000000008  -0.0084989372
471.8672165692  0.0000000000  3.1415926536  -0.0000000008  -0.0084763071
473.1238536306  0.0000000000  3.1415926536  -0.0000000008  -0.0084537972
474.3804906921  0.0000000000  3.1415926536  -0.0000000008  -0.0084314065
475.6371277535  0.0000000000  3.1415926536  -0.0000000008  -0.0084091341
476.8937648149  0.0000000000  3.1415926536  -0.0000000008  -0.0083869791
478.1504018764  0.0000000000  3.1415926536  -0.0000000008  -0.0083649404
479.4070389378  0.0000000000  3.1415926536  -0.0000000008  -0.0083430173
480.6636759992  0.0000000000  3.1415926536  -0.0000000008  -0.0083212088
481.9203130607  0.0000000000  3.1415926536  -0.0000000008  -0.0082995140
483.1769501221  0.0000000000  3.1415926536  -0.0000000008  -0.0082779320
484.4335871835  0.0000000000  3.1415926536  -0.0000000008  -0.0082564620
485.6902242450  0.0000000000  3.1415926536  -0.0000000008  -0.0082351030
486.9468613064  0.0000000000  3.1415926536  -0.0000000008  -0.0082138543
488.2034983679  0.0000000000  3.1415926536  -0.0000000008  -0.0081927149
489.4601354293  0.0000000000  3.1415926536  -0.0000000008  -0.0081716840
490.7167724907  0.0000000000  3.1415926536  -0.0000000008  -0.0081507609
491.9734095522  0.0000000000  3.1415926536  -0.0000000008  -0.0081299446
493.2300466136  0.0000000000  3.1415926536  -0.0000000008  -0.0081092343
494.4866836750  0.0000000000  3.1415926536  -0.0000000008  -0.0080886293
495.7433207365  0.0000000000  3.1415926536  -0.0000000007  -0.0080681287
496.9999577979  0.0000000000  3.1415926536  -0.0000000007  -0.0080477318
498.2565948593  0.0000000000  3.1415926536  -0.0000000007  -0.0080274377
499.5132319208  0.0000000000  3.1415926536  -0.0000000007  -0.0080072457
500.7698689822  0.0000000000  3.1415926536  -0.0000000007  -0.0079871550
502.0265060436  0.0000000000  3.1415926536  -0.0000000007  -0.0079671649
503.2831431051  0.0000000000  3.1415926536  -0.0000000007  -0.0079472746
504.5397801665  0.0000000000  3.1415926536  -0.0000000007  -0.0079274834
505.7964172280  0.0000000000  3.1415926536  -0.0000000007  -0.0079077905
507.0530542894  0.0000000000  3.1415926536  -0.0000000007  -0.0078881951
508.3096913508  0.0000000000  3.1415926536  -0.0000000007  -0.0078686967
509.5663284123  0.0000000000  3.1415926536  -0.0000000007  -0.0078492944
510.8229654737  0.0000000000  3.1415926536  -0.0000000007  -0.0078299875
512.0796025351  0.0000000000  3.1415926536  -0.0000000007  -0.0078107754
513.3362395966  0.0000000000  3.1415926536  -0.0000000007  -0.0077916573
514.5928766580  0.0000000000  3.1415926536  -0.0000000007  -0.0077726325
515.8495137194  0.0000000000  3.1415926536  -0.0000000007  -0.0077537005
517.1061507809  0.0000000000  3.1415926536  -0.0000000007  -0.0077348604
518.3627878423  0.0000000000  3.1415926536  -0.0000000007  -0.0077161117
519.6194249038  0.0000000000  3.1415926536  -0.0000000007  -0.0076974536
520.8760619652  0.0000000000  3.1415926536  -0.0000000007  -0.0076788855
522.1326990266  0.0000000000  3.1415926536  -0.0000000007  -0.0076604068
523.3893360881  0.0000000000  3.1415926536  -0.0000000007  -0.0076420168
524.6459731495  0.0000000000  3.1415926536  -0.0000000007  -0.0076237149
525.9026102109  0.0000000000  3.1415926536  -0.0000000007  -0.0076055005
527.1592472724  0.0000000000  3.1415926536  -0.0000000007  -0.0075873728
528.4158843338  0.0000000000  3.1415926536  -0.0000000007  -0.0075693314
529.6725213952  0.0000000000  3.1415926536  -0.0000000007  -0.0075513756
530.9291584567  0.0000000000  3.1415926536  -0.0000000007  -0.0075335047
532.1857955181  0.0000000000  3.1415926536  -0.0000000007  -0.0075157182
533.4424325795  0.0000000000  3.1415926536  -0.0000000006  -0.0074980155
534.6990696410  0.0000000000  3.1415926536  -0.0000000006  -0.0074803960
535.9557067024  0.0000000000  3.1415926536  -0.0000000006  -0.0074628591
537.2123437639  0.0000000000  3.1415926536  -0.0000000006  -0.0074454042
538.4689808253  0.0000000000  3.1415926536  -0.0000000006  -0.0074280308
539.7256178867  0.0000000000  3.1415926536  -0.0000000006  -0.0074107383
540.9822549482  0.0000000000  3.1415926536  -0.0000000006  -0.0073935261
542.2388920096  0.0000000000  3.1415926536  -0.0000000006  -0.0073763937
543.4955290710  0.0000000000  3.1415926536  -0.0000000006  -0.0073593404
544.7521661325  0.0000000000  3.1415926536  -0.0000000006  -0.0073423659
546.0088031939  0.0000000000  3.1415926536  -0.0000000006  -0.0073254694
547.2654402553  0.0000000000  3.1415926536  -0.0000000006  -0.0073086506
548.5220773168  0.0000000000  3.1415926536  -0.0000000006  -0.0072919087
549.7787143782  0.0000000000  3.1415926536  -0.0000000006  -0.0072752434
551.0353514396  0.0000000000  3.1415926536  -0.0000000006  -0.0072586542
552.2919885011  0.0000000000  3.1415926536  -0.0000000006  -0.0072421403
553.5486255625  0.0000000000  3.1415926536  -0.0000000006  -0.0072257015
554.8052626240  0.0000000000  3.1415926536  -0.0000000006  -0.0072093371
556.0618996854  0.0000000000  3.1415926536  -0.0000000006  -0.0071930466
557.3185367468  0.0000000000  3.1415926536  -0.0000000006  -0.0071768296
558.5751738083  0.0000000000  3.1415926536  -0.0000000006  -0.0071606856
559.8318108697  0.0000000000  3.1415926536  -0.0000000006  -0.0071446140
561.0884479311  0.0000000000  3.1415926536  -0.0000000006  -0.0071286144
562.3450849926  0.0000000000  3.1415926536  -0.0000000006  -0.0071126863
563.6017220540  0.0000000000  3.1415926536  -0.0000000006  -0.0070968292
564.8583591154  0.0000000000  3.1415926536  -0.0000000006  -0.0070810427
566.1149961769  0.0000000000  3.1415926536  -0.0000000006  -0.0070653262
567.3716332383  0.0000000000  3.1415926536  -0.0000000006  -0.0070496794
568.6282702998  0.0000000000  3.1415926536  -0.0000000006  -0.0070341016
569.8849073612  0.0000000000  3.1415926536  -0.0000000006  -0.0070185926
571.1415444226  0.0000000000  3.1415926536  -0.0000000006  -0.0070031518
572.3981814841  0.0000000000  3.1415926536  -0.0000000006  -0.0069877788
573.6548185455  0.0000000000  3.1415926536  -0.0000000006  -0.0069724731
574.9114556069  0.0000000000  3.1415926536  -0.0000000006  -0.0069572344
576.1680926684  0.0000000000  3.1415926536  -0.0000000006  -0.0069420621
577.4247297298  0.0000000000  3.1415926536  -0.0000000006  -0.0069269558
578.6813667912  0.0000000000  3.1415926536  -0.0000000006  -0.0069119151
579.9380038527  0.0000000000  3.1415926536  -0.0000000005  -0.0068969396
581.1946409141  0.0000000000  3.1415926536  -0.0000000005  -0.0068820288
582.4512779755  0.0000000000  3.1415926536  -0.0000000005  -0.0068671824
583.7079150370  0.0000000000  3.1415926536  -0.0000000005  -0.0068523999
584.9645520984  0.0000000000  3.1415926536  -0.0000000005  -0.0068376809
586.2211891599  0.0000000000  3.1415926536  -0.0000000005  -0.0068230250
587.4778262213  0.0000000000  3.1415926536  -0.0000000005  -0.0068084317
588.7344632827  0.0000000000  3.1415926536  -0.0000000005  -0.0067939008
589.9911003442  0.0000000000  3.1415926536  -0.0000000005  -0.0067794317
591.2477374056  0.0000000000  3.1415926536  -0.0000000005  -0.0067650242
592.5043744670  0.0000000000  3.1415926536  -0.0000000005  -0.0067506777
593.7610115285  0.0000000000  3.1415926536  -0.0000000005  -0.0067363920
595.0176485899  0.0000000000  3.1415926536  -0.0000000005  -0.0067221666
596.2742856513  0.0000000000  3.1415926536  -0.0000000005  -0.0067080012
597.5309227128  0.0000000000  3.1415926536  -0.0000000005  -0.0066938953
598.7875597742  0.0000000000  3.1415926536  -0.0000000005  -0.0066798486
600.0441968357  0.0000000000  3.1415926536  -0.0000000005  -0.0066658607
601.3008338971  0.0000000000  3.1415926536  -0.0000000005  -0.0066519313
602.5574709585  0.0000000000  3.1415926536  -0.0000000005  -0.0066380600
603.8141080200  0.0000000000  3.1415926536  -0.0000000005  -0.0066242465
605.0707450814  0.0000000000  3.1415926536  -0.0000000005  -0.0066104903
606.3273821428  0.0000000000  3.1415926536  -0.0000000005  -0.0065967911
607.5840192043  0.0000000000  3.1415926536  -0.0000000005  -0.0065831485
608.8406562657  0.0000000000  3.1415926536  -0.0000000005  -0.0065695623
610.0972933271  0.0000000000  3.1415926536  -0.0000000005  -0.0065560320
611.3539303886  0.0000000000  3.1415926536  -0.0000000005  -0.0065425574
612.6105674500  0.0000000000  3.1415926536  -0.0000000005  -0.0065291380
613.8672045114  0.0000000000  3.1415926536  -0.0000000005  -0.0065157735
615.1238415729  0.0000000000  3.1415926536  -0.0000000005  -0.0065024637
616.3804786343  0.0000000000  3.1415926536  -0.0000000005  -0.0064892081
617.6371156958  0.0000000000  3.1415926536  -0.0000000005  -0.0064760064
618.8937527572  0.0000000000  3.1415926536  -0.0000000005  -0.0064628584
620.1503898186  0.0000000000  3.1415926536  -0.0000000005  -0.0064497636
621.4070268801  0.0000000000  3.1415926536  -0.0000000005  -0.0064367218
622.6636639415  0.0000000000  3.1415926536  -0.0000000005  -0.0064237326
623.9203010029  0.0000000000  3.1415926536  -0.0000000005  -0.0064107957
625.1769380644  0.0000000000  3.1415926536  -0.0000000005  -0.0063979109
626.4335751258  0.0000000000  3.1415926536  -0.0000000005  -0.0063850777
627.6902121872  0.0000000000  3.1415926536  -0.0000000005  -0.0063722959
628.9468492487  0.0000000000  3.1415926536  0.0000000000  0.0000000000
-627.6902121872  3.1415926536  0.0000000000  0.0000000000  0.0000000000
-626.4335751258  3.1415926536  0.0000000000  0.0000000000  0.0000000000
-625.1769380644  3.1415926536  0.0000000000  0.0000000000  0.0000000000
-623.9203010029  3.1415926536  0.0000000000  0.0000000000  0.0000000000
-622.6636639415  3.1415926536  0.0000000000  0.0000000000  0.0000000000
-621.4070268801  3.1415926536  0.0000000000  0.0000000000  0.0000000000
-620.1503898186  3.1415926536  0.0000000000  0.0000000000  0.0000000000
-618.8937527572  3.1415926536  0.0000000000  0.0000000000  0.0000000000
-617.6371156958  3.1415926536  0.0000000000  0.0000000000  0.0000000000
-616.3804786343  3.1415926536  0.0000000000  0.0000000000  0.0000000000
-615.1238415729  3.1415926536  0.0000000000  0.0000000000  0.0000000000
-613.8672045114  3.1415926536  0.0000000000  0.0000000000  0.0000000000
-612.6105674500  3.1415926536  0.0000000000  0.0000000000  0.0000000000
-611.3539303886  3.1415926536  0.0000000000  0.0000000000  0.0000000000
-610.0972933271  3.1415926536  0.0000000000  0.0000000000  0.0000000000
-608.8406562657  3.1415926536  0.0000000000  0.0000000000  0.0000000000
-607.5840192043  3.1415926536  0.0000000000  0.0000000000  0.0000000000
-606.3273821428  3.1415926536  0.0000000000  0.0000000000  0.0000000000
-605.0707450814  3.1415926536  0.0000000000  0.0000000000  0.0000000000
-603.8141080200  3.1415926536  0.0000000000  0.0000000000  0.0000000000
-602.5574709585  3.1415926536  0.0000000000  0.0000000000  0.0000000000
-601.3008338971  3.1415926536  0.0000000000  0.0000000000  0.0000000000
-600.0441968357  3.1415926536  0.0000000000  0.0000000000  0.0000000000
-598.7875597742  3.1415926536  0.0000000000  0.0000000000  0.0000000000
-597.5309227128  3.1415926536  0.0000000000  0.0000000000  0.0000000000
-596.2742856513  3.1415926536  0.0000000000  0.0000000000  0.0000000000
-595.0176485899  3.1415926536  0.0000000000  0.0000000000  0.0000000000
-593.7610115285  3.1415926536  0.0000000000  0.0000000000  0.0000000000
-592.5043744670  3.1415926536  0.0000000000  0.0000000000  0.0000000000
-591.2477374056  3.1415926536  0.0000000000  0.0000000000  0.0000000000
-589.9911003442  3.1415926536  0.0000000000  0.0000000000  0.0000000000
-588.7344632827  3.1415926536  0.0000000000  0.0000000000  0.0000000000
-587.4778262213  3.1415926536  0.0000000000  0.0000000000  0.0000000000
-586.2211891599  3.1415926536  0.0000000000  0.0000000000  0.0000000000
-584.9645520984  3.1415926536  0.0000000000  0.0000000000  0.0000000000
-583.7079150370  3.1415926536  0.0000000000  0.0000000000  0.0000000000
-582.4512779755  3.1415926536  0.0000000000  0.0000000000  0.0000000000
-581.1946409141  3.1415926536  0.0000000000  0.0000000000  0.0000000000
-579.9380038527  3.1415926536  0.0000000000  0.0000000000  0.0000000000
-578.6813667912  3.1415926536  0.0000000000  0.0000000000  0.0000000000
-577.4247297298  3.1415926536  0.0000000000  0.0000000000  0.0000000000
-576.1680926684  3.1415926536  0.0000000000  0.0000000000  0.0000000000
-574.9114556069  3.1415926536  0.0000000000  0.0000000000  0.0000000000
-573.6548185455  3.1415926536  0.0000000000  0.0000000000  0.0000000000
-572.3981814841  3.1415926536  0.0000000000  0.0000000000  0.0000000000
-571.1415444226  3.1415926536  0.0000000000  0.0000000000  0.0000000000
-569.8849073612  3.1415926536  0.0000000000  0.0000000000  0.0000000000
-568.6282702998  3.1415926536  0.0000000000  0.0000000000  0.0000000000
-567.3716332383  3.1415926536  0.0000000000  0.0000000000  0.0000000000
-566.1149961769  3.1415926536  0.0000000000  0.0000000000  0.0000000000
-564.8583591154  3.1415926536  0.0000000000  0.0000000000  0.0000000000
-563.6017220540  3.1415926536  0.0000000000  0.0000000000  0.0000000000
-562.3450849926  3.1415926536  0.0000000000  0.0000000000  0.0000000000
-561.0884479311  3.1415926536  0.0000000000  0.0000000000  0.0000000000
-559.8318108697  3.1415926536  0.0000000000  0.0000000000  0.0000000000
-558.5751738083  3.1415926536  0.0000000000  0.0000000000  0.0000000000
-557.3185367468  3.1415926536  0.0000000000  0.0000000000  0.0000000000
-556.0618996854  3.1415926536  0.0000000000  0.0000000000  0.0000000000
-554.8052626240  3.1415926536  0.0000000000  0.0000000000  0.0000000000
-553.5486255625  3.1415926536  0.0000000000  0.0000000000  0.0000000000
-552.2919885011  3.1415926536  0.0000000000  0.0000000000  0.0000000000
-551.0353514396  3.1415926536  0.0000000000  0.0000000000  0.0000000000
-549.7787143782  3.1415926536  0.0000000000  0.0000000000  0.0000000000
-548.5220773168  3.1415926536  0.0000000000  0.0000000000  0.0000000000
-547.2654402553  3.1415926536  0.0000000000  0.0000000000  0.0000000000
-546.0088031939  3.1415926536  0.0000000000  0.0000000000  0.0000000000
-544.7521661325  3.1415926536  0.0000000000  0.0000000000  0.0000000000
-543.4955290710  3.1415926536  0.0000000000  0.0000000000  0.0000000000
-542.2388920096  3.1415926536  0.0000000000  0.0000000000  0.0000000000
-540.9822549482  3.1415926536  0.0000000000  0.0000000000  0.0000000000
-539.7256178867  3.1415926536  0.0000000000  0.0000000000  0.0000000000
-538.4689808253  3.1415926536  0.0000000000  0.0000000000  0.0000000000
-537.2123437639  3.1415926536  0.0000000000  0.0000000000  0.0000000000
-535.9557067024  3.1415926536  0.0000000000  0.0000000000  0.0000000000
-534.6990696410  3.1415926536  0.0000000000  0.0000000000  0.0000000000
-533.4424325795  3.1415926536  0.0000000000  0.0000000000  0.0000000000
-532.1857955181  3.1415926536  0.0000000000  0.0000000000  0.0000000000
-530.9291584567  3.1415926536  0.0000000000  0.0000000000  0.0000000000
-529.6725213952  3.1415926536  0.0000000000  0.0000000000  0.0000000000
-528.4158843338  3.1415926536  0.0000000000  0.0000000000  0.0000000000
-527.1592472724  3.1415926536  0.0000000000  0.0000000000  0.0000000000
-525.9026102109  3.1415926536  0.0000000000  0.0000000000  0.0000000000
-524.6459731495  3.1415926536  0.0000000000  0.0000000000  0.0000000000
-523.3893360881  3.1415926536  0.0000000000  0.0000000000  0.0000000000
-522.1326990266  3.1415926536  0.0000000000  0.0000000000  0.0000000000
-520.8760619652  3.1415926536  0.0000000000  0.0000000000  0.0000000000
-519.6194249038  3.1415926536  0.0000000000  0.0000000000  0.0000000000
-518.3627878423  3.1415926536  0.0000000000  0.0000000000  0.0000000000
-517.1061507809  3.1415926536  0.0000000000  0.0000000000  0.0000000000
-515.8495137194  3.1415926536  0.0000000000  0.0000000000  0.0000000000
-514.5928766580  3.1415926536  0.0000000000  0.0000000000  0.0000000000
-513.3362395966  3.1415926536  0.0000000000  0.0000000000  0.0000000000
-512.0796025351  3.1415926536  0.0000000000  0.0000000000  0.0000000000
-510.8229654737  3.1415926536  0.0000000000  0.0000000000  0.0000000000
-509.5663284123  3.1415926536  0.0000000000  0.0000000000  0.0000000000
-508.3096913508  3.1415926536  0.0000000000  0.0000000000  0.0000000000
-507.0530542894  3.1415926536  0.0000000000  0.0000000000  0.0000000000
-505.7964172280  3.1415926536  0.0000000000  0.0000000000  0.0000000000
-504.5397801665  3.1415926536  0.0000000000  0.0000000000  0.0000000000
-503.2831431051  3.1415926536  0.0000000000  0.0000000000  0.0000000000
-502.0265060436  3.1415926536  0.0000000000  0.0000000000  0.0000000000
-500.7698689822  3.1415926536  0.0000000000  0.0000000000  0.0000000000
-499.5132319208  3.1415926536  0.0000000000  0.0000000000  0.0000000000
-498.2565948593  3.1415926536  0.0000000000  0.0000000000  0.0000000000
-496.9999577979  3.1415926536  0.0000000000  0.0000000000  0.0000000000
-495.7433207365  3.1415926536  0.0000000000  0.0000000000  0.0000000000
-494.4866836750  3.1415926536  0.0000000000  0.0000000000  0.0000000000
-493.2300466136  3.1415926536  0.0000000000  0.0000000000  0.0000000000
-491.9734095522  3.1415926536  0.0000000000  0.0000000000  0.0000000000
-490.7167724907  3.1415926536  0.0000000000  0.0000000000  0.0000000000
-489.4601354293  3.1415926536  0.0000000000  0.0000000000  0.0000000000
-488.2034983679  3.1415926536  0.0000000000  0.0000000000  0.0000000000
-486.9468613064  3.1415926536  0.0000000000  0.0000000000  0.0000000000
-485.6902242450  3.1415926536  0.0000000000  0.0000000000  0.0000000000
-484.4335871835  3.1415926536  0.0000000000  0.0000000000  0.0000000000
-483.1769501221  3.1415926536  0.0000000000  0.0000000000  0.0000000000
-481.9203130607  3.1415926536  0.0000000000  0.0000000000  0.0000000000
-480.6636759992  3.1415926536  0.0000000000  0.0000000000  0.0000000000
-479.4070389378  3.1415926536  0.0000000000  0.0000000000  0.0000000000
-478.1504018764  3.1415926536  0.0000000000  0.0000000000  0.0000000000
-476.8937648149  3.1415926536  0.0000000000  0.0000000000  0.0000000000
-475.6371277535  3.1415926536  0.0000000000  0.0000000000  0.0000000000
-474.3804906921  3.1415926536  0.0000000000  0.0000000000  0.0000000000
-473.1238536306  3.1415926536  0.0000000000  0.0000000000  0.0000000000
-471.8672165692  3.1415926536  0.0000000000  0.0000000000  0.0000000000
-470.6105795078  3.1415926536  0.0000000000  0.0000000000  0.0000000000
-469.3539424463  3.1415926536  0.0000000000  0.0000000000  0.0000000000
-468.0973053849  3.1415926536  0.0000000000  0.0000000000  0.0000000000
-466.8406683234  3.1415926536  0.0000000000  0.0000000000  0.0000000000
-465.5840312620  3.1415926536  0.0000000000  0.0000000000  0.0000000000
-464.3273942006  3.1415926536  0.0000000000  0.0000000000  0.0000000000
-463.0707571391  3.1415926536  0.0000000000  0.0000000000  0.0000000000
-461.8141200777  3.1415926536  0.0000000000  0.0000000000  0.0000000000
-460.5574830163  3.1415926536  0.0000000000  0.0000000000  0.0000000000
-459.3008459548  3.1415926536  0.0000000000  0.0000000000  0.0000000000
-458.0442088934  3.1415926536  0.0000000000  0.0000000000  0.0000000000
-456.7875718320  3.1415926536  0.0000000000  0.0000000000  0.0000000000
-455.5309347705  3.1415926536  0.0000000000  0.0000000000  0.0000000000
-454.2742977091  3.1415926536  0.0000000000  0.0000000000  0.0000000000
-453.0176606476  3.1415926536  0.0000000000  0.0000000000  0.0000000000
-451.7610235862  3.1415926536  0.0000000000  0.0000000000  0.0000000000
-450.5043865248  3.1415926536  0.0000000000  0.0000000000  0.0000000000
-449.2477494633  3.1415926536  0.0000000000  0.0000000000  0.0000000000
-447.9911124019  3.1415926536  0.0000000000  0.0000000000  0.0000000000
-446.7344753405  3.1415926536  0.0000000000  0.0000000000  0.0000000000
-445.4778382790  3.1415926536  0.0000000000  0.0000000000  0.0000000000
-444.2212012176  3.1415926536  0.0000000000  0.0000000000  0.0000000000
-442.9645641562  3.1415926536  0.0000000000  0.0000000000  0.0000000000
-441.7079270947  3.1415926536  0.0000000000  0.0000000000  0.0000000000
-440.4512900333  3.1415926536  0.0000000000  0.0000000000  0.0000000000
-439.1946529719  3.1415926536  0.0000000000  0.0000000000  0.0000000000
-437.9380159104  3.1415926536  0.0000000000  0.0000000000  0.0000000000
-436.6813788490  3.1415926536  0.0000000000  0.0000000000  0.0000000000
-435.4247417875  3.1415926536  0.0000000000  0.0000000000  0.0000000000
-434.1681047261  3.1415926536  0.0000000000  0.0000000000  0.0000000000
-432.9114676647  3.1415926536  0.0000000000  0.0000000000  0.0000000000
-431.6548306032  3.1415926536  0.0000000000  0.0000000000  0.0000000000
-430.3981935418  3.1415926536  0.0000000000  0.0000000000  0.0000000000
-429.1415564804  3.1415926536  0.0000000000  0.0000000000  0.0000000000
-427.8849194189  3.1415926536  0.0000000000  0.0000000000  0.0000000000
-426.6282823575  3.1415926536  0.0000000000  0.0000000000  0.0000000000
-425.3716452961  3.1415926536  0.0000000000  0.0000000000  0.0000000000
-424.1150082346  3.1415926536  0.0000000000  0.0000000000  0.0000000000
-422.8583711732  3.1415926536  0.0000000000  0.0000000000  0.0000000000
-421.6017341118  3.1415926536  0.0000000000  0.0000000000  0.0000000000
-420.3450970503  3.1415926536  0.0000000000  0.0000000000  0.0000000000
-419.0884599889  3.1415926536  0.0000000000  0.0000000000  0.0000000000
-417.8318229274  3.1415926536  0.0000000000  0.0000000000  0.0000000000
-416.5751858660  3.1415926536  0.0000000000  0.0000000000  0.0000000000
-415.3185488046  3.1415926536  0.0000000000  0.0000000000  0.0000000000
-414.0619117431  3.1415926536  0.0000000000  0.0000000000  0.0000000000
-412.8052746817  3.1415926536  0.0000000000  0.0000000000  0.0000000000
-411.5486376203  3.1415926536  0.0000000000  0.0000000000  0.0000000000
-410.2920005588  3.1415926536  0.0000000000  0.0000000000  0.0000000000
-409.0353634974  3.1415926536  0.0000000000  0.0000000000  0.0000000000
-407.7787264360  3.1415926536  0.0000000000  0.0000000000  0.0000000000
-406.5220893745  3.1415926536  0.0000000000  0.0000000000  0.0000000000
-405.2654523131  3.1415926536  0.0000000000  0.0000000000  0.0000000000
-404.0088152516  3.1415926536  0.0000000000  0.0000000000  0.0000000000
-402.7521781902  3.1415926536  0.0000000000  0.0000000000  0.0000000000
-401.4955411288  3.1415926536  0.0000000000  0.0000000000  0.0000000000
-400.2389040673  3.1415926536  0.0000000000  0.0000000000  0.0000000000
-398.9822670059  3.1415926536  0.0000000000  0.0000000000  0.0000000000
-397.7256299445  3.1415926536  0.0000000000  0.0000000000  0.0000000000
-396.4689928830  3.1415926536  0.0000000000  0.0000000000  0.0000000000
-395.2123558216  3.1415926536  0.0000000000  0.0000000000  0.0000000000
-393.9557187602  3.1415926536  0.0000000000  0.0000000000  0.0000000000
-392.6990816987  3.1415926536  0.0000000000  0.0000000000  0.0000000000
-391.4424446373  3.1415926536  0.0000000000  0.0000000000  0.0000000000
-390.1858075759  3.1415926536  0.0000000000  0.0000000000  0.0000000000
-388.9291705144  3.1415926536  0.0000000000  0.0000000000  0.0000000000
-387.6725334530  3.1415926536  0.0000000000  0.0000000000  0.0000000000
-386.4158963915  3.1415926536  0.0000000000  0.0000000000  0.0000000000
-385.1592593301  3.1415926536  0.0000000000  0.0000000000  0.0000000000
-383.9026222687  3.1415926536  0.0000000000  0.0000000000  0.0000000000
-382.6459852072  3.1415926536  0.0000000000  0.0000000000  0.0000000000
-381.3893481458  3.1415926536  0.0000000000  0.0000000000  0.0000000000
-380.1327110844  3.1415926536  0.0000000000  0.0000000000  0.0000000000
-378.8760740229  3.1415926536  0.0000000000  0.0000000000  0.0000000000
-377.6194369615  3.1415926536  0.0000000000  0.0000000000  0.0000000000
-376.3627999001  3.1415926536  0.0000000000  0.0000000000  0.0000000000
-375.1061628386  3.1415926536  0.0000000000  0.0000000000  0.0000000000
-373.8495257772  3.1415926536  0.0000000000  0.0000000000  0.0000000000
-372.5928887157  3.1415926536  0.0000000000  0.0000000000  0.0000000000
-371.3362516543  3.1415926536  0.0000000000  0.0000000000  0.0000000000
-370.0796145929  3.1415926536  0.0000000000  0.0000000000  0.0000000000
-368.8229775314  3.1415926536  0.0000000000  0.0000000000  0.0000000000
-367.5663404700  3.1415926536  0.0000000000  0.0000000000  0.0000000000
-366.3097034086  3.1415926536  0.0000000000  0.0000000000  0.0000000000
-365.0530663471  3.1415926536  0.0000000000  0.0000000000  0.0000000000
-363.7964292857  3.1415926536  0.0000000000  0.0000000000  0.0000000000
-362.5397922243  3.1415926536  0.0000000000  0.0000000000  0.0000000000
-361.2831551628  3.1415926536  0.0000000000  0.0000000000  0.0000000000
-360.0265181014  3.1415926536  0.0000000000  0.0000000000  0.0000000000
-358.7698810400  3.1415926536  0.0000000000  0.0000000000  0.0000000000
-357.5132439785  3.1415926536  0.0000000000  0.0000000000  0.0000000000
-356.2566069171  3.1415926536  0.0000000000  0.0000000000  0.0000000000
-354.9999698556  3.1415926536  0.0000000000  0.0000000000  0.0000000000
-353.7433327942  3.1415926536  0.0000000000  0.0000000000  0.0000000000
-352.4866957328  3.1415926536  0.0000000000  0.0000000000  0.0000000000
-351.2300586713  3.1415926536  0.0000000000  0.0000000000  0.0000000000
-349.9734216099  3.1415926536  0.0000000000  0.0000000000  0.0000000000
-348.7167845485  3.1415926536  0.0000000000  0.0000000000  0.0000000000
-347.4601474870  3.1415926536  0.0000000000  0.0000000000  0.0000000000
-346.2035104256  3.1415926536  0.0000000000  0.0000000000  0.0000000000
-344.9468733642  3.1415926536  0.0000000000  0.0000000000  0.0000000000
-343.6902363027  3.1415926536  0.0000000000  0.0000000000  0.0000000000
-342.4335992413  3.1415926536  0.0000000000  0.0000000000  0.0000000000
-341.1769621799  3.1415926536  0.0000000000  0.0000000000  0.0000000000
-339.9203251184  3.1415926536  0.0000000000  0.0000000000  0.0000000000
-338.6636880570  3.1415926536  0.0000000000  0.0000000000  0.0000000000
-337.4070509955  3.1415926536  0.0000000000  0.0000000000  0.0000000000
-336.1504139341  3.1415926536  0.0000000000  0.0000000000  0.0000000000
-334.8937768727  3.1415926536  0.0000000000  0.0000000000  0.0000000000
-333.6371398112  3.1415926536  0.0000000000  0.0000000000  0.0000000000
-332.3805027498  3.1415926536  0.0000000000  0.0000000000  0.0000000000
-331.1238656884  3.1415926536  0.0000000000  0.0000000000  0.0000000000
-329.8672286269  3.1415926536  0.0000000000  0.0000000000  0.0000000000
-328.6105915655  3.1415926536  0.0000000000  0.0000000000  0.0000000000
-327.3539545041  3.1415926536  0.0000000000  0.0000000000  0.0000000000
-326.0973174426  3.1415926536  0.0000000000  0.0000000000  0.0000000000
-324.8406803812  3.1415926536  0.0000000000  0.0000000000  0.0000000000
-323.5840433197  3.1415926536  0.0000000000  0.0000000000  0.0000000000
-322.3274062583  3.1415926536  0.0000000000  0.0000000000  0.0000000000
-321.0707691969  3.1415926536  0.0000000000  0.0000000000  0.0000000000
-319.8141321354  3.1415926536  0.0000000000  0.0000000000  0.0000000000
-318.5574950740  3.1415926536  0.0000000000  0.0000000000  0.0000000000
-317.3008580126  3.1415926536  0.0000000000  0.0000000000  0.0000000000
-316.0442209511  3.1415926536  0.0000000000  0.0000000000  0.0000000000
-314.7875838897  3.1415926536  0.0000000000  0.0000000000  0.0000000000
-313.5309468283  3.1415926536  0.0000000000  0.0000000000  0.0000000000
-312.2743097668  3.1415926536  0.0000000000  0.0000000000  0.0000000000
-311.0176727054  3.1415926536  0.0000000000  0.0000000000  0.0000000000
-309.7610356440  3.1415926536  0.0000000000  0.0000000000  0.0000000000
-308.5043985825  3.1415926536  0.0000000000  0.0000000000  0.0000000000
-307.2477615211  3.1415926536  0.0000000000  0.0000000000  0.0000000000
-305.9911244596  3.1415926536  0.0000000000  0.0000000000  0.0000000000
-304.7344873982  3.1415926536  0.0000000000  0.0000000000  0.0000000000
-303.4778503368  3.1415926536  0.0000000000  0.0000000000  0.0000000000
-302.2212132753  3.1415926536  0.0000000000  0.0000000000  0.0000000000
-300.9645762139  3.1415926536  0.0000000000  0.0000000000  0.0000000000
-299.7079391525  3.1415926536  0.0000000000  0.0000000000  0.0000000000
-298.4513020910  3.1415926536  0.0000000000  0.0000000000  0.0000000000
-297.1946650296  3.1415926536  0.0000000000  0.0000000000  0.0000000000
-295.9380279682  3.1415926536  0.0000000000  0.0000000000  0.0000000000
-294.6813909067  3.1415926536  0.0000000000  0.0000000000  0.0000000000
-293.4247538453  3.1415926536  0.0000000000  0.0000000000  0.0000000000
-292.1681167839  3.1415926536  0.0000000000  0.0000000000  0.0000000000
-290.9114797224  3.1415926536  0.0000000000  0.0000000000  0.0000000000
-289.6548426610  3.1415926536  0.0000000000  0.0000000000  0.0000000000
-288.3982055995  3.1415926536  0.0000000000  0.0000000000  0.0000000000
-287.1415685381  3.1415926536  0.0000000000  0.0000000000  0.0000000000
-285.8849314767  3.1415926536  0.0000000000  0.0000000000  0.0000000000
-284.6282944152  3.1415926536  0.0000000000  0.0000000000  0.0000000000
-283.3716573538  3.1415926536  0.0000000000  0.0000000000  0.0000000000
-282.1150202924  3.1415926536  0.0000000000  0.0000000000  0.0000000000
-280.8583832309  3.1415926536  0.0000000000  0.0000000000  0.0000000000
-279.6017461695  3.1415926536  0.0000000000  0.0000000000  0.0000000000
-278.3451091081  3.1415926536  0.0000000000  0.0000000000  0.0000000000
-277.0884720466  3.1415926536  0.0000000000  0.0000000000  0.0000000000
-275.8318349852  3.1415926536  0.0000000000  0.0000000000  0.0000000000
-274.5751979237  3.1415926536  0.0000000000  0.0000000000  0.0000000000
-273.3185608623  3.1415926536  0.0000000000  0.0000000000  0.0000000000
-272.0619238009  3.1415926536  0.0000000000  0.0000000000  0.0000000000
-270.8052867394  3.1415926536  0.0000000000  0.0000000000  0.0000000000
-269.5486496780  3.1415926536  0.0000000000  0.0000000000  0.0000000000
-268.2920126166  3.1415926536  0.0000000000  0.0000000000  0.0000000000
-267.0353755551  3.1415926536  0.0000000000  0.0000000000  0.0000000000
-265.7787384937  3.1415926536  0.0000000000  0.0000000000  0.0000000000
-264.5221014323  3.1415926536  0.0000000000  0.0000000000  0.0000000000
-263.2654643708  3.1415926536  0.0000000000  0.0000000000  0.0000000000
-262.0088273094  3.1415926536  0.0000000000  0.0000000000  0.0000000000
-260.7521902480  3.1415926536  0.0000000000  0.0000000000  0.0000000000
-259.4955531865  3.1415926536  0.0000000000  0.0000000000  0.0000000000
-258.2389161251  3.1415926536  0.0000000000  0.0000000000  0.0000000000
-256.9822790636  3.1415926536  0.0000000000  0.0000000000  0.0000000000
-255.7256420022  3.1415926536  0.0000000000  0.0000000000  0.0000000000
-254.4690049408  3.1415926536  0.0000000000  0.0000000000  0.0000000000
-253.2123678793  3.1415926536  0.0000000000  0.0000000000  0.0000000000
-251.9557308179  3.1415926536  0.0000000000  0.0000000000  0.0000000000
-250.6990937565  3.1415926536  0.0000000000  0.0000000000  0.0000000000
-249.4424566950  3.1415926536  0.0000000000  0.0000000000  0.0000000000
-248.1858196336  3.1415926536  0.0000000000  0.0000000000  0.0000000000
-246.9291825722  3.1415926536  0.0000000000  0.0000000000  0.0000000000
-245.6725455107  3.1415926536  0.0000000000  0.0000000000  0.0000000000
-244.4159084493  3.1415926536  0.0000000000  0.0000000000  0.0000000000
-243.1592713878  3.1415926536  0.0000000000  0.0000000000  0.0000000000
-241.9026343264  3.1415926536  0.0000000000  0.0000000000  0.0000000000
-240.6459972650  3.1415926536  0.0000000000  0.0000000000  0.0000000000
-239.3893602035  3.1415926536  0.0000000000  0.0000000000  0.0000000000
-238.1327231421  3.1415926536  0.0000000000  0.0000000000  0.0000000000
-236.8760860807  3.1415926536  0.0000000000  0.0000000000  0.0000000000
-235.6194490192  3.1415926536  0.0000000000  0.0000000000  0.0000000000
-234.3628119578  3.1415926536  0.0000000000  0.0000000000  0.0000000000
-233.1061748964  3.1415926536  0.0000000000  0.0000000000  0.0000000000
-231.8495378349  3.1415926536  0.0000000000  0.0000000000  0.0000000000
-230.5929007735  3.1415926536  0.0000000000  0.0000000000  0.0000000000
-229.3362637121  3.1415926536  0.0000000000  0.0000000000  0.0000000000
-228.0796266506  3.1415926536  0.0000000000  0.0000000000  0.0000000000
-226.8229895892  3.1415926536  0.0000000000  0.0000000000  0.0000000000
-225.5663525277  3.1415926536  0.0000000000  0.0000000000  0.0000000000
-224.3097154663  3.1415926536  0.0000000000  0.0000000000  0.0000000000
-223.0530784049  3.1415926536  0.0000000000  0.0000000000  0.0000000000
-221.7964413434  3.1415926536  0.0000000000  0.0000000000  0.0000000000
-220.5398042820  3.1415926536  0.0000000000  0.0000000000  0.0000000000
-219.2831672206  3.1415926536  0.0000000000  0.0000000000  0.0000000000
-218.0265301591  3.1415926536  0.0000000000  0.0000000000  0.0000000000
-216.7698930977  3.1415926536  0.0000000000  0.0000000000  0.0000000000
-215.5132560363  3.1415926536  0.0000000000  0.0000000000  0.0000000000
-214.2566189748  3.1415926536  0.0000000000  0.0000000000  0.0000000000
-212.9999819134  3.1415926536  0.0000000000  0.0000000000  0.0000000000
-211.7433448520  3.1415926536  0.0000000000  0.0000000000  0.0000000000
-210.4867077905  3.1415926536  0.0000000000  0.0000000000  0.0000000000
-209.2300707291  3.1415926536  0.0000000000  0.0000000000  0.0000000000
-207.9734336676  3.1415926536  0.0000000000  0.0000000000  0.0000000000
-206.7167966062  3.1415926536  0.0000000000  0.0000000000  0.0000000000
-205.4601595448  3.1415926536  0.0000000000  0.0000000000  0.0000000000
-204.2035224833  3.1415926536  0.0000000000  0.0000000000  0.0000000000
-202.9468854219  3.1415926536  0.0000000000  0.0000000000  0.0000000000
-201.6902483605  3.1415926536  0.0000000000  0.0000000000  0.0000000000
-200.4336112990  3.1415926536  0.0000000000  0.0000000000  0.0000000000
-199.1769742376  3.1415926536  0.0000000000  0.0000000000  0.0000000000
-197.9203371762  3.1415926536  0.0000000000  0.0000000000  0.0000000000
-196.6637001147  3.1415926536  0.0000000000  0.0000000000  0.0000000000
-195.4070630533  3.1415926536  0.0000000000  0.0000000000  0.0000000000
-194.1504259918  3.1415926536  0.0000000000  0.0000000000  0.0000000000
-192.8937889304  3.1415926536  0.0000000000  0.0000000000  0.0000000000
-191.6371518690  3.1415926536  0.0000000000  0.0000000000  0.0000000000
-190.3805148075  3.1415926536  0.0000000000  0.0000000000  0.0000000000
-189.1238777461  3.1415926536  0.0000000000  0.0000000000  0.0000000000
-187.8672406847  3.1415926536  0.0000000000  0.0000000000  0.0000000000
-186.6106036232  3.1415926536  0.0000000000  0.0000000000  0.0000000000
-185.3539665618  3.1415926536  0.0000000000  0.0000000000  0.0000000000
-184.0973295004  3.1415926536  0.0000000000  0.0000000000  0.0000000000
-182.8406924389  3.1415926536  0.0000000000  0.0000000000  0.0000000000
-181.5840553775  3.1415926536  0.0000000000  0.0000000000  0.0000000000
-180.3274183161  3.1415926536  0.0000000000  0.0000000000  0.0000000000
-179.0707812546  3.1415926536  0.0000000000  0.0000000000  0.0000000000
-177.8141441932  3.1415926536  0.0000000000  0.0000000000  0.0000000000
-176.5575071317  3.1415926536  0.0000000000  0.0000000000  0.0000000000
-175.3008700703  3.1415926536  0.0000000000  0.0000000000  0.0000000000
-174.0442330089  3.1415926536  0.0000000000  0.0000000000  0.0000000000
-172.7875959474  3.1415926536  0.0000000000  0.0000000000  0.0000000000
-171.5309588860  3.1415926536  0.0000000000  0.0000000000  0.0000000000
-170.2743218246  3.1415926536  0.0000000000  0.0000000000  0.0000000000
-169.0176847631  3.1415926536  0.0000000000  0.0000000000  0.0000000000
-167.7610477017  3.1415926536  0.0000000000  0.0000000000  0.0000000000
-166.5044106403  3.1415926536  0.0000000000  0.0000000000  0.0000000000
-165.2477735788  3.1415926536  0.0000000000  0.0000000000  0.0000000000
-163.9911365174  3.1415926536  0.0000000000  0.0000000000  0.0000000000
-162.7344994560  3.1415926536  0.0000000000  0.0000000000  0.0000000000
-161.4778623945  3.1415926536  0.0000000000  0.0000000000  0.0000000000
-160.2212253331  3.1415926536  0.0000000000  0.0000000000  0.0000000000
-158.9645882716  3.1415926536  0.0000000000  0.0000000000  0.0000000000
-157.7079512102  3.1415926536  0.0000000000  0.0000000000  0.0000000000
-156.4513141488  3.1415926536  0.0000000000  0.0000000000  0.0000000000
-155.1946770873  3.1415926536  0.0000000000  0.0000000000  0.0000000000
-153.9380400259  3.1415926536  0.0000000000  0.0000000000  0.0000000000
-152.6814029645  3.1415926536  0.0000000000  0.0000000000  0.0000000000
-151.4247659030  3.1415926536  0.0000000000  0.0000000000  0.0000000000
-150.1681288416  3.1415926536  0.0000000000  0.0000000000  0.0000000000
-148.9114917802  3.1415926536  0.0000000000  0.0000000000  0.0000000000
-147.6548547187  3.1415926536  0.0000000000  0.0000000000  0.0000000000
-146.3982176573  3.1415926536  0.0000000000  0.0000000000  0.0000000000
-145.1415805958  3.1415926536  0.0000000000  0.0000000000  0.0000000000
-143.8849435344  3.1415926536  0.0000000000  0.0000000000  0.0000000000
-142.6283064730  3.1415926536  0.0000000000  0.0000000000  0.0000000000
-141.3716694115  3.1415926536  0.0000000000  0.0000000000  0.0000000000
-140.1150323501  3.1415926536  0.0000000000  0.0000000000  0.0000000000
-138.8583952887  3.1415926536  0.0000000000  0.0000000000  0.0000000000
-137.6017582272  3.1415926536  0.0000000000  0.0000000000  0.0000000000
-136.3451211658  3.1415926536  0.0000000000  0.0000000000  0.0000000000
-135.0884841044  3.1415926536  0.0000000000  0.0000000000  0.0000000000
-133.8318470429  3.1415926536  0.0000000000  0.0000000000  0.0000000000
-132.5752099815  3.1415926536  0.0000000000  0.0000000000  0.0000000000
-131.3185729201  3.1415926536  0.0000000000  0.0000000000  0.0000000000
-130.0619358586  3.1415926536  0.0000000000  0.0000000000  0.0000000000
-128.8052987972  3.1415926536  0.0000000000  0.0000000000  0.0000000000
-127.5486617357  3.1415926536  0.0000000000  0.0000000000  0.0000000000
-126.2920246743  3.1415926536  0.0000000000  0.0000000000  0.0000000000
-125.0353876129  3.1415926536  0.0000000000  0.0000000000  0.0000000000
-123.7787505514  3.1415926536  0.0000000000  0.0000000000  0.0000000000
-122.5221134900  3.1415926536  0.0000000000  0.0000000000  0.0000000000
-121.2654764286  3.1415926536  0.0000000000  0.0000000000  0.0000000000
-120.0088393671  3.1415926536  0.0000000000  0.0000000000  0.0000000000
-118.7522023057  3.1415926536  0.0000000000  0.0000000000  0.0000000000
-117.4955652443  3.1415926536  0.0000000000  0.0000000000  0.0000000000
-116.2389281828  3.1415926536  0.0000000000  0.0000000000  0.0000000000
-114.9822911214  3.1415926536  0.0000000000  0.0000000000  0.0000000000
-113.7256540600  3.1415926536  0.0000000000  0.0000000000  0.0000000000
-112.4690169985  3.1415926536  0.0000000000  0.0000000000  0.0000000000
-111.2123799371  3.1415926536  0.0000000000  0.0000000000  0.0000000000
-109.9557428756  3.1415926536  0.0000000000  0.0000000000  0.0000000000
-108.6991058142  3.1415926536  0.0000000000  0.0000000000  0.0000000000
-107.4424687528  3.1415926536  0.0000000000  0.0000000000  0.0000000000
-106.1858316913  3.1415926536  0.0000000000  0.0000000000  0.0000000000
-104.9291946299  3.1415926536  0.0000000000  0.0000000000  0.0000000000
-103.6725575685  3.1415926536  0.0000000000  0.0000000000  0.0000000000
-102.4159205070  3.1415926536  0.0000000000  0.0000000000  0.0000000000
-101.1592834456  3.1415926536  0.0000000000  0.0000000000  0.0000000000
-99.9026463842  3.1415926536  0.0000000000  0.0000000000  0.0000000000
-98.6460093227  3.1415926536  0.0000000000  0.0000000000  0.0000000000
-97.3893722613  3.1415926536  0.0000000000  0.0000000000  0.0000000000
-96.1327351998  3.1415926536  0.0000000000  0.0000000000  0.0000000000
-94.8760981384  3.1415926536  0.0000000000  0.0000000000  0.0000000000
-93.6194610770  3.1415926536  0.0000000000  0.0000000000  0.0000000000
-92.3628240155  3.1415926536  0.0000000000  0.0000000000  0.0000000000
-91.1061869541  3.1415926536  0.0000000000  0.0000000000  0.0000000000
-89.8495498927  3.1415926536  0.0000000000  0.0000000000  0.0000000000
-88.5929128312  3.1415926536  0.0000000000  0.0000000000  0.0000000000
-87.3362757698  3.1415926536  0.0000000000  0.0000000000  0.0000000000
-86.0796387084  3.1415926536  0.0000000000  0.0000000000  0.0000000000
-84.8230016469  3.1415926536  0.0000000000  0.0000000000  0.0000000000
-83.5663645855  3.1415926536  0.0000000000  0.0000000000  0.0000000000
-82.3097275241  3.1415926536  0.0000000000  0.0000000000  0.0000000000
-81.0530904626  3.1415926536  0.0000000000  0.0000000000  0.0000000000
-79.7964534012  3.1415926536  0.0000000000  0.0000000000  0.0000000000
-78.5398163397  3.1415926536  0.0000000000  0.0000000000  0.0000000000
-77.2831792783  3.1415926536  0.0000000000  0.0000000000  0.0000000000
-76.0265422169  3.1415926536  0.0000000000  0.0000000000  0.0000000000
-74.7699051554  3.1415926536  0.0000000000  0.0000000000  0.0000000000
-73.5132680940  3.1415926536  0.0000000000  0.0000000000  0.0000000000
-72.2566310326  3.1415926536  0.0000000000  0.0000000000  0.0000000000
-70.9999939711  3.1415926536  0.0000000000  0.0000000000  0.0000000000
-69.7433569097  3.1415926536  0.0000000000  0.0000000000  0.0000000000
-68.4867198483  3.1415926536  0.0000000000  0.0000000000  0.0000000000
-67.2300827868  3.1415926536  0.0000000000  0.0000000000  0.0000000000
-65.9734457254  3.1415926536  0.0000000000  0.0000000000  0.0000000000
-64.7168086639  3.1415926536  0.0000000000  0.0000000000  0.0000000000
-63.4601716025  3.1415926536  0.0000000000  0.0000000000  0.0000000000
-62.2035345411  3.1415926536  0.0000000000  0.0000000000  0.0000000000
-60.9468974796  3.1415926536  0.0000000000  0.0000000000  0.0000000000
-59.6902604182  3.1415926536  0.0000000000  0.0000000000  0.0000000000
-58.4336233568  3.1415926536  0.0000000000  0.0000000000  0.0000000000
-57.1769862953  3.1415926536  0.0000000000  0.0000000000  0.0000000000
-55.9203492339  3.1415926536  0.0000000000  0.0000000000  0.0000000000
-54.6637121725  3.1415926536  0.0000000000  0.0000000000  0.0000000000
-53.4070751110  3.1415926536  0.0000000000  0.0000000000  0.0000000000
-52.1504380496  3.1415926536  0.0000000000  0.0000000000  0.0000000000
-50.8938009882  3.1415926536  0.0000000000  0.0000000000  0.0000000000
-49.6371639267  3.1415926536  0.0000000000  0.0000000000  0.0000000000
-48.3805268653  3.1415926536  0.0000000000  0.0000000000  0.0000000000
-47.1238898038  3.1415926536  0.0000000000  0.0000000000  0.0000000000
-45.8672527424  3.1415926536  0.0000000000  0.0000000000  0.0000000000
-44.6106156810  3.1415926536  0.0000000000  0.0000000000  0.0000000000
-43.3539786195  3.1415926536  0.0000000000  0.0000000000  0.0000000000
-42.0973415581  3.1415926536  0.0000000000  0.0000000000  0.0000000000
-40.8407044967  3.1415926536  0.0000000000  0.0000000000  0.0000000000
-39.5840674352  3.1415926536  0.0000000000  0.0000000000  0.0000000000
-38.3274303738  3.1415926536  0.0000000000  0.0000000000  0.0000000000
-37.0707933124  3.1415926536  0.0000000000  0.0000000000  0.0000000000
-35.8141562509  3.1415926536  0.0000000000  0.0000000000  0.0000000000
-34.5575191895  3.1415926536  0.0000000000  0.0000000000  0.0000000000
-33.3008821281  3.1415926536  0.0000000000  0.0000000000  0.0000000000
-32.0442450666  3.1415926536  0.0000000000  0.0000000000  0.0000000000
-30.7876080052  3.1415926536  0.0000000000  0.0000000000  0.0000000000
-29.5309709437  3.1415926536  0.0000000000  0.0000000000  0.0000000000
-28.2743338823  3.1415926536  0.0000000000  0.0000000000  0.0000000000
-27.0176968209  3.1415926536  0.0000000000  0.0000000000  0.0000000000
-25.7610597594  3.1415926536  0.0000000000  0.0000000000  0.0000000000
-24.5044226980  3.1415926536  0.0000000000  0.0000000000  0.0000000000
-23.2477856366  3.1415926536  0.0000000000  0.0000000000  0.0000000000
-21.9911485751  3.1415926536  0.0000000000  0.0000000000  0.0000000000
-20.7345115137  3.1415926536  0.0000000000  0.0000000000  0.0000000000
-19.4778744523  3.1415926536  0.0000000000  0.0000000000  0.0000000000
-18.2212373908  3.1415926536  0.0000000000  0.0000000000  0.0000000000
-16.9646003294  3.1415926536  0.0000000000  0.0000000000  0.0000000000
-15.7079632679  3.1415926536  0.0000000000  0.0000000000  0.0000000000
-14.4513262065  3.1415926536  0.0000000000  0.0000000000  0.0000000000
-13.1946891451  3.1415926536  0.0000000000  0.0000000000  0.0000000000
-11.9380520836  3.1415926536  0.0000000000  0.0000000000  0.0000000000
-10.6814150222  3.1415926536  0.0000000000  0.0000000000  0.0000000000
-9.4247779608  3.1415926536  0.0000000000  0.0000000000  0.0000000000
-8.1681408993  3.1415926536  0.0000000000  0.0000000000  0.0000000000
-6.9115038379  3.1415926536  0.0000000000  0.0000000000  0.0000000000
-5.6548667765  3.1415926536  0.0000000000  0.0000000000  0.0000000000
-4.3982297150  3.1415926536  0.0000000000  0.0000000000  0.0000000000
-3.1415926536  3.1415926536  0.0000000000  0.0000000000  0.0000000000
-1.8849555922  3.1415926536  0.0000000000  0.0000000000  -0.0000000487
-0.6283185307  3.1415926536  0.0000000000  0.0000004197  0.0000000000
0.6283185307  3.1415926536  0.0000000000  -0.0000000000  -0.6787475684
1.8849555922  3.1415926536  0.0000000000  -0.0000000000  -0.6365386268
3.1415926536  3.1415926536  0.0000000000  -0.0000000000  -0.5783773491
4.3982297150  3.1415926536  0.0000000000  -0.0000000000  -0.5260039403
5.6548667765  3.1415926536  0.0000000000  -0.0000000000  -0.4767454037
6.9115038379  3.1415926536  0.0000000000  0.0000000000  -0.4315045671
8.1681408993  3.1415926536  0.0000000000  0.0000000000  -0.3911508473
9.4247779608  3.1415926536  0.0000000000  0.0000000131  -0.3558093585
10.6814150222  3.1415926536  0.0000000000  0.0000000000  -0.3251193228
11.9380520836  3.1415926536  0.0000000000  -0.0000000169  -0.2985238782
13.1946891451  3.1415926536  0.0000000000  -0.0000000192  -0.2754372422
14.4513262065  3.1415926536  0.0000000000  -0.0000000071  -0.2553199396
15.7079632679  3.1415926536  0.0000000000  0.0000000115  -0.2377042371
16.9646003294  3.1415926536  0.0000000000  0.0000000293  -0.2221963845
18.2212373908  3.1415926536  0.0000000000  0.0000000425  -0.2084695375
19.4778744523  3.1415926536  0.0000000000  0.0000000501  -0.1962539162
20.7345115137  3.1415926536  0.0000000000  0.0000000524  -0.1853270319
21.9911485751  3.1415926536  0.0000000000  0.0000000507  -0.1755050393
23.2477856366  3.1415926536  0.0000000000  0.0000000461  -0.1666354808
24.5044226980  3.1415926536  0.0000000000  0.0000000397  -0.1585913563
25.7610597594  3.1415926536  0.0000000000  0.0000000324  -0.1512663428
27.0176968209  3.1415926536  0.0000000000  0.0000000249  -0.1445709617
28.2743338823  3.1415926536  0.0000000000  0.0000000175  -0.1384295127
29.5309709437  3.1415926536  0.0000000000  0.0000000106  -0.1327776177
30.7876080052  3.1415926536  0.0000000000  0.0000000042  -0.1275602484
32.0442450666  3.1415926536  0.0000000000  -0.0000000016  -0.1227301365
33.3008821281  3.1415926536  0.0000000000  -0.0000000066  -0.1182464872
34.5575191895  3.1415926536  0.0000000000  -0.0000000111  -0.1140739326
35.8141562509  3.1415926536  0.0000000000  -0.0000000149  -0.1101816770
37.0707933124  3.1415926536  0.0000000000  -0.0000000181  -0.1065427946
38.3274303738  3.1415926536  0.0000000000  -0.0000000208  -0.1031336509
39.5840674352  3.1415926536  0.0000000000  -0.0000000231  -0.0999334220
40.8407044967  3.1415926536  0.0000000000  -0.0000000250  -0.0969236954
42.0973415581  3.1415926536  0.0000000000  -0.0000000265  -0.0940881349
43.3539786195  3.1415926536  0.0000000000  -0.0000000277  -0.0914122001
44.6106156810  3.1415926536  0.0000000000  -0.0000000286  -0.0888829083
45.8672527424  3.1415926536  0.0000000000  -0.0000000293  -0.0864886342
47.1238898038  3.1415926536  0.0000000000  -0.0000000298  -0.0842189387
48.3805268653  3.1415926536  0.0000000000  -0.0000000302  -0.0820644223
49.6371639267  3.1415926536  0.0000000000  -0.0000000303  -0.0800166007
50.8938009882  3.1415926536  0.0000000000  -0.0000000304  -0.0780677962
52.1504380496  3.1415926536  0.0000000000  -0.0000000304  -0.0762110456
53.4070751110  3.1415926536  0.0000000000  -0.0000000302  -0.0744400188
54.6637121725  3.1415926536  0.0000000000  -0.0000000300  -0.0727489496
55.9203492339  3.1415926536  0.0000000000  -0.0000000297  -0.0711325743
57.1769862953  3.1415926536  0.0000000000  -0.0000000294  -0.0695860786
58.4336233568  3.1415926536  0.0000000000  -0.0000000291  -0.0681050510
59.6902604182  3.1415926536  0.0000000000  -0.0000000287  -0.0666854415
60.9468974796  3.1415926536  0.0000000000  -0.0000000282  -0.0653235260
62.2035345411  3.1415926536  0.0000000000  -0.0000000278  -0.0640158738
63.4601716025  3.1415926536  0.0000000000  -0.0000000273  -0.0627593198
64.7168086639  3.1415926536  0.0000000000  -0.0000000269  -0.0615509391
65.9734457254  3.1415926536  0.0000000000  -0.0000000264  -0.0603880251
67.2300827868  3.1415926536  0.0000000000  -0.0000000259  -0.0592680691
68.4867198483  3.1415926536  0.0000000000  -0.0000000254  -0.0581887433
69.7433569097  3.1415926536  0.0000000000  -0.0000000249  -0.0571478841
70.9999939711  3.1415926536  0.0000000000  -0.0000000244  -0.0561434784
72.2566310326  3.1415926536  0.0000000000  -0.0000000240  -0.0551736507
73.5132680940  3.1415926536  0.0000000000  -0.0000000235  -0.0542366516
74.7699051554  3.1415926536  0.0000000000  -0.0000000230  -0.0533308472
76.0265422169  3.1415926536  0.0000000000  -0.0000000225  -0.0524547101
77.2831792783  3.1415926536  0.0000000000  -0.0000000221  -0.0516068105
78.5398163397  3.1415926536  0.0000000000  -0.0000000216  -0.0507858089
79.7964534012  3.1415926536  0.0000000000  -0.0000000212  -0.0499904490
81.0530904626  3.1415926536  0.0000000000  -0.0000000207  -0.0492195511
82.3097275241  3.1415926536  0.0000000000  -0.0000000203  -0.0484720069
83.5663645855  3.1415926536  0.0000000000  -0.0000000199  -0.0477467736
84.8230016469  3.1415926536  0.0000000000  -0.0000000195  -0.0470428696
86.0796387084  3.1415926536  0.0000000000  -0.0000000191  -0.0463593697
87.3362757698  3.1415926536  0.0000000000  -0.0000000187  -0.0456954016
88.5929128312  3.1415926536  0.0000000000  -0.0000000183  -0.0450501417
89.8495498927  3.1415926536  0.0000000000  -0.0000000179  -0.0444228120
91.1061869541  3.1415926536  0.0000000000  -0.0000000175  -0.0438126770
92.3628240155  3.1415926536  0.0000000000  -0.0000000172  -0.0432190408
93.6194610770  3.1415926536  0.0000000000  -0.0000000168  -0.0426412444
94.8760981384  3.1415926536  0.0000000000  -0.0000000165  -0.0420786635
96.1327351998  3.1415926536  0.0000000000  -0.0000000162  -0.0415307060
97.3893722613  3.1415926536  0.0000000000  -0.0000000158  -0.0409968100
98.6460093227  3.1415926536  0.0000000000  -0.0000000155  -0.0404764423
99.9026463842  3.1415926536  0.0000000000  -0.0000000152  -0.0399690958
101.1592834456  3.1415926536  0.0000000000  -0.0000000149  -0.0394742889
102.4159205070  3.1415926536  0.0000000000  -0.0000000146  -0.0389915629
103.6725575685  3.1415926536  0.0000000000  -0.0000000143  -0.0385204816
104.9291946299  3.1415926536  0.0000000000  -0.0000000141  -0.0380606293
106.1858316913  3.1415926536  0.0000000000  -0.0000000138  -0.0376116098
107.4424687528  3.1415926536  0.0000000000  -0.0000000135  -0.0371730454
108.6991058142  3.1415926536  0.0000000000  -0.0000000133  -0.0367445757
109.9557428756  3.1415926536  0.0000000000  -0.0000000130  -0.0363258567
111.2123799371  3.1415926536  0.0000000000  -0.0000000128  -0.0359165596
112.4690169985  3.1415926536  0.0000000000  -0.0000000125  -0.0355163705
113.7256540600  3.1415926536  0.0000000000  -0.0000000123  -0.0351249891
114.9822911214  3.1415926536  0.0000000000  -0.0000000121  -0.0347421282
116.2389281828  3.1415926536  0.0000000000  -0.0000000119  -0.0343675128
117.4955652443  3.1415926536  0.0000000000  -0.0000000116  -0.0340008799
118.7522023057  3.1415926536  0.0000000000  -0.0000000114  -0.0336419773
120.0088393671  3.1415926536  0.0000000000  -0.0000000112  -0.0332905633
121.2654764286  3.1415926536  0.0000000000  -0.0000000110  -0.0329464062
122.5221134900  3.1415926536  0.0000000000  -0.0000000108  -0.0326092839
123.7787505514  3.1415926536  0.0000000000  -0.0000000106  -0.0322789830
125.0353876129  3.1415926536  0.0000000000  -0.0000000105  -0.0319552989
126.2920246743  3.1415926536  0.0000000000  -0.0000000103  -0.0316380348
127.5486617357  3.1415926536  0.0000000000  -0.0000000101  -0.0313270019
128.8052987972  3.1415926536  0.0000000000  -0.0000000099  -0.0310220186
130.0619358586  3.1415926536  0.0000000000  -0.0000000098  -0.0307229103
131.3185729201  3.1415926536  0.0000000000  -0.0000000096  -0.0304295089
132.5752099815  3.1415926536  0.0000000000  -0.0000000094  -0.0301416529
133.8318470429  3.1415926536  0.0000000000  -0.0000000093  -0.0298591867
135.0884841044  3.1415926536  0.0000000000  -0.0000000091  -0.0295819604
136.3451211658  3.1415926536  0.0000000000  -0.0000000090  -0.0293098298
137.6017582272  3.1415926536  0.0000000000  -0.0000000088  -0.0290426557
138.8583952887  3.1415926536  0.0000000000  -0.0000000087  -0.0287803041
140.1150323501  3.1415926536  0.0000000000  -0.0000000085  -0.0285226456
141.3716694115  3.1415926536  0.0000000000  -0.0000000084  -0.0282695556
142.6283064730  3.1415926536  0.0000000000  -0.0000000083  -0.0280209138
143.8849435344  3.1415926536  0.0000000000  -0.0000000081  -0.0277766040
145.1415805958  3.1415926536  0.0000000000  -0.0000000080  -0.0275365140
146.3982176573  3.1415926536  0.0000000000  -0.0000000079  -0.0273005356
147.6548547187  3.1415926536  0.0000000000  -0.0000000078  -0.0270685641
148.9114917802  3.1415926536  0.0000000000  -0.0000000077  -0.0268404984
150.1681288416  3.1415926536  0.0000000000  -0.0000000075  -0.0266162407
151.4247659030  3.1415926536  0.0000000000  -0.0000000074  -0.0263956966
152.6814029645  3.1415926536  0.0000000000  -0.0000000073  -0.0261787746
153.9380400259  3.1415926536  0.0000000000  -0.0000000072  -0.0259653863
155.1946770873  3.1415926536  0.0000000000  -0.0000000071  -0.0257554462
156.4513141488  3.1415926536  0.0000000000  -0.0000000070  -0.0255488712
157.7079512102  3.1415926536  0.0000000000  -0.0000000069  -0.0253455813
158.9645882716  3.1415926536  0.0000000000  -0.0000000068  -0.0251454988
160.2212253331  3.1415926536  0.0000000000  -0.0000000067  -0.0249485484
161.4778623945  3.1415926536  0.0000000000  -0.0000000066  -0.0247546571
162.7344994560  3.1415926536  0.0000000000  -0.0000000065  -0.0245637543
163.9911365174  3.1415926536  0.0000000000  -0.0000000064  -0.0243757715
165.2477735788  3.1415926536  0.0000000000  -0.0000000063  -0.0241906422
166.5044106403  3.1415926536  0.0000000000  -0.0000000062  -0.0240083020
167.7610477017  3.1415926536  0.0000000000  -0.0000000061  -0.0238286883
169.0176847631  3.1415926536  0.0000000000  -0.0000000061  -0.0236517406
170.2743218246  3.1415926536  0.0000000000  -0.0000000060  -0.0234773999
171.5309588860  3.1415926536  0.0000000000  -0.0000000059  -0.0233056090
172.7875959474  3.1415926536  0.0000000000  -0.0000000058  -0.0231363125
174.0442330089  3.1415926536  0.0000000000  -0.0000000057  -0.0229694565
175.3008700703  3.1415926536  0.0000000000  -0.0000000057  -0.0228049885
176.5575071317  3.1415926536  0.0000000000  -0.0000000056  -0.0226428578
177.8141441932  3.1415926536  0.0000000000  -0.0000000055  -0.0224830148
179.0707812546  3.1415926536  0.0000000000  -0.0000000054  -0.0223254116
180.3274183161  3.1415926536  0.0000000000  -0.0000000054  -0.0221700014
181.5840553775  3.1415926536  0.0000000000  -0.0000000053  -0.0220167387
182.8406924389  3.1415926536  0.0000000000  -0.0000000052  -0.0218655794
184.0973295004  3.1415926536  0.0000000000  -0.0000000052  -0.0217164805
185.3539665618  3.1415926536  0.0000000000  -0.0000000051  -0.0215694002
186.6106036232  3.1415926536  0.0000000000  -0.0000000050  -0.0214242978
187.8672406847  3.1415926536  0.0000000000  -0.0000000050  -0.0212811336
189.1238777461  3.1415926536  0.0000000000  -0.0000000049  -0.0211398691
190.3805148075  3.1415926536  0.0000000000  -0.0000000048  -0.0210004668
191.6371518690  3.1415926536  0.0000000000  -0.0000000048  -0.0208628901
192.8937889304  3.1415926536  0.0000000000  -0.0000000047  -0.0207271034
194.1504259918  3.1415926536  0.0000000000  -0.0000000047  -0.0205930720
195.4070630533  3.1415926536  0.0000000000  -0.0000000046  -0.0204607621
196.6637001147  3.1415926536  0.0000000000  -0.0000000046  -0.0203301408
197.9203371762  3.1415926536  0.0000000000  -0.0000000045  -0.0202011759
199.1769742376  3.1415926536  0.0000000000  -0.0000000045  -0.0200738361
200.4336112990  3.1415926536  0.0000000000  -0.0000000044  -0.0199480910
201.6902483605  3.1415926536  0.0000000000  -0.0000000043  -0.0198239108
202.9468854219  3.1415926536  0.0000000000  -0.0000000043  -0.0197012665
204.2035224833  3.1415926536  0.0000000000  -0.0000000042  -0.0195801297
205.4601595448  3.1415926536  0.0000000000  -0.0000000042  -0.0194604728
206.7167966062  3.1415926536  0.0000000000  -0.0000000041  -0.0193422690
207.9734336676  3.1415926536  0.0000000000  -0.0000000041  -0.0192254919
209.2300707291  3.1415926536  0.0000000000  -0.0000000041  -0.0191101158
210.4867077905  3.1415926536  0.0000000000  -0.0000000040  -0.0189961157
211.7433448520  3.1415926536  0.0000000000  -0.0000000040  -0.0188834671
212.9999819134  3.1415926536  0.0000000000  -0.0000000039  -0.0187721461
214.2566189748  3.1415926536  0.0000000000  -0.0000000039  -0.0186621295
215.5132560363  3.1415926536  0.0000000000  -0.0000000038  -0.0185533944
216.7698930977  3.1415926536  0.0000000000  -0.0000000038  -0.0184459186
218.0265301591  3.1415926536  0.0000000000  -0.0000000037  -0.0183396804
219.2831672206  3.1415926536  0.0000000000  -0.0000000037  -0.0182346584
220.5398042820  3.1415926536  0.0000000000  -0.0000000037  -0.0181308320
221.7964413434  3.1415926536  0.0000000000  -0.0000000036  -0.0180281808
223.0530784049  3.1415926536  0.0000000000  -0.0000000036  -0.0179266850
224.3097154663  3.1415926536  0.0000000000  -0.0000000035  -0.0178263253
225.5663525277  3.1415926536  0.0000000000  -0.0000000035  -0.0177270826
226.8229895892  3.1415926536  0.0000000000  -0.0000000035  -0.0176289384
228.0796266506  3.1415926536  0.0000000000  -0.0000000034  -0.0175318746
229.3362637121  3.1415926536  0.0000000000  -0.0000000034  -0.0174358735
230.5929007735  3.1415926536  0.0000000000  -0.0000000034  -0.0173409176
231.8495378349  3.1415926536  0.0000000000  -0.0000000033  -0.0172469901
233.1061748964  3.1415926536  0.0000000000  -0.0000000033  -0.0171540743
234.3628119578  3.1415926536  0.0000000000  -0.0000000033  -0.0170621539
235.6194490192  3.1415926536  0.0000000000  -0.0000000032  -0.0169712131
236.8760860807  3.1415926536  0.0000000000  -0.0000000032  -0.0168812363
238.1327231421  3.1415926536  0.0000000000  -0.0000000032  -0.0167922082
239.3893602035  3.1415926536  0.0000000000  -0.0000000031  -0.0167041140
240.6459972650  3.1415926536  0.0000000000  -0.0000000031  -0.0166169389
241.9026343264  3.1415926536  0.0000000000  -0.0000000031  -0.0165306688
243.1592713878  3.1415926536  0.0000000000  -0.0000000030  -0.0164452895
244.4159084493  3.1415926536  0.0000000000  -0.0000000030  -0.0163607874
245.6725455107  3.1415926536  0.0000000000  -0.0000000030  -0.0162771490
246.9291825722  3.1415926536  0.0000000000  -0.0000000029  -0.0161943612
248.1858196336  3.1415926536  0.0000000000  -0.0000000029  -0.0161124110
249.4424566950  3.1415926536  0.0000000000  -0.0000000029  -0.0160312858
250.6990937565  3.1415926536  0.0000000000  -0.0000000029  -0.0159509732
251.9557308179  3.1415926536  0.0000000000  -0.0000000028  -0.0158714611
253.2123678793  3.1415926536  0.0000000000  -0.0000000028  -0.0157927375
254.4690049408  3.1415926536  0.0000000000  -0.0000000028  -0.0157147908
255.7256420022  3.1415926536  0.0000000000  -0.0000000028  -0.0156376096
256.9822790636  3.1415926536  0.0000000000  -0.0000000027  -0.0155611826
258.2389161251  3.1415926536  0.0000000000  -0.0000000027  -0.0154854988
259.4955531865  3.1415926536  0.0000000000  -0.0000000027  -0.0154105474
260.7521902480  3.1415926536  0.0000000000  -0.0000000027  -0.0153363179
262.0088273094  3.1415926536  0.0000000000  -0.0000000026  -0.0152627999
263.2654643708  3.1415926536  0.0000000000  -0.0000000026  -0.0151899832
264.5221014323  3.1415926536  0.0000000000  -0.0000000026  -0.0151178579
265.7787384937  3.1415926536  0.0000000000  -0.0000000026  -0.0150464140
267.0353755551  3.1415926536  0.0000000000  -0.0000000025  -0.0149756421
268.2920126166  3.1415926536  0.0000000000  -0.0000000025  -0.0149055327
269.5486496780  3.1415926536  0.0000000000  -0.0000000025  -0.0148360765
270.8052867394  3.1415926536  0.0000000000  -0.0000000025  -0.0147672644
272.0619238009  3.1415926536  0.0000000000  -0.0000000024  -0.0146990876
273.3185608623  3.1415926536  0.0000000000  -0.0000000024  -0.0146315372
274.5751979237  3.1415926536  0.0000000000  -0.0000000024  -0.0145646047
275.8318349852  3.1415926536  0.0000000000  -0.0000000024  -0.0144982817
277.0884720466  3.1415926536  0.0000000000  -0.0000000024  -0.0144325598
278.3451091081  3.1415926536  0.0000000000  -0.0000000023  -0.0143674309
279.6017461695  3.1415926536  0.0000000000  -0.0000000023  -0.0143028871
280.8583832309  3.1415926536  0.0000000000  -0.0000000023  -0.0142389204
282.1150202924  3.1415926536  0.0000000000  -0.0000000023  -0.0141755233
283.3716573538  3.1415926536  0.0000000000  -0.0000000023  -0.0141126880
284.6282944152  3.1415926536  0.0000000000  -0.0000000022  -0.0140504072
285.8849314767  3.1415926536  0.0000000000  -0.0000000022  -0.0139886736
287.1415685381  3.1415926536  0.0000000000  -0.0000000022  -0.0139274800
288.3982055995  3.1415926536  0.0000000000  -0.0000000022  -0.0138668194
289.6548426610  3.1415926536  0.0000000000  -0.0000000022  -0.0138066847
290.9114797224  3.1415926536  0.0000000000  -0.0000000021  -0.0137470692
292.1681167839  3.1415926536  0.0000000000  -0.0000000021  -0.0136879663
293.4247538453  3.1415926536  0.0000000000  -0.0000000021  -0.0136293693
294.6813909067  3.1415926536  0.0000000000  -0.0000000021  -0.0135712717
295.9380279682  3.1415926536  0.0000000000  -0.0000000021  -0.0135136672
297.1946650296  3.1415926536  0.0000000000  -0.0000000021  -0.0134565496
298.4513020910  3.1415926536  0.0000000000  -0.0000000020  -0.0133999127
299.7079391525  3.1415926536  0.0000000000  -0.0000000020  -0.0133437504
300.9645762139  3.1415926536  0.0000000000  -0.0000000020  -0.0132880569
302.2212132753  3.1415926536  0.0000000000  -0.0000000020  -0.0132328263
303.4778503368  3.1415926536  0.0000000000  -0.0000000020  -0.0131780528
304.7344873982  3.1415926536  0.0000000000  -0.0000000020  -0.0131237308
305.9911244596  3.1415926536  0.0000000000  -0.0000000019  -0.0130698547
307.2477615211  3.1415926536  0.0000000000  -0.0000000019  -0.0130164190
308.5043985825  3.1415926536  0.0000000000  -0.0000000019  -0.0129634185
309.7610356440  3.1415926536  0.0000000000  -0.0000000019  -0.0129108477
311.0176727054  3.1415926536  0.0000000000  -0.0000000019  -0.0128587015
312.2743097668  3.1415926536  0.0000000000  -0.0000000019  -0.0128069748
313.5309468283  3.1415926536  0.0000000000  -0.0000000019  -0.0127556625
314.7875838897  3.1415926536  0.0000000000  -0.0000000018  -0.0127047597
316.0442209511  3.1415926536  0.0000000000  -0.0000000018  -0.0126542614
317.3008580126  3.1415926536  0.0000000000  -0.0000000018  -0.0126041629
318.5574950740  3.1415926536  0.0000000000  -0.0000000018  -0.0125544595
319.8141321354  3.1415926536  0.0000000000  -0.0000000018  -0.0125051464
321.0707691969  3.1415926536  0.0000000000  -0.0000000018  -0.0124562192
322.3274062583  3.1415926536  0.0000000000  -0.0000000018  -0.0124076733
323.5840433197  3.1415926536  0.0000000000  -0.0000000017  -0.0123595043
324.8406803812  3.1415926536  0.0000000000  -0.0000000017  -0.0123117077
326.0973174426  3.1415926536  0.0000000000  -0.0000000017  -0.0122642794
327.3539545041  3.1415926536  0.0000000000  -0.0000000017  -0.0122172149
328.6105915655  3.1415926536  0.0000000000  -0.0000000017  -0.0121705103
329.8672286269  3.1415926536  0.0000000000  -0.0000000017  -0.0121241614
331.1238656884  3.1415926536  0.0000000000  -0.0000000017  -0.0120781640
332.3805027498  3.1415926536  0.0000000000  -0.0000000017  -0.0120325144
333.6371398112  3.1415926536  0.0000000000  -0.0000000016  -0.0119872084
334.8937768727  3.1415926536  0.0000000000  -0.0000000016  -0.0119422423
336.1504139341  3.1415926536  0.0000000000  -0.0000000016  -0.0118976122
337.4070509955  3.1415926536  0.0000000000  -0.0000000016  -0.0118533144
338.6636880570  3.1415926536  0.0000000000  -0.0000000016  -0.0118093452
339.9203251184  3.1415926536  0.0000000000  -0.0000000016  -0.0117657009
341.1769621799  3.1415926536  0.0000000000  -0.0000000016  -0.0117223780
342.4335992413  3.1415926536  0.0000000000  -0.0000000016  -0.0116793730
343.6902363027  3.1415926536  0.0000000000  -0.0000000015  -0.0116366822
344.9468733642  3.1415926536  0.0000000000  -0.0000000015  -0.0115943024
346.2035104256  3.1415926536  0.0000000000  -0.0000000015  -0.0115522301
347.4601474870  3.1415926536  0.0000000000  -0.0000000015  -0.0115104620
348.7167845485  3.1415926536  0.0000000000  -0.0000000015  -0.0114689948
349.9734216099  3.1415926536  0.0000000000  -0.0000000015  -0.0114278252
351.2300586713  3.1415926536  0.0000000000  -0.0000000015  -0.0113869501
352.4866957328  3.1415926536  0.0000000000  -0.0000000015  -0.0113463663
353.7433327942  3.1415926536  0.0000000000  -0.0000000015  -0.0113060708
354.9999698556  3.1415926536  0.0000000000  -0.0000000014  -0.0112660604
356.2566069171  3.1415926536  0.0000000000  -0.0000000014  -0.0112263322
357.5132439785  3.1415926536  0.0000000000  -0.0000000014  -0.0111868831
358.7698810400  3.1415926536  0.0000000000  -0.0000000014  -0.0111477103
360.0265181014  3.1415926536  0.0000000000  -0.0000000014  -0.0111088108
361.2831551628  3.1415926536  0.0000000000  -0.0000000014  -0.0110701818
362.5397922243  3.1415926536  0.0000000000  -0.0000000014  -0.0110318205
363.7964292857  3.1415926536  0.0000000000  -0.0000000014  -0.0109937241
365.0530663471  3.1415926536  0.0000000000  -0.0000000014  -0.0109558899
366.3097034086  3.1415926536  0.0000000000  -0.0000000014  -0.0109183151
367.5663404700  3.1415926536  0.0000000000  -0.0000000014  -0.0108809972
368.8229775314  3.1415926536  0.0000000000  -0.0000000013  -0.0108439335
370.0796145929  3.1415926536  0.0000000000  -0.0000000013  -0.0108071214
371.3362516543  3.1415926536  0.0000000000  -0.0000000013  -0.0107705583
372.5928887157  3.1415926536  0.0000000000  -0.0000000013  -0.0107342418
373.8495257772  3.1415926536  0.0000000000  -0.0000000013  -0.0106981694
375.1061628386  3.1415926536  0.0000000000  -0.0000000013  -0.0106623385
376.3627999001  3.1415926536  0.0000000000  -0.0000000013  -0.0106267468
377.6194369615  3.1415926536  0.0000000000  -0.0000000013  -0.0105913919
378.8760740229  3.1415926536  0.0000000000  -0.0000000013  -0.0105562715
380.1327110844  3.1415926536  0.0000000000  -0.0000000013  -0.0105213832
381.3893481458  3.1415926536  0.0000000000  -0.0000000013  -0.0104867247
382.6459852072  3.1415926536  0.0000000000  -0.0000000013  -0.0104522937
383.9026222687  3.1415926536  0.0000000000  -0.0000000012  -0.0104180881
385.1592593301  3.1415926536  0.0000000000  -0.0000000012  -0.0103841056
386.4158963915  3.1415926536  0.0000000000  -0.0000000012  -0.0103503441
387.6725334530  3.1415926536  0.0000000000  -0.0000000012  -0.0103168013
388.9291705144  3.1415926536  0.0000000000  -0.0000000012  -0.0102834753
390.1858075759  3.1415926536  0.0000000000  -0.0000000012  -0.0102503638
391.4424446373  3.1415926536  0.0000000000  -0.0000000012  -0.0102174648
392.6990816987  3.1415926536  0.0000000000  -0.0000000012  -0.0101847764
393.9557187602  3.1415926536  0.0000000000  -0.0000000012  -0.0101522964
395.2123558216  3.1415926536  0.0000000000  -0.0000000012  -0.0101200228
396.4689928830  3.1415926536  0.0000000000  -0.0000000012  -0.0100879538
397.7256299445  3.1415926536  0.0000000000  -0.0000000012  -0.0100560874
398.9822670059  3.1415926536  0.0000000000  -0.0000000012  -0.0100244216
400.2389040673  3.1415926536  0.0000000000  -0.0000000011  -0.0099929546
401.4955411288  3.1415926536  0.0000000000  -0.0000000011  -0.0099616846
402.7521781902  3.1415926536  0.0000000000  -0.0000000011  -0.0099306096
404.0088152516  3.1415926536  0.0000000000  -0.0000000011  -0.0098997278
405.2654523131  3.1415926536  0.0000000000  -0.0000000011  -0.0098690375
406.5220893745  3.1415926536  0.0000000000  -0.0000000011  -0.0098385369
407.7787264360  3.1415926536  0.0000000000  -0.0000000011  -0.0098082242
409.0353634974  3.1415926536  0.0000000000  -0.0000000011  -0.0097780977
410.2920005588  3.1415926536  0.0000000000  -0.0000000011  -0.0097481557
411.5486376203  3.1415926536  0.0000000000  -0.0000000011  -0.0097183965
412.8052746817  3.1415926536  0.0000000000  -0.0000000011  -0.0096888184
414.0619117431  3.1415926536  0.0000000000  -0.0000000011  -0.0096594198
415.3185488046  3.1415926536  0.0000000000  -0.0000000011  -0.0096301990
416.5751858660  3.1415926536  0.0000000000  -0.0000000011  -0.0096011545
417.8318229274  3.1415926536  0.0000000000  -0.0000000011  -0.0095722846
419.0884599889  3.1415926536  0.0000000000  -0.0000000010  -0.0095435878
420.3450970503  3.1415926536  0.0000000000  -0.0000000010  -0.0095150626
421.6017341118  3.1415926536  0.0000000000  -0.0000000010  -0.0094867073
422.8583711732  3.1415926536  0.0000000000  -0.0000000010  -0.0094585205
424.1150082346  3.1415926536  0.0000000000  -0.0000000010  -0.0094305007
425.3716452961  3.1415926536  0.0000000000  -0.0000000010  -0.0094026464
426.6282823575  3.1415926536  0.0000000000  -0.0000000010  -0.0093749562
427.8849194189  3.1415926536  0.0000000000  -0.0000000010  -0.0093474285
429.1415564804  3.1415926536  0.0000000000  -0.0000000010  -0.0093200620
430.3981935418  3.1415926536  0.0000000000  -0.0000000010  -0.0092928553
431.6548306032  3.1415926536  0.0000000000  -0.0000000010  -0.0092658069
432.9114676647  3.1415926536  0.0000000000  -0.0000000010  -0.0092389156
434.1681047261  3.1415926536  0.0000000000  -0.0000000010  -0.0092121798
435.4247417875  3.1415926536  0.0000000000  -0.0000000010  -0.0091855983
436.6813788490  3.1415926536  0.0000000000  -0.0000000010  -0.0091591698
437.9380159104  3.1415926536  0.0000000000  -0.0000000010  -0.0091328929
439.1946529719  3.1415926536  0.0000000000  -0.0000000010  -0.0091067663
440.4512900333  3.1415926536  0.0000000000  -0.0000000009  -0.0090807888
441.7079270947  3.1415926536  0.0000000000  -0.0000000009  -0.0090549590
442.9645641562  3.1415926536  0.0000000000  -0.0000000009  -0.0090292758
444.2212012176  3.1415926536  0.0000000000  -0.0000000009  -0.0090037378
445.4778382790  3.1415926536  0.0000000000  -0.0000000009  -0.0089783438
446.7344753405  3.1415926536  0.0000000000  -0.0000000009  -0.0089530927
447.9911124019  3.1415926536  0.0000000000  -0.0000000009  -0.0089279832
449.2477494633  3.1415926536  0.0000000000  -0.0000000009  -0.0089030142
450.5043865248  3.1415926536  0.0000000000  -0.0000000009  -0.0088781844
451.7610235862  3.1415926536  0.0000000000  -0.0000000009  -0.0088534927
453.0176606476  3.1415926536  0.0000000000  -0.0000000009  -0.0088289380
454.2742977091  3.1415926536  0.0000000000  -0.0000000009  -0.0088045190
455.5309347705  3.1415926536  0.0000000000  -0.0000000009  -0.0087802348
456.7875718320  3.1415926536  0.0000000000  -0.0000000009  -0.0087560841
458.0442088934  3.1415926536  0.0000000000  -0.0000000009  -0.0087320660
459.3008459548  3.1415926536  0.0000000000  -0.0000000009  -0.0087081792
460.5574830163  3.1415926536  0.0000000000  -0.0000000009  -0.0086844227
461.8141200777  3.1415926536  0.0000000000  -0.0000000009  -0.0086607955
463.0707571391  3.1415926536  0.0000000000  -0.0000000009  -0.0086372965
464.3273942006  3.1415926536  0.0000000000  -0.0000000009  -0.0086139246
465.5840312620  3.1415926536  0.0000000000  -0.0000000008  -0.0085906789
466.8406683234  3.1415926536  0.0000000000  -0.0000000008  -0.0085675583
468.0973053849  3.1415926536  0.0000000000  -0.0000000008  -0.0085445618
469.3539424463  3.1415926536  0.0000000000  -0.0000000008  -0.0085216885
470.6105795078  3.1415926536  0.0000000000  -0.0000000008  -0.0084989372
471.8672165692  3.1415926536  0.0000000000  -0.0000000008  -0.0084763071
473.1238536306  3.1415926536  0.0000000000  -0.0000000008  -0.0084537972
474.3804906921  3.1415926536  0.0000000000  -0.0000000008  -0.0084314065
475.6371277535  3.1415926536  0.0000000000  -0.0000000008  -0.0084091341
476.8937648149  3.1415926536  0.0000000000  -0.0000000008  -0.0083869791
478.1504018764  3.1415926536  0.0000000000  -0.0000000008  -0.0083649404
479.4070389378  3.1415926536  0.0000000000  -0.0000000008  -0.0083430173
480.6636759992  3.1415926536  0.0000000000  -0.0000000008  -0.0083212088
481.9203130607  3.1415926536  0.0000000000  -0.0000000008  -0.0082995140
483.1769501221  3.1415926536  0.0000000000  -0.0000000008  -0.0082779320
484.4335871835  3.1415926536  0.0000000000  -0.0000000008  -0.0082564620
485.6902242450  3.1415926536  0.0000000000  -0.0000000008  -0.0082351030
486.9468613064  3.1415926536  0.0000000000  -0.0000000008  -0.0082138543
488.2034983679  3.1415926536  0.0000000000  -0.0000000008  -0.0081927149
489.4601354293  3.1415926536  0.0000000000  -0.0000000008  -0.0081716840
490.7167724907  3.1415926536  0.0000000000  -0.0000000008  -0.0081507609
491.9734095522  3.1415926536  0.0000000000  -0.0000000008  -0.0081299446
493.2300466136  3.1415926536  0.0000000000  -0.0000000008  -0.0081092343
494.4866836750  3.1415926536  0.0000000000  -0.0000000008  -0.0080886293
495.7433207365  3.1415926536  0.0000000000  -0.0000000007  -0.0080681287
496.9999577979  3.1415926536  0.0000000000  -0.0000000007  -0.0080477318
498.2565948593  3.1415926536  0.0000000000  -0.0000000007  -0.0080274377
499.5132319208  3.1415926536  0.0000000000  -0.0000000007  -0.0080072457
500.7698689822  3.1415926536  0.0000000000  -0.0000000007  -0.0079871550
502.0265060436  3.1415926536  0.0000000000  -0.0000000007  -0.0079671649
503.2831431051  3.1415926536  0.0000000000  -0.0000000007  -0.0079472746
504.5397801665  3.1415926536  0.0000000000  -0.0000000007  -0.0079274834
505.7964172280  3.1415926536  0.0000000000  -0.0000000007  -0.0079077905
507.0530542894  3.1415926536  0.0000000000  -0.0000000007  -0.0078881951
508.3096913508  3.1415926536  0.0000000000  -0.0000000007  -0.0078686967
509.5663284123  3.1415926536  0.0000000000  -0.0000000007  -0.0078492944
510.8229654737  3.1415926536  0.0000000000  -0.0000000007  -0.0078299875
512.0796025351  3.1415926536  0.0000000000  -0.0000000007  -0.0078107754
513.3362395966  3.1415926536  0.0000000000  -0.0000000007  -0.0077916573
514.5928766580  3.1415926536  0.0000000000  -0.0000000007  -0.0077726325
515.8495137194  3.1415926536  0.0000000000  -0.0000000007  -0.0077537005
517.1061507809  3.1415926536  0.0000000000  -0.0000000007  -0.0077348604
518.3627878423  3.1415926536  0.0000000000  -0.0000000007  -0.0077161117
519.6194249038  3.1415926536  0.0000000000  -0.0000000007  -0.0076974536
520.8760619652  3.1415926536  0.0000000000  -0.0000000007  -0.0076788855
522.1326990266  3.1415926536  0.0000000000  -0.0000000007  -0.0076604068
523.3893360881  3.1415926536  0.0000000000  -0.0000000007  -0.0076420168
524.6459731495  3.1415926536  0.0000000000  -0.0000000007  -0.0076237149
525.9026102109  3.1415926536  0.0000000000  -0.0000000007  -0.0076055005
527.1592472724  3.1415926536  0.0000000000  -0.0000000007  -0.0075873728
528.4158843338  3.1415926536  0.0000000000  -0.0000000007  -0.0075693314
529.6725213952  3.1415926536  0.0000000000  -0.0000000007  -0.0075513756
530.9291584567  3.1415926536  0.0000000000  -0.0000000007  -0.0075335047
532.1857955181  3.1415926536  0.0000000000  -0.0000000007  -0.0075157182
533.4424325795  3.1415926536  0.0000000000  -0.0000000006  -0.0074980155
534.6990696410  3.1415926536  0.0000000000  -0.0000000006  -0.0074803960
535.9557067024  3.1415926536  0.0000000000  -0.0000000006  -0.0074628591
537.2123437639  3.1415926536  0.0000000000  -0.0000000006  -0.0074454042
538.4689808253  3.1415926536  0.0000000000  -0.0000000006  -0.0074280308
539.7256178867  3.1415926536  0.0000000000  -0.0000000006  -0.0074107383
540.9822549482  3.1415926536  0.0000000000  -0.0000000006  -0.0073935261
542.2388920096  3.1415926536  0.0000000000  -0.0000000006  -0.0073763937
543.4955290710  3.1415926536  0.0000000000  -0.0000000006  -0.0073593404
544.7521661325  3.1415926536  0.0000000000  -0.0000000006  -0.0073423659
546.0088031939  3.1415926536  0.0000000000  -0.0000000006  -0.0073254694
547.2654402553  3.1415926536  0.0000000000  -0.0000000006  -0.0073086506
548.5220773168  3.1415926536  0.0000000000  -0.0000000006  -0.0072919087
549.7787143782  3.1415926536  0.0000000000  -0.0000000006  -0.0072752434
551.0353514396  3.1415926536  0.0000000000  -0.0000000006  -0.0072586542
552.2919885011  3.1415926536  0.0000000000  -0.0000000006  -0.0072421403
553.5486255625  3.1415926536  0.0000000000  -0.0000000006  -0.0072257015
554.8052626240  3.1415926536  0.0000000000  -0.0000000006  -0.0072093371
556.0618996854  3.1415926536  0.0000000000  -0.0000000006  -0.0071930466
557.3185367468  3.1415926536  0.0000000000  -0.0000000006  -0.0071768296
558.5751738083  3.1415926536  0.0000000000  -0.0000000006  -0.0071606856
559.8318108697  3.1415926536  0.0000000000  -0.0000000006  -0.0071446140
561.0884479311  3.1415926536  0.0000000000  -0.0000000006  -0.0071286144
562.3450849926  3.1415926536  0.0000000000  -0.0000000006  -0.0071126863
563.6017220540  3.1415926536  0.0000000000  -0.0000000006  -0.0070968292
564.8583591154  3.1415926536  0.0000000000  -0.0000000006  -0.0070810427
566.1149961769  3.1415926536  0.0000000000  -0.0000000006  -0.0070653262
567.3716332383  3.1415926536  0.0000000000  -0.0000000006  -0.0070496794
568.6282702998  3.1415926536  0.0000000000  -0.0000000006  -0.0070341016
569.8849073612  3.1415926536  0.0000000000  -0.0000000006  -0.0070185926
571.1415444226  3.1415926536  0.0000000000  -0.0000000006  -0.0070031518
572.3981814841  3.1415926536  0.0000000000  -0.0000000006  -0.0069877788
573.6548185455  3.1415926536  0.0000000000  -0.0000000006  -0.0069724731
574.9114556069  3.1415926536  0.0000000000  -0.0000000006  -0.0069572344
576.1680926684  3.1415926536  0.0000000000  -0.0000000006  -0.0069420621
577.4247297298  3.1415926536  0.0000000000  -0.0000000006  -0.0069269558
578.6813667912  3.1415926536  0.0000000000  -0.0000000006  -0.0069119151
579.9380038527  3.1415926536  0.0000000000  -0.0000000005  -0.0068969396
581.1946409141  3.1415926536  0.0000000000  -0.0000000005  -0.0068820288
582.4512779755  3.1415926536  0.0000000000  -0.0000000005  -0.0068671824
583.7079150370  3.1415926536  0.0000000000  -0.0000000005  -0.0068523999
584.9645520984  3.1415926536  0.0000000000  -0.0000000005  -0.0068376809
586.2211891599  3.1415926536  0.0000000000  -0.0000000005  -0.0068230250
587.4778262213  3.1415926536  0.0000000000  -0.0000000005  -0.0068084317
588.7344632827  3.1415926536  0.0000000000  -0.0000000005  -0.0067939008
589.9911003442  3.1415926536  0.0000000000  -0.0000000005  -0.0067794317
591.2477374056  3.1415926536  0.0000000000  -0.0000000005  -0.0067650242
592.5043744670  3.1415926536  0.0000000000  -0.0000000005  -0.0067506777
593.7610115285  3.1415926536  0.0000000000  -0.0000000005  -0.0067363920
595.0176485899  3.1415926536  0.0000000000  -0.0000000005  -0.0067221666
596.2742856513  3.1415926536  0.0000000000  -0.0000000005  -0.0067080012
597.5309227128  3.1415926536  0.0000000000  -0.0000000005  -0.0066938953
598.7875597742  3.1415926536  0.0000000000  -0.0000000005  -0.0066798486
600.0441968357  3.1415926536  0.0000000000  -0.0000000005  -0.0066658607
601.3008338971  3.1415926536  0.0000000000  -0.0000000005  -0.0066519313
602.5574709585  3.1415926536  0.0000000000  -0.0000000005  -0.0066380600
603.8141080200  3.1415926536  0.0000000000  -0.0000000005  -0.0066242465
605.0707450814  3.1415926536  0.0000000000  -0.0000000005  -0.0066104903
606.3273821428  3.1415926536  0.0000000000  -0.0000000005  -0.0065967911
607.5840192043  3.1415926536  0.0000000000  -0.0000000005  -0.0065831485
608.8406562657  3.1415926536  0.0000000000  -0.0000000005  -0.0065695623
610.0972933271  3.1415926536  0.0000000000  -0.0000000005  -0.0065560320
611.3539303886  3.1415926536  0.0000000000  -0.0000000005  -0.0065425574
612.6105674500  3.1415926536  0.0000000000  -0.0000000005  -0.0065291380
613.8672045114  3.1415926536  0.0000000000  -0.0000000005  -0.0065157735
615.1238415729  3.1415926536  0.0000000000  -0.0000000005  -0.0065024637
616.3804786343  3.1415926536  0.0000000000  -0.0000000005  -0.0064892081
617.6371156958  3.1415926536  0.0000000000  -0.0000000005  -0.0064760064
618.8937527572  3.1415926536  0.0000000000  -0.0000000005  -0.0064628584
620.1503898186  3.1415926536  0.0000000000  -0.0000000005  -0.0064497636
621.4070268801  3.1415926536  0.0000000000  -0.0000000005  -0.0064367218
622.6636639415  3.1415926536  0.0000000000  -0.0000000005  -0.0064237326
623.9203010029  3.1415926536  0.0000000000  -0.0000000005  -0.0064107957
625.1769380644  3.1415926536  0.0000000000  -0.0000000005  -0.0063979109
626.4335751258  3.1415926536  0.0000000000  -0.0000000005  -0.0063850777
627.6902121872  3.1415926536  0.0000000000  -0.0000000005  -0.0063722959
628.9468492487  3.1415926536  0.0000000000  0.0000000000  0.0000000000
-627.6902121872  3.1415926536  3.1415926536  0.0000000000  0.0000000000
-626.4335751258  3.1415926536  3.1415926536  0.0000000000  0.0000000000
-625.1769380644  3.1415926536  3.1415926536  0.0000000000  0.0000000000
-623.9203010029  3.1415926536  3.1415926536  0.0000000000  0.0000000000
-622.6636639415  3.1415926536  3.1415926536  0.0000000000  0.0000000000
-621.4070268801  3.1415926536  3.1415926536  0.0000000000  0.0000000000
-620.1503898186  3.1415926536  3.1415926536  0.0000000000  0.0000000000
-618.8937527572  3.1415926536  3.1415926536  0.0000000000  0.0000000000
-617.6371156958  3.1415926536  3.1415926536  0.0000000000  0.0000000000
-616.3804786343  3.1415926536  3.1415926536  0.0000000000  0.0000000000
-615.1238415729  3.1415926536  3.1415926536  0.0000000000  0.0000000000
-613.8672045114  3.1415926536  3.1415926536  0.0000000000  0.0000000000
-612.6105674500  3.1415926536  3.1415926536  0.0000000000  0.0000000000
-611.3539303886  3.1415926536  3.1415926536  0.0000000000  0.0000000000
-610.0972933271  3.1415926536  3.1415926536  0.0000000000  0.0000000000
-608.8406562657  3.1415926536  3.1415926536  0.0000000000  0.0000000000
-607.5840192043  3.1415926536  3.1415926536  0.0000000000  0.0000000000
-606.3273821428  3.1415926536  3.1415926536  0.0000000000  0.0000000000
-605.0707450814  3.1415926536  3.1415926536  0.0000000000  0.0000000000
-603.8141080200  3.1415926536  3.1415926536  0.0000000000  0.0000000000
-602.5574709585  3.1415926536  3.1415926536  0.0000000000  0.0000000000
-601.3008338971  3.1415926536  3.1415926536  0.0000000000  0.0000000000
-600.0441968357  3.1415926536  3.1415926536  0.0000000000  0.0000000000
-598.7875597742  3.1415926536  3.1415926536  0.0000000000  0.0000000000
-597.5309227128  3.1415926536  3.1415926536  0.0000000000  0.0000000000
-596.2742856513  3.1415926536  3.1415926536  0.0000000000  0.0000000000
-595.0176485899  3.1415926536  3.1415926536  0.0000000000  0.0000000000
-593.7610115285  3.1415926536  3.1415926536  0.0000000000  0.0000000000
-592.5043744670  3.1415926536  3.1415926536  0.0000000000  0.0000000000
-591.2477374056  3.1415926536  3.1415926536  0.0000000000  0.0000000000
-589.9911003442  3.1415926536  3.1415926536  0.0000000000  0.0000000000
-588.7344632827  3.1415926536  3.1415926536  0.0000000000  0.0000000000
-587.4778262213  3.1415926536  3.1415926536  0.0000000000  0.0000000000
-586.2211891599  3.1415926536  3.1415926536  0.0000000000  0.0000000000
-584.9645520984  3.1415926536  3.1415926536  0.0000000000  0.0000000000
-583.7079150370  3.1415926536  3.1415926536  0.0000000000  0.0000000000
-582.4512779755  3.1415926536  3.1415926536  0.0000000000  0.0000000000
-581.1946409141  3.1415926536  3.1415926536  0.0000000000  0.0000000000
-579.9380038527  3.1415926536  3.1415926536  0.0000000000  0.0000000000
-578.6813667912  3.1415926536  3.1415926536  0.0000000000  0.0000000000
-577.4247297298  3.1415926536  3.1415926536  0.0000000000  0.0000000000
-576.1680926684  3.1415926536  3.1415926536  0.0000000000  0.0000000000
-574.9114556069  3.1415926536  3.1415926536  0.0000000000  0.0000000000
-573.6548185455  3.1415926536  3.1415926536  0.0000000000  0.0000000000
-572.3981814841  3.1415926536  3.1415926536  0.0000000000  0.0000000000
-571.1415444226  3.1415926536  3.1415926536  0.0000000000  0.0000000000
-569.8849073612  3.1415926536  3.1415926536  0.0000000000  0.0000000000
-568.6282702998  3.1415926536  3.1415926536  0.0000000000  0.0000000000
-567.3716332383  3.1415926536  3.1415926536  0.0000000000  0.0000000000
-566.1149961769  3.1415926536  3.1415926536  0.0000000000  0.0000000000
-564.8583591154  3.1415926536  3.1415926536  0.0000000000  0.0000000000
-563.6017220540  3.1415926536  3.1415926536  0.0000000000  0.0000000000
-562.3450849926  3.1415926536  3.1415926536  0.0000000000  0.0000000000
-561.0884479311  3.1415926536  3.1415926536  0.0000000000  0.0000000000
-559.8318108697  3.1415926536  3.1415926536  0.0000000000  0.0000000000
-558.5751738083  3.1415926536  3.1415926536  0.0000000000  0.0000000000
-557.3185367468  3.1415926536  3.1415926536  0.0000000000  0.0000000000
-556.0618996854  3.1415926536  3.1415926536  0.0000000000  0.0000000000
-554.8052626240  3.1415926536  3.1415926536  0.0000000000  0.0000000000
-553.5486255625  3.1415926536  3.1415926536  0.0000000000  0.0000000000
-552.2919885011  3.1415926536  3.1415926536  0.0000000000  0.0000000000
-551.0353514396  3.1415926536  3.1415926536  0.0000000000  0.0000000000
-549.7787143782  3.1415926536  3.1415926536  0.0000000000  0.0000000000
-548.5220773168  3.1415926536  3.1415926536  0.0000000000  0.0000000000
-547.2654402553  3.1415926536  3.1415926536  0.0000000000  0.0000000000
-546.0088031939  3.1415926536  3.1415926536  0.0000000000  0.0000000000
-544.7521661325  3.1415926536  3.1415926536  0.0000000000  0.0000000000
-543.4955290710  3.1415926536  3.1415926536  0.0000000000  0.0000000000
-542.2388920096  3.1415926536  3.1415926536  0.0000000000  0.0000000000
-540.9822549482  3.1415926536  3.1415926536  0.0000000000  0.0000000000
-539.7256178867  3.1415926536  3.1415926536  0.0000000000  0.0000000000
-538.4689808253  3.1415926536  3.1415926536  0.0000000000  0.0000000000
-537.2123437639  3.1415926536  3.1415926536  0.0000000000  0.0000000000
-535.9557067024  3.1415926536  3.1415926536  0.0000000000  0.0000000000
-534.6990696410  3.1415926536  3.1415926536  0.0000000000  0.0000000000
-533.4424325795  3.1415926536  3.1415926536  0.0000000000  0.0000000000
-532.1857955181  3.1415926536  3.1415926536  0.0000000000  0.0000000000
-530.9291584567  3.1415926536  3.1415926536  0.0000000000  0.0000000000
-529.6725213952  3.1415926536  3.1415926536  0.0000000000  0.0000000000
-528.4158843338  3.1415926536  3.1415926536  0.0000000000  0.0000000000
-527.1592472724  3.1415926536  3.1415926536  0.0000000000  0.0000000000
-525.9026102109  3.1415926536  3.1415926536  0.0000000000  0.0000000000
-524.6459731495  3.1415926536  3.1415926536  0.0000000000  0.0000000000
-523.3893360881  3.1415926536  3.1415926536  0.0000000000  0.0000000000
-522.1326990266  3.1415926536  3.1415926536  0.0000000000  0.0000000000
-520.8760619652  3.1415926536  3.1415926536  0.0000000000  0.0000000000
-519.6194249038  3.1415926536  3.1415926536  0.0000000000  0.0000000000
-518.3627878423  3.1415926536  3.1415926536  0.0000000000  0.0000000000
-517.1061507809  3.1415926536  3.1415926536  0.0000000000  0.0000000000
-515.8495137194  3.1415926536  3.1415926536  0.0000000000  0.0000000000
-514.5928766580  3.1415926536  3.1415926536  0.0000000000  0.0000000000
-513.3362395966  3.1415926536  3.1415926536  0.0000000000  0.0000000000
-512.0796025351  3.1415926536  3.1415926536  0.0000000000  0.0000000000
-510.8229654737  3.1415926536  3.1415926536  0.0000000000  0.0000000000
-509.5663284123  3.1415926536  3.1415926536  0.0000000000  0.0000000000
-508.3096913508  3.1415926536  3.1415926536  0.0000000000  0.0000000000
-507.0530542894  3.1415926536  3.1415926536  0.0000000000  0.0000000000
-505.7964172280  3.1415926536  3.1415926536  0.0000000000  0.0000000000
-504.5397801665  3.1415926536  3.1415926536  0.0000000000  0.0000000000
-503.2831431051  3.1415926536  3.1415926536  0.0000000000  0.0000000000
-502.0265060436  3.1415926536  3.1415926536  0.0000000000  0.0000000000
-500.7698689822  3.1415926536  3.1415926536  0.0000000000  0.0000000000
-499.5132319208  3.1415926536  3.1415926536  0.0000000000  0.0000000000
-498.2565948593  3.1415926536  3.1415926536  0.0000000000  0.0000000000
-496.9999577979  3.1415926536  3.1415926536  0.0000000000  0.0000000000
-495.7433207365  3.1415926536  3.1415926536  0.0000000000  0.0000000000
-494.4866836750  3.1415926536  3.1415926536  0.0000000000  0.0000000000
-493.2300466136  3.1415926536  3.1415926536  0.0000000000  0.0000000000
-491.9734095522  3.1415926536  3.1415926536  0.0000000000  0.0000000000
-490.7167724907  3.1415926536  3.1415926536  0.0000000000  0.0000000000
-489.4601354293  3.1415926536  3.1415926536  0.0000000000  0.0000000000
-488.2034983679  3.1415926536  3.1415926536  0.0000000000  0.0000000000
-486.9468613064  3.1415926536  3.1415926536  0.0000000000  0.0000000000
-485.6902242450  3.1415926536  3.1415926536  0.0000000000  0.0000000000
-484.4335871835  3.1415926536  3.1415926536  0.0000000000  0.0000000000
-483.1769501221  3.1415926536  3.1415926536  0.0000000000  0.0000000000
-481.9203130607  3.1415926536  3.1415926536  0.0000000000  0.0000000000
-480.6636759992  3.1415926536  3.1415926536  0.0000000000  0.0000000000
-479.4070389378  3.1415926536  3.1415926536  0.0000000000  0.0000000000
-478.1504018764  3.1415926536  3.1415926536  0.0000000000  0.0000000000
-476.8937648149  3.1415926536  3.1415926536  0.0000000000  0.0000000000
-475.6371277535  3.1415926536  3.1415926536  0.0000000000  0.0000000000
-474.3804906921  3.1415926536  3.1415926536  0.0000000000  0.0000000000
-473.1238536306  3.1415926536  3.1415926536  0.0000000000  0.0000000000
-471.8672165692  3.1415926536  3.1415926536  0.0000000000  0.0000000000
-470.6105795078  3.1415926536  3.1415926536  0.0000000000  0.0000000000
-469.3539424463  3.1415926536  3.1415926536  0.0000000000  0.0000000000
-468.0973053849  3.1415926536  3.1415926536  0.0000000000  0.0000000000
-466.8406683234  3.1415926536  3.1415926536  0.0000000000  0.0000000000
-465.5840312620  3.1415926536  3.1415926536  0.0000000000  0.0000000000
-464.3273942006  3.1415926536  3.1415926536  0.0000000000  0.0000000000
-463.0707571391  3.1415926536  3.1415926536  0.0000000000  0.0000000000
-461.8141200777  3.1415926536  3.1415926536  0.0000000000  0.0000000000
-460.5574830163  3.1415926536  3.1415926536  0.0000000000  0.0000000000
-459.3008459548  3.1415926536  3.1415926536  0.0000000000  0.0000000000
-458.0442088934  3.1415926536  3.1415926536  0.0000000000  0.0000000000
-456.7875718320  3.1415926536  3.1415926536  0.0000000000  0.0000000000
-455.5309347705  3.1415926536  3.1415926536  0.0000000000  0.0000000000
-454.2742977091  3.1415926536  3.1415926536  0.0000000000  0.0000000000
-453.0176606476  3.1415926536  3.1415926536  0.0000000000  0.0000000000
-451.7610235862  3.1415926536  3.1415926536  0.0000000000  0.0000000000
-450.5043865248  3.1415926536  3.1415926536  0.0000000000  0.0000000000
-449.2477494633  3.1415926536  3.1415926536  0.0000000000  0.0000000000
-447.9911124019  3.1415926536  3.1415926536  0.0000000000  0.0000000000
-446.7344753405  3.1415926536  3.1415926536  0.0000000000  0.0000000000
-445.4778382790  3.1415926536  3.1415926536  0.0000000000  0.0000000000
-444.2212012176  3.1415926536  3.1415926536  0.0000000000  0.0000000000
-442.9645641562  3.1415926536  3.1415926536  0.0000000000  0.0000000000
-441.7079270947  3.1415926536  3.1415926536  0.0000000000  0.0000000000
-440.4512900333  3.1415926536  3.1415926536  0.0000000000  0.0000000000
-439.1946529719  3.1415926536  3.1415926536  0.0000000000  0.0000000000
-437.9380159104  3.1415926536  3.1415926536  0.0000000000  0.0000000000
-436.6813788490  3.1415926536  3.1415926536  0.0000000000  0.0000000000
-435.4247417875  3.1415926536  3.1415926536  0.0000000000  0.0000000000
-434.1681047261  3.1415926536  3.1415926536  0.0000000000  0.0000000000
-432.9114676647  3.1415926536  3.1415926536  0.0000000000  0.0000000000
-431.6548306032  3.1415926536  3.1415926536  0.0000000000  0.0000000000
-430.3981935418  3.1415926536  3.1415926536  0.0000000000  0.0000000000
-429.1415564804  3.1415926536  3.1415926536  0.0000000000  0.0000000000
-427.8849194189  3.1415926536  3.1415926536  0.0000000000  0.0000000000
-426.6282823575  3.1415926536  3.1415926536  0.0000000000  0.0000000000
-425.3716452961  3.1415926536  3.1415926536  0.0000000000  0.0000000000
-424.1150082346  3.1415926536  3.1415926536  0.0000000000  0.0000000000
-422.8583711732  3.1415926536  3.1415926536  0.0000000000  0.0000000000
-421.6017341118  3.1415926536  3.1415926536  0.0000000000  0.0000000000
-420.3450970503  3.1415926536  3.1415926536  0.0000000000  0.0000000000
-419.0884599889  3.1415926536  3.1415926536  0.0000000000  0.0000000000
-417.8318229274  3.1415926536  3.1415926536  0.0000000000  0.0000000000
-416.5751858660  3.1415926536  3.1415926536  0.0000000000  0.0000000000
-415.3185488046  3.1415926536  3.1415926536  0.0000000000  0.0000000000
-414.0619117431  3.1415926536  3.1415926536  0.0000000000  0.0000000000
-412.8052746817  3.1415926536  3.1415926536  0.0000000000  0.0000000000
-411.5486376203  3.1415926536  3.1415926536  0.0000000000  0.0000000000
-410.2920005588  3.1415926536  3.1415926536  0.0000000000  0.0000000000
-409.0353634974  3.1415926536  3.1415926536  0.0000000000  0.0000000000
-407.7787264360  3.1415926536  3.1415926536  0.0000000000  0.0000000000
-406.5220893745  3.1415926536  3.1415926536  0.0000000000  0.0000000000
-405.2654523131  3.1415926536  3.1415926536  0.0000000000  0.0000000000
-404.0088152516  3.1415926536  3.1415926536  0.0000000000  0.0000000000
-402.7521781902  3.1415926536  3.1415926536  0.0000000000  0.0000000000
-401.4955411288  3.1415926536  3.1415926536  0.0000000000  0.0000000000
-400.2389040673  3.1415926536  3.1415926536  0.0000000000  0.0000000000
-398.9822670059  3.1415926536  3.1415926536  0.0000000000  0.0000000000
-397.7256299445  3.1415926536  3.1415926536  0.0000000000  0.0000000000
-396.4689928830  3.1415926536  3.1415926536  0.0000000000  0.0000000000
-395.2123558216  3.1415926536  3.1415926536  0.0000000000  0.0000000000
-393.9557187602  3.1415926536  3.1415926536  0.0000000000  0.0000000000
-392.6990816987  3.1415926536  3.1415926536  0.0000000000  0.0000000000
-391.4424446373  3.1415926536  3.1415926536  0.0000000000  0.0000000000
-390.1858075759  3.1415926536  3.1415926536  0.0000000000  0.0000000000
-388.9291705144  3.1415926536  3.1415926536  0.0000000000  0.0000000000
-387.6725334530  3.1415926536  3.1415926536  0.0000000000  0.0000000000
-386.4158963915  3.1415926536  3.1415926536  0.0000000000  0.0000000000
-385.1592593301  3.1415926536  3.1415926536  0.0000000000  0.0000000000
-383.9026222687  3.1415926536  3.1415926536  0.0000000000  0.0000000000
-382.6459852072  3.1415926536  3.1415926536  0.0000000000  0.0000000000
-381.3893481458  3.1415926536  3.1415926536  0.0000000000  0.0000000000
-380.1327110844  3.1415926536  3.1415926536  0.0000000000  0.0000000000
-378.8760740229  3.1415926536  3.1415926536  0.0000000000  0.0000000000
-377.6194369615  3.1415926536  3.1415926536  0.0000000000  0.0000000000
-376.3627999001  3.1415926536  3.1415926536  0.0000000000  0.0000000000
-375.1061628386  3.1415926536  3.1415926536  0.0000000000  0.0000000000
-373.8495257772  3.1415926536  3.1415926536  0.0000000000  0.0000000000
-372.5928887157  3.1415926536  3.1415926536  0.0000000000  0.0000000000
-371.3362516543  3.1415926536  3.1415926536  0.0000000000  0.0000000000
-370.0796145929  3.1415926536  3.1415926536  0.0000000000  0.0000000000
-368.8229775314  3.1415926536  3.1415926536  0.0000000000  0.0000000000
-367.5663404700  3.1415926536  3.1415926536  0.0000000000  0.0000000000
-366.3097034086  3.1415926536  3.1415926536  0.0000000000  0.0000000000
-365.0530663471  3.1415926536  3.1415926536  0.0000000000  0.0000000000
-363.7964292857  3.1415926536  3.1415926536  0.0000000000  0.0000000000
-362.5397922243  3.1415926536  3.1415926536  0.0000000000  0.0000000000
-361.2831551628  3.1415926536  3.1415926536  0.0000000000  0.0000000000
-360.0265181014  3.1415926536  3.1415926536  0.0000000000  0.0000000000
-358.7698810400  3.1415926536  3.1415926536  0.0000000000  0.0000000000
-357.5132439785  3.1415926536  3.1415926536  0.0000000000  0.0000000000
-356.2566069171  3.1415926536  3.1415926536  0.0000000000  0.0000000000
-354.9999698556  3.1415926536  3.1415926536  0.0000000000  0.0000000000
-353.7433327942  3.1415926536  3.1415926536  0.0000000000  0.0000000000
-352.4866957328  3.1415926536  3.1415926536  0.0000000000  0.0000000000
-351.2300586713  3.1415926536  3.1415926536  0.0000000000  0.0000000000
-349.9734216099  3.1415926536  3.1415926536  0.0000000000  0.0000000000
-348.7167845485  3.1415926536  3.1415926536  0.0000000000  0.0000000000
-347.4601474870  3.1415926536  3.1415926536  0.0000000000  0.0000000000
-346.2035104256  3.1415926536  3.1415926536  0.0000000000  0.0000000000
-344.9468733642  3.1415926536  3.1415926536  0.0000000000  0.0000000000
-343.6902363027  3.1415926536  3.1415926536  0.0000000000  0.0000000000
-342.4335992413  3.1415926536  3.1415926536  0.0000000000  0.0000000000
-341.1769621799  3.1415926536  3.1415926536  0.0000000000  0.0000000000
-339.9203251184  3.1415926536  3.1415926536  0.0000000000  0.0000000000
-338.6636880570  3.1415926536  3.1415926536  0.0000000000  0.0000000000
-337.4070509955  3.1415926536  3.1415926536  0.0000000000  0.0000000000
-336.1504139341  3.1415926536  3.1415926536  0.0000000000  0.0000000000
-334.8937768727  3.1415926536  3.1415926536  0.0000000000  0.0000000000
-333.6371398112  3.1415926536  3.1415926536  0.0000000000  0.0000000000
-332.3805027498  3.1415926536  3.1415926536  0.0000000000  0.0000000000
-331.1238656884  3.1415926536  3.1415926536  0.0000000000  0.0000000000
-329.8672286269  3.1415926536  3.1415926536  0.0000000000  0.0000000000
-328.6105915655  3.1415926536  3.1415926536  0.0000000000  0.0000000000
-327.3539545041  3.1415926536  3.1415926536  0.0000000000  0.0000000000
-326.0973174426  3.1415926536  3.1415926536  0.0000000000  0.0000000000
-324.8406803812  3.1415926536  3.1415926536  0.0000000000  0.0000000000
-323.5840433197  3.1415926536  3.1415926536  0.0000000000  0.0000000000
-322.3274062583  3.1415926536  3.1415926536  0.0000000000  0.0000000000
-321.0707691969  3.1415926536  3.1415926536  0.0000000000  0.0000000000
-319.8141321354  3.1415926536  3.1415926536  0.0000000000  0.0000000000
-318.5574950740  3.1415926536  3.1415926536  0.0000000000  0.0000000000
-317.3008580126  3.1415926536  3.1415926536  0.0000000000  0.0000000000
-316.0442209511  3.1415926536  3.1415926536  0.0000000000  0.0000000000
-314.7875838897  3.1415926536  3.1415926536  0.0000000000  0.0000000000
-313.5309468283  3.1415926536  3.1415926536  0.0000000000  0.0000000000
-312.2743097668  3.1415926536  3.1415926536  0.0000000000  0.0000000000
-311.0176727054  3.1415926536  3.1415926536  0.0000000000  0.0000000000
-309.7610356440  3.1415926536  3.1415926536  0.0000000000  0.0000000000
-308.5043985825  3.1415926536  3.1415926536  0.0000000000  0.0000000000
-307.2477615211  3.1415926536  3.1415926536  0.0000000000  0.0000000000
-305.9911244596  3.1415926536  3.1415926536  0.0000000000  0.0000000000
-304.7344873982  3.1415926536  3.1415926536  0.0000000000  0.0000000000
-303.4778503368  3.1415926536  3.1415926536  0.0000000000  0.0000000000
-302.2212132753  3.1415926536  3.1415926536  0.0000000000  0.0000000000
-300.9645762139  3.1415926536  3.1415926536  0.0000000000  0.0000000000
-299.7079391525  3.1415926536  3.1415926536  0.0000000000  0.0000000000
-298.4513020910  3.1415926536  3.1415926536  0.0000000000  0.0000000000
-297.1946650296  3.1415926536  3.1415926536  0.0000000000  0.0000000000
-295.9380279682  3.1415926536  3.1415926536  0.0000000000  0.0000000000
-294.6813909067  3.1415926536  3.1415926536  0.0000000000  0.0000000000
-293.4247538453  3.1415926536  3.1415926536  0.0000000000  0.0000000000
-292.1681167839  3.1415926536  3.1415926536  0.0000000000  0.0000000000
-290.9114797224  3.1415926536  3.1415926536  0.0000000000  0.0000000000
-289.6548426610  3.1415926536  3.1415926536  0.0000000000  0.0000000000
-288.3982055995  3.1415926536  3.1415926536  0.0000000000  0.0000000000
-287.1415685381  3.1415926536  3.1415926536  0.0000000000  0.0000000000
-285.8849314767  3.1415926536  3.1415926536  0.0000000000  0.0000000000
-284.6282944152  3.1415926536  3.1415926536  0.0000000000  0.0000000000
-283.3716573538  3.1415926536  3.1415926536  0.0000000000  0.0000000000
-282.1150202924  3.1415926536  3.1415926536  0.0000000000  0.0000000000
-280.8583832309  3.1415926536  3.1415926536  0.0000000000  0.0000000000
-279.6017461695  3.1415926536  3.1415926536  0.0000000000  0.0000000000
-278.3451091081  3.1415926536  3.1415926536  0.0000000000  0.0000000000
-277.0884720466  3.1415926536  3.1415926536  0.0000000000  0.0000000000
-275.8318349852  3.1415926536  3.1415926536  0.0000000000  0.0000000000
-274.5751979237  3.1415926536  3.1415926536  0.0000000000  0.0000000000
-273.3185608623  3.1415926536  3.1415926536  0.0000000000  0.0000000000
-272.0619238009  3.1415926536  3.1415926536  0.0000000000  0.0000000000
-270.8052867394  3.1415926536  3.1415926536  0.0000000000  0.0000000000
-269.5486496780  3.1415926536  3.1415926536  0.0000000000  0.0000000000
-268.2920126166  3.1415926536  3.1415926536  0.0000000000  0.0000000000
-267.0353755551  3.1415926536  3.1415926536  0.0000000000  0.0000000000
-265.7787384937  3.1415926536  3.1415926536  0.0000000000  0.0000000000
-264.5221014323  3.1415926536  3.1415926536  0.0000000000  0.0000000000
-263.2654643708  3.1415926536  3.1415926536  0.0000000000  0.0000000000
-262.0088273094  3.1415926536  3.1415926536  0.0000000000  0.0000000000
-260.7521902480  3.1415926536  3.1415926536  0.0000000000  0.0000000000
-259.4955531865  3.1415926536  3.1415926536  0.0000000000  0.0000000000
-258.2389161251  3.1415926536  3.1415926536  0.0000000000  0.0000000000
-256.9822790636  3.1415926536  3.1415926536  0.0000000000  0.0000000000
-255.7256420022  3.1415926536  3.1415926536  0.0000000000  0.0000000000
-254.4690049408  3.1415926536  3.1415926536  0.0000000000  0.0000000000
-253.2123678793  3.1415926536  3.1415926536  0.0000000000  0.0000000000
-251.9557308179  3.1415926536  3.1415926536  0.0000000000  0.0000000000
-250.6990937565  3.1415926536  3.1415926536  0.0000000000  0.0000000000
-249.4424566950  3.1415926536  3.1415926536  0.0000000000  0.0000000000
-248.1858196336  3.1415926536  3.1415926536  0.0000000000  0.0000000000
-246.9291825722  3.1415926536  3.1415926536  0.0000000000  0.0000000000
-245.6725455107  3.1415926536  3.1415926536  0.0000000000  0.0000000000
-244.4159084493  3.1415926536  3.1415926536  0.0000000000  0.0000000000
-243.1592713878  3.1415926536  3.1415926536  0.0000000000  0.0000000000
-241.9026343264  3.1415926536  3.1415926536  0.0000000000  0.0000000000
-240.6459972650  3.1415926536  3.1415926536  0.0000000000  0.0000000000
-239.3893602035  3.1415926536  3.1415926536  0.0000000000  0.0000000000
-238.1327231421  3.1415926536  3.1415926536  0.0000000000  0.0000000000
-236.8760860807  3.1415926536  3.1415926536  0.0000000000  0.0000000000
-235.6194490192  3.1415926536  3.1415926536  0.0000000000  0.0000000000
-234.3628119578  3.1415926536  3.1415926536  0.0000000000  0.0000000000
-233.1061748964  3.1415926536  3.1415926536  0.0000000000  0.0000000000
-231.8495378349  3.1415926536  3.1415926536  0.0000000000  0.0000000000
-230.5929007735  3.1415926536  3.1415926536  0.0000000000  0.0000000000
-229.3362637121  3.1415926536  3.1415926536  0.0000000000  0.0000000000
-228.0796266506  3.1415926536  3.1415926536  0.0000000000  0.0000000000
-226.8229895892  3.1415926536  3.1415926536  0.0000000000  0.0000000000
-225.5663525277  3.1415926536  3.1415926536  0.0000000000  0.0000000000
-224.3097154663  3.1415926536  3.1415926536  0.0000000000  0.0000000000
-223.0530784049  3.1415926536  3.1415926536  0.0000000000  0.0000000000
-221.7964413434  3.1415926536  3.1415926536  0.0000000000  0.0000000000
-220.5398042820  3.1415926536  3.1415926536  0.0000000000  0.0000000000
-219.2831672206  3.1415926536  3.1415926536  0.0000000000  0.0000000000
-218.0265301591  3.1415926536  3.1415926536  0.0000000000  0.0000000000
-216.7698930977  3.1415926536  3.1415926536  0.0000000000  0.0000000000
-215.5132560363  3.1415926536  3.1415926536  0.0000000000  0.0000000000
-214.2566189748  3.1415926536  3.1415926536  0.0000000000  0.0000000000
-212.9999819134  3.1415926536  3.1415926536  0.0000000000  0.0000000000
-211.7433448520  3.1415926536  3.1415926536  0.0000000000  0.0000000000
-210.4867077905  3.1415926536  3.1415926536  0.0000000000  0.0000000000
-209.2300707291  3.1415926536  3.1415926536  0.0000000000  0.0000000000
-207.9734336676  3.1415926536  3.1415926536  0.0000000000  0.0000000000
-206.7167966062  3.1415926536  3.1415926536  0.0000000000  0.0000000000
-205.4601595448  3.1415926536  3.1415926536  0.0000000000  0.0000000000
-204.2035224833  3.1415926536  3.1415926536  0.0000000000  0.0000000000
-202.9468854219  3.1415926536  3.1415926536  0.0000000000  0.0000000000
-201.6902483605  3.1415926536  3.1415926536  0.0000000000  0.0000000000
-200.4336112990  3.1415926536  3.1415926536  0.0000000000  0.0000000000
-199.1769742376  3.1415926536  3.1415926536  0.0000000000  0.0000000000
-197.9203371762  3.1415926536  3.1415926536  0.0000000000  0.0000000000
-196.6637001147  3.1415926536  3.1415926536  0.0000000000  0.0000000000
-195.4070630533  3.1415926536  3.1415926536  0.0000000000  0.0000000000
-194.1504259918  3.1415926536  3.1415926536  0.0000000000  0.0000000000
-192.8937889304  3.1415926536  3.1415926536  0.0000000000  0.0000000000
-191.6371518690  3.1415926536  3.1415926536  0.0000000000  0.0000000000
-190.3805148075  3.1415926536  3.1415926536  0.0000000000  0.0000000000
-189.1238777461  3.1415926536  3.1415926536  0.0000000000  0.0000000000
-187.8672406847  3.1415926536  3.1415926536  0.0000000000  0.0000000000
-186.6106036232  3.1415926536  3.1415926536  0.0000000000  0.0000000000
-185.3539665618  3.1415926536  3.1415926536  0.0000000000  0.0000000000
-184.0973295004  3.1415926536  3.1415926536  0.0000000000  0.0000000000
-182.8406924389  3.1415926536  3.1415926536  0.0000000000  0.0000000000
-181.5840553775  3.1415926536  3.1415926536  0.0000000000  0.0000000000
-180.3274183161  3.1415926536  3.1415926536  0.0000000000  0.0000000000
-179.0707812546  3.1415926536  3.1415926536  0.0000000000  0.0000000000
-177.8141441932  3.1415926536  3.1415926536  0.0000000000  0.0000000000
-176.5575071317  3.1415926536  3.1415926536  0.0000000000  0.0000000000
-175.3008700703  3.1415926536  3.1415926536  0.0000000000  0.0000000000
-174.0442330089  3.1415926536  3.1415926536  0.0000000000  0.0000000000
-172.7875959474  3.1415926536  3.1415926536  0.0000000000  0.0000000000
-171.5309588860  3.1415926536  3.1415926536  0.0000000000  0.0000000000
-170.2743218246  3.1415926536  3.1415926536  0.0000000000  0.0000000000
-169.0176847631  3.1415926536  3.1415926536  0.0000000000  0.0000000000
-167.7610477017  3.1415926536  3.1415926536  0.0000000000  0.0000000000
-166.5044106403  3.1415926536  3.1415926536  0.0000000000  0.0000000000
-165.2477735788  3.1415926536  3.1415926536  0.0000000000  0.0000000000
-163.9911365174  3.1415926536  3.1415926536  0.0000000000  0.0000000000
-162.7344994560  3.1415926536  3.1415926536  0.0000000000  0.0000000000
-161.4778623945  3.1415926536  3.1415926536  0.0000000000  0.0000000000
-160.2212253331  3.1415926536  3.1415926536  0.0000000000  0.0000000000
-158.9645882716  3.1415926536  3.1415926536  0.0000000000  0.0000000000
-157.7079512102  3.1415926536  3.1415926536  0.0000000000  0.0000000000
-156.4513141488  3.1415926536  3.1415926536  0.0000000000  0.0000000000
-155.1946770873  3.1415926536  3.1415926536  0.0000000000  0.0000000000
-153.9380400259  3.1415926536  3.1415926536  0.0000000000  0.0000000000
-152.6814029645  3.1415926536  3.1415926536  0.0000000000  0.0000000000
-151.4247659030  3.1415926536  3.1415926536  0.0000000000  0.0000000000
-150.1681288416  3.1415926536  3.1415926536  0.0000000000  0.0000000000
-148.9114917802  3.1415926536  3.1415926536  0.0000000000  0.0000000000
-147.6548547187  3.1415926536  3.1415926536  0.0000000000  0.0000000000
-146.3982176573  3.1415926536  3.1415926536  0.0000000000  0.0000000000
-145.1415805958  3.1415926536  3.1415926536  0.0000000000  0.0000000000
-143.8849435344  3.1415926536  3.1415926536  0.0000000000  0.0000000000
-142.6283064730  3.1415926536  3.1415926536  0.0000000000  0.0000000000
-141.3716694115  3.1415926536  3.1415926536  0.0000000000  0.0000000000
-140.1150323501  3.1415926536  3.1415926536  0.0000000000  0.0000000000
-138.8583952887  3.1415926536  3.1415926536  0.0000000000  0.0000000000
-137.6017582272  3.1415926536  3.1415926536  0.0000000000  0.0000000000
-136.3451211658  3.1415926536  3.1415926536  0.0000000000  0.0000000000
-135.0884841044  3.1415926536  3.1415926536  0.0000000000  0.0000000000
-133.8318470429  3.1415926536  3.1415926536  0.0000000000  0.0000000000
-132.5752099815  3.1415926536  3.1415926536  0.0000000000  0.0000000000
-131.3185729201  3.1415926536  3.1415926536  0.0000000000  0.0000000000
-130.0619358586  3.1415926536  3.1415926536  0.0000000000  0.0000000000
-128.8052987972  3.1415926536  3.1415926536  0.0000000000  0.0000000000
-127.5486617357  3.1415926536  3.1415926536  0.0000000000  0.0000000000
-126.2920246743  3.1415926536  3.1415926536  0.0000000000  0.0000000000
-125.0353876129  3.1415926536  3.1415926536  0.0000000000  0.0000000000
-123.7787505514  3.1415926536  3.1415926536  0.0000000000  0.0000000000
-122.5221134900  3.1415926536  3.1415926536  0.0000000000  0.0000000000
-121.2654764286  3.1415926536  3.1415926536  0.0000000000  0.0000000000
-120.0088393671  3.1415926536  3.1415926536  0.0000000000  0.0000000000
-118.7522023057  3.1415926536  3.1415926536  0.0000000000  0.0000000000
-117.4955652443  3.1415926536  3.1415926536  0.0000000000  0.0000000000
-116.2389281828  3.1415926536  3.1415926536  0.0000000000  0.0000000000
-114.9822911214  3.1415926536  3.1415926536  0.0000000000  0.0000000000
-113.7256540600  3.1415926536  3.1415926536  0.0000000000  0.0000000000
-112.4690169985  3.1415926536  3.1415926536  0.0000000000  0.0000000000
-111.2123799371  3.1415926536  3.1415926536  0.0000000000  0.0000000000
-109.9557428756  3.1415926536  3.1415926536  0.0000000000  0.0000000000
-108.6991058142  3.1415926536  3.1415926536  0.0000000000  0.0000000000
-107.4424687528  3.1415926536  3.1415926536  0.0000000000  0.0000000000
-106.1858316913  3.1415926536  3.1415926536  0.0000000000  0.0000000000
-104.9291946299  3.1415926536  3.1415926536  0.0000000000  0.0000000000
-103.6725575685  3.1415926536  3.1415926536  0.0000000000  0.0000000000
-102.4159205070  3.1415926536  3.1415926536  0.0000000000  0.0000000000
-101.1592834456  3.1415926536  3.1415926536  0.0000000000  0.0000000000
-99.9026463842  3.1415926536  3.1415926536  0.0000000000  0.0000000000
-98.6460093227  3.1415926536  3.1415926536  0.0000000000  0.0000000000
-97.3893722613  3.1415926536  3.1415926536  0.0000000000  0.0000000000
-96.1327351998  3.1415926536  3.1415926536  0.0000000000  0.0000000000
-94.8760981384  3.1415926536  3.1415926536  0.0000000000  0.0000000000
-93.6194610770  3.1415926536  3.1415926536  0.0000000000  0.0000000000
-92.3628240155  3.1415926536  3.1415926536  0.0000000000  0.0000000000
-91.1061869541  3.1415926536  3.1415926536  0.0000000000  0.0000000000
-89.8495498927  3.1415926536  3.1415926536  0.0000000000  0.0000000000
-88.5929128312  3.1415926536  3.1415926536  0.0000000000  0.0000000000
-87.3362757698  3.1415926536  3.1415926536  0.0000000000  0.0000000000
-86.0796387084  3.1415926536  3.1415926536  0.0000000000  0.0000000000
-84.8230016469  3.1415926536  3.1415926536  0.0000000000  0.0000000000
-83.5663645855  3.1415926536  3.1415926536  0.0000000000  0.0000000000
-82.3097275241  3.1415926536  3.1415926536  0.0000000000  0.0000000000
-81.0530904626  3.1415926536  3.1415926536  0.0000000000  0.0000000000
-79.7964534012  3.1415926536  3.1415926536  0.0000000000  0.0000000000
-78.5398163397  3.1415926536  3.1415926536  0.0000000000  0.0000000000
-77.2831792783  3.1415926536  3.1415926536  0.0000000000  0.0000000000
-76.0265422169  3.1415926536  3.1415926536  0.0000000000  0.0000000000
-74.7699051554  3.1415926536  3.1415926536  0.0000000000  0.0000000000
-73.5132680940  3.1415926536  3.1415926536  0.0000000000  0.0000000000
-72.2566310326  3.1415926536  3.1415926536  0.0000000000  0.0000000000
-70.9999939711  3.1415926536  3.1415926536  0.0000000000  0.0000000000
-69.7433569097  3.1415926536  3.1415926536  0.0000000000  0.0000000000
-68.4867198483  3.1415926536  3.1415926536  0.0000000000  0.0000000000
-67.2300827868  3.1415926536  3.1415926536  0.0000000000  0.0000000000
-65.9734457254  3.1415926536  3.1415926536  0.0000000000  0.0000000000
-64.7168086639  3.1415926536  3.1415926536  0.0000000000  0.0000000000
-63.4601716025  3.1415926536  3.1415926536  0.0000000000  0.0000000000
-62.2035345411  3.1415926536  3.1415926536  0.0000000000  0.0000000000
-60.9468974796  3.1415926536  3.1415926536  0.0000000000  0.0000000000
-59.6902604182  3.1415926536  3.1415926536  0.0000000000  0.0000000000
-58.4336233568  3.1415926536  3.1415926536  0.0000000000  0.0000000000
-57.1769862953  3.1415926536  3.1415926536  0.0000000000  0.0000000000
-55.9203492339  3.1415926536  3.1415926536  0.0000000000  0.0000000000
-54.6637121725  3.1415926536  3.1415926536  0.0000000000  0.0000000000
-53.4070751110  3.1415926536  3.1415926536  0.0000000000  0.0000000000
-52.1504380496  3.1415926536  3.1415926536  0.0000000000  0.0000000000
-50.8938009882  3.1415926536  3.1415926536  0.0000000000  0.0000000000
-49.6371639267  3.1415926536  3.1415926536  0.0000000000  0.0000000000
-48.3805268653  3.1415926536  3.1415926536  0.0000000000  0.0000000000
-47.1238898038  3.1415926536  3.1415926536  0.0000000000  0.0000000000
-45.8672527424  3.1415926536  3.1415926536  0.0000000000  0.0000000000
-44.6106156810  3.1415926536  3.1415926536  0.0000000000  0.0000000000
-43.3539786195  3.1415926536  3.1415926536  0.0000000000  0.0000000000
-42.0973415581  3.1415926536  3.1415926536  0.0000000000  0.0000000000
-40.8407044967  3.1415926536  3.1415926536  0.0000000000  0.0000000000
-39.5840674352  3.1415926536  3.1415926536  0.0000000000  0.0000000000
-38.3274303738  3.1415926536  3.1415926536  0.0000000000  0.0000000000
-37.0707933124  3.1415926536  3.1415926536  0.0000000000  0.0000000000
-35.8141562509  3.1415926536  3.1415926536  0.0000000000  0.0000000000
-34.5575191895  3.1415926536  3.1415926536  0.0000000000  0.0000000000
-33.3008821281  3.1415926536  3.1415926536  0.0000000000  0.0000000000
-32.0442450666  3.1415926536  3.1415926536  0.0000000000  0.0000000000
-30.7876080052  3.1415926536  3.1415926536  0.0000000000  0.0000000000
-29.5309709437  3.1415926536  3.1415926536  0.0000000000  0.0000000000
-28.2743338823  3.1415926536  3.1415926536  0.0000000000  0.0000000000
-27.0176968209  3.1415926536  3.1415926536  0.0000000000  0.0000000000
-25.7610597594  3.1415926536  3.1415926536  0.0000000000  0.0000000000
-24.5044226980  3.1415926536  3.1415926536  0.0000000000  0.0000000000
-23.2477856366  3.1415926536  3.1415926536  0.0000000000  0.0000000000
-21.9911485751  3.1415926536  3.1415926536  0.0000000000  0.0000000000
-20.7345115137  3.1415926536  3.1415926536  0.0000000000  0.0000000000
-19.4778744523  3.1415926536  3.1415926536  0.0000000000  0.0000000000
-18.2212373908  3.1415926536  3.1415926536  0.0000000000  0.0000000000
-16.9646003294  3.1415926536  3.1415926536  0.0000000000  0.0000000000
-15.7079632679  3.1415926536  3.1415926536  0.0000000000  0.0000000000
-14.4513262065  3.1415926536  3.1415926536  0.0000000000  0.0000000000
-13.1946891451  3.1415926536  3.1415926536  0.0000000000  0.0000000000
-11.9380520836  3.1415926536  3.1415926536  0.0000000000  0.0000000000
-10.6814150222  3.1415926536  3.1415926536  0.0000000000  0.0000000000
-9.4247779608  3.1415926536  3.1415926536  0.0000000000  0.0000000000
-8.1681408993  3.1415926536  3.1415926536  0.0000000000  0.0000000000
-6.9115038379  3.1415926536  3.1415926536  0.0000000000  0.0000000000
-5.6548667765  3.1415926536  3.1415926536  0.0000000000  0.0000000000
-4.3982297150  3.1415926536  3.1415926536  0.0000000000  0.0000000000
-3.1415926536  3.1415926536  3.1415926536  0.0000000000  0.0000000000
-1.8849555922  3.1415926536  3.1415926536  0.0000000000  -0.0000000488
-0.6283185307  3.1415926536  3.1415926536  0.0000004197  0.0000000000
0.6283185307  3.1415926536  3.1415926536  0.2226177949  -0.2692400073
1.8849555922  3.1415926536  3.1415926536  0.1984237318  -0.5051690105
3.1415926536  3.1415926536  3.1415926536  0.1675349017  -0.5512332367
4.3982297150  3.1415926536  3.1415926536  0.1381230938  -0.5261687020
5.6548667765  3.1415926536  3.1415926536  0.1132643170  -0.4816785590
6.9115038379  3.1415926536  3.1415926536  0.0931461591  -0.4358459840
8.1681408993  3.1415926536  3.1415926536  0.0771159200  -0.3941373902
9.4247779608  3.1415926536  3.1415926536  0.0643868808  -0.3576906456
10.6814150222  3.1415926536  3.1415926536  0.0542519909  -0.3262494514
11.9380520836  3.1415926536  3.1415926536  0.0461339293  -0.2991751976
13.1946891451  3.1415926536  3.1415926536  0.0395806692  -0.2757914855
14.4513262065  3.1415926536  3.1415926536  0.0342450001  -0.2554924014
15.7079632679  3.1415926536  3.1415926536  0.0298621754  -0.2377667053
16.9646003294  3.1415926536  3.1415926536  0.0262304552  -0.2221932996
18.2212373908  3.1415926536  3.1415926536  0.0231956034  -0.2084283870
19.4778744523  3.1415926536  3.1415926536  0.0206390370  -0.1961917015
20.7345115137  3.1415926536  3.1415926536  0.0184689496  -0.1852542486
21.9911485751  3.1415926536  3.1415926536  0.0166137213  -0.1754281270
23.2477856366  3.1415926536  3.1415926536  0.0150170352  -0.1665583380
24.5044226980  3.1415926536  3.1415926536  0.0136342544  -0.1585162840
25.7610597594  3.1415926536  3.1415926536  0.0124297209  -0.1511946360
27.0176968209  3.1415926536  3.1415926536  0.0113747321  -0.1445032839
28.2743338823  3.1415926536  3.1415926536  0.0104460135  -0.1383661334
29.5309709437  3.1415926536  3.1415926536  0.0096245592  -0.1327185641
30.7876080052  3.1415926536  3.1415926536  0.0088947449  -0.1275054031
32.0442450666  3.1415926536  3.1415926536  0.0082436431  -0.1226792995
33.3008821281  3.1415926536  3.1415926536  0.0076604935  -0.1181994154
34.5575191895  3.1415926536  3.1415926536  0.0071362870  -0.1140303653
35.8141562509  3.1415926536  3.1415926536  0.0066634401  -0.1101413510
37.0707933124  3.1415926536  3.1415926536  0.0062355354  -0.1065054542
38.3274303738  3.1415926536  3.1415926536  0.0058471162  -0.1030990528
39.5840674352  3.1415926536  3.1415926536  0.0054935202  -0.0999013387
40.8407044967  3.1415926536  3.1415926536  0.0051707468  -0.0968939158
42.0973415581  3.1415926536  3.1415926536  0.0048753480  -0.0940604649
43.3539786195  3.1415926536  3.1415926536  0.0046043408  -0.0913864617
44.6106156810  3.1415926536  3.1415926536  0.0043551340  -0.0888589395
45.8672527424  3.1415926536  3.1415926536  0.0041254689  -0.0864662873
47.1238898038  3.1415926536  3.1415926536  0.0039133697  -0.0841980793
48.3805268653  3.1415926536  3.1415926536  0.0037171023  -0.0820449285
49.6371639267  3.1415926536  3.1415926536  0.0035351401  -0.0799983616
50.8938009882  3.1415926536  3.1415926536  0.0033661347  -0.0780507114
52.1504380496  3.1415926536  3.1415926536  0.0032088921  -0.0761950235
53.4070751110  3.1415926536  3.1415926536  0.0030623519  -0.0744249764
54.6637121725  3.1415926536  3.1415926536  0.0029255699  -0.0727348114
55.9203492339  3.1415926536  3.1415926536  0.0027977031  -0.0711192715
57.1769862953  3.1415926536  3.1415926536  0.0026779971  -0.0695735486
58.4336233568  3.1415926536  3.1415926536  0.0025657756  -0.0680932366
59.6902604182  3.1415926536  3.1415926536  0.0024604301  -0.0666742907
60.9468974796  3.1415926536  3.1415926536  0.0023614127  -0.0653129911
62.2035345411  3.1415926536  3.1415926536  0.0022682288  -0.0640059112
63.4601716025  3.1415926536  3.1415926536  0.0021804309  -0.0627498895
64.7168086639  3.1415926536  3.1415926536  0.0020976135  -0.0615420046
65.9734457254  3.1415926536  3.1415926536  0.0020194082  -0.0603795527
67.2300827868  3.1415926536  3.1415926536  0.0019454801  -0.0592600281
68.4867198483  3.1415926536  3.1415926536  0.0018755242  -0.0581811052
69.7433569097  3.1415926536  3.1415926536  0.0018092617  -0.0571406228
70.9999939711  3.1415926536  3.1415926536  0.0017464380  -0.0561365698
72.2566310326  3.1415926536  3.1415926536  0.0016868201  -0.0551670726
73.5132680940  3.1415926536  3.1415926536  0.0016301942  -0.0542303833
74.7699051554  3.1415926536  3.1415926536  0.0015763639  -0.0533248698
76.0265422169  3.1415926536  3.1415926536  0.0015251487  -0.0524490060
77.2831792783  3.1415926536  3.1415926536  0.0014763825  -0.0516013634
78.5398163397  3.1415926536  3.1415926536  0.0014299120  -0.0507806037
79.7964534012  3.1415926536  3.1415926536  0.0013855956  -0.0499854716
81.0530904626  3.1415926536  3.1415926536  0.0013433027  -0.0492147886
82.3097275241  3.1415926536  3.1415926536  0.0013029122  -0.0484674470
83.5663645855  3.1415926536  3.1415926536  0.0012643120  -0.0477424050
84.8230016469  3.1415926536  3.1415926536  0.0012273980  -0.0470386818
86.0796387084  3.1415926536  3.1415926536  0.0011920737  -0.0463553529
87.3362757698  3.1415926536  3.1415926536  0.0011582493  -0.0456915466
88.5929128312  3.1415926536  3.1415926536  0.0011258412  -0.0450464399
89.8495498927  3.1415926536  3.1415926536  0.0010947717  -0.0444192554
91.1061869541  3.1415926536  3.1415926536  0.0010649681  -0.0438092581
92.3628240155  3.1415926536  3.1415926536  0.0010363628  -0.0432157525
93.6194610770  3.1415926536  3.1415926536  0.0010088925  -0.0426380802
94.8760981384  3.1415926536  3.1415926536  0.0009824981  -0.0420756172
96.1327351998  3.1415926536  3.1415926536  0.0009571241  -0.0415277717
97.3893722613  3.1415926536  3.1415926536  0.0009327188  -0.0409939824
98.6460093227  3.1415926536  3.1415926536  0.0009092335  -0.0404737161
99.9026463842  3.1415926536  3.1415926536  0.0008866227  -0.0399664663
101.1592834456  3.1415926536  3.1415926536  0.0008648436  -0.0394717514
102.4159205070  3.1415926536  3.1415926536  0.0008438559  -0.0389891133
103.6725575685  3.1415926536  3.1415926536  0.0008236218  -0.0385181158
104.9291946299  3.1415926536  3.1415926536  0.0008041056  -0.0380583435
106.1858316913  3.1415926536  3.1415926536  0.0007852740  -0.0376094004
107.4424687528  3.1415926536  3.1415926536  0.0007670953  -0.0371709090
108.6991058142  3.1415926536  3.1415926536  0.0007495397  -0.0367425090
109.9557428756  3.1415926536  3.1415926536  0.0007325790  -0.0363238567
111.2123799371  3.1415926536  3.1415926536  0.0007161868  -0.0359146235
112.4690169985  3.1415926536  3.1415926536  0.0007003380  -0.0355144955
113.7256540600  3.1415926536  3.1415926536  0.0006850088  -0.0351231727
114.9822911214  3.1415926536  3.1415926536  0.0006701767  -0.0347403679
116.2389281828  3.1415926536  3.1415926536  0.0006558207  -0.0343658064
117.4955652443  3.1415926536  3.1415926536  0.0006419204  -0.0339992250
118.7522023057  3.1415926536  3.1415926536  0.0006284569  -0.0336403719
120.0088393671  3.1415926536  3.1415926536  0.0006154121  -0.0332890054
121.2654764286  3.1415926536  3.1415926536  0.0006027687  -0.0329448940
122.5221134900  3.1415926536  3.1415926536  0.0005905106  -0.0326078155
123.7787505514  3.1415926536  3.1415926536  0.0005786223  -0.0322775568
125.0353876129  3.1415926536  3.1415926536  0.0005670889  -0.0319539131
126.2920246743  3.1415926536  3.1415926536  0.0005558967  -0.0316366881
127.5486617357  3.1415926536  3.1415926536  0.0005450321  -0.0313256927
128.8052987972  3.1415926536  3.1415926536  0.0005344827  -0.0310207454
130.0619358586  3.1415926536  3.1415926536  0.0005242363  -0.0307216718
131.3185729201  3.1415926536  3.1415926536  0.0005142815  -0.0304283039
132.5752099815  3.1415926536  3.1415926536  0.0005046072  -0.0301404802
133.8318470429  3.1415926536  3.1415926536  0.0004952031  -0.0298580451
135.0884841044  3.1415926536  3.1415926536  0.0004860593  -0.0295808488
136.3451211658  3.1415926536  3.1415926536  0.0004771661  -0.0293087471
137.6017582272  3.1415926536  3.1415926536  0.0004685146  -0.0290416008
138.8583952887  3.1415926536  3.1415926536  0.0004600961  -0.0287792761
140.1150323501  3.1415926536  3.1415926536  0.0004519022  -0.0285216437
141.3716694115  3.1415926536  3.1415926536  0.0004439251  -0.0282685788
142.6283064730  3.1415926536  3.1415926536  0.0004361572  -0.0280199612
143.8849435344  3.1415926536  3.1415926536  0.0004285912  -0.0277756748
145.1415805958  3.1415926536  3.1415926536  0.0004212203  -0.0275356075
146.3982176573  3.1415926536  3.1415926536  0.0004140377  -0.0272996510
147.6548547187  3.1415926536  3.1415926536  0.0004070371  -0.0270677006
148.9114917802  3.1415926536  3.1415926536  0.0004002125  -0.0268396554
150.1681288416  3.1415926536  3.1415926536  0.0003935580  -0.0266154176
151.4247659030  3.1415926536  3.1415926536  0.0003870679  -0.0263948927
152.6814029645  3.1415926536  3.1415926536  0.0003807369  -0.0261779893
153.9380400259  3.1415926536  3.1415926536  0.0003745599  -0.0259646190
155.1946770873  3.1415926536  3.1415926536  0.0003685319  -0.0257546963
156.4513141488  3.1415926536  3.1415926536  0.0003626481  -0.0255481382
157.7079512102  3.1415926536  3.1415926536  0.0003569040  -0.0253448647
158.9645882716  3.1415926536  3.1415926536  0.0003512953  -0.0251447981
160.2212253331  3.1415926536  3.1415926536  0.0003458176  -0.0249478630
161.4778623945  3.1415926536  3.1415926536  0.0003404670  -0.0247539867
162.7344994560  3.1415926536  3.1415926536  0.0003352395  -0.0245630984
163.9911365174  3.1415926536  3.1415926536  0.0003301314  -0.0243751296
165.2477735788  3.1415926536  3.1415926536  0.0003251391  -0.0241900140
166.5044106403  3.1415926536  3.1415926536  0.0003202591  -0.0240076870
167.7610477017  3.1415926536  3.1415926536  0.0003154881  -0.0238280862
169.0176847631  3.1415926536  3.1415926536  0.0003108229  -0.0236511510
170.2743218246  3.1415926536  3.1415926536  0.0003062603  -0.0234768224
171.5309588860  3.1415926536  3.1415926536  0.0003017974  -0.0233050433
172.7875959474  3.1415926536  3.1415926536  0.0002974313  -0.0231357583
174.0442330089  3.1415926536  3.1415926536  0.0002931592  -0.0229689134
175.3008700703  3.1415926536  3.1415926536  0.0002889784  -0.0228044563
176.5575071317  3.1415926536  3.1415926536  0.0002848864  -0.0226423361
177.8141441932  3.1415926536  3.1415926536  0.0002808806  -0.0224825034
179.0707812546  3.1415926536  3.1415926536  0.0002769587  -0.0223249101
180.3274183161  3.1415926536  3.1415926536  0.0002731184  -0.0221695096
181.5840553775  3.1415926536  3.1415926536  0.0002693573  -0.0220162563
182.8406924389  3.1415926536  3.1415926536  0.0002656733  -0.0218651062
184.0973295004  3.1415926536  3.1415926536  0.0002620643  -0.0217160163
185.3539665618  3.1415926536  3.1415926536  0.0002585284  -0.0215689447
186.6106036232  3.1415926536  3.1415926536  0.0002550635  -0.0214238507
187.8672406847  3.1415926536  3.1415926536  0.0002516677  -0.0212806948
189.1238777461  3.1415926536  3.1415926536  0.0002483393  -0.0211394384
190.3805148075  3.1415926536  3.1415926536  0.0002450765  -0.0210000440
191.6371518690  3.1415926536  3.1415926536  0.0002418775  -0.0208624749
192.8937889304  3.1415926536  3.1415926536  0.0002387407  -0.0207266957
194.1504259918  3.1415926536  3.1415926536  0.0002356645  -0.0205926716
195.4070630533  3.1415926536  3.1415926536  0.0002326473  -0.0204603688
196.6637001147  3.1415926536  3.1415926536  0.0002296877  -0.0203297543
197.9203371762  3.1415926536  3.1415926536  0.0002267842  -0.0202007962
199.1769742376  3.1415926536  3.1415926536  0.0002239354  -0.0200734630
200.4336112990  3.1415926536  3.1415926536  0.0002211399  -0.0199477243
201.6902483605  3.1415926536  3.1415926536  0.0002183964  -0.0198235504
202.9468854219  3.1415926536  3.1415926536  0.0002157036  -0.0197009121
204.2035224833  3.1415926536  3.1415926536  0.0002130603  -0.0195797813
205.4601595448  3.1415926536  3.1415926536  0.0002104653  -0.0194601303
206.7167966062  3.1415926536  3.1415926536  0.0002079174  -0.0193419322
207.9734336676  3.1415926536  3.1415926536  0.0002054154  -0.0192251606
209.2300707291  3.1415926536  3.1415926536  0.0002029583  -0.0191097899
210.4867077905  3.1415926536  3.1415926536  0.0002005450  -0.0189957951
211.7433448520  3.1415926536  3.1415926536  0.0001981745  -0.0188831517
212.9999819134  3.1415926536  3.1415926536  0.0001958458  -0.0187718359
214.2566189748  3.1415926536  3.1415926536  0.0001935578  -0.0186618242
215.5132560363  3.1415926536  3.1415926536  0.0001913097  -0.0185530940
216.7698930977  3.1415926536  3.1415926536  0.0001891005  -0.0184456229
218.0265301591  3.1415926536  3.1415926536  0.0001869294  -0.0183393893
219.2831672206  3.1415926536  3.1415926536  0.0001847954  -0.0182343718
220.5398042820  3.1415926536  3.1415926536  0.0001826978  -0.0181305498
221.7964413434  3.1415926536  3.1415926536  0.0001806356  -0.0180279030
223.0530784049  3.1415926536  3.1415926536  0.0001786081  -0.0179264115
224.3097154663  3.1415926536  3.1415926536  0.0001766146  -0.0178260558
225.5663525277  3.1415926536  3.1415926536  0.0001746543  -0.0177268172
226.8229895892  3.1415926536  3.1415926536  0.0001727264  -0.0176286770
228.0796266506  3.1415926536  3.1415926536  0.0001708302  -0.0175316171
229.3362637121  3.1415926536  3.1415926536  0.0001689651  -0.0174356197
230.5929007735  3.1415926536  3.1415926536  0.0001671304  -0.0173406676
231.8495378349  3.1415926536  3.1415926536  0.0001653253  -0.0172467437
233.1061748964  3.1415926536  3.1415926536  0.0001635494  -0.0171538315
234.3628119578  3.1415926536  3.1415926536  0.0001618019  -0.0170619146
235.6194490192  3.1415926536  3.1415926536  0.0001600822  -0.0169709772
236.8760860807  3.1415926536  3.1415926536  0.0001583898  -0.0168810038
238.1327231421  3.1415926536  3.1415926536  0.0001567241  -0.0167919790
239.3893602035  3.1415926536  3.1415926536  0.0001550846  -0.0167038880
240.6459972650  3.1415926536  3.1415926536  0.0001534706  -0.0166167161
241.9026343264  3.1415926536  3.1415926536  0.0001518816  -0.0165304490
243.1592713878  3.1415926536  3.1415926536  0.0001503173  -0.0164450728
244.4159084493  3.1415926536  3.1415926536  0.0001487769  -0.0163605737
245.6725455107  3.1415926536  3.1415926536  0.0001472601  -0.0162769382
246.9291825722  3.1415926536  3.1415926536  0.0001457664  -0.0161941532
248.1858196336  3.1415926536  3.1415926536  0.0001442953  -0.0161122058
249.4424566950  3.1415926536  3.1415926536  0.0001428463  -0.0160310834
250.6990937565  3.1415926536  3.1415926536  0.0001414190  -0.0159507735
251.9557308179  3.1415926536  3.1415926536  0.0001400131  -0.0158712640
253.2123678793  3.1415926536  3.1415926536  0.0001386279  -0.0157925430
254.4690049408  3.1415926536  3.1415926536  0.0001372633  -0.0157145989
255.7256420022  3.1415926536  3.1415926536  0.0001359186  -0.0156374201
256.9822790636  3.1415926536  3.1415926536  0.0001345937  -0.0155609955
258.2389161251  3.1415926536  3.1415926536  0.0001332880  -0.0154853141
259.4955531865  3.1415926536  3.1415926536  0.0001320012  -0.0154103651
260.7521902480  3.1415926536  3.1415926536  0.0001307329  -0.0153361380
262.0088273094  3.1415926536  3.1415926536  0.0001294829  -0.0152626222
263.2654643708  3.1415926536  3.1415926536  0.0001282506  -0.0151898078
264.5221014323  3.1415926536  3.1415926536  0.0001270359  -0.0151176846
265.7787384937  3.1415926536  3.1415926536  0.0001258384  -0.0150462429
267.0353755551  3.1415926536  3.1415926536  0.0001246577  -0.0149754731
268.2920126166  3.1415926536  3.1415926536  0.0001234935  -0.0149053657
269.5486496780  3.1415926536  3.1415926536  0.0001223456  -0.0148359116
270.8052867394  3.1415926536  3.1415926536  0.0001212135  -0.0147671015
272.0619238009  3.1415926536  3.1415926536  0.0001200972  -0.0146989266
273.3185608623  3.1415926536  3.1415926536  0.0001189961  -0.0146313782
274.5751979237  3.1415926536  3.1415926536  0.0001179102  -0.0145644476
275.8318349852  3.1415926536  3.1415926536  0.0001168390  -0.0144981264
277.0884720466  3.1415926536  3.1415926536  0.0001157824  -0.0144324064
278.3451091081  3.1415926536  3.1415926536  0.0001147400  -0.0143672793
279.6017461695  3.1415926536  3.1415926536  0.0001137116  -0.0143027372
280.8583832309  3.1415926536  3.1415926536  0.0001126970  -0.0142387723
282.1150202924  3.1415926536  3.1415926536  0.0001116960  -0.0141753769
283.3716573538  3.1415926536  3.1415926536  0.0001107082  -0.0141125433
284.6282944152  3.1415926536  3.1415926536  0.0001097334  -0.0140502642
285.8849314767  3.1415926536  3.1415926536  0.0001087714  -0.0139885322
287.1415685381  3.1415926536  3.1415926536  0.0001078221  -0.0139273402
288.3982055995  3.1415926536  3.1415926536  0.0001068851  -0.0138666811
289.6548426610  3.1415926536  3.1415926536  0.0001059603  -0.0138065480
290.9114797224  3.1415926536  3.1415926536  0.0001050474  -0.0137469340
292.1681167839  3.1415926536  3.1415926536  0.0001041463  -0.0136878326
293.4247538453  3.1415926536  3.1415926536  0.0001032567  -0.0136292370
294.6813909067  3.1415926536  3.1415926536  0.0001023784  -0.0135711409
295.9380279682  3.1415926536  3.1415926536  0.0001015113  -0.0135135378
297.1946650296  3.1415926536  3.1415926536  0.0001006552  -0.0134564216
298.4513020910  3.1415926536  3.1415926536  0.0000998099  -0.0133997861
299.7079391525  3.1415926536  3.1415926536  0.0000989751  -0.0133436252
300.9645762139  3.1415926536  3.1415926536  0.0000981508  -0.0132879330
302.2212132753  3.1415926536  3.1415926536  0.0000973368  -0.0132327037
303.4778503368  3.1415926536  3.1415926536  0.0000965328  -0.0131779315
304.7344873982  3.1415926536  3.1415926536  0.0000957387  -0.0131236107
305.9911244596  3.1415926536  3.1415926536  0.0000949545  -0.0130697359
307.2477615211  3.1415926536  3.1415926536  0.0000941797  -0.0130163015
308.5043985825  3.1415926536  3.1415926536  0.0000934145  -0.0129633021
309.7610356440  3.1415926536  3.1415926536  0.0000926585  -0.0129107325
311.0176727054  3.1415926536  3.1415926536  0.0000919117  -0.0128585875
312.2743097668  3.1415926536  3.1415926536  0.0000911738  -0.0128068620
313.5309468283  3.1415926536  3.1415926536  0.0000904448  -0.0127555508
314.7875838897  3.1415926536  3.1415926536  0.0000897245  -0.0127046491
316.0442209511  3.1415926536  3.1415926536  0.0000890128  -0.0126541520
317.3008580126  3.1415926536  3.1415926536  0.0000883095  -0.0126040546
318.5574950740  3.1415926536  3.1415926536  0.0000876145  -0.0125543522
319.8141321354  3.1415926536  3.1415926536  0.0000869277  -0.0125050402
321.0707691969  3.1415926536  3.1415926536  0.0000862490  -0.0124561140
322.3274062583  3.1415926536  3.1415926536  0.0000855781  -0.0124075692
323.5840433197  3.1415926536  3.1415926536  0.0000849150  -0.0123594011
324.8406803812  3.1415926536  3.1415926536  0.0000842597  -0.0123116056
326.0973174426  3.1415926536  3.1415926536  0.0000836118  -0.0122641782
327.3539545041  3.1415926536  3.1415926536  0.0000829714  -0.0122171148
328.6105915655  3.1415926536  3.1415926536  0.0000823384  -0.0121704111
329.8672286269  3.1415926536  3.1415926536  0.0000817125  -0.0121240631
331.1238656884  3.1415926536  3.1415926536  0.0000810938  -0.0120780667
332.3805027498  3.1415926536  3.1415926536  0.0000804821  -0.0120324179
333.6371398112  3.1415926536  3.1415926536  0.0000798772  -0.0119871128
334.8937768727  3.1415926536  3.1415926536  0.0000792792  -0.0119421476
336.1504139341  3.1415926536  3.1415926536  0.0000786878  -0.0118975184
337.4070509955  3.1415926536  3.1415926536  0.0000781031  -0.0118532215
338.6636880570  3.1415926536  3.1415926536  0.0000775248  -0.0118092531
339.9203251184  3.1415926536  3.1415926536  0.0000769529  -0.0117656097
341.1769621799  3.1415926536  3.1415926536  0.0000763873  -0.0117222876
342.4335992413  3.1415926536  3.1415926536  0.0000758280  -0.0116792834
343.6902363027  3.1415926536  3.1415926536  0.0000752747  -0.0116365934
344.9468733642  3.1415926536  3.1415926536  0.0000747275  -0.0115942144
346.2035104256  3.1415926536  3.1415926536  0.0000741863  -0.0115521429
347.4601474870  3.1415926536  3.1415926536  0.0000736509  -0.0115103755
348.7167845485  3.1415926536  3.1415926536  0.0000731212  -0.0114689091
349.9734216099  3.1415926536  3.1415926536  0.0000725973  -0.0114277403
351.2300586713  3.1415926536  3.1415926536  0.0000720790  -0.0113868659
352.4866957328  3.1415926536  3.1415926536  0.0000715662  -0.0113462829
353.7433327942  3.1415926536  3.1415926536  0.0000710588  -0.0113059881
354.9999698556  3.1415926536  3.1415926536  0.0000705568  -0.0112659784
356.2566069171  3.1415926536  3.1415926536  0.0000700602  -0.0112262508
357.5132439785  3.1415926536  3.1415926536  0.0000695687  -0.0111868025
358.7698810400  3.1415926536  3.1415926536  0.0000690824  -0.0111476303
360.0265181014  3.1415926536  3.1415926536  0.0000686012  -0.0111087315
361.2831551628  3.1415926536  3.1415926536  0.0000681250  -0.0110701032
362.5397922243  3.1415926536  3.1415926536  0.0000676537  -0.0110317425
363.7964292857  3.1415926536  3.1415926536  0.0000671874  -0.0109936468
365.0530663471  3.1415926536  3.1415926536  0.0000667258  -0.0109558132
366.3097034086  3.1415926536  3.1415926536  0.0000662689  -0.0109182391
367.5663404700  3.1415926536  3.1415926536  0.0000658168  -0.0108809218
368.8229775314  3.1415926536  3.1415926536  0.0000653692  -0.0108438587
370.0796145929  3.1415926536  3.1415926536  0.0000649262  -0.0108070472
371.3362516543  3.1415926536  3.1415926536  0.0000644877  -0.0107704848
372.5928887157  3.1415926536  3.1415926536  0.0000640536  -0.0107341688
373.8495257772  3.1415926536  3.1415926536  0.0000636238  -0.0106980970
375.1061628386  3.1415926536  3.1415926536  0.0000631984  -0.0106622667
376.3627999001  3.1415926536  3.1415926536  0.0000627773  -0.0106266756
377.6194369615  3.1415926536  3.1415926536  0.0000623603  -0.0105913213
378.8760740229  3.1415926536  3.1415926536  0.0000619475  -0.0105562014
380.1327110844  3.1415926536  3.1415926536  0.0000615387  -0.0105213136
381.3893481458  3.1415926536  3.1415926536  0.0000611340  -0.0104866557
382.6459852072  3.1415926536  3.1415926536  0.0000607333  -0.0104522253
383.9026222687  3.1415926536  3.1415926536  0.0000603365  -0.0104180202
385.1592593301  3.1415926536  3.1415926536  0.0000599435  -0.0103840382
386.4158963915  3.1415926536  3.1415926536  0.0000595544  -0.0103502772
387.6725334530  3.1415926536  3.1415926536  0.0000591691  -0.0103167350
388.9291705144  3.1415926536  3.1415926536  0.0000587875  -0.0102834094
390.1858075759  3.1415926536  3.1415926536  0.0000584096  -0.0102502984
391.4424446373  3.1415926536  3.1415926536  0.0000580353  -0.0102173999
392.6990816987  3.1415926536  3.1415926536  0.0000576646  -0.0101847120
393.9557187602  3.1415926536  3.1415926536  0.0000572974  -0.0101522324
395.2123558216  3.1415926536  3.1415926536  0.0000569337  -0.0101199594
396.4689928830  3.1415926536  3.1415926536  0.0000565735  -0.0100878908
397.7256299445  3.1415926536  3.1415926536  0.0000562167  -0.0100560249
398.9822670059  3.1415926536  3.1415926536  0.0000558633  -0.0100243596
400.2389040673  3.1415926536  3.1415926536  0.0000555131  -0.0099928931
401.4955411288  3.1415926536  3.1415926536  0.0000551663  -0.0099616234
402.7521781902  3.1415926536  3.1415926536  0.0000548227  -0.0099305489
404.0088152516  3.1415926536  3.1415926536  0.0000544823  -0.0098996676
405.2654523131  3.1415926536  3.1415926536  0.0000541451  -0.0098689777
406.5220893745  3.1415926536  3.1415926536  0.0000538109  -0.0098384775
407.7787264360  3.1415926536  3.1415926536  0.0000534799  -0.0098081652
409.0353634974  3.1415926536  3.1415926536  0.0000531519  -0.0097780392
410.2920005588  3.1415926536  3.1415926536  0.0000528269  -0.0097480976
411.5486376203  3.1415926536  3.1415926536  0.0000525049  -0.0097183388
412.8052746817  3.1415926536  3.1415926536  0.0000521858  -0.0096887611
414.0619117431  3.1415926536  3.1415926536  0.0000518696  -0.0096593629
415.3185488046  3.1415926536  3.1415926536  0.0000515563  -0.0096301425
416.5751858660  3.1415926536  3.1415926536  0.0000512458  -0.0096010984
417.8318229274  3.1415926536  3.1415926536  0.0000509382  -0.0095722289
419.0884599889  3.1415926536  3.1415926536  0.0000506332  -0.0095435325
420.3450970503  3.1415926536  3.1415926536  0.0000503310  -0.0095150076
421.6017341118  3.1415926536  3.1415926536  0.0000500315  -0.0094866527
422.8583711732  3.1415926536  3.1415926536  0.0000497347  -0.0094584663
424.1150082346  3.1415926536  3.1415926536  0.0000494405  -0.0094304468
425.3716452961  3.1415926536  3.1415926536  0.0000491489  -0.0094025929
426.6282823575  3.1415926536  3.1415926536  0.0000488599  -0.0093749030
427.8849194189  3.1415926536  3.1415926536  0.0000485734  -0.0093473757
429.1415564804  3.1415926536  3.1415926536  0.0000482894  -0.0093200096
430.3981935418  3.1415926536  3.1415926536  0.0000480079  -0.0092928032
431.6548306032  3.1415926536  3.1415926536  0.0000477289  -0.0092657552
432.9114676647  3.1415926536  3.1415926536  0.0000474523  -0.0092388641
434.1681047261  3.1415926536  3.1415926536  0.0000471781  -0.0092121287
435.4247417875  3.1415926536  3.1415926536  0.0000469062  -0.0091855476
436.6813788490  3.1415926536  3.1415926536  0.0000466367  -0.0091591194
437.9380159104  3.1415926536  3.1415926536  0.0000463695  -0.0091328428
439.1946529719  3.1415926536  3.1415926536  0.0000461046  -0.0091067166
440.4512900333  3.1415926536  3.1415926536  0.0000458420  -0.0090807393
441.7079270947  3.1415926536  3.1415926536  0.0000455816  -0.0090549099
442.9645641562  3.1415926536  3.1415926536  0.0000453234  -0.0090292270
444.2212012176  3.1415926536  3.1415926536  0.0000450674  -0.0090036893
445.4778382790  3.1415926536  3.1415926536  0.0000448136  -0.0089782956
446.7344753405  3.1415926536  3.1415926536  0.0000445619  -0.0089530448
447.9911124019  3.1415926536  3.1415926536  0.0000443123  -0.0089279356
449.2477494633  3.1415926536  3.1415926536  0.0000440648  -0.0089029669
450.5043865248  3.1415926536  3.1415926536  0.0000438194  -0.0088781374
451.7610235862  3.1415926536  3.1415926536  0.0000435760  -0.0088534460
453.0176606476  3.1415926536  3.1415926536  0.0000433347  -0.0088288915
454.2742977091  3.1415926536  3.1415926536  0.0000430953  -0.0088044729
455.5309347705  3.1415926536  3.1415926536  0.0000428579  -0.0087801889
456.7875718320  3.1415926536  3.1415926536  0.0000426225  -0.0087560385
458.0442088934  3.1415926536  3.1415926536  0.0000423890  -0.0087320206
459.3008459548  3.1415926536  3.1415926536  0.0000421574  -0.0087081341
460.5574830163  3.1415926536  3.1415926536  0.0000419278  -0.0086843779
461.8141200777  3.1415926536  3.1415926536  0.0000417000  -0.0086607510
463.0707571391  3.1415926536  3.1415926536  0.0000414740  -0.0086372523
464.3273942006  3.1415926536  3.1415926536  0.0000412499  -0.0086138807
465.5840312620  3.1415926536  3.1415926536  0.0000410275  -0.0085906352
466.8406683234  3.1415926536  3.1415926536  0.0000408070  -0.0085675149
468.0973053849  3.1415926536  3.1415926536  0.0000405883  -0.0085445187
469.3539424463  3.1415926536  3.1415926536  0.0000403713  -0.0085216455
470.6105795078  3.1415926536  3.1415926536  0.0000401560  -0.0084988945
471.8672165692  3.1415926536  3.1415926536  0.0000399425  -0.0084762647
473.1238536306  3.1415926536  3.1415926536  0.0000397306  -0.0084537550
474.3804906921  3.1415926536  3.1415926536  0.0000395205  -0.0084313646
475.6371277535  3.1415926536  3.1415926536  0.0000393120  -0.0084090924
476.8937648149  3.1415926536  3.1415926536  0.0000391051  -0.0083869376
478.1504018764  3.1415926536  3.1415926536  0.0000388999  -0.0083648992
479.4070389378  3.1415926536  3.1415926536  0.0000386963  -0.0083429763
480.6636759992  3.1415926536  3.1415926536  0.0000384942  -0.0083211680
481.9203130607  3.1415926536  3.1415926536  0.0000382938  -0.0082994735
483.1769501221  3.1415926536  3.1415926536  0.0000380949  -0.0082778917
484.4335871835  3.1415926536  3.1415926536  0.0000378976  -0.0082564219
485.6902242450  3.1415926536  3.1415926536  0.0000377018  -0.0082350632
486.9468613064  3.1415926536  3.1415926536  0.0000375075  -0.0082138146
488.2034983679  3.1415926536  3.1415926536  0.0000373147  -0.0081926755
489.4601354293  3.1415926536  3.1415926536  0.0000371233  -0.0081716448
490.7167724907  3.1415926536  3.1415926536  0.0000369335  -0.0081507219
491.9734095522  3.1415926536  3.1415926536  0.0000367451  -0.0081299058
493.2300466136  3.1415926536  3.1415926536  0.0000365581  -0.0081091957
494.4866836750  3.1415926536  3.1415926536  0.0000363726  -0.0080885909
495.7433207365  3.1415926536  3.1415926536  0.0000361885  -0.0080680906
496.9999577979  3.1415926536  3.1415926536  0.0000360058  -0.0080476938
498.2565948593  3.1415926536  3.1415926536  0.0000358244  -0.0080274000
499.5132319208  3.1415926536  3.1415926536  0.0000356444  -0.0080072082
500.7698689822  3.1415926536  3.1415926536  0.0000354658  -0.0079871177
502.0265060436  3.1415926536  3.1415926536  0.0000352885  -0.0079671278
503.2831431051  3.1415926536  3.1415926536  0.0000351125  -0.0079472377
504.5397801665  3.1415926536  3.1415926536  0.0000349379  -0.0079274467
505.7964172280  3.1415926536  3.1415926536  0.0000347645  -0.0079077539
507.0530542894  3.1415926536  3.1415926536  0.0000345925  -0.0078881588
508.3096913508  3.1415926536  3.1415926536  0.0000344217  -0.0078686605
509.5663284123  3.1415926536  3.1415926536  0.0000342521  -0.0078492584
510.8229654737  3.1415926536  3.1415926536  0.0000340839  -0.0078299517
512.0796025351  3.1415926536  3.1415926536  0.0000339168  -0.0078107398
513.3362395966  3.1415926536  3.1415926536  0.0000337510  -0.0077916218
514.5928766580  3.1415926536  3.1415926536  0.0000335864  -0.0077725973
515.8495137194  3.1415926536  3.1415926536  0.0000334230  -0.0077536654
517.1061507809  3.1415926536  3.1415926536  0.0000332608  -0.0077348255
518.3627878423  3.1415926536  3.1415926536  0.0000330997  -0.0077160770
519.6194249038  3.1415926536  3.1415926536  0.0000329399  -0.0076974191
520.8760619652  3.1415926536  3.1415926536  0.0000327811  -0.0076788512
522.1326990266  3.1415926536  3.1415926536  0.0000326236  -0.0076603726
523.3893360881  3.1415926536  3.1415926536  0.0000324671  -0.0076419828
524.6459731495  3.1415926536  3.1415926536  0.0000323118  -0.0076236811
525.9026102109  3.1415926536  3.1415926536  0.0000321576  -0.0076054668
527.1592472724  3.1415926536  3.1415926536  0.0000320045  -0.0075873393
528.4158843338  3.1415926536  3.1415926536  0.0000318525  -0.0075692981
529.6725213952  3.1415926536  3.1415926536  0.0000317016  -0.0075513424
530.9291584567  3.1415926536  3.1415926536  0.0000315517  -0.0075334717
532.1857955181  3.1415926536  3.1415926536  0.0000314029  -0.0075156854
533.4424325795  3.1415926536  3.1415926536  0.0000312552  -0.0074979828
534.6990696410  3.1415926536  3.1415926536  0.0000311085  -0.0074803635
535.9557067024  3.1415926536  3.1415926536  0.0000309628  -0.0074628267
537.2123437639  3.1415926536  3.1415926536  0.0000308181  -0.0074453720
538.4689808253  3.1415926536  3.1415926536  0.0000306745  -0.0074279988
539.7256178867  3.1415926536  3.1415926536  0.0000305318  -0.0074107064
540.9822549482  3.1415926536  3.1415926536  0.0000303902  -0.0073934943
542.2388920096  3.1415926536  3.1415926536  0.0000302495  -0.0073763620
543.4955290710  3.1415926536  3.1415926536  0.0000301098  -0.0073593090
544.7521661325  3.1415926536  3.1415926536  0.0000299711  -0.0073423346
546.0088031939  3.1415926536  3.1415926536  0.0000298333  -0.0073254383
547.2654402553  3.1415926536  3.1415926536  0.0000296965  -0.0073086195
548.5220773168  3.1415926536  3.1415926536  0.0000295606  -0.0072918779
549.7787143782  3.1415926536  3.1415926536  0.0000294256  -0.0072752127
551.0353514396  3.1415926536  3.1415926536  0.0000292916  -0.0072586236
552.2919885011  3.1415926536  3.1415926536  0.0000291585  -0.0072421099
553.5486255625  3.1415926536  3.1415926536  0.0000290263  -0.0072256712
554.8052626240  3.1415926536  3.1415926536  0.0000288949  -0.0072093069
556.0618996854  3.1415926536  3.1415926536  0.0000287645  -0.0071930166
557.3185367468  3.1415926536  3.1415926536  0.0000286350  -0.0071767998
558.5751738083  3.1415926536  3.1415926536  0.0000285063  -0.0071606558
559.8318108697  3.1415926536  3.1415926536  0.0000283785  -0.0071445844
561.0884479311  3.1415926536  3.1415926536  0.0000282515  -0.0071285849
562.3450849926  3.1415926536  3.1415926536  0.0000281254  -0.0071126570
563.6017220540  3.1415926536  3.1415926536  0.0000280002  -0.0070968000
564.8583591154  3.1415926536  3.1415926536  0.0000278757  -0.0070810136
566.1149961769  3.1415926536  3.1415926536  0.0000277521  -0.0070652973
567.3716332383  3.1415926536  3.1415926536  0.0000276294  -0.0070496505
568.6282702998  3.1415926536  3.1415926536  0.0000275074  -0.0070340729
569.8849073612  3.1415926536  3.1415926536  0.0000273862  -0.0070185640
571.1415444226  3.1415926536  3.1415926536  0.0000272659  -0.0070031234
572.3981814841  3.1415926536  3.1415926536  0.0000271463  -0.0069877505
573.6548185455  3.1415926536  3.1415926536  0.0000270275  -0.0069724449
574.9114556069  3.1415926536  3.1415926536  0.0000269095  -0.0069572063
576.1680926684  3.1415926536  3.1415926536  0.0000267923  -0.0069420341
577.4247297298  3.1415926536  3.1415926536  0.0000266758  -0.0069269279
578.6813667912  3.1415926536  3.1415926536  0.0000265601  -0.0069118874
579.9380038527  3.1415926536  3.1415926536  0.0000264452  -0.0068969120
581.1946409141  3.1415926536  3.1415926536  0.0000263309  -0.0068820014
582.4512779755  3.1415926536  3.1415926536  0.0000262175  -0.0068671550
583.7079150370  3.1415926536  3.1415926536  0.0000261047  -0.0068523726
584.9645520984  3.1415926536  3.1415926536  0.0000259927  -0.0068376537
586.2211891599  3.1415926536  3.1415926536  0.0000258814  -0.0068229979
587.4778262213  3.1415926536  3.1415926536  0.0000257708  -0.0068084048
588.7344632827  3.1415926536  3.1415926536  0.0000256609  -0.0067938740
589.9911003442  3.1415926536  3.1415926536  0.0000255517  -0.0067794051
591.2477374056  3.1415926536  3.1415926536  0.0000254433  -0.0067649976
592.5043744670  3.1415926536  3.1415926536  0.0000253355  -0.0067506513
593.7610115285  3.1415926536  3.1415926536  0.0000252284  -0.0067363657
595.0176485899  3.1415926536  3.1415926536  0.0000251219  -0.0067221404
596.2742856513  3.1415926536  3.1415926536  0.0000250162  -0.0067079750
597.5309227128  3.1415926536  3.1415926536  0.0000249111  -0.0066938693
598.7875597742  3.1415926536  3.1415926536  0.0000248066  -0.0066798227
600.0441968357  3.1415926536  3.1415926536  0.0000247029  -0.0066658349
601.3008338971  3.1415926536  3.1415926536  0.0000245997  -0.0066519056
602.5574709585  3.1415926536  3.1415926536  0.0000244972  -0.0066380344
603.8141080200  3.1415926536  3.1415926536  0.0000243954  -0.0066242210
605.0707450814  3.1415926536  3.1415926536  0.0000242942  -0.0066104649
606.3273821428  3.1415926536  3.1415926536  0.0000241936  -0.0065967658
607.5840192043  3.1415926536  3.1415926536  0.0000240936  -0.0065831233
608.8406562657  3.1415926536  3.1415926536  0.0000239943  -0.0065695372
610.0972933271  3.1415926536  3.1415926536  0.0000238956  -0.0065560070
611.3539303886  3.1415926536  3.1415926536  0.0000237975  -0.0065425325
612.6105674500  3.1415926536  3.1415926536  0.0000236999  -0.0065291132
613.8672045114  3.1415926536  3.1415926536  0.0000236030  -0.0065157488
615.1238415729  3.1415926536  3.1415926536  0.0000235067  -0.0065024391
616.3804786343  3.1415926536  3.1415926536  0.0000234110  -0.0064891836
617.6371156958  3.1415926536  3.1415926536  0.0000233158  -0.0064759820
618.8937527572  3.1415926536  3.1415926536  0.0000232212  -0.0064628341
620.1503898186  3.1415926536  3.1415926536  0.0000231272  -0.0064497394
621.4070268801  3.1415926536  3.1415926536  0.0000230338  -0.0064366977
622.6636639415  3.1415926536  3.1415926536  0.0000229409  -0.0064237086
623.9203010029  3.1415926536  3.1415926536  0.0000228486  -0.0064107718
625.1769380644  3.1415926536  3.1415926536  0.0000227569  -0.0063978870
626.4335751258  3.1415926536  3.1415926536  0.0000226657  -0.0063850539
627.6902121872  3.1415926536  3.1415926536  0.0000225750  -0.0063722722
628.9468492487  3.1415926536  3.1415926536  0.0000000000  0.0000000000
