-627.6902121872  0.0000000000  0.0000000000  0.0000000000  0.0000000000
-626.4335751258  0.0000000000  0.0000000000  0.0000000000  0.0000000000
-625.1769380644  0.0000000000  0.0000000000  0.0000000000  0.0000000000
-623.9203010029  0.0000000000  0.0000000000  0.0000000000  0.0000000000
-622.6636639415  0.0000000000  0.0000000000  0.0000000000  0.0000000000
-621.4070268801  0.0000000000  0.0000000000  0.0000000000  0.0000000000
-620.1503898186  0.0000000000  0.0000000000  0.0000000000  0.0000000000
-618.8937527572  0.0000000000  0.0000000000  0.0000000000  0.0000000000
-617.6371156958  0.0000000000  0.0000000000  0.0000000000  0.0000000000
-616.3804786343  0.0000000000  0.0000000000  0.0000000000  0.0000000000
-615.1238415729  0.0000000000  0.0000000000  0.0000000000  0.0000000000
-613.8672045114  0.0000000000  0.0000000000  0.0000000000  0.0000000000
-612.6105674500  0.0000000000  0.0000000000  0.0000000000  0.0000000000
-611.3539303886  0.0000000000  0.0000000000  0.0000000000  0.0000000000
-610.0972933271  0.0000000000  0.0000000000  0.0000000000  0.0000000000
-608.8406562657  0.0000000000  0.0000000000  0.0000000000  0.0000000000
-607.5840192043  0.0000000000  0.0000000000  0.0000000000  0.0000000000
-606.3273821428  0.0000000000  0.0000000000  0.0000000000  0.0000000000
-605.0707450814  0.0000000000  0.0000000000  0.0000000000  0.0000000000
-603.8141080200  0.0000000000  0.0000000000  0.0000000000  0.0000000000
-602.5574709585  0.0000000000  0.0000000000  0.0000000000  0.0000000000
-601.3008338971  0.0000000000  0.0000000000  0.0000000000  0.0000000000
-600.0441968357  0.0000000000  0.0000000000  0.0000000000  0.0000000000
-598.7875597742  0.0000000000  0.0000000000  0.0000000000  0.0000000000
-597.5309227128  0.0000000000  0.0000000000  0.0000000000  0.0000000000
-596.2742856513  0.0000000000  0.0000000000  0.0000000000  0.0000000000
-595.0176485899  0.0000000000  0.0000000000  0.0000000000  0.0000000000
-593.7610115285  0.0000000000  0.0000000000  0.0000000000  0.0000000000
-592.5043744670  0.0000000000  0.0000000000  0.0000000000  0.0000000000
-591.2477374056  0.0000000000  0.0000000000  0.0000000000  0.0000000000
-589.9911003442  0.0000000000  0.0000000000  0.0000000000  0.0000000000
-588.7344632827  0.0000000000  0.0000000000  0.0000000000  0.0000000000
-587.4778262213  0.0000000000  0.0000000000  0.0000000000  0.0000000000
-586.2211891599  0.0000000000  0.0000000000  0.0000000000  0.0000000000
-584.9645520984  0.0000000000  0.0000000000  0.0000000000  0.0000000000
-583.7079150370  0.0000000000  0.0000000000  0.0000000000  0.0000000000
-582.4512779755  0.0000000000  0.0000000000  0.0000000000  0.0000000000
-581.1946409141  0.0000000000  0.0000000000  0.0000000000  0.0000000000
-579.9380038527  0.0000000000  0.0000000000  0.0000000000  0.0000000000
-578.6813667912  0.0000000000  0.0000000000  0.0000000000  0.0000000000
-577.4247297298  0.0000000000  0.0000000000  0.0000000000  0.0000000000
-576.1680926684  0.0000000000  0.0000000000  0.0000000000  0.0000000000
-574.9114556069  0.0000000000  0.0000000000  0.0000000000  0.0000000000
-573.6548185455  0.0000000000  0.0000000000  0.0000000000  0.0000000000
-572.3981814841  0.0000000000  0.0000000000  0.0000000000  0.0000000000
-571.1415444226  0.0000000000  0.0000000000  0.0000000000  0.0000000000
-569.8849073612  0.0000000000  0.0000000000  0.0000000000  0.0000000000
-568.6282702998  0.0000000000  0.0000000000  0.0000000000  0.0000000000
-567.3716332383  0.0000000000  0.0000000000  0.0000000000  0.0000000000
-566.1149961769  0.0000000000  0.0000000000  0.0000000000  0.0000000000
-564.8583591154  0.0000000000  0.0000000000  0.0000000000  0.0000000000
-563.6017220540  0.0000000000  0.0000000000  0.0000000000  0.0000000000
-562.3450849926  0.0000000000  0.0000000000  0.0000000000  0.0000000000
-561.0884479311  0.0000000000  0.0000000000  0.0000000000  0.0000000000
-559.8318108697  0.0000000000  0.0000000000  0.0000000000  0.0000000000
-558.5751738083  0.0000000000  0.0000000000  0.0000000000  0.0000000000
-557.3185367468  0.0000000000  0.0000000000  0.0000000000  0.0000000000
-556.0618996854  0.0000000000  0.0000000000  0.0000000000  0.0000000000
-554.8052626240  0.0000000000  0.0000000000  0.0000000000  0.0000000000
-553.5486255625  0.0000000000  0.0000000000  0.0000000000  0.0000000000
-552.2919885011  0.0000000000  0.0000000000  0.0000000000  0.0000000000
-551.0353514396  0.0000000000  0.0000000000  0.0000000000  0.0000000000
-549.7787143782  0.0000000000  0.0000000000  0.0000000000  0.0000000000
-548.5220773168  0.0000000000  0.0000000000  0.0000000000  0.0000000000
-547.2654402553  0.0000000000  0.0000000000  0.0000000000  0.0000000000
-546.0088031939  0.0000000000  0.0000000000  0.0000000000  0.0000000000
-544.7521661325  0.0000000000  0.0000000000  0.0000000000  0.0000000000
-543.4955290710  0.0000000000  0.0000000000  0.0000000000  0.0000000000
-542.2388920096  0.0000000000  0.0000000000  0.0000000000  0.0000000000
-540.9822549482  0.0000000000  0.0000000000  0.0000000000  0.0000000000
-539.7256178867  0.0000000000  0.0000000000  0.0000000000  0.0000000000
-538.4689808253  0.0000000000  0.0000000000  0.0000000000  0.0000000000
-537.2123437639  0.0000000000  0.0000000000  0.0000000000  0.0000000000
-535.9557067024  0.0000000000  0.0000000000  0.0000000000  0.0000000000
-534.6990696410  0.0000000000  0.0000000000  0.0000000000  0.0000000000
-533.4424325795  0.0000000000  0.0000000000  0.0000000000  0.0000000000
-532.1857955181  0.0000000000  0.0000000000  0.0000000000  0.0000000000
-530.9291584567  0.0000000000  0.0000000000  0.0000000000  0.0000000000
-529.6725213952  0.0000000000  0.0000000000  0.0000000000  0.0000000000
-528.4158843338  0.0000000000  0.0000000000  0.0000000000  0.0000000000
-527.1592472724  0.0000000000  0.0000000000  0.0000000000  0.0000000000
-525.9026102109  0.0000000000  0.0000000000  0.0000000000  0.0000000000
-524.6459731495  0.0000000000  0.0000000000  0.0000000000  0.0000000000
-523.3893360881  0.0000000000  0.0000000000  0.0000000000  0.0000000000
-522.1326990266  0.0000000000  0.0000000000  0.0000000000  0.0000000000
-520.8760619652  0.0000000000  0.0000000000  0.0000000000  0.0000000000
-519.6194249038  0.0000000000  0.0000000000  0.0000000000  0.0000000000
-518.3627878423  0.0000000000  0.0000000000  0.0000000000  0.0000000000
-517.1061507809  0.0000000000  0.0000000000  0.0000000000  0.0000000000
-515.8495137194  0.0000000000  0.0000000000  0.0000000000  0.0000000000
-514.5928766580  0.0000000000  0.0000000000  0.0000000000  0.0000000000
-513.3362395966  0.0000000000  0.0000000000  0.0000000000  0.0000000000
-512.0796025351  0.0000000000  0.0000000000  0.0000000000  0.0000000000
-510.8229654737  0.0000000000  0.0000000000  0.0000000000  0.0000000000
-509.5663284123  0.0000000000  0.0000000000  0.0000000000  0.0000000000
-508.3096913508  0.0000000000  0.0000000000  0.0000000000  0.0000000000
-507.0530542894  0.0000000000  0.0000000000  0.0000000000  0.0000000000
-505.7964172280  0.0000000000  0.0000000000  0.0000000000  0.0000000000
-504.5397801665  0.0000000000  0.0000000000  0.0000000000  0.0000000000
-503.2831431051  0.0000000000  0.0000000000  0.0000000000  0.0000000000
-502.0265060436  0.0000000000  0.0000000000  0.0000000000  0.0000000000
-500.7698689822  0.0000000000  0.0000000000  0.0000000000  0.0000000000
-499.5132319208  0.0000000000  0.0000000000  0.0000000000  0.0000000000
-498.2565948593  0.0000000000  0.0000000000  0.0000000000  0.0000000000
-496.9999577979  0.0000000000  0.0000000000  0.0000000000  0.0000000000
-495.7433207365  0.0000000000  0.0000000000  0.0000000000  0.0000000000
-494.4866836750  0.0000000000  0.0000000000  0.0000000000  0.0000000000
-493.2300466136  0.0000000000  0.0000000000  0.0000000000  0.0000000000
-491.9734095522  0.0000000000  0.0000000000  0.0000000000  0.0000000000
-490.7167724907  0.0000000000  0.0000000000  0.0000000000  0.0000000000
-489.4601354293  0.0000000000  0.0000000000  0.0000000000  0.0000000000
-488.2034983679  0.0000000000  0.0000000000  0.0000000000  0.0000000000
-486.9468613064  0.0000000000  0.0000000000  0.0000000000  0.0000000000
-485.6902242450  0.0000000000  0.0000000000  0.0000000000  0.0000000000
-484.4335871835  0.0000000000  0.0000000000  0.0000000000  0.0000000000
-483.1769501221  0.0000000000  0.0000000000  0.0000000000  0.0000000000
-481.9203130607  0.0000000000  0.0000000000  0.0000000000  0.0000000000
-480.6636759992  0.0000000000  0.0000000000  0.0000000000  0.0000000000
-479.4070389378  0.0000000000  0.0000000000  0.0000000000  0.0000000000
-478.1504018764  0.0000000000  0.0000000000  0.0000000000  0.0000000000
-476.8937648149  0.0000000000  0.0000000000  0.0000000000  0.0000000000
-475.6371277535  0.0000000000  0.0000000000  0.0000000000  0.0000000000
-474.3804906921  0.0000000000  0.0000000000  0.0000000000  0.0000000000
-473.1238536306  0.0000000000  0.0000000000  0.0000000000  0.0000000000
-471.8672165692  0.0000000000  0.0000000000  0.0000000000  0.0000000000
-470.6105795078  0.0000000000  0.0000000000  0.0000000000  0.0000000000
-469.3539424463  0.0000000000  0.0000000000  0.0000000000  0.0000000000
-468.0973053849  0.0000000000  0.0000000000  0.0000000000  0.0000000000
-466.8406683234  0.0000000000  0.0000000000  0.0000000000  0.0000000000
-465.5840312620  0.0000000000  0.0000000000  0.0000000000  0.0000000000
-464.3273942006  0.0000000000  0.0000000000  0.0000000000  0.0000000000
-463.0707571391  0.0000000000  0.0000000000  0.0000000000  0.0000000000
-461.8141200777  0.0000000000  0.0000000000  0.0000000000  0.0000000000
-460.5574830163  0.0000000000  0.0000000000  0.0000000000  0.0000000000
-459.3008459548  0.0000000000  0.0000000000  0.0000000000  0.0000000000
-458.0442088934  0.0000000000  0.0000000000  0.0000000000  0.0000000000
-456.7875718320  0.0000000000  0.0000000000  0.0000000000  0.0000000000
-455.5309347705  0.0000000000  0.0000000000  0.0000000000  0.0000000000
-454.2742977091  0.0000000000  0.0000000000  0.0000000000  0.0000000000
-453.0176606476  0.0000000000  0.0000000000  0.0000000000  0.0000000000
-451.7610235862  0.0000000000  0.0000000000  0.0000000000  0.0000000000
-450.5043865248  0.0000000000  0.0000000000  0.0000000000  0.0000000000
-449.2477494633  0.0000000000  0.0000000000  0.0000000000  0.0000000000
-447.9911124019  0.0000000000  0.0000000000  0.0000000000  0.0000000000
-446.7344753405  0.0000000000  0.0000000000  0.0000000000  0.0000000000
-445.4778382790  0.0000000000  0.0000000000  0.0000000000  0.0000000000
-444.2212012176  0.0000000000  0.0000000000  0.0000000000  0.0000000000
-442.9645641562  0.0000000000  0.0000000000  0.0000000000  0.0000000000
-441.7079270947  0.0000000000  0.0000000000  0.0000000000  0.0000000000
-440.4512900333  0.0000000000  0.0000000000  0.0000000000  0.0000000000
-439.1946529719  0.0000000000  0.0000000000  0.0000000000  0.0000000000
-437.9380159104  0.0000000000  0.0000000000  0.0000000000  0.0000000000
-436.6813788490  0.0000000000  0.0000000000  0.0000000000  0.0000000000
-435.4247417875  0.0000000000  0.0000000000  0.0000000000  0.0000000000
-434.1681047261  0.0000000000  0.0000000000  0.0000000000  0.0000000000
-432.9114676647  0.0000000000  0.0000000000  0.0000000000  0.0000000000
-431.6548306032  0.0000000000  0.0000000000  0.0000000000  0.0000000000
-430.3981935418  0.0000000000  0.0000000000  0.0000000000  0.0000000000
-429.1415564804  0.0000000000  0.0000000000  0.0000000000  0.0000000000
-427.8849194189  0.0000000000  0.0000000000  0.0000000000  0.0000000000
-426.6282823575  0.0000000000  0.0000000000  0.0000000000  0.0000000000
-425.3716452961  0.0000000000  0.0000000000  0.0000000000  0.0000000000
-424.1150082346  0.0000000000  0.0000000000  0.0000000000  0.0000000000
-422.8583711732  0.0000000000  0.0000000000  0.0000000000  0.0000000000
-421.6017341118  0.0000000000  0.0000000000  0.0000000000  0.0000000000
-420.3450970503  0.0000000000  0.0000000000  0.0000000000  0.0000000000
-419.0884599889  0.0000000000  0.0000000000  0.0000000000  0.0000000000
-417.8318229274  0.0000000000  0.0000000000  0.0000000000  0.0000000000
-416.5751858660  0.0000000000  0.0000000000  0.0000000000  0.0000000000
-415.3185488046  0.0000000000  0.0000000000  0.0000000000  0.0000000000
-414.0619117431  0.0000000000  0.0000000000  0.0000000000  0.0000000000
-412.8052746817  0.0000000000  0.0000000000  0.0000000000  0.0000000000
-411.5486376203  0.0000000000  0.0000000000  0.0000000000  0.0000000000
-410.2920005588  0.0000000000  0.0000000000  0.0000000000  0.0000000000
-409.0353634974  0.0000000000  0.0000000000  0.0000000000  0.0000000000
-407.7787264360  0.0000000000  0.0000000000  0.0000000000  0.0000000000
-406.5220893745  0.0000000000  0.0000000000  0.0000000000  0.0000000000
-405.2654523131  0.0000000000  0.0000000000  0.0000000000  0.0000000000
-404.0088152516  0.0000000000  0.0000000000  0.0000000000  0.0000000000
-402.7521781902  0.0000000000  0.0000000000  0.0000000000  0.0000000000
-401.4955411288  0.0000000000  0.0000000000  0.0000000000  0.0000000000
-400.2389040673  0.0000000000  0.0000000000  0.0000000000  0.0000000000
-398.9822670059  0.0000000000  0.0000000000  0.0000000000  0.0000000000
-397.7256299445  0.0000000000  0.0000000000  0.0000000000  0.0000000000
-396.4689928830  0.0000000000  0.0000000000  0.0000000000  0.0000000000
-395.2123558216  0.0000000000  0.0000000000  0.0000000000  0.0000000000
-393.9557187602  0.0000000000  0.0000000000  0.0000000000  0.0000000000
-392.6990816987  0.0000000000  0.0000000000  0.0000000000  0.0000000000
-391.4424446373  0.0000000000  0.0000000000  0.0000000000  0.0000000000
-390.1858075759  0.0000000000  0.0000000000  0.0000000000  0.0000000000
-388.9291705144  0.0000000000  0.0000000000  0.0000000000  0.0000000000
-387.6725334530  0.0000000000  0.0000000000  0.0000000000  0.0000000000
-386.4158963915  0.0000000000  0.0000000000  0.0000000000  0.0000000000
-385.1592593301  0.0000000000  0.0000000000  0.0000000000  0.0000000000
-383.9026222687  0.0000000000  0.0000000000  0.0000000000  0.0000000000
-382.6459852072  0.0000000000  0.0000000000  0.0000000000  0.0000000000
-381.3893481458  0.0000000000  0.0000000000  0.0000000000  0.0000000000
-380.1327110844  0.0000000000  0.0000000000  0.0000000000  0.0000000000
-378.8760740229  0.0000000000  0.0000000000  0.0000000000  0.0000000000
-377.6194369615  0.0000000000  0.0000000000  0.0000000000  0.0000000000
-376.3627999001  0.0000000000  0.0000000000  0.0000000000  0.0000000000
-375.1061628386  0.0000000000  0.0000000000  0.0000000000  0.0000000000
-373.8495257772  0.0000000000  0.0000000000  0.0000000000  0.0000000000
-372.5928887157  0.0000000000  0.0000000000  0.0000000000  0.0000000000
-371.3362516543  0.0000000000  0.0000000000  0.0000000000  0.0000000000
-370.0796145929  0.0000000000  0.0000000000  0.0000000000  0.0000000000
-368.8229775314  0.0000000000  0.0000000000  0.0000000000  0.0000000000
-367.5663404700  0.0000000000  0.0000000000  0.0000000000  0.0000000000
-366.3097034086  0.0000000000  0.0000000000  0.0000000000  0.0000000000
-365.0530663471  0.0000000000  0.0000000000  0.0000000000  0.0000000000
-363.7964292857  0.0000000000  0.0000000000  0.0000000000  0.0000000000
-362.5397922243  0.0000000000  0.0000000000  0.0000000000  0.0000000000
-361.2831551628  0.0000000000  0.0000000000  0.0000000000  0.0000000000
-360.0265181014  0.0000000000  0.0000000000  0.0000000000  0.0000000000
-358.7698810400  0.0000000000  0.0000000000  0.0000000000  0.0000000000
-357.5132439785  0.0000000000  0.0000000000  0.0000000000  0.0000000000
-356.2566069171  0.0000000000  0.0000000000  0.0000000000  0.0000000000
-354.9999698556  0.0000000000  0.0000000000  0.0000000000  0.0000000000
-353.7433327942  0.0000000000  0.0000000000  0.0000000000  0.0000000000
-352.4866957328  0.0000000000  0.0000000000  0.0000000000  0.0000000000
-351.2300586713  0.0000000000  0.0000000000  0.0000000000  0.0000000000
-349.9734216099  0.0000000000  0.0000000000  0.0000000000  0.0000000000
-348.7167845485  0.0000000000  0.0000000000  0.0000000000  0.0000000000
-347.4601474870  0.0000000000  0.0000000000  0.0000000000  0.0000000000
-346.2035104256  0.0000000000  0.0000000000  0.0000000000  0.0000000000
-344.9468733642  0.0000000000  0.0000000000  0.0000000000  0.0000000000
-343.6902363027  0.0000000000  0.0000000000  0.0000000000  0.0000000000
-342.4335992413  0.0000000000  0.0000000000  0.0000000000  0.0000000000
-341.1769621799  0.0000000000  0.0000000000  0.0000000000  0.0000000000
-339.9203251184  0.0000000000  0.0000000000  0.0000000000  0.0000000000
-338.6636880570  0.0000000000  0.0000000000  0.0000000000  0.0000000000
-337.4070509955  0.0000000000  0.0000000000  0.0000000000  0.0000000000
-336.1504139341  0.0000000000  0.0000000000  0.0000000000  0.0000000000
-334.8937768727  0.0000000000  0.0000000000  0.0000000000  0.0000000000
-333.6371398112  0.0000000000  0.0000000000  0.0000000000  0.0000000000
-332.3805027498  0.0000000000  0.0000000000  0.0000000000  0.0000000000
-331.1238656884  0.0000000000  0.0000000000  0.0000000000  0.0000000000
-329.8672286269  0.0000000000  0.0000000000  0.0000000000  0.0000000000
-328.6105915655  0.0000000000  0.0000000000  0.0000000000  0.0000000000
-327.3539545041  0.0000000000  0.0000000000  0.0000000000  0.0000000000
-326.0973174426  0.0000000000  0.0000000000  0.0000000000  0.0000000000
-324.8406803812  0.0000000000  0.0000000000  0.0000000000  0.0000000000
-323.5840433197  0.0000000000  0.0000000000  0.0000000000  0.0000000000
-322.3274062583  0.0000000000  0.0000000000  0.0000000000  0.0000000000
-321.0707691969  0.0000000000  0.0000000000  0.0000000000  0.0000000000
-319.8141321354  0.0000000000  0.0000000000  0.0000000000  0.0000000000
-318.5574950740  0.0000000000  0.0000000000  0.0000000000  0.0000000000
-317.3008580126  0.0000000000  0.0000000000  0.0000000000  0.0000000000
-316.0442209511  0.0000000000  0.0000000000  0.0000000000  0.0000000000
-314.7875838897  0.0000000000  0.0000000000  0.0000000000  0.0000000000
-313.5309468283  0.0000000000  0.0000000000  0.0000000000  0.0000000000
-312.2743097668  0.0000000000  0.0000000000  0.0000000000  0.0000000000
-311.0176727054  0.0000000000  0.0000000000  0.0000000000  0.0000000000
-309.7610356440  0.0000000000  0.0000000000  0.0000000000  0.0000000000
-308.5043985825  0.0000000000  0.0000000000  0.0000000000  0.0000000000
-307.2477615211  0.0000000000  0.0000000000  0.0000000000  0.0000000000
-305.9911244596  0.0000000000  0.0000000000  0.0000000000  0.0000000000
-304.7344873982  0.0000000000  0.0000000000  0.0000000000  0.0000000000
-303.4778503368  0.0000000000  0.0000000000  0.0000000000  0.0000000000
-302.2212132753  0.0000000000  0.0000000000  0.0000000000  0.0000000000
-300.9645762139  0.0000000000  0.0000000000  0.0000000000  0.0000000000
-299.7079391525  0.0000000000  0.0000000000  0.0000000000  0.0000000000
-298.4513020910  0.0000000000  0.0000000000  0.0000000000  0.0000000000
-297.1946650296  0.0000000000  0.0000000000  0.0000000000  0.0000000000
-295.9380279682  0.0000000000  0.0000000000  0.0000000000  0.0000000000
-294.6813909067  0.0000000000  0.0000000000  0.0000000000  0.0000000000
-293.4247538453  0.0000000000  0.0000000000  0.0000000000  0.0000000000
-292.1681167839  0.0000000000  0.0000000000  0.0000000000  0.0000000000
-290.9114797224  0.0000000000  0.0000000000  0.0000000000  0.0000000000
-289.6548426610  0.0000000000  0.0000000000  0.0000000000  0.0000000000
-288.3982055995  0.0000000000  0.0000000000  0.0000000000  0.0000000000
-287.1415685381  0.0000000000  0.0000000000  0.0000000000  0.0000000000
-285.8849314767  0.0000000000  0.0000000000  0.0000000000  0.0000000000
-284.6282944152  0.0000000000  0.0000000000  0.0000000000  0.0000000000
-283.3716573538  0.0000000000  0.0000000000  0.0000000000  0.0000000000
-282.1150202924  0.0000000000  0.0000000000  0.0000000000  0.0000000000
-280.8583832309  0.0000000000  0.0000000000  0.0000000000  0.0000000000
-279.6017461695  0.0000000000  0.0000000000  0.0000000000  0.0000000000
-278.3451091081  0.0000000000  0.0000000000  0.0000000000  0.0000000000
-277.0884720466  0.0000000000  0.0000000000  0.0000000000  0.0000000000
-275.8318349852  0.0000000000  0.0000000000  0.0000000000  0.0000000000
-274.5751979237  0.0000000000  0.0000000000  0.0000000000  0.0000000000
-273.3185608623  0.0000000000  0.0000000000  0.0000000000  0.0000000000
-272.0619238009  0.0000000000  0.0000000000  0.0000000000  0.0000000000
-270.8052867394  0.0000000000  0.0000000000  0.0000000000  0.0000000000
-269.5486496780  0.0000000000  0.0000000000  0.0000000000  0.0000000000
-268.2920126166  0.0000000000  0.0000000000  0.0000000000  0.0000000000
-267.0353755551  0.0000000000  0.0000000000  0.0000000000  0.0000000000
-265.7787384937  0.0000000000  0.0000000000  0.0000000000  0.0000000000
-264.5221014323  0.0000000000  0.0000000000  0.0000000000  0.0000000000
-263.2654643708  0.0000000000  0.0000000000  0.0000000000  0.0000000000
-262.0088273094  0.0000000000  0.0000000000  0.0000000000  0.0000000000
-260.7521902480  0.0000000000  0.0000000000  0.0000000000  0.0000000000
-259.4955531865  0.0000000000  0.0000000000  0.0000000000  0.0000000000
-258.2389161251  0.0000000000  0.0000000000  0.0000000000  0.0000000000
-256.9822790636  0.0000000000  0.0000000000  0.0000000000  0.0000000000
-255.7256420022  0.0000000000  0.0000000000  0.0000000000  0.0000000000
-254.4690049408  0.0000000000  0.0000000000  0.0000000000  0.0000000000
-253.2123678793  0.0000000000  0.0000000000  0.0000000000  0.0000000000
-251.9557308179  0.0000000000  0.0000000000  0.0000000000  0.0000000000
-250.6990937565  0.0000000000  0.0000000000  0.0000000000  0.0000000000
-249.4424566950  0.0000000000  0.0000000000  0.0000000000  0.0000000000
-248.1858196336  0.0000000000  0.0000000000  0.0000000000  0.0000000000
-246.9291825722  0.0000000000  0.0000000000  0.0000000000  0.0000000000
-245.6725455107  0.0000000000  0.0000000000  0.0000000000  0.0000000000
-244.4159084493  0.0000000000  0.0000000000  0.0000000000  0.0000000000
-243.1592713878  0.0000000000  0.0000000000  0.0000000000  0.0000000000
-241.9026343264  0.0000000000  0.0000000000  0.0000000000  0.0000000000
-240.6459972650  0.0000000000  0.0000000000  0.0000000000  0.0000000000
-239.3893602035  0.0000000000  0.0000000000  0.0000000000  0.0000000000
-238.1327231421  0.0000000000  0.0000000000  0.0000000000  0.0000000000
-236.8760860807  0.0000000000  0.0000000000  0.0000000000  0.0000000000
-235.6194490192  0.0000000000  0.0000000000  0.0000000000  0.0000000000
-234.3628119578  0.0000000000  0.0000000000  0.0000000000  0.0000000000
-233.1061748964  0.0000000000  0.0000000000  0.0000000000  0.0000000000
-231.8495378349  0.0000000000  0.0000000000  0.0000000000  0.0000000000
-230.5929007735  0.0000000000  0.0000000000  0.0000000000  0.0000000000
-229.3362637121  0.0000000000  0.0000000000  0.0000000000  0.0000000000
-228.0796266506  0.0000000000  0.0000000000  0.0000000000  0.0000000000
-226.8229895892  0.0000000000  0.0000000000  0.0000000000  0.0000000000
-225.5663525277  0.0000000000  0.0000000000  0.0000000000  0.0000000000
-224.3097154663  0.0000000000  0.0000000000  0.0000000000  0.0000000000
-223.0530784049  0.0000000000  0.0000000000  0.0000000000  0.0000000000
-221.7964413434  0.0000000000  0.0000000000  0.0000000000  0.0000000000
-220.5398042820  0.0000000000  0.0000000000  0.0000000000  0.0000000000
-219.2831672206  0.0000000000  0.0000000000  0.0000000000  0.0000000000
-218.0265301591  0.0000000000  0.0000000000  0.0000000000  0.0000000000
-216.7698930977  0.0000000000  0.0000000000  0.0000000000  0.0000000000
-215.5132560363  0.0000000000  0.0000000000  0.0000000000  0.0000000000
-214.2566189748  0.0000000000  0.0000000000  0.0000000000  0.0000000000
-212.9999819134  0.0000000000  0.0000000000  0.0000000000  0.0000000000
-211.7433448520  0.0000000000  0.0000000000  0.0000000000  0.0000000000
-210.4867077905  0.0000000000  0.0000000000  0.0000000000  0.0000000000
-209.2300707291  0.0000000000  0.0000000000  0.0000000000  0.0000000000
-207.9734336676  0.0000000000  0.0000000000  0.0000000000  0.0000000000
-206.7167966062  0.0000000000  0.0000000000  0.0000000000  0.0000000000
-205.4601595448  0.0000000000  0.0000000000  0.0000000000  0.0000000000
-204.2035224833  0.0000000000  0.0000000000  0.0000000000  0.0000000000
-202.9468854219  0.0000000000  0.0000000000  0.0000000000  0.0000000000
-201.6902483605  0.0000000000  0.0000000000  0.0000000000  0.0000000000
-200.4336112990  0.0000000000  0.0000000000  0.0000000000  0.0000000000
-199.1769742376  0.0000000000  0.0000000000  0.0000000000  0.0000000000
-197.9203371762  0.0000000000  0.0000000000  0.0000000000  0.0000000000
-196.6637001147  0.0000000000  0.0000000000  0.0000000000  0.0000000000
-195.4070630533  0.0000000000  0.0000000000  0.0000000000  0.0000000000
-194.1504259918  0.0000000000  0.0000000000  0.0000000000  0.0000000000
-192.8937889304  0.0000000000  0.0000000000  0.0000000000  0.0000000000
-191.6371518690  0.0000000000  0.0000000000  0.0000000000  0.0000000000
-190.3805148075  0.0000000000  0.0000000000  0.0000000000  0.0000000000
-189.1238777461  0.0000000000  0.0000000000  0.0000000000  0.0000000000
-187.8672406847  0.0000000000  0.0000000000  0.0000000000  0.0000000000
-186.6106036232  0.0000000000  0.0000000000  0.0000000000  0.0000000000
-185.3539665618  0.0000000000  0.0000000000  0.0000000000  0.0000000000
-184.0973295004  0.0000000000  0.0000000000  0.0000000000  0.0000000000
-182.8406924389  0.0000000000  0.0000000000  0.0000000000  0.0000000000
-181.5840553775  0.0000000000  0.0000000000  0.0000000000  0.0000000000
-180.3274183161  0.0000000000  0.0000000000  0.0000000000  0.0000000000
-179.0707812546  0.0000000000  0.0000000000  0.0000000000  0.0000000000
-177.8141441932  0.0000000000  0.0000000000  0.0000000000  0.0000000000
-176.5575071317  0.0000000000  0.0000000000  0.0000000000  0.0000000000
-175.3008700703  0.0000000000  0.0000000000  0.0000000000  0.0000000000
-174.0442330089  0.0000000000  0.0000000000  0.0000000000  0.0000000000
-172.7875959474  0.0000000000  0.0000000000  0.0000000000  0.0000000000
-171.5309588860  0.0000000000  0.0000000000  0.0000000000  0.0000000000
-170.2743218246  0.0000000000  0.0000000000  0.0000000000  0.0000000000
-169.0176847631  0.0000000000  0.0000000000  0.0000000000  0.0000000000
-167.7610477017  0.0000000000  0.0000000000  0.0000000000  0.0000000000
-166.5044106403  0.0000000000  0.0000000000  0.0000000000  0.0000000000
-165.2477735788  0.0000000000  0.0000000000  0.0000000000  0.0000000000
-163.9911365174  0.0000000000  0.0000000000  0.0000000000  0.0000000000
-162.7344994560  0.0000000000  0.0000000000  0.0000000000  0.0000000000
-161.4778623945  0.0000000000  0.0000000000  0.0000000000  0.0000000000
-160.2212253331  0.0000000000  0.0000000000  0.0000000000  0.0000000000
-158.9645882716  0.0000000000  0.0000000000  0.0000000000  0.0000000000
-157.7079512102  0.0000000000  0.0000000000  0.0000000000  0.0000000000
-156.4513141488  0.0000000000  0.0000000000  0.0000000000  0.0000000000
-155.1946770873  0.0000000000  0.0000000000  0.0000000000  0.0000000000
-153.9380400259  0.0000000000  0.0000000000  0.0000000000  0.0000000000
-152.6814029645  0.0000000000  0.0000000000  0.0000000000  0.0000000000
-151.4247659030  0.0000000000  0.0000000000  0.0000000000  0.0000000000
-150.1681288416  0.0000000000  0.0000000000  0.0000000000  0.0000000000
-148.9114917802  0.0000000000  0.0000000000  0.0000000000  0.0000000000
-147.6548547187  0.0000000000  0.0000000000  0.0000000000  0.0000000000
-146.3982176573  0.0000000000  0.0000000000  0.0000000000  0.0000000000
-145.1415805958  0.0000000000  0.0000000000  0.0000000000  0.0000000000
-143.8849435344  0.0000000000  0.0000000000  0.0000000000  0.0000000000
-142.6283064730  0.0000000000  0.0000000000  0.0000000000  0.0000000000
-141.3716694115  0.0000000000  0.0000000000  0.0000000000  0.0000000000
-140.1150323501  0.0000000000  0.0000000000  0.0000000000  0.0000000000
-138.8583952887  0.0000000000  0.0000000000  0.0000000000  0.0000000000
-137.6017582272  0.0000000000  0.0000000000  0.0000000000  0.0000000000
-136.3451211658  0.0000000000  0.0000000000  0.0000000000  0.0000000000
-135.0884841044  0.0000000000  0.0000000000  0.0000000000  0.0000000000
-133.8318470429  0.0000000000  0.0000000000  0.0000000000  0.0000000000
-132.5752099815  0.0000000000  0.0000000000  0.0000000000  0.0000000000
-131.3185729201  0.0000000000  0.0000000000  0.0000000000  0.0000000000
-130.0619358586  0.0000000000  0.0000000000  0.0000000000  0.0000000000
-128.8052987972  0.0000000000  0.0000000000  0.0000000000  0.0000000000
-127.5486617357  0.0000000000  0.0000000000  0.0000000000  0.0000000000
-126.2920246743  0.0000000000  0.0000000000  0.0000000000  0.0000000000
-125.0353876129  0.0000000000  0.0000000000  0.0000000000  0.0000000000
-123.7787505514  0.0000000000  0.0000000000  0.0000000000  0.0000000000
-122.5221134900  0.0000000000  0.0000000000  0.0000000000  0.0000000000
-121.2654764286  0.0000000000  0.0000000000  0.0000000000  0.0000000000
-120.0088393671  0.0000000000  0.0000000000  0.0000000000  0.0000000000
-118.7522023057  0.0000000000  0.0000000000  0.0000000000  0.0000000000
-117.4955652443  0.0000000000  0.0000000000  0.0000000000  0.0000000000
-116.2389281828  0.0000000000  0.0000000000  0.0000000000  0.0000000000
-114.9822911214  0.0000000000  0.0000000000  0.0000000000  0.0000000000
-113.7256540600  0.0000000000  0.0000000000  0.0000000000  0.0000000000
-112.4690169985  0.0000000000  0.0000000000  0.0000000000  0.0000000000
-111.2123799371  0.0000000000  0.0000000000  0.0000000000  0.0000000000
-109.9557428756  0.0000000000  0.0000000000  0.0000000000  0.0000000000
-108.6991058142  0.0000000000  0.0000000000  0.0000000000  0.0000000000
-107.4424687528  0.0000000000  0.0000000000  0.0000000000  0.0000000000
-106.1858316913  0.0000000000  0.0000000000  0.0000000000  0.0000000000
-104.9291946299  0.0000000000  0.0000000000  0.0000000000  0.0000000000
-103.6725575685  0.0000000000  0.0000000000  0.0000000000  0.0000000000
-102.4159205070  0.0000000000  0.0000000000  0.0000000000  0.0000000000
-101.1592834456  0.0000000000  0.0000000000  0.0000000000  0.0000000000
-99.9026463842  0.0000000000  0.0000000000  0.0000000000  0.0000000000
-98.6460093227  0.0000000000  0.0000000000  0.0000000000  0.0000000000
-97.3893722613  0.0000000000  0.0000000000  0.0000000000  0.0000000000
-96.1327351998  0.0000000000  0.0000000000  0.0000000000  0.0000000000
-94.8760981384  0.0000000000  0.0000000000  0.0000000000  0.0000000000
-93.6194610770  0.0000000000  0.0000000000  0.0000000000  0.0000000000
-92.3628240155  0.0000000000  0.0000000000  0.0000000000  0.0000000000
-91.1061869541  0.0000000000  0.0000000000  0.0000000000  0.0000000000
-89.8495498927  0.0000000000  0.0000000000  0.0000000000  0.0000000000
-88.5929128312  0.0000000000  0.0000000000  0.0000000000  0.0000000000
-87.3362757698  0.0000000000  0.0000000000  0.0000000000  0.0000000000
-86.0796387084  0.0000000000  0.0000000000  0.0000000000  0.0000000000
-84.8230016469  0.0000000000  0.0000000000  0.0000000000  0.0000000000
-83.5663645855  0.0000000000  0.0000000000  0.0000000000  0.0000000000
-82.3097275241  0.0000000000  0.0000000000  0.0000000000  0.0000000000
-81.0530904626  0.0000000000  0.0000000000  0.0000000000  0.0000000000
-79.7964534012  0.0000000000  0.0000000000  0.0000000000  0.0000000000
-78.5398163397  0.0000000000  0.0000000000  0.0000000000  0.0000000000
-77.2831792783  0.0000000000  0.0000000000  0.0000000000  0.0000000000
-76.0265422169  0.0000000000  0.0000000000  0.0000000000  0.0000000000
-74.7699051554  0.0000000000  0.0000000000  0.0000000000  0.0000000000
-73.5132680940  0.0000000000  0.0000000000  0.0000000000  0.0000000000
-72.2566310326  0.0000000000  0.0000000000  0.0000000000  0.0000000000
-70.9999939711  0.0000000000  0.0000000000  0.0000000000  0.0000000000
-69.7433569097  0.0000000000  0.0000000000  0.0000000000  0.0000000000
-68.4867198483  0.0000000000  0.0000000000  0.0000000000  0.0000000000
-67.2300827868  0.0000000000  0.0000000000  0.0000000000  0.0000000000
-65.9734457254  0.0000000000  0.0000000000  0.0000000000  0.0000000000
-64.7168086639  0.0000000000  0.0000000000  0.0000000000  0.0000000000
-63.4601716025  0.0000000000  0.0000000000  0.0000000000  0.0000000000
-62.2035345411  0.0000000000  0.0000000000  0.0000000000  0.0000000000
-60.9468974796  0.0000000000  0.0000000000  0.0000000000  0.0000000000
-59.6902604182  0.0000000000  0.0000000000  0.0000000000  0.0000000000
-58.4336233568  0.0000000000  0.0000000000  0.0000000000  0.0000000000
-57.1769862953  0.0000000000  0.0000000000  0.0000000000  0.0000000000
-55.9203492339  0.0000000000  0.0000000000  0.0000000000  0.0000000000
-54.6637121725  0.0000000000  0.0000000000  0.0000000000  0.0000000000
-53.4070751110  0.0000000000  0.0000000000  0.0000000000  0.0000000000
-52.1504380496  0.0000000000  0.0000000000  0.0000000000  0.0000000000
-50.8938009882  0.0000000000  0.0000000000  0.0000000000  0.0000000000
-49.6371639267  0.0000000000  0.0000000000  0.0000000000  0.0000000000
-48.3805268653  0.0000000000  0.0000000000  0.0000000000  0.0000000000
-47.1238898038  0.0000000000  0.0000000000  0.0000000000  0.0000000000
-45.8672527424  0.0000000000  0.0000000000  0.0000000000  0.0000000000
-44.6106156810  0.0000000000  0.0000000000  0.0000000000  0.0000000000
-43.3539786195  0.0000000000  0.0000000000  0.0000000000  0.0000000000
-42.0973415581  0.0000000000  0.0000000000  0.0000000000  0.0000000000
-40.8407044967  0.0000000000  0.0000000000  0.0000000000  0.0000000000
-39.5840674352  0.0000000000  0.0000000000  0.0000000000  0.0000000000
-38.3274303738  0.0000000000  0.0000000000  0.0000000000  0.0000000000
-37.0707933124  0.0000000000  0.0000000000  0.0000000000  0.0000000000
-35.8141562509  0.0000000000  0.0000000000  0.0000000000  0.0000000000
-34.5575191895  0.0000000000  0.0000000000  0.0000000000  0.0000000000
-33.3008821281  0.0000000000  0.0000000000  0.0000000000  0.0000000000
-32.0442450666  0.0000000000  0.0000000000  0.0000000000  0.0000000000
-30.7876080052  0.0000000000  0.0000000000  0.0000000000  0.0000000000
-29.5309709437  0.0000000000  0.0000000000  0.0000000000  0.0000000000
-28.2743338823  0.0000000000  0.0000000000  0.0000000000  0.0000000000
-27.0176968209  0.0000000000  0.0000000000  0.0000000000  0.0000000000
-25.7610597594  0.0000000000  0.0000000000  0.0000000000  0.0000000000
-24.5044226980  0.0000000000  0.0000000000  0.0000000000  0.0000000000
-23.2477856366  0.0000000000  0.0000000000  0.0000000000  0.0000000000
-21.9911485751  0.0000000000  0.0000000000  0.0000000000  0.0000000000
-20.7345115137  0.0000000000  0.0000000000  0.0000000000  0.0000000000
-19.4778744523  0.0000000000  0.0000000000  0.0000000000  0.0000000000
-18.2212373908  0.0000000000  0.0000000000  0.0000000000  0.0000000000
-16.9646003294  0.0000000000  0.0000000000  0.0000000000  0.0000000000
-15.7079632679  0.0000000000  0.0000000000  0.0000000000  0.0000000000
-14.4513262065  0.0000000000  0.0000000000  0.0000000000  0.0000000000
-13.1946891451  0.0000000000  0.0000000000  0.0000000000  0.0000000000
-11.9380520836  0.0000000000  0.0000000000  0.0000000000  0.0000000000
-10.6814150222  0.0000000000  0.0000000000  0.0000000000  0.0000000000
-9.4247779608  0.0000000000  0.0000000000  0.0000000000  0.0000000000
-8.1681408993  0.0000000000  0.0000000000  0.0000000000  0.0000000000
-6.9115038379  0.0000000000  0.0000000000  0.0000000000  0.0000000000
-5.6548667765  0.0000000000  0.0000000000  0.0000000000  0.0000000000
-4.3982297150  0.0000000000  0.0000000000  0.0000000000  0.0000000000
-3.1415926536  0.0000000000  0.0000000000  0.0000000000  0.0000000000
-1.8849555922  0.0000000000  0.0000000000  0.0000000000  -0.0000001574
-0.6283185307  0.0000000000  0.0000000000  -0.0000005067  0.0000000000
0.6283185307  0.0000000000  0.0000000000  0.3901566618  -0.1270473368
1.8849555922  0.0000000000  0.0000000000  0.2427916876  -0.2032806361
3.1415926536  0.0000000000  0.0000000000  0.1469339666  -0.1950256457
4.3982297150  0.0000000000  0.0000000000  0.0936897464  -0.1699404618
5.6548667765  0.0000000000  0.0000000000  0.0635296991  -0.1461133531
6.9115038379  0.0000000000  0.0000000000  0.0454098415  -0.1265448489
8.1681408993  0.0000000000  0.0000000000  0.0338677457  -0.1109032110
9.4247779608  0.0000000000  0.0000000000  0.0261354041  -0.0983608834
10.6814150222  0.0000000000  0.0000000000  0.0207327293  -0.0881832588
11.9380520836  0.0000000000  0.0000000000  0.0168233328  -0.0798084728
13.1946891451  0.0000000000  0.0000000000  0.0139103299  -0.0728221274
14.4513262065  0.0000000000  0.0000000000  0.0116853334  -0.0669196646
15.7079632679  0.0000000000  0.0000000000  0.0099495505  -0.0618754092
16.9646003294  0.0000000000  0.0000000000  0.0085705486  -0.0575200352
18.2212373908  0.0000000000  0.0000000000  0.0074575366  -0.0537247347
19.4778744523  0.0000000000  0.0000000000  0.0065466867  -0.0503901655
20.7345115137  0.0000000000  0.0000000000  0.0057921208  -0.0474386954
21.9911485751  0.0000000000  0.0000000000  0.0051602079  -0.0448089038
23.2477856366  0.0000000000  0.0000000000  0.0046258585  -0.0424516349
24.5044226980  0.0000000000  0.0000000000  0.0041700587  -0.0403271296
25.7610597594  0.0000000000  0.0000000000  0.0037781927  -0.0384029121
27.0176968209  0.0000000000  0.0000000000  0.0034388812  -0.0366522153
28.2743338823  0.0000000000  0.0000000000  0.0031431600  -0.0350527923
29.5309709437  0.0000000000  0.0000000000  0.0028838922  -0.0335860103
30.7876080052  0.0000000000  0.0000000000  0.0026553400  -0.0322361513
32.0442450666  0.0000000000  0.0000000000  0.0024528488  -0.0309898683
33.3008821281  0.0000000000  0.0000000000  0.0022726112  -0.0298357574
34.5575191895  0.0000000000  0.0000000000  0.0021114892  -0.0287640194
35.8141562509  0.0000000000  0.0000000000  0.0019668777  -0.0277661884
37.0707933124  0.0000000000  0.0000000000  0.0018366001  -0.0268349139
38.3274303738  0.0000000000  0.0000000000  0.0017188261  -0.0259637843
39.5840674352  0.0000000000  0.0000000000  0.0016120081  -0.0251471816
40.8407044967  0.0000000000  0.0000000000  0.0015148304  -0.0243801637
42.0973415581  0.0000000000  0.0000000000  0.0014261687  -0.0236583655
43.3539786195  0.0000000000  0.0000000000  0.0013450576  -0.0229779177
44.6106156810  0.0000000000  0.0000000000  0.0012706647  -0.0223353788
45.8672527424  0.0000000000  0.0000000000  0.0012022691  -0.0217276773
47.1238898038  0.0000000000  0.0000000000  0.0011392437  -0.0211520639
48.3805268653  0.0000000000  0.0000000000  0.0010810413  -0.0206060702
49.6371639267  0.0000000000  0.0000000000  0.0010271828  -0.0200874738
50.8938009882  0.0000000000  0.0000000000  0.0009772468  -0.0195942688
52.1504380496  0.0000000000  0.0000000000  0.0009308618  -0.0191246399
53.4070751110  0.0000000000  0.0000000000  0.0008876993  -0.0186769402
54.6637121725  0.0000000000  0.0000000000  0.0008474678  -0.0182496724
55.9203492339  0.0000000000  0.0000000000  0.0008099080  -0.0178414723
57.1769862953  0.0000000000  0.0000000000  0.0007747889  -0.0174510941
58.4336233568  0.0000000000  0.0000000000  0.0007419034  -0.0170773980
59.6902604182  0.0000000000  0.0000000000  0.0007110664  -0.0167193392
60.9468974796  0.0000000000  0.0000000000  0.0006821112  -0.0163759582
62.2035345411  0.0000000000  0.0000000000  0.0006548880  -0.0160463722
63.4601716025  0.0000000000  0.0000000000  0.0006292613  -0.0157297679
64.7168086639  0.0000000000  0.0000000000  0.0006051089  -0.0154253942
65.9734457254  0.0000000000  0.0000000000  0.0005823198  -0.0151325572
67.2300827868  0.0000000000  0.0000000000  0.0005607935  -0.0148506140
68.4867198483  0.0000000000  0.0000000000  0.0005404383  -0.0145789689
69.7433569097  0.0000000000  0.0000000000  0.0005211709  -0.0143170686
70.9999939711  0.0000000000  0.0000000000  0.0005029151  -0.0140643987
72.2566310326  0.0000000000  0.0000000000  0.0004856015  -0.0138204804
73.5132680940  0.0000000000  0.0000000000  0.0004691663  -0.0135848672
74.7699051554  0.0000000000  0.0000000000  0.0004535511  -0.0133571427
76.0265422169  0.0000000000  0.0000000000  0.0004387022  -0.0131369177
77.2831792783  0.0000000000  0.0000000000  0.0004245705  -0.0129238282
78.5398163397  0.0000000000  0.0000000000  0.0004111104  -0.0127175333
79.7964534012  0.0000000000  0.0000000000  0.0003982800  -0.0125177134
81.0530904626  0.0000000000  0.0000000000  0.0003860407  -0.0123240689
82.3097275241  0.0000000000  0.0000000000  0.0003743568  -0.0121363180
83.5663645855  0.0000000000  0.0000000000  0.0003631952  -0.0119541960
84.8230016469  0.0000000000  0.0000000000  0.0003525252  -0.0117774538
86.0796387084  0.0000000000  0.0000000000  0.0003423184  -0.0116058567
87.3362757698  0.0000000000  0.0000000000  0.0003325483  -0.0114391834
88.5929128312  0.0000000000  0.0000000000  0.0003231904  -0.0112772253
89.8495498927  0.0000000000  0.0000000000  0.0003142219  -0.0111197851
91.1061869541  0.0000000000  0.0000000000  0.0003056214  -0.0109666767
92.3628240155  0.0000000000  0.0000000000  0.0002973691  -0.0108177238
93.6194610770  0.0000000000  0.0000000000  0.0002894465  -0.0106727596
94.8760981384  0.0000000000  0.0000000000  0.0002818362  -0.0105316263
96.1327351998  0.0000000000  0.0000000000  0.0002745220  -0.0103941739
97.3893722613  0.0000000000  0.0000000000  0.0002674888  -0.0102602605
98.6460093227  0.0000000000  0.0000000000  0.0002607224  -0.0101297512
99.9026463842  0.0000000000  0.0000000000  0.0002542094  -0.0100025180
101.1592834456  0.0000000000  0.0000000000  0.0002479373  -0.0098784391
102.4159205070  0.0000000000  0.0000000000  0.0002418945  -0.0097573987
103.6725575685  0.0000000000  0.0000000000  0.0002360698  -0.0096392867
104.9291946299  0.0000000000  0.0000000000  0.0002304530  -0.0095239981
106.1858316913  0.0000000000  0.0000000000  0.0002250341  -0.0094114329
107.4424687528  0.0000000000  0.0000000000  0.0002198042  -0.0093014959
108.6991058142  0.0000000000  0.0000000000  0.0002147544  -0.0091940960
109.9557428756  0.0000000000  0.0000000000  0.0002098765  -0.0090891465
111.2123799371  0.0000000000  0.0000000000  0.0002051630  -0.0089865646
112.4690169985  0.0000000000  0.0000000000  0.0002006064  -0.0088862711
113.7256540600  0.0000000000  0.0000000000  0.0001961999  -0.0087881902
114.9822911214  0.0000000000  0.0000000000  0.0001919370  -0.0086922497
116.2389281828  0.0000000000  0.0000000000  0.0001878115  -0.0085983801
117.4955652443  0.0000000000  0.0000000000  0.0001838175  -0.0085065154
118.7522023057  0.0000000000  0.0000000000  0.0001799496  -0.0084165918
120.0088393671  0.0000000000  0.0000000000  0.0001762024  -0.0083285486
121.2654764286  0.0000000000  0.0000000000  0.0001725710  -0.0082423274
122.5221134900  0.0000000000  0.0000000000  0.0001690508  -0.0081578722
123.7787505514  0.0000000000  0.0000000000  0.0001656371  -0.0080751295
125.0353876129  0.0000000000  0.0000000000  0.0001623257  -0.0079940476
126.2920246743  0.0000000000  0.0000000000  0.0001591127  -0.0079145771
127.5486617357  0.0000000000  0.0000000000  0.0001559941  -0.0078366703
128.8052987972  0.0000000000  0.0000000000  0.0001529662  -0.0077602817
130.0619358586  0.0000000000  0.0000000000  0.0001500256  -0.0076853674
131.3185729201  0.0000000000  0.0000000000  0.0001471690  -0.0076118849
132.5752099815  0.0000000000  0.0000000000  0.0001443932  -0.0075397938
133.8318470429  0.0000000000  0.0000000000  0.0001416952  -0.0074690548
135.0884841044  0.0000000000  0.0000000000  0.0001390721  -0.0073996304
136.3451211658  0.0000000000  0.0000000000  0.0001365211  -0.0073314841
137.6017582272  0.0000000000  0.0000000000  0.0001340397  -0.0072645812
138.8583952887  0.0000000000  0.0000000000  0.0001316253  -0.0071988877
140.1150323501  0.0000000000  0.0000000000  0.0001292755  -0.0071343713
141.3716694115  0.0000000000  0.0000000000  0.0001269880  -0.0070710006
142.6283064730  0.0000000000  0.0000000000  0.0001247608  -0.0070087454
143.8849435344  0.0000000000  0.0000000000  0.0001225916  -0.0069475764
145.1415805958  0.0000000000  0.0000000000  0.0001204785  -0.0068874656
146.3982176573  0.0000000000  0.0000000000  0.0001184195  -0.0068283856
147.6548547187  0.0000000000  0.0000000000  0.0001164129  -0.0067703103
148.9114917802  0.0000000000  0.0000000000  0.0001144568  -0.0067132142
150.1681288416  0.0000000000  0.0000000000  0.0001125496  -0.0066570727
151.4247659030  0.0000000000  0.0000000000  0.0001106896  -0.0066018621
152.6814029645  0.0000000000  0.0000000000  0.0001088754  -0.0065475596
153.9380400259  0.0000000000  0.0000000000  0.0001071054  -0.0064941427
155.1946770873  0.0000000000  0.0000000000  0.0001053782  -0.0064415902
156.4513141488  0.0000000000  0.0000000000  0.0001036925  -0.0063898811
157.7079512102  0.0000000000  0.0000000000  0.0001020469  -0.0063389953
158.9645882716  0.0000000000  0.0000000000  0.0001004401  -0.0062889134
160.2212253331  0.0000000000  0.0000000000  0.0000988709  -0.0062396164
161.4778623945  0.0000000000  0.0000000000  0.0000973383  -0.0061910860
162.7344994560  0.0000000000  0.0000000000  0.0000958410  -0.0061433045
163.9911365174  0.0000000000  0.0000000000  0.0000943780  -0.0060962547
165.2477735788  0.0000000000  0.0000000000  0.0000929482  -0.0060499199
166.5044106403  0.0000000000  0.0000000000  0.0000915506  -0.0060042840
167.7610477017  0.0000000000  0.0000000000  0.0000901844  -0.0059593312
169.0176847631  0.0000000000  0.0000000000  0.0000888484  -0.0059150463
170.2743218246  0.0000000000  0.0000000000  0.0000875420  -0.0058714146
171.5309588860  0.0000000000  0.0000000000  0.0000862641  -0.0058284218
172.7875959474  0.0000000000  0.0000000000  0.0000850140  -0.0057860538
174.0442330089  0.0000000000  0.0000000000  0.0000837909  -0.0057442972
175.3008700703  0.0000000000  0.0000000000  0.0000825940  -0.0057031388
176.5575071317  0.0000000000  0.0000000000  0.0000814225  -0.0056625659
177.8141441932  0.0000000000  0.0000000000  0.0000802758  -0.0056225661
179.0707812546  0.0000000000  0.0000000000  0.0000791532  -0.0055831273
180.3274183161  0.0000000000  0.0000000000  0.0000780539  -0.0055442378
181.5840553775  0.0000000000  0.0000000000  0.0000769773  -0.0055058862
182.8406924389  0.0000000000  0.0000000000  0.0000759229  -0.0054680614
184.0973295004  0.0000000000  0.0000000000  0.0000748900  -0.0054307527
185.3539665618  0.0000000000  0.0000000000  0.0000738780  -0.0053939495
186.6106036232  0.0000000000  0.0000000000  0.0000728864  -0.0053576417
187.8672406847  0.0000000000  0.0000000000  0.0000719146  -0.0053218194
189.1238777461  0.0000000000  0.0000000000  0.0000709621  -0.0052864727
190.3805148075  0.0000000000  0.0000000000  0.0000700284  -0.0052515924
191.6371518690  0.0000000000  0.0000000000  0.0000691130  -0.0052171693
192.8937889304  0.0000000000  0.0000000000  0.0000682154  -0.0051831945
194.1504259918  0.0000000000  0.0000000000  0.0000673352  -0.0051496592
195.4070630533  0.0000000000  0.0000000000  0.0000664720  -0.0051165549
196.6637001147  0.0000000000  0.0000000000  0.0000656252  -0.0050838735
197.9203371762  0.0000000000  0.0000000000  0.0000647945  -0.0050516069
199.1769742376  0.0000000000  0.0000000000  0.0000639794  -0.0050197471
200.4336112990  0.0000000000  0.0000000000  0.0000631797  -0.0049882867
201.6902483605  0.0000000000  0.0000000000  0.0000623948  -0.0049572181
202.9468854219  0.0000000000  0.0000000000  0.0000616245  -0.0049265340
204.2035224833  0.0000000000  0.0000000000  0.0000608684  -0.0048962274
205.4601595448  0.0000000000  0.0000000000  0.0000601260  -0.0048662913
206.7167966062  0.0000000000  0.0000000000  0.0000593972  -0.0048367190
207.9734336676  0.0000000000  0.0000000000  0.0000586815  -0.0048075039
209.2300707291  0.0000000000  0.0000000000  0.0000579787  -0.0047786395
210.4867077905  0.0000000000  0.0000000000  0.0000572885  -0.0047501196
211.7433448520  0.0000000000  0.0000000000  0.0000566105  -0.0047219381
212.9999819134  0.0000000000  0.0000000000  0.0000559444  -0.0046940889
214.2566189748  0.0000000000  0.0000000000  0.0000552901  -0.0046665663
215.5132560363  0.0000000000  0.0000000000  0.0000546471  -0.0046393645
216.7698930977  0.0000000000  0.0000000000  0.0000540153  -0.0046124779
218.0265301591  0.0000000000  0.0000000000  0.0000533944  -0.0045859011
219.2831672206  0.0000000000  0.0000000000  0.0000527841  -0.0045596288
220.5398042820  0.0000000000  0.0000000000  0.0000521843  -0.0045336557
221.7964413434  0.0000000000  0.0000000000  0.0000515946  -0.0045079768
223.0530784049  0.0000000000  0.0000000000  0.0000510148  -0.0044825871
224.3097154663  0.0000000000  0.0000000000  0.0000504448  -0.0044574818
225.5663525277  0.0000000000  0.0000000000  0.0000498842  -0.0044326561
226.8229895892  0.0000000000  0.0000000000  0.0000493329  -0.0044081053
228.0796266506  0.0000000000  0.0000000000  0.0000487908  -0.0043838250
229.3362637121  0.0000000000  0.0000000000  0.0000482575  -0.0043598107
230.5929007735  0.0000000000  0.0000000000  0.0000477329  -0.0043360579
231.8495378349  0.0000000000  0.0000000000  0.0000472168  -0.0043125626
233.1061748964  0.0000000000  0.0000000000  0.0000467090  -0.0042893205
234.3628119578  0.0000000000  0.0000000000  0.0000462094  -0.0042663275
235.6194490192  0.0000000000  0.0000000000  0.0000457178  -0.0042435796
236.8760860807  0.0000000000  0.0000000000  0.0000452339  -0.0042210731
238.1327231421  0.0000000000  0.0000000000  0.0000447577  -0.0041988040
239.3893602035  0.0000000000  0.0000000000  0.0000442890  -0.0041767686
240.6459972650  0.0000000000  0.0000000000  0.0000438276  -0.0041549632
241.9026343264  0.0000000000  0.0000000000  0.0000433733  -0.0041333843
243.1592713878  0.0000000000  0.0000000000  0.0000429261  -0.0041120284
244.4159084493  0.0000000000  0.0000000000  0.0000424858  -0.0040908920
245.6725455107  0.0000000000  0.0000000000  0.0000420522  -0.0040699717
246.9291825722  0.0000000000  0.0000000000  0.0000416252  -0.0040492643
248.1858196336  0.0000000000  0.0000000000  0.0000412047  -0.0040287665
249.4424566950  0.0000000000  0.0000000000  0.0000407905  -0.0040084752
250.6990937565  0.0000000000  0.0000000000  0.0000403826  -0.0039883872
251.9557308179  0.0000000000  0.0000000000  0.0000399807  -0.0039684995
253.2123678793  0.0000000000  0.0000000000  0.0000395848  -0.0039488091
254.4690049408  0.0000000000  0.0000000000  0.0000391947  -0.0039293132
255.7256420022  0.0000000000  0.0000000000  0.0000388104  -0.0039100088
256.9822790636  0.0000000000  0.0000000000  0.0000384317  -0.0038908931
258.2389161251  0.0000000000  0.0000000000  0.0000380585  -0.0038719635
259.4955531865  0.0000000000  0.0000000000  0.0000376907  -0.0038532171
260.7521902480  0.0000000000  0.0000000000  0.0000373282  -0.0038346513
262.0088273094  0.0000000000  0.0000000000  0.0000369710  -0.0038162635
263.2654643708  0.0000000000  0.0000000000  0.0000366188  -0.0037980513
264.5221014323  0.0000000000  0.0000000000  0.0000362716  -0.0037800120
265.7787384937  0.0000000000  0.0000000000  0.0000359294  -0.0037621433
267.0353755551  0.0000000000  0.0000000000  0.0000355919  -0.0037444427
268.2920126166  0.0000000000  0.0000000000  0.0000352592  -0.0037269078
269.5486496780  0.0000000000  0.0000000000  0.0000349312  -0.0037095364
270.8052867394  0.0000000000  0.0000000000  0.0000346077  -0.0036923262
272.0619238009  0.0000000000  0.0000000000  0.0000342887  -0.0036752749
273.3185608623  0.0000000000  0.0000000000  0.0000339740  -0.0036583803
274.5751979237  0.0000000000  0.0000000000  0.0000336637  -0.0036416404
275.8318349852  0.0000000000  0.0000000000  0.0000333576  -0.0036250529
277.0884720466  0.0000000000  0.0000000000  0.0000330556  -0.0036086159
278.3451091081  0.0000000000  0.0000000000  0.0000327578  -0.0035923272
279.6017461695  0.0000000000  0.0000000000  0.0000324639  -0.0035761849
280.8583832309  0.0000000000  0.0000000000  0.0000321740  -0.0035601870
282.1150202924  0.0000000000  0.0000000000  0.0000318880  -0.0035443316
283.3716573538  0.0000000000  0.0000000000  0.0000316057  -0.0035286167
284.6282944152  0.0000000000  0.0000000000  0.0000313272  -0.0035130406
285.8849314767  0.0000000000  0.0000000000  0.0000310523  -0.0034976014
287.1415685381  0.0000000000  0.0000000000  0.0000307810  -0.0034822973
288.3982055995  0.0000000000  0.0000000000  0.0000305133  -0.0034671265
289.6548426610  0.0000000000  0.0000000000  0.0000302491  -0.0034520874
290.9114797224  0.0000000000  0.0000000000  0.0000299882  -0.0034371781
292.1681167839  0.0000000000  0.0000000000  0.0000297308  -0.0034223970
293.4247538453  0.0000000000  0.0000000000  0.0000294766  -0.0034077425
294.6813909067  0.0000000000  0.0000000000  0.0000292257  -0.0033932130
295.9380279682  0.0000000000  0.0000000000  0.0000289779  -0.0033788068
297.1946650296  0.0000000000  0.0000000000  0.0000287333  -0.0033645225
298.4513020910  0.0000000000  0.0000000000  0.0000284918  -0.0033503583
299.7079391525  0.0000000000  0.0000000000  0.0000282533  -0.0033363130
300.9645762139  0.0000000000  0.0000000000  0.0000280178  -0.0033223849
302.2212132753  0.0000000000  0.0000000000  0.0000277852  -0.0033085726
303.4778503368  0.0000000000  0.0000000000  0.0000275556  -0.0032948746
304.7344873982  0.0000000000  0.0000000000  0.0000273287  -0.0032812896
305.9911244596  0.0000000000  0.0000000000  0.0000271046  -0.0032678162
307.2477615211  0.0000000000  0.0000000000  0.0000268833  -0.0032544529
308.5043985825  0.0000000000  0.0000000000  0.0000266647  -0.0032411985
309.7610356440  0.0000000000  0.0000000000  0.0000264487  -0.0032280516
311.0176727054  0.0000000000  0.0000000000  0.0000262354  -0.0032150109
312.2743097668  0.0000000000  0.0000000000  0.0000260246  -0.0032020752
313.5309468283  0.0000000000  0.0000000000  0.0000258163  -0.0031892431
314.7875838897  0.0000000000  0.0000000000  0.0000256106  -0.0031765134
316.0442209511  0.0000000000  0.0000000000  0.0000254072  -0.0031638850
317.3008580126  0.0000000000  0.0000000000  0.0000252063  -0.0031513566
318.5574950740  0.0000000000  0.0000000000  0.0000250078  -0.0031389269
319.8141321354  0.0000000000  0.0000000000  0.0000248116  -0.0031265950
321.0707691969  0.0000000000  0.0000000000  0.0000246177  -0.0031143595
322.3274062583  0.0000000000  0.0000000000  0.0000244261  -0.0031022195
323.5840433197  0.0000000000  0.0000000000  0.0000242367  -0.0030901737
324.8406803812  0.0000000000  0.0000000000  0.0000240495  -0.0030782211
326.0973174426  0.0000000000  0.0000000000  0.0000238644  -0.0030663606
327.3539545041  0.0000000000  0.0000000000  0.0000236815  -0.0030545911
328.6105915655  0.0000000000  0.0000000000  0.0000235006  -0.0030429116
329.8672286269  0.0000000000  0.0000000000  0.0000233219  -0.0030313211
331.1238656884  0.0000000000  0.0000000000  0.0000231451  -0.0030198186
332.3805027498  0.0000000000  0.0000000000  0.0000229704  -0.0030084030
333.6371398112  0.0000000000  0.0000000000  0.0000227976  -0.0029970734
334.8937768727  0.0000000000  0.0000000000  0.0000226268  -0.0029858287
336.1504139341  0.0000000000  0.0000000000  0.0000224579  -0.0029746682
337.4070509955  0.0000000000  0.0000000000  0.0000222909  -0.0029635908
338.6636880570  0.0000000000  0.0000000000  0.0000221257  -0.0029525955
339.9203251184  0.0000000000  0.0000000000  0.0000219624  -0.0029416816
341.1769621799  0.0000000000  0.0000000000  0.0000218008  -0.0029308480
342.4335992413  0.0000000000  0.0000000000  0.0000216411  -0.0029200939
343.6902363027  0.0000000000  0.0000000000  0.0000214830  -0.0029094184
344.9468733642  0.0000000000  0.0000000000  0.0000213268  -0.0028988208
346.2035104256  0.0000000000  0.0000000000  0.0000211722  -0.0028883000
347.4601474870  0.0000000000  0.0000000000  0.0000210192  -0.0028778553
348.7167845485  0.0000000000  0.0000000000  0.0000208680  -0.0028674859
349.9734216099  0.0000000000  0.0000000000  0.0000207183  -0.0028571909
351.2300586713  0.0000000000  0.0000000000  0.0000205703  -0.0028469696
352.4866957328  0.0000000000  0.0000000000  0.0000204238  -0.0028368212
353.7433327942  0.0000000000  0.0000000000  0.0000202789  -0.0028267448
354.9999698556  0.0000000000  0.0000000000  0.0000201356  -0.0028167398
356.2566069171  0.0000000000  0.0000000000  0.0000199937  -0.0028068053
357.5132439785  0.0000000000  0.0000000000  0.0000198534  -0.0027969407
358.7698810400  0.0000000000  0.0000000000  0.0000197145  -0.0027871452
360.0265181014  0.0000000000  0.0000000000  0.0000195770  -0.0027774180
361.2831551628  0.0000000000  0.0000000000  0.0000194410  -0.0027677585
362.5397922243  0.0000000000  0.0000000000  0.0000193065  -0.0027581659
363.7964292857  0.0000000000  0.0000000000  0.0000191733  -0.0027486396
365.0530663471  0.0000000000  0.0000000000  0.0000190414  -0.0027391789
366.3097034086  0.0000000000  0.0000000000  0.0000189110  -0.0027297830
367.5663404700  0.0000000000  0.0000000000  0.0000187818  -0.0027204515
368.8229775314  0.0000000000  0.0000000000  0.0000186540  -0.0027111834
370.0796145929  0.0000000000  0.0000000000  0.0000185275  -0.0027019784
371.3362516543  0.0000000000  0.0000000000  0.0000184023  -0.0026928356
372.5928887157  0.0000000000  0.0000000000  0.0000182783  -0.0026837544
373.8495257772  0.0000000000  0.0000000000  0.0000181556  -0.0026747343
375.1061628386  0.0000000000  0.0000000000  0.0000180341  -0.0026657747
376.3627999001  0.0000000000  0.0000000000  0.0000179138  -0.0026568748
377.6194369615  0.0000000000  0.0000000000  0.0000177947  -0.0026480342
378.8760740229  0.0000000000  0.0000000000  0.0000176769  -0.0026392522
380.1327110844  0.0000000000  0.0000000000  0.0000175601  -0.0026305283
381.3893481458  0.0000000000  0.0000000000  0.0000174446  -0.0026218619
382.6459852072  0.0000000000  0.0000000000  0.0000173301  -0.0026132523
383.9026222687  0.0000000000  0.0000000000  0.0000172168  -0.0026046991
385.1592593301  0.0000000000  0.0000000000  0.0000171046  -0.0025962018
386.4158963915  0.0000000000  0.0000000000  0.0000169935  -0.0025877596
387.6725334530  0.0000000000  0.0000000000  0.0000168835  -0.0025793723
388.9291705144  0.0000000000  0.0000000000  0.0000167745  -0.0025710390
390.1858075759  0.0000000000  0.0000000000  0.0000166666  -0.0025627595
391.4424446373  0.0000000000  0.0000000000  0.0000165597  -0.0025545331
392.6990816987  0.0000000000  0.0000000000  0.0000164538  -0.0025463594
393.9557187602  0.0000000000  0.0000000000  0.0000163490  -0.0025382378
395.2123558216  0.0000000000  0.0000000000  0.0000162451  -0.0025301678
396.4689928830  0.0000000000  0.0000000000  0.0000161423  -0.0025221490
397.7256299445  0.0000000000  0.0000000000  0.0000160404  -0.0025141809
398.9822670059  0.0000000000  0.0000000000  0.0000159395  -0.0025062629
400.2389040673  0.0000000000  0.0000000000  0.0000158395  -0.0024983947
401.4955411288  0.0000000000  0.0000000000  0.0000157405  -0.0024905757
402.7521781902  0.0000000000  0.0000000000  0.0000156423  -0.0024828054
404.0088152516  0.0000000000  0.0000000000  0.0000155451  -0.0024750836
405.2654523131  0.0000000000  0.0000000000  0.0000154489  -0.0024674096
406.5220893745  0.0000000000  0.0000000000  0.0000153534  -0.0024597830
407.7787264360  0.0000000000  0.0000000000  0.0000152589  -0.0024522034
409.0353634974  0.0000000000  0.0000000000  0.0000151653  -0.0024446704
410.2920005588  0.0000000000  0.0000000000  0.0000150725  -0.0024371836
411.5486376203  0.0000000000  0.0000000000  0.0000149805  -0.0024297424
412.8052746817  0.0000000000  0.0000000000  0.0000148894  -0.0024223466
414.0619117431  0.0000000000  0.0000000000  0.0000147991  -0.0024149956
415.3185488046  0.0000000000  0.0000000000  0.0000147097  -0.0024076891
416.5751858660  0.0000000000  0.0000000000  0.0000146210  -0.0024004267
417.8318229274  0.0000000000  0.0000000000  0.0000145332  -0.0023932080
419.0884599889  0.0000000000  0.0000000000  0.0000144461  -0.0023860325
420.3450970503  0.0000000000  0.0000000000  0.0000143598  -0.0023789000
421.6017341118  0.0000000000  0.0000000000  0.0000142743  -0.0023718099
422.8583711732  0.0000000000  0.0000000000  0.0000141896  -0.0023647620
424.1150082346  0.0000000000  0.0000000000  0.0000141056  -0.0023577559
425.3716452961  0.0000000000  0.0000000000  0.0000140223  -0.0023507912
426.6282823575  0.0000000000  0.0000000000  0.0000139398  -0.0023438674
427.8849194189  0.0000000000  0.0000000000  0.0000138580  -0.0023369844
429.1415564804  0.0000000000  0.0000000000  0.0000137769  -0.0023301416
430.3981935418  0.0000000000  0.0000000000  0.0000136965  -0.0023233388
431.6548306032  0.0000000000  0.0000000000  0.0000136169  -0.0023165756
432.9114676647  0.0000000000  0.0000000000  0.0000135379  -0.0023098517
434.1681047261  0.0000000000  0.0000000000  0.0000134596  -0.0023031666
435.4247417875  0.0000000000  0.0000000000  0.0000133820  -0.0022965202
436.6813788490  0.0000000000  0.0000000000  0.0000133051  -0.0022899120
437.9380159104  0.0000000000  0.0000000000  0.0000132288  -0.0022833417
439.1946529719  0.0000000000  0.0000000000  0.0000131531  -0.0022768091
440.4512900333  0.0000000000  0.0000000000  0.0000130782  -0.0022703137
441.7079270947  0.0000000000  0.0000000000  0.0000130038  -0.0022638552
442.9645641562  0.0000000000  0.0000000000  0.0000129301  -0.0022574334
444.2212012176  0.0000000000  0.0000000000  0.0000128570  -0.0022510479
445.4778382790  0.0000000000  0.0000000000  0.0000127846  -0.0022446985
446.7344753405  0.0000000000  0.0000000000  0.0000127127  -0.0022383847
447.9911124019  0.0000000000  0.0000000000  0.0000126414  -0.0022321064
449.2477494633  0.0000000000  0.0000000000  0.0000125708  -0.0022258632
450.5043865248  0.0000000000  0.0000000000  0.0000125007  -0.0022196548
451.7610235862  0.0000000000  0.0000000000  0.0000124312  -0.0022134809
453.0176606476  0.0000000000  0.0000000000  0.0000123623  -0.0022073414
454.2742977091  0.0000000000  0.0000000000  0.0000122940  -0.0022012357
455.5309347705  0.0000000000  0.0000000000  0.0000122262  -0.0021951638
456.7875718320  0.0000000000  0.0000000000  0.0000121590  -0.0021891252
458.0442088934  0.0000000000  0.0000000000  0.0000120924  -0.0021831198
459.3008459548  0.0000000000  0.0000000000  0.0000120262  -0.0021771472
460.5574830163  0.0000000000  0.0000000000  0.0000119607  -0.0021712073
461.8141200777  0.0000000000  0.0000000000  0.0000118956  -0.0021652996
463.0707571391  0.0000000000  0.0000000000  0.0000118311  -0.0021594240
464.3273942006  0.0000000000  0.0000000000  0.0000117671  -0.0021535802
465.5840312620  0.0000000000  0.0000000000  0.0000117037  -0.0021477680
466.8406683234  0.0000000000  0.0000000000  0.0000116407  -0.0021419870
468.0973053849  0.0000000000  0.0000000000  0.0000115783  -0.0021362371
469.3539424463  0.0000000000  0.0000000000  0.0000115163  -0.0021305180
470.6105795078  0.0000000000  0.0000000000  0.0000114549  -0.0021248294
471.8672165692  0.0000000000  0.0000000000  0.0000113939  -0.0021191711
473.1238536306  0.0000000000  0.0000000000  0.0000113334  -0.0021135428
474.3804906921  0.0000000000  0.0000000000  0.0000112734  -0.0021079444
475.6371277535  0.0000000000  0.0000000000  0.0000112139  -0.0021023756
476.8937648149  0.0000000000  0.0000000000  0.0000111549  -0.0020968361
478.1504018764  0.0000000000  0.0000000000  0.0000110963  -0.0020913257
479.4070389378  0.0000000000  0.0000000000  0.0000110382  -0.0020858442
480.6636759992  0.0000000000  0.0000000000  0.0000109805  -0.0020803913
481.9203130607  0.0000000000  0.0000000000  0.0000109233  -0.0020749669
483.1769501221  0.0000000000  0.0000000000  0.0000108665  -0.0020695707
484.4335871835  0.0000000000  0.0000000000  0.0000108102  -0.0020642025
485.6902242450  0.0000000000  0.0000000000  0.0000107543  -0.0020588621
486.9468613064  0.0000000000  0.0000000000  0.0000106988  -0.0020535492
488.2034983679  0.0000000000  0.0000000000  0.0000106438  -0.0020482637
489.4601354293  0.0000000000  0.0000000000  0.0000105891  -0.0020430053
490.7167724907  0.0000000000  0.0000000000  0.0000105349  -0.0020377738
491.9734095522  0.0000000000  0.0000000000  0.0000104812  -0.0020325691
493.2300466136  0.0000000000  0.0000000000  0.0000104278  -0.0020273909
494.4866836750  0.0000000000  0.0000000000  0.0000103748  -0.0020222390
495.7433207365  0.0000000000  0.0000000000  0.0000103223  -0.0020171132
496.9999577979  0.0000000000  0.0000000000  0.0000102701  -0.0020120134
498.2565948593  0.0000000000  0.0000000000  0.0000102184  -0.0020069392
499.5132319208  0.0000000000  0.0000000000  0.0000101670  -0.0020018906
500.7698689822  0.0000000000  0.0000000000  0.0000101160  -0.0019968673
502.0265060436  0.0000000000  0.0000000000  0.0000100654  -0.0019918692
503.2831431051  0.0000000000  0.0000000000  0.0000100151  -0.0019868960
504.5397801665  0.0000000000  0.0000000000  0.0000099653  -0.0019819476
505.7964172280  0.0000000000  0.0000000000  0.0000099158  -0.0019770238
507.0530542894  0.0000000000  0.0000000000  0.0000098667  -0.0019721244
508.3096913508  0.0000000000  0.0000000000  0.0000098179  -0.0019672492
509.5663284123  0.0000000000  0.0000000000  0.0000097695  -0.0019623981
510.8229654737  0.0000000000  0.0000000000  0.0000097215  -0.0019575708
512.0796025351  0.0000000000  0.0000000000  0.0000096738  -0.0019527672
513.3362395966  0.0000000000  0.0000000000  0.0000096265  -0.0019479871
514.5928766580  0.0000000000  0.0000000000  0.0000095795  -0.0019432304
515.8495137194  0.0000000000  0.0000000000  0.0000095329  -0.0019384968
517.1061507809  0.0000000000  0.0000000000  0.0000094866  -0.0019337863
518.3627878423  0.0000000000  0.0000000000  0.0000094406  -0.0019290986
519.6194249038  0.0000000000  0.0000000000  0.0000093950  -0.0019244335
520.8760619652  0.0000000000  0.0000000000  0.0000093497  -0.0019197910
522.1326990266  0.0000000000  0.0000000000  0.0000093047  -0.0019151708
523.3893360881  0.0000000000  0.0000000000  0.0000092600  -0.0019105728
524.6459731495  0.0000000000  0.0000000000  0.0000092157  -0.0019059968
525.9026102109  0.0000000000  0.0000000000  0.0000091717  -0.0019014427
527.1592472724  0.0000000000  0.0000000000  0.0000091280  -0.0018969103
528.4158843338  0.0000000000  0.0000000000  0.0000090846  -0.0018923994
529.6725213952  0.0000000000  0.0000000000  0.0000090415  -0.0018879100
530.9291584567  0.0000000000  0.0000000000  0.0000089987  -0.0018834418
532.1857955181  0.0000000000  0.0000000000  0.0000089563  -0.0018789947
533.4424325795  0.0000000000  0.0000000000  0.0000089141  -0.0018745686
534.6990696410  0.0000000000  0.0000000000  0.0000088722  -0.0018701632
535.9557067024  0.0000000000  0.0000000000  0.0000088306  -0.0018657785
537.2123437639  0.0000000000  0.0000000000  0.0000087894  -0.0018614143
538.4689808253  0.0000000000  0.0000000000  0.0000087484  -0.0018570705
539.7256178867  0.0000000000  0.0000000000  0.0000087076  -0.0018527470
540.9822549482  0.0000000000  0.0000000000  0.0000086672  -0.0018484435
542.2388920096  0.0000000000  0.0000000000  0.0000086271  -0.0018441599
543.4955290710  0.0000000000  0.0000000000  0.0000085872  -0.0018398962
544.7521661325  0.0000000000  0.0000000000  0.0000085476  -0.0018356521
546.0088031939  0.0000000000  0.0000000000  0.0000085083  -0.0018314275
547.2654402553  0.0000000000  0.0000000000  0.0000084692  -0.0018272224
548.5220773168  0.0000000000  0.0000000000  0.0000084304  -0.0018230365
549.7787143782  0.0000000000  0.0000000000  0.0000083919  -0.0018188698
551.0353514396  0.0000000000  0.0000000000  0.0000083537  -0.0018147220
552.2919885011  0.0000000000  0.0000000000  0.0000083157  -0.0018105932
553.5486255625  0.0000000000  0.0000000000  0.0000082779  -0.0018064831
554.8052626240  0.0000000000  0.0000000000  0.0000082404  -0.0018023916
556.0618996854  0.0000000000  0.0000000000  0.0000082032  -0.0017983185
557.3185367468  0.0000000000  0.0000000000  0.0000081662  -0.0017942639
558.5751738083  0.0000000000  0.0000000000  0.0000081295  -0.0017902275
559.8318108697  0.0000000000  0.0000000000  0.0000080930  -0.0017862092
561.0884479311  0.0000000000  0.0000000000  0.0000080568  -0.0017822089
562.3450849926  0.0000000000  0.0000000000  0.0000080208  -0.0017782265
563.6017220540  0.0000000000  0.0000000000  0.0000079851  -0.0017742619
564.8583591154  0.0000000000  0.0000000000  0.0000079495  -0.0017703149
566.1149961769  0.0000000000  0.0000000000  0.0000079143  -0.0017663854
567.3716332383  0.0000000000  0.0000000000  0.0000078792  -0.0017624733
568.6282702998  0.0000000000  0.0000000000  0.0000078444  -0.0017585785
569.8849073612  0.0000000000  0.0000000000  0.0000078098  -0.0017547009
571.1415444226  0.0000000000  0.0000000000  0.0000077755  -0.0017508403
572.3981814841  0.0000000000  0.0000000000  0.0000077414  -0.0017469967
573.6548185455  0.0000000000  0.0000000000  0.0000077075  -0.0017431699
574.9114556069  0.0000000000  0.0000000000  0.0000076738  -0.0017393599
576.1680926684  0.0000000000  0.0000000000  0.0000076403  -0.0017355665
577.4247297298  0.0000000000  0.0000000000  0.0000076071  -0.0017317896
578.6813667912  0.0000000000  0.0000000000  0.0000075741  -0.0017280291
579.9380038527  0.0000000000  0.0000000000  0.0000075413  -0.0017242848
581.1946409141  0.0000000000  0.0000000000  0.0000075087  -0.0017205568
582.4512779755  0.0000000000  0.0000000000  0.0000074763  -0.0017168449
583.7079150370  0.0000000000  0.0000000000  0.0000074441  -0.0017131489
584.9645520984  0.0000000000  0.0000000000  0.0000074121  -0.0017094688
586.2211891599  0.0000000000  0.0000000000  0.0000073804  -0.0017058045
587.4778262213  0.0000000000  0.0000000000  0.0000073488  -0.0017021559
588.7344632827  0.0000000000  0.0000000000  0.0000073174  -0.0016985229
589.9911003442  0.0000000000  0.0000000000  0.0000072863  -0.0016949053
591.2477374056  0.0000000000  0.0000000000  0.0000072553  -0.0016913031
592.5043744670  0.0000000000  0.0000000000  0.0000072246  -0.0016877162
593.7610115285  0.0000000000  0.0000000000  0.0000071940  -0.0016841444
595.0176485899  0.0000000000  0.0000000000  0.0000071636  -0.0016805878
596.2742856513  0.0000000000  0.0000000000  0.0000071334  -0.0016770461
597.5309227128  0.0000000000  0.0000000000  0.0000071034  -0.0016735193
598.7875597742  0.0000000000  0.0000000000  0.0000070736  -0.0016700074
600.0441968357  0.0000000000  0.0000000000  0.0000070440  -0.0016665101
601.3008338971  0.0000000000  0.0000000000  0.0000070146  -0.0016630275
602.5574709585  0.0000000000  0.0000000000  0.0000069853  -0.0016595594
603.8141080200  0.0000000000  0.0000000000  0.0000069563  -0.0016561057
605.0707450814  0.0000000000  0.0000000000  0.0000069274  -0.0016526663
606.3273821428  0.0000000000  0.0000000000  0.0000068987  -0.0016492413
607.5840192043  0.0000000000  0.0000000000  0.0000068702  -0.0016458303
608.8406562657  0.0000000000  0.0000000000  0.0000068418  -0.0016424335
610.0972933271  0.0000000000  0.0000000000  0.0000068136  -0.0016390507
611.3539303886  0.0000000000  0.0000000000  0.0000067856  -0.0016356817
612.6105674500  0.0000000000  0.0000000000  0.0000067578  -0.0016323266
613.8672045114  0.0000000000  0.0000000000  0.0000067301  -0.0016289852
615.1238415729  0.0000000000  0.0000000000  0.0000067026  -0.0016256575
616.3804786343  0.0000000000  0.0000000000  0.0000066753  -0.0016223433
617.6371156958  0.0000000000  0.0000000000  0.0000066482  -0.0016190427
618.8937527572  0.0000000000  0.0000000000  0.0000066212  -0.0016157554
620.1503898186  0.0000000000  0.0000000000  0.0000065944  -0.0016124814
621.4070268801  0.0000000000  0.0000000000  0.0000065677  -0.0016092207
622.6636639415  0.0000000000  0.0000000000  0.0000065412  -0.0016059732
623.9203010029  0.0000000000  0.0000000000  0.0000065149  -0.0016027387
625.1769380644  0.0000000000  0.0000000000  0.0000064887  -0.0015995172
626.4335751258  0.0000000000  0.0000000000  0.0000064626  -0.0015963087
627.6902121872  0.0000000000  0.0000000000  0.0000064368  -0.0015931130
628.9468492487  0.0000000000  0.0000000000  0.0000000000  0.0000000000
-627.6902121872  0.0000000000  3.1415926536  0.0000000000  0.0000000000
-626.4335751258  0.0000000000  3.1415926536  0.0000000000  0.0000000000
-625.1769380644  0.0000000000  3.1415926536  0.0000000000  0.0000000000
-623.9203010029  0.0000000000  3.1415926536  0.0000000000  0.0000000000
-622.6636639415  0.0000000000  3.1415926536  0.0000000000  0.0000000000
-621.4070268801  0.0000000000  3.1415926536  0.0000000000  0.0000000000
-620.1503898186  0.0000000000  3.1415926536  0.0000000000  0.0000000000
-618.8937527572  0.0000000000  3.1415926536  0.0000000000  0.0000000000
-617.6371156958  0.0000000000  3.1415926536  0.0000000000  0.0000000000
-616.3804786343  0.0000000000  3.1415926536  0.0000000000  0.0000000000
-615.1238415729  0.0000000000  3.1415926536  0.0000000000  0.0000000000
-613.8672045114  0.0000000000  3.1415926536  0.0000000000  0.0000000000
-612.6105674500  0.0000000000  3.1415926536  0.0000000000  0.0000000000
-611.3539303886  0.0000000000  3.1415926536  0.0000000000  0.0000000000
-610.0972933271  0.0000000000  3.1415926536  0.0000000000  0.0000000000
-608.8406562657  0.0000000000  3.1415926536  0.0000000000  0.0000000000
-607.5840192043  0.0000000000  3.1415926536  0.0000000000  0.0000000000
-606.3273821428  0.0000000000  3.1415926536  0.0000000000  0.0000000000
-605.0707450814  0.0000000000  3.1415926536  0.0000000000  0.0000000000
-603.8141080200  0.0000000000  3.1415926536  0.0000000000  0.0000000000
-602.5574709585  0.0000000000  3.1415926536  0.0000000000  0.0000000000
-601.3008338971  0.0000000000  3.1415926536  0.0000000000  0.0000000000
-600.0441968357  0.0000000000  3.1415926536  0.0000000000  0.0000000000
-598.7875597742  0.0000000000  3.1415926536  0.0000000000  0.0000000000
-597.5309227128  0.0000000000  3.1415926536  0.0000000000  0.0000000000
-596.2742856513  0.0000000000  3.1415926536  0.0000000000  0.0000000000
-595.0176485899  0.0000000000  3.1415926536  0.0000000000  0.0000000000
-593.7610115285  0.0000000000  3.1415926536  0.0000000000  0.0000000000
-592.5043744670  0.0000000000  3.1415926536  0.0000000000  0.0000000000
-591.2477374056  0.0000000000  3.1415926536  0.0000000000  0.0000000000
-589.9911003442  0.0000000000  3.1415926536  0.0000000000  0.0000000000
-588.7344632827  0.0000000000  3.1415926536  0.0000000000  0.0000000000
-587.4778262213  0.0000000000  3.1415926536  0.0000000000  0.0000000000
-586.2211891599  0.0000000000  3.1415926536  0.0000000000  0.0000000000
-584.9645520984  0.0000000000  3.1415926536  0.0000000000  0.0000000000
-583.7079150370  0.0000000000  3.1415926536  0.0000000000  0.0000000000
-582.4512779755  0.0000000000  3.1415926536  0.0000000000  0.0000000000
-581.1946409141  0.0000000000  3.1415926536  0.0000000000  0.0000000000
-579.9380038527  0.0000000000  3.1415926536  0.0000000000  0.0000000000
-578.6813667912  0.0000000000  3.1415926536  0.0000000000  0.0000000000
-577.4247297298  0.0000000000  3.1415926536  0.0000000000  0.0000000000
-576.1680926684  0.0000000000  3.1415926536  0.0000000000  0.0000000000
-574.9114556069  0.0000000000  3.1415926536  0.0000000000  0.0000000000
-573.6548185455  0.0000000000  3.1415926536  0.0000000000  0.0000000000
-572.3981814841  0.0000000000  3.1415926536  0.0000000000  0.0000000000
-571.1415444226  0.0000000000  3.1415926536  0.0000000000  0.0000000000
-569.8849073612  0.0000000000  3.1415926536  0.0000000000  0.0000000000
-568.6282702998  0.0000000000  3.1415926536  0.0000000000  0.0000000000
-567.3716332383  0.0000000000  3.1415926536  0.0000000000  0.0000000000
-566.1149961769  0.0000000000  3.1415926536  0.0000000000  0.0000000000
-564.8583591154  0.0000000000  3.1415926536  0.0000000000  0.0000000000
-563.6017220540  0.0000000000  3.1415926536  0.0000000000  0.0000000000
-562.3450849926  0.0000000000  3.1415926536  0.0000000000  0.0000000000
-561.0884479311  0.0000000000  3.1415926536  0.0000000000  0.0000000000
-559.8318108697  0.0000000000  3.1415926536  0.0000000000  0.0000000000
-558.5751738083  0.0000000000  3.1415926536  0.0000000000  0.0000000000
-557.3185367468  0.0000000000  3.1415926536  0.0000000000  0.0000000000
-556.0618996854  0.0000000000  3.1415926536  0.0000000000  0.0000000000
-554.8052626240  0.0000000000  3.1415926536  0.0000000000  0.0000000000
-553.5486255625  0.0000000000  3.1415926536  0.0000000000  0.0000000000
-552.2919885011  0.0000000000  3.1415926536  0.0000000000  0.0000000000
-551.0353514396  0.0000000000  3.1415926536  0.0000000000  0.0000000000
-549.7787143782  0.0000000000  3.1415926536  0.0000000000  0.0000000000
-548.5220773168  0.0000000000  3.1415926536  0.0000000000  0.0000000000
-547.2654402553  0.0000000000  3.1415926536  0.0000000000  0.0000000000
-546.0088031939  0.0000000000  3.1415926536  0.0000000000  0.0000000000
-544.7521661325  0.0000000000  3.1415926536  0.0000000000  0.0000000000
-543.4955290710  0.0000000000  3.1415926536  0.0000000000  0.0000000000
-542.2388920096  0.0000000000  3.1415926536  0.0000000000  0.0000000000
-540.9822549482  0.0000000000  3.1415926536  0.0000000000  0.0000000000
-539.7256178867  0.0000000000  3.1415926536  0.0000000000  0.0000000000
-538.4689808253  0.0000000000  3.1415926536  0.0000000000  0.0000000000
-537.2123437639  0.0000000000  3.1415926536  0.0000000000  0.0000000000
-535.9557067024  0.0000000000  3.1415926536  0.0000000000  0.0000000000
-534.6990696410  0.0000000000  3.1415926536  0.0000000000  0.0000000000
-533.4424325795  0.0000000000  3.1415926536  0.0000000000  0.0000000000
-532.1857955181  0.0000000000  3.1415926536  0.0000000000  0.0000000000
-530.9291584567  0.0000000000  3.1415926536  0.0000000000  0.0000000000
-529.6725213952  0.0000000000  3.1415926536  0.0000000000  0.0000000000
-528.4158843338  0.0000000000  3.1415926536  0.0000000000  0.0000000000
-527.1592472724  0.0000000000  3.1415926536  0.0000000000  0.0000000000
-525.9026102109  0.0000000000  3.1415926536  0.0000000000  0.0000000000
-524.6459731495  0.0000000000  3.1415926536  0.0000000000  0.0000000000
-523.3893360881  0.0000000000  3.1415926536  0.0000000000  0.0000000000
-522.1326990266  0.0000000000  3.1415926536  0.0000000000  0.0000000000
-520.8760619652  0.0000000000  3.1415926536  0.0000000000  0.0000000000
-519.6194249038  0.0000000000  3.1415926536  0.0000000000  0.0000000000
-518.3627878423  0.0000000000  3.1415926536  0.0000000000  0.0000000000
-517.1061507809  0.0000000000  3.1415926536  0.0000000000  0.0000000000
-515.8495137194  0.0000000000  3.1415926536  0.0000000000  0.0000000000
-514.5928766580  0.0000000000  3.1415926536  0.0000000000  0.0000000000
-513.3362395966  0.0000000000  3.1415926536  0.0000000000  0.0000000000
-512.0796025351  0.0000000000  3.1415926536  0.0000000000  0.0000000000
-510.8229654737  0.0000000000  3.1415926536  0.0000000000  0.0000000000
-509.5663284123  0.0000000000  3.1415926536  0.0000000000  0.0000000000
-508.3096913508  0.0000000000  3.1415926536  0.0000000000  0.0000000000
-507.0530542894  0.0000000000  3.1415926536  0.0000000000  0.0000000000
-505.7964172280  0.0000000000  3.1415926536  0.0000000000  0.0000000000
-504.5397801665  0.0000000000  3.1415926536  0.0000000000  0.0000000000
-503.2831431051  0.0000000000  3.1415926536  0.0000000000  0.0000000000
-502.0265060436  0.0000000000  3.1415926536  0.0000000000  0.0000000000
-500.7698689822  0.0000000000  3.1415926536  0.0000000000  0.0000000000
-499.5132319208  0.0000000000  3.1415926536  0.0000000000  0.0000000000
-498.2565948593  0.0000000000  3.1415926536  0.0000000000  0.0000000000
-496.9999577979  0.0000000000  3.1415926536  0.0000000000  0.0000000000
-495.7433207365  0.0000000000  3.1415926536  0.0000000000  0.0000000000
-494.4866836750  0.0000000000  3.1415926536  0.0000000000  0.0000000000
-493.2300466136  0.0000000000  3.1415926536  0.0000000000  0.0000000000
-491.9734095522  0.0000000000  3.1415926536  0.0000000000  0.0000000000
-490.7167724907  0.0000000000  3.1415926536  0.0000000000  0.0000000000
-489.4601354293  0.0000000000  3.1415926536  0.0000000000  0.0000000000
-488.2034983679  0.0000000000  3.1415926536  0.0000000000  0.0000000000
-486.9468613064  0.0000000000  3.1415926536  0.0000000000  0.0000000000
-485.6902242450  0.0000000000  3.1415926536  0.0000000000  0.0000000000
-484.4335871835  0.0000000000  3.1415926536  0.0000000000  0.0000000000
-483.1769501221  0.0000000000  3.1415926536  0.0000000000  0.0000000000
-481.9203130607  0.0000000000  3.1415926536  0.0000000000  0.0000000000
-480.6636759992  0.0000000000  3.1415926536  0.0000000000  0.0000000000
-479.4070389378  0.0000000000  3.1415926536  0.0000000000  0.0000000000
-478.1504018764  0.0000000000  3.1415926536  0.0000000000  0.0000000000
-476.8937648149  0.0000000000  3.1415926536  0.0000000000  0.0000000000
-475.6371277535  0.0000000000  3.1415926536  0.0000000000  0.0000000000
-474.3804906921  0.0000000000  3.1415926536  0.0000000000  0.0000000000
-473.1238536306  0.0000000000  3.1415926536  0.0000000000  0.0000000000
-471.8672165692  0.0000000000  3.1415926536  0.0000000000  0.0000000000
-470.6105795078  0.0000000000  3.1415926536  0.0000000000  0.0000000000
-469.3539424463  0.0000000000  3.1415926536  0.0000000000  0.0000000000
-468.0973053849  0.0000000000  3.1415926536  0.0000000000  0.0000000000
-466.8406683234  0.0000000000  3.1415926536  0.0000000000  0.0000000000
-465.5840312620  0.0000000000  3.1415926536  0.0000000000  0.0000000000
-464.3273942006  0.0000000000  3.1415926536  0.0000000000  0.0000000000
-463.0707571391  0.0000000000  3.1415926536  0.0000000000  0.0000000000
-461.8141200777  0.0000000000  3.1415926536  0.0000000000  0.0000000000
-460.5574830163  0.0000000000  3.1415926536  0.0000000000  0.0000000000
-459.3008459548  0.0000000000  3.1415926536  0.0000000000  0.0000000000
-458.0442088934  0.0000000000  3.1415926536  0.0000000000  0.0000000000
-456.7875718320  0.0000000000  3.1415926536  0.0000000000  0.0000000000
-455.5309347705  0.0000000000  3.1415926536  0.0000000000  0.0000000000
-454.2742977091  0.0000000000  3.1415926536  0.0000000000  0.0000000000
-453.0176606476  0.0000000000  3.1415926536  0.0000000000  0.0000000000
-451.7610235862  0.0000000000  3.1415926536  0.0000000000  0.0000000000
-450.5043865248  0.0000000000  3.1415926536  0.0000000000  0.0000000000
-449.2477494633  0.0000000000  3.1415926536  0.0000000000  0.0000000000
-447.9911124019  0.0000000000  3.1415926536  0.0000000000  0.0000000000
-446.7344753405  0.0000000000  3.1415926536  0.0000000000  0.0000000000
-445.4778382790  0.0000000000  3.1415926536  0.0000000000  0.0000000000
-444.2212012176  0.0000000000  3.1415926536  0.0000000000  0.0000000000
-442.9645641562  0.0000000000  3.1415926536  0.0000000000  0.0000000000
-441.7079270947  0.0000000000  3.1415926536  0.0000000000  0.0000000000
-440.4512900333  0.0000000000  3.1415926536  0.0000000000  0.0000000000
-439.1946529719  0.0000000000  3.1415926536  0.0000000000  0.0000000000
-437.9380159104  0.0000000000  3.1415926536  0.0000000000  0.0000000000
-436.6813788490  0.0000000000  3.1415926536  0.0000000000  0.0000000000
-435.4247417875  0.0000000000  3.1415926536  0.0000000000  0.0000000000
-434.1681047261  0.0000000000  3.1415926536  0.0000000000  0.0000000000
-432.9114676647  0.0000000000  3.1415926536  0.0000000000  0.0000000000
-431.6548306032  0.0000000000  3.1415926536  0.0000000000  0.0000000000
-430.3981935418  0.0000000000  3.1415926536  0.0000000000  0.0000000000
-429.1415564804  0.0000000000  3.1415926536  0.0000000000  0.0000000000
-427.8849194189  0.0000000000  3.1415926536  0.0000000000  0.0000000000
-426.6282823575  0.0000000000  3.1415926536  0.0000000000  0.0000000000
-425.3716452961  0.0000000000  3.1415926536  0.0000000000  0.0000000000
-424.1150082346  0.0000000000  3.1415926536  0.0000000000  0.0000000000
-422.8583711732  0.0000000000  3.1415926536  0.0000000000  0.0000000000
-421.6017341118  0.0000000000  3.1415926536  0.0000000000  0.0000000000
-420.3450970503  0.0000000000  3.1415926536  0.0000000000  0.0000000000
-419.0884599889  0.0000000000  3.1415926536  0.0000000000  0.0000000000
-417.8318229274  0.0000000000  3.1415926536  0.0000000000  0.0000000000
-416.5751858660  0.0000000000  3.1415926536  0.0000000000  0.0000000000
-415.3185488046  0.0000000000  3.1415926536  0.0000000000  0.0000000000
-414.0619117431  0.0000000000  3.1415926536  0.0000000000  0.0000000000
-412.8052746817  0.0000000000  3.1415926536  0.0000000000  0.0000000000
-411.5486376203  0.0000000000  3.1415926536  0.0000000000  0.0000000000
-410.2920005588  0.0000000000  3.1415926536  0.0000000000  0.0000000000
-409.0353634974  0.0000000000  3.1415926536  0.0000000000  0.0000000000
-407.7787264360  0.0000000000  3.1415926536  0.0000000000  0.0000000000
-406.5220893745  0.0000000000  3.1415926536  0.0000000000  0.0000000000
-405.2654523131  0.0000000000  3.1415926536  0.0000000000  0.0000000000
-404.0088152516  0.0000000000  3.1415926536  0.0000000000  0.0000000000
-402.7521781902  0.0000000000  3.1415926536  0.0000000000  0.0000000000
-401.4955411288  0.0000000000  3.1415926536  0.0000000000  0.0000000000
-400.2389040673  0.0000000000  3.1415926536  0.0000000000  0.0000000000
-398.9822670059  0.0000000000  3.1415926536  0.0000000000  0.0000000000
-397.7256299445  0.0000000000  3.1415926536  0.0000000000  0.0000000000
-396.4689928830  0.0000000000  3.1415926536  0.0000000000  0.0000000000
-395.2123558216  0.0000000000  3.1415926536  0.0000000000  0.0000000000
-393.9557187602  0.0000000000  3.1415926536  0.0000000000  0.0000000000
-392.6990816987  0.0000000000  3.1415926536  0.0000000000  0.0000000000
-391.4424446373  0.0000000000  3.1415926536  0.0000000000  0.0000000000
-390.1858075759  0.0000000000  3.1415926536  0.0000000000  0.0000000000
-388.9291705144  0.0000000000  3.1415926536  0.0000000000  0.0000000000
-387.6725334530  0.0000000000  3.1415926536  0.0000000000  0.0000000000
-386.4158963915  0.0000000000  3.1415926536  0.0000000000  0.0000000000
-385.1592593301  0.0000000000  3.1415926536  0.0000000000  0.0000000000
-383.9026222687  0.0000000000  3.1415926536  0.0000000000  0.0000000000
-382.6459852072  0.0000000000  3.1415926536  0.0000000000  0.0000000000
-381.3893481458  0.0000000000  3.1415926536  0.0000000000  0.0000000000
-380.1327110844  0.0000000000  3.1415926536  0.0000000000  0.0000000000
-378.8760740229  0.0000000000  3.1415926536  0.0000000000  0.0000000000
-377.6194369615  0.0000000000  3.1415926536  0.0000000000  0.0000000000
-376.3627999001  0.0000000000  3.1415926536  0.0000000000  0.0000000000
-375.1061628386  0.0000000000  3.1415926536  0.0000000000  0.0000000000
-373.8495257772  0.0000000000  3.1415926536  0.0000000000  0.0000000000
-372.5928887157  0.0000000000  3.1415926536  0.0000000000  0.0000000000
-371.3362516543  0.0000000000  3.1415926536  0.0000000000  0.0000000000
-370.0796145929  0.0000000000  3.1415926536  0.0000000000  0.0000000000
-368.8229775314  0.0000000000  3.1415926536  0.0000000000  0.0000000000
-367.5663404700  0.0000000000  3.1415926536  0.0000000000  0.0000000000
-366.3097034086  0.0000000000  3.1415926536  0.0000000000  0.0000000000
-365.0530663471  0.0000000000  3.1415926536  0.0000000000  0.0000000000
-363.7964292857  0.0000000000  3.1415926536  0.0000000000  0.0000000000
-362.5397922243  0.0000000000  3.1415926536  0.0000000000  0.0000000000
-361.2831551628  0.0000000000  3.1415926536  0.0000000000  0.0000000000
-360.0265181014  0.0000000000  3.1415926536  0.0000000000  0.0000000000
-358.7698810400  0.0000000000  3.1415926536  0.0000000000  0.0000000000
-357.5132439785  0.0000000000  3.1415926536  0.0000000000  0.0000000000
-356.2566069171  0.0000000000  3.1415926536  0.0000000000  0.0000000000
-354.9999698556  0.0000000000  3.1415926536  0.0000000000  0.0000000000
-353.7433327942  0.0000000000  3.1415926536  0.0000000000  0.0000000000
-352.4866957328  0.0000000000  3.1415926536  0.0000000000  0.0000000000
-351.2300586713  0.0000000000  3.1415926536  0.0000000000  0.0000000000
-349.9734216099  0.0000000000  3.1415926536  0.0000000000  0.0000000000
-348.7167845485  0.0000000000  3.1415926536  0.0000000000  0.0000000000
-347.4601474870  0.0000000000  3.1415926536  0.0000000000  0.0000000000
-346.2035104256  0.0000000000  3.1415926536  0.0000000000  0.0000000000
-344.9468733642  0.0000000000  3.1415926536  0.0000000000  0.0000000000
-343.6902363027  0.0000000000  3.1415926536  0.0000000000  0.0000000000
-342.4335992413  0.0000000000  3.1415926536  0.0000000000  0.0000000000
-341.1769621799  0.0000000000  3.1415926536  0.0000000000  0.0000000000
-339.9203251184  0.0000000000  3.1415926536  0.0000000000  0.0000000000
-338.6636880570  0.0000000000  3.1415926536  0.0000000000  0.0000000000
-337.4070509955  0.0000000000  3.1415926536  0.0000000000  0.0000000000
-336.1504139341  0.0000000000  3.1415926536  0.0000000000  0.0000000000
-334.8937768727  0.0000000000  3.1415926536  0.0000000000  0.0000000000
-333.6371398112  0.0000000000  3.1415926536  0.0000000000  0.0000000000
-332.3805027498  0.0000000000  3.1415926536  0.0000000000  0.0000000000
-331.1238656884  0.0000000000  3.1415926536  0.0000000000  0.0000000000
-329.8672286269  0.0000000000  3.1415926536  0.0000000000  0.0000000000
-328.6105915655  0.0000000000  3.1415926536  0.0000000000  0.0000000000
-327.3539545041  0.0000000000  3.1415926536  0.0000000000  0.0000000000
-326.0973174426  0.0000000000  3.1415926536  0.0000000000  0.0000000000
-324.8406803812  0.0000000000  3.1415926536  0.0000000000  0.0000000000
-323.5840433197  0.0000000000  3.1415926536  0.0000000000  0.0000000000
-322.3274062583  0.0000000000  3.1415926536  0.0000000000  0.0000000000
-321.0707691969  0.0000000000  3.1415926536  0.0000000000  0.0000000000
-319.8141321354  0.0000000000  3.1415926536  0.0000000000  0.0000000000
-318.5574950740  0.0000000000  3.1415926536  0.0000000000  0.0000000000
-317.3008580126  0.0000000000  3.1415926536  0.0000000000  0.0000000000
-316.0442209511  0.0000000000  3.1415926536  0.0000000000  0.0000000000
-314.7875838897  0.0000000000  3.1415926536  0.0000000000  0.0000000000
-313.5309468283  0.0000000000  3.1415926536  0.0000000000  0.0000000000
-312.2743097668  0.0000000000  3.1415926536  0.0000000000  0.0000000000
-311.0176727054  0.0000000000  3.1415926536  0.0000000000  0.0000000000
-309.7610356440  0.0000000000  3.1415926536  0.0000000000  0.0000000000
-308.5043985825  0.0000000000  3.1415926536  0.0000000000  0.0000000000
-307.2477615211  0.0000000000  3.1415926536  0.0000000000  0.0000000000
-305.9911244596  0.0000000000  3.1415926536  0.0000000000  0.0000000000
-304.7344873982  0.0000000000  3.1415926536  0.0000000000  0.0000000000
-303.4778503368  0.0000000000  3.1415926536  0.0000000000  0.0000000000
-302.2212132753  0.0000000000  3.1415926536  0.0000000000  0.0000000000
-300.9645762139  0.0000000000  3.1415926536  0.0000000000  0.0000000000
-299.7079391525  0.0000000000  3.1415926536  0.0000000000  0.0000000000
-298.4513020910  0.0000000000  3.1415926536  0.0000000000  0.0000000000
-297.1946650296  0.0000000000  3.1415926536  0.0000000000  0.0000000000
-295.9380279682  0.0000000000  3.1415926536  0.0000000000  0.0000000000
-294.6813909067  0.0000000000  3.1415926536  0.0000000000  0.0000000000
-293.4247538453  0.0000000000  3.1415926536  0.0000000000  0.0000000000
-292.1681167839  0.0000000000  3.1415926536  0.0000000000  0.0000000000
-290.9114797224  0.0000000000  3.1415926536  0.0000000000  0.0000000000
-289.6548426610  0.0000000000  3.1415926536  0.0000000000  0.0000000000
-288.3982055995  0.0000000000  3.1415926536  0.0000000000  0.0000000000
-287.1415685381  0.0000000000  3.1415926536  0.0000000000  0.0000000000
-285.8849314767  0.0000000000  3.1415926536  0.0000000000  0.0000000000
-284.6282944152  0.0000000000  3.1415926536  0.0000000000  0.0000000000
-283.3716573538  0.0000000000  3.1415926536  0.0000000000  0.0000000000
-282.1150202924  0.0000000000  3.1415926536  0.0000000000  0.0000000000
-280.8583832309  0.0000000000  3.1415926536  0.0000000000  0.0000000000
-279.6017461695  0.0000000000  3.1415926536  0.0000000000  0.0000000000
-278.3451091081  0.0000000000  3.1415926536  0.0000000000  0.0000000000
-277.0884720466  0.0000000000  3.1415926536  0.0000000000  0.0000000000
-275.8318349852  0.0000000000  3.1415926536  0.0000000000  0.0000000000
-274.5751979237  0.0000000000  3.1415926536  0.0000000000  0.0000000000
-273.3185608623  0.0000000000  3.1415926536  0.0000000000  0.0000000000
-272.0619238009  0.0000000000  3.1415926536  0.0000000000  0.0000000000
-270.8052867394  0.0000000000  3.1415926536  0.0000000000  0.0000000000
-269.5486496780  0.0000000000  3.1415926536  0.0000000000  0.0000000000
-268.2920126166  0.0000000000  3.1415926536  0.0000000000  0.0000000000
-267.0353755551  0.0000000000  3.1415926536  0.0000000000  0.0000000000
-265.7787384937  0.0000000000  3.1415926536  0.0000000000  0.0000000000
-264.5221014323  0.0000000000  3.1415926536  0.0000000000  0.0000000000
-263.2654643708  0.0000000000  3.1415926536  0.0000000000  0.0000000000
-262.0088273094  0.0000000000  3.1415926536  0.0000000000  0.0000000000
-260.7521902480  0.0000000000  3.1415926536  0.0000000000  0.0000000000
-259.4955531865  0.0000000000  3.1415926536  0.0000000000  0.0000000000
-258.2389161251  0.0000000000  3.1415926536  0.0000000000  0.0000000000
-256.9822790636  0.0000000000  3.1415926536  0.0000000000  0.0000000000
-255.7256420022  0.0000000000  3.1415926536  0.0000000000  0.0000000000
-254.4690049408  0.0000000000  3.1415926536  0.0000000000  0.0000000000
-253.2123678793  0.0000000000  3.1415926536  0.0000000000  0.0000000000
-251.9557308179  0.0000000000  3.1415926536  0.0000000000  0.0000000000
-250.6990937565  0.0000000000  3.1415926536  0.0000000000  0.0000000000
-249.4424566950  0.0000000000  3.1415926536  0.0000000000  0.0000000000
-248.1858196336  0.0000000000  3.1415926536  0.0000000000  0.0000000000
-246.9291825722  0.0000000000  3.1415926536  0.0000000000  0.0000000000
-245.6725455107  0.0000000000  3.1415926536  0.0000000000  0.0000000000
-244.4159084493  0.0000000000  3.1415926536  0.0000000000  0.0000000000
-243.1592713878  0.0000000000  3.1415926536  0.0000000000  0.0000000000
-241.9026343264  0.0000000000  3.1415926536  0.0000000000  0.0000000000
-240.6459972650  0.0000000000  3.1415926536  0.0000000000  0.0000000000
-239.3893602035  0.0000000000  3.1415926536  0.0000000000  0.0000000000
-238.1327231421  0.0000000000  3.1415926536  0.0000000000  0.0000000000
-236.8760860807  0.0000000000  3.1415926536  0.0000000000  0.0000000000
-235.6194490192  0.0000000000  3.1415926536  0.0000000000  0.0000000000
-234.3628119578  0.0000000000  3.1415926536  0.0000000000  0.0000000000
-233.1061748964  0.0000000000  3.1415926536  0.0000000000  0.0000000000
-231.8495378349  0.0000000000  3.1415926536  0.0000000000  0.0000000000
-230.5929007735  0.0000000000  3.1415926536  0.0000000000  0.0000000000
-229.3362637121  0.0000000000  3.1415926536  0.0000000000  0.0000000000
-228.0796266506  0.0000000000  3.1415926536  0.0000000000  0.0000000000
-226.8229895892  0.0000000000  3.1415926536  0.0000000000  0.0000000000
-225.5663525277  0.0000000000  3.1415926536  0.0000000000  0.0000000000
-224.3097154663  0.0000000000  3.1415926536  0.0000000000  0.0000000000
-223.0530784049  0.0000000000  3.1415926536  0.0000000000  0.0000000000
-221.7964413434  0.0000000000  3.1415926536  0.0000000000  0.0000000000
-220.5398042820  0.0000000000  3.1415926536  0.0000000000  0.0000000000
-219.2831672206  0.0000000000  3.1415926536  0.0000000000  0.0000000000
-218.0265301591  0.0000000000  3.1415926536  0.0000000000  0.0000000000
-216.7698930977  0.0000000000  3.1415926536  0.0000000000  0.0000000000
-215.5132560363  0.0000000000  3.1415926536  0.0000000000  0.0000000000
-214.2566189748  0.0000000000  3.1415926536  0.0000000000  0.0000000000
-212.9999819134  0.0000000000  3.1415926536  0.0000000000  0.0000000000
-211.7433448520  0.0000000000  3.1415926536  0.0000000000  0.0000000000
-210.4867077905  0.0000000000  3.1415926536  0.0000000000  0.0000000000
-209.2300707291  0.0000000000  3.1415926536  0.0000000000  0.0000000000
-207.9734336676  0.0000000000  3.1415926536  0.0000000000  0.0000000000
-206.7167966062  0.0000000000  3.1415926536  0.0000000000  0.0000000000
-205.4601595448  0.0000000000  3.1415926536  0.0000000000  0.0000000000
-204.2035224833  0.0000000000  3.1415926536  0.0000000000  0.0000000000
-202.9468854219  0.0000000000  3.1415926536  0.0000000000  0.0000000000
-201.6902483605  0.0000000000  3.1415926536  0.0000000000  0.0000000000
-200.4336112990  0.0000000000  3.1415926536  0.0000000000  0.0000000000
-199.1769742376  0.0000000000  3.1415926536  0.0000000000  0.0000000000
-197.9203371762  0.0000000000  3.1415926536  0.0000000000  0.0000000000
-196.6637001147  0.0000000000  3.1415926536  0.0000000000  0.0000000000
-195.4070630533  0.0000000000  3.1415926536  0.0000000000  0.0000000000
-194.1504259918  0.0000000000  3.1415926536  0.0000000000  0.0000000000
-192.8937889304  0.0000000000  3.1415926536  0.0000000000  0.0000000000
-191.6371518690  0.0000000000  3.1415926536  0.0000000000  0.0000000000
-190.3805148075  0.0000000000  3.1415926536  0.0000000000  0.0000000000
-189.1238777461  0.0000000000  3.1415926536  0.0000000000  0.0000000000
-187.8672406847  0.0000000000  3.1415926536  0.0000000000  0.0000000000
-186.6106036232  0.0000000000  3.1415926536  0.0000000000  0.0000000000
-185.3539665618  0.0000000000  3.1415926536  0.0000000000  0.0000000000
-184.0973295004  0.0000000000  3.1415926536  0.0000000000  0.0000000000
-182.8406924389  0.0000000000  3.1415926536  0.0000000000  0.0000000000
-181.5840553775  0.0000000000  3.1415926536  0.0000000000  0.0000000000
-180.3274183161  0.0000000000  3.1415926536  0.0000000000  0.0000000000
-179.0707812546  0.0000000000  3.1415926536  0.0000000000  0.0000000000
-177.8141441932  0.0000000000  3.1415926536  0.0000000000  0.0000000000
-176.5575071317  0.0000000000  3.1415926536  0.0000000000  0.0000000000
-175.3008700703  0.0000000000  3.1415926536  0.0000000000  0.0000000000
-174.0442330089  0.0000000000  3.1415926536  0.0000000000  0.0000000000
-172.7875959474  0.0000000000  3.1415926536  0.0000000000  0.0000000000
-171.5309588860  0.0000000000  3.1415926536  0.0000000000  0.0000000000
-170.2743218246  0.0000000000  3.1415926536  0.0000000000  0.0000000000
-169.0176847631  0.0000000000  3.1415926536  0.0000000000  0.0000000000
-167.7610477017  0.0000000000  3.1415926536  0.0000000000  0.0000000000
-166.5044106403  0.0000000000  3.1415926536  0.0000000000  0.0000000000
-165.2477735788  0.0000000000  3.1415926536  0.0000000000  0.0000000000
-163.9911365174  0.0000000000  3.1415926536  0.0000000000  0.0000000000
-162.7344994560  0.0000000000  3.1415926536  0.0000000000  0.0000000000
-161.4778623945  0.0000000000  3.1415926536  0.0000000000  0.0000000000
-160.2212253331  0.0000000000  3.1415926536  0.0000000000  0.0000000000
-158.9645882716  0.0000000000  3.1415926536  0.0000000000  0.0000000000
-157.7079512102  0.0000000000  3.1415926536  0.0000000000  0.0000000000
-156.4513141488  0.0000000000  3.1415926536  0.0000000000  0.0000000000
-155.1946770873  0.0000000000  3.1415926536  0.0000000000  0.0000000000
-153.9380400259  0.0000000000  3.1415926536  0.0000000000  0.0000000000
-152.6814029645  0.0000000000  3.1415926536  0.0000000000  0.0000000000
-151.4247659030  0.0000000000  3.1415926536  0.0000000000  0.0000000000
-150.1681288416  0.0000000000  3.1415926536  0.0000000000  0.0000000000
-148.9114917802  0.0000000000  3.1415926536  0.0000000000  0.0000000000
-147.6548547187  0.0000000000  3.1415926536  0.0000000000  0.0000000000
-146.3982176573  0.0000000000  3.1415926536  0.0000000000  0.0000000000
-145.1415805958  0.0000000000  3.1415926536  0.0000000000  0.0000000000
-143.8849435344  0.0000000000  3.1415926536  0.0000000000  0.0000000000
-142.6283064730  0.0000000000  3.1415926536  0.0000000000  0.0000000000
-141.3716694115  0.0000000000  3.1415926536  0.0000000000  0.0000000000
-140.1150323501  0.0000000000  3.1415926536  0.0000000000  0.0000000000
-138.8583952887  0.0000000000  3.1415926536  0.0000000000  0.0000000000
-137.6017582272  0.0000000000  3.1415926536  0.0000000000  0.0000000000
-136.3451211658  0.0000000000  3.1415926536  0.0000000000  0.0000000000
-135.0884841044  0.0000000000  3.1415926536  0.0000000000  0.0000000000
-133.8318470429  0.0000000000  3.1415926536  0.0000000000  0.0000000000
-132.5752099815  0.0000000000  3.1415926536  0.0000000000  0.0000000000
-131.3185729201  0.0000000000  3.1415926536  0.0000000000  0.0000000000
-130.0619358586  0.0000000000  3.1415926536  0.0000000000  0.0000000000
-128.8052987972  0.0000000000  3.1415926536  0.0000000000  0.0000000000
-127.5486617357  0.0000000000  3.1415926536  0.0000000000  0.0000000000
-126.2920246743  0.0000000000  3.1415926536  0.0000000000  0.0000000000
-125.0353876129  0.0000000000  3.1415926536  0.0000000000  0.0000000000
-123.7787505514  0.0000000000  3.1415926536  0.0000000000  0.0000000000
-122.5221134900  0.0000000000  3.1415926536  0.0000000000  0.0000000000
-121.2654764286  0.0000000000  3.1415926536  0.0000000000  0.0000000000
-120.0088393671  0.0000000000  3.1415926536  0.0000000000  0.0000000000
-118.7522023057  0.0000000000  3.1415926536  0.0000000000  0.0000000000
-117.4955652443  0.0000000000  3.1415926536  0.0000000000  0.0000000000
-116.2389281828  0.0000000000  3.1415926536  0.0000000000  0.0000000000
-114.9822911214  0.0000000000  3.1415926536  0.0000000000  0.0000000000
-113.7256540600  0.0000000000  3.1415926536  0.0000000000  0.0000000000
-112.4690169985  0.0000000000  3.1415926536  0.0000000000  0.0000000000
-111.2123799371  0.0000000000  3.1415926536  0.0000000000  0.0000000000
-109.9557428756  0.0000000000  3.1415926536  0.0000000000  0.0000000000
-108.6991058142  0.0000000000  3.1415926536  0.0000000000  0.0000000000
-107.4424687528  0.0000000000  3.1415926536  0.0000000000  0.0000000000
-106.1858316913  0.0000000000  3.1415926536  0.0000000000  0.0000000000
-104.9291946299  0.0000000000  3.1415926536  0.0000000000  0.0000000000
-103.6725575685  0.0000000000  3.1415926536  0.0000000000  0.0000000000
-102.4159205070  0.0000000000  3.1415926536  0.0000000000  0.0000000000
-101.1592834456  0.0000000000  3.1415926536  0.0000000000  0.0000000000
-99.9026463842  0.0000000000  3.1415926536  0.0000000000  0.0000000000
-98.6460093227  0.0000000000  3.1415926536  0.0000000000  0.0000000000
-97.3893722613  0.0000000000  3.1415926536  0.0000000000  0.0000000000
-96.1327351998  0.0000000000  3.1415926536  0.0000000000  0.0000000000
-94.8760981384  0.0000000000  3.1415926536  0.0000000000  0.0000000000
-93.6194610770  0.0000000000  3.1415926536  0.0000000000  0.0000000000
-92.3628240155  0.0000000000  3.1415926536  0.0000000000  0.0000000000
-91.1061869541  0.0000000000  3.1415926536  0.0000000000  0.0000000000
-89.8495498927  0.0000000000  3.1415926536  0.0000000000  0.0000000000
-88.5929128312  0.0000000000  3.1415926536  0.0000000000  0.0000000000
-87.3362757698  0.0000000000  3.1415926536  0.0000000000  0.0000000000
-86.0796387084  0.0000000000  3.1415926536  0.0000000000  0.0000000000
-84.8230016469  0.0000000000  3.1415926536  0.0000000000  0.0000000000
-83.5663645855  0.0000000000  3.1415926536  0.0000000000  0.0000000000
-82.3097275241  0.0000000000  3.1415926536  0.0000000000  0.0000000000
-81.0530904626  0.0000000000  3.1415926536  0.0000000000  0.0000000000
-79.7964534012  0.0000000000  3.1415926536  0.0000000000  0.0000000000
-78.5398163397  0.0000000000  3.1415926536  0.0000000000  0.0000000000
-77.2831792783  0.0000000000  3.1415926536  0.0000000000  0.0000000000
-76.0265422169  0.0000000000  3.1415926536  0.0000000000  0.0000000000
-74.7699051554  0.0000000000  3.1415926536  0.0000000000  0.0000000000
-73.5132680940  0.0000000000  3.1415926536  0.0000000000  0.0000000000
-72.2566310326  0.0000000000  3.1415926536  0.0000000000  0.0000000000
-70.9999939711  0.0000000000  3.1415926536  0.0000000000  0.0000000000
-69.7433569097  0.0000000000  3.1415926536  0.0000000000  0.0000000000
-68.4867198483  0.0000000000  3.1415926536  0.0000000000  0.0000000000
-67.2300827868  0.0000000000  3.1415926536  0.0000000000  0.0000000000
-65.9734457254  0.0000000000  3.1415926536  0.0000000000  0.0000000000
-64.7168086639  0.0000000000  3.1415926536  0.0000000000  0.0000000000
-63.4601716025  0.0000000000  3.1415926536  0.0000000000  0.0000000000
-62.2035345411  0.0000000000  3.1415926536  0.0000000000  0.0000000000
-60.9468974796  0.0000000000  3.1415926536  0.0000000000  0.0000000000
-59.6902604182  0.0000000000  3.1415926536  0.0000000000  0.0000000000
-58.4336233568  0.0000000000  3.1415926536  0.0000000000  0.0000000000
-57.1769862953  0.0000000000  3.1415926536  0.0000000000  0.0000000000
-55.9203492339  0.0000000000  3.1415926536  0.0000000000  0.0000000000
-54.6637121725  0.0000000000  3.1415926536  0.0000000000  0.0000000000
-53.4070751110  0.0000000000  3.1415926536  0.0000000000  0.0000000000
-52.1504380496  0.0000000000  3.1415926536  0.0000000000  0.0000000000
-50.8938009882  0.0000000000  3.1415926536  0.0000000000  0.0000000000
-49.6371639267  0.0000000000  3.1415926536  0.0000000000  0.0000000000
-48.3805268653  0.0000000000  3.1415926536  0.0000000000  0.0000000000
-47.1238898038  0.0000000000  3.1415926536  0.0000000000  0.0000000000
-45.8672527424  0.0000000000  3.1415926536  0.0000000000  0.0000000000
-44.6106156810  0.0000000000  3.1415926536  0.0000000000  0.0000000000
-43.3539786195  0.0000000000  3.1415926536  0.0000000000  0.0000000000
-42.0973415581  0.0000000000  3.1415926536  0.0000000000  0.0000000000
-40.8407044967  0.0000000000  3.1415926536  0.0000000000  0.0000000000
-39.5840674352  0.0000000000  3.1415926536  0.0000000000  0.0000000000
-38.3274303738  0.0000000000  3.1415926536  0.0000000000  0.0000000000
-37.0707933124  0.0000000000  3.1415926536  0.0000000000  0.0000000000
-35.8141562509  0.0000000000  3.1415926536  0.0000000000  0.0000000000
-34.5575191895  0.0000000000  3.1415926536  0.0000000000  0.0000000000
-33.3008821281  0.0000000000  3.1415926536  0.0000000000  0.0000000000
-32.0442450666  0.0000000000  3.1415926536  0.0000000000  0.0000000000
-30.7876080052  0.0000000000  3.1415926536  0.0000000000  0.0000000000
-29.5309709437  0.0000000000  3.1415926536  0.0000000000  0.0000000000
-28.2743338823  0.0000000000  3.1415926536  0.0000000000  0.0000000000
-27.0176968209  0.0000000000  3.1415926536  0.0000000000  0.0000000000
-25.7610597594  0.0000000000  3.1415926536  0.0000000000  0.0000000000
-24.5044226980  0.0000000000  3.1415926536  0.0000000000  0.0000000000
-23.2477856366  0.0000000000  3.1415926536  0.0000000000  0.0000000000
-21.9911485751  0.0000000000  3.1415926536  0.0000000000  0.0000000000
-20.7345115137  0.0000000000  3.1415926536  0.0000000000  0.0000000000
-19.4778744523  0.0000000000  3.1415926536  0.0000000000  0.0000000000
-18.2212373908  0.0000000000  3.1415926536  0.0000000000  0.0000000000
-16.9646003294  0.0000000000  3.1415926536  0.0000000000  0.0000000000
-15.7079632679  0.0000000000  3.1415926536  0.0000000000  0.0000000000
-14.4513262065  0.0000000000  3.1415926536  0.0000000000  0.0000000000
-13.1946891451  0.0000000000  3.1415926536  0.0000000000  0.0000000000
-11.9380520836  0.0000000000  3.1415926536  0.0000000000  0.0000000000
-10.6814150222  0.0000000000  3.1415926536  0.0000000000  0.0000000000
-9.4247779608  0.0000000000  3.1415926536  0.0000000000  0.0000000000
-8.1681408993  0.0000000000  3.1415926536  0.0000000000  0.0000000000
-6.9115038379  0.0000000000  3.1415926536  0.0000000000  0.0000000000
-5.6548667765  0.0000000000  3.1415926536  0.0000000000  0.0000000000
-4.3982297150  0.0000000000  3.1415926536  0.0000000000  0.0000000000
-3.1415926536  0.0000000000  3.1415926536  0.0000000000  0.0000000000
-1.8849555922  0.0000000000  3.1415926536  0.0000000000  -0.0000001574
-0.6283185307  0.0000000000  3.1415926536  -0.0000005067  0.0000000000
0.6283185307  0.0000000000  3.1415926536  -0.0078911411  -1.2358252179
1.8849555922  0.0000000000  3.1415926536  -0.0011566635  -0.4766879644
3.1415926536  0.0000000000  3.1415926536  -0.0004735078  -0.3020096610
4.3982297150  0.0000000000  3.1415926536  -0.0002554835  -0.2204856413
5.6548667765  0.0000000000  3.1415926536  -0.0001590381  -0.1733321493
6.9115038379  0.0000000000  3.1415926536  -0.0001082247  -0.1426698264
8.1681408993  0.0000000000  3.1415926536  -0.0000782993  -0.1211656213
9.4247779608  0.0000000000  3.1415926536  -0.0000592201  -0.1052638945
10.6814150222  0.0000000000  3.1415926536  -0.0000463243  -0.0930346730
11.9380520836  0.0000000000  3.1415926536  -0.0000372110  -0.0833411484
13.1946891451  0.0000000000  3.1415926536  -0.0000305392  -0.0754708079
14.4513262065  0.0000000000  3.1415926536  -0.0000255116  -0.0689546935
15.7079632679  0.0000000000  3.1415926536  -0.0000216300  -0.0634716901
16.9646003294  0.0000000000  3.1415926536  -0.0000185712  -0.0587946049
18.2212373908  0.0000000000  3.1415926536  -0.0000161177  -0.0547582134
19.4778744523  0.0000000000  3.1415926536  -0.0000141198  -0.0512395058
20.7345115137  0.0000000000  3.1415926536  -0.0000124709  -0.0481450290
21.9911485751  0.0000000000  3.1415926536  -0.0000110942  -0.0454025213
23.2477856366  0.0000000000  3.1415926536  -0.0000099328  -0.0429552335
24.5044226980  0.0000000000  3.1415926536  -0.0000089440  -0.0407579822
25.7610597594  0.0000000000  3.1415926536  -0.0000080953  -0.0387743484
27.0176968209  0.0000000000  3.1415926536  -0.0000073613  -0.0369746526
28.2743338823  0.0000000000  3.1415926536  -0.0000067223  -0.0353344655
29.5309709437  0.0000000000  3.1415926536  -0.0000061626  -0.0338334974
30.7876080052  0.0000000000  3.1415926536  -0.0000056696  -0.0324547574
32.0442450666  0.0000000000  3.1415926536  -0.0000052332  -0.0311839095
33.3008821281  0.0000000000  3.1415926536  -0.0000048449  -0.0300087740
34.5575191895  0.0000000000  3.1415926536  -0.0000044981  -0.0289189369
35.8141562509  0.0000000000  3.1415926536  -0.0000041870  -0.0279054415
37.0707933124  0.0000000000  3.1415926536  -0.0000039068  -0.0269605418
38.3274303738  0.0000000000  3.1415926536  -0.0000036537  -0.0260775050
39.5840674352  0.0000000000  3.1415926536  -0.0000034242  -0.0252504512
40.8407044967  0.0000000000  3.1415926536  -0.0000032156  -0.0244742225
42.0973415581  0.0000000000  3.1415926536  -0.0000030253  -0.0237442753
43.3539786195  0.0000000000  3.1415926536  -0.0000028513  -0.0230565919
44.6106156810  0.0000000000  3.1415926536  -0.0000026918  -0.0224076062
45.8672527424  0.0000000000  3.1415926536  -0.0000025452  -0.0217941424
47.1238898038  0.0000000000  3.1415926536  -0.0000024102  -0.0212133626
48.3805268653  0.0000000000  3.1415926536  -0.0000022855  -0.0206627235
49.6371639267  0.0000000000  3.1415926536  -0.0000021702  -0.0201399388
50.8938009882  0.0000000000  3.1415926536  -0.0000020634  -0.0196429476
52.1504380496  0.0000000000  3.1415926536  -0.0000019642  -0.0191698876
53.4070751110  0.0000000000  3.1415926536  -0.0000018719  -0.0187190712
54.6637121725  0.0000000000  3.1415926536  -0.0000017859  -0.0182889661
55.9203492339  0.0000000000  3.1415926536  -0.0000017057  -0.0178781773
57.1769862953  0.0000000000  3.1415926536  -0.0000016307  -0.0174854324
58.4336233568  0.0000000000  3.1415926536  -0.0000015605  -0.0171095685
59.6902604182  0.0000000000  3.1415926536  -0.0000014947  -0.0167495202
60.9468974796  0.0000000000  3.1415926536  -0.0000014330  -0.0164043100
62.2035345411  0.0000000000  3.1415926536  -0.0000013749  -0.0160730395
63.4601716025  0.0000000000  3.1415926536  -0.0000013203  -0.0157548811
64.7168086639  0.0000000000  3.1415926536  -0.0000012688  -0.0154490717
65.9734457254  0.0000000000  3.1415926536  -0.0000012203  -0.0151549060
67.2300827868  0.0000000000  3.1415926536  -0.0000011745  -0.0148717315
68.4867198483  0.0000000000  3.1415926536  -0.0000011312  -0.0145989437
69.7433569097  0.0000000000  3.1415926536  -0.0000010902  -0.0143359815
70.9999939711  0.0000000000  3.1415926536  -0.0000010514  -0.0140823234
72.2566310326  0.0000000000  3.1415926536  -0.0000010146  -0.0138374844
73.5132680940  0.0000000000  3.1415926536  -0.0000009797  -0.0136010123
74.7699051554  0.0000000000  3.1415926536  -0.0000009465  -0.0133724857
76.0265422169  0.0000000000  3.1415926536  -0.0000009150  -0.0131515107
77.2831792783  0.0000000000  3.1415926536  -0.0000008850  -0.0129377191
78.5398163397  0.0000000000  3.1415926536  -0.0000008564  -0.0127307663
79.7964534012  0.0000000000  3.1415926536  -0.0000008292  -0.0125303293
81.0530904626  0.0000000000  3.1415926536  -0.0000008032  -0.0123361053
82.3097275241  0.0000000000  3.1415926536  -0.0000007785  -0.0121478098
83.5663645855  0.0000000000  3.1415926536  -0.0000007548  -0.0119651755
84.8230016469  0.0000000000  3.1415926536  -0.0000007322  -0.0117879508
86.0796387084  0.0000000000  3.1415926536  -0.0000007106  -0.0116158990
87.3362757698  0.0000000000  3.1415926536  -0.0000006899  -0.0114487968
88.5929128312  0.0000000000  3.1415926536  -0.0000006701  -0.0112864338
89.8495498927  0.0000000000  3.1415926536  -0.0000006512  -0.0111286111
91.1061869541  0.0000000000  3.1415926536  -0.0000006330  -0.0109751409
92.3628240155  0.0000000000  3.1415926536  -0.0000006155  -0.0108258457
93.6194610770  0.0000000000  3.1415926536  -0.0000005988  -0.0106805573
94.8760981384  0.0000000000  3.1415926536  -0.0000005827  -0.0105391167
96.1327351998  0.0000000000  3.1415926536  -0.0000005673  -0.0104013729
97.3893722613  0.0000000000  3.1415926536  -0.0000005524  -0.0102671830
98.6460093227  0.0000000000  3.1415926536  -0.0000005382  -0.0101364111
99.9026463842  0.0000000000  3.1415926536  -0.0000005244  -0.0100089284
101.1592834456  0.0000000000  3.1415926536  -0.0000005112  -0.0098846122
102.4159205070  0.0000000000  3.1415926536  -0.0000004985  -0.0097633460
103.6725575685  0.0000000000  3.1415926536  -0.0000004862  -0.0096450190
104.9291946299  0.0000000000  3.1415926536  -0.0000004743  -0.0095295256
106.1858316913  0.0000000000  3.1415926536  -0.0000004629  -0.0094167653
107.4424687528  0.0000000000  3.1415926536  -0.0000004519  -0.0093066420
108.6991058142  0.0000000000  3.1415926536  -0.0000004413  -0.0091990645
109.9557428756  0.0000000000  3.1415926536  -0.0000004310  -0.0090939455
111.2123799371  0.0000000000  3.1415926536  -0.0000004211  -0.0089912015
112.4690169985  0.0000000000  3.1415926536  -0.0000004115  -0.0088907532
113.7256540600  0.0000000000  3.1415926536  -0.0000004023  -0.0087925242
114.9822911214  0.0000000000  3.1415926536  -0.0000003933  -0.0086964420
116.2389281828  0.0000000000  3.1415926536  -0.0000003846  -0.0086024369
117.4955652443  0.0000000000  3.1415926536  -0.0000003763  -0.0085104423
118.7522023057  0.0000000000  3.1415926536  -0.0000003681  -0.0084203943
120.0088393671  0.0000000000  3.1415926536  -0.0000003603  -0.0083322319
121.2654764286  0.0000000000  3.1415926536  -0.0000003527  -0.0082458963
122.5221134900  0.0000000000  3.1415926536  -0.0000003453  -0.0081613315
123.7787505514  0.0000000000  3.1415926536  -0.0000003381  -0.0080784835
125.0353876129  0.0000000000  3.1415926536  -0.0000003312  -0.0079973005
126.2920246743  0.0000000000  3.1415926536  -0.0000003244  -0.0079177329
127.5486617357  0.0000000000  3.1415926536  -0.0000003179  -0.0078397329
128.8052987972  0.0000000000  3.1415926536  -0.0000003116  -0.0077632546
130.0619358586  0.0000000000  3.1415926536  -0.0000003054  -0.0076882540
131.3185729201  0.0000000000  3.1415926536  -0.0000002994  -0.0076146886
132.5752099815  0.0000000000  3.1415926536  -0.0000002936  -0.0075425177
133.8318470429  0.0000000000  3.1415926536  -0.0000002880  -0.0074717019
135.0884841044  0.0000000000  3.1415926536  -0.0000002825  -0.0074022034
136.3451211658  0.0000000000  3.1415926536  -0.0000002772  -0.0073339858
137.6017582272  0.0000000000  3.1415926536  -0.0000002720  -0.0072670141
138.8583952887  0.0000000000  3.1415926536  -0.0000002669  -0.0072012544
140.1150323501  0.0000000000  3.1415926536  -0.0000002620  -0.0071366741
141.3716694115  0.0000000000  3.1415926536  -0.0000002572  -0.0070732418
142.6283064730  0.0000000000  3.1415926536  -0.0000002526  -0.0070109271
143.8849435344  0.0000000000  3.1415926536  -0.0000002481  -0.0069497007
145.1415805958  0.0000000000  3.1415926536  -0.0000002437  -0.0068895345
146.3982176573  0.0000000000  3.1415926536  -0.0000002394  -0.0068304010
147.6548547187  0.0000000000  3.1415926536  -0.0000002352  -0.0067722739
148.9114917802  0.0000000000  3.1415926536  -0.0000002311  -0.0067151278
150.1681288416  0.0000000000  3.1415926536  -0.0000002271  -0.0066589380
151.4247659030  0.0000000000  3.1415926536  -0.0000002233  -0.0066036807
152.6814029645  0.0000000000  3.1415926536  -0.0000002195  -0.0065493330
153.9380400259  0.0000000000  3.1415926536  -0.0000002158  -0.0064958724
155.1946770873  0.0000000000  3.1415926536  -0.0000002122  -0.0064432775
156.4513141488  0.0000000000  3.1415926536  -0.0000002087  -0.0063915275
157.7079512102  0.0000000000  3.1415926536  -0.0000002053  -0.0063406021
158.9645882716  0.0000000000  3.1415926536  -0.0000002019  -0.0062904817
160.2212253331  0.0000000000  3.1415926536  -0.0000001987  -0.0062411475
161.4778623945  0.0000000000  3.1415926536  -0.0000001955  -0.0061925810
162.7344994560  0.0000000000  3.1415926536  -0.0000001924  -0.0061447646
163.9911365174  0.0000000000  3.1415926536  -0.0000001893  -0.0060976809
165.2477735788  0.0000000000  3.1415926536  -0.0000001864  -0.0060513133
166.5044106403  0.0000000000  3.1415926536  -0.0000001835  -0.0060056454
167.7610477017  0.0000000000  3.1415926536  -0.0000001806  -0.0059606617
169.0176847631  0.0000000000  3.1415926536  -0.0000001778  -0.0059163469
170.2743218246  0.0000000000  3.1415926536  -0.0000001751  -0.0058726861
171.5309588860  0.0000000000  3.1415926536  -0.0000001725  -0.0058296649
172.7875959474  0.0000000000  3.1415926536  -0.0000001699  -0.0057872695
174.0442330089  0.0000000000  3.1415926536  -0.0000001674  -0.0057454862
175.3008700703  0.0000000000  3.1415926536  -0.0000001649  -0.0057043020
176.5575071317  0.0000000000  3.1415926536  -0.0000001625  -0.0056637039
177.8141441932  0.0000000000  3.1415926536  -0.0000001601  -0.0056236796
179.0707812546  0.0000000000  3.1415926536  -0.0000001578  -0.0055842171
180.3274183161  0.0000000000  3.1415926536  -0.0000001555  -0.0055453045
181.5840553775  0.0000000000  3.1415926536  -0.0000001532  -0.0055069304
182.8406924389  0.0000000000  3.1415926536  -0.0000001511  -0.0054690838
184.0973295004  0.0000000000  3.1415926536  -0.0000001489  -0.0054317538
185.3539665618  0.0000000000  3.1415926536  -0.0000001468  -0.0053949300
186.6106036232  0.0000000000  3.1415926536  -0.0000001448  -0.0053586020
187.8672406847  0.0000000000  3.1415926536  -0.0000001428  -0.0053227601
189.1238777461  0.0000000000  3.1415926536  -0.0000001408  -0.0052873944
190.3805148075  0.0000000000  3.1415926536  -0.0000001389  -0.0052524955
191.6371518690  0.0000000000  3.1415926536  -0.0000001370  -0.0052180543
192.8937889304  0.0000000000  3.1415926536  -0.0000001351  -0.0051840619
194.1504259918  0.0000000000  3.1415926536  -0.0000001333  -0.0051505094
195.4070630533  0.0000000000  3.1415926536  -0.0000001315  -0.0051173885
196.6637001147  0.0000000000  3.1415926536  -0.0000001298  -0.0050846908
197.9203371762  0.0000000000  3.1415926536  -0.0000001281  -0.0050524082
199.1769742376  0.0000000000  3.1415926536  -0.0000001264  -0.0050205331
200.4336112990  0.0000000000  3.1415926536  -0.0000001248  -0.0049890575
201.6902483605  0.0000000000  3.1415926536  -0.0000001231  -0.0049579742
202.9468854219  0.0000000000  3.1415926536  -0.0000001216  -0.0049272758
204.2035224833  0.0000000000  3.1415926536  -0.0000001200  -0.0048969552
205.4601595448  0.0000000000  3.1415926536  -0.0000001185  -0.0048670055
206.7167966062  0.0000000000  3.1415926536  -0.0000001170  -0.0048374198
207.9734336676  0.0000000000  3.1415926536  -0.0000001155  -0.0048081917
209.2300707291  0.0000000000  3.1415926536  -0.0000001141  -0.0047793147
210.4867077905  0.0000000000  3.1415926536  -0.0000001126  -0.0047507824
211.7433448520  0.0000000000  3.1415926536  -0.0000001112  -0.0047225888
212.9999819134  0.0000000000  3.1415926536  -0.0000001099  -0.0046947279
214.2566189748  0.0000000000  3.1415926536  -0.0000001085  -0.0046671937
215.5132560363  0.0000000000  3.1415926536  -0.0000001072  -0.0046399806
216.7698930977  0.0000000000  3.1415926536  -0.0000001059  -0.0046130831
218.0265301591  0.0000000000  3.1415926536  -0.0000001046  -0.0045864955
219.2831672206  0.0000000000  3.1415926536  -0.0000001034  -0.0045602127
220.5398042820  0.0000000000  3.1415926536  -0.0000001022  -0.0045342294
221.7964413434  0.0000000000  3.1415926536  -0.0000001009  -0.0045085405
223.0530784049  0.0000000000  3.1415926536  -0.0000000998  -0.0044831410
224.3097154663  0.0000000000  3.1415926536  -0.0000000986  -0.0044580261
225.5663525277  0.0000000000  3.1415926536  -0.0000000974  -0.0044331911
226.8229895892  0.0000000000  3.1415926536  -0.0000000963  -0.0044086312
228.0796266506  0.0000000000  3.1415926536  -0.0000000952  -0.0043843419
229.3362637121  0.0000000000  3.1415926536  -0.0000000941  -0.0043603188
230.5929007735  0.0000000000  3.1415926536  -0.0000000930  -0.0043365575
231.8495378349  0.0000000000  3.1415926536  -0.0000000920  -0.0043130538
233.1061748964  0.0000000000  3.1415926536  -0.0000000909  -0.0042898035
234.3628119578  0.0000000000  3.1415926536  -0.0000000899  -0.0042668025
235.6194490192  0.0000000000  3.1415926536  -0.0000000889  -0.0042440468
236.8760860807  0.0000000000  3.1415926536  -0.0000000879  -0.0042215326
238.1327231421  0.0000000000  3.1415926536  -0.0000000870  -0.0041992559
239.3893602035  0.0000000000  3.1415926536  -0.0000000860  -0.0041772132
240.6459972650  0.0000000000  3.1415926536  -0.0000000851  -0.0041554006
241.9026343264  0.0000000000  3.1415926536  -0.0000000841  -0.0041338147
243.1592713878  0.0000000000  3.1415926536  -0.0000000832  -0.0041124518
244.4159084493  0.0000000000  3.1415926536  -0.0000000823  -0.0040913086
245.6725455107  0.0000000000  3.1415926536  -0.0000000814  -0.0040703817
246.9291825722  0.0000000000  3.1415926536  -0.0000000806  -0.0040496678
248.1858196336  0.0000000000  3.1415926536  -0.0000000797  -0.0040291637
249.4424566950  0.0000000000  3.1415926536  -0.0000000789  -0.0040088661
250.6990937565  0.0000000000  3.1415926536  -0.0000000780  -0.0039887720
251.9557308179  0.0000000000  3.1415926536  -0.0000000772  -0.0039688784
253.2123678793  0.0000000000  3.1415926536  -0.0000000764  -0.0039491822
254.4690049408  0.0000000000  3.1415926536  -0.0000000756  -0.0039296805
255.7256420022  0.0000000000  3.1415926536  -0.0000000748  -0.0039103705
256.9822790636  0.0000000000  3.1415926536  -0.0000000741  -0.0038912493
258.2389161251  0.0000000000  3.1415926536  -0.0000000733  -0.0038723142
259.4955531865  0.0000000000  3.1415926536  -0.0000000725  -0.0038535625
260.7521902480  0.0000000000  3.1415926536  -0.0000000718  -0.0038349915
262.0088273094  0.0000000000  3.1415926536  -0.0000000711  -0.0038165987
263.2654643708  0.0000000000  3.1415926536  -0.0000000704  -0.0037983814
264.5221014323  0.0000000000  3.1415926536  -0.0000000697  -0.0037803372
265.7787384937  0.0000000000  3.1415926536  -0.0000000690  -0.0037624637
267.0353755551  0.0000000000  3.1415926536  -0.0000000683  -0.0037447583
268.2920126166  0.0000000000  3.1415926536  -0.0000000676  -0.0037272188
269.5486496780  0.0000000000  3.1415926536  -0.0000000669  -0.0037098429
270.8052867394  0.0000000000  3.1415926536  -0.0000000663  -0.0036926282
272.0619238009  0.0000000000  3.1415926536  -0.0000000656  -0.0036755725
273.3185608623  0.0000000000  3.1415926536  -0.0000000650  -0.0036586737
274.5751979237  0.0000000000  3.1415926536  -0.0000000644  -0.0036419295
275.8318349852  0.0000000000  3.1415926536  -0.0000000637  -0.0036253379
277.0884720466  0.0000000000  3.1415926536  -0.0000000631  -0.0036088968
278.3451091081  0.0000000000  3.1415926536  -0.0000000625  -0.0035926041
279.6017461695  0.0000000000  3.1415926536  -0.0000000619  -0.0035764579
280.8583832309  0.0000000000  3.1415926536  -0.0000000613  -0.0035604561
282.1150202924  0.0000000000  3.1415926536  -0.0000000608  -0.0035445969
283.3716573538  0.0000000000  3.1415926536  -0.0000000602  -0.0035288784
284.6282944152  0.0000000000  3.1415926536  -0.0000000596  -0.0035132987
285.8849314767  0.0000000000  3.1415926536  -0.0000000591  -0.0034978559
287.1415685381  0.0000000000  3.1415926536  -0.0000000585  -0.0034825482
288.3982055995  0.0000000000  3.1415926536  -0.0000000580  -0.0034673740
289.6548426610  0.0000000000  3.1415926536  -0.0000000575  -0.0034523314
290.9114797224  0.0000000000  3.1415926536  -0.0000000569  -0.0034374188
292.1681167839  0.0000000000  3.1415926536  -0.0000000564  -0.0034226345
293.4247538453  0.0000000000  3.1415926536  -0.0000000559  -0.0034079768
294.6813909067  0.0000000000  3.1415926536  -0.0000000554  -0.0033934441
295.9380279682  0.0000000000  3.1415926536  -0.0000000549  -0.0033790348
297.1946650296  0.0000000000  3.1415926536  -0.0000000544  -0.0033647474
298.4513020910  0.0000000000  3.1415926536  -0.0000000539  -0.0033505803
299.7079391525  0.0000000000  3.1415926536  -0.0000000534  -0.0033365319
300.9645762139  0.0000000000  3.1415926536  -0.0000000530  -0.0033226009
302.2212132753  0.0000000000  3.1415926536  -0.0000000525  -0.0033087858
303.4778503368  0.0000000000  3.1415926536  -0.0000000520  -0.0032950850
304.7344873982  0.0000000000  3.1415926536  -0.0000000516  -0.0032814972
305.9911244596  0.0000000000  3.1415926536  -0.0000000511  -0.0032680211
307.2477615211  0.0000000000  3.1415926536  -0.0000000507  -0.0032546552
308.5043985825  0.0000000000  3.1415926536  -0.0000000502  -0.0032413981
309.7610356440  0.0000000000  3.1415926536  -0.0000000498  -0.0032282486
311.0176727054  0.0000000000  3.1415926536  -0.0000000494  -0.0032152054
312.2743097668  0.0000000000  3.1415926536  -0.0000000489  -0.0032022672
313.5309468283  0.0000000000  3.1415926536  -0.0000000485  -0.0031894326
314.7875838897  0.0000000000  3.1415926536  -0.0000000481  -0.0031767005
316.0442209511  0.0000000000  3.1415926536  -0.0000000477  -0.0031640697
317.3008580126  0.0000000000  3.1415926536  -0.0000000473  -0.0031515389
318.5574950740  0.0000000000  3.1415926536  -0.0000000469  -0.0031391070
319.8141321354  0.0000000000  3.1415926536  -0.0000000465  -0.0031267728
321.0707691969  0.0000000000  3.1415926536  -0.0000000461  -0.0031145351
322.3274062583  0.0000000000  3.1415926536  -0.0000000457  -0.0031023928
323.5840433197  0.0000000000  3.1415926536  -0.0000000453  -0.0030903449
324.8406803812  0.0000000000  3.1415926536  -0.0000000450  -0.0030783901
326.0973174426  0.0000000000  3.1415926536  -0.0000000446  -0.0030665275
327.3539545041  0.0000000000  3.1415926536  -0.0000000442  -0.0030547560
328.6105915655  0.0000000000  3.1415926536  -0.0000000439  -0.0030430745
329.8672286269  0.0000000000  3.1415926536  -0.0000000435  -0.0030314820
331.1238656884  0.0000000000  3.1415926536  -0.0000000432  -0.0030199775
332.3805027498  0.0000000000  3.1415926536  -0.0000000428  -0.0030085599
333.6371398112  0.0000000000  3.1415926536  -0.0000000425  -0.0029972284
334.8937768727  0.0000000000  3.1415926536  -0.0000000421  -0.0029859819
336.1504139341  0.0000000000  3.1415926536  -0.0000000418  -0.0029748195
337.4070509955  0.0000000000  3.1415926536  -0.0000000414  -0.0029637403
338.6636880570  0.0000000000  3.1415926536  -0.0000000411  -0.0029527432
339.9203251184  0.0000000000  3.1415926536  -0.0000000408  -0.0029418275
341.1769621799  0.0000000000  3.1415926536  -0.0000000405  -0.0029309922
342.4335992413  0.0000000000  3.1415926536  -0.0000000401  -0.0029202364
343.6902363027  0.0000000000  3.1415926536  -0.0000000398  -0.0029095592
344.9468733642  0.0000000000  3.1415926536  -0.0000000395  -0.0028989599
346.2035104256  0.0000000000  3.1415926536  -0.0000000392  -0.0028884375
347.4601474870  0.0000000000  3.1415926536  -0.0000000389  -0.0028779912
348.7167845485  0.0000000000  3.1415926536  -0.0000000386  -0.0028676202
349.9734216099  0.0000000000  3.1415926536  -0.0000000383  -0.0028573236
351.2300586713  0.0000000000  3.1415926536  -0.0000000380  -0.0028471008
352.4866957328  0.0000000000  3.1415926536  -0.0000000377  -0.0028369508
353.7433327942  0.0000000000  3.1415926536  -0.0000000374  -0.0028268729
354.9999698556  0.0000000000  3.1415926536  -0.0000000371  -0.0028168664
356.2566069171  0.0000000000  3.1415926536  -0.0000000369  -0.0028069305
357.5132439785  0.0000000000  3.1415926536  -0.0000000366  -0.0027970644
358.7698810400  0.0000000000  3.1415926536  -0.0000000363  -0.0027872675
360.0265181014  0.0000000000  3.1415926536  -0.0000000360  -0.0027775389
361.2831551628  0.0000000000  3.1415926536  -0.0000000358  -0.0027678780
362.5397922243  0.0000000000  3.1415926536  -0.0000000355  -0.0027582841
363.7964292857  0.0000000000  3.1415926536  -0.0000000352  -0.0027487564
365.0530663471  0.0000000000  3.1415926536  -0.0000000350  -0.0027392944
366.3097034086  0.0000000000  3.1415926536  -0.0000000347  -0.0027298973
367.5663404700  0.0000000000  3.1415926536  -0.0000000345  -0.0027205644
368.8229775314  0.0000000000  3.1415926536  -0.0000000342  -0.0027112951
370.0796145929  0.0000000000  3.1415926536  -0.0000000339  -0.0027020888
371.3362516543  0.0000000000  3.1415926536  -0.0000000337  -0.0026929447
372.5928887157  0.0000000000  3.1415926536  -0.0000000335  -0.0026838624
373.8495257772  0.0000000000  3.1415926536  -0.0000000332  -0.0026748411
375.1061628386  0.0000000000  3.1415926536  -0.0000000330  -0.0026658803
376.3627999001  0.0000000000  3.1415926536  -0.0000000327  -0.0026569793
377.6194369615  0.0000000000  3.1415926536  -0.0000000325  -0.0026481375
378.8760740229  0.0000000000  3.1415926536  -0.0000000323  -0.0026393544
380.1327110844  0.0000000000  3.1415926536  -0.0000000320  -0.0026306293
381.3893481458  0.0000000000  3.1415926536  -0.0000000318  -0.0026219618
382.6459852072  0.0000000000  3.1415926536  -0.0000000316  -0.0026133511
383.9026222687  0.0000000000  3.1415926536  -0.0000000313  -0.0026047969
385.1592593301  0.0000000000  3.1415926536  -0.0000000311  -0.0025962985
386.4158963915  0.0000000000  3.1415926536  -0.0000000309  -0.0025878553
387.6725334530  0.0000000000  3.1415926536  -0.0000000307  -0.0025794669
388.9291705144  0.0000000000  3.1415926536  -0.0000000305  -0.0025711326
390.1858075759  0.0000000000  3.1415926536  -0.0000000303  -0.0025628521
391.4424446373  0.0000000000  3.1415926536  -0.0000000300  -0.0025546247
392.6990816987  0.0000000000  3.1415926536  -0.0000000298  -0.0025464500
393.9557187602  0.0000000000  3.1415926536  -0.0000000296  -0.0025383274
395.2123558216  0.0000000000  3.1415926536  -0.0000000294  -0.0025302565
396.4689928830  0.0000000000  3.1415926536  -0.0000000292  -0.0025222368
397.7256299445  0.0000000000  3.1415926536  -0.0000000290  -0.0025142677
398.9822670059  0.0000000000  3.1415926536  -0.0000000288  -0.0025063488
400.2389040673  0.0000000000  3.1415926536  -0.0000000286  -0.0024984797
401.4955411288  0.0000000000  3.1415926536  -0.0000000284  -0.0024906598
402.7521781902  0.0000000000  3.1415926536  -0.0000000282  -0.0024828887
404.0088152516  0.0000000000  3.1415926536  -0.0000000280  -0.0024751659
405.2654523131  0.0000000000  3.1415926536  -0.0000000279  -0.0024674910
406.5220893745  0.0000000000  3.1415926536  -0.0000000277  -0.0024598636
407.7787264360  0.0000000000  3.1415926536  -0.0000000275  -0.0024522832
409.0353634974  0.0000000000  3.1415926536  -0.0000000273  -0.0024447494
410.2920005588  0.0000000000  3.1415926536  -0.0000000271  -0.0024372617
411.5486376203  0.0000000000  3.1415926536  -0.0000000269  -0.0024298198
412.8052746817  0.0000000000  3.1415926536  -0.0000000268  -0.0024224231
414.0619117431  0.0000000000  3.1415926536  -0.0000000266  -0.0024150714
415.3185488046  0.0000000000  3.1415926536  -0.0000000264  -0.0024077641
416.5751858660  0.0000000000  3.1415926536  -0.0000000262  -0.0024005009
417.8318229274  0.0000000000  3.1415926536  -0.0000000261  -0.0023932814
419.0884599889  0.0000000000  3.1415926536  -0.0000000259  -0.0023861052
420.3450970503  0.0000000000  3.1415926536  -0.0000000257  -0.0023789719
421.6017341118  0.0000000000  3.1415926536  -0.0000000255  -0.0023718812
422.8583711732  0.0000000000  3.1415926536  -0.0000000254  -0.0023648326
424.1150082346  0.0000000000  3.1415926536  -0.0000000252  -0.0023578257
425.3716452961  0.0000000000  3.1415926536  -0.0000000250  -0.0023508603
426.6282823575  0.0000000000  3.1415926536  -0.0000000249  -0.0023439358
427.8849194189  0.0000000000  3.1415926536  -0.0000000247  -0.0023370521
429.1415564804  0.0000000000  3.1415926536  -0.0000000246  -0.0023302086
430.3981935418  0.0000000000  3.1415926536  -0.0000000244  -0.0023234052
431.6548306032  0.0000000000  3.1415926536  -0.0000000243  -0.0023166413
432.9114676647  0.0000000000  3.1415926536  -0.0000000241  -0.0023099167
434.1681047261  0.0000000000  3.1415926536  -0.0000000239  -0.0023032310
435.4247417875  0.0000000000  3.1415926536  -0.0000000238  -0.0022965840
436.6813788490  0.0000000000  3.1415926536  -0.0000000236  -0.0022899751
437.9380159104  0.0000000000  3.1415926536  -0.0000000235  -0.0022834043
439.1946529719  0.0000000000  3.1415926536  -0.0000000233  -0.0022768710
440.4512900333  0.0000000000  3.1415926536  -0.0000000232  -0.0022703749
441.7079270947  0.0000000000  3.1415926536  -0.0000000231  -0.0022639159
442.9645641562  0.0000000000  3.1415926536  -0.0000000229  -0.0022574935
444.2212012176  0.0000000000  3.1415926536  -0.0000000228  -0.0022511074
445.4778382790  0.0000000000  3.1415926536  -0.0000000226  -0.0022447574
446.7344753405  0.0000000000  3.1415926536  -0.0000000225  -0.0022384430
447.9911124019  0.0000000000  3.1415926536  -0.0000000223  -0.0022321641
449.2477494633  0.0000000000  3.1415926536  -0.0000000222  -0.0022259204
450.5043865248  0.0000000000  3.1415926536  -0.0000000221  -0.0022197114
451.7610235862  0.0000000000  3.1415926536  -0.0000000219  -0.0022135370
453.0176606476  0.0000000000  3.1415926536  -0.0000000218  -0.0022073969
454.2742977091  0.0000000000  3.1415926536  -0.0000000217  -0.0022012907
455.5309347705  0.0000000000  3.1415926536  -0.0000000215  -0.0021952183
456.7875718320  0.0000000000  3.1415926536  -0.0000000214  -0.0021891792
458.0442088934  0.0000000000  3.1415926536  -0.0000000213  -0.0021831732
459.3008459548  0.0000000000  3.1415926536  -0.0000000211  -0.0021772002
460.5574830163  0.0000000000  3.1415926536  -0.0000000210  -0.0021712597
461.8141200777  0.0000000000  3.1415926536  -0.0000000209  -0.0021653515
463.0707571391  0.0000000000  3.1415926536  -0.0000000208  -0.0021594755
464.3273942006  0.0000000000  3.1415926536  -0.0000000206  -0.0021536312
465.5840312620  0.0000000000  3.1415926536  -0.0000000205  -0.0021478185
466.8406683234  0.0000000000  3.1415926536  -0.0000000204  -0.0021420370
468.0973053849  0.0000000000  3.1415926536  -0.0000000203  -0.0021362866
469.3539424463  0.0000000000  3.1415926536  -0.0000000201  -0.0021305670
470.6105795078  0.0000000000  3.1415926536  -0.0000000200  -0.0021248780
471.8672165692  0.0000000000  3.1415926536  -0.0000000199  -0.0021192192
473.1238536306  0.0000000000  3.1415926536  -0.0000000198  -0.0021135905
474.3804906921  0.0000000000  3.1415926536  -0.0000000197  -0.0021079916
475.6371277535  0.0000000000  3.1415926536  -0.0000000196  -0.0021024223
476.8937648149  0.0000000000  3.1415926536  -0.0000000194  -0.0020968824
478.1504018764  0.0000000000  3.1415926536  -0.0000000193  -0.0020913716
479.4070389378  0.0000000000  3.1415926536  -0.0000000192  -0.0020858896
480.6636759992  0.0000000000  3.1415926536  -0.0000000191  -0.0020804364
481.9203130607  0.0000000000  3.1415926536  -0.0000000190  -0.0020750115
483.1769501221  0.0000000000  3.1415926536  -0.0000000189  -0.0020696149
484.4335871835  0.0000000000  3.1415926536  -0.0000000188  -0.0020642463
485.6902242450  0.0000000000  3.1415926536  -0.0000000187  -0.0020589055
486.9468613064  0.0000000000  3.1415926536  -0.0000000186  -0.0020535922
488.2034983679  0.0000000000  3.1415926536  -0.0000000185  -0.0020483063
489.4601354293  0.0000000000  3.1415926536  -0.0000000184  -0.0020430475
490.7167724907  0.0000000000  3.1415926536  -0.0000000182  -0.0020378156
491.9734095522  0.0000000000  3.1415926536  -0.0000000181  -0.0020326105
493.2300466136  0.0000000000  3.1415926536  -0.0000000180  -0.0020274319
494.4866836750  0.0000000000  3.1415926536  -0.0000000179  -0.0020222797
495.7433207365  0.0000000000  3.1415926536  -0.0000000178  -0.0020171535
496.9999577979  0.0000000000  3.1415926536  -0.0000000177  -0.0020120533
498.2565948593  0.0000000000  3.1415926536  -0.0000000176  -0.0020069788
499.5132319208  0.0000000000  3.1415926536  -0.0000000175  -0.0020019298
500.7698689822  0.0000000000  3.1415926536  -0.0000000174  -0.0019969062
502.0265060436  0.0000000000  3.1415926536  -0.0000000173  -0.0019919077
503.2831431051  0.0000000000  3.1415926536  -0.0000000172  -0.0019869342
504.5397801665  0.0000000000  3.1415926536  -0.0000000171  -0.0019819854
505.7964172280  0.0000000000  3.1415926536  -0.0000000170  -0.0019770613
507.0530542894  0.0000000000  3.1415926536  -0.0000000170  -0.0019721615
508.3096913508  0.0000000000  3.1415926536  -0.0000000169  -0.0019672860
509.5663284123  0.0000000000  3.1415926536  -0.0000000168  -0.0019624345
510.8229654737  0.0000000000  3.1415926536  -0.0000000167  -0.0019576069
512.0796025351  0.0000000000  3.1415926536  -0.0000000166  -0.0019528030
513.3362395966  0.0000000000  3.1415926536  -0.0000000165  -0.0019480226
514.5928766580  0.0000000000  3.1415926536  -0.0000000164  -0.0019432655
515.8495137194  0.0000000000  3.1415926536  -0.0000000163  -0.0019385317
517.1061507809  0.0000000000  3.1415926536  -0.0000000162  -0.0019338208
518.3627878423  0.0000000000  3.1415926536  -0.0000000161  -0.0019291328
519.6194249038  0.0000000000  3.1415926536  -0.0000000160  -0.0019244674
520.8760619652  0.0000000000  3.1415926536  -0.0000000160  -0.0019198246
522.1326990266  0.0000000000  3.1415926536  -0.0000000159  -0.0019152041
523.3893360881  0.0000000000  3.1415926536  -0.0000000158  -0.0019106058
524.6459731495  0.0000000000  3.1415926536  -0.0000000157  -0.0019060295
525.9026102109  0.0000000000  3.1415926536  -0.0000000156  -0.0019014751
527.1592472724  0.0000000000  3.1415926536  -0.0000000155  -0.0018969424
528.4158843338  0.0000000000  3.1415926536  -0.0000000154  -0.0018924313
529.6725213952  0.0000000000  3.1415926536  -0.0000000154  -0.0018879415
530.9291584567  0.0000000000  3.1415926536  -0.0000000153  -0.0018834731
532.1857955181  0.0000000000  3.1415926536  -0.0000000152  -0.0018790257
533.4424325795  0.0000000000  3.1415926536  -0.0000000151  -0.0018745993
534.6990696410  0.0000000000  3.1415926536  -0.0000000150  -0.0018701937
535.9557067024  0.0000000000  3.1415926536  -0.0000000150  -0.0018658087
537.2123437639  0.0000000000  3.1415926536  -0.0000000149  -0.0018614443
538.4689808253  0.0000000000  3.1415926536  -0.0000000148  -0.0018571002
539.7256178867  0.0000000000  3.1415926536  -0.0000000147  -0.0018527763
540.9822549482  0.0000000000  3.1415926536  -0.0000000146  -0.0018484726
542.2388920096  0.0000000000  3.1415926536  -0.0000000146  -0.0018441888
543.4955290710  0.0000000000  3.1415926536  -0.0000000145  -0.0018399248
544.7521661325  0.0000000000  3.1415926536  -0.0000000144  -0.0018356805
546.0088031939  0.0000000000  3.1415926536  -0.0000000143  -0.0018314557
547.2654402553  0.0000000000  3.1415926536  -0.0000000143  -0.0018272503
548.5220773168  0.0000000000  3.1415926536  -0.0000000142  -0.0018230642
549.7787143782  0.0000000000  3.1415926536  -0.0000000141  -0.0018188972
551.0353514396  0.0000000000  3.1415926536  -0.0000000140  -0.0018147492
552.2919885011  0.0000000000  3.1415926536  -0.0000000140  -0.0018106201
553.5486255625  0.0000000000  3.1415926536  -0.0000000139  -0.0018065097
554.8052626240  0.0000000000  3.1415926536  -0.0000000138  -0.0018024180
556.0618996854  0.0000000000  3.1415926536  -0.0000000138  -0.0017983448
557.3185367468  0.0000000000  3.1415926536  -0.0000000137  -0.0017942899
558.5751738083  0.0000000000  3.1415926536  -0.0000000136  -0.0017902533
559.8318108697  0.0000000000  3.1415926536  -0.0000000136  -0.0017862348
561.0884479311  0.0000000000  3.1415926536  -0.0000000135  -0.0017822342
562.3450849926  0.0000000000  3.1415926536  -0.0000000134  -0.0017782516
563.6017220540  0.0000000000  3.1415926536  -0.0000000133  -0.0017742867
564.8583591154  0.0000000000  3.1415926536  -0.0000000133  -0.0017703395
566.1149961769  0.0000000000  3.1415926536  -0.0000000132  -0.0017664098
567.3716332383  0.0000000000  3.1415926536  -0.0000000131  -0.0017624975
568.6282702998  0.0000000000  3.1415926536  -0.0000000131  -0.0017586025
569.8849073612  0.0000000000  3.1415926536  -0.0000000130  -0.0017547247
571.1415444226  0.0000000000  3.1415926536  -0.0000000129  -0.0017508639
572.3981814841  0.0000000000  3.1415926536  -0.0000000129  -0.0017470201
573.6548185455  0.0000000000  3.1415926536  -0.0000000128  -0.0017431931
574.9114556069  0.0000000000  3.1415926536  -0.0000000128  -0.0017393829
576.1680926684  0.0000000000  3.1415926536  -0.0000000127  -0.0017355893
577.4247297298  0.0000000000  3.1415926536  -0.0000000126  -0.0017318122
578.6813667912  0.0000000000  3.1415926536  -0.0000000126  -0.0017280515
579.9380038527  0.0000000000  3.1415926536  -0.0000000125  -0.0017243071
581.1946409141  0.0000000000  3.1415926536  -0.0000000124  -0.0017205788
582.4512779755  0.0000000000  3.1415926536  -0.0000000124  -0.0017168667
583.7079150370  0.0000000000  3.1415926536  -0.0000000123  -0.0017131706
584.9645520984  0.0000000000  3.1415926536  -0.0000000123  -0.0017094903
586.2211891599  0.0000000000  3.1415926536  -0.0000000122  -0.0017058258
587.4778262213  0.0000000000  3.1415926536  -0.0000000121  -0.0017021770
588.7344632827  0.0000000000  3.1415926536  -0.0000000121  -0.0016985438
589.9911003442  0.0000000000  3.1415926536  -0.0000000120  -0.0016949260
591.2477374056  0.0000000000  3.1415926536  -0.0000000120  -0.0016913236
592.5043744670  0.0000000000  3.1415926536  -0.0000000119  -0.0016877366
593.7610115285  0.0000000000  3.1415926536  -0.0000000118  -0.0016841646
595.0176485899  0.0000000000  3.1415926536  -0.0000000118  -0.0016806078
596.2742856513  0.0000000000  3.1415926536  -0.0000000117  -0.0016770660
597.5309227128  0.0000000000  3.1415926536  -0.0000000117  -0.0016735390
598.7875597742  0.0000000000  3.1415926536  -0.0000000116  -0.0016700269
600.0441968357  0.0000000000  3.1415926536  -0.0000000116  -0.0016665295
601.3008338971  0.0000000000  3.1415926536  -0.0000000115  -0.0016630467
602.5574709585  0.0000000000  3.1415926536  -0.0000000115  -0.0016595784
603.8141080200  0.0000000000  3.1415926536  -0.0000000114  -0.0016561246
605.0707450814  0.0000000000  3.1415926536  -0.0000000113  -0.0016526851
606.3273821428  0.0000000000  3.1415926536  -0.0000000113  -0.0016492598
607.5840192043  0.0000000000  3.1415926536  -0.0000000112  -0.0016458487
608.8406562657  0.0000000000  3.1415926536  -0.0000000112  -0.0016424518
610.0972933271  0.0000000000  3.1415926536  -0.0000000111  -0.0016390688
611.3539303886  0.0000000000  3.1415926536  -0.0000000111  -0.0016356997
612.6105674500  0.0000000000  3.1415926536  -0.0000000110  -0.0016323444
613.8672045114  0.0000000000  3.1415926536  -0.0000000110  -0.0016290029
615.1238415729  0.0000000000  3.1415926536  -0.0000000109  -0.0016256750
616.3804786343  0.0000000000  3.1415926536  -0.0000000109  -0.0016223607
617.6371156958  0.0000000000  3.1415926536  -0.0000000108  -0.0016190599
618.8937527572  0.0000000000  3.1415926536  -0.0000000108  -0.0016157724
620.1503898186  0.0000000000  3.1415926536  -0.0000000107  -0.0016124983
621.4070268801  0.0000000000  3.1415926536  -0.0000000107  -0.0016092375
622.6636639415  0.0000000000  3.1415926536  -0.0000000106  -0.0016059898
623.9203010029  0.0000000000  3.1415926536  -0.0000000106  -0.0016027552
625.1769380644  0.0000000000  3.1415926536  -0.0000000105  -0.0015995336
626.4335751258  0.0000000000  3.1415926536  -0.0000000105  -0.0015963249
627.6902121872  0.0000000000  3.1415926536  -0.0000000104  -0.0015931291
628.9468492487  0.0000000000  3.1415926536  0.0000000000  0.0000000000
-627.6902121872  3.1415926536  0.0000000000  0.0000000000  0.0000000000
-626.4335751258  3.1415926536  0.0000000000  0.0000000000  0.0000000000
-625.1769380644  3.1415926536  0.0000000000  0.0000000000  0.0000000000
-623.9203010029  3.1415926536  0.0000000000  0.0000000000  0.0000000000
-622.6636639415  3.1415926536  0.0000000000  0.0000000000  0.0000000000
-621.4070268801  3.1415926536  0.0000000000  0.0000000000  0.0000000000
-620.1503898186  3.1415926536  0.0000000000  0.0000000000  0.0000000000
-618.8937527572  3.1415926536  0.0000000000  0.0000000000  0.0000000000
-617.6371156958  3.1415926536  0.0000000000  0.0000000000  0.0000000000
-616.3804786343  3.1415926536  0.0000000000  0.0000000000  0.0000000000
-615.1238415729  3.1415926536  0.0000000000  0.0000000000  0.0000000000
-613.8672045114  3.1415926536  0.0000000000  0.0000000000  0.0000000000
-612.6105674500  3.1415926536  0.0000000000  0.0000000000  0.0000000000
-611.3539303886  3.1415926536  0.0000000000  0.0000000000  0.0000000000
-610.0972933271  3.1415926536  0.0000000000  0.0000000000  0.0000000000
-608.8406562657  3.1415926536  0.0000000000  0.0000000000  0.0000000000
-607.5840192043  3.1415926536  0.0000000000  0.0000000000  0.0000000000
-606.3273821428  3.1415926536  0.0000000000  0.0000000000  0.0000000000
-605.0707450814  3.1415926536  0.0000000000  0.0000000000  0.0000000000
-603.8141080200  3.1415926536  0.0000000000  0.0000000000  0.0000000000
-602.5574709585  3.1415926536  0.0000000000  0.0000000000  0.0000000000
-601.3008338971  3.1415926536  0.0000000000  0.0000000000  0.0000000000
-600.0441968357  3.1415926536  0.0000000000  0.0000000000  0.0000000000
-598.7875597742  3.1415926536  0.0000000000  0.0000000000  0.0000000000
-597.5309227128  3.1415926536  0.0000000000  0.0000000000  0.0000000000
-596.2742856513  3.1415926536  0.0000000000  0.0000000000  0.0000000000
-595.0176485899  3.1415926536  0.0000000000  0.0000000000  0.0000000000
-593.7610115285  3.1415926536  0.0000000000  0.0000000000  0.0000000000
-592.5043744670  3.1415926536  0.0000000000  0.0000000000  0.0000000000
-591.2477374056  3.1415926536  0.0000000000  0.0000000000  0.0000000000
-589.9911003442  3.1415926536  0.0000000000  0.0000000000  0.0000000000
-588.7344632827  3.1415926536  0.0000000000  0.0000000000  0.0000000000
-587.4778262213  3.1415926536  0.0000000000  0.0000000000  0.0000000000
-586.2211891599  3.1415926536  0.0000000000  0.0000000000  0.0000000000
-584.9645520984  3.1415926536  0.0000000000  0.0000000000  0.0000000000
-583.7079150370  3.1415926536  0.0000000000  0.0000000000  0.0000000000
-582.4512779755  3.1415926536  0.0000000000  0.0000000000  0.0000000000
-581.1946409141  3.1415926536  0.0000000000  0.0000000000  0.0000000000
-579.9380038527  3.1415926536  0.0000000000  0.0000000000  0.0000000000
-578.6813667912  3.1415926536  0.0000000000  0.0000000000  0.0000000000
-577.4247297298  3.1415926536  0.0000000000  0.0000000000  0.0000000000
-576.1680926684  3.1415926536  0.0000000000  0.0000000000  0.0000000000
-574.9114556069  3.1415926536  0.0000000000  0.0000000000  0.0000000000
-573.6548185455  3.1415926536  0.0000000000  0.0000000000  0.0000000000
-572.3981814841  3.1415926536  0.0000000000  0.0000000000  0.0000000000
-571.1415444226  3.1415926536  0.0000000000  0.0000000000  0.0000000000
-569.8849073612  3.1415926536  0.0000000000  0.0000000000  0.0000000000
-568.6282702998  3.1415926536  0.0000000000  0.0000000000  0.0000000000
-567.3716332383  3.1415926536  0.0000000000  0.0000000000  0.0000000000
-566.1149961769  3.1415926536  0.0000000000  0.0000000000  0.0000000000
-564.8583591154  3.1415926536  0.0000000000  0.0000000000  0.0000000000
-563.6017220540  3.1415926536  0.0000000000  0.0000000000  0.0000000000
-562.3450849926  3.1415926536  0.0000000000  0.0000000000  0.0000000000
-561.0884479311  3.1415926536  0.0000000000  0.0000000000  0.0000000000
-559.8318108697  3.1415926536  0.0000000000  0.0000000000  0.0000000000
-558.5751738083  3.1415926536  0.0000000000  0.0000000000  0.0000000000
-557.3185367468  3.1415926536  0.0000000000  0.0000000000  0.0000000000
-556.0618996854  3.1415926536  0.0000000000  0.0000000000  0.0000000000
-554.8052626240  3.1415926536  0.0000000000  0.0000000000  0.0000000000
-553.5486255625  3.1415926536  0.0000000000  0.0000000000  0.0000000000
-552.2919885011  3.1415926536  0.0000000000  0.0000000000  0.0000000000
-551.0353514396  3.1415926536  0.0000000000  0.0000000000  0.0000000000
-549.7787143782  3.1415926536  0.0000000000  0.0000000000  0.0000000000
-548.5220773168  3.1415926536  0.0000000000  0.0000000000  0.0000000000
-547.2654402553  3.1415926536  0.0000000000  0.0000000000  0.0000000000
-546.0088031939  3.1415926536  0.0000000000  0.0000000000  0.0000000000
-544.7521661325  3.1415926536  0.0000000000  0.0000000000  0.0000000000
-543.4955290710  3.1415926536  0.0000000000  0.0000000000  0.0000000000
-542.2388920096  3.1415926536  0.0000000000  0.0000000000  0.0000000000
-540.9822549482  3.1415926536  0.0000000000  0.0000000000  0.0000000000
-539.7256178867  3.1415926536  0.0000000000  0.0000000000  0.0000000000
-538.4689808253  3.1415926536  0.0000000000  0.0000000000  0.0000000000
-537.2123437639  3.1415926536  0.0000000000  0.0000000000  0.0000000000
-535.9557067024  3.1415926536  0.0000000000  0.0000000000  0.0000000000
-534.6990696410  3.1415926536  0.0000000000  0.0000000000  0.0000000000
-533.4424325795  3.1415926536  0.0000000000  0.0000000000  0.0000000000
-532.1857955181  3.1415926536  0.0000000000  0.0000000000  0.0000000000
-530.9291584567  3.1415926536  0.0000000000  0.0000000000  0.0000000000
-529.6725213952  3.1415926536  0.0000000000  0.0000000000  0.0000000000
-528.4158843338  3.1415926536  0.0000000000  0.0000000000  0.0000000000
-527.1592472724  3.1415926536  0.0000000000  0.0000000000  0.0000000000
-525.9026102109  3.1415926536  0.0000000000  0.0000000000  0.0000000000
-524.6459731495  3.1415926536  0.0000000000  0.0000000000  0.0000000000
-523.3893360881  3.1415926536  0.0000000000  0.0000000000  0.0000000000
-522.1326990266  3.1415926536  0.0000000000  0.0000000000  0.0000000000
-520.8760619652  3.1415926536  0.0000000000  0.0000000000  0.0000000000
-519.6194249038  3.1415926536  0.0000000000  0.0000000000  0.0000000000
-518.3627878423  3.1415926536  0.0000000000  0.0000000000  0.0000000000
-517.1061507809  3.1415926536  0.0000000000  0.0000000000  0.0000000000
-515.8495137194  3.1415926536  0.0000000000  0.0000000000  0.0000000000
-514.5928766580  3.1415926536  0.0000000000  0.0000000000  0.0000000000
-513.3362395966  3.1415926536  0.0000000000  0.0000000000  0.0000000000
-512.0796025351  3.1415926536  0.0000000000  0.0000000000  0.0000000000
-510.8229654737  3.1415926536  0.0000000000  0.0000000000  0.0000000000
-509.5663284123  3.1415926536  0.0000000000  0.0000000000  0.0000000000
-508.3096913508  3.1415926536  0.0000000000  0.0000000000  0.0000000000
-507.0530542894  3.1415926536  0.0000000000  0.0000000000  0.0000000000
-505.7964172280  3.1415926536  0.0000000000  0.0000000000  0.0000000000
-504.5397801665  3.1415926536  0.0000000000  0.0000000000  0.0000000000
-503.2831431051  3.1415926536  0.0000000000  0.0000000000  0.0000000000
-502.0265060436  3.1415926536  0.0000000000  0.0000000000  0.0000000000
-500.7698689822  3.1415926536  0.0000000000  0.0000000000  0.0000000000
-499.5132319208  3.1415926536  0.0000000000  0.0000000000  0.0000000000
-498.2565948593  3.1415926536  0.0000000000  0.0000000000  0.0000000000
-496.9999577979  3.1415926536  0.0000000000  0.0000000000  0.0000000000
-495.7433207365  3.1415926536  0.0000000000  0.0000000000  0.0000000000
-494.4866836750  3.1415926536  0.0000000000  0.0000000000  0.0000000000
-493.2300466136  3.1415926536  0.0000000000  0.0000000000  0.0000000000
-491.9734095522  3.1415926536  0.0000000000  0.0000000000  0.0000000000
-490.7167724907  3.1415926536  0.0000000000  0.0000000000  0.0000000000
-489.4601354293  3.1415926536  0.0000000000  0.0000000000  0.0000000000
-488.2034983679  3.1415926536  0.0000000000  0.0000000000  0.0000000000
-486.9468613064  3.1415926536  0.0000000000  0.0000000000  0.0000000000
-485.6902242450  3.1415926536  0.0000000000  0.0000000000  0.0000000000
-484.4335871835  3.1415926536  0.0000000000  0.0000000000  0.0000000000
-483.1769501221  3.1415926536  0.0000000000  0.0000000000  0.0000000000
-481.9203130607  3.1415926536  0.0000000000  0.0000000000  0.0000000000
-480.6636759992  3.1415926536  0.0000000000  0.0000000000  0.0000000000
-479.4070389378  3.1415926536  0.0000000000  0.0000000000  0.0000000000
-478.1504018764  3.1415926536  0.0000000000  0.0000000000  0.0000000000
-476.8937648149  3.1415926536  0.0000000000  0.0000000000  0.0000000000
-475.6371277535  3.1415926536  0.0000000000  0.0000000000  0.0000000000
-474.3804906921  3.1415926536  0.0000000000  0.0000000000  0.0000000000
-473.1238536306  3.1415926536  0.0000000000  0.0000000000  0.0000000000
-471.8672165692  3.1415926536  0.0000000000  0.0000000000  0.0000000000
-470.6105795078  3.1415926536  0.0000000000  0.0000000000  0.0000000000
-469.3539424463  3.1415926536  0.0000000000  0.0000000000  0.0000000000
-468.0973053849  3.1415926536  0.0000000000  0.0000000000  0.0000000000
-466.8406683234  3.1415926536  0.0000000000  0.0000000000  0.0000000000
-465.5840312620  3.1415926536  0.0000000000  0.0000000000  0.0000000000
-464.3273942006  3.1415926536  0.0000000000  0.0000000000  0.0000000000
-463.0707571391  3.1415926536  0.0000000000  0.0000000000  0.0000000000
-461.8141200777  3.1415926536  0.0000000000  0.0000000000  0.0000000000
-460.5574830163  3.1415926536  0.0000000000  0.0000000000  0.0000000000
-459.3008459548  3.1415926536  0.0000000000  0.0000000000  0.0000000000
-458.0442088934  3.1415926536  0.0000000000  0.0000000000  0.0000000000
-456.7875718320  3.1415926536  0.0000000000  0.0000000000  0.0000000000
-455.5309347705  3.1415926536  0.0000000000  0.0000000000  0.0000000000
-454.2742977091  3.1415926536  0.0000000000  0.0000000000  0.0000000000
-453.0176606476  3.1415926536  0.0000000000  0.0000000000  0.0000000000
-451.7610235862  3.1415926536  0.0000000000  0.0000000000  0.0000000000
-450.5043865248  3.1415926536  0.0000000000  0.0000000000  0.0000000000
-449.2477494633  3.1415926536  0.0000000000  0.0000000000  0.0000000000
-447.9911124019  3.1415926536  0.0000000000  0.0000000000  0.0000000000
-446.7344753405  3.1415926536  0.0000000000  0.0000000000  0.0000000000
-445.4778382790  3.1415926536  0.0000000000  0.0000000000  0.0000000000
-444.2212012176  3.1415926536  0.0000000000  0.0000000000  0.0000000000
-442.9645641562  3.1415926536  0.0000000000  0.0000000000  0.0000000000
-441.7079270947  3.1415926536  0.0000000000  0.0000000000  0.0000000000
-440.4512900333  3.1415926536  0.0000000000  0.0000000000  0.0000000000
-439.1946529719  3.1415926536  0.0000000000  0.0000000000  0.0000000000
-437.9380159104  3.1415926536  0.0000000000  0.0000000000  0.0000000000
-436.6813788490  3.1415926536  0.0000000000  0.0000000000  0.0000000000
-435.4247417875  3.1415926536  0.0000000000  0.0000000000  0.0000000000
-434.1681047261  3.1415926536  0.0000000000  0.0000000000  0.0000000000
-432.9114676647  3.1415926536  0.0000000000  0.0000000000  0.0000000000
-431.6548306032  3.1415926536  0.0000000000  0.0000000000  0.0000000000
-430.3981935418  3.1415926536  0.0000000000  0.0000000000  0.0000000000
-429.1415564804  3.1415926536  0.0000000000  0.0000000000  0.0000000000
-427.8849194189  3.1415926536  0.0000000000  0.0000000000  0.0000000000
-426.6282823575  3.1415926536  0.0000000000  0.0000000000  0.0000000000
-425.3716452961  3.1415926536  0.0000000000  0.0000000000  0.0000000000
-424.1150082346  3.1415926536  0.0000000000  0.0000000000  0.0000000000
-422.8583711732  3.1415926536  0.0000000000  0.0000000000  0.0000000000
-421.6017341118  3.1415926536  0.0000000000  0.0000000000  0.0000000000
-420.3450970503  3.1415926536  0.0000000000  0.0000000000  0.0000000000
-419.0884599889  3.1415926536  0.0000000000  0.0000000000  0.0000000000
-417.8318229274  3.1415926536  0.0000000000  0.0000000000  0.0000000000
-416.5751858660  3.1415926536  0.0000000000  0.0000000000  0.0000000000
-415.3185488046  3.1415926536  0.0000000000  0.0000000000  0.0000000000
-414.0619117431  3.1415926536  0.0000000000  0.0000000000  0.0000000000
-412.8052746817  3.1415926536  0.0000000000  0.0000000000  0.0000000000
-411.5486376203  3.1415926536  0.0000000000  0.0000000000  0.0000000000
-410.2920005588  3.1415926536  0.0000000000  0.0000000000  0.0000000000
-409.0353634974  3.1415926536  0.0000000000  0.0000000000  0.0000000000
-407.7787264360  3.1415926536  0.0000000000  0.0000000000  0.0000000000
-406.5220893745  3.1415926536  0.0000000000  0.0000000000  0.0000000000
-405.2654523131  3.1415926536  0.0000000000  0.0000000000  0.0000000000
-404.0088152516  3.1415926536  0.0000000000  0.0000000000  0.0000000000
-402.7521781902  3.1415926536  0.0000000000  0.0000000000  0.0000000000
-401.4955411288  3.1415926536  0.0000000000  0.0000000000  0.0000000000
-400.2389040673  3.1415926536  0.0000000000  0.0000000000  0.0000000000
-398.9822670059  3.1415926536  0.0000000000  0.0000000000  0.0000000000
-397.7256299445  3.1415926536  0.0000000000  0.0000000000  0.0000000000
-396.4689928830  3.1415926536  0.0000000000  0.0000000000  0.0000000000
-395.2123558216  3.1415926536  0.0000000000  0.0000000000  0.0000000000
-393.9557187602  3.1415926536  0.0000000000  0.0000000000  0.0000000000
-392.6990816987  3.1415926536  0.0000000000  0.0000000000  0.0000000000
-391.4424446373  3.1415926536  0.0000000000  0.0000000000  0.0000000000
-390.1858075759  3.1415926536  0.0000000000  0.0000000000  0.0000000000
-388.9291705144  3.1415926536  0.0000000000  0.0000000000  0.0000000000
-387.6725334530  3.1415926536  0.0000000000  0.0000000000  0.0000000000
-386.4158963915  3.1415926536  0.0000000000  0.0000000000  0.0000000000
-385.1592593301  3.1415926536  0.0000000000  0.0000000000  0.0000000000
-383.9026222687  3.1415926536  0.0000000000  0.0000000000  0.0000000000
-382.6459852072  3.1415926536  0.0000000000  0.0000000000  0.0000000000
-381.3893481458  3.1415926536  0.0000000000  0.0000000000  0.0000000000
-380.1327110844  3.1415926536  0.0000000000  0.0000000000  0.0000000000
-378.8760740229  3.1415926536  0.0000000000  0.0000000000  0.0000000000
-377.6194369615  3.1415926536  0.0000000000  0.0000000000  0.0000000000
-376.3627999001  3.1415926536  0.0000000000  0.0000000000  0.0000000000
-375.1061628386  3.1415926536  0.0000000000  0.0000000000  0.0000000000
-373.8495257772  3.1415926536  0.0000000000  0.0000000000  0.0000000000
-372.5928887157  3.1415926536  0.0000000000  0.0000000000  0.0000000000
-371.3362516543  3.1415926536  0.0000000000  0.0000000000  0.0000000000
-370.0796145929  3.1415926536  0.0000000000  0.0000000000  0.0000000000
-368.8229775314  3.1415926536  0.0000000000  0.0000000000  0.0000000000
-367.5663404700  3.1415926536  0.0000000000  0.0000000000  0.0000000000
-366.3097034086  3.1415926536  0.0000000000  0.0000000000  0.0000000000
-365.0530663471  3.1415926536  0.0000000000  0.0000000000  0.0000000000
-363.7964292857  3.1415926536  0.0000000000  0.0000000000  0.0000000000
-362.5397922243  3.1415926536  0.0000000000  0.0000000000  0.0000000000
-361.2831551628  3.1415926536  0.0000000000  0.0000000000  0.0000000000
-360.0265181014  3.1415926536  0.0000000000  0.0000000000  0.0000000000
-358.7698810400  3.1415926536  0.0000000000  0.0000000000  0.0000000000
-357.5132439785  3.1415926536  0.0000000000  0.0000000000  0.0000000000
-356.2566069171  3.1415926536  0.0000000000  0.0000000000  0.0000000000
-354.9999698556  3.1415926536  0.0000000000  0.0000000000  0.0000000000
-353.7433327942  3.1415926536  0.0000000000  0.0000000000  0.0000000000
-352.4866957328  3.1415926536  0.0000000000  0.0000000000  0.0000000000
-351.2300586713  3.1415926536  0.0000000000  0.0000000000  0.0000000000
-349.9734216099  3.1415926536  0.0000000000  0.0000000000  0.0000000000
-348.7167845485  3.1415926536  0.0000000000  0.0000000000  0.0000000000
-347.4601474870  3.1415926536  0.0000000000  0.0000000000  0.0000000000
-346.2035104256  3.1415926536  0.0000000000  0.0000000000  0.0000000000
-344.9468733642  3.1415926536  0.0000000000  0.0000000000  0.0000000000
-343.6902363027  3.1415926536  0.0000000000  0.0000000000  0.0000000000
-342.4335992413  3.1415926536  0.0000000000  0.0000000000  0.0000000000
-341.1769621799  3.1415926536  0.0000000000  0.0000000000  0.0000000000
-339.9203251184  3.1415926536  0.0000000000  0.0000000000  0.0000000000
-338.6636880570  3.1415926536  0.0000000000  0.0000000000  0.0000000000
-337.4070509955  3.1415926536  0.0000000000  0.0000000000  0.0000000000
-336.1504139341  3.1415926536  0.0000000000  0.0000000000  0.0000000000
-334.8937768727  3.1415926536  0.0000000000  0.0000000000  0.0000000000
-333.6371398112  3.1415926536  0.0000000000  0.0000000000  0.0000000000
-332.3805027498  3.1415926536  0.0000000000  0.0000000000  0.0000000000
-331.1238656884  3.1415926536  0.0000000000  0.0000000000  0.0000000000
-329.8672286269  3.1415926536  0.0000000000  0.0000000000  0.0000000000
-328.6105915655  3.1415926536  0.0000000000  0.0000000000  0.0000000000
-327.3539545041  3.1415926536  0.0000000000  0.0000000000  0.0000000000
-326.0973174426  3.1415926536  0.0000000000  0.0000000000  0.0000000000
-324.8406803812  3.1415926536  0.0000000000  0.0000000000  0.0000000000
-323.5840433197  3.1415926536  0.0000000000  0.0000000000  0.0000000000
-322.3274062583  3.1415926536  0.0000000000  0.0000000000  0.0000000000
-321.0707691969  3.1415926536  0.0000000000  0.0000000000  0.0000000000
-319.8141321354  3.1415926536  0.0000000000  0.0000000000  0.0000000000
-318.5574950740  3.1415926536  0.0000000000  0.0000000000  0.0000000000
-317.3008580126  3.1415926536  0.0000000000  0.0000000000  0.0000000000
-316.0442209511  3.1415926536  0.0000000000  0.0000000000  0.0000000000
-314.7875838897  3.1415926536  0.0000000000  0.0000000000  0.0000000000
-313.5309468283  3.1415926536  0.0000000000  0.0000000000  0.0000000000
-312.2743097668  3.1415926536  0.0000000000  0.0000000000  0.0000000000
-311.0176727054  3.1415926536  0.0000000000  0.0000000000  0.0000000000
-309.7610356440  3.1415926536  0.0000000000  0.0000000000  0.0000000000
-308.5043985825  3.1415926536  0.0000000000  0.0000000000  0.0000000000
-307.2477615211  3.1415926536  0.0000000000  0.0000000000  0.0000000000
-305.9911244596  3.1415926536  0.0000000000  0.0000000000  0.0000000000
-304.7344873982  3.1415926536  0.0000000000  0.0000000000  0.0000000000
-303.4778503368  3.1415926536  0.0000000000  0.0000000000  0.0000000000
-302.2212132753  3.1415926536  0.0000000000  0.0000000000  0.0000000000
-300.9645762139  3.1415926536  0.0000000000  0.0000000000  0.0000000000
-299.7079391525  3.1415926536  0.0000000000  0.0000000000  0.0000000000
-298.4513020910  3.1415926536  0.0000000000  0.0000000000  0.0000000000
-297.1946650296  3.1415926536  0.0000000000  0.0000000000  0.0000000000
-295.9380279682  3.1415926536  0.0000000000  0.0000000000  0.0000000000
-294.6813909067  3.1415926536  0.0000000000  0.0000000000  0.0000000000
-293.4247538453  3.1415926536  0.0000000000  0.0000000000  0.0000000000
-292.1681167839  3.1415926536  0.0000000000  0.0000000000  0.0000000000
-290.9114797224  3.1415926536  0.0000000000  0.0000000000  0.0000000000
-289.6548426610  3.1415926536  0.0000000000  0.0000000000  0.0000000000
-288.3982055995  3.1415926536  0.0000000000  0.0000000000  0.0000000000
-287.1415685381  3.1415926536  0.0000000000  0.0000000000  0.0000000000
-285.8849314767  3.1415926536  0.0000000000  0.0000000000  0.0000000000
-284.6282944152  3.1415926536  0.0000000000  0.0000000000  0.0000000000
-283.3716573538  3.1415926536  0.0000000000  0.0000000000  0.0000000000
-282.1150202924  3.1415926536  0.0000000000  0.0000000000  0.0000000000
-280.8583832309  3.1415926536  0.0000000000  0.0000000000  0.0000000000
-279.6017461695  3.1415926536  0.0000000000  0.0000000000  0.0000000000
-278.3451091081  3.1415926536  0.0000000000  0.0000000000  0.0000000000
-277.0884720466  3.1415926536  0.0000000000  0.0000000000  0.0000000000
-275.8318349852  3.1415926536  0.0000000000  0.0000000000  0.0000000000
-274.5751979237  3.1415926536  0.0000000000  0.0000000000  0.0000000000
-273.3185608623  3.1415926536  0.0000000000  0.0000000000  0.0000000000
-272.0619238009  3.1415926536  0.0000000000  0.0000000000  0.0000000000
-270.8052867394  3.1415926536  0.0000000000  0.0000000000  0.0000000000
-269.5486496780  3.1415926536  0.0000000000  0.0000000000  0.0000000000
-268.2920126166  3.1415926536  0.0000000000  0.0000000000  0.0000000000
-267.0353755551  3.1415926536  0.0000000000  0.0000000000  0.0000000000
-265.7787384937  3.1415926536  0.0000000000  0.0000000000  0.0000000000
-264.5221014323  3.1415926536  0.0000000000  0.0000000000  0.0000000000
-263.2654643708  3.1415926536  0.0000000000  0.0000000000  0.0000000000
-262.0088273094  3.1415926536  0.0000000000  0.0000000000  0.0000000000
-260.7521902480  3.1415926536  0.0000000000  0.0000000000  0.0000000000
-259.4955531865  3.1415926536  0.0000000000  0.0000000000  0.0000000000
-258.2389161251  3.1415926536  0.0000000000  0.0000000000  0.0000000000
-256.9822790636  3.1415926536  0.0000000000  0.0000000000  0.0000000000
-255.7256420022  3.1415926536  0.0000000000  0.0000000000  0.0000000000
-254.4690049408  3.1415926536  0.0000000000  0.0000000000  0.0000000000
-253.2123678793  3.1415926536  0.0000000000  0.0000000000  0.0000000000
-251.9557308179  3.1415926536  0.0000000000  0.0000000000  0.0000000000
-250.6990937565  3.1415926536  0.0000000000  0.0000000000  0.0000000000
-249.4424566950  3.1415926536  0.0000000000  0.0000000000  0.0000000000
-248.1858196336  3.1415926536  0.0000000000  0.0000000000  0.0000000000
-246.9291825722  3.1415926536  0.0000000000  0.0000000000  0.0000000000
-245.6725455107  3.1415926536  0.0000000000  0.0000000000  0.0000000000
-244.4159084493  3.1415926536  0.0000000000  0.0000000000  0.0000000000
-243.1592713878  3.1415926536  0.0000000000  0.0000000000  0.0000000000
-241.9026343264  3.1415926536  0.0000000000  0.0000000000  0.0000000000
-240.6459972650  3.1415926536  0.0000000000  0.0000000000  0.0000000000
-239.3893602035  3.1415926536  0.0000000000  0.0000000000  0.0000000000
-238.1327231421  3.1415926536  0.0000000000  0.0000000000  0.0000000000
-236.8760860807  3.1415926536  0.0000000000  0.0000000000  0.0000000000
-235.6194490192  3.1415926536  0.0000000000  0.0000000000  0.0000000000
-234.3628119578  3.1415926536  0.0000000000  0.0000000000  0.0000000000
-233.1061748964  3.1415926536  0.0000000000  0.0000000000  0.0000000000
-231.8495378349  3.1415926536  0.0000000000  0.0000000000  0.0000000000
-230.5929007735  3.1415926536  0.0000000000  0.0000000000  0.0000000000
-229.3362637121  3.1415926536  0.0000000000  0.0000000000  0.0000000000
-228.0796266506  3.1415926536  0.0000000000  0.0000000000  0.0000000000
-226.8229895892  3.1415926536  0.0000000000  0.0000000000  0.0000000000
-225.5663525277  3.1415926536  0.0000000000  0.0000000000  0.0000000000
-224.3097154663  3.1415926536  0.0000000000  0.0000000000  0.0000000000
-223.0530784049  3.1415926536  0.0000000000  0.0000000000  0.0000000000
-221.7964413434  3.1415926536  0.0000000000  0.0000000000  0.0000000000
-220.5398042820  3.1415926536  0.0000000000  0.0000000000  0.0000000000
-219.2831672206  3.1415926536  0.0000000000  0.0000000000  0.0000000000
-218.0265301591  3.1415926536  0.0000000000  0.0000000000  0.0000000000
-216.7698930977  3.1415926536  0.0000000000  0.0000000000  0.0000000000
-215.5132560363  3.1415926536  0.0000000000  0.0000000000  0.0000000000
-214.2566189748  3.1415926536  0.0000000000  0.0000000000  0.0000000000
-212.9999819134  3.1415926536  0.0000000000  0.0000000000  0.0000000000
-211.7433448520  3.1415926536  0.0000000000  0.0000000000  0.0000000000
-210.4867077905  3.1415926536  0.0000000000  0.0000000000  0.0000000000
-209.2300707291  3.1415926536  0.0000000000  0.0000000000  0.0000000000
-207.9734336676  3.1415926536  0.0000000000  0.0000000000  0.0000000000
-206.7167966062  3.1415926536  0.0000000000  0.0000000000  0.0000000000
-205.4601595448  3.1415926536  0.0000000000  0.0000000000  0.0000000000
-204.2035224833  3.1415926536  0.0000000000  0.0000000000  0.0000000000
-202.9468854219  3.1415926536  0.0000000000  0.0000000000  0.0000000000
-201.6902483605  3.1415926536  0.0000000000  0.0000000000  0.0000000000
-200.4336112990  3.1415926536  0.0000000000  0.0000000000  0.0000000000
-199.1769742376  3.1415926536  0.0000000000  0.0000000000  0.0000000000
-197.9203371762  3.1415926536  0.0000000000  0.0000000000  0.0000000000
-196.6637001147  3.1415926536  0.0000000000  0.0000000000  0.0000000000
-195.4070630533  3.1415926536  0.0000000000  0.0000000000  0.0000000000
-194.1504259918  3.1415926536  0.0000000000  0.0000000000  0.0000000000
-192.8937889304  3.1415926536  0.0000000000  0.0000000000  0.0000000000
-191.6371518690  3.1415926536  0.0000000000  0.0000000000  0.0000000000
-190.3805148075  3.1415926536  0.0000000000  0.0000000000  0.0000000000
-189.1238777461  3.1415926536  0.0000000000  0.0000000000  0.0000000000
-187.8672406847  3.1415926536  0.0000000000  0.0000000000  0.0000000000
-186.6106036232  3.1415926536  0.0000000000  0.0000000000  0.0000000000
-185.3539665618  3.1415926536  0.0000000000  0.0000000000  0.0000000000
-184.0973295004  3.1415926536  0.0000000000  0.0000000000  0.0000000000
-182.8406924389  3.1415926536  0.0000000000  0.0000000000  0.0000000000
-181.5840553775  3.1415926536  0.0000000000  0.0000000000  0.0000000000
-180.3274183161  3.1415926536  0.0000000000  0.0000000000  0.0000000000
-179.0707812546  3.1415926536  0.0000000000  0.0000000000  0.0000000000
-177.8141441932  3.1415926536  0.0000000000  0.0000000000  0.0000000000
-176.5575071317  3.1415926536  0.0000000000  0.0000000000  0.0000000000
-175.3008700703  3.1415926536  0.0000000000  0.0000000000  0.0000000000
-174.0442330089  3.1415926536  0.0000000000  0.0000000000  0.0000000000
-172.7875959474  3.1415926536  0.0000000000  0.0000000000  0.0000000000
-171.5309588860  3.1415926536  0.0000000000  0.0000000000  0.0000000000
-170.2743218246  3.1415926536  0.0000000000  0.0000000000  0.0000000000
-169.0176847631  3.1415926536  0.0000000000  0.0000000000  0.0000000000
-167.7610477017  3.1415926536  0.0000000000  0.0000000000  0.0000000000
-166.5044106403  3.1415926536  0.0000000000  0.0000000000  0.0000000000
-165.2477735788  3.1415926536  0.0000000000  0.0000000000  0.0000000000
-163.9911365174  3.1415926536  0.0000000000  0.0000000000  0.0000000000
-162.7344994560  3.1415926536  0.0000000000  0.0000000000  0.0000000000
-161.4778623945  3.1415926536  0.0000000000  0.0000000000  0.0000000000
-160.2212253331  3.1415926536  0.0000000000  0.0000000000  0.0000000000
-158.9645882716  3.1415926536  0.0000000000  0.0000000000  0.0000000000
-157.7079512102  3.1415926536  0.0000000000  0.0000000000  0.0000000000
-156.4513141488  3.1415926536  0.0000000000  0.0000000000  0.0000000000
-155.1946770873  3.1415926536  0.0000000000  0.0000000000  0.0000000000
-153.9380400259  3.1415926536  0.0000000000  0.0000000000  0.0000000000
-152.6814029645  3.1415926536  0.0000000000  0.0000000000  0.0000000000
-151.4247659030  3.1415926536  0.0000000000  0.0000000000  0.0000000000
-150.1681288416  3.1415926536  0.0000000000  0.0000000000  0.0000000000
-148.9114917802  3.1415926536  0.0000000000  0.0000000000  0.0000000000
-147.6548547187  3.1415926536  0.0000000000  0.0000000000  0.0000000000
-146.3982176573  3.1415926536  0.0000000000  0.0000000000  0.0000000000
-145.1415805958  3.1415926536  0.0000000000  0.0000000000  0.0000000000
-143.8849435344  3.1415926536  0.0000000000  0.0000000000  0.0000000000
-142.6283064730  3.1415926536  0.0000000000  0.0000000000  0.0000000000
-141.3716694115  3.1415926536  0.0000000000  0.0000000000  0.0000000000
-140.1150323501  3.1415926536  0.0000000000  0.0000000000  0.0000000000
-138.8583952887  3.1415926536  0.0000000000  0.0000000000  0.0000000000
-137.6017582272  3.1415926536  0.0000000000  0.0000000000  0.0000000000
-136.3451211658  3.1415926536  0.0000000000  0.0000000000  0.0000000000
-135.0884841044  3.1415926536  0.0000000000  0.0000000000  0.0000000000
-133.8318470429  3.1415926536  0.0000000000  0.0000000000  0.0000000000
-132.5752099815  3.1415926536  0.0000000000  0.0000000000  0.0000000000
-131.3185729201  3.1415926536  0.0000000000  0.0000000000  0.0000000000
-130.0619358586  3.1415926536  0.0000000000  0.0000000000  0.0000000000
-128.8052987972  3.1415926536  0.0000000000  0.0000000000  0.0000000000
-127.5486617357  3.1415926536  0.0000000000  0.0000000000  0.0000000000
-126.2920246743  3.1415926536  0.0000000000  0.0000000000  0.0000000000
-125.0353876129  3.1415926536  0.0000000000  0.0000000000  0.0000000000
-123.7787505514  3.1415926536  0.0000000000  0.0000000000  0.0000000000
-122.5221134900  3.1415926536  0.0000000000  0.0000000000  0.0000000000
-121.2654764286  3.1415926536  0.0000000000  0.0000000000  0.0000000000
-120.0088393671  3.1415926536  0.0000000000  0.0000000000  0.0000000000
-118.7522023057  3.1415926536  0.0000000000  0.0000000000  0.0000000000
-117.4955652443  3.1415926536  0.0000000000  0.0000000000  0.0000000000
-116.2389281828  3.1415926536  0.0000000000  0.0000000000  0.0000000000
-114.9822911214  3.1415926536  0.0000000000  0.0000000000  0.0000000000
-113.7256540600  3.1415926536  0.0000000000  0.0000000000  0.0000000000
-112.4690169985  3.1415926536  0.0000000000  0.0000000000  0.0000000000
-111.2123799371  3.1415926536  0.0000000000  0.0000000000  0.0000000000
-109.9557428756  3.1415926536  0.0000000000  0.0000000000  0.0000000000
-108.6991058142  3.1415926536  0.0000000000  0.0000000000  0.0000000000
-107.4424687528  3.1415926536  0.0000000000  0.0000000000  0.0000000000
-106.1858316913  3.1415926536  0.0000000000  0.0000000000  0.0000000000
-104.9291946299  3.1415926536  0.0000000000  0.0000000000  0.0000000000
-103.6725575685  3.1415926536  0.0000000000  0.0000000000  0.0000000000
-102.4159205070  3.1415926536  0.0000000000  0.0000000000  0.0000000000
-101.1592834456  3.1415926536  0.0000000000  0.0000000000  0.0000000000
-99.9026463842  3.1415926536  0.0000000000  0.0000000000  0.0000000000
-98.6460093227  3.1415926536  0.0000000000  0.0000000000  0.0000000000
-97.3893722613  3.1415926536  0.0000000000  0.0000000000  0.0000000000
-96.1327351998  3.1415926536  0.0000000000  0.0000000000  0.0000000000
-94.8760981384  3.1415926536  0.0000000000  0.0000000000  0.0000000000
-93.6194610770  3.1415926536  0.0000000000  0.0000000000  0.0000000000
-92.3628240155  3.1415926536  0.0000000000  0.0000000000  0.0000000000
-91.1061869541  3.1415926536  0.0000000000  0.0000000000  0.0000000000
-89.8495498927  3.1415926536  0.0000000000  0.0000000000  0.0000000000
-88.5929128312  3.1415926536  0.0000000000  0.0000000000  0.0000000000
-87.3362757698  3.1415926536  0.0000000000  0.0000000000  0.0000000000
-86.0796387084  3.1415926536  0.0000000000  0.0000000000  0.0000000000
-84.8230016469  3.1415926536  0.0000000000  0.0000000000  0.0000000000
-83.5663645855  3.1415926536  0.0000000000  0.0000000000  0.0000000000
-82.3097275241  3.1415926536  0.0000000000  0.0000000000  0.0000000000
-81.0530904626  3.1415926536  0.0000000000  0.0000000000  0.0000000000
-79.7964534012  3.1415926536  0.0000000000  0.0000000000  0.0000000000
-78.5398163397  3.1415926536  0.0000000000  0.0000000000  0.0000000000
-77.2831792783  3.1415926536  0.0000000000  0.0000000000  0.0000000000
-76.0265422169  3.1415926536  0.0000000000  0.0000000000  0.0000000000
-74.7699051554  3.1415926536  0.0000000000  0.0000000000  0.0000000000
-73.5132680940  3.1415926536  0.0000000000  0.0000000000  0.0000000000
-72.2566310326  3.1415926536  0.0000000000  0.0000000000  0.0000000000
-70.9999939711  3.1415926536  0.0000000000  0.0000000000  0.0000000000
-69.7433569097  3.1415926536  0.0000000000  0.0000000000  0.0000000000
-68.4867198483  3.1415926536  0.0000000000  0.0000000000  0.0000000000
-67.2300827868  3.1415926536  0.0000000000  0.0000000000  0.0000000000
-65.9734457254  3.1415926536  0.0000000000  0.0000000000  0.0000000000
-64.7168086639  3.1415926536  0.0000000000  0.0000000000  0.0000000000
-63.4601716025  3.1415926536  0.0000000000  0.0000000000  0.0000000000
-62.2035345411  3.1415926536  0.0000000000  0.0000000000  0.0000000000
-60.9468974796  3.1415926536  0.0000000000  0.0000000000  0.0000000000
-59.6902604182  3.1415926536  0.0000000000  0.0000000000  0.0000000000
-58.4336233568  3.1415926536  0.0000000000  0.0000000000  0.0000000000
-57.1769862953  3.1415926536  0.0000000000  0.0000000000  0.0000000000
-55.9203492339  3.1415926536  0.0000000000  0.0000000000  0.0000000000
-54.6637121725  3.1415926536  0.0000000000  0.0000000000  0.0000000000
-53.4070751110  3.1415926536  0.0000000000  0.0000000000  0.0000000000
-52.1504380496  3.1415926536  0.0000000000  0.0000000000  0.0000000000
-50.8938009882  3.1415926536  0.0000000000  0.0000000000  0.0000000000
-49.6371639267  3.1415926536  0.0000000000  0.0000000000  0.0000000000
-48.3805268653  3.1415926536  0.0000000000  0.0000000000  0.0000000000
-47.1238898038  3.1415926536  0.0000000000  0.0000000000  0.0000000000
-45.8672527424  3.1415926536  0.0000000000  0.0000000000  0.0000000000
-44.6106156810  3.1415926536  0.0000000000  0.0000000000  0.0000000000
-43.3539786195  3.1415926536  0.0000000000  0.0000000000  0.0000000000
-42.0973415581  3.1415926536  0.0000000000  0.0000000000  0.0000000000
-40.8407044967  3.1415926536  0.0000000000  0.0000000000  0.0000000000
-39.5840674352  3.1415926536  0.0000000000  0.0000000000  0.0000000000
-38.3274303738  3.1415926536  0.0000000000  0.0000000000  0.0000000000
-37.0707933124  3.1415926536  0.0000000000  0.0000000000  0.0000000000
-35.8141562509  3.1415926536  0.0000000000  0.0000000000  0.0000000000
-34.5575191895  3.1415926536  0.0000000000  0.0000000000  0.0000000000
-33.3008821281  3.1415926536  0.0000000000  0.0000000000  0.0000000000
-32.0442450666  3.1415926536  0.0000000000  0.0000000000  0.0000000000
-30.7876080052  3.1415926536  0.0000000000  0.0000000000  0.0000000000
-29.5309709437  3.1415926536  0.0000000000  0.0000000000  0.0000000000
-28.2743338823  3.1415926536  0.0000000000  0.0000000000  0.0000000000
-27.0176968209  3.1415926536  0.0000000000  0.0000000000  0.0000000000
-25.7610597594  3.1415926536  0.0000000000  0.0000000000  0.0000000000
-24.5044226980  3.1415926536  0.0000000000  0.0000000000  0.0000000000
-23.2477856366  3.1415926536  0.0000000000  0.0000000000  0.0000000000
-21.9911485751  3.1415926536  0.0000000000  0.0000000000  0.0000000000
-20.7345115137  3.1415926536  0.0000000000  0.0000000000  0.0000000000
-19.4778744523  3.1415926536  0.0000000000  0.0000000000  0.0000000000
-18.2212373908  3.1415926536  0.0000000000  0.0000000000  0.0000000000
-16.9646003294  3.1415926536  0.0000000000  0.0000000000  0.0000000000
-15.7079632679  3.1415926536  0.0000000000  0.0000000000  0.0000000000
-14.4513262065  3.1415926536  0.0000000000  0.0000000000  0.0000000000
-13.1946891451  3.1415926536  0.0000000000  0.0000000000  0.0000000000
-11.9380520836  3.1415926536  0.0000000000  0.0000000000  0.0000000000
-10.6814150222  3.1415926536  0.0000000000  0.0000000000  0.0000000000
-9.4247779608  3.1415926536  0.0000000000  0.0000000000  0.0000000000
-8.1681408993  3.1415926536  0.0000000000  0.0000000000  0.0000000000
-6.9115038379  3.1415926536  0.0000000000  0.0000000000  0.0000000000
-5.6548667765  3.1415926536  0.0000000000  0.0000000000  0.0000000000
-4.3982297150  3.1415926536  0.0000000000  0.0000000000  0.0000000000
-3.1415926536  3.1415926536  0.0000000000  0.0000000000  0.0000000000
-1.8849555922  3.1415926536  0.0000000000  0.0000000000  -0.0000001574
-0.6283185307  3.1415926536  0.0000000000  -0.0000005067  0.0000000000
0.6283185307  3.1415926536  0.0000000000  -0.0078911411  -1.2358252179
1.8849555922  3.1415926536  0.0000000000  -0.0011566635  -0.4766879644
3.1415926536  3.1415926536  0.0000000000  -0.0004735078  -0.3020096610
4.3982297150  3.1415926536  0.0000000000  -0.0002554835  -0.2204856413
5.6548667765  3.1415926536  0.0000000000  -0.0001590381  -0.1733321493
6.9115038379  3.1415926536  0.0000000000  -0.0001082247  -0.1426698264
8.1681408993  3.1415926536  0.0000000000  -0.0000782993  -0.1211656213
9.4247779608  3.1415926536  0.0000000000  -0.0000592201  -0.1052638945
10.6814150222  3.1415926536  0.0000000000  -0.0000463243  -0.0930346730
11.9380520836  3.1415926536  0.0000000000  -0.0000372110  -0.0833411484
13.1946891451  3.1415926536  0.0000000000  -0.0000305392  -0.0754708079
14.4513262065  3.1415926536  0.0000000000  -0.0000255116  -0.0689546935
15.7079632679  3.1415926536  0.0000000000  -0.0000216300  -0.0634716901
16.9646003294  3.1415926536  0.0000000000  -0.0000185712  -0.0587946049
18.2212373908  3.1415926536  0.0000000000  -0.0000161177  -0.0547582134
19.4778744523  3.1415926536  0.0000000000  -0.0000141198  -0.0512395058
20.7345115137  3.1415926536  0.0000000000  -0.0000124709  -0.0481450290
21.9911485751  3.1415926536  0.0000000000  -0.0000110942  -0.0454025213
23.2477856366  3.1415926536  0.0000000000  -0.0000099328  -0.0429552335
24.5044226980  3.1415926536  0.0000000000  -0.0000089440  -0.0407579822
25.7610597594  3.1415926536  0.0000000000  -0.0000080953  -0.0387743484
27.0176968209  3.1415926536  0.0000000000  -0.0000073613  -0.0369746526
28.2743338823  3.1415926536  0.0000000000  -0.0000067223  -0.0353344655
29.5309709437  3.1415926536  0.0000000000  -0.0000061626  -0.0338334974
30.7876080052  3.1415926536  0.0000000000  -0.0000056696  -0.0324547574
32.0442450666  3.1415926536  0.0000000000  -0.0000052332  -0.0311839095
33.3008821281  3.1415926536  0.0000000000  -0.0000048449  -0.0300087740
34.5575191895  3.1415926536  0.0000000000  -0.0000044981  -0.0289189369
35.8141562509  3.1415926536  0.0000000000  -0.0000041870  -0.0279054415
37.0707933124  3.1415926536  0.0000000000  -0.0000039068  -0.0269605418
38.3274303738  3.1415926536  0.0000000000  -0.0000036537  -0.0260775050
39.5840674352  3.1415926536  0.0000000000  -0.0000034242  -0.0252504512
40.8407044967  3.1415926536  0.0000000000  -0.0000032156  -0.0244742225
42.0973415581  3.1415926536  0.0000000000  -0.0000030253  -0.0237442753
43.3539786195  3.1415926536  0.0000000000  -0.0000028513  -0.0230565919
44.6106156810  3.1415926536  0.0000000000  -0.0000026918  -0.0224076062
45.8672527424  3.1415926536  0.0000000000  -0.0000025452  -0.0217941424
47.1238898038  3.1415926536  0.0000000000  -0.0000024102  -0.0212133626
48.3805268653  3.1415926536  0.0000000000  -0.0000022855  -0.0206627235
49.6371639267  3.1415926536  0.0000000000  -0.0000021702  -0.0201399388
50.8938009882  3.1415926536  0.0000000000  -0.0000020634  -0.0196429476
52.1504380496  3.1415926536  0.0000000000  -0.0000019642  -0.0191698876
53.4070751110  3.1415926536  0.0000000000  -0.0000018719  -0.0187190712
54.6637121725  3.1415926536  0.0000000000  -0.0000017859  -0.0182889661
55.9203492339  3.1415926536  0.0000000000  -0.0000017057  -0.0178781773
57.1769862953  3.1415926536  0.0000000000  -0.0000016307  -0.0174854324
58.4336233568  3.1415926536  0.0000000000  -0.0000015605  -0.0171095685
59.6902604182  3.1415926536  0.0000000000  -0.0000014947  -0.0167495202
60.9468974796  3.1415926536  0.0000000000  -0.0000014330  -0.0164043100
62.2035345411  3.1415926536  0.0000000000  -0.0000013749  -0.0160730395
63.4601716025  3.1415926536  0.0000000000  -0.0000013203  -0.0157548811
64.7168086639  3.1415926536  0.0000000000  -0.0000012688  -0.0154490717
65.9734457254  3.1415926536  0.0000000000  -0.0000012203  -0.0151549060
67.2300827868  3.1415926536  0.0000000000  -0.0000011745  -0.0148717315
68.4867198483  3.1415926536  0.0000000000  -0.0000011312  -0.0145989437
69.7433569097  3.1415926536  0.0000000000  -0.0000010902  -0.0143359815
70.9999939711  3.1415926536  0.0000000000  -0.0000010514  -0.0140823234
72.2566310326  3.1415926536  0.0000000000  -0.0000010146  -0.0138374844
73.5132680940  3.1415926536  0.0000000000  -0.0000009797  -0.0136010123
74.7699051554  3.1415926536  0.0000000000  -0.0000009465  -0.0133724857
76.0265422169  3.1415926536  0.0000000000  -0.0000009150  -0.0131515107
77.2831792783  3.1415926536  0.0000000000  -0.0000008850  -0.0129377191
78.5398163397  3.1415926536  0.0000000000  -0.0000008564  -0.0127307663
79.7964534012  3.1415926536  0.0000000000  -0.0000008292  -0.0125303293
81.0530904626  3.1415926536  0.0000000000  -0.0000008032  -0.0123361053
82.3097275241  3.1415926536  0.0000000000  -0.0000007785  -0.0121478098
83.5663645855  3.1415926536  0.0000000000  -0.0000007548  -0.0119651755
84.8230016469  3.1415926536  0.0000000000  -0.0000007322  -0.0117879508
86.0796387084  3.1415926536  0.0000000000  -0.0000007106  -0.0116158990
87.3362757698  3.1415926536  0.0000000000  -0.0000006899  -0.0114487968
88.5929128312  3.1415926536  0.0000000000  -0.0000006701  -0.0112864338
89.8495498927  3.1415926536  0.0000000000  -0.0000006512  -0.0111286111
91.1061869541  3.1415926536  0.0000000000  -0.0000006330  -0.0109751409
92.3628240155  3.1415926536  0.0000000000  -0.0000006155  -0.0108258457
93.6194610770  3.1415926536  0.0000000000  -0.0000005988  -0.0106805573
94.8760981384  3.1415926536  0.0000000000  -0.0000005827  -0.0105391167
96.1327351998  3.1415926536  0.0000000000  -0.0000005673  -0.0104013729
97.3893722613  3.1415926536  0.0000000000  -0.0000005524  -0.0102671830
98.6460093227  3.1415926536  0.0000000000  -0.0000005382  -0.0101364111
99.9026463842  3.1415926536  0.0000000000  -0.0000005244  -0.0100089284
101.1592834456  3.1415926536  0.0000000000  -0.0000005112  -0.0098846122
102.4159205070  3.1415926536  0.0000000000  -0.0000004985  -0.0097633460
103.6725575685  3.1415926536  0.0000000000  -0.0000004862  -0.0096450190
104.9291946299  3.1415926536  0.0000000000  -0.0000004743  -0.0095295256
106.1858316913  3.1415926536  0.0000000000  -0.0000004629  -0.0094167653
107.4424687528  3.1415926536  0.0000000000  -0.0000004519  -0.0093066420
108.6991058142  3.1415926536  0.0000000000  -0.0000004413  -0.0091990645
109.9557428756  3.1415926536  0.0000000000  -0.0000004310  -0.0090939455
111.2123799371  3.1415926536  0.0000000000  -0.0000004211  -0.0089912015
112.4690169985  3.1415926536  0.0000000000  -0.0000004115  -0.0088907532
113.7256540600  3.1415926536  0.0000000000  -0.0000004023  -0.0087925242
114.9822911214  3.1415926536  0.0000000000  -0.0000003933  -0.0086964420
116.2389281828  3.1415926536  0.0000000000  -0.0000003846  -0.0086024369
117.4955652443  3.1415926536  0.0000000000  -0.0000003763  -0.0085104423
118.7522023057  3.1415926536  0.0000000000  -0.0000003681  -0.0084203943
120.0088393671  3.1415926536  0.0000000000  -0.0000003603  -0.0083322319
121.2654764286  3.1415926536  0.0000000000  -0.0000003527  -0.0082458963
122.5221134900  3.1415926536  0.0000000000  -0.0000003453  -0.0081613315
123.7787505514  3.1415926536  0.0000000000  -0.0000003381  -0.0080784835
125.0353876129  3.1415926536  0.0000000000  -0.0000003312  -0.0079973005
126.2920246743  3.1415926536  0.0000000000  -0.0000003244  -0.0079177329
127.5486617357  3.1415926536  0.0000000000  -0.0000003179  -0.0078397329
128.8052987972  3.1415926536  0.0000000000  -0.0000003116  -0.0077632546
130.0619358586  3.1415926536  0.0000000000  -0.0000003054  -0.0076882540
131.3185729201  3.1415926536  0.0000000000  -0.0000002994  -0.0076146886
132.5752099815  3.1415926536  0.0000000000  -0.0000002936  -0.0075425177
133.8318470429  3.1415926536  0.0000000000  -0.0000002880  -0.0074717019
135.0884841044  3.1415926536  0.0000000000  -0.0000002825  -0.0074022034
136.3451211658  3.1415926536  0.0000000000  -0.0000002772  -0.0073339858
137.6017582272  3.1415926536  0.0000000000  -0.0000002720  -0.0072670141
138.8583952887  3.1415926536  0.0000000000  -0.0000002669  -0.0072012544
140.1150323501  3.1415926536  0.0000000000  -0.0000002620  -0.0071366741
141.3716694115  3.1415926536  0.0000000000  -0.0000002572  -0.0070732418
142.6283064730  3.1415926536  0.0000000000  -0.0000002526  -0.0070109271
143.8849435344  3.1415926536  0.0000000000  -0.0000002481  -0.0069497007
145.1415805958  3.1415926536  0.0000000000  -0.0000002437  -0.0068895345
146.3982176573  3.1415926536  0.0000000000  -0.0000002394  -0.0068304010
147.6548547187  3.1415926536  0.0000000000  -0.0000002352  -0.0067722739
148.9114917802  3.1415926536  0.0000000000  -0.0000002311  -0.0067151278
150.1681288416  3.1415926536  0.0000000000  -0.0000002271  -0.0066589380
151.4247659030  3.1415926536  0.0000000000  -0.0000002233  -0.0066036807
152.6814029645  3.1415926536  0.0000000000  -0.0000002195  -0.0065493330
153.9380400259  3.1415926536  0.0000000000  -0.0000002158  -0.0064958724
155.1946770873  3.1415926536  0.0000000000  -0.0000002122  -0.0064432775
156.4513141488  3.1415926536  0.0000000000  -0.0000002087  -0.0063915275
157.7079512102  3.1415926536  0.0000000000  -0.0000002053  -0.0063406021
158.9645882716  3.1415926536  0.0000000000  -0.0000002019  -0.0062904817
160.2212253331  3.1415926536  0.0000000000  -0.0000001987  -0.0062411475
161.4778623945  3.1415926536  0.0000000000  -0.0000001955  -0.0061925810
162.7344994560  3.1415926536  0.0000000000  -0.0000001924  -0.0061447646
163.9911365174  3.1415926536  0.0000000000  -0.0000001893  -0.0060976809
165.2477735788  3.1415926536  0.0000000000  -0.0000001864  -0.0060513133
166.5044106403  3.1415926536  0.0000000000  -0.0000001835  -0.0060056454
167.7610477017  3.1415926536  0.0000000000  -0.0000001806  -0.0059606617
169.0176847631  3.1415926536  0.0000000000  -0.0000001778  -0.0059163469
170.2743218246  3.1415926536  0.0000000000  -0.0000001751  -0.0058726861
171.5309588860  3.1415926536  0.0000000000  -0.0000001725  -0.0058296649
172.7875959474  3.1415926536  0.0000000000  -0.0000001699  -0.0057872695
174.0442330089  3.1415926536  0.0000000000  -0.0000001674  -0.0057454862
175.3008700703  3.1415926536  0.0000000000  -0.0000001649  -0.0057043020
176.5575071317  3.1415926536  0.0000000000  -0.0000001625  -0.0056637039
177.8141441932  3.1415926536  0.0000000000  -0.0000001601  -0.0056236796
179.0707812546  3.1415926536  0.0000000000  -0.0000001578  -0.0055842171
180.3274183161  3.1415926536  0.0000000000  -0.0000001555  -0.0055453045
181.5840553775  3.1415926536  0.0000000000  -0.0000001532  -0.0055069304
182.8406924389  3.1415926536  0.0000000000  -0.0000001511  -0.0054690838
184.0973295004  3.1415926536  0.0000000000  -0.0000001489  -0.0054317538
185.3539665618  3.1415926536  0.0000000000  -0.0000001468  -0.0053949300
186.6106036232  3.1415926536  0.0000000000  -0.0000001448  -0.0053586020
187.8672406847  3.1415926536  0.0000000000  -0.0000001428  -0.0053227601
189.1238777461  3.1415926536  0.0000000000  -0.0000001408  -0.0052873944
190.3805148075  3.1415926536  0.0000000000  -0.0000001389  -0.0052524955
191.6371518690  3.1415926536  0.0000000000  -0.0000001370  -0.0052180543
192.8937889304  3.1415926536  0.0000000000  -0.0000001351  -0.0051840619
194.1504259918  3.1415926536  0.0000000000  -0.0000001333  -0.0051505094
195.4070630533  3.1415926536  0.0000000000  -0.0000001315  -0.0051173885
196.6637001147  3.1415926536  0.0000000000  -0.0000001298  -0.0050846908
197.9203371762  3.1415926536  0.0000000000  -0.0000001281  -0.0050524082
199.1769742376  3.1415926536  0.0000000000  -0.0000001264  -0.0050205331
200.4336112990  3.1415926536  0.0000000000  -0.0000001248  -0.0049890575
201.6902483605  3.1415926536  0.0000000000  -0.0000001231  -0.0049579742
202.9468854219  3.1415926536  0.0000000000  -0.0000001216  -0.0049272758
204.2035224833  3.1415926536  0.0000000000  -0.0000001200  -0.0048969552
205.4601595448  3.1415926536  0.0000000000  -0.0000001185  -0.0048670055
206.7167966062  3.1415926536  0.0000000000  -0.0000001170  -0.0048374198
207.9734336676  3.1415926536  0.0000000000  -0.0000001155  -0.0048081917
209.2300707291  3.1415926536  0.0000000000  -0.0000001141  -0.0047793147
210.4867077905  3.1415926536  0.0000000000  -0.0000001126  -0.0047507824
211.7433448520  3.1415926536  0.0000000000  -0.0000001112  -0.0047225888
212.9999819134  3.1415926536  0.0000000000  -0.0000001099  -0.0046947279
214.2566189748  3.1415926536  0.0000000000  -0.0000001085  -0.0046671937
215.5132560363  3.1415926536  0.0000000000  -0.0000001072  -0.0046399806
216.7698930977  3.1415926536  0.0000000000  -0.0000001059  -0.0046130831
218.0265301591  3.1415926536  0.0000000000  -0.0000001046  -0.0045864955
219.2831672206  3.1415926536  0.0000000000  -0.0000001034  -0.0045602127
220.5398042820  3.1415926536  0.0000000000  -0.0000001022  -0.0045342294
221.7964413434  3.1415926536  0.0000000000  -0.0000001009  -0.0045085405
223.0530784049  3.1415926536  0.0000000000  -0.0000000998  -0.0044831410
224.3097154663  3.1415926536  0.0000000000  -0.0000000986  -0.0044580261
225.5663525277  3.1415926536  0.0000000000  -0.0000000974  -0.0044331911
226.8229895892  3.1415926536  0.0000000000  -0.0000000963  -0.0044086312
228.0796266506  3.1415926536  0.0000000000  -0.0000000952  -0.0043843419
229.3362637121  3.1415926536  0.0000000000  -0.0000000941  -0.0043603188
230.5929007735  3.1415926536  0.0000000000  -0.0000000930  -0.0043365575
231.8495378349  3.1415926536  0.0000000000  -0.0000000920  -0.0043130538
233.1061748964  3.1415926536  0.0000000000  -0.0000000909  -0.0042898035
234.3628119578  3.1415926536  0.0000000000  -0.0000000899  -0.0042668025
235.6194490192  3.1415926536  0.0000000000  -0.0000000889  -0.0042440468
236.8760860807  3.1415926536  0.0000000000  -0.0000000879  -0.0042215326
238.1327231421  3.1415926536  0.0000000000  -0.0000000870  -0.0041992559
239.3893602035  3.1415926536  0.0000000000  -0.0000000860  -0.0041772132
240.6459972650  3.1415926536  0.0000000000  -0.0000000851  -0.0041554006
241.9026343264  3.1415926536  0.0000000000  -0.0000000841  -0.0041338147
243.1592713878  3.1415926536  0.0000000000  -0.0000000832  -0.0041124518
244.4159084493  3.1415926536  0.0000000000  -0.0000000823  -0.0040913086
245.6725455107  3.1415926536  0.0000000000  -0.0000000814  -0.0040703817
246.9291825722  3.1415926536  0.0000000000  -0.0000000806  -0.0040496678
248.1858196336  3.1415926536  0.0000000000  -0.0000000797  -0.0040291637
249.4424566950  3.1415926536  0.0000000000  -0.0000000789  -0.0040088661
250.6990937565  3.1415926536  0.0000000000  -0.0000000780  -0.0039887720
251.9557308179  3.1415926536  0.0000000000  -0.0000000772  -0.0039688784
253.2123678793  3.1415926536  0.0000000000  -0.0000000764  -0.0039491822
254.4690049408  3.1415926536  0.0000000000  -0.0000000756  -0.0039296805
255.7256420022  3.1415926536  0.0000000000  -0.0000000748  -0.0039103705
256.9822790636  3.1415926536  0.0000000000  -0.0000000741  -0.0038912493
258.2389161251  3.1415926536  0.0000000000  -0.0000000733  -0.0038723142
259.4955531865  3.1415926536  0.0000000000  -0.0000000725  -0.0038535625
260.7521902480  3.1415926536  0.0000000000  -0.0000000718  -0.0038349915
262.0088273094  3.1415926536  0.0000000000  -0.0000000711  -0.0038165987
263.2654643708  3.1415926536  0.0000000000  -0.0000000704  -0.0037983814
264.5221014323  3.1415926536  0.0000000000  -0.0000000697  -0.0037803372
265.7787384937  3.1415926536  0.0000000000  -0.0000000690  -0.0037624637
267.0353755551  3.1415926536  0.0000000000  -0.0000000683  -0.0037447583
268.2920126166  3.1415926536  0.0000000000  -0.0000000676  -0.0037272188
269.5486496780  3.1415926536  0.0000000000  -0.0000000669  -0.0037098429
270.8052867394  3.1415926536  0.0000000000  -0.0000000663  -0.0036926282
272.0619238009  3.1415926536  0.0000000000  -0.0000000656  -0.0036755725
273.3185608623  3.1415926536  0.0000000000  -0.0000000650  -0.0036586737
274.5751979237  3.1415926536  0.0000000000  -0.0000000644  -0.0036419295
275.8318349852  3.1415926536  0.0000000000  -0.0000000637  -0.0036253379
277.0884720466  3.1415926536  0.0000000000  -0.0000000631  -0.0036088968
278.3451091081  3.1415926536  0.0000000000  -0.0000000625  -0.0035926041
279.6017461695  3.1415926536  0.0000000000  -0.0000000619  -0.0035764579
280.8583832309  3.1415926536  0.0000000000  -0.0000000613  -0.0035604561
282.1150202924  3.1415926536  0.0000000000  -0.0000000608  -0.0035445969
283.3716573538  3.1415926536  0.0000000000  -0.0000000602  -0.0035288784
284.6282944152  3.1415926536  0.0000000000  -0.0000000596  -0.0035132987
285.8849314767  3.1415926536  0.0000000000  -0.0000000591  -0.0034978559
287.1415685381  3.1415926536  0.0000000000  -0.0000000585  -0.0034825482
288.3982055995  3.1415926536  0.0000000000  -0.0000000580  -0.0034673740
289.6548426610  3.1415926536  0.0000000000  -0.0000000575  -0.0034523314
290.9114797224  3.1415926536  0.0000000000  -0.0000000569  -0.0034374188
292.1681167839  3.1415926536  0.0000000000  -0.0000000564  -0.0034226345
293.4247538453  3.1415926536  0.0000000000  -0.0000000559  -0.0034079768
294.6813909067  3.1415926536  0.0000000000  -0.0000000554  -0.0033934441
295.9380279682  3.1415926536  0.0000000000  -0.0000000549  -0.0033790348
297.1946650296  3.1415926536  0.0000000000  -0.0000000544  -0.0033647474
298.4513020910  3.1415926536  0.0000000000  -0.0000000539  -0.0033505803
299.7079391525  3.1415926536  0.0000000000  -0.0000000534  -0.0033365319
300.9645762139  3.1415926536  0.0000000000  -0.0000000530  -0.0033226009
302.2212132753  3.1415926536  0.0000000000  -0.0000000525  -0.0033087858
303.4778503368  3.1415926536  0.0000000000  -0.0000000520  -0.0032950850
304.7344873982  3.1415926536  0.0000000000  -0.0000000516  -0.0032814972
305.9911244596  3.1415926536  0.0000000000  -0.0000000511  -0.0032680211
307.2477615211  3.1415926536  0.0000000000  -0.0000000507  -0.0032546552
308.5043985825  3.1415926536  0.0000000000  -0.0000000502  -0.0032413981
309.7610356440  3.1415926536  0.0000000000  -0.0000000498  -0.0032282486
311.0176727054  3.1415926536  0.0000000000  -0.0000000494  -0.0032152054
312.2743097668  3.1415926536  0.0000000000  -0.0000000489  -0.0032022672
313.5309468283  3.1415926536  0.0000000000  -0.0000000485  -0.0031894326
314.7875838897  3.1415926536  0.0000000000  -0.0000000481  -0.0031767005
316.0442209511  3.1415926536  0.0000000000  -0.0000000477  -0.0031640697
317.3008580126  3.1415926536  0.0000000000  -0.0000000473  -0.0031515389
318.5574950740  3.1415926536  0.0000000000  -0.0000000469  -0.0031391070
319.8141321354  3.1415926536  0.0000000000  -0.0000000465  -0.0031267728
321.0707691969  3.1415926536  0.0000000000  -0.0000000461  -0.0031145351
322.3274062583  3.1415926536  0.0000000000  -0.0000000457  -0.0031023928
323.5840433197  3.1415926536  0.0000000000  -0.0000000453  -0.0030903449
324.8406803812  3.1415926536  0.0000000000  -0.0000000450  -0.0030783901
326.0973174426  3.1415926536  0.0000000000  -0.0000000446  -0.0030665275
327.3539545041  3.1415926536  0.0000000000  -0.0000000442  -0.0030547560
328.6105915655  3.1415926536  0.0000000000  -0.0000000439  -0.0030430745
329.8672286269  3.1415926536  0.0000000000  -0.0000000435  -0.0030314820
331.1238656884  3.1415926536  0.0000000000  -0.0000000432  -0.0030199775
332.3805027498  3.1415926536  0.0000000000  -0.0000000428  -0.0030085599
333.6371398112  3.1415926536  0.0000000000  -0.0000000425  -0.0029972284
334.8937768727  3.1415926536  0.0000000000  -0.0000000421  -0.0029859819
336.1504139341  3.1415926536  0.0000000000  -0.0000000418  -0.0029748195
337.4070509955  3.1415926536  0.0000000000  -0.0000000414  -0.0029637403
338.6636880570  3.1415926536  0.0000000000  -0.0000000411  -0.0029527432
339.9203251184  3.1415926536  0.0000000000  -0.0000000408  -0.0029418275
341.1769621799  3.1415926536  0.0000000000  -0.0000000405  -0.0029309922
342.4335992413  3.1415926536  0.0000000000  -0.0000000401  -0.0029202364
343.6902363027  3.1415926536  0.0000000000  -0.0000000398  -0.0029095592
344.9468733642  3.1415926536  0.0000000000  -0.0000000395  -0.0028989599
346.2035104256  3.1415926536  0.0000000000  -0.0000000392  -0.0028884375
347.4601474870  3.1415926536  0.0000000000  -0.0000000389  -0.0028779912
348.7167845485  3.1415926536  0.0000000000  -0.0000000386  -0.0028676202
349.9734216099  3.1415926536  0.0000000000  -0.0000000383  -0.0028573236
351.2300586713  3.1415926536  0.0000000000  -0.0000000380  -0.0028471008
352.4866957328  3.1415926536  0.0000000000  -0.0000000377  -0.0028369508
353.7433327942  3.1415926536  0.0000000000  -0.0000000374  -0.0028268729
354.9999698556  3.1415926536  0.0000000000  -0.0000000371  -0.0028168664
356.2566069171  3.1415926536  0.0000000000  -0.0000000369  -0.0028069305
357.5132439785  3.1415926536  0.0000000000  -0.0000000366  -0.0027970644
358.7698810400  3.1415926536  0.0000000000  -0.0000000363  -0.0027872675
360.0265181014  3.1415926536  0.0000000000  -0.0000000360  -0.0027775389
361.2831551628  3.1415926536  0.0000000000  -0.0000000358  -0.0027678780
362.5397922243  3.1415926536  0.0000000000  -0.0000000355  -0.0027582841
363.7964292857  3.1415926536  0.0000000000  -0.0000000352  -0.0027487564
365.0530663471  3.1415926536  0.0000000000  -0.0000000350  -0.0027392944
366.3097034086  3.1415926536  0.0000000000  -0.0000000347  -0.0027298973
367.5663404700  3.1415926536  0.0000000000  -0.0000000345  -0.0027205644
368.8229775314  3.1415926536  0.0000000000  -0.0000000342  -0.0027112951
370.0796145929  3.1415926536  0.0000000000  -0.0000000339  -0.0027020888
371.3362516543  3.1415926536  0.0000000000  -0.0000000337  -0.0026929447
372.5928887157  3.1415926536  0.0000000000  -0.0000000335  -0.0026838624
373.8495257772  3.1415926536  0.0000000000  -0.0000000332  -0.0026748411
375.1061628386  3.1415926536  0.0000000000  -0.0000000330  -0.0026658803
376.3627999001  3.1415926536  0.0000000000  -0.0000000327  -0.0026569793
377.6194369615  3.1415926536  0.0000000000  -0.0000000325  -0.0026481375
378.8760740229  3.1415926536  0.0000000000  -0.0000000323  -0.0026393544
380.1327110844  3.1415926536  0.0000000000  -0.0000000320  -0.0026306293
381.3893481458  3.1415926536  0.0000000000  -0.0000000318  -0.0026219618
382.6459852072  3.1415926536  0.0000000000  -0.0000000316  -0.0026133511
383.9026222687  3.1415926536  0.0000000000  -0.0000000313  -0.0026047969
385.1592593301  3.1415926536  0.0000000000  -0.0000000311  -0.0025962985
386.4158963915  3.1415926536  0.0000000000  -0.0000000309  -0.0025878553
387.6725334530  3.1415926536  0.0000000000  -0.0000000307  -0.0025794669
388.9291705144  3.1415926536  0.0000000000  -0.0000000305  -0.0025711326
390.1858075759  3.1415926536  0.0000000000  -0.0000000303  -0.0025628521
391.4424446373  3.1415926536  0.0000000000  -0.0000000300  -0.0025546247
392.6990816987  3.1415926536  0.0000000000  -0.0000000298  -0.0025464500
393.9557187602  3.1415926536  0.0000000000  -0.0000000296  -0.0025383274
395.2123558216  3.1415926536  0.0000000000  -0.0000000294  -0.0025302565
396.4689928830  3.1415926536  0.0000000000  -0.0000000292  -0.0025222368
397.7256299445  3.1415926536  0.0000000000  -0.0000000290  -0.0025142677
398.9822670059  3.1415926536  0.0000000000  -0.0000000288  -0.0025063488
400.2389040673  3.1415926536  0.0000000000  -0.0000000286  -0.0024984797
401.4955411288  3.1415926536  0.0000000000  -0.0000000284  -0.0024906598
402.7521781902  3.1415926536  0.0000000000  -0.0000000282  -0.0024828887
404.0088152516  3.1415926536  0.0000000000  -0.0000000280  -0.0024751659
405.2654523131  3.1415926536  0.0000000000  -0.0000000279  -0.0024674910
406.5220893745  3.1415926536  0.0000000000  -0.0000000277  -0.0024598636
407.7787264360  3.1415926536  0.0000000000  -0.0000000275  -0.0024522832
409.0353634974  3.1415926536  0.0000000000  -0.0000000273  -0.0024447494
410.2920005588  3.1415926536  0.0000000000  -0.0000000271  -0.0024372617
411.5486376203  3.1415926536  0.0000000000  -0.0000000269  -0.0024298198
412.8052746817  3.1415926536  0.0000000000  -0.0000000268  -0.0024224231
414.0619117431  3.1415926536  0.0000000000  -0.0000000266  -0.0024150714
415.3185488046  3.1415926536  0.0000000000  -0.0000000264  -0.0024077641
416.5751858660  3.1415926536  0.0000000000  -0.0000000262  -0.0024005009
417.8318229274  3.1415926536  0.0000000000  -0.0000000261  -0.0023932814
419.0884599889  3.1415926536  0.0000000000  -0.0000000259  -0.0023861052
420.3450970503  3.1415926536  0.0000000000  -0.0000000257  -0.0023789719
421.6017341118  3.1415926536  0.0000000000  -0.0000000255  -0.0023718812
422.8583711732  3.1415926536  0.0000000000  -0.0000000254  -0.0023648326
424.1150082346  3.1415926536  0.0000000000  -0.0000000252  -0.0023578257
425.3716452961  3.1415926536  0.0000000000  -0.0000000250  -0.0023508603
426.6282823575  3.1415926536  0.0000000000  -0.0000000249  -0.0023439358
427.8849194189  3.1415926536  0.0000000000  -0.0000000247  -0.0023370521
429.1415564804  3.1415926536  0.0000000000  -0.0000000246  -0.0023302086
430.3981935418  3.1415926536  0.0000000000  -0.0000000244  -0.0023234052
431.6548306032  3.1415926536  0.0000000000  -0.0000000243  -0.0023166413
432.9114676647  3.1415926536  0.0000000000  -0.0000000241  -0.0023099167
434.1681047261  3.1415926536  0.0000000000  -0.0000000239  -0.0023032310
435.4247417875  3.1415926536  0.0000000000  -0.0000000238  -0.0022965840
436.6813788490  3.1415926536  0.0000000000  -0.0000000236  -0.0022899751
437.9380159104  3.1415926536  0.0000000000  -0.0000000235  -0.0022834043
439.1946529719  3.1415926536  0.0000000000  -0.0000000233  -0.0022768710
440.4512900333  3.1415926536  0.0000000000  -0.0000000232  -0.0022703749
441.7079270947  3.1415926536  0.0000000000  -0.0000000231  -0.0022639159
442.9645641562  3.1415926536  0.0000000000  -0.0000000229  -0.0022574935
444.2212012176  3.1415926536  0.0000000000  -0.0000000228  -0.0022511074
445.4778382790  3.1415926536  0.0000000000  -0.0000000226  -0.0022447574
446.7344753405  3.1415926536  0.0000000000  -0.0000000225  -0.0022384430
447.9911124019  3.1415926536  0.0000000000  -0.0000000223  -0.0022321641
449.2477494633  3.1415926536  0.0000000000  -0.0000000222  -0.0022259204
450.5043865248  3.1415926536  0.0000000000  -0.0000000221  -0.0022197114
451.7610235862  3.1415926536  0.0000000000  -0.0000000219  -0.0022135370
453.0176606476  3.1415926536  0.0000000000  -0.0000000218  -0.0022073969
454.2742977091  3.1415926536  0.0000000000  -0.0000000217  -0.0022012907
455.5309347705  3.1415926536  0.0000000000  -0.0000000215  -0.0021952183
456.7875718320  3.1415926536  0.0000000000  -0.0000000214  -0.0021891792
458.0442088934  3.1415926536  0.0000000000  -0.0000000213  -0.0021831732
459.3008459548  3.1415926536  0.0000000000  -0.0000000211  -0.0021772002
460.5574830163  3.1415926536  0.0000000000  -0.0000000210  -0.0021712597
461.8141200777  3.1415926536  0.0000000000  -0.0000000209  -0.0021653515
463.0707571391  3.1415926536  0.0000000000  -0.0000000208  -0.0021594755
464.3273942006  3.1415926536  0.0000000000  -0.0000000206  -0.0021536312
465.5840312620  3.1415926536  0.0000000000  -0.0000000205  -0.0021478185
466.8406683234  3.1415926536  0.0000000000  -0.0000000204  -0.0021420370
468.0973053849  3.1415926536  0.0000000000  -0.0000000203  -0.0021362866
469.3539424463  3.1415926536  0.0000000000  -0.0000000201  -0.0021305670
470.6105795078  3.1415926536  0.0000000000  -0.0000000200  -0.0021248780
471.8672165692  3.1415926536  0.0000000000  -0.0000000199  -0.0021192192
473.1238536306  3.1415926536  0.0000000000  -0.0000000198  -0.0021135905
474.3804906921  3.1415926536  0.0000000000  -0.0000000197  -0.0021079916
475.6371277535  3.1415926536  0.0000000000  -0.0000000196  -0.0021024223
476.8937648149  3.1415926536  0.0000000000  -0.0000000194  -0.0020968824
478.1504018764  3.1415926536  0.0000000000  -0.0000000193  -0.0020913716
479.4070389378  3.1415926536  0.0000000000  -0.0000000192  -0.0020858896
480.6636759992  3.1415926536  0.0000000000  -0.0000000191  -0.0020804364
481.9203130607  3.1415926536  0.0000000000  -0.0000000190  -0.0020750115
483.1769501221  3.1415926536  0.0000000000  -0.0000000189  -0.0020696149
484.4335871835  3.1415926536  0.0000000000  -0.0000000188  -0.0020642463
485.6902242450  3.1415926536  0.0000000000  -0.0000000187  -0.0020589055
486.9468613064  3.1415926536  0.0000000000  -0.0000000186  -0.0020535922
488.2034983679  3.1415926536  0.0000000000  -0.0000000185  -0.0020483063
489.4601354293  3.1415926536  0.0000000000  -0.0000000184  -0.0020430475
490.7167724907  3.1415926536  0.0000000000  -0.0000000182  -0.0020378156
491.9734095522  3.1415926536  0.0000000000  -0.0000000181  -0.0020326105
493.2300466136  3.1415926536  0.0000000000  -0.0000000180  -0.0020274319
494.4866836750  3.1415926536  0.0000000000  -0.0000000179  -0.0020222797
495.7433207365  3.1415926536  0.0000000000  -0.0000000178  -0.0020171535
496.9999577979  3.1415926536  0.0000000000  -0.0000000177  -0.0020120533
498.2565948593  3.1415926536  0.0000000000  -0.0000000176  -0.0020069788
499.5132319208  3.1415926536  0.0000000000  -0.0000000175  -0.0020019298
500.7698689822  3.1415926536  0.0000000000  -0.0000000174  -0.0019969062
502.0265060436  3.1415926536  0.0000000000  -0.0000000173  -0.0019919077
503.2831431051  3.1415926536  0.0000000000  -0.0000000172  -0.0019869342
504.5397801665  3.1415926536  0.0000000000  -0.0000000171  -0.0019819854
505.7964172280  3.1415926536  0.0000000000  -0.0000000170  -0.0019770613
507.0530542894  3.1415926536  0.0000000000  -0.0000000170  -0.0019721615
508.3096913508  3.1415926536  0.0000000000  -0.0000000169  -0.0019672860
509.5663284123  3.1415926536  0.0000000000  -0.0000000168  -0.0019624345
510.8229654737  3.1415926536  0.0000000000  -0.0000000167  -0.0019576069
512.0796025351  3.1415926536  0.0000000000  -0.0000000166  -0.0019528030
513.3362395966  3.1415926536  0.0000000000  -0.0000000165  -0.0019480226
514.5928766580  3.1415926536  0.0000000000  -0.0000000164  -0.0019432655
515.8495137194  3.1415926536  0.0000000000  -0.0000000163  -0.0019385317
517.1061507809  3.1415926536  0.0000000000  -0.0000000162  -0.0019338208
518.3627878423  3.1415926536  0.0000000000  -0.0000000161  -0.0019291328
519.6194249038  3.1415926536  0.0000000000  -0.0000000160  -0.0019244674
520.8760619652  3.1415926536  0.0000000000  -0.0000000160  -0.0019198246
522.1326990266  3.1415926536  0.0000000000  -0.0000000159  -0.0019152041
523.3893360881  3.1415926536  0.0000000000  -0.0000000158  -0.0019106058
524.6459731495  3.1415926536  0.0000000000  -0.0000000157  -0.0019060295
525.9026102109  3.1415926536  0.0000000000  -0.0000000156  -0.0019014751
527.1592472724  3.1415926536  0.0000000000  -0.0000000155  -0.0018969424
528.4158843338  3.1415926536  0.0000000000  -0.0000000154  -0.0018924313
529.6725213952  3.1415926536  0.0000000000  -0.0000000154  -0.0018879415
530.9291584567  3.1415926536  0.0000000000  -0.0000000153  -0.0018834731
532.1857955181  3.1415926536  0.0000000000  -0.0000000152  -0.0018790257
533.4424325795  3.1415926536  0.0000000000  -0.0000000151  -0.0018745993
534.6990696410  3.1415926536  0.0000000000  -0.0000000150  -0.0018701937
535.9557067024  3.1415926536  0.0000000000  -0.0000000150  -0.0018658087
537.2123437639  3.1415926536  0.0000000000  -0.0000000149  -0.0018614443
538.4689808253  3.1415926536  0.0000000000  -0.0000000148  -0.0018571002
539.7256178867  3.1415926536  0.0000000000  -0.0000000147  -0.0018527763
540.9822549482  3.1415926536  0.0000000000  -0.0000000146  -0.0018484726
542.2388920096  3.1415926536  0.0000000000  -0.0000000146  -0.0018441888
543.4955290710  3.1415926536  0.0000000000  -0.0000000145  -0.0018399248
544.7521661325  3.1415926536  0.0000000000  -0.0000000144  -0.0018356805
546.0088031939  3.1415926536  0.0000000000  -0.0000000143  -0.0018314557
547.2654402553  3.1415926536  0.0000000000  -0.0000000143  -0.0018272503
548.5220773168  3.1415926536  0.0000000000  -0.0000000142  -0.0018230642
549.7787143782  3.1415926536  0.0000000000  -0.0000000141  -0.0018188972
551.0353514396  3.1415926536  0.0000000000  -0.0000000140  -0.0018147492
552.2919885011  3.1415926536  0.0000000000  -0.0000000140  -0.0018106201
553.5486255625  3.1415926536  0.0000000000  -0.0000000139  -0.0018065097
554.8052626240  3.1415926536  0.0000000000  -0.0000000138  -0.0018024180
556.0618996854  3.1415926536  0.0000000000  -0.0000000138  -0.0017983448
557.3185367468  3.1415926536  0.0000000000  -0.0000000137  -0.0017942899
558.5751738083  3.1415926536  0.0000000000  -0.0000000136  -0.0017902533
559.8318108697  3.1415926536  0.0000000000  -0.0000000136  -0.0017862348
561.0884479311  3.1415926536  0.0000000000  -0.0000000135  -0.0017822342
562.3450849926  3.1415926536  0.0000000000  -0.0000000134  -0.0017782516
563.6017220540  3.1415926536  0.0000000000  -0.0000000133  -0.0017742867
564.8583591154  3.1415926536  0.0000000000  -0.0000000133  -0.0017703395
566.1149961769  3.1415926536  0.0000000000  -0.0000000132  -0.0017664098
567.3716332383  3.1415926536  0.0000000000  -0.0000000131  -0.0017624975
568.6282702998  3.1415926536  0.0000000000  -0.0000000131  -0.0017586025
569.8849073612  3.1415926536  0.0000000000  -0.0000000130  -0.0017547247
571.1415444226  3.1415926536  0.0000000000  -0.0000000129  -0.0017508639
572.3981814841  3.1415926536  0.0000000000  -0.0000000129  -0.0017470201
573.6548185455  3.1415926536  0.0000000000  -0.0000000128  -0.0017431931
574.9114556069  3.1415926536  0.0000000000  -0.0000000128  -0.0017393829
576.1680926684  3.1415926536  0.0000000000  -0.0000000127  -0.0017355893
577.4247297298  3.1415926536  0.0000000000  -0.0000000126  -0.0017318122
578.6813667912  3.1415926536  0.0000000000  -0.0000000126  -0.0017280515
579.9380038527  3.1415926536  0.0000000000  -0.0000000125  -0.0017243071
581.1946409141  3.1415926536  0.0000000000  -0.0000000124  -0.0017205788
582.4512779755  3.1415926536  0.0000000000  -0.0000000124  -0.0017168667
583.7079150370  3.1415926536  0.0000000000  -0.0000000123  -0.0017131706
584.9645520984  3.1415926536  0.0000000000  -0.0000000123  -0.0017094903
586.2211891599  3.1415926536  0.0000000000  -0.0000000122  -0.0017058258
587.4778262213  3.1415926536  0.0000000000  -0.0000000121  -0.0017021770
588.7344632827  3.1415926536  0.0000000000  -0.0000000121  -0.0016985438
589.9911003442  3.1415926536  0.0000000000  -0.0000000120  -0.0016949260
591.2477374056  3.1415926536  0.0000000000  -0.0000000120  -0.0016913236
592.5043744670  3.1415926536  0.0000000000  -0.0000000119  -0.0016877366
593.7610115285  3.1415926536  0.0000000000  -0.0000000118  -0.0016841646
595.0176485899  3.1415926536  0.0000000000  -0.0000000118  -0.0016806078
596.2742856513  3.1415926536  0.0000000000  -0.0000000117  -0.0016770660
597.5309227128  3.1415926536  0.0000000000  -0.0000000117  -0.0016735390
598.7875597742  3.1415926536  0.0000000000  -0.0000000116  -0.0016700269
600.0441968357  3.1415926536  0.0000000000  -0.0000000116  -0.0016665295
601.3008338971  3.1415926536  0.0000000000  -0.0000000115  -0.0016630467
602.5574709585  3.1415926536  0.0000000000  -0.0000000115  -0.0016595784
603.8141080200  3.1415926536  0.0000000000  -0.0000000114  -0.0016561246
605.0707450814  3.1415926536  0.0000000000  -0.0000000113  -0.0016526851
606.3273821428  3.1415926536  0.0000000000  -0.0000000113  -0.0016492598
607.5840192043  3.1415926536  0.0000000000  -0.0000000112  -0.0016458487
608.8406562657  3.1415926536  0.0000000000  -0.0000000112  -0.0016424518
610.0972933271  3.1415926536  0.0000000000  -0.0000000111  -0.0016390688
611.3539303886  3.1415926536  0.0000000000  -0.0000000111  -0.0016356997
612.6105674500  3.1415926536  0.0000000000  -0.0000000110  -0.0016323444
613.8672045114  3.1415926536  0.0000000000  -0.0000000110  -0.0016290029
615.1238415729  3.1415926536  0.0000000000  -0.0000000109  -0.0016256750
616.3804786343  3.1415926536  0.0000000000  -0.0000000109  -0.0016223607
617.6371156958  3.1415926536  0.0000000000  -0.0000000108  -0.0016190599
618.8937527572  3.1415926536  0.0000000000  -0.0000000108  -0.0016157724
620.1503898186  3.1415926536  0.0000000000  -0.0000000107  -0.0016124983
621.4070268801  3.1415926536  0.0000000000  -0.0000000107  -0.0016092375
622.6636639415  3.1415926536  0.0000000000  -0.0000000106  -0.0016059898
623.9203010029  3.1415926536  0.0000000000  -0.0000000106  -0.0016027552
625.1769380644  3.1415926536  0.0000000000  -0.0000000105  -0.0015995336
626.4335751258  3.1415926536  0.0000000000  -0.0000000105  -0.0015963249
627.6902121872  3.1415926536  0.0000000000  -0.0000000104  -0.0015931291
628.9468492487  3.1415926536  0.0000000000  0.0000000000  0.0000000000
-627.6902121872  3.1415926536  3.1415926536  0.0000000000  0.0000000000
-626.4335751258  3.1415926536  3.1415926536  0.0000000000  0.0000000000
-625.1769380644  3.1415926536  3.1415926536  0.0000000000  0.0000000000
-623.9203010029  3.1415926536  3.1415926536  0.0000000000  0.0000000000
-622.6636639415  3.1415926536  3.1415926536  0.0000000000  0.0000000000
-621.4070268801  3.1415926536  3.1415926536  0.0000000000  0.0000000000
-620.1503898186  3.1415926536  3.1415926536  0.0000000000  0.0000000000
-618.8937527572  3.1415926536  3.1415926536  0.0000000000  0.0000000000
-617.6371156958  3.1415926536  3.1415926536  0.0000000000  0.0000000000
-616.3804786343  3.1415926536  3.1415926536  0.0000000000  0.0000000000
-615.1238415729  3.1415926536  3.1415926536  0.0000000000  0.0000000000
-613.8672045114  3.1415926536  3.1415926536  0.0000000000  0.0000000000
-612.6105674500  3.1415926536  3.1415926536  0.0000000000  0.0000000000
-611.3539303886  3.1415926536  3.1415926536  0.0000000000  0.0000000000
-610.0972933271  3.1415926536  3.1415926536  0.0000000000  0.0000000000
-608.8406562657  3.1415926536  3.1415926536  0.0000000000  0.0000000000
-607.5840192043  3.1415926536  3.1415926536  0.0000000000  0.0000000000
-606.3273821428  3.1415926536  3.1415926536  0.0000000000  0.0000000000
-605.0707450814  3.1415926536  3.1415926536  0.0000000000  0.0000000000
-603.8141080200  3.1415926536  3.1415926536  0.0000000000  0.0000000000
-602.5574709585  3.1415926536  3.1415926536  0.0000000000  0.0000000000
-601.3008338971  3.1415926536  3.1415926536  0.0000000000  0.0000000000
-600.0441968357  3.1415926536  3.1415926536  0.0000000000  0.0000000000
-598.7875597742  3.1415926536  3.1415926536  0.0000000000  0.0000000000
-597.5309227128  3.1415926536  3.1415926536  0.0000000000  0.0000000000
-596.2742856513  3.1415926536  3.1415926536  0.0000000000  0.0000000000
-595.0176485899  3.1415926536  3.1415926536  0.0000000000  0.0000000000
-593.7610115285  3.1415926536  3.1415926536  0.0000000000  0.0000000000
-592.5043744670  3.1415926536  3.1415926536  0.0000000000  0.0000000000
-591.2477374056  3.1415926536  3.1415926536  0.0000000000  0.0000000000
-589.9911003442  3.1415926536  3.1415926536  0.0000000000  0.0000000000
-588.7344632827  3.1415926536  3.1415926536  0.0000000000  0.0000000000
-587.4778262213  3.1415926536  3.1415926536  0.0000000000  0.0000000000
-586.2211891599  3.1415926536  3.1415926536  0.0000000000  0.0000000000
-584.9645520984  3.1415926536  3.1415926536  0.0000000000  0.0000000000
-583.7079150370  3.1415926536  3.1415926536  0.0000000000  0.0000000000
-582.4512779755  3.1415926536  3.1415926536  0.0000000000  0.0000000000
-581.1946409141  3.1415926536  3.1415926536  0.0000000000  0.0000000000
-579.9380038527  3.1415926536  3.1415926536  0.0000000000  0.0000000000
-578.6813667912  3.1415926536  3.1415926536  0.0000000000  0.0000000000
-577.4247297298  3.1415926536  3.1415926536  0.0000000000  0.0000000000
-576.1680926684  3.1415926536  3.1415926536  0.0000000000  0.0000000000
-574.9114556069  3.1415926536  3.1415926536  0.0000000000  0.0000000000
-573.6548185455  3.1415926536  3.1415926536  0.0000000000  0.0000000000
-572.3981814841  3.1415926536  3.1415926536  0.0000000000  0.0000000000
-571.1415444226  3.1415926536  3.1415926536  0.0000000000  0.0000000000
-569.8849073612  3.1415926536  3.1415926536  0.0000000000  0.0000000000
-568.6282702998  3.1415926536  3.1415926536  0.0000000000  0.0000000000
-567.3716332383  3.1415926536  3.1415926536  0.0000000000  0.0000000000
-566.1149961769  3.1415926536  3.1415926536  0.0000000000  0.0000000000
-564.8583591154  3.1415926536  3.1415926536  0.0000000000  0.0000000000
-563.6017220540  3.1415926536  3.1415926536  0.0000000000  0.0000000000
-562.3450849926  3.1415926536  3.1415926536  0.0000000000  0.0000000000
-561.0884479311  3.1415926536  3.1415926536  0.0000000000  0.0000000000
-559.8318108697  3.1415926536  3.1415926536  0.0000000000  0.0000000000
-558.5751738083  3.1415926536  3.1415926536  0.0000000000  0.0000000000
-557.3185367468  3.1415926536  3.1415926536  0.0000000000  0.0000000000
-556.0618996854  3.1415926536  3.1415926536  0.0000000000  0.0000000000
-554.8052626240  3.1415926536  3.1415926536  0.0000000000  0.0000000000
-553.5486255625  3.1415926536  3.1415926536  0.0000000000  0.0000000000
-552.2919885011  3.1415926536  3.1415926536  0.0000000000  0.0000000000
-551.0353514396  3.1415926536  3.1415926536  0.0000000000  0.0000000000
-549.7787143782  3.1415926536  3.1415926536  0.0000000000  0.0000000000
-548.5220773168  3.1415926536  3.1415926536  0.0000000000  0.0000000000
-547.2654402553  3.1415926536  3.1415926536  0.0000000000  0.0000000000
-546.0088031939  3.1415926536  3.1415926536  0.0000000000  0.0000000000
-544.7521661325  3.1415926536  3.1415926536  0.0000000000  0.0000000000
-543.4955290710  3.1415926536  3.1415926536  0.0000000000  0.0000000000
-542.2388920096  3.1415926536  3.1415926536  0.0000000000  0.0000000000
-540.9822549482  3.1415926536  3.1415926536  0.0000000000  0.0000000000
-539.7256178867  3.1415926536  3.1415926536  0.0000000000  0.0000000000
-538.4689808253  3.1415926536  3.1415926536  0.0000000000  0.0000000000
-537.2123437639  3.1415926536  3.1415926536  0.0000000000  0.0000000000
-535.9557067024  3.1415926536  3.1415926536  0.0000000000  0.0000000000
-534.6990696410  3.1415926536  3.1415926536  0.0000000000  0.0000000000
-533.4424325795  3.1415926536  3.1415926536  0.0000000000  0.0000000000
-532.1857955181  3.1415926536  3.1415926536  0.0000000000  0.0000000000
-530.9291584567  3.1415926536  3.1415926536  0.0000000000  0.0000000000
-529.6725213952  3.1415926536  3.1415926536  0.0000000000  0.0000000000
-528.4158843338  3.1415926536  3.1415926536  0.0000000000  0.0000000000
-527.1592472724  3.1415926536  3.1415926536  0.0000000000  0.0000000000
-525.9026102109  3.1415926536  3.1415926536  0.0000000000  0.0000000000
-524.6459731495  3.1415926536  3.1415926536  0.0000000000  0.0000000000
-523.3893360881  3.1415926536  3.1415926536  0.0000000000  0.0000000000
-522.1326990266  3.1415926536  3.1415926536  0.0000000000  0.0000000000
-520.8760619652  3.1415926536  3.1415926536  0.0000000000  0.0000000000
-519.6194249038  3.1415926536  3.1415926536  0.0000000000  0.0000000000
-518.3627878423  3.1415926536  3.1415926536  0.0000000000  0.0000000000
-517.1061507809  3.1415926536  3.1415926536  0.0000000000  0.0000000000
-515.8495137194  3.1415926536  3.1415926536  0.0000000000  0.0000000000
-514.5928766580  3.1415926536  3.1415926536  0.0000000000  0.0000000000
-513.3362395966  3.1415926536  3.1415926536  0.0000000000  0.0000000000
-512.0796025351  3.1415926536  3.1415926536  0.0000000000  0.0000000000
-510.8229654737  3.1415926536  3.1415926536  0.0000000000  0.0000000000
-509.5663284123  3.1415926536  3.1415926536  0.0000000000  0.0000000000
-508.3096913508  3.1415926536  3.1415926536  0.0000000000  0.0000000000
-507.0530542894  3.1415926536  3.1415926536  0.0000000000  0.0000000000
-505.7964172280  3.1415926536  3.1415926536  0.0000000000  0.0000000000
-504.5397801665  3.1415926536  3.1415926536  0.0000000000  0.0000000000
-503.2831431051  3.1415926536  3.1415926536  0.0000000000  0.0000000000
-502.0265060436  3.1415926536  3.1415926536  0.0000000000  0.0000000000
-500.7698689822  3.1415926536  3.1415926536  0.0000000000  0.0000000000
-499.5132319208  3.1415926536  3.1415926536  0.0000000000  0.0000000000
-498.2565948593  3.1415926536  3.1415926536  0.0000000000  0.0000000000
-496.9999577979  3.1415926536  3.1415926536  0.0000000000  0.0000000000
-495.7433207365  3.1415926536  3.1415926536  0.0000000000  0.0000000000
-494.4866836750  3.1415926536  3.1415926536  0.0000000000  0.0000000000
-493.2300466136  3.1415926536  3.1415926536  0.0000000000  0.0000000000
-491.9734095522  3.1415926536  3.1415926536  0.0000000000  0.0000000000
-490.7167724907  3.1415926536  3.1415926536  0.0000000000  0.0000000000
-489.4601354293  3.1415926536  3.1415926536  0.0000000000  0.0000000000
-488.2034983679  3.1415926536  3.1415926536  0.0000000000  0.0000000000
-486.9468613064  3.1415926536  3.1415926536  0.0000000000  0.0000000000
-485.6902242450  3.1415926536  3.1415926536  0.0000000000  0.0000000000
-484.4335871835  3.1415926536  3.1415926536  0.0000000000  0.0000000000
-483.1769501221  3.1415926536  3.1415926536  0.0000000000  0.0000000000
-481.9203130607  3.1415926536  3.1415926536  0.0000000000  0.0000000000
-480.6636759992  3.1415926536  3.1415926536  0.0000000000  0.0000000000
-479.4070389378  3.1415926536  3.1415926536  0.0000000000  0.0000000000
-478.1504018764  3.1415926536  3.1415926536  0.0000000000  0.0000000000
-476.8937648149  3.1415926536  3.1415926536  0.0000000000  0.0000000000
-475.6371277535  3.1415926536  3.1415926536  0.0000000000  0.0000000000
-474.3804906921  3.1415926536  3.1415926536  0.0000000000  0.0000000000
-473.1238536306  3.1415926536  3.1415926536  0.0000000000  0.0000000000
-471.8672165692  3.1415926536  3.1415926536  0.0000000000  0.0000000000
-470.6105795078  3.1415926536  3.1415926536  0.0000000000  0.0000000000
-469.3539424463  3.1415926536  3.1415926536  0.0000000000  0.0000000000
-468.0973053849  3.1415926536  3.1415926536  0.0000000000  0.0000000000
-466.8406683234  3.1415926536  3.1415926536  0.0000000000  0.0000000000
-465.5840312620  3.1415926536  3.1415926536  0.0000000000  0.0000000000
-464.3273942006  3.1415926536  3.1415926536  0.0000000000  0.0000000000
-463.0707571391  3.1415926536  3.1415926536  0.0000000000  0.0000000000
-461.8141200777  3.1415926536  3.1415926536  0.0000000000  0.0000000000
-460.5574830163  3.1415926536  3.1415926536  0.0000000000  0.0000000000
-459.3008459548  3.1415926536  3.1415926536  0.0000000000  0.0000000000
-458.0442088934  3.1415926536  3.1415926536  0.0000000000  0.0000000000
-456.7875718320  3.1415926536  3.1415926536  0.0000000000  0.0000000000
-455.5309347705  3.1415926536  3.1415926536  0.0000000000  0.0000000000
-454.2742977091  3.1415926536  3.1415926536  0.0000000000  0.0000000000
-453.0176606476  3.1415926536  3.1415926536  0.0000000000  0.0000000000
-451.7610235862  3.1415926536  3.1415926536  0.0000000000  0.0000000000
-450.5043865248  3.1415926536  3.1415926536  0.0000000000  0.0000000000
-449.2477494633  3.1415926536  3.1415926536  0.0000000000  0.0000000000
-447.9911124019  3.1415926536  3.1415926536  0.0000000000  0.0000000000
-446.7344753405  3.1415926536  3.1415926536  0.0000000000  0.0000000000
-445.4778382790  3.1415926536  3.1415926536  0.0000000000  0.0000000000
-444.2212012176  3.1415926536  3.1415926536  0.0000000000  0.0000000000
-442.9645641562  3.1415926536  3.1415926536  0.0000000000  0.0000000000
-441.7079270947  3.1415926536  3.1415926536  0.0000000000  0.0000000000
-440.4512900333  3.1415926536  3.1415926536  0.0000000000  0.0000000000
-439.1946529719  3.1415926536  3.1415926536  0.0000000000  0.0000000000
-437.9380159104  3.1415926536  3.1415926536  0.0000000000  0.0000000000
-436.6813788490  3.1415926536  3.1415926536  0.0000000000  0.0000000000
-435.4247417875  3.1415926536  3.1415926536  0.0000000000  0.0000000000
-434.1681047261  3.1415926536  3.1415926536  0.0000000000  0.0000000000
-432.9114676647  3.1415926536  3.1415926536  0.0000000000  0.0000000000
-431.6548306032  3.1415926536  3.1415926536  0.0000000000  0.0000000000
-430.3981935418  3.1415926536  3.1415926536  0.0000000000  0.0000000000
-429.1415564804  3.1415926536  3.1415926536  0.0000000000  0.0000000000
-427.8849194189  3.1415926536  3.1415926536  0.0000000000  0.0000000000
-426.6282823575  3.1415926536  3.1415926536  0.0000000000  0.0000000000
-425.3716452961  3.1415926536  3.1415926536  0.0000000000  0.0000000000
-424.1150082346  3.1415926536  3.1415926536  0.0000000000  0.0000000000
-422.8583711732  3.1415926536  3.1415926536  0.0000000000  0.0000000000
-421.6017341118  3.1415926536  3.1415926536  0.0000000000  0.0000000000
-420.3450970503  3.1415926536  3.1415926536  0.0000000000  0.0000000000
-419.0884599889  3.1415926536  3.1415926536  0.0000000000  0.0000000000
-417.8318229274  3.1415926536  3.1415926536  0.0000000000  0.0000000000
-416.5751858660  3.1415926536  3.1415926536  0.0000000000  0.0000000000
-415.3185488046  3.1415926536  3.1415926536  0.0000000000  0.0000000000
-414.0619117431  3.1415926536  3.1415926536  0.0000000000  0.0000000000
-412.8052746817  3.1415926536  3.1415926536  0.0000000000  0.0000000000
-411.5486376203  3.1415926536  3.1415926536  0.0000000000  0.0000000000
-410.2920005588  3.1415926536  3.1415926536  0.0000000000  0.0000000000
-409.0353634974  3.1415926536  3.1415926536  0.0000000000  0.0000000000
-407.7787264360  3.1415926536  3.1415926536  0.0000000000  0.0000000000
-406.5220893745  3.1415926536  3.1415926536  0.0000000000  0.0000000000
-405.2654523131  3.1415926536  3.1415926536  0.0000000000  0.0000000000
-404.0088152516  3.1415926536  3.1415926536  0.0000000000  0.0000000000
-402.7521781902  3.1415926536  3.1415926536  0.0000000000  0.0000000000
-401.4955411288  3.1415926536  3.1415926536  0.0000000000  0.0000000000
-400.2389040673  3.1415926536  3.1415926536  0.0000000000  0.0000000000
-398.9822670059  3.1415926536  3.1415926536  0.0000000000  0.0000000000
-397.7256299445  3.1415926536  3.1415926536  0.0000000000  0.0000000000
-396.4689928830  3.1415926536  3.1415926536  0.0000000000  0.0000000000
-395.2123558216  3.1415926536  3.1415926536  0.0000000000  0.0000000000
-393.9557187602  3.1415926536  3.1415926536  0.0000000000  0.0000000000
-392.6990816987  3.1415926536  3.1415926536  0.0000000000  0.0000000000
-391.4424446373  3.1415926536  3.1415926536  0.0000000000  0.0000000000
-390.1858075759  3.1415926536  3.1415926536  0.0000000000  0.0000000000
-388.9291705144  3.1415926536  3.1415926536  0.0000000000  0.0000000000
-387.6725334530  3.1415926536  3.1415926536  0.0000000000  0.0000000000
-386.4158963915  3.1415926536  3.1415926536  0.0000000000  0.0000000000
-385.1592593301  3.1415926536  3.1415926536  0.0000000000  0.0000000000
-383.9026222687  3.1415926536  3.1415926536  0.0000000000  0.0000000000
-382.6459852072  3.1415926536  3.1415926536  0.0000000000  0.0000000000
-381.3893481458  3.1415926536  3.1415926536  0.0000000000  0.0000000000
-380.1327110844  3.1415926536  3.1415926536  0.0000000000  0.0000000000
-378.8760740229  3.1415926536  3.1415926536  0.0000000000  0.0000000000
-377.6194369615  3.1415926536  3.1415926536  0.0000000000  0.0000000000
-376.3627999001  3.1415926536  3.1415926536  0.0000000000  0.0000000000
-375.1061628386  3.1415926536  3.1415926536  0.0000000000  0.0000000000
-373.8495257772  3.1415926536  3.1415926536  0.0000000000  0.0000000000
-372.5928887157  3.1415926536  3.1415926536  0.0000000000  0.0000000000
-371.3362516543  3.1415926536  3.1415926536  0.0000000000  0.0000000000
-370.0796145929  3.1415926536  3.1415926536  0.0000000000  0.0000000000
-368.8229775314  3.1415926536  3.1415926536  0.0000000000  0.0000000000
-367.5663404700  3.1415926536  3.1415926536  0.0000000000  0.0000000000
-366.3097034086  3.1415926536  3.1415926536  0.0000000000  0.0000000000
-365.0530663471  3.1415926536  3.1415926536  0.0000000000  0.0000000000
-363.7964292857  3.1415926536  3.1415926536  0.0000000000  0.0000000000
-362.5397922243  3.1415926536  3.1415926536  0.0000000000  0.0000000000
-361.2831551628  3.1415926536  3.1415926536  0.0000000000  0.0000000000
-360.0265181014  3.1415926536  3.1415926536  0.0000000000  0.0000000000
-358.7698810400  3.1415926536  3.1415926536  0.0000000000  0.0000000000
-357.5132439785  3.1415926536  3.1415926536  0.0000000000  0.0000000000
-356.2566069171  3.1415926536  3.1415926536  0.0000000000  0.0000000000
-354.9999698556  3.1415926536  3.1415926536  0.0000000000  0.0000000000
-353.7433327942  3.1415926536  3.1415926536  0.0000000000  0.0000000000
-352.4866957328  3.1415926536  3.1415926536  0.0000000000  0.0000000000
-351.2300586713  3.1415926536  3.1415926536  0.0000000000  0.0000000000
-349.9734216099  3.1415926536  3.1415926536  0.0000000000  0.0000000000
-348.7167845485  3.1415926536  3.1415926536  0.0000000000  0.0000000000
-347.4601474870  3.1415926536  3.1415926536  0.0000000000  0.0000000000
-346.2035104256  3.1415926536  3.1415926536  0.0000000000  0.0000000000
-344.9468733642  3.1415926536  3.1415926536  0.0000000000  0.0000000000
-343.6902363027  3.1415926536  3.1415926536  0.0000000000  0.0000000000
-342.4335992413  3.1415926536  3.1415926536  0.0000000000  0.0000000000
-341.1769621799  3.1415926536  3.1415926536  0.0000000000  0.0000000000
-339.9203251184  3.1415926536  3.1415926536  0.0000000000  0.0000000000
-338.6636880570  3.1415926536  3.1415926536  0.0000000000  0.0000000000
-337.4070509955  3.1415926536  3.1415926536  0.0000000000  0.0000000000
-336.1504139341  3.1415926536  3.1415926536  0.0000000000  0.0000000000
-334.8937768727  3.1415926536  3.1415926536  0.0000000000  0.0000000000
-333.6371398112  3.1415926536  3.1415926536  0.0000000000  0.0000000000
-332.3805027498  3.1415926536  3.1415926536  0.0000000000  0.0000000000
-331.1238656884  3.1415926536  3.1415926536  0.0000000000  0.0000000000
-329.8672286269  3.1415926536  3.1415926536  0.0000000000  0.0000000000
-328.6105915655  3.1415926536  3.1415926536  0.0000000000  0.0000000000
-327.3539545041  3.1415926536  3.1415926536  0.0000000000  0.0000000000
-326.0973174426  3.1415926536  3.1415926536  0.0000000000  0.0000000000
-324.8406803812  3.1415926536  3.1415926536  0.0000000000  0.0000000000
-323.5840433197  3.1415926536  3.1415926536  0.0000000000  0.0000000000
-322.3274062583  3.1415926536  3.1415926536  0.0000000000  0.0000000000
-321.0707691969  3.1415926536  3.1415926536  0.0000000000  0.0000000000
-319.8141321354  3.1415926536  3.1415926536  0.0000000000  0.0000000000
-318.5574950740  3.1415926536  3.1415926536  0.0000000000  0.0000000000
-317.3008580126  3.1415926536  3.1415926536  0.0000000000  0.0000000000
-316.0442209511  3.1415926536  3.1415926536  0.0000000000  0.0000000000
-314.7875838897  3.1415926536  3.1415926536  0.0000000000  0.0000000000
-313.5309468283  3.1415926536  3.1415926536  0.0000000000  0.0000000000
-312.2743097668  3.1415926536  3.1415926536  0.0000000000  0.0000000000
-311.0176727054  3.1415926536  3.1415926536  0.0000000000  0.0000000000
-309.7610356440  3.1415926536  3.1415926536  0.0000000000  0.0000000000
-308.5043985825  3.1415926536  3.1415926536  0.0000000000  0.0000000000
-307.2477615211  3.1415926536  3.1415926536  0.0000000000  0.0000000000
-305.9911244596  3.1415926536  3.1415926536  0.0000000000  0.0000000000
-304.7344873982  3.1415926536  3.1415926536  0.0000000000  0.0000000000
-303.4778503368  3.1415926536  3.1415926536  0.0000000000  0.0000000000
-302.2212132753  3.1415926536  3.1415926536  0.0000000000  0.0000000000
-300.9645762139  3.1415926536  3.1415926536  0.0000000000  0.0000000000
-299.7079391525  3.1415926536  3.1415926536  0.0000000000  0.0000000000
-298.4513020910  3.1415926536  3.1415926536  0.0000000000  0.0000000000
-297.1946650296  3.1415926536  3.1415926536  0.0000000000  0.0000000000
-295.9380279682  3.1415926536  3.1415926536  0.0000000000  0.0000000000
-294.6813909067  3.1415926536  3.1415926536  0.0000000000  0.0000000000
-293.4247538453  3.1415926536  3.1415926536  0.0000000000  0.0000000000
-292.1681167839  3.1415926536  3.1415926536  0.0000000000  0.0000000000
-290.9114797224  3.1415926536  3.1415926536  0.0000000000  0.0000000000
-289.6548426610  3.1415926536  3.1415926536  0.0000000000  0.0000000000
-288.3982055995  3.1415926536  3.1415926536  0.0000000000  0.0000000000
-287.1415685381  3.1415926536  3.1415926536  0.0000000000  0.0000000000
-285.8849314767  3.1415926536  3.1415926536  0.0000000000  0.0000000000
-284.6282944152  3.1415926536  3.1415926536  0.0000000000  0.0000000000
-283.3716573538  3.1415926536  3.1415926536  0.0000000000  0.0000000000
-282.1150202924  3.1415926536  3.1415926536  0.0000000000  0.0000000000
-280.8583832309  3.1415926536  3.1415926536  0.0000000000  0.0000000000
-279.6017461695  3.1415926536  3.1415926536  0.0000000000  0.0000000000
-278.3451091081  3.1415926536  3.1415926536  0.0000000000  0.0000000000
-277.0884720466  3.1415926536  3.1415926536  0.0000000000  0.0000000000
-275.8318349852  3.1415926536  3.1415926536  0.0000000000  0.0000000000
-274.5751979237  3.1415926536  3.1415926536  0.0000000000  0.0000000000
-273.3185608623  3.1415926536  3.1415926536  0.0000000000  0.0000000000
-272.0619238009  3.1415926536  3.1415926536  0.0000000000  0.0000000000
-270.8052867394  3.1415926536  3.1415926536  0.0000000000  0.0000000000
-269.5486496780  3.1415926536  3.1415926536  0.0000000000  0.0000000000
-268.2920126166  3.1415926536  3.1415926536  0.0000000000  0.0000000000
-267.0353755551  3.1415926536  3.1415926536  0.0000000000  0.0000000000
-265.7787384937  3.1415926536  3.1415926536  0.0000000000  0.0000000000
-264.5221014323  3.1415926536  3.1415926536  0.0000000000  0.0000000000
-263.2654643708  3.1415926536  3.1415926536  0.0000000000  0.0000000000
-262.0088273094  3.1415926536  3.1415926536  0.0000000000  0.0000000000
-260.7521902480  3.1415926536  3.1415926536  0.0000000000  0.0000000000
-259.4955531865  3.1415926536  3.1415926536  0.0000000000  0.0000000000
-258.2389161251  3.1415926536  3.1415926536  0.0000000000  0.0000000000
-256.9822790636  3.1415926536  3.1415926536  0.0000000000  0.0000000000
-255.7256420022  3.1415926536  3.1415926536  0.0000000000  0.0000000000
-254.4690049408  3.1415926536  3.1415926536  0.0000000000  0.0000000000
-253.2123678793  3.1415926536  3.1415926536  0.0000000000  0.0000000000
-251.9557308179  3.1415926536  3.1415926536  0.0000000000  0.0000000000
-250.6990937565  3.1415926536  3.1415926536  0.0000000000  0.0000000000
-249.4424566950  3.1415926536  3.1415926536  0.0000000000  0.0000000000
-248.1858196336  3.1415926536  3.1415926536  0.0000000000  0.0000000000
-246.9291825722  3.1415926536  3.1415926536  0.0000000000  0.0000000000
-245.6725455107  3.1415926536  3.1415926536  0.0000000000  0.0000000000
-244.4159084493  3.1415926536  3.1415926536  0.0000000000  0.0000000000
-243.1592713878  3.1415926536  3.1415926536  0.0000000000  0.0000000000
-241.9026343264  3.1415926536  3.1415926536  0.0000000000  0.0000000000
-240.6459972650  3.1415926536  3.1415926536  0.0000000000  0.0000000000
-239.3893602035  3.1415926536  3.1415926536  0.0000000000  0.0000000000
-238.1327231421  3.1415926536  3.1415926536  0.0000000000  0.0000000000
-236.8760860807  3.1415926536  3.1415926536  0.0000000000  0.0000000000
-235.6194490192  3.1415926536  3.1415926536  0.0000000000  0.0000000000
-234.3628119578  3.1415926536  3.1415926536  0.0000000000  0.0000000000
-233.1061748964  3.1415926536  3.1415926536  0.0000000000  0.0000000000
-231.8495378349  3.1415926536  3.1415926536  0.0000000000  0.0000000000
-230.5929007735  3.1415926536  3.1415926536  0.0000000000  0.0000000000
-229.3362637121  3.1415926536  3.1415926536  0.0000000000  0.0000000000
-228.0796266506  3.1415926536  3.1415926536  0.0000000000  0.0000000000
-226.8229895892  3.1415926536  3.1415926536  0.0000000000  0.0000000000
-225.5663525277  3.1415926536  3.1415926536  0.0000000000  0.0000000000
-224.3097154663  3.1415926536  3.1415926536  0.0000000000  0.0000000000
-223.0530784049  3.1415926536  3.1415926536  0.0000000000  0.0000000000
-221.7964413434  3.1415926536  3.1415926536  0.0000000000  0.0000000000
-220.5398042820  3.1415926536  3.1415926536  0.0000000000  0.0000000000
-219.2831672206  3.1415926536  3.1415926536  0.0000000000  0.0000000000
-218.0265301591  3.1415926536  3.1415926536  0.0000000000  0.0000000000
-216.7698930977  3.1415926536  3.1415926536  0.0000000000  0.0000000000
-215.5132560363  3.1415926536  3.1415926536  0.0000000000  0.0000000000
-214.2566189748  3.1415926536  3.1415926536  0.0000000000  0.0000000000
-212.9999819134  3.1415926536  3.1415926536  0.0000000000  0.0000000000
-211.7433448520  3.1415926536  3.1415926536  0.0000000000  0.0000000000
-210.4867077905  3.1415926536  3.1415926536  0.0000000000  0.0000000000
-209.2300707291  3.1415926536  3.1415926536  0.0000000000  0.0000000000
-207.9734336676  3.1415926536  3.1415926536  0.0000000000  0.0000000000
-206.7167966062  3.1415926536  3.1415926536  0.0000000000  0.0000000000
-205.4601595448  3.1415926536  3.1415926536  0.0000000000  0.0000000000
-204.2035224833  3.1415926536  3.1415926536  0.0000000000  0.0000000000
-202.9468854219  3.1415926536  3.1415926536  0.0000000000  0.0000000000
-201.6902483605  3.1415926536  3.1415926536  0.0000000000  0.0000000000
-200.4336112990  3.1415926536  3.1415926536  0.0000000000  0.0000000000
-199.1769742376  3.1415926536  3.1415926536  0.0000000000  0.0000000000
-197.9203371762  3.1415926536  3.1415926536  0.0000000000  0.0000000000
-196.6637001147  3.1415926536  3.1415926536  0.0000000000  0.0000000000
-195.4070630533  3.1415926536  3.1415926536  0.0000000000  0.0000000000
-194.1504259918  3.1415926536  3.1415926536  0.0000000000  0.0000000000
-192.8937889304  3.1415926536  3.1415926536  0.0000000000  0.0000000000
-191.6371518690  3.1415926536  3.1415926536  0.0000000000  0.0000000000
-190.3805148075  3.1415926536  3.1415926536  0.0000000000  0.0000000000
-189.1238777461  3.1415926536  3.1415926536  0.0000000000  0.0000000000
-187.8672406847  3.1415926536  3.1415926536  0.0000000000  0.0000000000
-186.6106036232  3.1415926536  3.1415926536  0.0000000000  0.0000000000
-185.3539665618  3.1415926536  3.1415926536  0.0000000000  0.0000000000
-184.0973295004  3.1415926536  3.1415926536  0.0000000000  0.0000000000
-182.8406924389  3.1415926536  3.1415926536  0.0000000000  0.0000000000
-181.5840553775  3.1415926536  3.1415926536  0.0000000000  0.0000000000
-180.3274183161  3.1415926536  3.1415926536  0.0000000000  0.0000000000
-179.0707812546  3.1415926536  3.1415926536  0.0000000000  0.0000000000
-177.8141441932  3.1415926536  3.1415926536  0.0000000000  0.0000000000
-176.5575071317  3.1415926536  3.1415926536  0.0000000000  0.0000000000
-175.3008700703  3.1415926536  3.1415926536  0.0000000000  0.0000000000
-174.0442330089  3.1415926536  3.1415926536  0.0000000000  0.0000000000
-172.7875959474  3.1415926536  3.1415926536  0.0000000000  0.0000000000
-171.5309588860  3.1415926536  3.1415926536  0.0000000000  0.0000000000
-170.2743218246  3.1415926536  3.1415926536  0.0000000000  0.0000000000
-169.0176847631  3.1415926536  3.1415926536  0.0000000000  0.0000000000
-167.7610477017  3.1415926536  3.1415926536  0.0000000000  0.0000000000
-166.5044106403  3.1415926536  3.1415926536  0.0000000000  0.0000000000
-165.2477735788  3.1415926536  3.1415926536  0.0000000000  0.0000000000
-163.9911365174  3.1415926536  3.1415926536  0.0000000000  0.0000000000
-162.7344994560  3.1415926536  3.1415926536  0.0000000000  0.0000000000
-161.4778623945  3.1415926536  3.1415926536  0.0000000000  0.0000000000
-160.2212253331  3.1415926536  3.1415926536  0.0000000000  0.0000000000
-158.9645882716  3.1415926536  3.1415926536  0.0000000000  0.0000000000
-157.7079512102  3.1415926536  3.1415926536  0.0000000000  0.0000000000
-156.4513141488  3.1415926536  3.1415926536  0.0000000000  0.0000000000
-155.1946770873  3.1415926536  3.1415926536  0.0000000000  0.0000000000
-153.9380400259  3.1415926536  3.1415926536  0.0000000000  0.0000000000
-152.6814029645  3.1415926536  3.1415926536  0.0000000000  0.0000000000
-151.4247659030  3.1415926536  3.1415926536  0.0000000000  0.0000000000
-150.1681288416  3.1415926536  3.1415926536  0.0000000000  0.0000000000
-148.9114917802  3.1415926536  3.1415926536  0.0000000000  0.0000000000
-147.6548547187  3.1415926536  3.1415926536  0.0000000000  0.0000000000
-146.3982176573  3.1415926536  3.1415926536  0.0000000000  0.0000000000
-145.1415805958  3.1415926536  3.1415926536  0.0000000000  0.0000000000
-143.8849435344  3.1415926536  3.1415926536  0.0000000000  0.0000000000
-142.6283064730  3.1415926536  3.1415926536  0.0000000000  0.0000000000
-141.3716694115  3.1415926536  3.1415926536  0.0000000000  0.0000000000
-140.1150323501  3.1415926536  3.1415926536  0.0000000000  0.0000000000
-138.8583952887  3.1415926536  3.1415926536  0.0000000000  0.0000000000
-137.6017582272  3.1415926536  3.1415926536  0.0000000000  0.0000000000
-136.3451211658  3.1415926536  3.1415926536  0.0000000000  0.0000000000
-135.0884841044  3.1415926536  3.1415926536  0.0000000000  0.0000000000
-133.8318470429  3.1415926536  3.1415926536  0.0000000000  0.0000000000
-132.5752099815  3.1415926536  3.1415926536  0.0000000000  0.0000000000
-131.3185729201  3.1415926536  3.1415926536  0.0000000000  0.0000000000
-130.0619358586  3.1415926536  3.1415926536  0.0000000000  0.0000000000
-128.8052987972  3.1415926536  3.1415926536  0.0000000000  0.0000000000
-127.5486617357  3.1415926536  3.1415926536  0.0000000000  0.0000000000
-126.2920246743  3.1415926536  3.1415926536  0.0000000000  0.0000000000
-125.0353876129  3.1415926536  3.1415926536  0.0000000000  0.0000000000
-123.7787505514  3.1415926536  3.1415926536  0.0000000000  0.0000000000
-122.5221134900  3.1415926536  3.1415926536  0.0000000000  0.0000000000
-121.2654764286  3.1415926536  3.1415926536  0.0000000000  0.0000000000
-120.0088393671  3.1415926536  3.1415926536  0.0000000000  0.0000000000
-118.7522023057  3.1415926536  3.1415926536  0.0000000000  0.0000000000
-117.4955652443  3.1415926536  3.1415926536  0.0000000000  0.0000000000
-116.2389281828  3.1415926536  3.1415926536  0.0000000000  0.0000000000
-114.9822911214  3.1415926536  3.1415926536  0.0000000000  0.0000000000
-113.7256540600  3.1415926536  3.1415926536  0.0000000000  0.0000000000
-112.4690169985  3.1415926536  3.1415926536  0.0000000000  0.0000000000
-111.2123799371  3.1415926536  3.1415926536  0.0000000000  0.0000000000
-109.9557428756  3.1415926536  3.1415926536  0.0000000000  0.0000000000
-108.6991058142  3.1415926536  3.1415926536  0.0000000000  0.0000000000
-107.4424687528  3.1415926536  3.1415926536  0.0000000000  0.0000000000
-106.1858316913  3.1415926536  3.1415926536  0.0000000000  0.0000000000
-104.9291946299  3.1415926536  3.1415926536  0.0000000000  0.0000000000
-103.6725575685  3.1415926536  3.1415926536  0.0000000000  0.0000000000
-102.4159205070  3.1415926536  3.1415926536  0.0000000000  0.0000000000
-101.1592834456  3.1415926536  3.1415926536  0.0000000000  0.0000000000
-99.9026463842  3.1415926536  3.1415926536  0.0000000000  0.0000000000
-98.6460093227  3.1415926536  3.1415926536  0.0000000000  0.0000000000
-97.3893722613  3.1415926536  3.1415926536  0.0000000000  0.0000000000
-96.1327351998  3.1415926536  3.1415926536  0.0000000000  0.0000000000
-94.8760981384  3.1415926536  3.1415926536  0.0000000000  0.0000000000
-93.6194610770  3.1415926536  3.1415926536  0.0000000000  0.0000000000
-92.3628240155  3.1415926536  3.1415926536  0.0000000000  0.0000000000
-91.1061869541  3.1415926536  3.1415926536  0.0000000000  0.0000000000
-89.8495498927  3.1415926536  3.1415926536  0.0000000000  0.0000000000
-88.5929128312  3.1415926536  3.1415926536  0.0000000000  0.0000000000
-87.3362757698  3.1415926536  3.1415926536  0.0000000000  0.0000000000
-86.0796387084  3.1415926536  3.1415926536  0.0000000000  0.0000000000
-84.8230016469  3.1415926536  3.1415926536  0.0000000000  0.0000000000
-83.5663645855  3.1415926536  3.1415926536  0.0000000000  0.0000000000
-82.3097275241  3.1415926536  3.1415926536  0.0000000000  0.0000000000
-81.0530904626  3.1415926536  3.1415926536  0.0000000000  0.0000000000
-79.7964534012  3.1415926536  3.1415926536  0.0000000000  0.0000000000
-78.5398163397  3.1415926536  3.1415926536  0.0000000000  0.0000000000
-77.2831792783  3.1415926536  3.1415926536  0.0000000000  0.0000000000
-76.0265422169  3.1415926536  3.1415926536  0.0000000000  0.0000000000
-74.7699051554  3.1415926536  3.1415926536  0.0000000000  0.0000000000
-73.5132680940  3.1415926536  3.1415926536  0.0000000000  0.0000000000
-72.2566310326  3.1415926536  3.1415926536  0.0000000000  0.0000000000
-70.9999939711  3.1415926536  3.1415926536  0.0000000000  0.0000000000
-69.7433569097  3.1415926536  3.1415926536  0.0000000000  0.0000000000
-68.4867198483  3.1415926536  3.1415926536  0.0000000000  0.0000000000
-67.2300827868  3.1415926536  3.1415926536  0.0000000000  0.0000000000
-65.9734457254  3.1415926536  3.1415926536  0.0000000000  0.0000000000
-64.7168086639  3.1415926536  3.1415926536  0.0000000000  0.0000000000
-63.4601716025  3.1415926536  3.1415926536  0.0000000000  0.0000000000
-62.2035345411  3.1415926536  3.1415926536  0.0000000000  0.0000000000
-60.9468974796  3.1415926536  3.1415926536  0.0000000000  0.0000000000
-59.6902604182  3.1415926536  3.1415926536  0.0000000000  0.0000000000
-58.4336233568  3.1415926536  3.1415926536  0.0000000000  0.0000000000
-57.1769862953  3.1415926536  3.1415926536  0.0000000000  0.0000000000
-55.9203492339  3.1415926536  3.1415926536  0.0000000000  0.0000000000
-54.6637121725  3.1415926536  3.1415926536  0.0000000000  0.0000000000
-53.4070751110  3.1415926536  3.1415926536  0.0000000000  0.0000000000
-52.1504380496  3.1415926536  3.1415926536  0.0000000000  0.0000000000
-50.8938009882  3.1415926536  3.1415926536  0.0000000000  0.0000000000
-49.6371639267  3.1415926536  3.1415926536  0.0000000000  0.0000000000
-48.3805268653  3.1415926536  3.1415926536  0.0000000000  0.0000000000
-47.1238898038  3.1415926536  3.1415926536  0.0000000000  0.0000000000
-45.8672527424  3.1415926536  3.1415926536  0.0000000000  0.0000000000
-44.6106156810  3.1415926536  3.1415926536  0.0000000000  0.0000000000
-43.3539786195  3.1415926536  3.1415926536  0.0000000000  0.0000000000
-42.0973415581  3.1415926536  3.1415926536  0.0000000000  0.0000000000
-40.8407044967  3.1415926536  3.1415926536  0.0000000000  0.0000000000
-39.5840674352  3.1415926536  3.1415926536  0.0000000000  0.0000000000
-38.3274303738  3.1415926536  3.1415926536  0.0000000000  0.0000000000
-37.0707933124  3.1415926536  3.1415926536  0.0000000000  0.0000000000
-35.8141562509  3.1415926536  3.1415926536  0.0000000000  0.0000000000
-34.5575191895  3.1415926536  3.1415926536  0.0000000000  0.0000000000
-33.3008821281  3.1415926536  3.1415926536  0.0000000000  0.0000000000
-32.0442450666  3.1415926536  3.1415926536  0.0000000000  0.0000000000
-30.7876080052  3.1415926536  3.1415926536  0.0000000000  0.0000000000
-29.5309709437  3.1415926536  3.1415926536  0.0000000000  0.0000000000
-28.2743338823  3.1415926536  3.1415926536  0.0000000000  0.0000000000
-27.0176968209  3.1415926536  3.1415926536  0.0000000000  0.0000000000
-25.7610597594  3.1415926536  3.1415926536  0.0000000000  0.0000000000
-24.5044226980  3.1415926536  3.1415926536  0.0000000000  0.0000000000
-23.2477856366  3.1415926536  3.1415926536  0.0000000000  0.0000000000
-21.9911485751  3.1415926536  3.1415926536  0.0000000000  0.0000000000
-20.7345115137  3.1415926536  3.1415926536  0.0000000000  0.0000000000
-19.4778744523  3.1415926536  3.1415926536  0.0000000000  0.0000000000
-18.2212373908  3.1415926536  3.1415926536  0.0000000000  0.0000000000
-16.9646003294  3.1415926536  3.1415926536  0.0000000000  0.0000000000
-15.7079632679  3.1415926536  3.1415926536  0.0000000000  0.0000000000
-14.4513262065  3.1415926536  3.1415926536  0.0000000000  0.0000000000
-13.1946891451  3.1415926536  3.1415926536  0.0000000000  0.0000000000
-11.9380520836  3.1415926536  3.1415926536  0.0000000000  0.0000000000
-10.6814150222  3.1415926536  3.1415926536  0.0000000000  0.0000000000
-9.4247779608  3.1415926536  3.1415926536  0.0000000000  0.0000000000
-8.1681408993  3.1415926536  3.1415926536  0.0000000000  0.0000000000
-6.9115038379  3.1415926536  3.1415926536  0.0000000000  0.0000000000
-5.6548667765  3.1415926536  3.1415926536  0.0000000000  0.0000000000
-4.3982297150  3.1415926536  3.1415926536  0.0000000000  0.0000000000
-3.1415926536  3.1415926536  3.1415926536  0.0000000000  0.0000000000
-1.8849555922  3.1415926536  3.1415926536  0.0000000000  -0.0000001568
-0.6283185307  3.1415926536  3.1415926536  -0.0000005067  0.0000000000
0.6283185307  3.1415926536  3.1415926536  -0.3885356996  -0.1262204548
1.8849555922  3.1415926536  3.1415926536  -0.2425316698  -0.2021661820
3.1415926536  3.1415926536  3.1415926536  -0.1471041128  -0.1943810070
4.3982297150  3.1415926536  3.1415926536  -0.0939078277  -0.1695886127
5.6548667765  3.1415926536  3.1415926536  -0.0637174316  -0.1459113850
6.9115038379  3.1415926536  3.1415926536  -0.0455605626  -0.1264208247
8.1681408993  3.1415926536  3.1415926536  -0.0339878581  -0.1108224581
9.4247779608  3.1415926536  3.1415926536  -0.0262320974  -0.0983056914
10.6814150222  3.1415926536  3.1415926536  -0.0208116907  -0.0881440106
11.9380520836  3.1415926536  3.1415926536  -0.0168887452  -0.0797796404
13.1946891451  3.1415926536  3.1415926536  -0.0139652411  -0.0728003676
14.4513262065  3.1415926536  3.1415926536  -0.0117319850  -0.0669028650
15.7079632679  3.1415926536  3.1415926536  -0.0099896140  -0.0618621845
16.9646003294  3.1415926536  3.1415926536  -0.0086052890  -0.0575094480
18.2212373908  3.1415926536  3.1415926536  -0.0074879246  -0.0537161331
19.4778744523  3.1415926536  3.1415926536  -0.0065734770  -0.0503830856
20.7345115137  3.1415926536  3.1415926536  -0.0058159072  -0.0474328001
21.9911485751  3.1415926536  3.1415926536  -0.0051814632  -0.0448039438
23.2477856366  3.1415926536  3.1415926536  -0.0046449628  -0.0424474228
24.5044226980  3.1415926536  3.1415926536  -0.0041873207  -0.0403235223
25.7610597594  3.1415926536  3.1415926536  -0.0037938656  -0.0383997990
27.0176968209  3.1415926536  3.1415926536  -0.0034531742  -0.0366495099
28.2743338823  3.1415926536  3.1415926536  -0.0031562475  -0.0350504263
29.5309709437  3.1415926536  3.1415926536  -0.0028959206  -0.0335839289
30.7876080052  3.1415926536  3.1415926536  -0.0026664330  -0.0322343103
32.0442450666  3.1415926536  3.1415926536  -0.0024631116  -0.0309882318
33.3008821281  3.1415926536  3.1415926536  -0.0022821341  -0.0298342960
34.5575191895  3.1415926536  3.1415926536  -0.0021203496  -0.0287627087
35.8141562509  3.1415926536  3.1415926536  -0.0019751428  -0.0277650081
37.0707933124  3.1415926536  3.1415926536  -0.0018443281  -0.0268338472
38.3274303738  3.1415926536  3.1415926536  -0.0017260681  -0.0259628167
39.5840674352  3.1415926536  3.1415926536  -0.0016188088  -0.0251463011
40.8407044967  3.1415926536  3.1415926536  -0.0015212292  -0.0243793600
42.0973415581  3.1415926536  3.1415926536  -0.0014322005  -0.0236576297
43.3539786195  3.1415926536  3.1415926536  -0.0013507533  -0.0229772424
44.6106156810  3.1415926536  3.1415926536  -0.0012760518  -0.0223347573
45.8672527424  3.1415926536  3.1415926536  -0.0012073722  -0.0217271039
47.1238898038  3.1415926536  3.1415926536  -0.0011440849  -0.0211515337
48.3805268653  3.1415926536  3.1415926536  -0.0010856405  -0.0206055788
49.6371639267  3.1415926536  3.1415926536  -0.0010315577  -0.0200870175
50.8938009882  3.1415926536  3.1415926536  -0.0009814136  -0.0195938442
52.1504380496  3.1415926536  3.1415926536  -0.0009348352  -0.0191242440
53.4070751110  3.1415926536  3.1415926536  -0.0008914925  -0.0186765705
54.6637121725  3.1415926536  3.1415926536  -0.0008510930  -0.0182493265
55.9203492339  3.1415926536  3.1415926536  -0.0008133763  -0.0178411482
57.1769862953  3.1415926536  3.1415926536  -0.0007781102  -0.0174507899
58.4336233568  3.1415926536  3.1415926536  -0.0007450871  -0.0170771120
59.6902604182  3.1415926536  3.1415926536  -0.0007141209  -0.0167190700
60.9468974796  3.1415926536  3.1415926536  -0.0006850443  -0.0163757044
62.2035345411  3.1415926536  3.1415926536  -0.0006577068  -0.0160461327
63.4601716025  3.1415926536  3.1415926536  -0.0006319726  -0.0157295415
64.7168086639  3.1415926536  3.1415926536  -0.0006077187  -0.0154251800
65.9734457254  3.1415926536  3.1415926536  -0.0005848338  -0.0151323542
67.2300827868  3.1415926536  3.1415926536  -0.0005632169  -0.0148504215
68.4867198483  3.1415926536  3.1415926536  -0.0005427760  -0.0145787861
69.7433569097  3.1415926536  3.1415926536  -0.0005234274  -0.0143168948
70.9999939711  3.1415926536  3.1415926536  -0.0005050947  -0.0140642334
72.2566310326  3.1415926536  3.1415926536  -0.0004877080  -0.0138203229
73.5132680940  3.1415926536  3.1415926536  -0.0004712034  -0.0135847170
74.7699051554  3.1415926536  3.1415926536  -0.0004555222  -0.0133569994
76.0265422169  3.1415926536  3.1415926536  -0.0004406106  -0.0131367808
77.2831792783  3.1415926536  3.1415926536  -0.0004264191  -0.0129236973
78.5398163397  3.1415926536  3.1415926536  -0.0004129020  -0.0127174080
79.7964534012  3.1415926536  3.1415926536  -0.0004000173  -0.0125175935
81.0530904626  3.1415926536  3.1415926536  -0.0003877262  -0.0123239540
82.3097275241  3.1415926536  3.1415926536  -0.0003759928  -0.0121362078
83.5663645855  3.1415926536  3.1415926536  -0.0003647838  -0.0119540902
84.8230016469  3.1415926536  3.1415926536  -0.0003540685  -0.0117773522
86.0796387084  3.1415926536  3.1415926536  -0.0003438183  -0.0116057590
87.3362757698  3.1415926536  3.1415926536  -0.0003340067  -0.0114390895
88.5929128312  3.1415926536  3.1415926536  -0.0003246090  -0.0112771349
89.8495498927  3.1415926536  3.1415926536  -0.0003156024  -0.0111196981
91.1061869541  3.1415926536  3.1415926536  -0.0003069653  -0.0109665928
92.3628240155  3.1415926536  3.1415926536  -0.0002986778  -0.0108176429
93.6194610770  3.1415926536  3.1415926536  -0.0002907214  -0.0106726816
94.8760981384  3.1415926536  3.1415926536  -0.0002830786  -0.0105315509
96.1327351998  3.1415926536  3.1415926536  -0.0002757333  -0.0103941011
97.3893722613  3.1415926536  3.1415926536  -0.0002686700  -0.0102601901
98.6460093227  3.1415926536  3.1415926536  -0.0002618747  -0.0101296832
99.9026463842  3.1415926536  3.1415926536  -0.0002553338  -0.0100024522
101.1592834456  3.1415926536  3.1415926536  -0.0002490350  -0.0098783754
102.4159205070  3.1415926536  3.1415926536  -0.0002429663  -0.0097573370
103.6725575685  3.1415926536  3.1415926536  -0.0002371167  -0.0096392269
104.9291946299  3.1415926536  3.1415926536  -0.0002314758  -0.0095239401
106.1858316913  3.1415926536  3.1415926536  -0.0002260337  -0.0094113767
107.4424687528  3.1415926536  3.1415926536  -0.0002207813  -0.0093014413
108.6991058142  3.1415926536  3.1415926536  -0.0002157099  -0.0091940430
109.9557428756  3.1415926536  3.1415926536  -0.0002108111  -0.0090890951
111.2123799371  3.1415926536  3.1415926536  -0.0002060773  -0.0089865146
112.4690169985  3.1415926536  3.1415926536  -0.0002015012  -0.0088862225
113.7256540600  3.1415926536  3.1415926536  -0.0001970758  -0.0087881430
114.9822911214  3.1415926536  3.1415926536  -0.0001927945  -0.0086922037
116.2389281828  3.1415926536  3.1415926536  -0.0001886512  -0.0085983354
117.4955652443  3.1415926536  3.1415926536  -0.0001846401  -0.0085064718
118.7522023057  3.1415926536  3.1415926536  -0.0001807555  -0.0084165494
120.0088393671  3.1415926536  3.1415926536  -0.0001769922  -0.0083285073
121.2654764286  3.1415926536  3.1415926536  -0.0001733451  -0.0082422871
122.5221134900  3.1415926536  3.1415926536  -0.0001698097  -0.0081578330
123.7787505514  3.1415926536  3.1415926536  -0.0001663813  -0.0080750912
125.0353876129  3.1415926536  3.1415926536  -0.0001630556  -0.0079940102
126.2920246743  3.1415926536  3.1415926536  -0.0001598287  -0.0079145406
127.5486617357  3.1415926536  3.1415926536  -0.0001566966  -0.0078366348
128.8052987972  3.1415926536  3.1415926536  -0.0001536557  -0.0077602470
130.0619358586  3.1415926536  3.1415926536  -0.0001507024  -0.0076853334
131.3185729201  3.1415926536  3.1415926536  -0.0001478334  -0.0076118518
132.5752099815  3.1415926536  3.1415926536  -0.0001450456  -0.0075397614
133.8318470429  3.1415926536  3.1415926536  -0.0001423359  -0.0074690232
135.0884841044  3.1415926536  3.1415926536  -0.0001397014  -0.0073995994
136.3451211658  3.1415926536  3.1415926536  -0.0001371393  -0.0073314538
137.6017582272  3.1415926536  3.1415926536  -0.0001346471  -0.0072645515
138.8583952887  3.1415926536  3.1415926536  -0.0001322222  -0.0071988587
140.1150323501  3.1415926536  3.1415926536  -0.0001298623  -0.0071343429
141.3716694115  3.1415926536  3.1415926536  -0.0001275649  -0.0070709728
142.6283064730  3.1415926536  3.1415926536  -0.0001253280  -0.0070087181
143.8849435344  3.1415926536  3.1415926536  -0.0001231493  -0.0069475497
145.1415805958  3.1415926536  3.1415926536  -0.0001210270  -0.0068874394
146.3982176573  3.1415926536  3.1415926536  -0.0001189591  -0.0068283600
147.6548547187  3.1415926536  3.1415926536  -0.0001169437  -0.0067702851
148.9114917802  3.1415926536  3.1415926536  -0.0001149791  -0.0067131895
150.1681288416  3.1415926536  3.1415926536  -0.0001130636  -0.0066570485
151.4247659030  3.1415926536  3.1415926536  -0.0001111956  -0.0066018384
152.6814029645  3.1415926536  3.1415926536  -0.0001093734  -0.0065475363
153.9380400259  3.1415926536  3.1415926536  -0.0001075957  -0.0064941199
155.1946770873  3.1415926536  3.1415926536  -0.0001058610  -0.0064415677
156.4513141488  3.1415926536  3.1415926536  -0.0001041679  -0.0063898590
157.7079512102  3.1415926536  3.1415926536  -0.0001025150  -0.0063389737
158.9645882716  3.1415926536  3.1415926536  -0.0001009012  -0.0062888921
160.2212253331  3.1415926536  3.1415926536  -0.0000993252  -0.0062395955
161.4778623945  3.1415926536  3.1415926536  -0.0000977859  -0.0061910655
162.7344994560  3.1415926536  3.1415926536  -0.0000962820  -0.0061432843
163.9911365174  3.1415926536  3.1415926536  -0.0000948126  -0.0060962348
165.2477735788  3.1415926536  3.1415926536  -0.0000933766  -0.0060499004
166.5044106403  3.1415926536  3.1415926536  -0.0000919729  -0.0060042648
167.7610477017  3.1415926536  3.1415926536  -0.0000906006  -0.0059593123
169.0176847631  3.1415926536  3.1415926536  -0.0000892588  -0.0059150277
170.2743218246  3.1415926536  3.1415926536  -0.0000879467  -0.0058713964
171.5309588860  3.1415926536  3.1415926536  -0.0000866632  -0.0058284038
172.7875959474  3.1415926536  3.1415926536  -0.0000854076  -0.0057860361
174.0442330089  3.1415926536  3.1415926536  -0.0000841791  -0.0057442797
175.3008700703  3.1415926536  3.1415926536  -0.0000829769  -0.0057031216
176.5575071317  3.1415926536  3.1415926536  -0.0000818003  -0.0056625490
177.8141441932  3.1415926536  3.1415926536  -0.0000806486  -0.0056225494
179.0707812546  3.1415926536  3.1415926536  -0.0000795210  -0.0055831109
180.3274183161  3.1415926536  3.1415926536  -0.0000784168  -0.0055442216
181.5840553775  3.1415926536  3.1415926536  -0.0000773355  -0.0055058702
182.8406924389  3.1415926536  3.1415926536  -0.0000762765  -0.0054680457
184.0973295004  3.1415926536  3.1415926536  -0.0000752390  -0.0054307372
185.3539665618  3.1415926536  3.1415926536  -0.0000742225  -0.0053939343
186.6106036232  3.1415926536  3.1415926536  -0.0000732265  -0.0053576267
187.8672406847  3.1415926536  3.1415926536  -0.0000722505  -0.0053218045
189.1238777461  3.1415926536  3.1415926536  -0.0000712938  -0.0052864581
190.3805148075  3.1415926536  3.1415926536  -0.0000703559  -0.0052515780
191.6371518690  3.1415926536  3.1415926536  -0.0000694365  -0.0052171551
192.8937889304  3.1415926536  3.1415926536  -0.0000685350  -0.0051831804
194.1504259918  3.1415926536  3.1415926536  -0.0000676509  -0.0051496453
195.4070630533  3.1415926536  3.1415926536  -0.0000667838  -0.0051165412
196.6637001147  3.1415926536  3.1415926536  -0.0000659333  -0.0050838600
197.9203371762  3.1415926536  3.1415926536  -0.0000650989  -0.0050515935
199.1769742376  3.1415926536  3.1415926536  -0.0000642802  -0.0050197340
200.4336112990  3.1415926536  3.1415926536  -0.0000634769  -0.0049882737
201.6902483605  3.1415926536  3.1415926536  -0.0000626886  -0.0049572052
202.9468854219  3.1415926536  3.1415926536  -0.0000619148  -0.0049265213
204.2035224833  3.1415926536  3.1415926536  -0.0000611553  -0.0048962148
205.4601595448  3.1415926536  3.1415926536  -0.0000604097  -0.0048662789
206.7167966062  3.1415926536  3.1415926536  -0.0000596777  -0.0048367068
207.9734336676  3.1415926536  3.1415926536  -0.0000589588  -0.0048074918
209.2300707291  3.1415926536  3.1415926536  -0.0000582529  -0.0047786276
210.4867077905  3.1415926536  3.1415926536  -0.0000575596  -0.0047501078
211.7433448520  3.1415926536  3.1415926536  -0.0000568785  -0.0047219264
212.9999819134  3.1415926536  3.1415926536  -0.0000562095  -0.0046940774
214.2566189748  3.1415926536  3.1415926536  -0.0000555523  -0.0046665549
215.5132560363  3.1415926536  3.1415926536  -0.0000549064  -0.0046393532
216.7698930977  3.1415926536  3.1415926536  -0.0000542718  -0.0046124667
218.0265301591  3.1415926536  3.1415926536  -0.0000536481  -0.0045858901
219.2831672206  3.1415926536  3.1415926536  -0.0000530352  -0.0045596178
220.5398042820  3.1415926536  3.1415926536  -0.0000524326  -0.0045336449
221.7964413434  3.1415926536  3.1415926536  -0.0000518403  -0.0045079661
223.0530784049  3.1415926536  3.1415926536  -0.0000512579  -0.0044825766
224.3097154663  3.1415926536  3.1415926536  -0.0000506853  -0.0044574714
225.5663525277  3.1415926536  3.1415926536  -0.0000501223  -0.0044326458
226.8229895892  3.1415926536  3.1415926536  -0.0000495685  -0.0044080951
228.0796266506  3.1415926536  3.1415926536  -0.0000490240  -0.0043838149
229.3362637121  3.1415926536  3.1415926536  -0.0000484883  -0.0043598006
230.5929007735  3.1415926536  3.1415926536  -0.0000479613  -0.0043360480
231.8495378349  3.1415926536  3.1415926536  -0.0000474429  -0.0043125528
233.1061748964  3.1415926536  3.1415926536  -0.0000469329  -0.0042893107
234.3628119578  3.1415926536  3.1415926536  -0.0000464310  -0.0042663178
235.6194490192  3.1415926536  3.1415926536  -0.0000459372  -0.0042435701
236.8760860807  3.1415926536  3.1415926536  -0.0000454512  -0.0042210636
238.1327231421  3.1415926536  3.1415926536  -0.0000449728  -0.0041987946
239.3893602035  3.1415926536  3.1415926536  -0.0000445020  -0.0041767593
240.6459972650  3.1415926536  3.1415926536  -0.0000440385  -0.0041549540
241.9026343264  3.1415926536  3.1415926536  -0.0000435822  -0.0041333752
243.1592713878  3.1415926536  3.1415926536  -0.0000431330  -0.0041120194
244.4159084493  3.1415926536  3.1415926536  -0.0000426907  -0.0040908830
245.6725455107  3.1415926536  3.1415926536  -0.0000422552  -0.0040699629
246.9291825722  3.1415926536  3.1415926536  -0.0000418263  -0.0040492555
248.1858196336  3.1415926536  3.1415926536  -0.0000414038  -0.0040287578
249.4424566950  3.1415926536  3.1415926536  -0.0000409878  -0.0040084666
250.6990937565  3.1415926536  3.1415926536  -0.0000405780  -0.0039883786
251.9557308179  3.1415926536  3.1415926536  -0.0000401743  -0.0039684910
253.2123678793  3.1415926536  3.1415926536  -0.0000397766  -0.0039488008
254.4690049408  3.1415926536  3.1415926536  -0.0000393848  -0.0039293049
255.7256420022  3.1415926536  3.1415926536  -0.0000389987  -0.0039100006
256.9822790636  3.1415926536  3.1415926536  -0.0000386183  -0.0038908850
258.2389161251  3.1415926536  3.1415926536  -0.0000382434  -0.0038719554
259.4955531865  3.1415926536  3.1415926536  -0.0000378740  -0.0038532090
260.7521902480  3.1415926536  3.1415926536  -0.0000375099  -0.0038346433
262.0088273094  3.1415926536  3.1415926536  -0.0000371510  -0.0038162557
263.2654643708  3.1415926536  3.1415926536  -0.0000367972  -0.0037980435
264.5221014323  3.1415926536  3.1415926536  -0.0000364485  -0.0037800043
265.7787384937  3.1415926536  3.1415926536  -0.0000361047  -0.0037621356
267.0353755551  3.1415926536  3.1415926536  -0.0000357658  -0.0037444350
268.2920126166  3.1415926536  3.1415926536  -0.0000354315  -0.0037269002
269.5486496780  3.1415926536  3.1415926536  -0.0000351020  -0.0037095289
270.8052867394  3.1415926536  3.1415926536  -0.0000347770  -0.0036923187
272.0619238009  3.1415926536  3.1415926536  -0.0000344566  -0.0036752675
273.3185608623  3.1415926536  3.1415926536  -0.0000341405  -0.0036583730
274.5751979237  3.1415926536  3.1415926536  -0.0000338288  -0.0036416331
275.8318349852  3.1415926536  3.1415926536  -0.0000335213  -0.0036250457
277.0884720466  3.1415926536  3.1415926536  -0.0000332179  -0.0036086087
278.3451091081  3.1415926536  3.1415926536  -0.0000329187  -0.0035923201
279.6017461695  3.1415926536  3.1415926536  -0.0000326235  -0.0035761778
280.8583832309  3.1415926536  3.1415926536  -0.0000323323  -0.0035601800
282.1150202924  3.1415926536  3.1415926536  -0.0000320449  -0.0035443246
283.3716573538  3.1415926536  3.1415926536  -0.0000317614  -0.0035286098
284.6282944152  3.1415926536  3.1415926536  -0.0000314816  -0.0035130338
285.8849314767  3.1415926536  3.1415926536  -0.0000312055  -0.0034975946
287.1415685381  3.1415926536  3.1415926536  -0.0000309330  -0.0034822906
288.3982055995  3.1415926536  3.1415926536  -0.0000306641  -0.0034671198
289.6548426610  3.1415926536  3.1415926536  -0.0000303986  -0.0034520807
290.9114797224  3.1415926536  3.1415926536  -0.0000301366  -0.0034371715
292.1681167839  3.1415926536  3.1415926536  -0.0000298779  -0.0034223905
293.4247538453  3.1415926536  3.1415926536  -0.0000296226  -0.0034077360
294.6813909067  3.1415926536  3.1415926536  -0.0000293705  -0.0033932065
295.9380279682  3.1415926536  3.1415926536  -0.0000291217  -0.0033788004
297.1946650296  3.1415926536  3.1415926536  -0.0000288759  -0.0033645161
298.4513020910  3.1415926536  3.1415926536  -0.0000286333  -0.0033503520
299.7079391525  3.1415926536  3.1415926536  -0.0000283937  -0.0033363067
300.9645762139  3.1415926536  3.1415926536  -0.0000281572  -0.0033223786
302.2212132753  3.1415926536  3.1415926536  -0.0000279235  -0.0033085664
303.4778503368  3.1415926536  3.1415926536  -0.0000276928  -0.0032948685
304.7344873982  3.1415926536  3.1415926536  -0.0000274649  -0.0032812835
305.9911244596  3.1415926536  3.1415926536  -0.0000272398  -0.0032678101
307.2477615211  3.1415926536  3.1415926536  -0.0000270175  -0.0032544469
308.5043985825  3.1415926536  3.1415926536  -0.0000267978  -0.0032411925
309.7610356440  3.1415926536  3.1415926536  -0.0000265809  -0.0032280457
311.0176727054  3.1415926536  3.1415926536  -0.0000263665  -0.0032150050
312.2743097668  3.1415926536  3.1415926536  -0.0000261548  -0.0032020693
313.5309468283  3.1415926536  3.1415926536  -0.0000259456  -0.0031892373
314.7875838897  3.1415926536  3.1415926536  -0.0000257389  -0.0031765076
316.0442209511  3.1415926536  3.1415926536  -0.0000255346  -0.0031638792
317.3008580126  3.1415926536  3.1415926536  -0.0000253328  -0.0031513508
318.5574950740  3.1415926536  3.1415926536  -0.0000251333  -0.0031389212
319.8141321354  3.1415926536  3.1415926536  -0.0000249362  -0.0031265893
321.0707691969  3.1415926536  3.1415926536  -0.0000247415  -0.0031143539
322.3274062583  3.1415926536  3.1415926536  -0.0000245489  -0.0031022139
323.5840433197  3.1415926536  3.1415926536  -0.0000243587  -0.0030901681
324.8406803812  3.1415926536  3.1415926536  -0.0000241706  -0.0030782155
326.0973174426  3.1415926536  3.1415926536  -0.0000239847  -0.0030663551
327.3539545041  3.1415926536  3.1415926536  -0.0000238009  -0.0030545856
328.6105915655  3.1415926536  3.1415926536  -0.0000236193  -0.0030429062
329.8672286269  3.1415926536  3.1415926536  -0.0000234397  -0.0030313157
331.1238656884  3.1415926536  3.1415926536  -0.0000232621  -0.0030198132
332.3805027498  3.1415926536  3.1415926536  -0.0000230866  -0.0030083976
333.6371398112  3.1415926536  3.1415926536  -0.0000229130  -0.0029970681
334.8937768727  3.1415926536  3.1415926536  -0.0000227414  -0.0029858235
336.1504139341  3.1415926536  3.1415926536  -0.0000225717  -0.0029746630
337.4070509955  3.1415926536  3.1415926536  -0.0000224039  -0.0029635856
338.6636880570  3.1415926536  3.1415926536  -0.0000222380  -0.0029525903
339.9203251184  3.1415926536  3.1415926536  -0.0000220739  -0.0029416764
341.1769621799  3.1415926536  3.1415926536  -0.0000219116  -0.0029308429
342.4335992413  3.1415926536  3.1415926536  -0.0000217511  -0.0029200888
343.6902363027  3.1415926536  3.1415926536  -0.0000215923  -0.0029094134
344.9468733642  3.1415926536  3.1415926536  -0.0000214353  -0.0028988157
346.2035104256  3.1415926536  3.1415926536  -0.0000212800  -0.0028882950
347.4601474870  3.1415926536  3.1415926536  -0.0000211264  -0.0028778503
348.7167845485  3.1415926536  3.1415926536  -0.0000209744  -0.0028674809
349.9734216099  3.1415926536  3.1415926536  -0.0000208241  -0.0028571860
351.2300586713  3.1415926536  3.1415926536  -0.0000206753  -0.0028469647
352.4866957328  3.1415926536  3.1415926536  -0.0000205282  -0.0028368163
353.7433327942  3.1415926536  3.1415926536  -0.0000203826  -0.0028267400
354.9999698556  3.1415926536  3.1415926536  -0.0000202386  -0.0028167350
356.2566069171  3.1415926536  3.1415926536  -0.0000200961  -0.0028068005
357.5132439785  3.1415926536  3.1415926536  -0.0000199551  -0.0027969359
358.7698810400  3.1415926536  3.1415926536  -0.0000198155  -0.0027871404
360.0265181014  3.1415926536  3.1415926536  -0.0000196775  -0.0027774133
361.2831551628  3.1415926536  3.1415926536  -0.0000195408  -0.0027677538
362.5397922243  3.1415926536  3.1415926536  -0.0000194056  -0.0027581612
363.7964292857  3.1415926536  3.1415926536  -0.0000192718  -0.0027486350
365.0530663471  3.1415926536  3.1415926536  -0.0000191394  -0.0027391742
366.3097034086  3.1415926536  3.1415926536  -0.0000190083  -0.0027297784
367.5663404700  3.1415926536  3.1415926536  -0.0000188786  -0.0027204469
368.8229775314  3.1415926536  3.1415926536  -0.0000187501  -0.0027111789
370.0796145929  3.1415926536  3.1415926536  -0.0000186230  -0.0027019738
371.3362516543  3.1415926536  3.1415926536  -0.0000184972  -0.0026928310
372.5928887157  3.1415926536  3.1415926536  -0.0000183727  -0.0026837499
373.8495257772  3.1415926536  3.1415926536  -0.0000182494  -0.0026747299
375.1061628386  3.1415926536  3.1415926536  -0.0000181273  -0.0026657702
376.3627999001  3.1415926536  3.1415926536  -0.0000180065  -0.0026568704
377.6194369615  3.1415926536  3.1415926536  -0.0000178869  -0.0026480298
378.8760740229  3.1415926536  3.1415926536  -0.0000177684  -0.0026392478
380.1327110844  3.1415926536  3.1415926536  -0.0000176511  -0.0026305239
381.3893481458  3.1415926536  3.1415926536  -0.0000175350  -0.0026218575
382.6459852072  3.1415926536  3.1415926536  -0.0000174201  -0.0026132480
383.9026222687  3.1415926536  3.1415926536  -0.0000173062  -0.0026046948
385.1592593301  3.1415926536  3.1415926536  -0.0000171935  -0.0025961975
386.4158963915  3.1415926536  3.1415926536  -0.0000170818  -0.0025877554
387.6725334530  3.1415926536  3.1415926536  -0.0000169713  -0.0025793680
388.9291705144  3.1415926536  3.1415926536  -0.0000168618  -0.0025710348
390.1858075759  3.1415926536  3.1415926536  -0.0000167534  -0.0025627553
391.4424446373  3.1415926536  3.1415926536  -0.0000166460  -0.0025545289
392.6990816987  3.1415926536  3.1415926536  -0.0000165397  -0.0025463552
393.9557187602  3.1415926536  3.1415926536  -0.0000164343  -0.0025382336
395.2123558216  3.1415926536  3.1415926536  -0.0000163300  -0.0025301637
396.4689928830  3.1415926536  3.1415926536  -0.0000162266  -0.0025221449
397.7256299445  3.1415926536  3.1415926536  -0.0000161243  -0.0025141768
398.9822670059  3.1415926536  3.1415926536  -0.0000160229  -0.0025062588
400.2389040673  3.1415926536  3.1415926536  -0.0000159224  -0.0024983906
401.4955411288  3.1415926536  3.1415926536  -0.0000158229  -0.0024905716
402.7521781902  3.1415926536  3.1415926536  -0.0000157244  -0.0024828014
404.0088152516  3.1415926536  3.1415926536  -0.0000156267  -0.0024750796
405.2654523131  3.1415926536  3.1415926536  -0.0000155299  -0.0024674056
406.5220893745  3.1415926536  3.1415926536  -0.0000154341  -0.0024597790
407.7787264360  3.1415926536  3.1415926536  -0.0000153391  -0.0024521995
409.0353634974  3.1415926536  3.1415926536  -0.0000152450  -0.0024446665
410.2920005588  3.1415926536  3.1415926536  -0.0000151518  -0.0024371796
411.5486376203  3.1415926536  3.1415926536  -0.0000150594  -0.0024297385
412.8052746817  3.1415926536  3.1415926536  -0.0000149679  -0.0024223427
414.0619117431  3.1415926536  3.1415926536  -0.0000148772  -0.0024149917
415.3185488046  3.1415926536  3.1415926536  -0.0000147873  -0.0024076853
416.5751858660  3.1415926536  3.1415926536  -0.0000146982  -0.0024004229
417.8318229274  3.1415926536  3.1415926536  -0.0000146099  -0.0023932042
419.0884599889  3.1415926536  3.1415926536  -0.0000145225  -0.0023860287
420.3450970503  3.1415926536  3.1415926536  -0.0000144358  -0.0023788962
421.6017341118  3.1415926536  3.1415926536  -0.0000143499  -0.0023718062
422.8583711732  3.1415926536  3.1415926536  -0.0000142647  -0.0023647583
424.1150082346  3.1415926536  3.1415926536  -0.0000141803  -0.0023577522
425.3716452961  3.1415926536  3.1415926536  -0.0000140967  -0.0023507874
426.6282823575  3.1415926536  3.1415926536  -0.0000140137  -0.0023438637
427.8849194189  3.1415926536  3.1415926536  -0.0000139316  -0.0023369807
429.1415564804  3.1415926536  3.1415926536  -0.0000138501  -0.0023301379
430.3981935418  3.1415926536  3.1415926536  -0.0000137693  -0.0023233351
431.6548306032  3.1415926536  3.1415926536  -0.0000136893  -0.0023165720
432.9114676647  3.1415926536  3.1415926536  -0.0000136100  -0.0023098480
434.1681047261  3.1415926536  3.1415926536  -0.0000135313  -0.0023031630
435.4247417875  3.1415926536  3.1415926536  -0.0000134533  -0.0022965166
436.6813788490  3.1415926536  3.1415926536  -0.0000133760  -0.0022899084
437.9380159104  3.1415926536  3.1415926536  -0.0000132993  -0.0022833382
439.1946529719  3.1415926536  3.1415926536  -0.0000132234  -0.0022768055
440.4512900333  3.1415926536  3.1415926536  -0.0000131480  -0.0022703101
441.7079270947  3.1415926536  3.1415926536  -0.0000130733  -0.0022638517
442.9645641562  3.1415926536  3.1415926536  -0.0000129993  -0.0022574299
444.2212012176  3.1415926536  3.1415926536  -0.0000129258  -0.0022510444
445.4778382790  3.1415926536  3.1415926536  -0.0000128530  -0.0022446950
446.7344753405  3.1415926536  3.1415926536  -0.0000127808  -0.0022383812
447.9911124019  3.1415926536  3.1415926536  -0.0000127092  -0.0022321029
449.2477494633  3.1415926536  3.1415926536  -0.0000126382  -0.0022258597
450.5043865248  3.1415926536  3.1415926536  -0.0000125678  -0.0022196513
451.7610235862  3.1415926536  3.1415926536  -0.0000124980  -0.0022134775
453.0176606476  3.1415926536  3.1415926536  -0.0000124288  -0.0022073379
454.2742977091  3.1415926536  3.1415926536  -0.0000123601  -0.0022012323
455.5309347705  3.1415926536  3.1415926536  -0.0000122920  -0.0021951604
456.7875718320  3.1415926536  3.1415926536  -0.0000122245  -0.0021891218
458.0442088934  3.1415926536  3.1415926536  -0.0000121575  -0.0021831164
459.3008459548  3.1415926536  3.1415926536  -0.0000120911  -0.0021771439
460.5574830163  3.1415926536  3.1415926536  -0.0000120252  -0.0021712039
461.8141200777  3.1415926536  3.1415926536  -0.0000119598  -0.0021652963
463.0707571391  3.1415926536  3.1415926536  -0.0000118950  -0.0021594207
464.3273942006  3.1415926536  3.1415926536  -0.0000118307  -0.0021535769
465.5840312620  3.1415926536  3.1415926536  -0.0000117670  -0.0021477647
466.8406683234  3.1415926536  3.1415926536  -0.0000117037  -0.0021419838
468.0973053849  3.1415926536  3.1415926536  -0.0000116410  -0.0021362338
469.3539424463  3.1415926536  3.1415926536  -0.0000115787  -0.0021305147
470.6105795078  3.1415926536  3.1415926536  -0.0000115170  -0.0021248261
471.8672165692  3.1415926536  3.1415926536  -0.0000114557  -0.0021191679
473.1238536306  3.1415926536  3.1415926536  -0.0000113949  -0.0021135396
474.3804906921  3.1415926536  3.1415926536  -0.0000113347  -0.0021079412
475.6371277535  3.1415926536  3.1415926536  -0.0000112749  -0.0021023724
476.8937648149  3.1415926536  3.1415926536  -0.0000112155  -0.0020968329
478.1504018764  3.1415926536  3.1415926536  -0.0000111567  -0.0020913225
479.4070389378  3.1415926536  3.1415926536  -0.0000110982  -0.0020858410
480.6636759992  3.1415926536  3.1415926536  -0.0000110403  -0.0020803882
481.9203130607  3.1415926536  3.1415926536  -0.0000109828  -0.0020749638
483.1769501221  3.1415926536  3.1415926536  -0.0000109258  -0.0020695676
484.4335871835  3.1415926536  3.1415926536  -0.0000108691  -0.0020641994
485.6902242450  3.1415926536  3.1415926536  -0.0000108130  -0.0020588590
486.9468613064  3.1415926536  3.1415926536  -0.0000107573  -0.0020535461
488.2034983679  3.1415926536  3.1415926536  -0.0000107019  -0.0020482606
489.4601354293  3.1415926536  3.1415926536  -0.0000106471  -0.0020430022
490.7167724907  3.1415926536  3.1415926536  -0.0000105926  -0.0020377708
491.9734095522  3.1415926536  3.1415926536  -0.0000105386  -0.0020325660
493.2300466136  3.1415926536  3.1415926536  -0.0000104850  -0.0020273878
494.4866836750  3.1415926536  3.1415926536  -0.0000104317  -0.0020222360
495.7433207365  3.1415926536  3.1415926536  -0.0000103789  -0.0020171102
496.9999577979  3.1415926536  3.1415926536  -0.0000103265  -0.0020120103
498.2565948593  3.1415926536  3.1415926536  -0.0000102745  -0.0020069362
499.5132319208  3.1415926536  3.1415926536  -0.0000102229  -0.0020018876
500.7698689822  3.1415926536  3.1415926536  -0.0000101716  -0.0019968643
502.0265060436  3.1415926536  3.1415926536  -0.0000101208  -0.0019918662
503.2831431051  3.1415926536  3.1415926536  -0.0000100703  -0.0019868931
504.5397801665  3.1415926536  3.1415926536  -0.0000100202  -0.0019819447
505.7964172280  3.1415926536  3.1415926536  -0.0000099705  -0.0019770209
507.0530542894  3.1415926536  3.1415926536  -0.0000099211  -0.0019721214
508.3096913508  3.1415926536  3.1415926536  -0.0000098721  -0.0019672463
509.5663284123  3.1415926536  3.1415926536  -0.0000098235  -0.0019623951
510.8229654737  3.1415926536  3.1415926536  -0.0000097752  -0.0019575679
512.0796025351  3.1415926536  3.1415926536  -0.0000097273  -0.0019527643
513.3362395966  3.1415926536  3.1415926536  -0.0000096798  -0.0019479842
514.5928766580  3.1415926536  3.1415926536  -0.0000096326  -0.0019432275
515.8495137194  3.1415926536  3.1415926536  -0.0000095857  -0.0019384939
517.1061507809  3.1415926536  3.1415926536  -0.0000095392  -0.0019337834
518.3627878423  3.1415926536  3.1415926536  -0.0000094930  -0.0019290957
519.6194249038  3.1415926536  3.1415926536  -0.0000094471  -0.0019244307
520.8760619652  3.1415926536  3.1415926536  -0.0000094016  -0.0019197881
522.1326990266  3.1415926536  3.1415926536  -0.0000093564  -0.0019151680
523.3893360881  3.1415926536  3.1415926536  -0.0000093115  -0.0019105700
524.6459731495  3.1415926536  3.1415926536  -0.0000092670  -0.0019059940
525.9026102109  3.1415926536  3.1415926536  -0.0000092227  -0.0019014399
527.1592472724  3.1415926536  3.1415926536  -0.0000091788  -0.0018969075
528.4158843338  3.1415926536  3.1415926536  -0.0000091352  -0.0018923966
529.6725213952  3.1415926536  3.1415926536  -0.0000090919  -0.0018879072
530.9291584567  3.1415926536  3.1415926536  -0.0000090490  -0.0018834390
532.1857955181  3.1415926536  3.1415926536  -0.0000090063  -0.0018789919
533.4424325795  3.1415926536  3.1415926536  -0.0000089639  -0.0018745658
534.6990696410  3.1415926536  3.1415926536  -0.0000089218  -0.0018701604
535.9557067024  3.1415926536  3.1415926536  -0.0000088800  -0.0018657758
537.2123437639  3.1415926536  3.1415926536  -0.0000088385  -0.0018614116
538.4689808253  3.1415926536  3.1415926536  -0.0000087973  -0.0018570678
539.7256178867  3.1415926536  3.1415926536  -0.0000087564  -0.0018527442
540.9822549482  3.1415926536  3.1415926536  -0.0000087158  -0.0018484407
542.2388920096  3.1415926536  3.1415926536  -0.0000086754  -0.0018441572
543.4955290710  3.1415926536  3.1415926536  -0.0000086354  -0.0018398935
544.7521661325  3.1415926536  3.1415926536  -0.0000085956  -0.0018356494
546.0088031939  3.1415926536  3.1415926536  -0.0000085561  -0.0018314249
547.2654402553  3.1415926536  3.1415926536  -0.0000085168  -0.0018272197
548.5220773168  3.1415926536  3.1415926536  -0.0000084779  -0.0018230338
549.7787143782  3.1415926536  3.1415926536  -0.0000084391  -0.0018188671
551.0353514396  3.1415926536  3.1415926536  -0.0000084007  -0.0018147194
552.2919885011  3.1415926536  3.1415926536  -0.0000083625  -0.0018105905
553.5486255625  3.1415926536  3.1415926536  -0.0000083246  -0.0018064804
554.8052626240  3.1415926536  3.1415926536  -0.0000082869  -0.0018023889
556.0618996854  3.1415926536  3.1415926536  -0.0000082495  -0.0017983159
557.3185367468  3.1415926536  3.1415926536  -0.0000082124  -0.0017942613
558.5751738083  3.1415926536  3.1415926536  -0.0000081755  -0.0017902249
559.8318108697  3.1415926536  3.1415926536  -0.0000081388  -0.0017862066
561.0884479311  3.1415926536  3.1415926536  -0.0000081024  -0.0017822063
562.3450849926  3.1415926536  3.1415926536  -0.0000080662  -0.0017782239
563.6017220540  3.1415926536  3.1415926536  -0.0000080303  -0.0017742593
564.8583591154  3.1415926536  3.1415926536  -0.0000079946  -0.0017703123
566.1149961769  3.1415926536  3.1415926536  -0.0000079592  -0.0017663828
567.3716332383  3.1415926536  3.1415926536  -0.0000079239  -0.0017624707
568.6282702998  3.1415926536  3.1415926536  -0.0000078890  -0.0017585759
569.8849073612  3.1415926536  3.1415926536  -0.0000078542  -0.0017546983
571.1415444226  3.1415926536  3.1415926536  -0.0000078197  -0.0017508378
572.3981814841  3.1415926536  3.1415926536  -0.0000077854  -0.0017469942
573.6548185455  3.1415926536  3.1415926536  -0.0000077513  -0.0017431674
574.9114556069  3.1415926536  3.1415926536  -0.0000077175  -0.0017393574
576.1680926684  3.1415926536  3.1415926536  -0.0000076839  -0.0017355640
577.4247297298  3.1415926536  3.1415926536  -0.0000076505  -0.0017317871
578.6813667912  3.1415926536  3.1415926536  -0.0000076173  -0.0017280265
579.9380038527  3.1415926536  3.1415926536  -0.0000075843  -0.0017242823
581.1946409141  3.1415926536  3.1415926536  -0.0000075515  -0.0017205543
582.4512779755  3.1415926536  3.1415926536  -0.0000075190  -0.0017168424
583.7079150370  3.1415926536  3.1415926536  -0.0000074867  -0.0017131464
584.9645520984  3.1415926536  3.1415926536  -0.0000074545  -0.0017094664
586.2211891599  3.1415926536  3.1415926536  -0.0000074226  -0.0017058021
587.4778262213  3.1415926536  3.1415926536  -0.0000073909  -0.0017021534
588.7344632827  3.1415926536  3.1415926536  -0.0000073594  -0.0016985204
589.9911003442  3.1415926536  3.1415926536  -0.0000073281  -0.0016949028
591.2477374056  3.1415926536  3.1415926536  -0.0000072969  -0.0016913006
592.5043744670  3.1415926536  3.1415926536  -0.0000072660  -0.0016877137
593.7610115285  3.1415926536  3.1415926536  -0.0000072353  -0.0016841420
595.0176485899  3.1415926536  3.1415926536  -0.0000072048  -0.0016805853
596.2742856513  3.1415926536  3.1415926536  -0.0000071745  -0.0016770437
597.5309227128  3.1415926536  3.1415926536  -0.0000071443  -0.0016735169
598.7875597742  3.1415926536  3.1415926536  -0.0000071144  -0.0016700050
600.0441968357  3.1415926536  3.1415926536  -0.0000070846  -0.0016665077
601.3008338971  3.1415926536  3.1415926536  -0.0000070550  -0.0016630251
602.5574709585  3.1415926536  3.1415926536  -0.0000070256  -0.0016595570
603.8141080200  3.1415926536  3.1415926536  -0.0000069964  -0.0016561033
605.0707450814  3.1415926536  3.1415926536  -0.0000069674  -0.0016526640
606.3273821428  3.1415926536  3.1415926536  -0.0000069385  -0.0016492389
607.5840192043  3.1415926536  3.1415926536  -0.0000069099  -0.0016458280
608.8406562657  3.1415926536  3.1415926536  -0.0000068814  -0.0016424311
610.0972933271  3.1415926536  3.1415926536  -0.0000068531  -0.0016390483
611.3539303886  3.1415926536  3.1415926536  -0.0000068249  -0.0016356794
612.6105674500  3.1415926536  3.1415926536  -0.0000067970  -0.0016323243
613.8672045114  3.1415926536  3.1415926536  -0.0000067692  -0.0016289829
615.1238415729  3.1415926536  3.1415926536  -0.0000067415  -0.0016256552
616.3804786343  3.1415926536  3.1415926536  -0.0000067141  -0.0016223410
617.6371156958  3.1415926536  3.1415926536  -0.0000066868  -0.0016190404
618.8937527572  3.1415926536  3.1415926536  -0.0000066597  -0.0016157531
620.1503898186  3.1415926536  3.1415926536  -0.0000066327  -0.0016124791
621.4070268801  3.1415926536  3.1415926536  -0.0000066059  -0.0016092184
622.6636639415  3.1415926536  3.1415926536  -0.0000065793  -0.0016059709
623.9203010029  3.1415926536  3.1415926536  -0.0000065528  -0.0016027364
625.1769380644  3.1415926536  3.1415926536  -0.0000065265  -0.0015995150
626.4335751258  3.1415926536  3.1415926536  -0.0000065003  -0.0015963064
627.6902121872  3.1415926536  3.1415926536  -0.0000064743  -0.0015931107
628.9468492487  3.1415926536  3.1415926536  0.0000000000  0.0000000000
