-627.6902121872  0.0000000000  0.0000000000  0.0000000000  0.0000000000
-626.4335751258  0.0000000000  0.0000000000  0.0000000000  0.0000000000
-625.1769380644  0.0000000000  0.0000000000  0.0000000000  0.0000000000
-623.9203010029  0.0000000000  0.0000000000  0.0000000000  0.0000000000
-622.6636639415  0.0000000000  0.0000000000  0.0000000000  0.0000000000
-621.4070268801  0.0000000000  0.0000000000  0.0000000000  0.0000000000
-620.1503898186  0.0000000000  0.0000000000  0.0000000000  0.0000000000
-618.8937527572  0.0000000000  0.0000000000  0.0000000000  0.0000000000
-617.6371156958  0.0000000000  0.0000000000  0.0000000000  0.0000000000
-616.3804786343  0.0000000000  0.0000000000  0.0000000000  0.0000000000
-615.1238415729  0.0000000000  0.0000000000  0.0000000000  0.0000000000
-613.8672045114  0.0000000000  0.0000000000  0.0000000000  0.0000000000
-612.6105674500  0.0000000000  0.0000000000  0.0000000000  0.0000000000
-611.3539303886  0.0000000000  0.0000000000  0.0000000000  0.0000000000
-610.0972933271  0.0000000000  0.0000000000  0.0000000000  0.0000000000
-608.8406562657  0.0000000000  0.0000000000  0.0000000000  0.0000000000
-607.5840192043  0.0000000000  0.0000000000  0.0000000000  0.0000000000
-606.3273821428  0.0000000000  0.0000000000  0.0000000000  0.0000000000
-605.0707450814  0.0000000000  0.0000000000  0.0000000000  0.0000000000
-603.8141080200  0.0000000000  0.0000000000  0.0000000000  0.0000000000
-602.5574709585  0.0000000000  0.0000000000  0.0000000000  0.0000000000
-601.3008338971  0.0000000000  0.0000000000  0.0000000000  0.0000000000
-600.0441968357  0.0000000000  0.0000000000  0.0000000000  0.0000000000
-598.7875597742  0.0000000000  0.0000000000  0.0000000000  0.0000000000
-597.5309227128  0.0000000000  0.0000000000  0.0000000000  0.0000000000
-596.2742856513  0.0000000000  0.0000000000  0.0000000000  0.0000000000
-595.0176485899  0.0000000000  0.0000000000  0.0000000000  0.0000000000
-593.7610115285  0.0000000000  0.0000000000  0.0000000000  0.0000000000
-592.5043744670  0.0000000000  0.0000000000  0.0000000000  0.0000000000
-591.2477374056  0.0000000000  0.0000000000  0.0000000000  0.0000000000
-589.9911003442  0.0000000000  0.0000000000  0.0000000000  0.0000000000
-588.7344632827  0.0000000000  0.0000000000  0.0000000000  0.0000000000
-587.4778262213  0.0000000000  0.0000000000  0.0000000000  0.0000000000
-586.2211891599  0.0000000000  0.0000000000  0.0000000000  0.0000000000
-584.9645520984  0.0000000000  0.0000000000  0.0000000000  0.0000000000
-583.7079150370  0.0000000000  0.0000000000  0.0000000000  0.0000000000
-582.4512779755  0.0000000000  0.0000000000  0.0000000000  0.0000000000
-581.1946409141  0.0000000000  0.0000000000  0.0000000000  0.0000000000
-579.9380038527  0.0000000000  0.0000000000  0.0000000000  0.0000000000
-578.6813667912  0.0000000000  0.0000000000  0.0000000000  0.0000000000
-577.4247297298  0.0000000000  0.0000000000  0.0000000000  0.0000000000
-576.1680926684  0.0000000000  0.0000000000  0.0000000000  0.0000000000
-574.9114556069  0.0000000000  0.0000000000  0.0000000000  0.0000000000
-573.6548185455  0.0000000000  0.0000000000  0.0000000000  0.0000000000
-572.3981814841  0.0000000000  0.0000000000  0.0000000000  0.0000000000
-571.1415444226  0.0000000000  0.0000000000  0.0000000000  0.0000000000
-569.8849073612  0.0000000000  0.0000000000  0.0000000000  0.0000000000
-568.6282702998  0.0000000000  0.0000000000  0.0000000000  0.0000000000
-567.3716332383  0.0000000000  0.0000000000  0.0000000000  0.0000000000
-566.1149961769  0.0000000000  0.0000000000  0.0000000000  0.0000000000
-564.8583591154  0.0000000000  0.0000000000  0.0000000000  0.0000000000
-563.6017220540  0.0000000000  0.0000000000  0.0000000000  0.0000000000
-562.3450849926  0.0000000000  0.0000000000  0.0000000000  0.0000000000
-561.0884479311  0.0000000000  0.0000000000  0.0000000000  0.0000000000
-559.8318108697  0.0000000000  0.0000000000  0.0000000000  0.0000000000
-558.5751738083  0.0000000000  0.0000000000  0.0000000000  0.0000000000
-557.3185367468  0.0000000000  0.0000000000  0.0000000000  0.0000000000
-556.0618996854  0.0000000000  0.0000000000  0.0000000000  0.0000000000
-554.8052626240  0.0000000000  0.0000000000  0.0000000000  0.0000000000
-553.5486255625  0.0000000000  0.0000000000  0.0000000000  0.0000000000
-552.2919885011  0.0000000000  0.0000000000  0.0000000000  0.0000000000
-551.0353514396  0.0000000000  0.0000000000  0.0000000000  0.0000000000
-549.7787143782  0.0000000000  0.0000000000  0.0000000000  0.0000000000
-548.5220773168  0.0000000000  0.0000000000  0.0000000000  0.0000000000
-547.2654402553  0.0000000000  0.0000000000  0.0000000000  0.0000000000
-546.0088031939  0.0000000000  0.0000000000  0.0000000000  0.0000000000
-544.7521661325  0.0000000000  0.0000000000  0.0000000000  0.0000000000
-543.4955290710  0.0000000000  0.0000000000  0.0000000000  0.0000000000
-542.2388920096  0.0000000000  0.0000000000  0.0000000000  0.0000000000
-540.9822549482  0.0000000000  0.0000000000  0.0000000000  0.0000000000
-539.7256178867  0.0000000000  0.0000000000  0.0000000000  0.0000000000
-538.4689808253  0.0000000000  0.0000000000  0.0000000000  0.0000000000
-537.2123437639  0.0000000000  0.0000000000  0.0000000000  0.0000000000
-535.9557067024  0.0000000000  0.0000000000  0.0000000000  0.0000000000
-534.6990696410  0.0000000000  0.0000000000  0.0000000000  0.0000000000
-533.4424325795  0.0000000000  0.0000000000  0.0000000000  0.0000000000
-532.1857955181  0.0000000000  0.0000000000  0.0000000000  0.0000000000
-530.9291584567  0.0000000000  0.0000000000  0.0000000000  0.0000000000
-529.6725213952  0.0000000000  0.0000000000  0.0000000000  0.0000000000
-528.4158843338  0.0000000000  0.0000000000  0.0000000000  0.0000000000
-527.1592472724  0.0000000000  0.0000000000  0.0000000000  0.0000000000
-525.9026102109  0.0000000000  0.0000000000  0.0000000000  0.0000000000
-524.6459731495  0.0000000000  0.0000000000  0.0000000000  0.0000000000
-523.3893360881  0.0000000000  0.0000000000  0.0000000000  0.0000000000
-522.1326990266  0.0000000000  0.0000000000  0.0000000000  0.0000000000
-520.8760619652  0.0000000000  0.0000000000  0.0000000000  0.0000000000
-519.6194249038  0.0000000000  0.0000000000  0.0000000000  0.0000000000
-518.3627878423  0.0000000000  0.0000000000  0.0000000000  0.0000000000
-517.1061507809  0.0000000000  0.0000000000  0.0000000000  0.0000000000
-515.8495137194  0.0000000000  0.0000000000  0.0000000000  0.0000000000
-514.5928766580  0.0000000000  0.0000000000  0.0000000000  0.0000000000
-513.3362395966  0.0000000000  0.0000000000  0.0000000000  0.0000000000
-512.0796025351  0.0000000000  0.0000000000  0.0000000000  0.0000000000
-510.8229654737  0.0000000000  0.0000000000  0.0000000000  0.0000000000
-509.5663284123  0.0000000000  0.0000000000  0.0000000000  0.0000000000
-508.3096913508  0.0000000000  0.0000000000  0.0000000000  0.0000000000
-507.0530542894  0.0000000000  0.0000000000  0.0000000000  0.0000000000
-505.7964172280  0.0000000000  0.0000000000  0.0000000000  0.0000000000
-504.5397801665  0.0000000000  0.0000000000  0.0000000000  0.0000000000
-503.2831431051  0.0000000000  0.0000000000  0.0000000000  0.0000000000
-502.0265060436  0.0000000000  0.0000000000  0.0000000000  0.0000000000
-500.7698689822  0.0000000000  0.0000000000  0.0000000000  0.0000000000
-499.5132319208  0.0000000000  0.0000000000  0.0000000000  0.0000000000
-498.2565948593  0.0000000000  0.0000000000  0.0000000000  0.0000000000
-496.9999577979  0.0000000000  0.0000000000  0.0000000000  0.0000000000
-495.7433207365  0.0000000000  0.0000000000  0.0000000000  0.0000000000
-494.4866836750  0.0000000000  0.0000000000  0.0000000000  0.0000000000
-493.2300466136  0.0000000000  0.0000000000  0.0000000000  0.0000000000
-491.9734095522  0.0000000000  0.0000000000  0.0000000000  0.0000000000
-490.7167724907  0.0000000000  0.0000000000  0.0000000000  0.0000000000
-489.4601354293  0.0000000000  0.0000000000  0.0000000000  0.0000000000
-488.2034983679  0.0000000000  0.0000000000  0.0000000000  0.0000000000
-486.9468613064  0.0000000000  0.0000000000  0.0000000000  0.0000000000
-485.6902242450  0.0000000000  0.0000000000  0.0000000000  0.0000000000
-484.4335871835  0.0000000000  0.0000000000  0.0000000000  0.0000000000
-483.1769501221  0.0000000000  0.0000000000  0.0000000000  0.0000000000
-481.9203130607  0.0000000000  0.0000000000  0.0000000000  0.0000000000
-480.6636759992  0.0000000000  0.0000000000  0.0000000000  0.0000000000
-479.4070389378  0.0000000000  0.0000000000  0.0000000000  0.0000000000
-478.1504018764  0.0000000000  0.0000000000  0.0000000000  0.0000000000
-476.8937648149  0.0000000000  0.0000000000  0.0000000000  0.0000000000
-475.6371277535  0.0000000000  0.0000000000  0.0000000000  0.0000000000
-474.3804906921  0.0000000000  0.0000000000  0.0000000000  0.0000000000
-473.1238536306  0.0000000000  0.0000000000  0.0000000000  0.0000000000
-471.8672165692  0.0000000000  0.0000000000  0.0000000000  0.0000000000
-470.6105795078  0.0000000000  0.0000000000  0.0000000000  0.0000000000
-469.3539424463  0.0000000000  0.0000000000  0.0000000000  0.0000000000
-468.0973053849  0.0000000000  0.0000000000  0.0000000000  0.0000000000
-466.8406683234  0.0000000000  0.0000000000  0.0000000000  0.0000000000
-465.5840312620  0.0000000000  0.0000000000  0.0000000000  0.0000000000
-464.3273942006  0.0000000000  0.0000000000  0.0000000000  0.0000000000
-463.0707571391  0.0000000000  0.0000000000  0.0000000000  0.0000000000
-461.8141200777  0.0000000000  0.0000000000  0.0000000000  0.0000000000
-460.5574830163  0.0000000000  0.0000000000  0.0000000000  0.0000000000
-459.3008459548  0.0000000000  0.0000000000  0.0000000000  0.0000000000
-458.0442088934  0.0000000000  0.0000000000  0.0000000000  0.0000000000
-456.7875718320  0.0000000000  0.0000000000  0.0000000000  0.0000000000
-455.5309347705  0.0000000000  0.0000000000  0.0000000000  0.0000000000
-454.2742977091  0.0000000000  0.0000000000  0.0000000000  0.0000000000
-453.0176606476  0.0000000000  0.0000000000  0.0000000000  0.0000000000
-451.7610235862  0.0000000000  0.0000000000  0.0000000000  0.0000000000
-450.5043865248  0.0000000000  0.0000000000  0.0000000000  0.0000000000
-449.2477494633  0.0000000000  0.0000000000  0.0000000000  0.0000000000
-447.9911124019  0.0000000000  0.0000000000  0.0000000000  0.0000000000
-446.7344753405  0.0000000000  0.0000000000  0.0000000000  0.0000000000
-445.4778382790  0.0000000000  0.0000000000  0.0000000000  0.0000000000
-444.2212012176  0.0000000000  0.0000000000  0.0000000000  0.0000000000
-442.9645641562  0.0000000000  0.0000000000  0.0000000000  0.0000000000
-441.7079270947  0.0000000000  0.0000000000  0.0000000000  0.0000000000
-440.4512900333  0.0000000000  0.0000000000  0.0000000000  0.0000000000
-439.1946529719  0.0000000000  0.0000000000  0.0000000000  0.0000000000
-437.9380159104  0.0000000000  0.0000000000  0.0000000000  0.0000000000
-436.6813788490  0.0000000000  0.0000000000  0.0000000000  0.0000000000
-435.4247417875  0.0000000000  0.0000000000  0.0000000000  0.0000000000
-434.1681047261  0.0000000000  0.0000000000  0.0000000000  0.0000000000
-432.9114676647  0.0000000000  0.0000000000  0.0000000000  0.0000000000
-431.6548306032  0.0000000000  0.0000000000  0.0000000000  0.0000000000
-430.3981935418  0.0000000000  0.0000000000  0.0000000000  0.0000000000
-429.1415564804  0.0000000000  0.0000000000  0.0000000000  0.0000000000
-427.8849194189  0.0000000000  0.0000000000  0.0000000000  0.0000000000
-426.6282823575  0.0000000000  0.0000000000  0.0000000000  0.0000000000
-425.3716452961  0.0000000000  0.0000000000  0.0000000000  0.0000000000
-424.1150082346  0.0000000000  0.0000000000  0.0000000000  0.0000000000
-422.8583711732  0.0000000000  0.0000000000  0.0000000000  0.0000000000
-421.6017341118  0.0000000000  0.0000000000  0.0000000000  0.0000000000
-420.3450970503  0.0000000000  0.0000000000  0.0000000000  0.0000000000
-419.0884599889  0.0000000000  0.0000000000  0.0000000000  0.0000000000
-417.8318229274  0.0000000000  0.0000000000  0.0000000000  0.0000000000
-416.5751858660  0.0000000000  0.0000000000  0.0000000000  0.0000000000
-415.3185488046  0.0000000000  0.0000000000  0.0000000000  0.0000000000
-414.0619117431  0.0000000000  0.0000000000  0.0000000000  0.0000000000
-412.8052746817  0.0000000000  0.0000000000  0.0000000000  0.0000000000
-411.5486376203  0.0000000000  0.0000000000  0.0000000000  0.0000000000
-410.2920005588  0.0000000000  0.0000000000  0.0000000000  0.0000000000
-409.0353634974  0.0000000000  0.0000000000  0.0000000000  0.0000000000
-407.7787264360  0.0000000000  0.0000000000  0.0000000000  0.0000000000
-406.5220893745  0.0000000000  0.0000000000  0.0000000000  0.0000000000
-405.2654523131  0.0000000000  0.0000000000  0.0000000000  0.0000000000
-404.0088152516  0.0000000000  0.0000000000  0.0000000000  0.0000000000
-402.7521781902  0.0000000000  0.0000000000  0.0000000000  0.0000000000
-401.4955411288  0.0000000000  0.0000000000  0.0000000000  0.0000000000
-400.2389040673  0.0000000000  0.0000000000  0.0000000000  0.0000000000
-398.9822670059  0.0000000000  0.0000000000  0.0000000000  0.0000000000
-397.7256299445  0.0000000000  0.0000000000  0.0000000000  0.0000000000
-396.4689928830  0.0000000000  0.0000000000  0.0000000000  0.0000000000
-395.2123558216  0.0000000000  0.0000000000  0.0000000000  0.0000000000
-393.9557187602  0.0000000000  0.0000000000  0.0000000000  0.0000000000
-392.6990816987  0.0000000000  0.0000000000  0.0000000000  0.0000000000
-391.4424446373  0.0000000000  0.0000000000  0.0000000000  0.0000000000
-390.1858075759  0.0000000000  0.0000000000  0.0000000000  0.0000000000
-388.9291705144  0.0000000000  0.0000000000  0.0000000000  0.0000000000
-387.6725334530  0.0000000000  0.0000000000  0.0000000000  0.0000000000
-386.4158963915  0.0000000000  0.0000000000  0.0000000000  0.0000000000
-385.1592593301  0.0000000000  0.0000000000  0.0000000000  0.0000000000
-383.9026222687  0.0000000000  0.0000000000  0.0000000000  0.0000000000
-382.6459852072  0.0000000000  0.0000000000  0.0000000000  0.0000000000
-381.3893481458  0.0000000000  0.0000000000  0.0000000000  0.0000000000
-380.1327110844  0.0000000000  0.0000000000  0.0000000000  0.0000000000
-378.8760740229  0.0000000000  0.0000000000  0.0000000000  0.0000000000
-377.6194369615  0.0000000000  0.0000000000  0.0000000000  0.0000000000
-376.3627999001  0.0000000000  0.0000000000  0.0000000000  0.0000000000
-375.1061628386  0.0000000000  0.0000000000  0.0000000000  0.0000000000
-373.8495257772  0.0000000000  0.0000000000  0.0000000000  0.0000000000
-372.5928887157  0.0000000000  0.0000000000  0.0000000000  0.0000000000
-371.3362516543  0.0000000000  0.0000000000  0.0000000000  0.0000000000
-370.0796145929  0.0000000000  0.0000000000  0.0000000000  0.0000000000
-368.8229775314  0.0000000000  0.0000000000  0.0000000000  0.0000000000
-367.5663404700  0.0000000000  0.0000000000  0.0000000000  0.0000000000
-366.3097034086  0.0000000000  0.0000000000  0.0000000000  0.0000000000
-365.0530663471  0.0000000000  0.0000000000  0.0000000000  0.0000000000
-363.7964292857  0.0000000000  0.0000000000  0.0000000000  0.0000000000
-362.5397922243  0.0000000000  0.0000000000  0.0000000000  0.0000000000
-361.2831551628  0.0000000000  0.0000000000  0.0000000000  0.0000000000
-360.0265181014  0.0000000000  0.0000000000  0.0000000000  0.0000000000
-358.7698810400  0.0000000000  0.0000000000  0.0000000000  0.0000000000
-357.5132439785  0.0000000000  0.0000000000  0.0000000000  0.0000000000
-356.2566069171  0.0000000000  0.0000000000  0.0000000000  0.0000000000
-354.9999698556  0.0000000000  0.0000000000  0.0000000000  0.0000000000
-353.7433327942  0.0000000000  0.0000000000  0.0000000000  0.0000000000
-352.4866957328  0.0000000000  0.0000000000  0.0000000000  0.0000000000
-351.2300586713  0.0000000000  0.0000000000  0.0000000000  0.0000000000
-349.9734216099  0.0000000000  0.0000000000  0.0000000000  0.0000000000
-348.7167845485  0.0000000000  0.0000000000  0.0000000000  0.0000000000
-347.4601474870  0.0000000000  0.0000000000  0.0000000000  0.0000000000
-346.2035104256  0.0000000000  0.0000000000  0.0000000000  0.0000000000
-344.9468733642  0.0000000000  0.0000000000  0.0000000000  0.0000000000
-343.6902363027  0.0000000000  0.0000000000  0.0000000000  0.0000000000
-342.4335992413  0.0000000000  0.0000000000  0.0000000000  0.0000000000
-341.1769621799  0.0000000000  0.0000000000  0.0000000000  0.0000000000
-339.9203251184  0.0000000000  0.0000000000  0.0000000000  0.0000000000
-338.6636880570  0.0000000000  0.0000000000  0.0000000000  0.0000000000
-337.4070509955  0.0000000000  0.0000000000  0.0000000000  0.0000000000
-336.1504139341  0.0000000000  0.0000000000  0.0000000000  0.0000000000
-334.8937768727  0.0000000000  0.0000000000  0.0000000000  0.0000000000
-333.6371398112  0.0000000000  0.0000000000  0.0000000000  0.0000000000
-332.3805027498  0.0000000000  0.0000000000  0.0000000000  0.0000000000
-331.1238656884  0.0000000000  0.0000000000  0.0000000000  0.0000000000
-329.8672286269  0.0000000000  0.0000000000  0.0000000000  0.0000000000
-328.6105915655  0.0000000000  0.0000000000  0.0000000000  0.0000000000
-327.3539545041  0.0000000000  0.0000000000  0.0000000000  0.0000000000
-326.0973174426  0.0000000000  0.0000000000  0.0000000000  0.0000000000
-324.8406803812  0.0000000000  0.0000000000  0.0000000000  0.0000000000
-323.5840433197  0.0000000000  0.0000000000  0.0000000000  0.0000000000
-322.3274062583  0.0000000000  0.0000000000  0.0000000000  0.0000000000
-321.0707691969  0.0000000000  0.0000000000  0.0000000000  0.0000000000
-319.8141321354  0.0000000000  0.0000000000  0.0000000000  0.0000000000
-318.5574950740  0.0000000000  0.0000000000  0.0000000000  0.0000000000
-317.3008580126  0.0000000000  0.0000000000  0.0000000000  0.0000000000
-316.0442209511  0.0000000000  0.0000000000  0.0000000000  0.0000000000
-314.7875838897  0.0000000000  0.0000000000  0.0000000000  0.0000000000
-313.5309468283  0.0000000000  0.0000000000  0.0000000000  0.0000000000
-312.2743097668  0.0000000000  0.0000000000  0.0000000000  0.0000000000
-311.0176727054  0.0000000000  0.0000000000  0.0000000000  0.0000000000
-309.7610356440  0.0000000000  0.0000000000  0.0000000000  0.0000000000
-308.5043985825  0.0000000000  0.0000000000  0.0000000000  0.0000000000
-307.2477615211  0.0000000000  0.0000000000  0.0000000000  0.0000000000
-305.9911244596  0.0000000000  0.0000000000  0.0000000000  0.0000000000
-304.7344873982  0.0000000000  0.0000000000  0.0000000000  0.0000000000
-303.4778503368  0.0000000000  0.0000000000  0.0000000000  0.0000000000
-302.2212132753  0.0000000000  0.0000000000  0.0000000000  0.0000000000
-300.9645762139  0.0000000000  0.0000000000  0.0000000000  0.0000000000
-299.7079391525  0.0000000000  0.0000000000  0.0000000000  0.0000000000
-298.4513020910  0.0000000000  0.0000000000  0.0000000000  0.0000000000
-297.1946650296  0.0000000000  0.0000000000  0.0000000000  0.0000000000
-295.9380279682  0.0000000000  0.0000000000  0.0000000000  0.0000000000
-294.6813909067  0.0000000000  0.0000000000  0.0000000000  0.0000000000
-293.4247538453  0.0000000000  0.0000000000  0.0000000000  0.0000000000
-292.1681167839  0.0000000000  0.0000000000  0.0000000000  0.0000000000
-290.9114797224  0.0000000000  0.0000000000  0.0000000000  0.0000000000
-289.6548426610  0.0000000000  0.0000000000  0.0000000000  0.0000000000
-288.3982055995  0.0000000000  0.0000000000  0.0000000000  0.0000000000
-287.1415685381  0.0000000000  0.0000000000  0.0000000000  0.0000000000
-285.8849314767  0.0000000000  0.0000000000  0.0000000000  0.0000000000
-284.6282944152  0.0000000000  0.0000000000  0.0000000000  0.0000000000
-283.3716573538  0.0000000000  0.0000000000  0.0000000000  0.0000000000
-282.1150202924  0.0000000000  0.0000000000  0.0000000000  0.0000000000
-280.8583832309  0.0000000000  0.0000000000  0.0000000000  0.0000000000
-279.6017461695  0.0000000000  0.0000000000  0.0000000000  0.0000000000
-278.3451091081  0.0000000000  0.0000000000  0.0000000000  0.0000000000
-277.0884720466  0.0000000000  0.0000000000  0.0000000000  0.0000000000
-275.8318349852  0.0000000000  0.0000000000  0.0000000000  0.0000000000
-274.5751979237  0.0000000000  0.0000000000  0.0000000000  0.0000000000
-273.3185608623  0.0000000000  0.0000000000  0.0000000000  0.0000000000
-272.0619238009  0.0000000000  0.0000000000  0.0000000000  0.0000000000
-270.8052867394  0.0000000000  0.0000000000  0.0000000000  0.0000000000
-269.5486496780  0.0000000000  0.0000000000  0.0000000000  0.0000000000
-268.2920126166  0.0000000000  0.0000000000  0.0000000000  0.0000000000
-267.0353755551  0.0000000000  0.0000000000  0.0000000000  0.0000000000
-265.7787384937  0.0000000000  0.0000000000  0.0000000000  0.0000000000
-264.5221014323  0.0000000000  0.0000000000  0.0000000000  0.0000000000
-263.2654643708  0.0000000000  0.0000000000  0.0000000000  0.0000000000
-262.0088273094  0.0000000000  0.0000000000  0.0000000000  0.0000000000
-260.7521902480  0.0000000000  0.0000000000  0.0000000000  0.0000000000
-259.4955531865  0.0000000000  0.0000000000  0.0000000000  0.0000000000
-258.2389161251  0.0000000000  0.0000000000  0.0000000000  0.0000000000
-256.9822790636  0.0000000000  0.0000000000  0.0000000000  0.0000000000
-255.7256420022  0.0000000000  0.0000000000  0.0000000000  0.0000000000
-254.4690049408  0.0000000000  0.0000000000  0.0000000000  0.0000000000
-253.2123678793  0.0000000000  0.0000000000  0.0000000000  0.0000000000
-251.9557308179  0.0000000000  0.0000000000  0.0000000000  0.0000000000
-250.6990937565  0.0000000000  0.0000000000  0.0000000000  0.0000000000
-249.4424566950  0.0000000000  0.0000000000  0.0000000000  0.0000000000
-248.1858196336  0.0000000000  0.0000000000  0.0000000000  0.0000000000
-246.9291825722  0.0000000000  0.0000000000  0.0000000000  0.0000000000
-245.6725455107  0.0000000000  0.0000000000  0.0000000000  0.0000000000
-244.4159084493  0.0000000000  0.0000000000  0.0000000000  0.0000000000
-243.1592713878  0.0000000000  0.0000000000  0.0000000000  0.0000000000
-241.9026343264  0.0000000000  0.0000000000  0.0000000000  0.0000000000
-240.6459972650  0.0000000000  0.0000000000  0.0000000000  0.0000000000
-239.3893602035  0.0000000000  0.0000000000  0.0000000000  0.0000000000
-238.1327231421  0.0000000000  0.0000000000  0.0000000000  0.0000000000
-236.8760860807  0.0000000000  0.0000000000  0.0000000000  0.0000000000
-235.6194490192  0.0000000000  0.0000000000  0.0000000000  0.0000000000
-234.3628119578  0.0000000000  0.0000000000  0.0000000000  0.0000000000
-233.1061748964  0.0000000000  0.0000000000  0.0000000000  0.0000000000
-231.8495378349  0.0000000000  0.0000000000  0.0000000000  0.0000000000
-230.5929007735  0.0000000000  0.0000000000  0.0000000000  0.0000000000
-229.3362637121  0.0000000000  0.0000000000  0.0000000000  0.0000000000
-228.0796266506  0.0000000000  0.0000000000  0.0000000000  0.0000000000
-226.8229895892  0.0000000000  0.0000000000  0.0000000000  0.0000000000
-225.5663525277  0.0000000000  0.0000000000  0.0000000000  0.0000000000
-224.3097154663  0.0000000000  0.0000000000  0.0000000000  0.0000000000
-223.0530784049  0.0000000000  0.0000000000  0.0000000000  0.0000000000
-221.7964413434  0.0000000000  0.0000000000  0.0000000000  0.0000000000
-220.5398042820  0.0000000000  0.0000000000  0.0000000000  0.0000000000
-219.2831672206  0.0000000000  0.0000000000  0.0000000000  0.0000000000
-218.0265301591  0.0000000000  0.0000000000  0.0000000000  0.0000000000
-216.7698930977  0.0000000000  0.0000000000  0.0000000000  0.0000000000
-215.5132560363  0.0000000000  0.0000000000  0.0000000000  0.0000000000
-214.2566189748  0.0000000000  0.0000000000  0.0000000000  0.0000000000
-212.9999819134  0.0000000000  0.0000000000  0.0000000000  0.0000000000
-211.7433448520  0.0000000000  0.0000000000  0.0000000000  0.0000000000
-210.4867077905  0.0000000000  0.0000000000  0.0000000000  0.0000000000
-209.2300707291  0.0000000000  0.0000000000  0.0000000000  0.0000000000
-207.9734336676  0.0000000000  0.0000000000  0.0000000000  0.0000000000
-206.7167966062  0.0000000000  0.0000000000  0.0000000000  0.0000000000
-205.4601595448  0.0000000000  0.0000000000  0.0000000000  0.0000000000
-204.2035224833  0.0000000000  0.0000000000  0.0000000000  0.0000000000
-202.9468854219  0.0000000000  0.0000000000  0.0000000000  0.0000000000
-201.6902483605  0.0000000000  0.0000000000  0.0000000000  0.0000000000
-200.4336112990  0.0000000000  0.0000000000  0.0000000000  0.0000000000
-199.1769742376  0.0000000000  0.0000000000  0.0000000000  0.0000000000
-197.9203371762  0.0000000000  0.0000000000  0.0000000000  0.0000000000
-196.6637001147  0.0000000000  0.0000000000  0.0000000000  0.0000000000
-195.4070630533  0.0000000000  0.0000000000  0.0000000000  0.0000000000
-194.1504259918  0.0000000000  0.0000000000  0.0000000000  0.0000000000
-192.8937889304  0.0000000000  0.0000000000  0.0000000000  0.0000000000
-191.6371518690  0.0000000000  0.0000000000  0.0000000000  0.0000000000
-190.3805148075  0.0000000000  0.0000000000  0.0000000000  0.0000000000
-189.1238777461  0.0000000000  0.0000000000  0.0000000000  0.0000000000
-187.8672406847  0.0000000000  0.0000000000  0.0000000000  0.0000000000
-186.6106036232  0.0000000000  0.0000000000  0.0000000000  0.0000000000
-185.3539665618  0.0000000000  0.0000000000  0.0000000000  0.0000000000
-184.0973295004  0.0000000000  0.0000000000  0.0000000000  0.0000000000
-182.8406924389  0.0000000000  0.0000000000  0.0000000000  0.0000000000
-181.5840553775  0.0000000000  0.0000000000  0.0000000000  0.0000000000
-180.3274183161  0.0000000000  0.0000000000  0.0000000000  0.0000000000
-179.0707812546  0.0000000000  0.0000000000  0.0000000000  0.0000000000
-177.8141441932  0.0000000000  0.0000000000  0.0000000000  0.0000000000
-176.5575071317  0.0000000000  0.0000000000  0.0000000000  0.0000000000
-175.3008700703  0.0000000000  0.0000000000  0.0000000000  0.0000000000
-174.0442330089  0.0000000000  0.0000000000  0.0000000000  0.0000000000
-172.7875959474  0.0000000000  0.0000000000  0.0000000000  0.0000000000
-171.5309588860  0.0000000000  0.0000000000  0.0000000000  0.0000000000
-170.2743218246  0.0000000000  0.0000000000  0.0000000000  0.0000000000
-169.0176847631  0.0000000000  0.0000000000  0.0000000000  0.0000000000
-167.7610477017  0.0000000000  0.0000000000  0.0000000000  0.0000000000
-166.5044106403  0.0000000000  0.0000000000  0.0000000000  0.0000000000
-165.2477735788  0.0000000000  0.0000000000  0.0000000000  0.0000000000
-163.9911365174  0.0000000000  0.0000000000  0.0000000000  0.0000000000
-162.7344994560  0.0000000000  0.0000000000  0.0000000000  0.0000000000
-161.4778623945  0.0000000000  0.0000000000  0.0000000000  0.0000000000
-160.2212253331  0.0000000000  0.0000000000  0.0000000000  0.0000000000
-158.9645882716  0.0000000000  0.0000000000  0.0000000000  0.0000000000
-157.7079512102  0.0000000000  0.0000000000  0.0000000000  0.0000000000
-156.4513141488  0.0000000000  0.0000000000  0.0000000000  0.0000000000
-155.1946770873  0.0000000000  0.0000000000  0.0000000000  0.0000000000
-153.9380400259  0.0000000000  0.0000000000  0.0000000000  0.0000000000
-152.6814029645  0.0000000000  0.0000000000  0.0000000000  0.0000000000
-151.4247659030  0.0000000000  0.0000000000  0.0000000000  0.0000000000
-150.1681288416  0.0000000000  0.0000000000  0.0000000000  0.0000000000
-148.9114917802  0.0000000000  0.0000000000  0.0000000000  0.0000000000
-147.6548547187  0.0000000000  0.0000000000  0.0000000000  0.0000000000
-146.3982176573  0.0000000000  0.0000000000  0.0000000000  0.0000000000
-145.1415805958  0.0000000000  0.0000000000  0.0000000000  0.0000000000
-143.8849435344  0.0000000000  0.0000000000  0.0000000000  0.0000000000
-142.6283064730  0.0000000000  0.0000000000  0.0000000000  0.0000000000
-141.3716694115  0.0000000000  0.0000000000  0.0000000000  0.0000000000
-140.1150323501  0.0000000000  0.0000000000  0.0000000000  0.0000000000
-138.8583952887  0.0000000000  0.0000000000  0.0000000000  0.0000000000
-137.6017582272  0.0000000000  0.0000000000  0.0000000000  0.0000000000
-136.3451211658  0.0000000000  0.0000000000  0.0000000000  0.0000000000
-135.0884841044  0.0000000000  0.0000000000  0.0000000000  0.0000000000
-133.8318470429  0.0000000000  0.0000000000  0.0000000000  0.0000000000
-132.5752099815  0.0000000000  0.0000000000  0.0000000000  0.0000000000
-131.3185729201  0.0000000000  0.0000000000  0.0000000000  0.0000000000
-130.0619358586  0.0000000000  0.0000000000  0.0000000000  0.0000000000
-128.8052987972  0.0000000000  0.0000000000  0.0000000000  0.0000000000
-127.5486617357  0.0000000000  0.0000000000  0.0000000000  0.0000000000
-126.2920246743  0.0000000000  0.0000000000  0.0000000000  0.0000000000
-125.0353876129  0.0000000000  0.0000000000  0.0000000000  0.0000000000
-123.7787505514  0.0000000000  0.0000000000  0.0000000000  0.0000000000
-122.5221134900  0.0000000000  0.0000000000  0.0000000000  0.0000000000
-121.2654764286  0.0000000000  0.0000000000  0.0000000000  0.0000000000
-120.0088393671  0.0000000000  0.0000000000  0.0000000000  0.0000000000
-118.7522023057  0.0000000000  0.0000000000  0.0000000000  0.0000000000
-117.4955652443  0.0000000000  0.0000000000  0.0000000000  0.0000000000
-116.2389281828  0.0000000000  0.0000000000  0.0000000000  0.0000000000
-114.9822911214  0.0000000000  0.0000000000  0.0000000000  0.0000000000
-113.7256540600  0.0000000000  0.0000000000  0.0000000000  0.0000000000
-112.4690169985  0.0000000000  0.0000000000  0.0000000000  0.0000000000
-111.2123799371  0.0000000000  0.0000000000  0.0000000000  0.0000000000
-109.9557428756  0.0000000000  0.0000000000  0.0000000000  0.0000000000
-108.6991058142  0.0000000000  0.0000000000  0.0000000000  0.0000000000
-107.4424687528  0.0000000000  0.0000000000  0.0000000000  0.0000000000
-106.1858316913  0.0000000000  0.0000000000  0.0000000000  0.0000000000
-104.9291946299  0.0000000000  0.0000000000  0.0000000000  0.0000000000
-103.6725575685  0.0000000000  0.0000000000  0.0000000000  0.0000000000
-102.4159205070  0.0000000000  0.0000000000  0.0000000000  0.0000000000
-101.1592834456  0.0000000000  0.0000000000  0.0000000000  0.0000000000
-99.9026463842  0.0000000000  0.0000000000  0.0000000000  0.0000000000
-98.6460093227  0.0000000000  0.0000000000  0.0000000000  0.0000000000
-97.3893722613  0.0000000000  0.0000000000  0.0000000000  0.0000000000
-96.1327351998  0.0000000000  0.0000000000  0.0000000000  0.0000000000
-94.8760981384  0.0000000000  0.0000000000  0.0000000000  0.0000000000
-93.6194610770  0.0000000000  0.0000000000  0.0000000000  0.0000000000
-92.3628240155  0.0000000000  0.0000000000  0.0000000000  0.0000000000
-91.1061869541  0.0000000000  0.0000000000  0.0000000000  0.0000000000
-89.8495498927  0.0000000000  0.0000000000  0.0000000000  0.0000000000
-88.5929128312  0.0000000000  0.0000000000  0.0000000000  0.0000000000
-87.3362757698  0.0000000000  0.0000000000  0.0000000000  0.0000000000
-86.0796387084  0.0000000000  0.0000000000  0.0000000000  0.0000000000
-84.8230016469  0.0000000000  0.0000000000  0.0000000000  0.0000000000
-83.5663645855  0.0000000000  0.0000000000  0.0000000000  0.0000000000
-82.3097275241  0.0000000000  0.0000000000  0.0000000000  0.0000000000
-81.0530904626  0.0000000000  0.0000000000  0.0000000000  0.0000000000
-79.7964534012  0.0000000000  0.0000000000  0.0000000000  0.0000000000
-78.5398163397  0.0000000000  0.0000000000  0.0000000000  0.0000000000
-77.2831792783  0.0000000000  0.0000000000  0.0000000000  0.0000000000
-76.0265422169  0.0000000000  0.0000000000  0.0000000000  0.0000000000
-74.7699051554  0.0000000000  0.0000000000  0.0000000000  0.0000000000
-73.5132680940  0.0000000000  0.0000000000  0.0000000000  0.0000000000
-72.2566310326  0.0000000000  0.0000000000  0.0000000000  0.0000000000
-70.9999939711  0.0000000000  0.0000000000  0.0000000000  0.0000000000
-69.7433569097  0.0000000000  0.0000000000  0.0000000000  0.0000000000
-68.4867198483  0.0000000000  0.0000000000  0.0000000000  0.0000000000
-67.2300827868  0.0000000000  0.0000000000  0.0000000000  0.0000000000
-65.9734457254  0.0000000000  0.0000000000  0.0000000000  0.0000000000
-64.7168086639  0.0000000000  0.0000000000  0.0000000000  0.0000000000
-63.4601716025  0.0000000000  0.0000000000  0.0000000000  0.0000000000
-62.2035345411  0.0000000000  0.0000000000  0.0000000000  0.0000000000
-60.9468974796  0.0000000000  0.0000000000  0.0000000000  0.0000000000
-59.6902604182  0.0000000000  0.0000000000  0.0000000000  0.0000000000
-58.4336233568  0.0000000000  0.0000000000  0.0000000000  0.0000000000
-57.1769862953  0.0000000000  0.0000000000  0.0000000000  0.0000000000
-55.9203492339  0.0000000000  0.0000000000  0.0000000000  0.0000000000
-54.6637121725  0.0000000000  0.0000000000  0.0000000000  0.0000000000
-53.4070751110  0.0000000000  0.0000000000  0.0000000000  0.0000000000
-52.1504380496  0.0000000000  0.0000000000  0.0000000000  0.0000000000
-50.8938009882  0.0000000000  0.0000000000  0.0000000000  0.0000000000
-49.6371639267  0.0000000000  0.0000000000  0.0000000000  0.0000000000
-48.3805268653  0.0000000000  0.0000000000  0.0000000000  0.0000000000
-47.1238898038  0.0000000000  0.0000000000  0.0000000000  0.0000000000
-45.8672527424  0.0000000000  0.0000000000  0.0000000000  0.0000000000
-44.6106156810  0.0000000000  0.0000000000  0.0000000000  0.0000000000
-43.3539786195  0.0000000000  0.0000000000  0.0000000000  0.0000000000
-42.0973415581  0.0000000000  0.0000000000  0.0000000000  0.0000000000
-40.8407044967  0.0000000000  0.0000000000  0.0000000000  0.0000000000
-39.5840674352  0.0000000000  0.0000000000  0.0000000000  0.0000000000
-38.3274303738  0.0000000000  0.0000000000  0.0000000000  0.0000000000
-37.0707933124  0.0000000000  0.0000000000  0.0000000000  0.0000000000
-35.8141562509  0.0000000000  0.0000000000  0.0000000000  0.0000000000
-34.5575191895  0.0000000000  0.0000000000  0.0000000000  0.0000000000
-33.3008821281  0.0000000000  0.0000000000  0.0000000000  0.0000000000
-32.0442450666  0.0000000000  0.0000000000  0.0000000000  0.0000000000
-30.7876080052  0.0000000000  0.0000000000  0.0000000000  0.0000000000
-29.5309709437  0.0000000000  0.0000000000  0.0000000000  0.0000000000
-28.2743338823  0.0000000000  0.0000000000  0.0000000000  0.0000000000
-27.0176968209  0.0000000000  0.0000000000  0.0000000000  0.0000000000
-25.7610597594  0.0000000000  0.0000000000  0.0000000000  0.0000000000
-24.5044226980  0.0000000000  0.0000000000  0.0000000000  0.0000000000
-23.2477856366  0.0000000000  0.0000000000  0.0000000000  0.0000000000
-21.9911485751  0.0000000000  0.0000000000  0.0000000000  0.0000000000
-20.7345115137  0.0000000000  0.0000000000  0.0000000000  0.0000000000
-19.4778744523  0.0000000000  0.0000000000  0.0000000000  0.0000000000
-18.2212373908  0.0000000000  0.0000000000  0.0000000000  0.0000000000
-16.9646003294  0.0000000000  0.0000000000  0.0000000000  0.0000000000
-15.7079632679  0.0000000000  0.0000000000  0.0000000000  0.0000000000
-14.4513262065  0.0000000000  0.0000000000  0.0000000000  0.0000000000
-13.1946891451  0.0000000000  0.0000000000  0.0000000000  0.0000000000
-11.9380520836  0.0000000000  0.0000000000  0.0000000000  0.0000000000
-10.6814150222  0.0000000000  0.0000000000  0.0000000000  0.0000000000
-9.4247779608  0.0000000000  0.0000000000  0.0000000000  0.0000000000
-8.1681408993  0.0000000000  0.0000000000  0.0000000000  0.0000000000
-6.9115038379  0.0000000000  0.0000000000  0.0000000000  0.0000000000
-5.6548667765  0.0000000000  0.0000000000  0.0000000000  0.0000000000
-4.3982297150  0.0000000000  0.0000000000  0.0000000000  0.0000000000
-3.1415926536  0.0000000000  0.0000000000  0.0000000000  0.0000000000
-1.8849555922  0.0000000000  0.0000000000  0.0000000000  -0.0000001622
-0.6283185307  0.0000000000  0.0000000000  -0.0000005067  0.0000000000
0.6283185307  0.0000000000  0.0000000000  -0.6721032893  -0.6484603852
1.8849555922  0.0000000000  0.0000000000  -0.5569290809  -1.0690570287
3.1415926536  0.0000000000  0.0000000000  -0.4310951354  -1.0665203813
4.3982297150  0.0000000000  0.0000000000  -0.3323732440  -0.9565785541
5.6548667765  0.0000000000  0.0000000000  -0.2593926121  -0.8432882512
6.9115038379  0.0000000000  0.0000000000  -0.2058512660  -0.7443604686
8.1681408993  0.0000000000  0.0000000000  -0.1662280656  -0.6600707245
9.4247779608  0.0000000000  0.0000000000  -0.1363155239  -0.5902011161
10.6814150222  0.0000000000  0.0000000000  -0.1133019783  -0.5326358139
11.9380520836  0.0000000000  0.0000000000  -0.0953174214  -0.4848179429
13.1946891451  0.0000000000  0.0000000000  -0.0810727968  -0.4445707485
14.4513262065  0.0000000000  0.0000000000  -0.0696513606  -0.4102434923
15.7079632679  0.0000000000  0.0000000000  -0.0603878677  -0.3806215277
16.9646003294  0.0000000000  0.0000000000  -0.0527929462  -0.3548059226
18.2212373908  0.0000000000  0.0000000000  -0.0465025957  -0.3321184608
19.4778744523  0.0000000000  0.0000000000  -0.0412432466  -0.3120360685
20.7345115137  0.0000000000  0.0000000000  -0.0368071701  -0.2941471050
21.9911485751  0.0000000000  0.0000000000  -0.0330350062  -0.2781220693
23.2477856366  0.0000000000  0.0000000000  -0.0298032587  -0.2636935125
24.5044226980  0.0000000000  0.0000000000  -0.0270152770  -0.2506418599
25.7610597594  0.0000000000  0.0000000000  -0.0245947001  -0.2387851155
27.0176968209  0.0000000000  0.0000000000  -0.0224806498  -0.2279711973
28.2743338823  0.0000000000  0.0000000000  -0.0206241729  -0.2180721099
29.5309709437  0.0000000000  0.0000000000  -0.0189855858  -0.2089794385
30.7876080052  0.0000000000  0.0000000000  -0.0175324725  -0.2006008169
32.0442450666  0.0000000000  0.0000000000  -0.0162381629  -0.1928571265
33.3008821281  0.0000000000  0.0000000000  -0.0150805657  -0.1856802553
34.5575191895  0.0000000000  0.0000000000  -0.0140412655  -0.1790112894
35.8141562509  0.0000000000  0.0000000000  -0.0131048193  -0.1727990435
37.0707933124  0.0000000000  0.0000000000  -0.0122582035  -0.1669988595
38.3274303738  0.0000000000  0.0000000000  -0.0114903766  -0.1615716181
39.5840674352  0.0000000000  0.0000000000  -0.0107919304  -0.1564829212
40.8407044967  0.0000000000  0.0000000000  -0.0101548106  -0.1517024131
42.0973415581  0.0000000000  0.0000000000  -0.0095720907  -0.1472032127
43.3539786195  0.0000000000  0.0000000000  -0.0090377894  -0.1429614379
44.6106156810  0.0000000000  0.0000000000  -0.0085467203  -0.1389558041
45.8672527424  0.0000000000  0.0000000000  -0.0080943695  -0.1351672857
47.1238898038  0.0000000000  0.0000000000  -0.0076767939  -0.1315788270
48.3805268653  0.0000000000  0.0000000000  -0.0072905374  -0.1281750969
49.6371639267  0.0000000000  0.0000000000  -0.0069325605  -0.1249422789
50.8938009882  0.0000000000  0.0000000000  -0.0066001821  -0.1218678897
52.1504380496  0.0000000000  0.0000000000  -0.0062910300  -0.1189406241
53.4070751110  0.0000000000  0.0000000000  -0.0060029993  -0.1161502205
54.6637121725  0.0000000000  0.0000000000  -0.0057342172  -0.1134873438
55.9203492339  0.0000000000  0.0000000000  -0.0054830131  -0.1109434841
57.1769862953  0.0000000000  0.0000000000  -0.0052478934  -0.1085108681
58.4336233568  0.0000000000  0.0000000000  -0.0050275187  -0.1061823816
59.6902604182  0.0000000000  0.0000000000  -0.0048206862  -0.1039515015
60.9468974796  0.0000000000  0.0000000000  -0.0046263125  -0.1018122361
62.2035345411  0.0000000000  0.0000000000  -0.0044434202  -0.0997590722
63.4601716025  0.0000000000  0.0000000000  -0.0042711256  -0.0977869285
64.7168086639  0.0000000000  0.0000000000  -0.0041086280  -0.0958911146
65.9734457254  0.0000000000  0.0000000000  -0.0039552009  -0.0940672939
67.2300827868  0.0000000000  0.0000000000  -0.0038101835  -0.0923114511
68.4867198483  0.0000000000  0.0000000000  -0.0036729741  -0.0906198635
69.7433569097  0.0000000000  0.0000000000  -0.0035430237  -0.0889890743
70.9999939711  0.0000000000  0.0000000000  -0.0034198304  -0.0874158696
72.2566310326  0.0000000000  0.0000000000  -0.0033029351  -0.0858972578
73.5132680940  0.0000000000  0.0000000000  -0.0031919168  -0.0844304504
74.7699051554  0.0000000000  0.0000000000  -0.0030863889  -0.0830128451
76.0265422169  0.0000000000  0.0000000000  -0.0029859962  -0.0816420108
77.2831792783  0.0000000000  0.0000000000  -0.0028904117  -0.0803156737
78.5398163397  0.0000000000  0.0000000000  -0.0027993337  -0.0790317046
79.7964534012  0.0000000000  0.0000000000  -0.0027124841  -0.0777881079
81.0530904626  0.0000000000  0.0000000000  -0.0026296056  -0.0765830111
82.3097275241  0.0000000000  0.0000000000  -0.0025504603  -0.0754146557
83.5663645855  0.0000000000  0.0000000000  -0.0024748277  -0.0742813884
84.8230016469  0.0000000000  0.0000000000  -0.0024025035  -0.0731816535
86.0796387084  0.0000000000  0.0000000000  -0.0023332978  -0.0721139858
87.3362757698  0.0000000000  0.0000000000  -0.0022670341  -0.0710770042
88.5929128312  0.0000000000  0.0000000000  -0.0022035485  -0.0700694056
89.8495498927  0.0000000000  0.0000000000  -0.0021426879  -0.0690899597
91.1061869541  0.0000000000  0.0000000000  -0.0020843099  -0.0681375037
92.3628240155  0.0000000000  0.0000000000  -0.0020282816  -0.0672109380
93.6194610770  0.0000000000  0.0000000000  -0.0019744787  -0.0663092219
94.8760981384  0.0000000000  0.0000000000  -0.0019227850  -0.0654313697
96.1327351998  0.0000000000  0.0000000000  -0.0018730919  -0.0645764468
97.3893722613  0.0000000000  0.0000000000  -0.0018252977  -0.0637435673
98.6460093227  0.0000000000  0.0000000000  -0.0017793070  -0.0629318897
99.9026463842  0.0000000000  0.0000000000  -0.0017350303  -0.0621406153
101.1592834456  0.0000000000  0.0000000000  -0.0016923835  -0.0613689846
102.4159205070  0.0000000000  0.0000000000  -0.0016512878  -0.0606162755
103.6725575685  0.0000000000  0.0000000000  -0.0016116690  -0.0598818008
104.9291946299  0.0000000000  0.0000000000  -0.0015734572  -0.0591649062
106.1858316913  0.0000000000  0.0000000000  -0.0015365867  -0.0584649681
107.4424687528  0.0000000000  0.0000000000  -0.0015009954  -0.0577813924
108.6991058142  0.0000000000  0.0000000000  -0.0014666250  -0.0571136121
109.9557428756  0.0000000000  0.0000000000  -0.0014334203  -0.0564610863
111.2123799371  0.0000000000  0.0000000000  -0.0014013293  -0.0558232982
112.4690169985  0.0000000000  0.0000000000  -0.0013703028  -0.0551997545
113.7256540600  0.0000000000  0.0000000000  -0.0013402942  -0.0545899833
114.9822911214  0.0000000000  0.0000000000  -0.0013112596  -0.0539935336
116.2389281828  0.0000000000  0.0000000000  -0.0012831573  -0.0534099735
117.4955652443  0.0000000000  0.0000000000  -0.0012559478  -0.0528388899
118.7522023057  0.0000000000  0.0000000000  -0.0012295938  -0.0522798870
120.0088393671  0.0000000000  0.0000000000  -0.0012040598  -0.0517325856
121.2654764286  0.0000000000  0.0000000000  -0.0011793122  -0.0511966222
122.5221134900  0.0000000000  0.0000000000  -0.0011553191  -0.0506716482
123.7787505514  0.0000000000  0.0000000000  -0.0011320501  -0.0501573292
125.0353876129  0.0000000000  0.0000000000  -0.0011094763  -0.0496533440
126.2920246743  0.0000000000  0.0000000000  -0.0010875705  -0.0491593844
127.5486617357  0.0000000000  0.0000000000  -0.0010663065  -0.0486751544
128.8052987972  0.0000000000  0.0000000000  -0.0010456595  -0.0482003692
130.0619358586  0.0000000000  0.0000000000  -0.0010256060  -0.0477347552
131.3185729201  0.0000000000  0.0000000000  -0.0010061233  -0.0472780495
132.5752099815  0.0000000000  0.0000000000  -0.0009871901  -0.0468299987
133.8318470429  0.0000000000  0.0000000000  -0.0009687858  -0.0463903592
135.0884841044  0.0000000000  0.0000000000  -0.0009508911  -0.0459588965
136.3451211658  0.0000000000  0.0000000000  -0.0009334872  -0.0455353844
137.6017582272  0.0000000000  0.0000000000  -0.0009165564  -0.0451196054
138.8583952887  0.0000000000  0.0000000000  -0.0009000818  -0.0447113496
140.1150323501  0.0000000000  0.0000000000  -0.0008840470  -0.0443104146
141.3716694115  0.0000000000  0.0000000000  -0.0008684366  -0.0439166053
142.6283064730  0.0000000000  0.0000000000  -0.0008532357  -0.0435297335
143.8849435344  0.0000000000  0.0000000000  -0.0008384302  -0.0431496174
145.1415805958  0.0000000000  0.0000000000  -0.0008240065  -0.0427760817
146.3982176573  0.0000000000  0.0000000000  -0.0008099515  -0.0424089570
147.6548547187  0.0000000000  0.0000000000  -0.0007962528  -0.0420480797
148.9114917802  0.0000000000  0.0000000000  -0.0007828986  -0.0416932916
150.1681288416  0.0000000000  0.0000000000  -0.0007698772  -0.0413444400
151.4247659030  0.0000000000  0.0000000000  -0.0007571778  -0.0410013771
152.6814029645  0.0000000000  0.0000000000  -0.0007447899  -0.0406639601
153.9380400259  0.0000000000  0.0000000000  -0.0007327033  -0.0403320506
155.1946770873  0.0000000000  0.0000000000  -0.0007209084  -0.0400055151
156.4513141488  0.0000000000  0.0000000000  -0.0007093958  -0.0396842240
157.7079512102  0.0000000000  0.0000000000  -0.0006981567  -0.0393680520
158.9645882716  0.0000000000  0.0000000000  -0.0006871824  -0.0390568778
160.2212253331  0.0000000000  0.0000000000  -0.0006764646  -0.0387505837
161.4778623945  0.0000000000  0.0000000000  -0.0006659956  -0.0384490560
162.7344994560  0.0000000000  0.0000000000  -0.0006557675  -0.0381521841
163.9911365174  0.0000000000  0.0000000000  -0.0006457732  -0.0378598612
165.2477735788  0.0000000000  0.0000000000  -0.0006360055  -0.0375719834
166.5044106403  0.0000000000  0.0000000000  -0.0006264576  -0.0372884502
167.7610477017  0.0000000000  0.0000000000  -0.0006171229  -0.0370091639
169.0176847631  0.0000000000  0.0000000000  -0.0006079953  -0.0367340299
170.2743218246  0.0000000000  0.0000000000  -0.0005990686  -0.0364629561
171.5309588860  0.0000000000  0.0000000000  -0.0005903369  -0.0361958536
172.7875959474  0.0000000000  0.0000000000  -0.0005817947  -0.0359326355
174.0442330089  0.0000000000  0.0000000000  -0.0005734365  -0.0356732178
175.3008700703  0.0000000000  0.0000000000  -0.0005652569  -0.0354175187
176.5575071317  0.0000000000  0.0000000000  -0.0005572511  -0.0351654590
177.8141441932  0.0000000000  0.0000000000  -0.0005494141  -0.0349169613
179.0707812546  0.0000000000  0.0000000000  -0.0005417412  -0.0346719509
180.3274183161  0.0000000000  0.0000000000  -0.0005342278  -0.0344303547
181.5840553775  0.0000000000  0.0000000000  -0.0005268696  -0.0341921020
182.8406924389  0.0000000000  0.0000000000  -0.0005196623  -0.0339571238
184.0973295004  0.0000000000  0.0000000000  -0.0005126018  -0.0337253530
185.3539665618  0.0000000000  0.0000000000  -0.0005056841  -0.0334967244
186.6106036232  0.0000000000  0.0000000000  -0.0004989055  -0.0332711746
187.8672406847  0.0000000000  0.0000000000  -0.0004922623  -0.0330486418
189.1238777461  0.0000000000  0.0000000000  -0.0004857507  -0.0328290659
190.3805148075  0.0000000000  0.0000000000  -0.0004793675  -0.0326123883
191.6371518690  0.0000000000  0.0000000000  -0.0004731093  -0.0323985520
192.8937889304  0.0000000000  0.0000000000  -0.0004669727  -0.0321875016
194.1504259918  0.0000000000  0.0000000000  -0.0004609547  -0.0319791828
195.4070630533  0.0000000000  0.0000000000  -0.0004550523  -0.0317735431
196.6637001147  0.0000000000  0.0000000000  -0.0004492624  -0.0315705310
197.9203371762  0.0000000000  0.0000000000  -0.0004435823  -0.0313700966
199.1769742376  0.0000000000  0.0000000000  -0.0004380093  -0.0311721911
200.4336112990  0.0000000000  0.0000000000  -0.0004325405  -0.0309767668
201.6902483605  0.0000000000  0.0000000000  -0.0004271735  -0.0307837775
202.9468854219  0.0000000000  0.0000000000  -0.0004219057  -0.0305931779
204.2035224833  0.0000000000  0.0000000000  -0.0004167348  -0.0304049239
205.4601595448  0.0000000000  0.0000000000  -0.0004116583  -0.0302189724
206.7167966062  0.0000000000  0.0000000000  -0.0004066739  -0.0300352815
207.9734336676  0.0000000000  0.0000000000  -0.0004017796  -0.0298538102
209.2300707291  0.0000000000  0.0000000000  -0.0003969730  -0.0296745186
210.4867077905  0.0000000000  0.0000000000  -0.0003922521  -0.0294973675
211.7433448520  0.0000000000  0.0000000000  -0.0003876149  -0.0293223190
212.9999819134  0.0000000000  0.0000000000  -0.0003830594  -0.0291493357
214.2566189748  0.0000000000  0.0000000000  -0.0003785837  -0.0289783813
215.5132560363  0.0000000000  0.0000000000  -0.0003741860  -0.0288094204
216.7698930977  0.0000000000  0.0000000000  -0.0003698645  -0.0286424183
218.0265301591  0.0000000000  0.0000000000  -0.0003656174  -0.0284773411
219.2831672206  0.0000000000  0.0000000000  -0.0003614429  -0.0283141557
220.5398042820  0.0000000000  0.0000000000  -0.0003573396  -0.0281528299
221.7964413434  0.0000000000  0.0000000000  -0.0003533057  -0.0279933319
223.0530784049  0.0000000000  0.0000000000  -0.0003493397  -0.0278356309
224.3097154663  0.0000000000  0.0000000000  -0.0003454401  -0.0276796968
225.5663525277  0.0000000000  0.0000000000  -0.0003416054  -0.0275255000
226.8229895892  0.0000000000  0.0000000000  -0.0003378342  -0.0273730115
228.0796266506  0.0000000000  0.0000000000  -0.0003341250  -0.0272222033
229.3362637121  0.0000000000  0.0000000000  -0.0003304766  -0.0270730476
230.5929007735  0.0000000000  0.0000000000  -0.0003268877  -0.0269255174
231.8495378349  0.0000000000  0.0000000000  -0.0003233568  -0.0267795864
233.1061748964  0.0000000000  0.0000000000  -0.0003198829  -0.0266352286
234.3628119578  0.0000000000  0.0000000000  -0.0003164646  -0.0264924188
235.6194490192  0.0000000000  0.0000000000  -0.0003131008  -0.0263511322
236.8760860807  0.0000000000  0.0000000000  -0.0003097903  -0.0262113446
238.1327231421  0.0000000000  0.0000000000  -0.0003065320  -0.0260730321
239.3893602035  0.0000000000  0.0000000000  -0.0003033249  -0.0259361717
240.6459972650  0.0000000000  0.0000000000  -0.0003001678  -0.0258007405
241.9026343264  0.0000000000  0.0000000000  -0.0002970597  -0.0256667163
243.1592713878  0.0000000000  0.0000000000  -0.0002939997  -0.0255340773
244.4159084493  0.0000000000  0.0000000000  -0.0002909867  -0.0254028021
245.6725455107  0.0000000000  0.0000000000  -0.0002880197  -0.0252728697
246.9291825722  0.0000000000  0.0000000000  -0.0002850979  -0.0251442598
248.1858196336  0.0000000000  0.0000000000  -0.0002822203  -0.0250169521
249.4424566950  0.0000000000  0.0000000000  -0.0002793861  -0.0248909270
250.6990937565  0.0000000000  0.0000000000  -0.0002765943  -0.0247661653
251.9557308179  0.0000000000  0.0000000000  -0.0002738441  -0.0246426480
253.2123678793  0.0000000000  0.0000000000  -0.0002711348  -0.0245203566
254.4690049408  0.0000000000  0.0000000000  -0.0002684654  -0.0243992729
255.7256420022  0.0000000000  0.0000000000  -0.0002658353  -0.0242793792
256.9822790636  0.0000000000  0.0000000000  -0.0002632436  -0.0241606580
258.2389161251  0.0000000000  0.0000000000  -0.0002606897  -0.0240430921
259.4955531865  0.0000000000  0.0000000000  -0.0002581727  -0.0239266649
260.7521902480  0.0000000000  0.0000000000  -0.0002556920  -0.0238113597
262.0088273094  0.0000000000  0.0000000000  -0.0002532468  -0.0236971605
263.2654643708  0.0000000000  0.0000000000  -0.0002508366  -0.0235840515
264.5221014323  0.0000000000  0.0000000000  -0.0002484606  -0.0234720171
265.7787384937  0.0000000000  0.0000000000  -0.0002461181  -0.0233610421
267.0353755551  0.0000000000  0.0000000000  -0.0002438087  -0.0232511114
268.2920126166  0.0000000000  0.0000000000  -0.0002415316  -0.0231422106
269.5486496780  0.0000000000  0.0000000000  -0.0002392862  -0.0230343250
270.8052867394  0.0000000000  0.0000000000  -0.0002370720  -0.0229274407
272.0619238009  0.0000000000  0.0000000000  -0.0002348884  -0.0228215437
273.3185608623  0.0000000000  0.0000000000  -0.0002327348  -0.0227166204
274.5751979237  0.0000000000  0.0000000000  -0.0002306107  -0.0226126574
275.8318349852  0.0000000000  0.0000000000  -0.0002285155  -0.0225096417
277.0884720466  0.0000000000  0.0000000000  -0.0002264488  -0.0224075603
278.3451091081  0.0000000000  0.0000000000  -0.0002244099  -0.0223064006
279.6017461695  0.0000000000  0.0000000000  -0.0002223985  -0.0222061501
280.8583832309  0.0000000000  0.0000000000  -0.0002204140  -0.0221067968
282.1150202924  0.0000000000  0.0000000000  -0.0002184559  -0.0220083284
283.3716573538  0.0000000000  0.0000000000  -0.0002165238  -0.0219107334
284.6282944152  0.0000000000  0.0000000000  -0.0002146172  -0.0218140001
285.8849314767  0.0000000000  0.0000000000  -0.0002127357  -0.0217181171
287.1415685381  0.0000000000  0.0000000000  -0.0002108788  -0.0216230734
288.3982055995  0.0000000000  0.0000000000  -0.0002090461  -0.0215288578
289.6548426610  0.0000000000  0.0000000000  -0.0002072372  -0.0214354598
290.9114797224  0.0000000000  0.0000000000  -0.0002054516  -0.0213428686
292.1681167839  0.0000000000  0.0000000000  -0.0002036890  -0.0212510738
293.4247538453  0.0000000000  0.0000000000  -0.0002019491  -0.0211600653
294.6813909067  0.0000000000  0.0000000000  -0.0002002313  -0.0210698329
295.9380279682  0.0000000000  0.0000000000  -0.0001985353  -0.0209803668
297.1946650296  0.0000000000  0.0000000000  -0.0001968608  -0.0208916572
298.4513020910  0.0000000000  0.0000000000  -0.0001952074  -0.0208036946
299.7079391525  0.0000000000  0.0000000000  -0.0001935747  -0.0207164697
300.9645762139  0.0000000000  0.0000000000  -0.0001919624  -0.0206299731
302.2212132753  0.0000000000  0.0000000000  -0.0001903702  -0.0205441957
303.4778503368  0.0000000000  0.0000000000  -0.0001887977  -0.0204591288
304.7344873982  0.0000000000  0.0000000000  -0.0001872446  -0.0203747633
305.9911244596  0.0000000000  0.0000000000  -0.0001857105  -0.0202910908
307.2477615211  0.0000000000  0.0000000000  -0.0001841953  -0.0202081027
308.5043985825  0.0000000000  0.0000000000  -0.0001826985  -0.0201257907
309.7610356440  0.0000000000  0.0000000000  -0.0001812199  -0.0200441464
311.0176727054  0.0000000000  0.0000000000  -0.0001797591  -0.0199631619
312.2743097668  0.0000000000  0.0000000000  -0.0001783160  -0.0198828292
313.5309468283  0.0000000000  0.0000000000  -0.0001768901  -0.0198031404
314.7875838897  0.0000000000  0.0000000000  -0.0001754813  -0.0197240878
316.0442209511  0.0000000000  0.0000000000  -0.0001740893  -0.0196456638
317.3008580126  0.0000000000  0.0000000000  -0.0001727137  -0.0195678609
318.5574950740  0.0000000000  0.0000000000  -0.0001713544  -0.0194906719
319.8141321354  0.0000000000  0.0000000000  -0.0001700110  -0.0194140895
321.0707691969  0.0000000000  0.0000000000  -0.0001686834  -0.0193381065
322.3274062583  0.0000000000  0.0000000000  -0.0001673713  -0.0192627159
323.5840433197  0.0000000000  0.0000000000  -0.0001660744  -0.0191879109
324.8406803812  0.0000000000  0.0000000000  -0.0001647926  -0.0191136846
326.0973174426  0.0000000000  0.0000000000  -0.0001635255  -0.0190400304
327.3539545041  0.0000000000  0.0000000000  -0.0001622730  -0.0189669417
328.6105915655  0.0000000000  0.0000000000  -0.0001610348  -0.0188944119
329.8672286269  0.0000000000  0.0000000000  -0.0001598107  -0.0188224347
331.1238656884  0.0000000000  0.0000000000  -0.0001586005  -0.0187510038
332.3805027498  0.0000000000  0.0000000000  -0.0001574041  -0.0186801130
333.6371398112  0.0000000000  0.0000000000  -0.0001562211  -0.0186097562
334.8937768727  0.0000000000  0.0000000000  -0.0001550514  -0.0185399274
336.1504139341  0.0000000000  0.0000000000  -0.0001538948  -0.0184706207
337.4070509955  0.0000000000  0.0000000000  -0.0001527510  -0.0184018302
338.6636880570  0.0000000000  0.0000000000  -0.0001516200  -0.0183335502
339.9203251184  0.0000000000  0.0000000000  -0.0001505015  -0.0182657750
341.1769621799  0.0000000000  0.0000000000  -0.0001493953  -0.0181984990
342.4335992413  0.0000000000  0.0000000000  -0.0001483013  -0.0181317168
343.6902363027  0.0000000000  0.0000000000  -0.0001472192  -0.0180654230
344.9468733642  0.0000000000  0.0000000000  -0.0001461489  -0.0179996122
346.2035104256  0.0000000000  0.0000000000  -0.0001450903  -0.0179342791
347.4601474870  0.0000000000  0.0000000000  -0.0001440431  -0.0178694185
348.7167845485  0.0000000000  0.0000000000  -0.0001430072  -0.0178050254
349.9734216099  0.0000000000  0.0000000000  -0.0001419825  -0.0177410947
351.2300586713  0.0000000000  0.0000000000  -0.0001409687  -0.0176776215
352.4866957328  0.0000000000  0.0000000000  -0.0001399658  -0.0176146008
353.7433327942  0.0000000000  0.0000000000  -0.0001389735  -0.0175520279
354.9999698556  0.0000000000  0.0000000000  -0.0001379917  -0.0174898979
356.2566069171  0.0000000000  0.0000000000  -0.0001370203  -0.0174282063
357.5132439785  0.0000000000  0.0000000000  -0.0001360591  -0.0173669483
358.7698810400  0.0000000000  0.0000000000  -0.0001351080  -0.0173061194
360.0265181014  0.0000000000  0.0000000000  -0.0001341668  -0.0172457152
361.2831551628  0.0000000000  0.0000000000  -0.0001332354  -0.0171857311
362.5397922243  0.0000000000  0.0000000000  -0.0001323137  -0.0171261629
363.7964292857  0.0000000000  0.0000000000  -0.0001314015  -0.0170670062
365.0530663471  0.0000000000  0.0000000000  -0.0001304987  -0.0170082567
366.3097034086  0.0000000000  0.0000000000  -0.0001296052  -0.0169499103
367.5663404700  0.0000000000  0.0000000000  -0.0001287208  -0.0168919629
368.8229775314  0.0000000000  0.0000000000  -0.0001278455  -0.0168344103
370.0796145929  0.0000000000  0.0000000000  -0.0001269790  -0.0167772486
371.3362516543  0.0000000000  0.0000000000  -0.0001261214  -0.0167204737
372.5928887157  0.0000000000  0.0000000000  -0.0001252723  -0.0166640818
373.8495257772  0.0000000000  0.0000000000  -0.0001244319  -0.0166080690
375.1061628386  0.0000000000  0.0000000000  -0.0001235998  -0.0165524315
376.3627999001  0.0000000000  0.0000000000  -0.0001227761  -0.0164971655
377.6194369615  0.0000000000  0.0000000000  -0.0001219606  -0.0164422673
378.8760740229  0.0000000000  0.0000000000  -0.0001211532  -0.0163877332
380.1327110844  0.0000000000  0.0000000000  -0.0001203537  -0.0163335598
381.3893481458  0.0000000000  0.0000000000  -0.0001195622  -0.0162797433
382.6459852072  0.0000000000  0.0000000000  -0.0001187784  -0.0162262802
383.9026222687  0.0000000000  0.0000000000  -0.0001180023  -0.0161731672
385.1592593301  0.0000000000  0.0000000000  -0.0001172338  -0.0161204007
386.4158963915  0.0000000000  0.0000000000  -0.0001164728  -0.0160679774
387.6725334530  0.0000000000  0.0000000000  -0.0001157192  -0.0160158940
388.9291705144  0.0000000000  0.0000000000  -0.0001149728  -0.0159641471
390.1858075759  0.0000000000  0.0000000000  -0.0001142337  -0.0159127336
391.4424446373  0.0000000000  0.0000000000  -0.0001135016  -0.0158616501
392.6990816987  0.0000000000  0.0000000000  -0.0001127766  -0.0158108936
393.9557187602  0.0000000000  0.0000000000  -0.0001120585  -0.0157604608
395.2123558216  0.0000000000  0.0000000000  -0.0001113472  -0.0157103488
396.4689928830  0.0000000000  0.0000000000  -0.0001106427  -0.0156605544
397.7256299445  0.0000000000  0.0000000000  -0.0001099449  -0.0156110747
398.9822670059  0.0000000000  0.0000000000  -0.0001092536  -0.0155619066
400.2389040673  0.0000000000  0.0000000000  -0.0001085688  -0.0155130473
401.4955411288  0.0000000000  0.0000000000  -0.0001078905  -0.0154644939
402.7521781902  0.0000000000  0.0000000000  -0.0001072184  -0.0154162434
404.0088152516  0.0000000000  0.0000000000  -0.0001065527  -0.0153682931
405.2654523131  0.0000000000  0.0000000000  -0.0001058931  -0.0153206401
406.5220893745  0.0000000000  0.0000000000  -0.0001052396  -0.0152732817
407.7787264360  0.0000000000  0.0000000000  -0.0001045922  -0.0152262152
409.0353634974  0.0000000000  0.0000000000  -0.0001039507  -0.0151794379
410.2920005588  0.0000000000  0.0000000000  -0.0001033151  -0.0151329471
411.5486376203  0.0000000000  0.0000000000  -0.0001026853  -0.0150867403
412.8052746817  0.0000000000  0.0000000000  -0.0001020612  -0.0150408147
414.0619117431  0.0000000000  0.0000000000  -0.0001014428  -0.0149951679
415.3185488046  0.0000000000  0.0000000000  -0.0001008301  -0.0149497974
416.5751858660  0.0000000000  0.0000000000  -0.0001002228  -0.0149047005
417.8318229274  0.0000000000  0.0000000000  -0.0000996210  -0.0148598749
419.0884599889  0.0000000000  0.0000000000  -0.0000990247  -0.0148153181
420.3450970503  0.0000000000  0.0000000000  -0.0000984336  -0.0147710278
421.6017341118  0.0000000000  0.0000000000  -0.0000978479  -0.0147270014
422.8583711732  0.0000000000  0.0000000000  -0.0000972673  -0.0146832367
424.1150082346  0.0000000000  0.0000000000  -0.0000966919  -0.0146397314
425.3716452961  0.0000000000  0.0000000000  -0.0000961216  -0.0145964831
426.6282823575  0.0000000000  0.0000000000  -0.0000955563  -0.0145534895
427.8849194189  0.0000000000  0.0000000000  -0.0000949960  -0.0145107485
429.1415564804  0.0000000000  0.0000000000  -0.0000944406  -0.0144682578
430.3981935418  0.0000000000  0.0000000000  -0.0000938901  -0.0144260152
431.6548306032  0.0000000000  0.0000000000  -0.0000933444  -0.0143840186
432.9114676647  0.0000000000  0.0000000000  -0.0000928034  -0.0143422658
434.1681047261  0.0000000000  0.0000000000  -0.0000922671  -0.0143007546
435.4247417875  0.0000000000  0.0000000000  -0.0000917354  -0.0142594831
436.6813788490  0.0000000000  0.0000000000  -0.0000912083  -0.0142184491
437.9380159104  0.0000000000  0.0000000000  -0.0000906858  -0.0141776506
439.1946529719  0.0000000000  0.0000000000  -0.0000901677  -0.0141370855
440.4512900333  0.0000000000  0.0000000000  -0.0000896540  -0.0140967519
441.7079270947  0.0000000000  0.0000000000  -0.0000891448  -0.0140566478
442.9645641562  0.0000000000  0.0000000000  -0.0000886398  -0.0140167713
444.2212012176  0.0000000000  0.0000000000  -0.0000881392  -0.0139771203
445.4778382790  0.0000000000  0.0000000000  -0.0000876427  -0.0139376930
446.7344753405  0.0000000000  0.0000000000  -0.0000871504  -0.0138984876
447.9911124019  0.0000000000  0.0000000000  -0.0000866623  -0.0138595021
449.2477494633  0.0000000000  0.0000000000  -0.0000861783  -0.0138207347
450.5043865248  0.0000000000  0.0000000000  -0.0000856983  -0.0137821835
451.7610235862  0.0000000000  0.0000000000  -0.0000852223  -0.0137438469
453.0176606476  0.0000000000  0.0000000000  -0.0000847503  -0.0137057229
454.2742977091  0.0000000000  0.0000000000  -0.0000842821  -0.0136678098
455.5309347705  0.0000000000  0.0000000000  -0.0000838179  -0.0136301059
456.7875718320  0.0000000000  0.0000000000  -0.0000833574  -0.0135926094
458.0442088934  0.0000000000  0.0000000000  -0.0000829008  -0.0135553187
459.3008459548  0.0000000000  0.0000000000  -0.0000824479  -0.0135182320
460.5574830163  0.0000000000  0.0000000000  -0.0000819987  -0.0134813478
461.8141200777  0.0000000000  0.0000000000  -0.0000815531  -0.0134446642
463.0707571391  0.0000000000  0.0000000000  -0.0000811112  -0.0134081797
464.3273942006  0.0000000000  0.0000000000  -0.0000806729  -0.0133718927
465.5840312620  0.0000000000  0.0000000000  -0.0000802381  -0.0133358016
466.8406683234  0.0000000000  0.0000000000  -0.0000798068  -0.0132999048
468.0973053849  0.0000000000  0.0000000000  -0.0000793789  -0.0132642007
469.3539424463  0.0000000000  0.0000000000  -0.0000789545  -0.0132286878
470.6105795078  0.0000000000  0.0000000000  -0.0000785335  -0.0131933646
471.8672165692  0.0000000000  0.0000000000  -0.0000781159  -0.0131582295
473.1238536306  0.0000000000  0.0000000000  -0.0000777016  -0.0131232810
474.3804906921  0.0000000000  0.0000000000  -0.0000772905  -0.0130885177
475.6371277535  0.0000000000  0.0000000000  -0.0000768828  -0.0130539381
476.8937648149  0.0000000000  0.0000000000  -0.0000764782  -0.0130195407
478.1504018764  0.0000000000  0.0000000000  -0.0000760768  -0.0129853241
479.4070389378  0.0000000000  0.0000000000  -0.0000756786  -0.0129512868
480.6636759992  0.0000000000  0.0000000000  -0.0000752835  -0.0129174276
481.9203130607  0.0000000000  0.0000000000  -0.0000748915  -0.0128837449
483.1769501221  0.0000000000  0.0000000000  -0.0000745025  -0.0128502374
484.4335871835  0.0000000000  0.0000000000  -0.0000741166  -0.0128169038
485.6902242450  0.0000000000  0.0000000000  -0.0000737336  -0.0127837427
486.9468613064  0.0000000000  0.0000000000  -0.0000733536  -0.0127507527
488.2034983679  0.0000000000  0.0000000000  -0.0000729765  -0.0127179325
489.4601354293  0.0000000000  0.0000000000  -0.0000726024  -0.0126852808
490.7167724907  0.0000000000  0.0000000000  -0.0000722311  -0.0126527964
491.9734095522  0.0000000000  0.0000000000  -0.0000718626  -0.0126204780
493.2300466136  0.0000000000  0.0000000000  -0.0000714970  -0.0125883242
494.4866836750  0.0000000000  0.0000000000  -0.0000711341  -0.0125563338
495.7433207365  0.0000000000  0.0000000000  -0.0000707740  -0.0125245056
496.9999577979  0.0000000000  0.0000000000  -0.0000704166  -0.0124928384
498.2565948593  0.0000000000  0.0000000000  -0.0000700620  -0.0124613308
499.5132319208  0.0000000000  0.0000000000  -0.0000697100  -0.0124299819
500.7698689822  0.0000000000  0.0000000000  -0.0000693606  -0.0123987902
502.0265060436  0.0000000000  0.0000000000  -0.0000690139  -0.0123677547
503.2831431051  0.0000000000  0.0000000000  -0.0000686697  -0.0123368742
504.5397801665  0.0000000000  0.0000000000  -0.0000683281  -0.0123061475
505.7964172280  0.0000000000  0.0000000000  -0.0000679891  -0.0122755735
507.0530542894  0.0000000000  0.0000000000  -0.0000676526  -0.0122451510
508.3096913508  0.0000000000  0.0000000000  -0.0000673186  -0.0122148789
509.5663284123  0.0000000000  0.0000000000  -0.0000669870  -0.0121847562
510.8229654737  0.0000000000  0.0000000000  -0.0000666579  -0.0121547816
512.0796025351  0.0000000000  0.0000000000  -0.0000663312  -0.0121249542
513.3362395966  0.0000000000  0.0000000000  -0.0000660069  -0.0120952728
514.5928766580  0.0000000000  0.0000000000  -0.0000656850  -0.0120657364
515.8495137194  0.0000000000  0.0000000000  -0.0000653654  -0.0120363438
517.1061507809  0.0000000000  0.0000000000  -0.0000650481  -0.0120070941
518.3627878423  0.0000000000  0.0000000000  -0.0000647332  -0.0119779863
519.6194249038  0.0000000000  0.0000000000  -0.0000644205  -0.0119490192
520.8760619652  0.0000000000  0.0000000000  -0.0000641101  -0.0119201919
522.1326990266  0.0000000000  0.0000000000  -0.0000638019  -0.0118915033
523.3893360881  0.0000000000  0.0000000000  -0.0000634960  -0.0118629525
524.6459731495  0.0000000000  0.0000000000  -0.0000631922  -0.0118345385
525.9026102109  0.0000000000  0.0000000000  -0.0000628906  -0.0118062602
527.1592472724  0.0000000000  0.0000000000  -0.0000625912  -0.0117781168
528.4158843338  0.0000000000  0.0000000000  -0.0000622939  -0.0117501072
529.6725213952  0.0000000000  0.0000000000  -0.0000619987  -0.0117222306
530.9291584567  0.0000000000  0.0000000000  -0.0000617057  -0.0116944859
532.1857955181  0.0000000000  0.0000000000  -0.0000614146  -0.0116668722
533.4424325795  0.0000000000  0.0000000000  -0.0000611257  -0.0116393886
534.6990696410  0.0000000000  0.0000000000  -0.0000608387  -0.0116120342
535.9557067024  0.0000000000  0.0000000000  -0.0000605538  -0.0115848080
537.2123437639  0.0000000000  0.0000000000  -0.0000602709  -0.0115577093
538.4689808253  0.0000000000  0.0000000000  -0.0000599900  -0.0115307370
539.7256178867  0.0000000000  0.0000000000  -0.0000597110  -0.0115038903
540.9822549482  0.0000000000  0.0000000000  -0.0000594340  -0.0114771684
542.2388920096  0.0000000000  0.0000000000  -0.0000591589  -0.0114505702
543.4955290710  0.0000000000  0.0000000000  -0.0000588856  -0.0114240951
544.7521661325  0.0000000000  0.0000000000  -0.0000586143  -0.0113977422
546.0088031939  0.0000000000  0.0000000000  -0.0000583449  -0.0113715105
547.2654402553  0.0000000000  0.0000000000  -0.0000580773  -0.0113453993
548.5220773168  0.0000000000  0.0000000000  -0.0000578115  -0.0113194077
549.7787143782  0.0000000000  0.0000000000  -0.0000575476  -0.0112935350
551.0353514396  0.0000000000  0.0000000000  -0.0000572854  -0.0112677803
552.2919885011  0.0000000000  0.0000000000  -0.0000570251  -0.0112421427
553.5486255625  0.0000000000  0.0000000000  -0.0000567665  -0.0112166216
554.8052626240  0.0000000000  0.0000000000  -0.0000565097  -0.0111912160
556.0618996854  0.0000000000  0.0000000000  -0.0000562546  -0.0111659253
557.3185367468  0.0000000000  0.0000000000  -0.0000560013  -0.0111407487
558.5751738083  0.0000000000  0.0000000000  -0.0000557496  -0.0111156853
559.8318108697  0.0000000000  0.0000000000  -0.0000554996  -0.0110907344
561.0884479311  0.0000000000  0.0000000000  -0.0000552514  -0.0110658953
562.3450849926  0.0000000000  0.0000000000  -0.0000550047  -0.0110411673
563.6017220540  0.0000000000  0.0000000000  -0.0000547598  -0.0110165494
564.8583591154  0.0000000000  0.0000000000  -0.0000545164  -0.0109920411
566.1149961769  0.0000000000  0.0000000000  -0.0000542747  -0.0109676417
567.3716332383  0.0000000000  0.0000000000  -0.0000540346  -0.0109433503
568.6282702998  0.0000000000  0.0000000000  -0.0000537961  -0.0109191662
569.8849073612  0.0000000000  0.0000000000  -0.0000535591  -0.0108950888
571.1415444226  0.0000000000  0.0000000000  -0.0000533237  -0.0108711174
572.3981814841  0.0000000000  0.0000000000  -0.0000530899  -0.0108472512
573.6548185455  0.0000000000  0.0000000000  -0.0000528576  -0.0108234896
574.9114556069  0.0000000000  0.0000000000  -0.0000526268  -0.0107998319
576.1680926684  0.0000000000  0.0000000000  -0.0000523975  -0.0107762773
577.4247297298  0.0000000000  0.0000000000  -0.0000521697  -0.0107528253
578.6813667912  0.0000000000  0.0000000000  -0.0000519434  -0.0107294751
579.9380038527  0.0000000000  0.0000000000  -0.0000517186  -0.0107062261
581.1946409141  0.0000000000  0.0000000000  -0.0000514952  -0.0106830777
582.4512779755  0.0000000000  0.0000000000  -0.0000512733  -0.0106600291
583.7079150370  0.0000000000  0.0000000000  -0.0000510528  -0.0106370798
584.9645520984  0.0000000000  0.0000000000  -0.0000508337  -0.0106142291
586.2211891599  0.0000000000  0.0000000000  -0.0000506160  -0.0105914763
587.4778262213  0.0000000000  0.0000000000  -0.0000503997  -0.0105688209
588.7344632827  0.0000000000  0.0000000000  -0.0000501848  -0.0105462622
589.9911003442  0.0000000000  0.0000000000  -0.0000499713  -0.0105237996
591.2477374056  0.0000000000  0.0000000000  -0.0000497592  -0.0105014324
592.5043744670  0.0000000000  0.0000000000  -0.0000495483  -0.0104791602
593.7610115285  0.0000000000  0.0000000000  -0.0000493389  -0.0104569822
595.0176485899  0.0000000000  0.0000000000  -0.0000491307  -0.0104348979
596.2742856513  0.0000000000  0.0000000000  -0.0000489239  -0.0104129067
597.5309227128  0.0000000000  0.0000000000  -0.0000487183  -0.0103910080
598.7875597742  0.0000000000  0.0000000000  -0.0000485141  -0.0103692011
600.0441968357  0.0000000000  0.0000000000  -0.0000483111  -0.0103474857
601.3008338971  0.0000000000  0.0000000000  -0.0000481094  -0.0103258610
602.5574709585  0.0000000000  0.0000000000  -0.0000479090  -0.0103043264
603.8141080200  0.0000000000  0.0000000000  -0.0000477098  -0.0102828816
605.0707450814  0.0000000000  0.0000000000  -0.0000475119  -0.0102615258
606.3273821428  0.0000000000  0.0000000000  -0.0000473152  -0.0102402585
607.5840192043  0.0000000000  0.0000000000  -0.0000471197  -0.0102190792
608.8406562657  0.0000000000  0.0000000000  -0.0000469254  -0.0101979873
610.0972933271  0.0000000000  0.0000000000  -0.0000467323  -0.0101769823
611.3539303886  0.0000000000  0.0000000000  -0.0000465404  -0.0101560636
612.6105674500  0.0000000000  0.0000000000  -0.0000463497  -0.0101352308
613.8672045114  0.0000000000  0.0000000000  -0.0000461602  -0.0101144833
615.1238415729  0.0000000000  0.0000000000  -0.0000459718  -0.0100938205
616.3804786343  0.0000000000  0.0000000000  -0.0000457845  -0.0100732420
617.6371156958  0.0000000000  0.0000000000  -0.0000455984  -0.0100527472
618.8937527572  0.0000000000  0.0000000000  -0.0000454135  -0.0100323356
620.1503898186  0.0000000000  0.0000000000  -0.0000452296  -0.0100120068
621.4070268801  0.0000000000  0.0000000000  -0.0000450469  -0.0099917602
622.6636639415  0.0000000000  0.0000000000  -0.0000448653  -0.0099715953
623.9203010029  0.0000000000  0.0000000000  -0.0000446848  -0.0099515116
625.1769380644  0.0000000000  0.0000000000  -0.0000445053  -0.0099315087
626.4335751258  0.0000000000  0.0000000000  -0.0000443270  -0.0099115860
627.6902121872  0.0000000000  0.0000000000  -0.0000441497  -0.0098917431
628.9468492487  0.0000000000  0.0000000000  0.0000000000  0.0000000000
-627.6902121872  0.0000000000  3.1415926536  0.0000000000  0.0000000000
-626.4335751258  0.0000000000  3.1415926536  0.0000000000  0.0000000000
-625.1769380644  0.0000000000  3.1415926536  0.0000000000  0.0000000000
-623.9203010029  0.0000000000  3.1415926536  0.0000000000  0.0000000000
-622.6636639415  0.0000000000  3.1415926536  0.0000000000  0.0000000000
-621.4070268801  0.0000000000  3.1415926536  0.0000000000  0.0000000000
-620.1503898186  0.0000000000  3.1415926536  0.0000000000  0.0000000000
-618.8937527572  0.0000000000  3.1415926536  0.0000000000  0.0000000000
-617.6371156958  0.0000000000  3.1415926536  0.0000000000  0.0000000000
-616.3804786343  0.0000000000  3.1415926536  0.0000000000  0.0000000000
-615.1238415729  0.0000000000  3.1415926536  0.0000000000  0.0000000000
-613.8672045114  0.0000000000  3.1415926536  0.0000000000  0.0000000000
-612.6105674500  0.0000000000  3.1415926536  0.0000000000  0.0000000000
-611.3539303886  0.0000000000  3.1415926536  0.0000000000  0.0000000000
-610.0972933271  0.0000000000  3.1415926536  0.0000000000  0.0000000000
-608.8406562657  0.0000000000  3.1415926536  0.0000000000  0.0000000000
-607.5840192043  0.0000000000  3.1415926536  0.0000000000  0.0000000000
-606.3273821428  0.0000000000  3.1415926536  0.0000000000  0.0000000000
-605.0707450814  0.0000000000  3.1415926536  0.0000000000  0.0000000000
-603.8141080200  0.0000000000  3.1415926536  0.0000000000  0.0000000000
-602.5574709585  0.0000000000  3.1415926536  0.0000000000  0.0000000000
-601.3008338971  0.0000000000  3.1415926536  0.0000000000  0.0000000000
-600.0441968357  0.0000000000  3.1415926536  0.0000000000  0.0000000000
-598.7875597742  0.0000000000  3.1415926536  0.0000000000  0.0000000000
-597.5309227128  0.0000000000  3.1415926536  0.0000000000  0.0000000000
-596.2742856513  0.0000000000  3.1415926536  0.0000000000  0.0000000000
-595.0176485899  0.0000000000  3.1415926536  0.0000000000  0.0000000000
-593.7610115285  0.0000000000  3.1415926536  0.0000000000  0.0000000000
-592.5043744670  0.0000000000  3.1415926536  0.0000000000  0.0000000000
-591.2477374056  0.0000000000  3.1415926536  0.0000000000  0.0000000000
-589.9911003442  0.0000000000  3.1415926536  0.0000000000  0.0000000000
-588.7344632827  0.0000000000  3.1415926536  0.0000000000  0.0000000000
-587.4778262213  0.0000000000  3.1415926536  0.0000000000  0.0000000000
-586.2211891599  0.0000000000  3.1415926536  0.0000000000  0.0000000000
-584.9645520984  0.0000000000  3.1415926536  0.0000000000  0.0000000000
-583.7079150370  0.0000000000  3.1415926536  0.0000000000  0.0000000000
-582.4512779755  0.0000000000  3.1415926536  0.0000000000  0.0000000000
-581.1946409141  0.0000000000  3.1415926536  0.0000000000  0.0000000000
-579.9380038527  0.0000000000  3.1415926536  0.0000000000  0.0000000000
-578.6813667912  0.0000000000  3.1415926536  0.0000000000  0.0000000000
-577.4247297298  0.0000000000  3.1415926536  0.0000000000  0.0000000000
-576.1680926684  0.0000000000  3.1415926536  0.0000000000  0.0000000000
-574.9114556069  0.0000000000  3.1415926536  0.0000000000  0.0000000000
-573.6548185455  0.0000000000  3.1415926536  0.0000000000  0.0000000000
-572.3981814841  0.0000000000  3.1415926536  0.0000000000  0.0000000000
-571.1415444226  0.0000000000  3.1415926536  0.0000000000  0.0000000000
-569.8849073612  0.0000000000  3.1415926536  0.0000000000  0.0000000000
-568.6282702998  0.0000000000  3.1415926536  0.0000000000  0.0000000000
-567.3716332383  0.0000000000  3.1415926536  0.0000000000  0.0000000000
-566.1149961769  0.0000000000  3.1415926536  0.0000000000  0.0000000000
-564.8583591154  0.0000000000  3.1415926536  0.0000000000  0.0000000000
-563.6017220540  0.0000000000  3.1415926536  0.0000000000  0.0000000000
-562.3450849926  0.0000000000  3.1415926536  0.0000000000  0.0000000000
-561.0884479311  0.0000000000  3.1415926536  0.0000000000  0.0000000000
-559.8318108697  0.0000000000  3.1415926536  0.0000000000  0.0000000000
-558.5751738083  0.0000000000  3.1415926536  0.0000000000  0.0000000000
-557.3185367468  0.0000000000  3.1415926536  0.0000000000  0.0000000000
-556.0618996854  0.0000000000  3.1415926536  0.0000000000  0.0000000000
-554.8052626240  0.0000000000  3.1415926536  0.0000000000  0.0000000000
-553.5486255625  0.0000000000  3.1415926536  0.0000000000  0.0000000000
-552.2919885011  0.0000000000  3.1415926536  0.0000000000  0.0000000000
-551.0353514396  0.0000000000  3.1415926536  0.0000000000  0.0000000000
-549.7787143782  0.0000000000  3.1415926536  0.0000000000  0.0000000000
-548.5220773168  0.0000000000  3.1415926536  0.0000000000  0.0000000000
-547.2654402553  0.0000000000  3.1415926536  0.0000000000  0.0000000000
-546.0088031939  0.0000000000  3.1415926536  0.0000000000  0.0000000000
-544.7521661325  0.0000000000  3.1415926536  0.0000000000  0.0000000000
-543.4955290710  0.0000000000  3.1415926536  0.0000000000  0.0000000000
-542.2388920096  0.0000000000  3.1415926536  0.0000000000  0.0000000000
-540.9822549482  0.0000000000  3.1415926536  0.0000000000  0.0000000000
-539.7256178867  0.0000000000  3.1415926536  0.0000000000  0.0000000000
-538.4689808253  0.0000000000  3.1415926536  0.0000000000  0.0000000000
-537.2123437639  0.0000000000  3.1415926536  0.0000000000  0.0000000000
-535.9557067024  0.0000000000  3.1415926536  0.0000000000  0.0000000000
-534.6990696410  0.0000000000  3.1415926536  0.0000000000  0.0000000000
-533.4424325795  0.0000000000  3.1415926536  0.0000000000  0.0000000000
-532.1857955181  0.0000000000  3.1415926536  0.0000000000  0.0000000000
-530.9291584567  0.0000000000  3.1415926536  0.0000000000  0.0000000000
-529.6725213952  0.0000000000  3.1415926536  0.0000000000  0.0000000000
-528.4158843338  0.0000000000  3.1415926536  0.0000000000  0.0000000000
-527.1592472724  0.0000000000  3.1415926536  0.0000000000  0.0000000000
-525.9026102109  0.0000000000  3.1415926536  0.0000000000  0.0000000000
-524.6459731495  0.0000000000  3.1415926536  0.0000000000  0.0000000000
-523.3893360881  0.0000000000  3.1415926536  0.0000000000  0.0000000000
-522.1326990266  0.0000000000  3.1415926536  0.0000000000  0.0000000000
-520.8760619652  0.0000000000  3.1415926536  0.0000000000  0.0000000000
-519.6194249038  0.0000000000  3.1415926536  0.0000000000  0.0000000000
-518.3627878423  0.0000000000  3.1415926536  0.0000000000  0.0000000000
-517.1061507809  0.0000000000  3.1415926536  0.0000000000  0.0000000000
-515.8495137194  0.0000000000  3.1415926536  0.0000000000  0.0000000000
-514.5928766580  0.0000000000  3.1415926536  0.0000000000  0.0000000000
-513.3362395966  0.0000000000  3.1415926536  0.0000000000  0.0000000000
-512.0796025351  0.0000000000  3.1415926536  0.0000000000  0.0000000000
-510.8229654737  0.0000000000  3.1415926536  0.0000000000  0.0000000000
-509.5663284123  0.0000000000  3.1415926536  0.0000000000  0.0000000000
-508.3096913508  0.0000000000  3.1415926536  0.0000000000  0.0000000000
-507.0530542894  0.0000000000  3.1415926536  0.0000000000  0.0000000000
-505.7964172280  0.0000000000  3.1415926536  0.0000000000  0.0000000000
-504.5397801665  0.0000000000  3.1415926536  0.0000000000  0.0000000000
-503.2831431051  0.0000000000  3.1415926536  0.0000000000  0.0000000000
-502.0265060436  0.0000000000  3.1415926536  0.0000000000  0.0000000000
-500.7698689822  0.0000000000  3.1415926536  0.0000000000  0.0000000000
-499.5132319208  0.0000000000  3.1415926536  0.0000000000  0.0000000000
-498.2565948593  0.0000000000  3.1415926536  0.0000000000  0.0000000000
-496.9999577979  0.0000000000  3.1415926536  0.0000000000  0.0000000000
-495.7433207365  0.0000000000  3.1415926536  0.0000000000  0.0000000000
-494.4866836750  0.0000000000  3.1415926536  0.0000000000  0.0000000000
-493.2300466136  0.0000000000  3.1415926536  0.0000000000  0.0000000000
-491.9734095522  0.0000000000  3.1415926536  0.0000000000  0.0000000000
-490.7167724907  0.0000000000  3.1415926536  0.0000000000  0.0000000000
-489.4601354293  0.0000000000  3.1415926536  0.0000000000  0.0000000000
-488.2034983679  0.0000000000  3.1415926536  0.0000000000  0.0000000000
-486.9468613064  0.0000000000  3.1415926536  0.0000000000  0.0000000000
-485.6902242450  0.0000000000  3.1415926536  0.0000000000  0.0000000000
-484.4335871835  0.0000000000  3.1415926536  0.0000000000  0.0000000000
-483.1769501221  0.0000000000  3.1415926536  0.0000000000  0.0000000000
-481.9203130607  0.0000000000  3.1415926536  0.0000000000  0.0000000000
-480.6636759992  0.0000000000  3.1415926536  0.0000000000  0.0000000000
-479.4070389378  0.0000000000  3.1415926536  0.0000000000  0.0000000000
-478.1504018764  0.0000000000  3.1415926536  0.0000000000  0.0000000000
-476.8937648149  0.0000000000  3.1415926536  0.0000000000  0.0000000000
-475.6371277535  0.0000000000  3.1415926536  0.0000000000  0.0000000000
-474.3804906921  0.0000000000  3.1415926536  0.0000000000  0.0000000000
-473.1238536306  0.0000000000  3.1415926536  0.0000000000  0.0000000000
-471.8672165692  0.0000000000  3.1415926536  0.0000000000  0.0000000000
-470.6105795078  0.0000000000  3.1415926536  0.0000000000  0.0000000000
-469.3539424463  0.0000000000  3.1415926536  0.0000000000  0.0000000000
-468.0973053849  0.0000000000  3.1415926536  0.0000000000  0.0000000000
-466.8406683234  0.0000000000  3.1415926536  0.0000000000  0.0000000000
-465.5840312620  0.0000000000  3.1415926536  0.0000000000  0.0000000000
-464.3273942006  0.0000000000  3.1415926536  0.0000000000  0.0000000000
-463.0707571391  0.0000000000  3.1415926536  0.0000000000  0.0000000000
-461.8141200777  0.0000000000  3.1415926536  0.0000000000  0.0000000000
-460.5574830163  0.0000000000  3.1415926536  0.0000000000  0.0000000000
-459.3008459548  0.0000000000  3.1415926536  0.0000000000  0.0000000000
-458.0442088934  0.0000000000  3.1415926536  0.0000000000  0.0000000000
-456.7875718320  0.0000000000  3.1415926536  0.0000000000  0.0000000000
-455.5309347705  0.0000000000  3.1415926536  0.0000000000  0.0000000000
-454.2742977091  0.0000000000  3.1415926536  0.0000000000  0.0000000000
-453.0176606476  0.0000000000  3.1415926536  0.0000000000  0.0000000000
-451.7610235862  0.0000000000  3.1415926536  0.0000000000  0.0000000000
-450.5043865248  0.0000000000  3.1415926536  0.0000000000  0.0000000000
-449.2477494633  0.0000000000  3.1415926536  0.0000000000  0.0000000000
-447.9911124019  0.0000000000  3.1415926536  0.0000000000  0.0000000000
-446.7344753405  0.0000000000  3.1415926536  0.0000000000  0.0000000000
-445.4778382790  0.0000000000  3.1415926536  0.0000000000  0.0000000000
-444.2212012176  0.0000000000  3.1415926536  0.0000000000  0.0000000000
-442.9645641562  0.0000000000  3.1415926536  0.0000000000  0.0000000000
-441.7079270947  0.0000000000  3.1415926536  0.0000000000  0.0000000000
-440.4512900333  0.0000000000  3.1415926536  0.0000000000  0.0000000000
-439.1946529719  0.0000000000  3.1415926536  0.0000000000  0.0000000000
-437.9380159104  0.0000000000  3.1415926536  0.0000000000  0.0000000000
-436.6813788490  0.0000000000  3.1415926536  0.0000000000  0.0000000000
-435.4247417875  0.0000000000  3.1415926536  0.0000000000  0.0000000000
-434.1681047261  0.0000000000  3.1415926536  0.0000000000  0.0000000000
-432.9114676647  0.0000000000  3.1415926536  0.0000000000  0.0000000000
-431.6548306032  0.0000000000  3.1415926536  0.0000000000  0.0000000000
-430.3981935418  0.0000000000  3.1415926536  0.0000000000  0.0000000000
-429.1415564804  0.0000000000  3.1415926536  0.0000000000  0.0000000000
-427.8849194189  0.0000000000  3.1415926536  0.0000000000  0.0000000000
-426.6282823575  0.0000000000  3.1415926536  0.0000000000  0.0000000000
-425.3716452961  0.0000000000  3.1415926536  0.0000000000  0.0000000000
-424.1150082346  0.0000000000  3.1415926536  0.0000000000  0.0000000000
-422.8583711732  0.0000000000  3.1415926536  0.0000000000  0.0000000000
-421.6017341118  0.0000000000  3.1415926536  0.0000000000  0.0000000000
-420.3450970503  0.0000000000  3.1415926536  0.0000000000  0.0000000000
-419.0884599889  0.0000000000  3.1415926536  0.0000000000  0.0000000000
-417.8318229274  0.0000000000  3.1415926536  0.0000000000  0.0000000000
-416.5751858660  0.0000000000  3.1415926536  0.0000000000  0.0000000000
-415.3185488046  0.0000000000  3.1415926536  0.0000000000  0.0000000000
-414.0619117431  0.0000000000  3.1415926536  0.0000000000  0.0000000000
-412.8052746817  0.0000000000  3.1415926536  0.0000000000  0.0000000000
-411.5486376203  0.0000000000  3.1415926536  0.0000000000  0.0000000000
-410.2920005588  0.0000000000  3.1415926536  0.0000000000  0.0000000000
-409.0353634974  0.0000000000  3.1415926536  0.0000000000  0.0000000000
-407.7787264360  0.0000000000  3.1415926536  0.0000000000  0.0000000000
-406.5220893745  0.0000000000  3.1415926536  0.0000000000  0.0000000000
-405.2654523131  0.0000000000  3.1415926536  0.0000000000  0.0000000000
-404.0088152516  0.0000000000  3.1415926536  0.0000000000  0.0000000000
-402.7521781902  0.0000000000  3.1415926536  0.0000000000  0.0000000000
-401.4955411288  0.0000000000  3.1415926536  0.0000000000  0.0000000000
-400.2389040673  0.0000000000  3.1415926536  0.0000000000  0.0000000000
-398.9822670059  0.0000000000  3.1415926536  0.0000000000  0.0000000000
-397.7256299445  0.0000000000  3.1415926536  0.0000000000  0.0000000000
-396.4689928830  0.0000000000  3.1415926536  0.0000000000  0.0000000000
-395.2123558216  0.0000000000  3.1415926536  0.0000000000  0.0000000000
-393.9557187602  0.0000000000  3.1415926536  0.0000000000  0.0000000000
-392.6990816987  0.0000000000  3.1415926536  0.0000000000  0.0000000000
-391.4424446373  0.0000000000  3.1415926536  0.0000000000  0.0000000000
-390.1858075759  0.0000000000  3.1415926536  0.0000000000  0.0000000000
-388.9291705144  0.0000000000  3.1415926536  0.0000000000  0.0000000000
-387.6725334530  0.0000000000  3.1415926536  0.0000000000  0.0000000000
-386.4158963915  0.0000000000  3.1415926536  0.0000000000  0.0000000000
-385.1592593301  0.0000000000  3.1415926536  0.0000000000  0.0000000000
-383.9026222687  0.0000000000  3.1415926536  0.0000000000  0.0000000000
-382.6459852072  0.0000000000  3.1415926536  0.0000000000  0.0000000000
-381.3893481458  0.0000000000  3.1415926536  0.0000000000  0.0000000000
-380.1327110844  0.0000000000  3.1415926536  0.0000000000  0.0000000000
-378.8760740229  0.0000000000  3.1415926536  0.0000000000  0.0000000000
-377.6194369615  0.0000000000  3.1415926536  0.0000000000  0.0000000000
-376.3627999001  0.0000000000  3.1415926536  0.0000000000  0.0000000000
-375.1061628386  0.0000000000  3.1415926536  0.0000000000  0.0000000000
-373.8495257772  0.0000000000  3.1415926536  0.0000000000  0.0000000000
-372.5928887157  0.0000000000  3.1415926536  0.0000000000  0.0000000000
-371.3362516543  0.0000000000  3.1415926536  0.0000000000  0.0000000000
-370.0796145929  0.0000000000  3.1415926536  0.0000000000  0.0000000000
-368.8229775314  0.0000000000  3.1415926536  0.0000000000  0.0000000000
-367.5663404700  0.0000000000  3.1415926536  0.0000000000  0.0000000000
-366.3097034086  0.0000000000  3.1415926536  0.0000000000  0.0000000000
-365.0530663471  0.0000000000  3.1415926536  0.0000000000  0.0000000000
-363.7964292857  0.0000000000  3.1415926536  0.0000000000  0.0000000000
-362.5397922243  0.0000000000  3.1415926536  0.0000000000  0.0000000000
-361.2831551628  0.0000000000  3.1415926536  0.0000000000  0.0000000000
-360.0265181014  0.0000000000  3.1415926536  0.0000000000  0.0000000000
-358.7698810400  0.0000000000  3.1415926536  0.0000000000  0.0000000000
-357.5132439785  0.0000000000  3.1415926536  0.0000000000  0.0000000000
-356.2566069171  0.0000000000  3.1415926536  0.0000000000  0.0000000000
-354.9999698556  0.0000000000  3.1415926536  0.0000000000  0.0000000000
-353.7433327942  0.0000000000  3.1415926536  0.0000000000  0.0000000000
-352.4866957328  0.0000000000  3.1415926536  0.0000000000  0.0000000000
-351.2300586713  0.0000000000  3.1415926536  0.0000000000  0.0000000000
-349.9734216099  0.0000000000  3.1415926536  0.0000000000  0.0000000000
-348.7167845485  0.0000000000  3.1415926536  0.0000000000  0.0000000000
-347.4601474870  0.0000000000  3.1415926536  0.0000000000  0.0000000000
-346.2035104256  0.0000000000  3.1415926536  0.0000000000  0.0000000000
-344.9468733642  0.0000000000  3.1415926536  0.0000000000  0.0000000000
-343.6902363027  0.0000000000  3.1415926536  0.0000000000  0.0000000000
-342.4335992413  0.0000000000  3.1415926536  0.0000000000  0.0000000000
-341.1769621799  0.0000000000  3.1415926536  0.0000000000  0.0000000000
-339.9203251184  0.0000000000  3.1415926536  0.0000000000  0.0000000000
-338.6636880570  0.0000000000  3.1415926536  0.0000000000  0.0000000000
-337.4070509955  0.0000000000  3.1415926536  0.0000000000  0.0000000000
-336.1504139341  0.0000000000  3.1415926536  0.0000000000  0.0000000000
-334.8937768727  0.0000000000  3.1415926536  0.0000000000  0.0000000000
-333.6371398112  0.0000000000  3.1415926536  0.0000000000  0.0000000000
-332.3805027498  0.0000000000  3.1415926536  0.0000000000  0.0000000000
-331.1238656884  0.0000000000  3.1415926536  0.0000000000  0.0000000000
-329.8672286269  0.0000000000  3.1415926536  0.0000000000  0.0000000000
-328.6105915655  0.0000000000  3.1415926536  0.0000000000  0.0000000000
-327.3539545041  0.0000000000  3.1415926536  0.0000000000  0.0000000000
-326.0973174426  0.0000000000  3.1415926536  0.0000000000  0.0000000000
-324.8406803812  0.0000000000  3.1415926536  0.0000000000  0.0000000000
-323.5840433197  0.0000000000  3.1415926536  0.0000000000  0.0000000000
-322.3274062583  0.0000000000  3.1415926536  0.0000000000  0.0000000000
-321.0707691969  0.0000000000  3.1415926536  0.0000000000  0.0000000000
-319.8141321354  0.0000000000  3.1415926536  0.0000000000  0.0000000000
-318.5574950740  0.0000000000  3.1415926536  0.0000000000  0.0000000000
-317.3008580126  0.0000000000  3.1415926536  0.0000000000  0.0000000000
-316.0442209511  0.0000000000  3.1415926536  0.0000000000  0.0000000000
-314.7875838897  0.0000000000  3.1415926536  0.0000000000  0.0000000000
-313.5309468283  0.0000000000  3.1415926536  0.0000000000  0.0000000000
-312.2743097668  0.0000000000  3.1415926536  0.0000000000  0.0000000000
-311.0176727054  0.0000000000  3.1415926536  0.0000000000  0.0000000000
-309.7610356440  0.0000000000  3.1415926536  0.0000000000  0.0000000000
-308.5043985825  0.0000000000  3.1415926536  0.0000000000  0.0000000000
-307.2477615211  0.0000000000  3.1415926536  0.0000000000  0.0000000000
-305.9911244596  0.0000000000  3.1415926536  0.0000000000  0.0000000000
-304.7344873982  0.0000000000  3.1415926536  0.0000000000  0.0000000000
-303.4778503368  0.0000000000  3.1415926536  0.0000000000  0.0000000000
-302.2212132753  0.0000000000  3.1415926536  0.0000000000  0.0000000000
-300.9645762139  0.0000000000  3.1415926536  0.0000000000  0.0000000000
-299.7079391525  0.0000000000  3.1415926536  0.0000000000  0.0000000000
-298.4513020910  0.0000000000  3.1415926536  0.0000000000  0.0000000000
-297.1946650296  0.0000000000  3.1415926536  0.0000000000  0.0000000000
-295.9380279682  0.0000000000  3.1415926536  0.0000000000  0.0000000000
-294.6813909067  0.0000000000  3.1415926536  0.0000000000  0.0000000000
-293.4247538453  0.0000000000  3.1415926536  0.0000000000  0.0000000000
-292.1681167839  0.0000000000  3.1415926536  0.0000000000  0.0000000000
-290.9114797224  0.0000000000  3.1415926536  0.0000000000  0.0000000000
-289.6548426610  0.0000000000  3.1415926536  0.0000000000  0.0000000000
-288.3982055995  0.0000000000  3.1415926536  0.0000000000  0.0000000000
-287.1415685381  0.0000000000  3.1415926536  0.0000000000  0.0000000000
-285.8849314767  0.0000000000  3.1415926536  0.0000000000  0.0000000000
-284.6282944152  0.0000000000  3.1415926536  0.0000000000  0.0000000000
-283.3716573538  0.0000000000  3.1415926536  0.0000000000  0.0000000000
-282.1150202924  0.0000000000  3.1415926536  0.0000000000  0.0000000000
-280.8583832309  0.0000000000  3.1415926536  0.0000000000  0.0000000000
-279.6017461695  0.0000000000  3.1415926536  0.0000000000  0.0000000000
-278.3451091081  0.0000000000  3.1415926536  0.0000000000  0.0000000000
-277.0884720466  0.0000000000  3.1415926536  0.0000000000  0.0000000000
-275.8318349852  0.0000000000  3.1415926536  0.0000000000  0.0000000000
-274.5751979237  0.0000000000  3.1415926536  0.0000000000  0.0000000000
-273.3185608623  0.0000000000  3.1415926536  0.0000000000  0.0000000000
-272.0619238009  0.0000000000  3.1415926536  0.0000000000  0.0000000000
-270.8052867394  0.0000000000  3.1415926536  0.0000000000  0.0000000000
-269.5486496780  0.0000000000  3.1415926536  0.0000000000  0.0000000000
-268.2920126166  0.0000000000  3.1415926536  0.0000000000  0.0000000000
-267.0353755551  0.0000000000  3.1415926536  0.0000000000  0.0000000000
-265.7787384937  0.0000000000  3.1415926536  0.0000000000  0.0000000000
-264.5221014323  0.0000000000  3.1415926536  0.0000000000  0.0000000000
-263.2654643708  0.0000000000  3.1415926536  0.0000000000  0.0000000000
-262.0088273094  0.0000000000  3.1415926536  0.0000000000  0.0000000000
-260.7521902480  0.0000000000  3.1415926536  0.0000000000  0.0000000000
-259.4955531865  0.0000000000  3.1415926536  0.0000000000  0.0000000000
-258.2389161251  0.0000000000  3.1415926536  0.0000000000  0.0000000000
-256.9822790636  0.0000000000  3.1415926536  0.0000000000  0.0000000000
-255.7256420022  0.0000000000  3.1415926536  0.0000000000  0.0000000000
-254.4690049408  0.0000000000  3.1415926536  0.0000000000  0.0000000000
-253.2123678793  0.0000000000  3.1415926536  0.0000000000  0.0000000000
-251.9557308179  0.0000000000  3.1415926536  0.0000000000  0.0000000000
-250.6990937565  0.0000000000  3.1415926536  0.0000000000  0.0000000000
-249.4424566950  0.0000000000  3.1415926536  0.0000000000  0.0000000000
-248.1858196336  0.0000000000  3.1415926536  0.0000000000  0.0000000000
-246.9291825722  0.0000000000  3.1415926536  0.0000000000  0.0000000000
-245.6725455107  0.0000000000  3.1415926536  0.0000000000  0.0000000000
-244.4159084493  0.0000000000  3.1415926536  0.0000000000  0.0000000000
-243.1592713878  0.0000000000  3.1415926536  0.0000000000  0.0000000000
-241.9026343264  0.0000000000  3.1415926536  0.0000000000  0.0000000000
-240.6459972650  0.0000000000  3.1415926536  0.0000000000  0.0000000000
-239.3893602035  0.0000000000  3.1415926536  0.0000000000  0.0000000000
-238.1327231421  0.0000000000  3.1415926536  0.0000000000  0.0000000000
-236.8760860807  0.0000000000  3.1415926536  0.0000000000  0.0000000000
-235.6194490192  0.0000000000  3.1415926536  0.0000000000  0.0000000000
-234.3628119578  0.0000000000  3.1415926536  0.0000000000  0.0000000000
-233.1061748964  0.0000000000  3.1415926536  0.0000000000  0.0000000000
-231.8495378349  0.0000000000  3.1415926536  0.0000000000  0.0000000000
-230.5929007735  0.0000000000  3.1415926536  0.0000000000  0.0000000000
-229.3362637121  0.0000000000  3.1415926536  0.0000000000  0.0000000000
-228.0796266506  0.0000000000  3.1415926536  0.0000000000  0.0000000000
-226.8229895892  0.0000000000  3.1415926536  0.0000000000  0.0000000000
-225.5663525277  0.0000000000  3.1415926536  0.0000000000  0.0000000000
-224.3097154663  0.0000000000  3.1415926536  0.0000000000  0.0000000000
-223.0530784049  0.0000000000  3.1415926536  0.0000000000  0.0000000000
-221.7964413434  0.0000000000  3.1415926536  0.0000000000  0.0000000000
-220.5398042820  0.0000000000  3.1415926536  0.0000000000  0.0000000000
-219.2831672206  0.0000000000  3.1415926536  0.0000000000  0.0000000000
-218.0265301591  0.0000000000  3.1415926536  0.0000000000  0.0000000000
-216.7698930977  0.0000000000  3.1415926536  0.0000000000  0.0000000000
-215.5132560363  0.0000000000  3.1415926536  0.0000000000  0.0000000000
-214.2566189748  0.0000000000  3.1415926536  0.0000000000  0.0000000000
-212.9999819134  0.0000000000  3.1415926536  0.0000000000  0.0000000000
-211.7433448520  0.0000000000  3.1415926536  0.0000000000  0.0000000000
-210.4867077905  0.0000000000  3.1415926536  0.0000000000  0.0000000000
-209.2300707291  0.0000000000  3.1415926536  0.0000000000  0.0000000000
-207.9734336676  0.0000000000  3.1415926536  0.0000000000  0.0000000000
-206.7167966062  0.0000000000  3.1415926536  0.0000000000  0.0000000000
-205.4601595448  0.0000000000  3.1415926536  0.0000000000  0.0000000000
-204.2035224833  0.0000000000  3.1415926536  0.0000000000  0.0000000000
-202.9468854219  0.0000000000  3.1415926536  0.0000000000  0.0000000000
-201.6902483605  0.0000000000  3.1415926536  0.0000000000  0.0000000000
-200.4336112990  0.0000000000  3.1415926536  0.0000000000  0.0000000000
-199.1769742376  0.0000000000  3.1415926536  0.0000000000  0.0000000000
-197.9203371762  0.0000000000  3.1415926536  0.0000000000  0.0000000000
-196.6637001147  0.0000000000  3.1415926536  0.0000000000  0.0000000000
-195.4070630533  0.0000000000  3.1415926536  0.0000000000  0.0000000000
-194.1504259918  0.0000000000  3.1415926536  0.0000000000  0.0000000000
-192.8937889304  0.0000000000  3.1415926536  0.0000000000  0.0000000000
-191.6371518690  0.0000000000  3.1415926536  0.0000000000  0.0000000000
-190.3805148075  0.0000000000  3.1415926536  0.0000000000  0.0000000000
-189.1238777461  0.0000000000  3.1415926536  0.0000000000  0.0000000000
-187.8672406847  0.0000000000  3.1415926536  0.0000000000  0.0000000000
-186.6106036232  0.0000000000  3.1415926536  0.0000000000  0.0000000000
-185.3539665618  0.0000000000  3.1415926536  0.0000000000  0.0000000000
-184.0973295004  0.0000000000  3.1415926536  0.0000000000  0.0000000000
-182.8406924389  0.0000000000  3.1415926536  0.0000000000  0.0000000000
-181.5840553775  0.0000000000  3.1415926536  0.0000000000  0.0000000000
-180.3274183161  0.0000000000  3.1415926536  0.0000000000  0.0000000000
-179.0707812546  0.0000000000  3.1415926536  0.0000000000  0.0000000000
-177.8141441932  0.0000000000  3.1415926536  0.0000000000  0.0000000000
-176.5575071317  0.0000000000  3.1415926536  0.0000000000  0.0000000000
-175.3008700703  0.0000000000  3.1415926536  0.0000000000  0.0000000000
-174.0442330089  0.0000000000  3.1415926536  0.0000000000  0.0000000000
-172.7875959474  0.0000000000  3.1415926536  0.0000000000  0.0000000000
-171.5309588860  0.0000000000  3.1415926536  0.0000000000  0.0000000000
-170.2743218246  0.0000000000  3.1415926536  0.0000000000  0.0000000000
-169.0176847631  0.0000000000  3.1415926536  0.0000000000  0.0000000000
-167.7610477017  0.0000000000  3.1415926536  0.0000000000  0.0000000000
-166.5044106403  0.0000000000  3.1415926536  0.0000000000  0.0000000000
-165.2477735788  0.0000000000  3.1415926536  0.0000000000  0.0000000000
-163.9911365174  0.0000000000  3.1415926536  0.0000000000  0.0000000000
-162.7344994560  0.0000000000  3.1415926536  0.0000000000  0.0000000000
-161.4778623945  0.0000000000  3.1415926536  0.0000000000  0.0000000000
-160.2212253331  0.0000000000  3.1415926536  0.0000000000  0.0000000000
-158.9645882716  0.0000000000  3.1415926536  0.0000000000  0.0000000000
-157.7079512102  0.0000000000  3.1415926536  0.0000000000  0.0000000000
-156.4513141488  0.0000000000  3.1415926536  0.0000000000  0.0000000000
-155.1946770873  0.0000000000  3.1415926536  0.0000000000  0.0000000000
-153.9380400259  0.0000000000  3.1415926536  0.0000000000  0.0000000000
-152.6814029645  0.0000000000  3.1415926536  0.0000000000  0.0000000000
-151.4247659030  0.0000000000  3.1415926536  0.0000000000  0.0000000000
-150.1681288416  0.0000000000  3.1415926536  0.0000000000  0.0000000000
-148.9114917802  0.0000000000  3.1415926536  0.0000000000  0.0000000000
-147.6548547187  0.0000000000  3.1415926536  0.0000000000  0.0000000000
-146.3982176573  0.0000000000  3.1415926536  0.0000000000  0.0000000000
-145.1415805958  0.0000000000  3.1415926536  0.0000000000  0.0000000000
-143.8849435344  0.0000000000  3.1415926536  0.0000000000  0.0000000000
-142.6283064730  0.0000000000  3.1415926536  0.0000000000  0.0000000000
-141.3716694115  0.0000000000  3.1415926536  0.0000000000  0.0000000000
-140.1150323501  0.0000000000  3.1415926536  0.0000000000  0.0000000000
-138.8583952887  0.0000000000  3.1415926536  0.0000000000  0.0000000000
-137.6017582272  0.0000000000  3.1415926536  0.0000000000  0.0000000000
-136.3451211658  0.0000000000  3.1415926536  0.0000000000  0.0000000000
-135.0884841044  0.0000000000  3.1415926536  0.0000000000  0.0000000000
-133.8318470429  0.0000000000  3.1415926536  0.0000000000  0.0000000000
-132.5752099815  0.0000000000  3.1415926536  0.0000000000  0.0000000000
-131.3185729201  0.0000000000  3.1415926536  0.0000000000  0.0000000000
-130.0619358586  0.0000000000  3.1415926536  0.0000000000  0.0000000000
-128.8052987972  0.0000000000  3.1415926536  0.0000000000  0.0000000000
-127.5486617357  0.0000000000  3.1415926536  0.0000000000  0.0000000000
-126.2920246743  0.0000000000  3.1415926536  0.0000000000  0.0000000000
-125.0353876129  0.0000000000  3.1415926536  0.0000000000  0.0000000000
-123.7787505514  0.0000000000  3.1415926536  0.0000000000  0.0000000000
-122.5221134900  0.0000000000  3.1415926536  0.0000000000  0.0000000000
-121.2654764286  0.0000000000  3.1415926536  0.0000000000  0.0000000000
-120.0088393671  0.0000000000  3.1415926536  0.0000000000  0.0000000000
-118.7522023057  0.0000000000  3.1415926536  0.0000000000  0.0000000000
-117.4955652443  0.0000000000  3.1415926536  0.0000000000  0.0000000000
-116.2389281828  0.0000000000  3.1415926536  0.0000000000  0.0000000000
-114.9822911214  0.0000000000  3.1415926536  0.0000000000  0.0000000000
-113.7256540600  0.0000000000  3.1415926536  0.0000000000  0.0000000000
-112.4690169985  0.0000000000  3.1415926536  0.0000000000  0.0000000000
-111.2123799371  0.0000000000  3.1415926536  0.0000000000  0.0000000000
-109.9557428756  0.0000000000  3.1415926536  0.0000000000  0.0000000000
-108.6991058142  0.0000000000  3.1415926536  0.0000000000  0.0000000000
-107.4424687528  0.0000000000  3.1415926536  0.0000000000  0.0000000000
-106.1858316913  0.0000000000  3.1415926536  0.0000000000  0.0000000000
-104.9291946299  0.0000000000  3.1415926536  0.0000000000  0.0000000000
-103.6725575685  0.0000000000  3.1415926536  0.0000000000  0.0000000000
-102.4159205070  0.0000000000  3.1415926536  0.0000000000  0.0000000000
-101.1592834456  0.0000000000  3.1415926536  0.0000000000  0.0000000000
-99.9026463842  0.0000000000  3.1415926536  0.0000000000  0.0000000000
-98.6460093227  0.0000000000  3.1415926536  0.0000000000  0.0000000000
-97.3893722613  0.0000000000  3.1415926536  0.0000000000  0.0000000000
-96.1327351998  0.0000000000  3.1415926536  0.0000000000  0.0000000000
-94.8760981384  0.0000000000  3.1415926536  0.0000000000  0.0000000000
-93.6194610770  0.0000000000  3.1415926536  0.0000000000  0.0000000000
-92.3628240155  0.0000000000  3.1415926536  0.0000000000  0.0000000000
-91.1061869541  0.0000000000  3.1415926536  0.0000000000  0.0000000000
-89.8495498927  0.0000000000  3.1415926536  0.0000000000  0.0000000000
-88.5929128312  0.0000000000  3.1415926536  0.0000000000  0.0000000000
-87.3362757698  0.0000000000  3.1415926536  0.0000000000  0.0000000000
-86.0796387084  0.0000000000  3.1415926536  0.0000000000  0.0000000000
-84.8230016469  0.0000000000  3.1415926536  0.0000000000  0.0000000000
-83.5663645855  0.0000000000  3.1415926536  0.0000000000  0.0000000000
-82.3097275241  0.0000000000  3.1415926536  0.0000000000  0.0000000000
-81.0530904626  0.0000000000  3.1415926536  0.0000000000  0.0000000000
-79.7964534012  0.0000000000  3.1415926536  0.0000000000  0.0000000000
-78.5398163397  0.0000000000  3.1415926536  0.0000000000  0.0000000000
-77.2831792783  0.0000000000  3.1415926536  0.0000000000  0.0000000000
-76.0265422169  0.0000000000  3.1415926536  0.0000000000  0.0000000000
-74.7699051554  0.0000000000  3.1415926536  0.0000000000  0.0000000000
-73.5132680940  0.0000000000  3.1415926536  0.0000000000  0.0000000000
-72.2566310326  0.0000000000  3.1415926536  0.0000000000  0.0000000000
-70.9999939711  0.0000000000  3.1415926536  0.0000000000  0.0000000000
-69.7433569097  0.0000000000  3.1415926536  0.0000000000  0.0000000000
-68.4867198483  0.0000000000  3.1415926536  0.0000000000  0.0000000000
-67.2300827868  0.0000000000  3.1415926536  0.0000000000  0.0000000000
-65.9734457254  0.0000000000  3.1415926536  0.0000000000  0.0000000000
-64.7168086639  0.0000000000  3.1415926536  0.0000000000  0.0000000000
-63.4601716025  0.0000000000  3.1415926536  0.0000000000  0.0000000000
-62.2035345411  0.0000000000  3.1415926536  0.0000000000  0.0000000000
-60.9468974796  0.0000000000  3.1415926536  0.0000000000  0.0000000000
-59.6902604182  0.0000000000  3.1415926536  0.0000000000  0.0000000000
-58.4336233568  0.0000000000  3.1415926536  0.0000000000  0.0000000000
-57.1769862953  0.0000000000  3.1415926536  0.0000000000  0.0000000000
-55.9203492339  0.0000000000  3.1415926536  0.0000000000  0.0000000000
-54.6637121725  0.0000000000  3.1415926536  0.0000000000  0.0000000000
-53.4070751110  0.0000000000  3.1415926536  0.0000000000  0.0000000000
-52.1504380496  0.0000000000  3.1415926536  0.0000000000  0.0000000000
-50.8938009882  0.0000000000  3.1415926536  0.0000000000  0.0000000000
-49.6371639267  0.0000000000  3.1415926536  0.0000000000  0.0000000000
-48.3805268653  0.0000000000  3.1415926536  0.0000000000  0.0000000000
-47.1238898038  0.0000000000  3.1415926536  0.0000000000  0.0000000000
-45.8672527424  0.0000000000  3.1415926536  0.0000000000  0.0000000000
-44.6106156810  0.0000000000  3.1415926536  0.0000000000  0.0000000000
-43.3539786195  0.0000000000  3.1415926536  0.0000000000  0.0000000000
-42.0973415581  0.0000000000  3.1415926536  0.0000000000  0.0000000000
-40.8407044967  0.0000000000  3.1415926536  0.0000000000  0.0000000000
-39.5840674352  0.0000000000  3.1415926536  0.0000000000  0.0000000000
-38.3274303738  0.0000000000  3.1415926536  0.0000000000  0.0000000000
-37.0707933124  0.0000000000  3.1415926536  0.0000000000  0.0000000000
-35.8141562509  0.0000000000  3.1415926536  0.0000000000  0.0000000000
-34.5575191895  0.0000000000  3.1415926536  0.0000000000  0.0000000000
-33.3008821281  0.0000000000  3.1415926536  0.0000000000  0.0000000000
-32.0442450666  0.0000000000  3.1415926536  0.0000000000  0.0000000000
-30.7876080052  0.0000000000  3.1415926536  0.0000000000  0.0000000000
-29.5309709437  0.0000000000  3.1415926536  0.0000000000  0.0000000000
-28.2743338823  0.0000000000  3.1415926536  0.0000000000  0.0000000000
-27.0176968209  0.0000000000  3.1415926536  0.0000000000  0.0000000000
-25.7610597594  0.0000000000  3.1415926536  0.0000000000  0.0000000000
-24.5044226980  0.0000000000  3.1415926536  0.0000000000  0.0000000000
-23.2477856366  0.0000000000  3.1415926536  0.0000000000  0.0000000000
-21.9911485751  0.0000000000  3.1415926536  0.0000000000  0.0000000000
-20.7345115137  0.0000000000  3.1415926536  0.0000000000  0.0000000000
-19.4778744523  0.0000000000  3.1415926536  0.0000000000  0.0000000000
-18.2212373908  0.0000000000  3.1415926536  0.0000000000  0.0000000000
-16.9646003294  0.0000000000  3.1415926536  0.0000000000  0.0000000000
-15.7079632679  0.0000000000  3.1415926536  0.0000000000  0.0000000000
-14.4513262065  0.0000000000  3.1415926536  0.0000000000  0.0000000000
-13.1946891451  0.0000000000  3.1415926536  0.0000000000  0.0000000000
-11.9380520836  0.0000000000  3.1415926536  0.0000000000  0.0000000000
-10.6814150222  0.0000000000  3.1415926536  0.0000000000  0.0000000000
-9.4247779608  0.0000000000  3.1415926536  0.0000000000  0.0000000000
-8.1681408993  0.0000000000  3.1415926536  0.0000000000  0.0000000000
-6.9115038379  0.0000000000  3.1415926536  0.0000000000  0.0000000000
-5.6548667765  0.0000000000  3.1415926536  0.0000000000  0.0000000000
-4.3982297150  0.0000000000  3.1415926536  0.0000000000  0.0000000000
-3.1415926536  0.0000000000  3.1415926536  0.0000000000  0.0000000000
-1.8849555922  0.0000000000  3.1415926536  0.0000000000  -0.0000001622
-0.6283185307  0.0000000000  3.1415926536  -0.0000005067  0.0000000000
0.6283185307  0.0000000000  3.1415926536  -0.0000000000  -3.3111569917
1.8849555922  0.0000000000  3.1415926536  0.0000000000  -1.3724326323
3.1415926536  0.0000000000  3.1415926536  -0.0000000000  -1.0948149722
4.3982297150  0.0000000000  3.1415926536  0.0000000000  -0.9450494628
5.6548667765  0.0000000000  3.1415926536  -0.0000000000  -0.8284253207
6.9115038379  0.0000000000  3.1415926536  -0.0000022318  -0.7363779913
8.1681408993  0.0000000000  3.1415926536  -0.0000000000  -0.6574927852
9.4247779608  0.0000000000  3.1415926536  -0.0000014089  -0.5903605584
10.6814150222  0.0000000000  3.1415926536  -0.0000000000  -0.5338504018
11.9380520836  0.0000000000  3.1415926536  0.0000021360  -0.4862681833
13.1946891451  0.0000000000  3.1415926536  0.0000022783  -0.4459219040
14.4513262065  0.0000000000  3.1415926536  0.0000000000  -0.4113917354
15.7079632679  0.0000000000  3.1415926536  -0.0000037618  -0.3815605565
16.9646003294  0.0000000000  3.1415926536  -0.0000078574  -0.3555642504
18.2212373908  0.0000000000  3.1415926536  -0.0000114482  -0.3327323378
19.4778744523  0.0000000000  3.1415926536  -0.0000140916  -0.3125390262
20.7345115137  0.0000000000  3.1415926536  -0.0000156527  -0.2945667932
21.9911485751  0.0000000000  3.1415926536  -0.0000161856  -0.2784800526
23.2477856366  0.0000000000  3.1415926536  -0.0000158392  -0.2640061015
24.5044226980  0.0000000000  3.1415926536  -0.0000147949  -0.2509211685
25.7610597594  0.0000000000  3.1415926536  -0.0000132311  -0.2390400391
27.0176968209  0.0000000000  3.1415926536  -0.0000113062  -0.2282082185
28.2743338823  0.0000000000  3.1415926536  -0.0000091520  -0.2182959269
29.5309709437  0.0000000000  3.1415926536  -0.0000068736  -0.2091934408
30.7876080052  0.0000000000  3.1415926536  -0.0000045515  -0.2008074392
32.0442450666  0.0000000000  3.1415926536  -0.0000022459  -0.1930581092
33.3008821281  0.0000000000  3.1415926536  -0.0000000000  -0.1858768354
34.5575191895  0.0000000000  3.1415926536  0.0000021564  -0.1792043398
35.8141562509  0.0000000000  3.1415926536  0.0000042037  -0.1729891744
37.0707933124  0.0000000000  3.1415926536  0.0000061303  -0.1671864922
38.3274303738  0.0000000000  3.1415926536  0.0000079303  -0.1617570387
39.5840674352  0.0000000000  3.1415926536  0.0000096020  -0.1566663197
40.8407044967  0.0000000000  3.1415926536  0.0000111471  -0.1518839115
42.0973415581  0.0000000000  3.1415926536  0.0000125690  -0.1473828860
43.3539786195  0.0000000000  3.1415926536  0.0000138728  -0.1431393285
44.6106156810  0.0000000000  3.1415926536  0.0000150644  -0.1391319329
45.8672527424  0.0000000000  3.1415926536  0.0000161503  -0.1353416595
47.1238898038  0.0000000000  3.1415926536  0.0000171371  -0.1317514441
48.3805268653  0.0000000000  3.1415926536  0.0000180315  -0.1283459511
49.6371639267  0.0000000000  3.1415926536  0.0000188399  -0.1251113619
50.8938009882  0.0000000000  3.1415926536  0.0000195688  -0.1220351932
52.1504380496  0.0000000000  3.1415926536  0.0000202241  -0.1191061410
53.4070751110  0.0000000000  3.1415926536  0.0000208116  -0.1163139455
54.6637121725  0.0000000000  3.1415926536  0.0000213366  -0.1136492739
55.9203492339  0.0000000000  3.1415926536  0.0000218042  -0.1111036188
57.1769862953  0.0000000000  3.1415926536  0.0000222190  -0.1086692097
58.4336233568  0.0000000000  3.1415926536  0.0000225854  -0.1063389349
59.6902604182  0.0000000000  3.1415926536  0.0000229074  -0.1041062738
60.9468974796  0.0000000000  3.1415926536  0.0000231887  -0.1019652369
62.2035345411  0.0000000000  3.1415926536  0.0000234327  -0.0999103133
63.4601716025  0.0000000000  3.1415926536  0.0000236426  -0.0979364235
64.7168086639  0.0000000000  3.1415926536  0.0000238212  -0.0960388788
65.9734457254  0.0000000000  3.1415926536  0.0000239712  -0.0942133441
67.2300827868  0.0000000000  3.1415926536  0.0000240952  -0.0924558057
68.4867198483  0.0000000000  3.1415926536  0.0000241952  -0.0907625418
69.7433569097  0.0000000000  3.1415926536  0.0000242734  -0.0891300965
70.9999939711  0.0000000000  3.1415926536  0.0000243316  -0.0875552571
72.2566310326  0.0000000000  3.1415926536  0.0000243716  -0.0860350324
73.5132680940  0.0000000000  3.1415926536  0.0000243950  -0.0845666345
74.7699051554  0.0000000000  3.1415926536  0.0000244032  -0.0831474616
76.0265422169  0.0000000000  3.1415926536  0.0000243975  -0.0817750829
77.2831792783  0.0000000000  3.1415926536  0.0000243792  -0.0804472248
78.5398163397  0.0000000000  3.1415926536  0.0000243495  -0.0791617583
79.7964534012  0.0000000000  3.1415926536  0.0000243093  -0.0779166879
81.0530904626  0.0000000000  3.1415926536  0.0000242595  -0.0767101411
82.3097275241  0.0000000000  3.1415926536  0.0000242011  -0.0755403593
83.5663645855  0.0000000000  3.1415926536  0.0000241349  -0.0744056892
84.8230016469  0.0000000000  3.1415926536  0.0000240615  -0.0733045748
86.0796387084  0.0000000000  3.1415926536  0.0000239817  -0.0722355509
87.3362757698  0.0000000000  3.1415926536  0.0000238960  -0.0711972361
88.5929128312  0.0000000000  3.1415926536  0.0000238051  -0.0701883271
89.8495498927  0.0000000000  3.1415926536  0.0000237094  -0.0692075933
91.1061869541  0.0000000000  3.1415926536  0.0000236095  -0.0682538715
92.3628240155  0.0000000000  3.1415926536  0.0000235057  -0.0673260620
93.6194610770  0.0000000000  3.1415926536  0.0000233986  -0.0664231236
94.8760981384  0.0000000000  3.1415926536  0.0000232883  -0.0655440703
96.1327351998  0.0000000000  3.1415926536  0.0000231754  -0.0646879673
97.3893722613  0.0000000000  3.1415926536  0.0000230600  -0.0638539281
98.6460093227  0.0000000000  3.1415926536  0.0000229426  -0.0630411111
99.9026463842  0.0000000000  3.1415926536  0.0000228233  -0.0622487171
101.1592834456  0.0000000000  3.1415926536  0.0000227024  -0.0614759862
102.4159205070  0.0000000000  3.1415926536  0.0000225801  -0.0607221961
103.6725575685  0.0000000000  3.1415926536  0.0000224567  -0.0599866590
104.9291946299  0.0000000000  3.1415926536  0.0000223323  -0.0592687204
106.1858316913  0.0000000000  3.1415926536  0.0000222071  -0.0585677564
107.4424687528  0.0000000000  3.1415926536  0.0000220812  -0.0578831724
108.6991058142  0.0000000000  3.1415926536  0.0000219549  -0.0572144011
109.9557428756  0.0000000000  3.1415926536  0.0000218282  -0.0565609011
111.2123799371  0.0000000000  3.1415926536  0.0000217012  -0.0559221556
112.4690169985  0.0000000000  3.1415926536  0.0000215742  -0.0552976706
113.7256540600  0.0000000000  3.1415926536  0.0000214471  -0.0546869741
114.9822911214  0.0000000000  3.1415926536  0.0000213201  -0.0540896145
116.2389281828  0.0000000000  3.1415926536  0.0000211932  -0.0535051599
117.4955652443  0.0000000000  3.1415926536  0.0000210666  -0.0529331968
118.7522023057  0.0000000000  3.1415926536  0.0000209403  -0.0523733289
120.0088393671  0.0000000000  3.1415926536  0.0000208144  -0.0518251769
121.2654764286  0.0000000000  3.1415926536  0.0000206890  -0.0512883769
122.5221134900  0.0000000000  3.1415926536  0.0000205640  -0.0507625799
123.7787505514  0.0000000000  3.1415926536  0.0000204396  -0.0502474514
125.0353876129  0.0000000000  3.1415926536  0.0000203158  -0.0497426698
126.2920246743  0.0000000000  3.1415926536  0.0000201926  -0.0492479267
127.5486617357  0.0000000000  3.1415926536  0.0000200701  -0.0487629256
128.8052987972  0.0000000000  3.1415926536  0.0000199483  -0.0482873818
130.0619358586  0.0000000000  3.1415926536  0.0000198273  -0.0478210213
131.3185729201  0.0000000000  3.1415926536  0.0000197070  -0.0473635807
132.5752099815  0.0000000000  3.1415926536  0.0000195875  -0.0469148067
133.8318470429  0.0000000000  3.1415926536  0.0000194689  -0.0464744553
135.0884841044  0.0000000000  3.1415926536  0.0000193510  -0.0460422917
136.3451211658  0.0000000000  3.1415926536  0.0000192341  -0.0456180896
137.6017582272  0.0000000000  3.1415926536  0.0000191179  -0.0452016311
138.8583952887  0.0000000000  3.1415926536  0.0000190027  -0.0447927062
140.1150323501  0.0000000000  3.1415926536  0.0000188884  -0.0443911123
141.3716694115  0.0000000000  3.1415926536  0.0000187749  -0.0439966541
142.6283064730  0.0000000000  3.1415926536  0.0000186624  -0.0436091431
143.8849435344  0.0000000000  3.1415926536  0.0000185508  -0.0432283974
145.1415805958  0.0000000000  3.1415926536  0.0000184401  -0.0428542415
146.3982176573  0.0000000000  3.1415926536  0.0000183303  -0.0424865057
147.6548547187  0.0000000000  3.1415926536  0.0000182215  -0.0421250262
148.9114917802  0.0000000000  3.1415926536  0.0000181135  -0.0417696448
150.1681288416  0.0000000000  3.1415926536  0.0000180066  -0.0414202085
151.4247659030  0.0000000000  3.1415926536  0.0000179005  -0.0410765693
152.6814029645  0.0000000000  3.1415926536  0.0000177954  -0.0407385843
153.9380400259  0.0000000000  3.1415926536  0.0000176912  -0.0404061149
155.1946770873  0.0000000000  3.1415926536  0.0000175879  -0.0400790274
156.4513141488  0.0000000000  3.1415926536  0.0000174856  -0.0397571922
157.7079512102  0.0000000000  3.1415926536  0.0000173842  -0.0394404836
158.9645882716  0.0000000000  3.1415926536  0.0000172837  -0.0391287803
160.2212253331  0.0000000000  3.1415926536  0.0000171841  -0.0388219646
161.4778623945  0.0000000000  3.1415926536  0.0000170855  -0.0385199223
162.7344994560  0.0000000000  3.1415926536  0.0000169877  -0.0382225430
163.9911365174  0.0000000000  3.1415926536  0.0000168908  -0.0379297195
165.2477735788  0.0000000000  3.1415926536  0.0000167949  -0.0376413479
166.5044106403  0.0000000000  3.1415926536  0.0000166998  -0.0373573276
167.7610477017  0.0000000000  3.1415926536  0.0000166056  -0.0370775607
169.0176847631  0.0000000000  3.1415926536  0.0000165123  -0.0368019525
170.2743218246  0.0000000000  3.1415926536  0.0000164198  -0.0365304108
171.5309588860  0.0000000000  3.1415926536  0.0000163282  -0.0362628465
172.7875959474  0.0000000000  3.1415926536  0.0000162375  -0.0359991727
174.0442330089  0.0000000000  3.1415926536  0.0000161476  -0.0357393052
175.3008700703  0.0000000000  3.1415926536  0.0000160585  -0.0354831622
176.5575071317  0.0000000000  3.1415926536  0.0000159703  -0.0352306642
177.8141441932  0.0000000000  3.1415926536  0.0000158829  -0.0349817340
179.0707812546  0.0000000000  3.1415926536  0.0000157963  -0.0347362965
180.3274183161  0.0000000000  3.1415926536  0.0000157105  -0.0344942786
181.5840553775  0.0000000000  3.1415926536  0.0000156256  -0.0342556095
182.8406924389  0.0000000000  3.1415926536  0.0000155414  -0.0340202201
184.0973295004  0.0000000000  3.1415926536  0.0000154580  -0.0337880432
185.3539665618  0.0000000000  3.1415926536  0.0000153754  -0.0335590137
186.6106036232  0.0000000000  3.1415926536  0.0000152935  -0.0333330678
187.8672406847  0.0000000000  3.1415926536  0.0000152125  -0.0331101438
189.1238777461  0.0000000000  3.1415926536  0.0000151321  -0.0328901814
190.3805148075  0.0000000000  3.1415926536  0.0000150526  -0.0326731220
191.6371518690  0.0000000000  3.1415926536  0.0000149737  -0.0324589086
192.8937889304  0.0000000000  3.1415926536  0.0000148956  -0.0322474855
194.1504259918  0.0000000000  3.1415926536  0.0000148182  -0.0320387985
195.4070630533  0.0000000000  3.1415926536  0.0000147416  -0.0318327949
196.6637001147  0.0000000000  3.1415926536  0.0000146656  -0.0316294233
197.9203371762  0.0000000000  3.1415926536  0.0000145903  -0.0314286336
199.1769742376  0.0000000000  3.1415926536  0.0000145158  -0.0312303769
200.4336112990  0.0000000000  3.1415926536  0.0000144419  -0.0310346055
201.6902483605  0.0000000000  3.1415926536  0.0000143687  -0.0308412731
202.9468854219  0.0000000000  3.1415926536  0.0000142961  -0.0306503343
204.2035224833  0.0000000000  3.1415926536  0.0000142242  -0.0304617451
205.4601595448  0.0000000000  3.1415926536  0.0000141530  -0.0302754621
206.7167966062  0.0000000000  3.1415926536  0.0000140824  -0.0300914436
207.9734336676  0.0000000000  3.1415926536  0.0000140125  -0.0299096483
209.2300707291  0.0000000000  3.1415926536  0.0000139432  -0.0297300362
210.4867077905  0.0000000000  3.1415926536  0.0000138745  -0.0295525684
211.7433448520  0.0000000000  3.1415926536  0.0000138064  -0.0293772065
212.9999819134  0.0000000000  3.1415926536  0.0000137389  -0.0292039133
214.2566189748  0.0000000000  3.1415926536  0.0000136721  -0.0290326525
215.5132560363  0.0000000000  3.1415926536  0.0000136058  -0.0288633885
216.7698930977  0.0000000000  3.1415926536  0.0000135402  -0.0286960866
218.0265301591  0.0000000000  3.1415926536  0.0000134751  -0.0285307128
219.2831672206  0.0000000000  3.1415926536  0.0000134106  -0.0283672340
220.5398042820  0.0000000000  3.1415926536  0.0000133466  -0.0282056179
221.7964413434  0.0000000000  3.1415926536  0.0000132832  -0.0280458328
223.0530784049  0.0000000000  3.1415926536  0.0000132204  -0.0278878478
224.3097154663  0.0000000000  3.1415926536  0.0000131581  -0.0277316325
225.5663525277  0.0000000000  3.1415926536  0.0000130964  -0.0275771575
226.8229895892  0.0000000000  3.1415926536  0.0000130352  -0.0274243938
228.0796266506  0.0000000000  3.1415926536  0.0000129746  -0.0272733132
229.3362637121  0.0000000000  3.1415926536  0.0000129144  -0.0271238879
230.5929007735  0.0000000000  3.1415926536  0.0000128548  -0.0269760909
231.8495378349  0.0000000000  3.1415926536  0.0000127957  -0.0268298958
233.1061748964  0.0000000000  3.1415926536  0.0000127371  -0.0266852767
234.3628119578  0.0000000000  3.1415926536  0.0000126790  -0.0265422081
235.6194490192  0.0000000000  3.1415926536  0.0000126214  -0.0264006654
236.8760860807  0.0000000000  3.1415926536  0.0000125643  -0.0262606242
238.1327231421  0.0000000000  3.1415926536  0.0000125077  -0.0261220608
239.3893602035  0.0000000000  3.1415926536  0.0000124515  -0.0259849518
240.6459972650  0.0000000000  3.1415926536  0.0000123958  -0.0258492746
241.9026343264  0.0000000000  3.1415926536  0.0000123406  -0.0257150068
243.1592713878  0.0000000000  3.1415926536  0.0000122859  -0.0255821265
244.4159084493  0.0000000000  3.1415926536  0.0000122316  -0.0254506124
245.6725455107  0.0000000000  3.1415926536  0.0000121778  -0.0253204435
246.9291825722  0.0000000000  3.1415926536  0.0000121244  -0.0251915993
248.1858196336  0.0000000000  3.1415926536  0.0000120714  -0.0250640596
249.4424566950  0.0000000000  3.1415926536  0.0000120189  -0.0249378048
250.6990937565  0.0000000000  3.1415926536  0.0000119668  -0.0248128154
251.9557308179  0.0000000000  3.1415926536  0.0000119152  -0.0246890727
253.2123678793  0.0000000000  3.1415926536  0.0000118639  -0.0245665580
254.4690049408  0.0000000000  3.1415926536  0.0000118131  -0.0244452532
255.7256420022  0.0000000000  3.1415926536  0.0000117627  -0.0243251404
256.9822790636  0.0000000000  3.1415926536  0.0000117127  -0.0242062021
258.2389161251  0.0000000000  3.1415926536  0.0000116631  -0.0240884212
259.4955531865  0.0000000000  3.1415926536  0.0000116140  -0.0239717809
260.7521902480  0.0000000000  3.1415926536  0.0000115652  -0.0238562647
262.0088273094  0.0000000000  3.1415926536  0.0000115167  -0.0237418563
263.2654643708  0.0000000000  3.1415926536  0.0000114687  -0.0236285401
264.5221014323  0.0000000000  3.1415926536  0.0000114211  -0.0235163003
265.7787384937  0.0000000000  3.1415926536  0.0000113738  -0.0234051218
267.0353755551  0.0000000000  3.1415926536  0.0000113269  -0.0232949895
268.2920126166  0.0000000000  3.1415926536  0.0000112804  -0.0231858888
269.5486496780  0.0000000000  3.1415926536  0.0000112342  -0.0230778052
270.8052867394  0.0000000000  3.1415926536  0.0000111884  -0.0229707245
272.0619238009  0.0000000000  3.1415926536  0.0000111430  -0.0228646330
273.3185608623  0.0000000000  3.1415926536  0.0000110979  -0.0227595168
274.5751979237  0.0000000000  3.1415926536  0.0000110532  -0.0226553627
275.8318349852  0.0000000000  3.1415926536  0.0000110088  -0.0225521576
277.0884720466  0.0000000000  3.1415926536  0.0000109647  -0.0224498883
278.3451091081  0.0000000000  3.1415926536  0.0000109210  -0.0223485425
279.6017461695  0.0000000000  3.1415926536  0.0000108776  -0.0222481074
280.8583832309  0.0000000000  3.1415926536  0.0000108345  -0.0221485711
282.1150202924  0.0000000000  3.1415926536  0.0000107918  -0.0220499213
283.3716573538  0.0000000000  3.1415926536  0.0000107494  -0.0219521464
284.6282944152  0.0000000000  3.1415926536  0.0000107073  -0.0218552348
285.8849314767  0.0000000000  3.1415926536  0.0000106656  -0.0217591750
287.1415685381  0.0000000000  3.1415926536  0.0000106241  -0.0216639559
288.3982055995  0.0000000000  3.1415926536  0.0000105830  -0.0215695665
289.6548426610  0.0000000000  3.1415926536  0.0000105421  -0.0214759960
290.9114797224  0.0000000000  3.1415926536  0.0000105016  -0.0213832339
292.1681167839  0.0000000000  3.1415926536  0.0000104614  -0.0212912696
293.4247538453  0.0000000000  3.1415926536  0.0000104214  -0.0212000929
294.6813909067  0.0000000000  3.1415926536  0.0000103818  -0.0211096937
295.9380279682  0.0000000000  3.1415926536  0.0000103424  -0.0210200622
297.1946650296  0.0000000000  3.1415926536  0.0000103034  -0.0209311886
298.4513020910  0.0000000000  3.1415926536  0.0000102646  -0.0208430633
299.7079391525  0.0000000000  3.1415926536  0.0000102261  -0.0207556770
300.9645762139  0.0000000000  3.1415926536  0.0000101878  -0.0206690203
302.2212132753  0.0000000000  3.1415926536  0.0000101499  -0.0205830842
303.4778503368  0.0000000000  3.1415926536  0.0000101122  -0.0204978597
304.7344873982  0.0000000000  3.1415926536  0.0000100748  -0.0204133380
305.9911244596  0.0000000000  3.1415926536  0.0000100377  -0.0203295104
307.2477615211  0.0000000000  3.1415926536  0.0000100008  -0.0202463685
308.5043985825  0.0000000000  3.1415926536  0.0000099642  -0.0201639039
309.7610356440  0.0000000000  3.1415926536  0.0000099279  -0.0200821083
311.0176727054  0.0000000000  3.1415926536  0.0000098918  -0.0200009736
312.2743097668  0.0000000000  3.1415926536  0.0000098559  -0.0199204918
313.5309468283  0.0000000000  3.1415926536  0.0000098203  -0.0198406551
314.7875838897  0.0000000000  3.1415926536  0.0000097850  -0.0197614558
316.0442209511  0.0000000000  3.1415926536  0.0000097499  -0.0196828862
317.3008580126  0.0000000000  3.1415926536  0.0000097150  -0.0196049389
318.5574950740  0.0000000000  3.1415926536  0.0000096804  -0.0195276065
319.8141321354  0.0000000000  3.1415926536  0.0000096461  -0.0194508818
321.0707691969  0.0000000000  3.1415926536  0.0000096119  -0.0193747576
322.3274062583  0.0000000000  3.1415926536  0.0000095780  -0.0192992270
323.5840433197  0.0000000000  3.1415926536  0.0000095444  -0.0192242829
324.8406803812  0.0000000000  3.1415926536  0.0000095109  -0.0191499186
326.0973174426  0.0000000000  3.1415926536  0.0000094777  -0.0190761274
327.3539545041  0.0000000000  3.1415926536  0.0000094447  -0.0190029027
328.6105915655  0.0000000000  3.1415926536  0.0000094120  -0.0189302379
329.8672286269  0.0000000000  3.1415926536  0.0000093794  -0.0188581268
331.1238656884  0.0000000000  3.1415926536  0.0000093471  -0.0187865629
332.3805027498  0.0000000000  3.1415926536  0.0000093150  -0.0187155402
333.6371398112  0.0000000000  3.1415926536  0.0000092831  -0.0186450524
334.8937768727  0.0000000000  3.1415926536  0.0000092514  -0.0185750935
336.1504139341  0.0000000000  3.1415926536  0.0000092200  -0.0185056576
337.4070509955  0.0000000000  3.1415926536  0.0000091887  -0.0184367390
338.6636880570  0.0000000000  3.1415926536  0.0000091577  -0.0183683317
339.9203251184  0.0000000000  3.1415926536  0.0000091268  -0.0183004302
341.1769621799  0.0000000000  3.1415926536  0.0000090962  -0.0182330288
342.4335992413  0.0000000000  3.1415926536  0.0000090657  -0.0181661221
343.6902363027  0.0000000000  3.1415926536  0.0000090355  -0.0180997046
344.9468733642  0.0000000000  3.1415926536  0.0000090054  -0.0180337710
346.2035104256  0.0000000000  3.1415926536  0.0000089756  -0.0179683160
347.4601474870  0.0000000000  3.1415926536  0.0000089459  -0.0179033344
348.7167845485  0.0000000000  3.1415926536  0.0000089164  -0.0178388212
349.9734216099  0.0000000000  3.1415926536  0.0000088871  -0.0177747711
351.2300586713  0.0000000000  3.1415926536  0.0000088580  -0.0177111794
352.4866957328  0.0000000000  3.1415926536  0.0000088291  -0.0176480411
353.7433327942  0.0000000000  3.1415926536  0.0000088004  -0.0175853513
354.9999698556  0.0000000000  3.1415926536  0.0000087719  -0.0175231052
356.2566069171  0.0000000000  3.1415926536  0.0000087435  -0.0174612983
357.5132439785  0.0000000000  3.1415926536  0.0000087153  -0.0173999259
358.7698810400  0.0000000000  3.1415926536  0.0000086873  -0.0173389833
360.0265181014  0.0000000000  3.1415926536  0.0000086595  -0.0172784662
361.2831551628  0.0000000000  3.1415926536  0.0000086318  -0.0172183700
362.5397922243  0.0000000000  3.1415926536  0.0000086043  -0.0171586903
363.7964292857  0.0000000000  3.1415926536  0.0000085770  -0.0170994230
365.0530663471  0.0000000000  3.1415926536  0.0000085499  -0.0170405637
366.3097034086  0.0000000000  3.1415926536  0.0000085229  -0.0169821081
367.5663404700  0.0000000000  3.1415926536  0.0000084961  -0.0169240523
368.8229775314  0.0000000000  3.1415926536  0.0000084695  -0.0168663920
370.0796145929  0.0000000000  3.1415926536  0.0000084430  -0.0168091233
371.3362516543  0.0000000000  3.1415926536  0.0000084167  -0.0167522421
372.5928887157  0.0000000000  3.1415926536  0.0000083905  -0.0166957446
373.8495257772  0.0000000000  3.1415926536  0.0000083645  -0.0166396269
375.1061628386  0.0000000000  3.1415926536  0.0000083387  -0.0165838852
376.3627999001  0.0000000000  3.1415926536  0.0000083130  -0.0165285157
377.6194369615  0.0000000000  3.1415926536  0.0000082874  -0.0164735147
378.8760740229  0.0000000000  3.1415926536  0.0000082621  -0.0164188785
380.1327110844  0.0000000000  3.1415926536  0.0000082368  -0.0163646035
381.3893481458  0.0000000000  3.1415926536  0.0000082118  -0.0163106862
382.6459852072  0.0000000000  3.1415926536  0.0000081868  -0.0162571229
383.9026222687  0.0000000000  3.1415926536  0.0000081621  -0.0162039103
385.1592593301  0.0000000000  3.1415926536  0.0000081374  -0.0161510449
386.4158963915  0.0000000000  3.1415926536  0.0000081130  -0.0160985234
387.6725334530  0.0000000000  3.1415926536  0.0000080886  -0.0160463423
388.9291705144  0.0000000000  3.1415926536  0.0000080644  -0.0159944984
390.1858075759  0.0000000000  3.1415926536  0.0000080404  -0.0159429884
391.4424446373  0.0000000000  3.1415926536  0.0000080164  -0.0158918091
392.6990816987  0.0000000000  3.1415926536  0.0000079927  -0.0158409573
393.9557187602  0.0000000000  3.1415926536  0.0000079690  -0.0157904299
395.2123558216  0.0000000000  3.1415926536  0.0000079455  -0.0157402238
396.4689928830  0.0000000000  3.1415926536  0.0000079222  -0.0156903360
397.7256299445  0.0000000000  3.1415926536  0.0000078989  -0.0156407634
398.9822670059  0.0000000000  3.1415926536  0.0000078759  -0.0155915030
400.2389040673  0.0000000000  3.1415926536  0.0000078529  -0.0155425520
401.4955411288  0.0000000000  3.1415926536  0.0000078301  -0.0154939074
402.7521781902  0.0000000000  3.1415926536  0.0000078074  -0.0154455663
404.0088152516  0.0000000000  3.1415926536  0.0000077848  -0.0153975259
405.2654523131  0.0000000000  3.1415926536  0.0000077623  -0.0153497834
406.5220893745  0.0000000000  3.1415926536  0.0000077400  -0.0153023360
407.7787264360  0.0000000000  3.1415926536  0.0000077178  -0.0152551811
409.0353634974  0.0000000000  3.1415926536  0.0000076958  -0.0152083159
410.2920005588  0.0000000000  3.1415926536  0.0000076738  -0.0151617378
411.5486376203  0.0000000000  3.1415926536  0.0000076520  -0.0151154441
412.8052746817  0.0000000000  3.1415926536  0.0000076303  -0.0150694322
414.0619117431  0.0000000000  3.1415926536  0.0000076087  -0.0150236996
415.3185488046  0.0000000000  3.1415926536  0.0000075873  -0.0149782437
416.5751858660  0.0000000000  3.1415926536  0.0000075660  -0.0149330621
417.8318229274  0.0000000000  3.1415926536  0.0000075447  -0.0148881522
419.0884599889  0.0000000000  3.1415926536  0.0000075236  -0.0148435116
420.3450970503  0.0000000000  3.1415926536  0.0000075027  -0.0147991379
421.6017341118  0.0000000000  3.1415926536  0.0000074818  -0.0147550288
422.8583711732  0.0000000000  3.1415926536  0.0000074610  -0.0147111818
424.1150082346  0.0000000000  3.1415926536  0.0000074404  -0.0146675946
425.3716452961  0.0000000000  3.1415926536  0.0000074199  -0.0146242649
426.6282823575  0.0000000000  3.1415926536  0.0000073994  -0.0145811904
427.8849194189  0.0000000000  3.1415926536  0.0000073791  -0.0145383690
429.1415564804  0.0000000000  3.1415926536  0.0000073589  -0.0144957983
430.3981935418  0.0000000000  3.1415926536  0.0000073388  -0.0144534762
431.6548306032  0.0000000000  3.1415926536  0.0000073189  -0.0144114005
432.9114676647  0.0000000000  3.1415926536  0.0000072990  -0.0143695691
434.1681047261  0.0000000000  3.1415926536  0.0000072792  -0.0143279798
435.4247417875  0.0000000000  3.1415926536  0.0000072595  -0.0142866305
436.6813788490  0.0000000000  3.1415926536  0.0000072400  -0.0142455193
437.9380159104  0.0000000000  3.1415926536  0.0000072205  -0.0142046439
439.1946529719  0.0000000000  3.1415926536  0.0000072012  -0.0141640024
440.4512900333  0.0000000000  3.1415926536  0.0000071819  -0.0141235929
441.7079270947  0.0000000000  3.1415926536  0.0000071628  -0.0140834132
442.9645641562  0.0000000000  3.1415926536  0.0000071437  -0.0140434615
444.2212012176  0.0000000000  3.1415926536  0.0000071248  -0.0140037359
445.4778382790  0.0000000000  3.1415926536  0.0000071059  -0.0139642343
446.7344753405  0.0000000000  3.1415926536  0.0000070872  -0.0139249550
447.9911124019  0.0000000000  3.1415926536  0.0000070685  -0.0138858960
449.2477494633  0.0000000000  3.1415926536  0.0000070500  -0.0138470555
450.5043865248  0.0000000000  3.1415926536  0.0000070315  -0.0138084317
451.7610235862  0.0000000000  3.1415926536  0.0000070132  -0.0137700227
453.0176606476  0.0000000000  3.1415926536  0.0000069949  -0.0137318269
454.2742977091  0.0000000000  3.1415926536  0.0000069767  -0.0136938423
455.5309347705  0.0000000000  3.1415926536  0.0000069586  -0.0136560673
456.7875718320  0.0000000000  3.1415926536  0.0000069406  -0.0136185001
458.0442088934  0.0000000000  3.1415926536  0.0000069227  -0.0135811391
459.3008459548  0.0000000000  3.1415926536  0.0000069049  -0.0135439825
460.5574830163  0.0000000000  3.1415926536  0.0000068872  -0.0135070286
461.8141200777  0.0000000000  3.1415926536  0.0000068696  -0.0134702759
463.0707571391  0.0000000000  3.1415926536  0.0000068520  -0.0134337226
464.3273942006  0.0000000000  3.1415926536  0.0000068346  -0.0133973671
465.5840312620  0.0000000000  3.1415926536  0.0000068172  -0.0133612079
466.8406683234  0.0000000000  3.1415926536  0.0000067999  -0.0133252434
468.0973053849  0.0000000000  3.1415926536  0.0000067828  -0.0132894719
469.3539424463  0.0000000000  3.1415926536  0.0000067656  -0.0132538920
470.6105795078  0.0000000000  3.1415926536  0.0000067486  -0.0132185021
471.8672165692  0.0000000000  3.1415926536  0.0000067317  -0.0131833006
473.1238536306  0.0000000000  3.1415926536  0.0000067148  -0.0131482862
474.3804906921  0.0000000000  3.1415926536  0.0000066981  -0.0131134573
475.6371277535  0.0000000000  3.1415926536  0.0000066814  -0.0130788123
476.8937648149  0.0000000000  3.1415926536  0.0000066648  -0.0130443500
478.1504018764  0.0000000000  3.1415926536  0.0000066483  -0.0130100688
479.4070389378  0.0000000000  3.1415926536  0.0000066318  -0.0129759673
480.6636759992  0.0000000000  3.1415926536  0.0000066155  -0.0129420441
481.9203130607  0.0000000000  3.1415926536  0.0000065992  -0.0129082978
483.1769501221  0.0000000000  3.1415926536  0.0000065830  -0.0128747271
484.4335871835  0.0000000000  3.1415926536  0.0000065669  -0.0128413305
485.6902242450  0.0000000000  3.1415926536  0.0000065508  -0.0128081067
486.9468613064  0.0000000000  3.1415926536  0.0000065348  -0.0127750544
488.2034983679  0.0000000000  3.1415926536  0.0000065190  -0.0127421722
489.4601354293  0.0000000000  3.1415926536  0.0000065031  -0.0127094588
490.7167724907  0.0000000000  3.1415926536  0.0000064874  -0.0126769131
491.9734095522  0.0000000000  3.1415926536  0.0000064717  -0.0126445335
493.2300466136  0.0000000000  3.1415926536  0.0000064562  -0.0126123190
494.4866836750  0.0000000000  3.1415926536  0.0000064406  -0.0125802681
495.7433207365  0.0000000000  3.1415926536  0.0000064252  -0.0125483798
496.9999577979  0.0000000000  3.1415926536  0.0000064098  -0.0125166527
498.2565948593  0.0000000000  3.1415926536  0.0000063945  -0.0124850856
499.5132319208  0.0000000000  3.1415926536  0.0000063793  -0.0124536774
500.7698689822  0.0000000000  3.1415926536  0.0000063642  -0.0124224268
502.0265060436  0.0000000000  3.1415926536  0.0000063491  -0.0123913326
503.2831431051  0.0000000000  3.1415926536  0.0000063341  -0.0123603937
504.5397801665  0.0000000000  3.1415926536  0.0000063191  -0.0123296089
505.7964172280  0.0000000000  3.1415926536  0.0000063043  -0.0122989771
507.0530542894  0.0000000000  3.1415926536  0.0000062895  -0.0122684971
508.3096913508  0.0000000000  3.1415926536  0.0000062747  -0.0122381678
509.5663284123  0.0000000000  3.1415926536  0.0000062601  -0.0122079880
510.8229654737  0.0000000000  3.1415926536  0.0000062455  -0.0121779568
512.0796025351  0.0000000000  3.1415926536  0.0000062309  -0.0121480729
513.3362395966  0.0000000000  3.1415926536  0.0000062165  -0.0121183354
514.5928766580  0.0000000000  3.1415926536  0.0000062021  -0.0120887431
515.8495137194  0.0000000000  3.1415926536  0.0000061878  -0.0120592949
517.1061507809  0.0000000000  3.1415926536  0.0000061735  -0.0120299899
518.3627878423  0.0000000000  3.1415926536  0.0000061593  -0.0120008270
519.6194249038  0.0000000000  3.1415926536  0.0000061452  -0.0119718051
520.8760619652  0.0000000000  3.1415926536  0.0000061311  -0.0119429232
522.1326990266  0.0000000000  3.1415926536  0.0000061171  -0.0119141804
523.3893360881  0.0000000000  3.1415926536  0.0000061031  -0.0118855756
524.6459731495  0.0000000000  3.1415926536  0.0000060893  -0.0118571078
525.9026102109  0.0000000000  3.1415926536  0.0000060754  -0.0118287760
527.1592472724  0.0000000000  3.1415926536  0.0000060617  -0.0118005793
528.4158843338  0.0000000000  3.1415926536  0.0000060480  -0.0117725167
529.6725213952  0.0000000000  3.1415926536  0.0000060344  -0.0117445873
530.9291584567  0.0000000000  3.1415926536  0.0000060208  -0.0117167901
532.1857955181  0.0000000000  3.1415926536  0.0000060073  -0.0116891241
533.4424325795  0.0000000000  3.1415926536  0.0000059938  -0.0116615885
534.6990696410  0.0000000000  3.1415926536  0.0000059804  -0.0116341823
535.9557067024  0.0000000000  3.1415926536  0.0000059671  -0.0116069046
537.2123437639  0.0000000000  3.1415926536  0.0000059538  -0.0115797545
538.4689808253  0.0000000000  3.1415926536  0.0000059406  -0.0115527312
539.7256178867  0.0000000000  3.1415926536  0.0000059274  -0.0115258337
540.9822549482  0.0000000000  3.1415926536  0.0000059143  -0.0114990611
542.2388920096  0.0000000000  3.1415926536  0.0000059013  -0.0114724126
543.4955290710  0.0000000000  3.1415926536  0.0000058883  -0.0114458874
544.7521661325  0.0000000000  3.1415926536  0.0000058754  -0.0114194845
546.0088031939  0.0000000000  3.1415926536  0.0000058625  -0.0113932031
547.2654402553  0.0000000000  3.1415926536  0.0000058497  -0.0113670425
548.5220773168  0.0000000000  3.1415926536  0.0000058369  -0.0113410017
549.7787143782  0.0000000000  3.1415926536  0.0000058242  -0.0113150799
551.0353514396  0.0000000000  3.1415926536  0.0000058116  -0.0112892764
552.2919885011  0.0000000000  3.1415926536  0.0000057990  -0.0112635903
553.5486255625  0.0000000000  3.1415926536  0.0000057864  -0.0112380208
554.8052626240  0.0000000000  3.1415926536  0.0000057740  -0.0112125671
556.0618996854  0.0000000000  3.1415926536  0.0000057615  -0.0111872285
557.3185367468  0.0000000000  3.1415926536  0.0000057491  -0.0111620041
558.5751738083  0.0000000000  3.1415926536  0.0000057368  -0.0111368932
559.8318108697  0.0000000000  3.1415926536  0.0000057245  -0.0111118951
561.0884479311  0.0000000000  3.1415926536  0.0000057123  -0.0110870089
562.3450849926  0.0000000000  3.1415926536  0.0000057001  -0.0110622340
563.6017220540  0.0000000000  3.1415926536  0.0000056880  -0.0110375695
564.8583591154  0.0000000000  3.1415926536  0.0000056759  -0.0110130148
566.1149961769  0.0000000000  3.1415926536  0.0000056639  -0.0109885690
567.3716332383  0.0000000000  3.1415926536  0.0000056519  -0.0109642316
568.6282702998  0.0000000000  3.1415926536  0.0000056400  -0.0109400017
569.8849073612  0.0000000000  3.1415926536  0.0000056282  -0.0109158787
571.1415444226  0.0000000000  3.1415926536  0.0000056163  -0.0108918618
572.3981814841  0.0000000000  3.1415926536  0.0000056046  -0.0108679504
573.6548185455  0.0000000000  3.1415926536  0.0000055928  -0.0108441437
574.9114556069  0.0000000000  3.1415926536  0.0000055812  -0.0108204411
576.1680926684  0.0000000000  3.1415926536  0.0000055695  -0.0107968419
577.4247297298  0.0000000000  3.1415926536  0.0000055580  -0.0107733454
578.6813667912  0.0000000000  3.1415926536  0.0000055464  -0.0107499510
579.9380038527  0.0000000000  3.1415926536  0.0000055350  -0.0107266579
581.1946409141  0.0000000000  3.1415926536  0.0000055235  -0.0107034655
582.4512779755  0.0000000000  3.1415926536  0.0000055121  -0.0106803733
583.7079150370  0.0000000000  3.1415926536  0.0000055008  -0.0106573804
584.9645520984  0.0000000000  3.1415926536  0.0000054895  -0.0106344864
586.2211891599  0.0000000000  3.1415926536  0.0000054782  -0.0106116904
587.4778262213  0.0000000000  3.1415926536  0.0000054670  -0.0105889920
588.7344632827  0.0000000000  3.1415926536  0.0000054559  -0.0105663906
589.9911003442  0.0000000000  3.1415926536  0.0000054448  -0.0105438853
591.2477374056  0.0000000000  3.1415926536  0.0000054337  -0.0105214758
592.5043744670  0.0000000000  3.1415926536  0.0000054227  -0.0104991613
593.7610115285  0.0000000000  3.1415926536  0.0000054117  -0.0104769412
595.0176485899  0.0000000000  3.1415926536  0.0000054008  -0.0104548150
596.2742856513  0.0000000000  3.1415926536  0.0000053899  -0.0104327821
597.5309227128  0.0000000000  3.1415926536  0.0000053790  -0.0104108418
598.7875597742  0.0000000000  3.1415926536  0.0000053682  -0.0103889936
600.0441968357  0.0000000000  3.1415926536  0.0000053574  -0.0103672369
601.3008338971  0.0000000000  3.1415926536  0.0000053467  -0.0103455712
602.5574709585  0.0000000000  3.1415926536  0.0000053361  -0.0103239958
603.8141080200  0.0000000000  3.1415926536  0.0000053254  -0.0103025102
605.0707450814  0.0000000000  3.1415926536  0.0000053148  -0.0102811139
606.3273821428  0.0000000000  3.1415926536  0.0000053043  -0.0102598063
607.5840192043  0.0000000000  3.1415926536  0.0000052938  -0.0102385867
608.8406562657  0.0000000000  3.1415926536  0.0000052833  -0.0102174548
610.0972933271  0.0000000000  3.1415926536  0.0000052729  -0.0101964100
611.3539303886  0.0000000000  3.1415926536  0.0000052625  -0.0101754516
612.6105674500  0.0000000000  3.1415926536  0.0000052521  -0.0101545792
613.8672045114  0.0000000000  3.1415926536  0.0000052418  -0.0101337923
615.1238415729  0.0000000000  3.1415926536  0.0000052316  -0.0101130903
616.3804786343  0.0000000000  3.1415926536  0.0000052213  -0.0100924727
617.6371156958  0.0000000000  3.1415926536  0.0000052112  -0.0100719391
618.8937527572  0.0000000000  3.1415926536  0.0000052010  -0.0100514887
620.1503898186  0.0000000000  3.1415926536  0.0000051909  -0.0100311213
621.4070268801  0.0000000000  3.1415926536  0.0000051808  -0.0100108363
622.6636639415  0.0000000000  3.1415926536  0.0000051708  -0.0099906331
623.9203010029  0.0000000000  3.1415926536  0.0000051608  -0.0099705113
625.1769380644  0.0000000000  3.1415926536  0.0000051509  -0.0099504704
626.4335751258  0.0000000000  3.1415926536  0.0000051410  -0.0099305099
627.6902121872  0.0000000000  3.1415926536  0.0000051311  -0.0099106293
628.9468492487  0.0000000000  3.1415926536  0.0000000000  0.0000000000
-627.6902121872  3.1415926536  0.0000000000  0.0000000000  0.0000000000
-626.4335751258  3.1415926536  0.0000000000  0.0000000000  0.0000000000
-625.1769380644  3.1415926536  0.0000000000  0.0000000000  0.0000000000
-623.9203010029  3.1415926536  0.0000000000  0.0000000000  0.0000000000
-622.6636639415  3.1415926536  0.0000000000  0.0000000000  0.0000000000
-621.4070268801  3.1415926536  0.0000000000  0.0000000000  0.0000000000
-620.1503898186  3.1415926536  0.0000000000  0.0000000000  0.0000000000
-618.8937527572  3.1415926536  0.0000000000  0.0000000000  0.0000000000
-617.6371156958  3.1415926536  0.0000000000  0.0000000000  0.0000000000
-616.3804786343  3.1415926536  0.0000000000  0.0000000000  0.0000000000
-615.1238415729  3.1415926536  0.0000000000  0.0000000000  0.0000000000
-613.8672045114  3.1415926536  0.0000000000  0.0000000000  0.0000000000
-612.6105674500  3.1415926536  0.0000000000  0.0000000000  0.0000000000
-611.3539303886  3.1415926536  0.0000000000  0.0000000000  0.0000000000
-610.0972933271  3.1415926536  0.0000000000  0.0000000000  0.0000000000
-608.8406562657  3.1415926536  0.0000000000  0.0000000000  0.0000000000
-607.5840192043  3.1415926536  0.0000000000  0.0000000000  0.0000000000
-606.3273821428  3.1415926536  0.0000000000  0.0000000000  0.0000000000
-605.0707450814  3.1415926536  0.0000000000  0.0000000000  0.0000000000
-603.8141080200  3.1415926536  0.0000000000  0.0000000000  0.0000000000
-602.5574709585  3.1415926536  0.0000000000  0.0000000000  0.0000000000
-601.3008338971  3.1415926536  0.0000000000  0.0000000000  0.0000000000
-600.0441968357  3.1415926536  0.0000000000  0.0000000000  0.0000000000
-598.7875597742  3.1415926536  0.0000000000  0.0000000000  0.0000000000
-597.5309227128  3.1415926536  0.0000000000  0.0000000000  0.0000000000
-596.2742856513  3.1415926536  0.0000000000  0.0000000000  0.0000000000
-595.0176485899  3.1415926536  0.0000000000  0.0000000000  0.0000000000
-593.7610115285  3.1415926536  0.0000000000  0.0000000000  0.0000000000
-592.5043744670  3.1415926536  0.0000000000  0.0000000000  0.0000000000
-591.2477374056  3.1415926536  0.0000000000  0.0000000000  0.0000000000
-589.9911003442  3.1415926536  0.0000000000  0.0000000000  0.0000000000
-588.7344632827  3.1415926536  0.0000000000  0.0000000000  0.0000000000
-587.4778262213  3.1415926536  0.0000000000  0.0000000000  0.0000000000
-586.2211891599  3.1415926536  0.0000000000  0.0000000000  0.0000000000
-584.9645520984  3.1415926536  0.0000000000  0.0000000000  0.0000000000
-583.7079150370  3.1415926536  0.0000000000  0.0000000000  0.0000000000
-582.4512779755  3.1415926536  0.0000000000  0.0000000000  0.0000000000
-581.1946409141  3.1415926536  0.0000000000  0.0000000000  0.0000000000
-579.9380038527  3.1415926536  0.0000000000  0.0000000000  0.0000000000
-578.6813667912  3.1415926536  0.0000000000  0.0000000000  0.0000000000
-577.4247297298  3.1415926536  0.0000000000  0.0000000000  0.0000000000
-576.1680926684  3.1415926536  0.0000000000  0.0000000000  0.0000000000
-574.9114556069  3.1415926536  0.0000000000  0.0000000000  0.0000000000
-573.6548185455  3.1415926536  0.0000000000  0.0000000000  0.0000000000
-572.3981814841  3.1415926536  0.0000000000  0.0000000000  0.0000000000
-571.1415444226  3.1415926536  0.0000000000  0.0000000000  0.0000000000
-569.8849073612  3.1415926536  0.0000000000  0.0000000000  0.0000000000
-568.6282702998  3.1415926536  0.0000000000  0.0000000000  0.0000000000
-567.3716332383  3.1415926536  0.0000000000  0.0000000000  0.0000000000
-566.1149961769  3.1415926536  0.0000000000  0.0000000000  0.0000000000
-564.8583591154  3.1415926536  0.0000000000  0.0000000000  0.0000000000
-563.6017220540  3.1415926536  0.0000000000  0.0000000000  0.0000000000
-562.3450849926  3.1415926536  0.0000000000  0.0000000000  0.0000000000
-561.0884479311  3.1415926536  0.0000000000  0.0000000000  0.0000000000
-559.8318108697  3.1415926536  0.0000000000  0.0000000000  0.0000000000
-558.5751738083  3.1415926536  0.0000000000  0.0000000000  0.0000000000
-557.3185367468  3.1415926536  0.0000000000  0.0000000000  0.0000000000
-556.0618996854  3.1415926536  0.0000000000  0.0000000000  0.0000000000
-554.8052626240  3.1415926536  0.0000000000  0.0000000000  0.0000000000
-553.5486255625  3.1415926536  0.0000000000  0.0000000000  0.0000000000
-552.2919885011  3.1415926536  0.0000000000  0.0000000000  0.0000000000
-551.0353514396  3.1415926536  0.0000000000  0.0000000000  0.0000000000
-549.7787143782  3.1415926536  0.0000000000  0.0000000000  0.0000000000
-548.5220773168  3.1415926536  0.0000000000  0.0000000000  0.0000000000
-547.2654402553  3.1415926536  0.0000000000  0.0000000000  0.0000000000
-546.0088031939  3.1415926536  0.0000000000  0.0000000000  0.0000000000
-544.7521661325  3.1415926536  0.0000000000  0.0000000000  0.0000000000
-543.4955290710  3.1415926536  0.0000000000  0.0000000000  0.0000000000
-542.2388920096  3.1415926536  0.0000000000  0.0000000000  0.0000000000
-540.9822549482  3.1415926536  0.0000000000  0.0000000000  0.0000000000
-539.7256178867  3.1415926536  0.0000000000  0.0000000000  0.0000000000
-538.4689808253  3.1415926536  0.0000000000  0.0000000000  0.0000000000
-537.2123437639  3.1415926536  0.0000000000  0.0000000000  0.0000000000
-535.9557067024  3.1415926536  0.0000000000  0.0000000000  0.0000000000
-534.6990696410  3.1415926536  0.0000000000  0.0000000000  0.0000000000
-533.4424325795  3.1415926536  0.0000000000  0.0000000000  0.0000000000
-532.1857955181  3.1415926536  0.0000000000  0.0000000000  0.0000000000
-530.9291584567  3.1415926536  0.0000000000  0.0000000000  0.0000000000
-529.6725213952  3.1415926536  0.0000000000  0.0000000000  0.0000000000
-528.4158843338  3.1415926536  0.0000000000  0.0000000000  0.0000000000
-527.1592472724  3.1415926536  0.0000000000  0.0000000000  0.0000000000
-525.9026102109  3.1415926536  0.0000000000  0.0000000000  0.0000000000
-524.6459731495  3.1415926536  0.0000000000  0.0000000000  0.0000000000
-523.3893360881  3.1415926536  0.0000000000  0.0000000000  0.0000000000
-522.1326990266  3.1415926536  0.0000000000  0.0000000000  0.0000000000
-520.8760619652  3.1415926536  0.0000000000  0.0000000000  0.0000000000
-519.6194249038  3.1415926536  0.0000000000  0.0000000000  0.0000000000
-518.3627878423  3.1415926536  0.0000000000  0.0000000000  0.0000000000
-517.1061507809  3.1415926536  0.0000000000  0.0000000000  0.0000000000
-515.8495137194  3.1415926536  0.0000000000  0.0000000000  0.0000000000
-514.5928766580  3.1415926536  0.0000000000  0.0000000000  0.0000000000
-513.3362395966  3.1415926536  0.0000000000  0.0000000000  0.0000000000
-512.0796025351  3.1415926536  0.0000000000  0.0000000000  0.0000000000
-510.8229654737  3.1415926536  0.0000000000  0.0000000000  0.0000000000
-509.5663284123  3.1415926536  0.0000000000  0.0000000000  0.0000000000
-508.3096913508  3.1415926536  0.0000000000  0.0000000000  0.0000000000
-507.0530542894  3.1415926536  0.0000000000  0.0000000000  0.0000000000
-505.7964172280  3.1415926536  0.0000000000  0.0000000000  0.0000000000
-504.5397801665  3.1415926536  0.0000000000  0.0000000000  0.0000000000
-503.2831431051  3.1415926536  0.0000000000  0.0000000000  0.0000000000
-502.0265060436  3.1415926536  0.0000000000  0.0000000000  0.0000000000
-500.7698689822  3.1415926536  0.0000000000  0.0000000000  0.0000000000
-499.5132319208  3.1415926536  0.0000000000  0.0000000000  0.0000000000
-498.2565948593  3.1415926536  0.0000000000  0.0000000000  0.0000000000
-496.9999577979  3.1415926536  0.0000000000  0.0000000000  0.0000000000
-495.7433207365  3.1415926536  0.0000000000  0.0000000000  0.0000000000
-494.4866836750  3.1415926536  0.0000000000  0.0000000000  0.0000000000
-493.2300466136  3.1415926536  0.0000000000  0.0000000000  0.0000000000
-491.9734095522  3.1415926536  0.0000000000  0.0000000000  0.0000000000
-490.7167724907  3.1415926536  0.0000000000  0.0000000000  0.0000000000
-489.4601354293  3.1415926536  0.0000000000  0.0000000000  0.0000000000
-488.2034983679  3.1415926536  0.0000000000  0.0000000000  0.0000000000
-486.9468613064  3.1415926536  0.0000000000  0.0000000000  0.0000000000
-485.6902242450  3.1415926536  0.0000000000  0.0000000000  0.0000000000
-484.4335871835  3.1415926536  0.0000000000  0.0000000000  0.0000000000
-483.1769501221  3.1415926536  0.0000000000  0.0000000000  0.0000000000
-481.9203130607  3.1415926536  0.0000000000  0.0000000000  0.0000000000
-480.6636759992  3.1415926536  0.0000000000  0.0000000000  0.0000000000
-479.4070389378  3.1415926536  0.0000000000  0.0000000000  0.0000000000
-478.1504018764  3.1415926536  0.0000000000  0.0000000000  0.0000000000
-476.8937648149  3.1415926536  0.0000000000  0.0000000000  0.0000000000
-475.6371277535  3.1415926536  0.0000000000  0.0000000000  0.0000000000
-474.3804906921  3.1415926536  0.0000000000  0.0000000000  0.0000000000
-473.1238536306  3.1415926536  0.0000000000  0.0000000000  0.0000000000
-471.8672165692  3.1415926536  0.0000000000  0.0000000000  0.0000000000
-470.6105795078  3.1415926536  0.0000000000  0.0000000000  0.0000000000
-469.3539424463  3.1415926536  0.0000000000  0.0000000000  0.0000000000
-468.0973053849  3.1415926536  0.0000000000  0.0000000000  0.0000000000
-466.8406683234  3.1415926536  0.0000000000  0.0000000000  0.0000000000
-465.5840312620  3.1415926536  0.0000000000  0.0000000000  0.0000000000
-464.3273942006  3.1415926536  0.0000000000  0.0000000000  0.0000000000
-463.0707571391  3.1415926536  0.0000000000  0.0000000000  0.0000000000
-461.8141200777  3.1415926536  0.0000000000  0.0000000000  0.0000000000
-460.5574830163  3.1415926536  0.0000000000  0.0000000000  0.0000000000
-459.3008459548  3.1415926536  0.0000000000  0.0000000000  0.0000000000
-458.0442088934  3.1415926536  0.0000000000  0.0000000000  0.0000000000
-456.7875718320  3.1415926536  0.0000000000  0.0000000000  0.0000000000
-455.5309347705  3.1415926536  0.0000000000  0.0000000000  0.0000000000
-454.2742977091  3.1415926536  0.0000000000  0.0000000000  0.0000000000
-453.0176606476  3.1415926536  0.0000000000  0.0000000000  0.0000000000
-451.7610235862  3.1415926536  0.0000000000  0.0000000000  0.0000000000
-450.5043865248  3.1415926536  0.0000000000  0.0000000000  0.0000000000
-449.2477494633  3.1415926536  0.0000000000  0.0000000000  0.0000000000
-447.9911124019  3.1415926536  0.0000000000  0.0000000000  0.0000000000
-446.7344753405  3.1415926536  0.0000000000  0.0000000000  0.0000000000
-445.4778382790  3.1415926536  0.0000000000  0.0000000000  0.0000000000
-444.2212012176  3.1415926536  0.0000000000  0.0000000000  0.0000000000
-442.9645641562  3.1415926536  0.0000000000  0.0000000000  0.0000000000
-441.7079270947  3.1415926536  0.0000000000  0.0000000000  0.0000000000
-440.4512900333  3.1415926536  0.0000000000  0.0000000000  0.0000000000
-439.1946529719  3.1415926536  0.0000000000  0.0000000000  0.0000000000
-437.9380159104  3.1415926536  0.0000000000  0.0000000000  0.0000000000
-436.6813788490  3.1415926536  0.0000000000  0.0000000000  0.0000000000
-435.4247417875  3.1415926536  0.0000000000  0.0000000000  0.0000000000
-434.1681047261  3.1415926536  0.0000000000  0.0000000000  0.0000000000
-432.9114676647  3.1415926536  0.0000000000  0.0000000000  0.0000000000
-431.6548306032  3.1415926536  0.0000000000  0.0000000000  0.0000000000
-430.3981935418  3.1415926536  0.0000000000  0.0000000000  0.0000000000
-429.1415564804  3.1415926536  0.0000000000  0.0000000000  0.0000000000
-427.8849194189  3.1415926536  0.0000000000  0.0000000000  0.0000000000
-426.6282823575  3.1415926536  0.0000000000  0.0000000000  0.0000000000
-425.3716452961  3.1415926536  0.0000000000  0.0000000000  0.0000000000
-424.1150082346  3.1415926536  0.0000000000  0.0000000000  0.0000000000
-422.8583711732  3.1415926536  0.0000000000  0.0000000000  0.0000000000
-421.6017341118  3.1415926536  0.0000000000  0.0000000000  0.0000000000
-420.3450970503  3.1415926536  0.0000000000  0.0000000000  0.0000000000
-419.0884599889  3.1415926536  0.0000000000  0.0000000000  0.0000000000
-417.8318229274  3.1415926536  0.0000000000  0.0000000000  0.0000000000
-416.5751858660  3.1415926536  0.0000000000  0.0000000000  0.0000000000
-415.3185488046  3.1415926536  0.0000000000  0.0000000000  0.0000000000
-414.0619117431  3.1415926536  0.0000000000  0.0000000000  0.0000000000
-412.8052746817  3.1415926536  0.0000000000  0.0000000000  0.0000000000
-411.5486376203  3.1415926536  0.0000000000  0.0000000000  0.0000000000
-410.2920005588  3.1415926536  0.0000000000  0.0000000000  0.0000000000
-409.0353634974  3.1415926536  0.0000000000  0.0000000000  0.0000000000
-407.7787264360  3.1415926536  0.0000000000  0.0000000000  0.0000000000
-406.5220893745  3.1415926536  0.0000000000  0.0000000000  0.0000000000
-405.2654523131  3.1415926536  0.0000000000  0.0000000000  0.0000000000
-404.0088152516  3.1415926536  0.0000000000  0.0000000000  0.0000000000
-402.7521781902  3.1415926536  0.0000000000  0.0000000000  0.0000000000
-401.4955411288  3.1415926536  0.0000000000  0.0000000000  0.0000000000
-400.2389040673  3.1415926536  0.0000000000  0.0000000000  0.0000000000
-398.9822670059  3.1415926536  0.0000000000  0.0000000000  0.0000000000
-397.7256299445  3.1415926536  0.0000000000  0.0000000000  0.0000000000
-396.4689928830  3.1415926536  0.0000000000  0.0000000000  0.0000000000
-395.2123558216  3.1415926536  0.0000000000  0.0000000000  0.0000000000
-393.9557187602  3.1415926536  0.0000000000  0.0000000000  0.0000000000
-392.6990816987  3.1415926536  0.0000000000  0.0000000000  0.0000000000
-391.4424446373  3.1415926536  0.0000000000  0.0000000000  0.0000000000
-390.1858075759  3.1415926536  0.0000000000  0.0000000000  0.0000000000
-388.9291705144  3.1415926536  0.0000000000  0.0000000000  0.0000000000
-387.6725334530  3.1415926536  0.0000000000  0.0000000000  0.0000000000
-386.4158963915  3.1415926536  0.0000000000  0.0000000000  0.0000000000
-385.1592593301  3.1415926536  0.0000000000  0.0000000000  0.0000000000
-383.9026222687  3.1415926536  0.0000000000  0.0000000000  0.0000000000
-382.6459852072  3.1415926536  0.0000000000  0.0000000000  0.0000000000
-381.3893481458  3.1415926536  0.0000000000  0.0000000000  0.0000000000
-380.1327110844  3.1415926536  0.0000000000  0.0000000000  0.0000000000
-378.8760740229  3.1415926536  0.0000000000  0.0000000000  0.0000000000
-377.6194369615  3.1415926536  0.0000000000  0.0000000000  0.0000000000
-376.3627999001  3.1415926536  0.0000000000  0.0000000000  0.0000000000
-375.1061628386  3.1415926536  0.0000000000  0.0000000000  0.0000000000
-373.8495257772  3.1415926536  0.0000000000  0.0000000000  0.0000000000
-372.5928887157  3.1415926536  0.0000000000  0.0000000000  0.0000000000
-371.3362516543  3.1415926536  0.0000000000  0.0000000000  0.0000000000
-370.0796145929  3.1415926536  0.0000000000  0.0000000000  0.0000000000
-368.8229775314  3.1415926536  0.0000000000  0.0000000000  0.0000000000
-367.5663404700  3.1415926536  0.0000000000  0.0000000000  0.0000000000
-366.3097034086  3.1415926536  0.0000000000  0.0000000000  0.0000000000
-365.0530663471  3.1415926536  0.0000000000  0.0000000000  0.0000000000
-363.7964292857  3.1415926536  0.0000000000  0.0000000000  0.0000000000
-362.5397922243  3.1415926536  0.0000000000  0.0000000000  0.0000000000
-361.2831551628  3.1415926536  0.0000000000  0.0000000000  0.0000000000
-360.0265181014  3.1415926536  0.0000000000  0.0000000000  0.0000000000
-358.7698810400  3.1415926536  0.0000000000  0.0000000000  0.0000000000
-357.5132439785  3.1415926536  0.0000000000  0.0000000000  0.0000000000
-356.2566069171  3.1415926536  0.0000000000  0.0000000000  0.0000000000
-354.9999698556  3.1415926536  0.0000000000  0.0000000000  0.0000000000
-353.7433327942  3.1415926536  0.0000000000  0.0000000000  0.0000000000
-352.4866957328  3.1415926536  0.0000000000  0.0000000000  0.0000000000
-351.2300586713  3.1415926536  0.0000000000  0.0000000000  0.0000000000
-349.9734216099  3.1415926536  0.0000000000  0.0000000000  0.0000000000
-348.7167845485  3.1415926536  0.0000000000  0.0000000000  0.0000000000
-347.4601474870  3.1415926536  0.0000000000  0.0000000000  0.0000000000
-346.2035104256  3.1415926536  0.0000000000  0.0000000000  0.0000000000
-344.9468733642  3.1415926536  0.0000000000  0.0000000000  0.0000000000
-343.6902363027  3.1415926536  0.0000000000  0.0000000000  0.0000000000
-342.4335992413  3.1415926536  0.0000000000  0.0000000000  0.0000000000
-341.1769621799  3.1415926536  0.0000000000  0.0000000000  0.0000000000
-339.9203251184  3.1415926536  0.0000000000  0.0000000000  0.0000000000
-338.6636880570  3.1415926536  0.0000000000  0.0000000000  0.0000000000
-337.4070509955  3.1415926536  0.0000000000  0.0000000000  0.0000000000
-336.1504139341  3.1415926536  0.0000000000  0.0000000000  0.0000000000
-334.8937768727  3.1415926536  0.0000000000  0.0000000000  0.0000000000
-333.6371398112  3.1415926536  0.0000000000  0.0000000000  0.0000000000
-332.3805027498  3.1415926536  0.0000000000  0.0000000000  0.0000000000
-331.1238656884  3.1415926536  0.0000000000  0.0000000000  0.0000000000
-329.8672286269  3.1415926536  0.0000000000  0.0000000000  0.0000000000
-328.6105915655  3.1415926536  0.0000000000  0.0000000000  0.0000000000
-327.3539545041  3.1415926536  0.0000000000  0.0000000000  0.0000000000
-326.0973174426  3.1415926536  0.0000000000  0.0000000000  0.0000000000
-324.8406803812  3.1415926536  0.0000000000  0.0000000000  0.0000000000
-323.5840433197  3.1415926536  0.0000000000  0.0000000000  0.0000000000
-322.3274062583  3.1415926536  0.0000000000  0.0000000000  0.0000000000
-321.0707691969  3.1415926536  0.0000000000  0.0000000000  0.0000000000
-319.8141321354  3.1415926536  0.0000000000  0.0000000000  0.0000000000
-318.5574950740  3.1415926536  0.0000000000  0.0000000000  0.0000000000
-317.3008580126  3.1415926536  0.0000000000  0.0000000000  0.0000000000
-316.0442209511  3.1415926536  0.0000000000  0.0000000000  0.0000000000
-314.7875838897  3.1415926536  0.0000000000  0.0000000000  0.0000000000
-313.5309468283  3.1415926536  0.0000000000  0.0000000000  0.0000000000
-312.2743097668  3.1415926536  0.0000000000  0.0000000000  0.0000000000
-311.0176727054  3.1415926536  0.0000000000  0.0000000000  0.0000000000
-309.7610356440  3.1415926536  0.0000000000  0.0000000000  0.0000000000
-308.5043985825  3.1415926536  0.0000000000  0.0000000000  0.0000000000
-307.2477615211  3.1415926536  0.0000000000  0.0000000000  0.0000000000
-305.9911244596  3.1415926536  0.0000000000  0.0000000000  0.0000000000
-304.7344873982  3.1415926536  0.0000000000  0.0000000000  0.0000000000
-303.4778503368  3.1415926536  0.0000000000  0.0000000000  0.0000000000
-302.2212132753  3.1415926536  0.0000000000  0.0000000000  0.0000000000
-300.9645762139  3.1415926536  0.0000000000  0.0000000000  0.0000000000
-299.7079391525  3.1415926536  0.0000000000  0.0000000000  0.0000000000
-298.4513020910  3.1415926536  0.0000000000  0.0000000000  0.0000000000
-297.1946650296  3.1415926536  0.0000000000  0.0000000000  0.0000000000
-295.9380279682  3.1415926536  0.0000000000  0.0000000000  0.0000000000
-294.6813909067  3.1415926536  0.0000000000  0.0000000000  0.0000000000
-293.4247538453  3.1415926536  0.0000000000  0.0000000000  0.0000000000
-292.1681167839  3.1415926536  0.0000000000  0.0000000000  0.0000000000
-290.9114797224  3.1415926536  0.0000000000  0.0000000000  0.0000000000
-289.6548426610  3.1415926536  0.0000000000  0.0000000000  0.0000000000
-288.3982055995  3.1415926536  0.0000000000  0.0000000000  0.0000000000
-287.1415685381  3.1415926536  0.0000000000  0.0000000000  0.0000000000
-285.8849314767  3.1415926536  0.0000000000  0.0000000000  0.0000000000
-284.6282944152  3.1415926536  0.0000000000  0.0000000000  0.0000000000
-283.3716573538  3.1415926536  0.0000000000  0.0000000000  0.0000000000
-282.1150202924  3.1415926536  0.0000000000  0.0000000000  0.0000000000
-280.8583832309  3.1415926536  0.0000000000  0.0000000000  0.0000000000
-279.6017461695  3.1415926536  0.0000000000  0.0000000000  0.0000000000
-278.3451091081  3.1415926536  0.0000000000  0.0000000000  0.0000000000
-277.0884720466  3.1415926536  0.0000000000  0.0000000000  0.0000000000
-275.8318349852  3.1415926536  0.0000000000  0.0000000000  0.0000000000
-274.5751979237  3.1415926536  0.0000000000  0.0000000000  0.0000000000
-273.3185608623  3.1415926536  0.0000000000  0.0000000000  0.0000000000
-272.0619238009  3.1415926536  0.0000000000  0.0000000000  0.0000000000
-270.8052867394  3.1415926536  0.0000000000  0.0000000000  0.0000000000
-269.5486496780  3.1415926536  0.0000000000  0.0000000000  0.0000000000
-268.2920126166  3.1415926536  0.0000000000  0.0000000000  0.0000000000
-267.0353755551  3.1415926536  0.0000000000  0.0000000000  0.0000000000
-265.7787384937  3.1415926536  0.0000000000  0.0000000000  0.0000000000
-264.5221014323  3.1415926536  0.0000000000  0.0000000000  0.0000000000
-263.2654643708  3.1415926536  0.0000000000  0.0000000000  0.0000000000
-262.0088273094  3.1415926536  0.0000000000  0.0000000000  0.0000000000
-260.7521902480  3.1415926536  0.0000000000  0.0000000000  0.0000000000
-259.4955531865  3.1415926536  0.0000000000  0.0000000000  0.0000000000
-258.2389161251  3.1415926536  0.0000000000  0.0000000000  0.0000000000
-256.9822790636  3.1415926536  0.0000000000  0.0000000000  0.0000000000
-255.7256420022  3.1415926536  0.0000000000  0.0000000000  0.0000000000
-254.4690049408  3.1415926536  0.0000000000  0.0000000000  0.0000000000
-253.2123678793  3.1415926536  0.0000000000  0.0000000000  0.0000000000
-251.9557308179  3.1415926536  0.0000000000  0.0000000000  0.0000000000
-250.6990937565  3.1415926536  0.0000000000  0.0000000000  0.0000000000
-249.4424566950  3.1415926536  0.0000000000  0.0000000000  0.0000000000
-248.1858196336  3.1415926536  0.0000000000  0.0000000000  0.0000000000
-246.9291825722  3.1415926536  0.0000000000  0.0000000000  0.0000000000
-245.6725455107  3.1415926536  0.0000000000  0.0000000000  0.0000000000
-244.4159084493  3.1415926536  0.0000000000  0.0000000000  0.0000000000
-243.1592713878  3.1415926536  0.0000000000  0.0000000000  0.0000000000
-241.9026343264  3.1415926536  0.0000000000  0.0000000000  0.0000000000
-240.6459972650  3.1415926536  0.0000000000  0.0000000000  0.0000000000
-239.3893602035  3.1415926536  0.0000000000  0.0000000000  0.0000000000
-238.1327231421  3.1415926536  0.0000000000  0.0000000000  0.0000000000
-236.8760860807  3.1415926536  0.0000000000  0.0000000000  0.0000000000
-235.6194490192  3.1415926536  0.0000000000  0.0000000000  0.0000000000
-234.3628119578  3.1415926536  0.0000000000  0.0000000000  0.0000000000
-233.1061748964  3.1415926536  0.0000000000  0.0000000000  0.0000000000
-231.8495378349  3.1415926536  0.0000000000  0.0000000000  0.0000000000
-230.5929007735  3.1415926536  0.0000000000  0.0000000000  0.0000000000
-229.3362637121  3.1415926536  0.0000000000  0.0000000000  0.0000000000
-228.0796266506  3.1415926536  0.0000000000  0.0000000000  0.0000000000
-226.8229895892  3.1415926536  0.0000000000  0.0000000000  0.0000000000
-225.5663525277  3.1415926536  0.0000000000  0.0000000000  0.0000000000
-224.3097154663  3.1415926536  0.0000000000  0.0000000000  0.0000000000
-223.0530784049  3.1415926536  0.0000000000  0.0000000000  0.0000000000
-221.7964413434  3.1415926536  0.0000000000  0.0000000000  0.0000000000
-220.5398042820  3.1415926536  0.0000000000  0.0000000000  0.0000000000
-219.2831672206  3.1415926536  0.0000000000  0.0000000000  0.0000000000
-218.0265301591  3.1415926536  0.0000000000  0.0000000000  0.0000000000
-216.7698930977  3.1415926536  0.0000000000  0.0000000000  0.0000000000
-215.5132560363  3.1415926536  0.0000000000  0.0000000000  0.0000000000
-214.2566189748  3.1415926536  0.0000000000  0.0000000000  0.0000000000
-212.9999819134  3.1415926536  0.0000000000  0.0000000000  0.0000000000
-211.7433448520  3.1415926536  0.0000000000  0.0000000000  0.0000000000
-210.4867077905  3.1415926536  0.0000000000  0.0000000000  0.0000000000
-209.2300707291  3.1415926536  0.0000000000  0.0000000000  0.0000000000
-207.9734336676  3.1415926536  0.0000000000  0.0000000000  0.0000000000
-206.7167966062  3.1415926536  0.0000000000  0.0000000000  0.0000000000
-205.4601595448  3.1415926536  0.0000000000  0.0000000000  0.0000000000
-204.2035224833  3.1415926536  0.0000000000  0.0000000000  0.0000000000
-202.9468854219  3.1415926536  0.0000000000  0.0000000000  0.0000000000
-201.6902483605  3.1415926536  0.0000000000  0.0000000000  0.0000000000
-200.4336112990  3.1415926536  0.0000000000  0.0000000000  0.0000000000
-199.1769742376  3.1415926536  0.0000000000  0.0000000000  0.0000000000
-197.9203371762  3.1415926536  0.0000000000  0.0000000000  0.0000000000
-196.6637001147  3.1415926536  0.0000000000  0.0000000000  0.0000000000
-195.4070630533  3.1415926536  0.0000000000  0.0000000000  0.0000000000
-194.1504259918  3.1415926536  0.0000000000  0.0000000000  0.0000000000
-192.8937889304  3.1415926536  0.0000000000  0.0000000000  0.0000000000
-191.6371518690  3.1415926536  0.0000000000  0.0000000000  0.0000000000
-190.3805148075  3.1415926536  0.0000000000  0.0000000000  0.0000000000
-189.1238777461  3.1415926536  0.0000000000  0.0000000000  0.0000000000
-187.8672406847  3.1415926536  0.0000000000  0.0000000000  0.0000000000
-186.6106036232  3.1415926536  0.0000000000  0.0000000000  0.0000000000
-185.3539665618  3.1415926536  0.0000000000  0.0000000000  0.0000000000
-184.0973295004  3.1415926536  0.0000000000  0.0000000000  0.0000000000
-182.8406924389  3.1415926536  0.0000000000  0.0000000000  0.0000000000
-181.5840553775  3.1415926536  0.0000000000  0.0000000000  0.0000000000
-180.3274183161  3.1415926536  0.0000000000  0.0000000000  0.0000000000
-179.0707812546  3.1415926536  0.0000000000  0.0000000000  0.0000000000
-177.8141441932  3.1415926536  0.0000000000  0.0000000000  0.0000000000
-176.5575071317  3.1415926536  0.0000000000  0.0000000000  0.0000000000
-175.3008700703  3.1415926536  0.0000000000  0.0000000000  0.0000000000
-174.0442330089  3.1415926536  0.0000000000  0.0000000000  0.0000000000
-172.7875959474  3.1415926536  0.0000000000  0.0000000000  0.0000000000
-171.5309588860  3.1415926536  0.0000000000  0.0000000000  0.0000000000
-170.2743218246  3.1415926536  0.0000000000  0.0000000000  0.0000000000
-169.0176847631  3.1415926536  0.0000000000  0.0000000000  0.0000000000
-167.7610477017  3.1415926536  0.0000000000  0.0000000000  0.0000000000
-166.5044106403  3.1415926536  0.0000000000  0.0000000000  0.0000000000
-165.2477735788  3.1415926536  0.0000000000  0.0000000000  0.0000000000
-163.9911365174  3.1415926536  0.0000000000  0.0000000000  0.0000000000
-162.7344994560  3.1415926536  0.0000000000  0.0000000000  0.0000000000
-161.4778623945  3.1415926536  0.0000000000  0.0000000000  0.0000000000
-160.2212253331  3.1415926536  0.0000000000  0.0000000000  0.0000000000
-158.9645882716  3.1415926536  0.0000000000  0.0000000000  0.0000000000
-157.7079512102  3.1415926536  0.0000000000  0.0000000000  0.0000000000
-156.4513141488  3.1415926536  0.0000000000  0.0000000000  0.0000000000
-155.1946770873  3.1415926536  0.0000000000  0.0000000000  0.0000000000
-153.9380400259  3.1415926536  0.0000000000  0.0000000000  0.0000000000
-152.6814029645  3.1415926536  0.0000000000  0.0000000000  0.0000000000
-151.4247659030  3.1415926536  0.0000000000  0.0000000000  0.0000000000
-150.1681288416  3.1415926536  0.0000000000  0.0000000000  0.0000000000
-148.9114917802  3.1415926536  0.0000000000  0.0000000000  0.0000000000
-147.6548547187  3.1415926536  0.0000000000  0.0000000000  0.0000000000
-146.3982176573  3.1415926536  0.0000000000  0.0000000000  0.0000000000
-145.1415805958  3.1415926536  0.0000000000  0.0000000000  0.0000000000
-143.8849435344  3.1415926536  0.0000000000  0.0000000000  0.0000000000
-142.6283064730  3.1415926536  0.0000000000  0.0000000000  0.0000000000
-141.3716694115  3.1415926536  0.0000000000  0.0000000000  0.0000000000
-140.1150323501  3.1415926536  0.0000000000  0.0000000000  0.0000000000
-138.8583952887  3.1415926536  0.0000000000  0.0000000000  0.0000000000
-137.6017582272  3.1415926536  0.0000000000  0.0000000000  0.0000000000
-136.3451211658  3.1415926536  0.0000000000  0.0000000000  0.0000000000
-135.0884841044  3.1415926536  0.0000000000  0.0000000000  0.0000000000
-133.8318470429  3.1415926536  0.0000000000  0.0000000000  0.0000000000
-132.5752099815  3.1415926536  0.0000000000  0.0000000000  0.0000000000
-131.3185729201  3.1415926536  0.0000000000  0.0000000000  0.0000000000
-130.0619358586  3.1415926536  0.0000000000  0.0000000000  0.0000000000
-128.8052987972  3.1415926536  0.0000000000  0.0000000000  0.0000000000
-127.5486617357  3.1415926536  0.0000000000  0.0000000000  0.0000000000
-126.2920246743  3.1415926536  0.0000000000  0.0000000000  0.0000000000
-125.0353876129  3.1415926536  0.0000000000  0.0000000000  0.0000000000
-123.7787505514  3.1415926536  0.0000000000  0.0000000000  0.0000000000
-122.5221134900  3.1415926536  0.0000000000  0.0000000000  0.0000000000
-121.2654764286  3.1415926536  0.0000000000  0.0000000000  0.0000000000
-120.0088393671  3.1415926536  0.0000000000  0.0000000000  0.0000000000
-118.7522023057  3.1415926536  0.0000000000  0.0000000000  0.0000000000
-117.4955652443  3.1415926536  0.0000000000  0.0000000000  0.0000000000
-116.2389281828  3.1415926536  0.0000000000  0.0000000000  0.0000000000
-114.9822911214  3.1415926536  0.0000000000  0.0000000000  0.0000000000
-113.7256540600  3.1415926536  0.0000000000  0.0000000000  0.0000000000
-112.4690169985  3.1415926536  0.0000000000  0.0000000000  0.0000000000
-111.2123799371  3.1415926536  0.0000000000  0.0000000000  0.0000000000
-109.9557428756  3.1415926536  0.0000000000  0.0000000000  0.0000000000
-108.6991058142  3.1415926536  0.0000000000  0.0000000000  0.0000000000
-107.4424687528  3.1415926536  0.0000000000  0.0000000000  0.0000000000
-106.1858316913  3.1415926536  0.0000000000  0.0000000000  0.0000000000
-104.9291946299  3.1415926536  0.0000000000  0.0000000000  0.0000000000
-103.6725575685  3.1415926536  0.0000000000  0.0000000000  0.0000000000
-102.4159205070  3.1415926536  0.0000000000  0.0000000000  0.0000000000
-101.1592834456  3.1415926536  0.0000000000  0.0000000000  0.0000000000
-99.9026463842  3.1415926536  0.0000000000  0.0000000000  0.0000000000
-98.6460093227  3.1415926536  0.0000000000  0.0000000000  0.0000000000
-97.3893722613  3.1415926536  0.0000000000  0.0000000000  0.0000000000
-96.1327351998  3.1415926536  0.0000000000  0.0000000000  0.0000000000
-94.8760981384  3.1415926536  0.0000000000  0.0000000000  0.0000000000
-93.6194610770  3.1415926536  0.0000000000  0.0000000000  0.0000000000
-92.3628240155  3.1415926536  0.0000000000  0.0000000000  0.0000000000
-91.1061869541  3.1415926536  0.0000000000  0.0000000000  0.0000000000
-89.8495498927  3.1415926536  0.0000000000  0.0000000000  0.0000000000
-88.5929128312  3.1415926536  0.0000000000  0.0000000000  0.0000000000
-87.3362757698  3.1415926536  0.0000000000  0.0000000000  0.0000000000
-86.0796387084  3.1415926536  0.0000000000  0.0000000000  0.0000000000
-84.8230016469  3.1415926536  0.0000000000  0.0000000000  0.0000000000
-83.5663645855  3.1415926536  0.0000000000  0.0000000000  0.0000000000
-82.3097275241  3.1415926536  0.0000000000  0.0000000000  0.0000000000
-81.0530904626  3.1415926536  0.0000000000  0.0000000000  0.0000000000
-79.7964534012  3.1415926536  0.0000000000  0.0000000000  0.0000000000
-78.5398163397  3.1415926536  0.0000000000  0.0000000000  0.0000000000
-77.2831792783  3.1415926536  0.0000000000  0.0000000000  0.0000000000
-76.0265422169  3.1415926536  0.0000000000  0.0000000000  0.0000000000
-74.7699051554  3.1415926536  0.0000000000  0.0000000000  0.0000000000
-73.5132680940  3.1415926536  0.0000000000  0.0000000000  0.0000000000
-72.2566310326  3.1415926536  0.0000000000  0.0000000000  0.0000000000
-70.9999939711  3.1415926536  0.0000000000  0.0000000000  0.0000000000
-69.7433569097  3.1415926536  0.0000000000  0.0000000000  0.0000000000
-68.4867198483  3.1415926536  0.0000000000  0.0000000000  0.0000000000
-67.2300827868  3.1415926536  0.0000000000  0.0000000000  0.0000000000
-65.9734457254  3.1415926536  0.0000000000  0.0000000000  0.0000000000
-64.7168086639  3.1415926536  0.0000000000  0.0000000000  0.0000000000
-63.4601716025  3.1415926536  0.0000000000  0.0000000000  0.0000000000
-62.2035345411  3.1415926536  0.0000000000  0.0000000000  0.0000000000
-60.9468974796  3.1415926536  0.0000000000  0.0000000000  0.0000000000
-59.6902604182  3.1415926536  0.0000000000  0.0000000000  0.0000000000
-58.4336233568  3.1415926536  0.0000000000  0.0000000000  0.0000000000
-57.1769862953  3.1415926536  0.0000000000  0.0000000000  0.0000000000
-55.9203492339  3.1415926536  0.0000000000  0.0000000000  0.0000000000
-54.6637121725  3.1415926536  0.0000000000  0.0000000000  0.0000000000
-53.4070751110  3.1415926536  0.0000000000  0.0000000000  0.0000000000
-52.1504380496  3.1415926536  0.0000000000  0.0000000000  0.0000000000
-50.8938009882  3.1415926536  0.0000000000  0.0000000000  0.0000000000
-49.6371639267  3.1415926536  0.0000000000  0.0000000000  0.0000000000
-48.3805268653  3.1415926536  0.0000000000  0.0000000000  0.0000000000
-47.1238898038  3.1415926536  0.0000000000  0.0000000000  0.0000000000
-45.8672527424  3.1415926536  0.0000000000  0.0000000000  0.0000000000
-44.6106156810  3.1415926536  0.0000000000  0.0000000000  0.0000000000
-43.3539786195  3.1415926536  0.0000000000  0.0000000000  0.0000000000
-42.0973415581  3.1415926536  0.0000000000  0.0000000000  0.0000000000
-40.8407044967  3.1415926536  0.0000000000  0.0000000000  0.0000000000
-39.5840674352  3.1415926536  0.0000000000  0.0000000000  0.0000000000
-38.3274303738  3.1415926536  0.0000000000  0.0000000000  0.0000000000
-37.0707933124  3.1415926536  0.0000000000  0.0000000000  0.0000000000
-35.8141562509  3.1415926536  0.0000000000  0.0000000000  0.0000000000
-34.5575191895  3.1415926536  0.0000000000  0.0000000000  0.0000000000
-33.3008821281  3.1415926536  0.0000000000  0.0000000000  0.0000000000
-32.0442450666  3.1415926536  0.0000000000  0.0000000000  0.0000000000
-30.7876080052  3.1415926536  0.0000000000  0.0000000000  0.0000000000
-29.5309709437  3.1415926536  0.0000000000  0.0000000000  0.0000000000
-28.2743338823  3.1415926536  0.0000000000  0.0000000000  0.0000000000
-27.0176968209  3.1415926536  0.0000000000  0.0000000000  0.0000000000
-25.7610597594  3.1415926536  0.0000000000  0.0000000000  0.0000000000
-24.5044226980  3.1415926536  0.0000000000  0.0000000000  0.0000000000
-23.2477856366  3.1415926536  0.0000000000  0.0000000000  0.0000000000
-21.9911485751  3.1415926536  0.0000000000  0.0000000000  0.0000000000
-20.7345115137  3.1415926536  0.0000000000  0.0000000000  0.0000000000
-19.4778744523  3.1415926536  0.0000000000  0.0000000000  0.0000000000
-18.2212373908  3.1415926536  0.0000000000  0.0000000000  0.0000000000
-16.9646003294  3.1415926536  0.0000000000  0.0000000000  0.0000000000
-15.7079632679  3.1415926536  0.0000000000  0.0000000000  0.0000000000
-14.4513262065  3.1415926536  0.0000000000  0.0000000000  0.0000000000
-13.1946891451  3.1415926536  0.0000000000  0.0000000000  0.0000000000
-11.9380520836  3.1415926536  0.0000000000  0.0000000000  0.0000000000
-10.6814150222  3.1415926536  0.0000000000  0.0000000000  0.0000000000
-9.4247779608  3.1415926536  0.0000000000  0.0000000000  0.0000000000
-8.1681408993  3.1415926536  0.0000000000  0.0000000000  0.0000000000
-6.9115038379  3.1415926536  0.0000000000  0.0000000000  0.0000000000
-5.6548667765  3.1415926536  0.0000000000  0.0000000000  0.0000000000
-4.3982297150  3.1415926536  0.0000000000  0.0000000000  0.0000000000
-3.1415926536  3.1415926536  0.0000000000  0.0000000000  0.0000000000
-1.8849555922  3.1415926536  0.0000000000  0.0000000000  -0.0000001622
-0.6283185307  3.1415926536  0.0000000000  -0.0000005067  0.0000000000
0.6283185307  3.1415926536  0.0000000000  -0.0000000000  -3.3111569917
1.8849555922  3.1415926536  0.0000000000  0.0000000000  -1.3724326323
3.1415926536  3.1415926536  0.0000000000  -0.0000000000  -1.0948149722
4.3982297150  3.1415926536  0.0000000000  0.0000000000  -0.9450494628
5.6548667765  3.1415926536  0.0000000000  -0.0000000000  -0.8284253207
6.9115038379  3.1415926536  0.0000000000  -0.0000022318  -0.7363779913
8.1681408993  3.1415926536  0.0000000000  -0.0000000000  -0.6574927852
9.4247779608  3.1415926536  0.0000000000  -0.0000014089  -0.5903605584
10.6814150222  3.1415926536  0.0000000000  -0.0000000000  -0.5338504018
11.9380520836  3.1415926536  0.0000000000  0.0000021360  -0.4862681833
13.1946891451  3.1415926536  0.0000000000  0.0000022783  -0.4459219040
14.4513262065  3.1415926536  0.0000000000  0.0000000000  -0.4113917354
15.7079632679  3.1415926536  0.0000000000  -0.0000037618  -0.3815605565
16.9646003294  3.1415926536  0.0000000000  -0.0000078574  -0.3555642504
18.2212373908  3.1415926536  0.0000000000  -0.0000114482  -0.3327323378
19.4778744523  3.1415926536  0.0000000000  -0.0000140916  -0.3125390262
20.7345115137  3.1415926536  0.0000000000  -0.0000156527  -0.2945667932
21.9911485751  3.1415926536  0.0000000000  -0.0000161856  -0.2784800526
23.2477856366  3.1415926536  0.0000000000  -0.0000158392  -0.2640061015
24.5044226980  3.1415926536  0.0000000000  -0.0000147949  -0.2509211685
25.7610597594  3.1415926536  0.0000000000  -0.0000132311  -0.2390400391
27.0176968209  3.1415926536  0.0000000000  -0.0000113062  -0.2282082185
28.2743338823  3.1415926536  0.0000000000  -0.0000091520  -0.2182959269
29.5309709437  3.1415926536  0.0000000000  -0.0000068736  -0.2091934408
30.7876080052  3.1415926536  0.0000000000  -0.0000045515  -0.2008074392
32.0442450666  3.1415926536  0.0000000000  -0.0000022459  -0.1930581092
33.3008821281  3.1415926536  0.0000000000  -0.0000000000  -0.1858768354
34.5575191895  3.1415926536  0.0000000000  0.0000021564  -0.1792043398
35.8141562509  3.1415926536  0.0000000000  0.0000042037  -0.1729891744
37.0707933124  3.1415926536  0.0000000000  0.0000061303  -0.1671864922
38.3274303738  3.1415926536  0.0000000000  0.0000079303  -0.1617570387
39.5840674352  3.1415926536  0.0000000000  0.0000096020  -0.1566663197
40.8407044967  3.1415926536  0.0000000000  0.0000111471  -0.1518839115
42.0973415581  3.1415926536  0.0000000000  0.0000125690  -0.1473828860
43.3539786195  3.1415926536  0.0000000000  0.0000138728  -0.1431393285
44.6106156810  3.1415926536  0.0000000000  0.0000150644  -0.1391319329
45.8672527424  3.1415926536  0.0000000000  0.0000161503  -0.1353416595
47.1238898038  3.1415926536  0.0000000000  0.0000171371  -0.1317514441
48.3805268653  3.1415926536  0.0000000000  0.0000180315  -0.1283459511
49.6371639267  3.1415926536  0.0000000000  0.0000188399  -0.1251113619
50.8938009882  3.1415926536  0.0000000000  0.0000195688  -0.1220351932
52.1504380496  3.1415926536  0.0000000000  0.0000202241  -0.1191061410
53.4070751110  3.1415926536  0.0000000000  0.0000208116  -0.1163139455
54.6637121725  3.1415926536  0.0000000000  0.0000213366  -0.1136492739
55.9203492339  3.1415926536  0.0000000000  0.0000218042  -0.1111036188
57.1769862953  3.1415926536  0.0000000000  0.0000222190  -0.1086692097
58.4336233568  3.1415926536  0.0000000000  0.0000225854  -0.1063389349
59.6902604182  3.1415926536  0.0000000000  0.0000229074  -0.1041062738
60.9468974796  3.1415926536  0.0000000000  0.0000231887  -0.1019652369
62.2035345411  3.1415926536  0.0000000000  0.0000234327  -0.0999103133
63.4601716025  3.1415926536  0.0000000000  0.0000236426  -0.0979364235
64.7168086639  3.1415926536  0.0000000000  0.0000238212  -0.0960388788
65.9734457254  3.1415926536  0.0000000000  0.0000239712  -0.0942133441
67.2300827868  3.1415926536  0.0000000000  0.0000240952  -0.0924558057
68.4867198483  3.1415926536  0.0000000000  0.0000241952  -0.0907625418
69.7433569097  3.1415926536  0.0000000000  0.0000242734  -0.0891300965
70.9999939711  3.1415926536  0.0000000000  0.0000243316  -0.0875552571
72.2566310326  3.1415926536  0.0000000000  0.0000243716  -0.0860350324
73.5132680940  3.1415926536  0.0000000000  0.0000243950  -0.0845666345
74.7699051554  3.1415926536  0.0000000000  0.0000244032  -0.0831474616
76.0265422169  3.1415926536  0.0000000000  0.0000243975  -0.0817750829
77.2831792783  3.1415926536  0.0000000000  0.0000243792  -0.0804472248
78.5398163397  3.1415926536  0.0000000000  0.0000243495  -0.0791617583
79.7964534012  3.1415926536  0.0000000000  0.0000243093  -0.0779166879
81.0530904626  3.1415926536  0.0000000000  0.0000242595  -0.0767101411
82.3097275241  3.1415926536  0.0000000000  0.0000242011  -0.0755403593
83.5663645855  3.1415926536  0.0000000000  0.0000241349  -0.0744056892
84.8230016469  3.1415926536  0.0000000000  0.0000240615  -0.0733045748
86.0796387084  3.1415926536  0.0000000000  0.0000239817  -0.0722355509
87.3362757698  3.1415926536  0.0000000000  0.0000238960  -0.0711972361
88.5929128312  3.1415926536  0.0000000000  0.0000238051  -0.0701883271
89.8495498927  3.1415926536  0.0000000000  0.0000237094  -0.0692075933
91.1061869541  3.1415926536  0.0000000000  0.0000236095  -0.0682538715
92.3628240155  3.1415926536  0.0000000000  0.0000235057  -0.0673260620
93.6194610770  3.1415926536  0.0000000000  0.0000233986  -0.0664231236
94.8760981384  3.1415926536  0.0000000000  0.0000232883  -0.0655440703
96.1327351998  3.1415926536  0.0000000000  0.0000231754  -0.0646879673
97.3893722613  3.1415926536  0.0000000000  0.0000230600  -0.0638539281
98.6460093227  3.1415926536  0.0000000000  0.0000229426  -0.0630411111
99.9026463842  3.1415926536  0.0000000000  0.0000228233  -0.0622487171
101.1592834456  3.1415926536  0.0000000000  0.0000227024  -0.0614759862
102.4159205070  3.1415926536  0.0000000000  0.0000225801  -0.0607221961
103.6725575685  3.1415926536  0.0000000000  0.0000224567  -0.0599866590
104.9291946299  3.1415926536  0.0000000000  0.0000223323  -0.0592687204
106.1858316913  3.1415926536  0.0000000000  0.0000222071  -0.0585677564
107.4424687528  3.1415926536  0.0000000000  0.0000220812  -0.0578831724
108.6991058142  3.1415926536  0.0000000000  0.0000219549  -0.0572144011
109.9557428756  3.1415926536  0.0000000000  0.0000218282  -0.0565609011
111.2123799371  3.1415926536  0.0000000000  0.0000217012  -0.0559221556
112.4690169985  3.1415926536  0.0000000000  0.0000215742  -0.0552976706
113.7256540600  3.1415926536  0.0000000000  0.0000214471  -0.0546869741
114.9822911214  3.1415926536  0.0000000000  0.0000213201  -0.0540896145
116.2389281828  3.1415926536  0.0000000000  0.0000211932  -0.0535051599
117.4955652443  3.1415926536  0.0000000000  0.0000210666  -0.0529331968
118.7522023057  3.1415926536  0.0000000000  0.0000209403  -0.0523733289
120.0088393671  3.1415926536  0.0000000000  0.0000208144  -0.0518251769
121.2654764286  3.1415926536  0.0000000000  0.0000206890  -0.0512883769
122.5221134900  3.1415926536  0.0000000000  0.0000205640  -0.0507625799
123.7787505514  3.1415926536  0.0000000000  0.0000204396  -0.0502474514
125.0353876129  3.1415926536  0.0000000000  0.0000203158  -0.0497426698
126.2920246743  3.1415926536  0.0000000000  0.0000201926  -0.0492479267
127.5486617357  3.1415926536  0.0000000000  0.0000200701  -0.0487629256
128.8052987972  3.1415926536  0.0000000000  0.0000199483  -0.0482873818
130.0619358586  3.1415926536  0.0000000000  0.0000198273  -0.0478210213
131.3185729201  3.1415926536  0.0000000000  0.0000197070  -0.0473635807
132.5752099815  3.1415926536  0.0000000000  0.0000195875  -0.0469148067
133.8318470429  3.1415926536  0.0000000000  0.0000194689  -0.0464744553
135.0884841044  3.1415926536  0.0000000000  0.0000193510  -0.0460422917
136.3451211658  3.1415926536  0.0000000000  0.0000192341  -0.0456180896
137.6017582272  3.1415926536  0.0000000000  0.0000191179  -0.0452016311
138.8583952887  3.1415926536  0.0000000000  0.0000190027  -0.0447927062
140.1150323501  3.1415926536  0.0000000000  0.0000188884  -0.0443911123
141.3716694115  3.1415926536  0.0000000000  0.0000187749  -0.0439966541
142.6283064730  3.1415926536  0.0000000000  0.0000186624  -0.0436091431
143.8849435344  3.1415926536  0.0000000000  0.0000185508  -0.0432283974
145.1415805958  3.1415926536  0.0000000000  0.0000184401  -0.0428542415
146.3982176573  3.1415926536  0.0000000000  0.0000183303  -0.0424865057
147.6548547187  3.1415926536  0.0000000000  0.0000182215  -0.0421250262
148.9114917802  3.1415926536  0.0000000000  0.0000181135  -0.0417696448
150.1681288416  3.1415926536  0.0000000000  0.0000180066  -0.0414202085
151.4247659030  3.1415926536  0.0000000000  0.0000179005  -0.0410765693
152.6814029645  3.1415926536  0.0000000000  0.0000177954  -0.0407385843
153.9380400259  3.1415926536  0.0000000000  0.0000176912  -0.0404061149
155.1946770873  3.1415926536  0.0000000000  0.0000175879  -0.0400790274
156.4513141488  3.1415926536  0.0000000000  0.0000174856  -0.0397571922
157.7079512102  3.1415926536  0.0000000000  0.0000173842  -0.0394404836
158.9645882716  3.1415926536  0.0000000000  0.0000172837  -0.0391287803
160.2212253331  3.1415926536  0.0000000000  0.0000171841  -0.0388219646
161.4778623945  3.1415926536  0.0000000000  0.0000170855  -0.0385199223
162.7344994560  3.1415926536  0.0000000000  0.0000169877  -0.0382225430
163.9911365174  3.1415926536  0.0000000000  0.0000168908  -0.0379297195
165.2477735788  3.1415926536  0.0000000000  0.0000167949  -0.0376413479
166.5044106403  3.1415926536  0.0000000000  0.0000166998  -0.0373573276
167.7610477017  3.1415926536  0.0000000000  0.0000166056  -0.0370775607
169.0176847631  3.1415926536  0.0000000000  0.0000165123  -0.0368019525
170.2743218246  3.1415926536  0.0000000000  0.0000164198  -0.0365304108
171.5309588860  3.1415926536  0.0000000000  0.0000163282  -0.0362628465
172.7875959474  3.1415926536  0.0000000000  0.0000162375  -0.0359991727
174.0442330089  3.1415926536  0.0000000000  0.0000161476  -0.0357393052
175.3008700703  3.1415926536  0.0000000000  0.0000160585  -0.0354831622
176.5575071317  3.1415926536  0.0000000000  0.0000159703  -0.0352306642
177.8141441932  3.1415926536  0.0000000000  0.0000158829  -0.0349817340
179.0707812546  3.1415926536  0.0000000000  0.0000157963  -0.0347362965
180.3274183161  3.1415926536  0.0000000000  0.0000157105  -0.0344942786
181.5840553775  3.1415926536  0.0000000000  0.0000156256  -0.0342556095
182.8406924389  3.1415926536  0.0000000000  0.0000155414  -0.0340202201
184.0973295004  3.1415926536  0.0000000000  0.0000154580  -0.0337880432
185.3539665618  3.1415926536  0.0000000000  0.0000153754  -0.0335590137
186.6106036232  3.1415926536  0.0000000000  0.0000152935  -0.0333330678
187.8672406847  3.1415926536  0.0000000000  0.0000152125  -0.0331101438
189.1238777461  3.1415926536  0.0000000000  0.0000151321  -0.0328901814
190.3805148075  3.1415926536  0.0000000000  0.0000150526  -0.0326731220
191.6371518690  3.1415926536  0.0000000000  0.0000149737  -0.0324589086
192.8937889304  3.1415926536  0.0000000000  0.0000148956  -0.0322474855
194.1504259918  3.1415926536  0.0000000000  0.0000148182  -0.0320387985
195.4070630533  3.1415926536  0.0000000000  0.0000147416  -0.0318327949
196.6637001147  3.1415926536  0.0000000000  0.0000146656  -0.0316294233
197.9203371762  3.1415926536  0.0000000000  0.0000145903  -0.0314286336
199.1769742376  3.1415926536  0.0000000000  0.0000145158  -0.0312303769
200.4336112990  3.1415926536  0.0000000000  0.0000144419  -0.0310346055
201.6902483605  3.1415926536  0.0000000000  0.0000143687  -0.0308412731
202.9468854219  3.1415926536  0.0000000000  0.0000142961  -0.0306503343
204.2035224833  3.1415926536  0.0000000000  0.0000142242  -0.0304617451
205.4601595448  3.1415926536  0.0000000000  0.0000141530  -0.0302754621
206.7167966062  3.1415926536  0.0000000000  0.0000140824  -0.0300914436
207.9734336676  3.1415926536  0.0000000000  0.0000140125  -0.0299096483
209.2300707291  3.1415926536  0.0000000000  0.0000139432  -0.0297300362
210.4867077905  3.1415926536  0.0000000000  0.0000138745  -0.0295525684
211.7433448520  3.1415926536  0.0000000000  0.0000138064  -0.0293772065
212.9999819134  3.1415926536  0.0000000000  0.0000137389  -0.0292039133
214.2566189748  3.1415926536  0.0000000000  0.0000136721  -0.0290326525
215.5132560363  3.1415926536  0.0000000000  0.0000136058  -0.0288633885
216.7698930977  3.1415926536  0.0000000000  0.0000135402  -0.0286960866
218.0265301591  3.1415926536  0.0000000000  0.0000134751  -0.0285307128
219.2831672206  3.1415926536  0.0000000000  0.0000134106  -0.0283672340
220.5398042820  3.1415926536  0.0000000000  0.0000133466  -0.0282056179
221.7964413434  3.1415926536  0.0000000000  0.0000132832  -0.0280458328
223.0530784049  3.1415926536  0.0000000000  0.0000132204  -0.0278878478
224.3097154663  3.1415926536  0.0000000000  0.0000131581  -0.0277316325
225.5663525277  3.1415926536  0.0000000000  0.0000130964  -0.0275771575
226.8229895892  3.1415926536  0.0000000000  0.0000130352  -0.0274243938
228.0796266506  3.1415926536  0.0000000000  0.0000129746  -0.0272733132
229.3362637121  3.1415926536  0.0000000000  0.0000129144  -0.0271238879
230.5929007735  3.1415926536  0.0000000000  0.0000128548  -0.0269760909
231.8495378349  3.1415926536  0.0000000000  0.0000127957  -0.0268298958
233.1061748964  3.1415926536  0.0000000000  0.0000127371  -0.0266852767
234.3628119578  3.1415926536  0.0000000000  0.0000126790  -0.0265422081
235.6194490192  3.1415926536  0.0000000000  0.0000126214  -0.0264006654
236.8760860807  3.1415926536  0.0000000000  0.0000125643  -0.0262606242
238.1327231421  3.1415926536  0.0000000000  0.0000125077  -0.0261220608
239.3893602035  3.1415926536  0.0000000000  0.0000124515  -0.0259849518
240.6459972650  3.1415926536  0.0000000000  0.0000123958  -0.0258492746
241.9026343264  3.1415926536  0.0000000000  0.0000123406  -0.0257150068
243.1592713878  3.1415926536  0.0000000000  0.0000122859  -0.0255821265
244.4159084493  3.1415926536  0.0000000000  0.0000122316  -0.0254506124
245.6725455107  3.1415926536  0.0000000000  0.0000121778  -0.0253204435
246.9291825722  3.1415926536  0.0000000000  0.0000121244  -0.0251915993
248.1858196336  3.1415926536  0.0000000000  0.0000120714  -0.0250640596
249.4424566950  3.1415926536  0.0000000000  0.0000120189  -0.0249378048
250.6990937565  3.1415926536  0.0000000000  0.0000119668  -0.0248128154
251.9557308179  3.1415926536  0.0000000000  0.0000119152  -0.0246890727
253.2123678793  3.1415926536  0.0000000000  0.0000118639  -0.0245665580
254.4690049408  3.1415926536  0.0000000000  0.0000118131  -0.0244452532
255.7256420022  3.1415926536  0.0000000000  0.0000117627  -0.0243251404
256.9822790636  3.1415926536  0.0000000000  0.0000117127  -0.0242062021
258.2389161251  3.1415926536  0.0000000000  0.0000116631  -0.0240884212
259.4955531865  3.1415926536  0.0000000000  0.0000116140  -0.0239717809
260.7521902480  3.1415926536  0.0000000000  0.0000115652  -0.0238562647
262.0088273094  3.1415926536  0.0000000000  0.0000115167  -0.0237418563
263.2654643708  3.1415926536  0.0000000000  0.0000114687  -0.0236285401
264.5221014323  3.1415926536  0.0000000000  0.0000114211  -0.0235163003
265.7787384937  3.1415926536  0.0000000000  0.0000113738  -0.0234051218
267.0353755551  3.1415926536  0.0000000000  0.0000113269  -0.0232949895
268.2920126166  3.1415926536  0.0000000000  0.0000112804  -0.0231858888
269.5486496780  3.1415926536  0.0000000000  0.0000112342  -0.0230778052
270.8052867394  3.1415926536  0.0000000000  0.0000111884  -0.0229707245
272.0619238009  3.1415926536  0.0000000000  0.0000111430  -0.0228646330
273.3185608623  3.1415926536  0.0000000000  0.0000110979  -0.0227595168
274.5751979237  3.1415926536  0.0000000000  0.0000110532  -0.0226553627
275.8318349852  3.1415926536  0.0000000000  0.0000110088  -0.0225521576
277.0884720466  3.1415926536  0.0000000000  0.0000109647  -0.0224498883
278.3451091081  3.1415926536  0.0000000000  0.0000109210  -0.0223485425
279.6017461695  3.1415926536  0.0000000000  0.0000108776  -0.0222481074
280.8583832309  3.1415926536  0.0000000000  0.0000108345  -0.0221485711
282.1150202924  3.1415926536  0.0000000000  0.0000107918  -0.0220499213
283.3716573538  3.1415926536  0.0000000000  0.0000107494  -0.0219521464
284.6282944152  3.1415926536  0.0000000000  0.0000107073  -0.0218552348
285.8849314767  3.1415926536  0.0000000000  0.0000106656  -0.0217591750
287.1415685381  3.1415926536  0.0000000000  0.0000106241  -0.0216639559
288.3982055995  3.1415926536  0.0000000000  0.0000105830  -0.0215695665
289.6548426610  3.1415926536  0.0000000000  0.0000105421  -0.0214759960
290.9114797224  3.1415926536  0.0000000000  0.0000105016  -0.0213832339
292.1681167839  3.1415926536  0.0000000000  0.0000104614  -0.0212912696
293.4247538453  3.1415926536  0.0000000000  0.0000104214  -0.0212000929
294.6813909067  3.1415926536  0.0000000000  0.0000103818  -0.0211096937
295.9380279682  3.1415926536  0.0000000000  0.0000103424  -0.0210200622
297.1946650296  3.1415926536  0.0000000000  0.0000103034  -0.0209311886
298.4513020910  3.1415926536  0.0000000000  0.0000102646  -0.0208430633
299.7079391525  3.1415926536  0.0000000000  0.0000102261  -0.0207556770
300.9645762139  3.1415926536  0.0000000000  0.0000101878  -0.0206690203
302.2212132753  3.1415926536  0.0000000000  0.0000101499  -0.0205830842
303.4778503368  3.1415926536  0.0000000000  0.0000101122  -0.0204978597
304.7344873982  3.1415926536  0.0000000000  0.0000100748  -0.0204133380
305.9911244596  3.1415926536  0.0000000000  0.0000100377  -0.0203295104
307.2477615211  3.1415926536  0.0000000000  0.0000100008  -0.0202463685
308.5043985825  3.1415926536  0.0000000000  0.0000099642  -0.0201639039
309.7610356440  3.1415926536  0.0000000000  0.0000099279  -0.0200821083
311.0176727054  3.1415926536  0.0000000000  0.0000098918  -0.0200009736
312.2743097668  3.1415926536  0.0000000000  0.0000098559  -0.0199204918
313.5309468283  3.1415926536  0.0000000000  0.0000098203  -0.0198406551
314.7875838897  3.1415926536  0.0000000000  0.0000097850  -0.0197614558
316.0442209511  3.1415926536  0.0000000000  0.0000097499  -0.0196828862
317.3008580126  3.1415926536  0.0000000000  0.0000097150  -0.0196049389
318.5574950740  3.1415926536  0.0000000000  0.0000096804  -0.0195276065
319.8141321354  3.1415926536  0.0000000000  0.0000096461  -0.0194508818
321.0707691969  3.1415926536  0.0000000000  0.0000096119  -0.0193747576
322.3274062583  3.1415926536  0.0000000000  0.0000095780  -0.0192992270
323.5840433197  3.1415926536  0.0000000000  0.0000095444  -0.0192242829
324.8406803812  3.1415926536  0.0000000000  0.0000095109  -0.0191499186
326.0973174426  3.1415926536  0.0000000000  0.0000094777  -0.0190761274
327.3539545041  3.1415926536  0.0000000000  0.0000094447  -0.0190029027
328.6105915655  3.1415926536  0.0000000000  0.0000094120  -0.0189302379
329.8672286269  3.1415926536  0.0000000000  0.0000093794  -0.0188581268
331.1238656884  3.1415926536  0.0000000000  0.0000093471  -0.0187865629
332.3805027498  3.1415926536  0.0000000000  0.0000093150  -0.0187155402
333.6371398112  3.1415926536  0.0000000000  0.0000092831  -0.0186450524
334.8937768727  3.1415926536  0.0000000000  0.0000092514  -0.0185750935
336.1504139341  3.1415926536  0.0000000000  0.0000092200  -0.0185056576
337.4070509955  3.1415926536  0.0000000000  0.0000091887  -0.0184367390
338.6636880570  3.1415926536  0.0000000000  0.0000091577  -0.0183683317
339.9203251184  3.1415926536  0.0000000000  0.0000091268  -0.0183004302
341.1769621799  3.1415926536  0.0000000000  0.0000090962  -0.0182330288
342.4335992413  3.1415926536  0.0000000000  0.0000090657  -0.0181661221
343.6902363027  3.1415926536  0.0000000000  0.0000090355  -0.0180997046
344.9468733642  3.1415926536  0.0000000000  0.0000090054  -0.0180337710
346.2035104256  3.1415926536  0.0000000000  0.0000089756  -0.0179683160
347.4601474870  3.1415926536  0.0000000000  0.0000089459  -0.0179033344
348.7167845485  3.1415926536  0.0000000000  0.0000089164  -0.0178388212
349.9734216099  3.1415926536  0.0000000000  0.0000088871  -0.0177747711
351.2300586713  3.1415926536  0.0000000000  0.0000088580  -0.0177111794
352.4866957328  3.1415926536  0.0000000000  0.0000088291  -0.0176480411
353.7433327942  3.1415926536  0.0000000000  0.0000088004  -0.0175853513
354.9999698556  3.1415926536  0.0000000000  0.0000087719  -0.0175231052
356.2566069171  3.1415926536  0.0000000000  0.0000087435  -0.0174612983
357.5132439785  3.1415926536  0.0000000000  0.0000087153  -0.0173999259
358.7698810400  3.1415926536  0.0000000000  0.0000086873  -0.0173389833
360.0265181014  3.1415926536  0.0000000000  0.0000086595  -0.0172784662
361.2831551628  3.1415926536  0.0000000000  0.0000086318  -0.0172183700
362.5397922243  3.1415926536  0.0000000000  0.0000086043  -0.0171586903
363.7964292857  3.1415926536  0.0000000000  0.0000085770  -0.0170994230
365.0530663471  3.1415926536  0.0000000000  0.0000085499  -0.0170405637
366.3097034086  3.1415926536  0.0000000000  0.0000085229  -0.0169821081
367.5663404700  3.1415926536  0.0000000000  0.0000084961  -0.0169240523
368.8229775314  3.1415926536  0.0000000000  0.0000084695  -0.0168663920
370.0796145929  3.1415926536  0.0000000000  0.0000084430  -0.0168091233
371.3362516543  3.1415926536  0.0000000000  0.0000084167  -0.0167522421
372.5928887157  3.1415926536  0.0000000000  0.0000083905  -0.0166957446
373.8495257772  3.1415926536  0.0000000000  0.0000083645  -0.0166396269
375.1061628386  3.1415926536  0.0000000000  0.0000083387  -0.0165838852
376.3627999001  3.1415926536  0.0000000000  0.0000083130  -0.0165285157
377.6194369615  3.1415926536  0.0000000000  0.0000082874  -0.0164735147
378.8760740229  3.1415926536  0.0000000000  0.0000082621  -0.0164188785
380.1327110844  3.1415926536  0.0000000000  0.0000082368  -0.0163646035
381.3893481458  3.1415926536  0.0000000000  0.0000082118  -0.0163106862
382.6459852072  3.1415926536  0.0000000000  0.0000081868  -0.0162571229
383.9026222687  3.1415926536  0.0000000000  0.0000081621  -0.0162039103
385.1592593301  3.1415926536  0.0000000000  0.0000081374  -0.0161510449
386.4158963915  3.1415926536  0.0000000000  0.0000081130  -0.0160985234
387.6725334530  3.1415926536  0.0000000000  0.0000080886  -0.0160463423
388.9291705144  3.1415926536  0.0000000000  0.0000080644  -0.0159944984
390.1858075759  3.1415926536  0.0000000000  0.0000080404  -0.0159429884
391.4424446373  3.1415926536  0.0000000000  0.0000080164  -0.0158918091
392.6990816987  3.1415926536  0.0000000000  0.0000079927  -0.0158409573
393.9557187602  3.1415926536  0.0000000000  0.0000079690  -0.0157904299
395.2123558216  3.1415926536  0.0000000000  0.0000079455  -0.0157402238
396.4689928830  3.1415926536  0.0000000000  0.0000079222  -0.0156903360
397.7256299445  3.1415926536  0.0000000000  0.0000078989  -0.0156407634
398.9822670059  3.1415926536  0.0000000000  0.0000078759  -0.0155915030
400.2389040673  3.1415926536  0.0000000000  0.0000078529  -0.0155425520
401.4955411288  3.1415926536  0.0000000000  0.0000078301  -0.0154939074
402.7521781902  3.1415926536  0.0000000000  0.0000078074  -0.0154455663
404.0088152516  3.1415926536  0.0000000000  0.0000077848  -0.0153975259
405.2654523131  3.1415926536  0.0000000000  0.0000077623  -0.0153497834
406.5220893745  3.1415926536  0.0000000000  0.0000077400  -0.0153023360
407.7787264360  3.1415926536  0.0000000000  0.0000077178  -0.0152551811
409.0353634974  3.1415926536  0.0000000000  0.0000076958  -0.0152083159
410.2920005588  3.1415926536  0.0000000000  0.0000076738  -0.0151617378
411.5486376203  3.1415926536  0.0000000000  0.0000076520  -0.0151154441
412.8052746817  3.1415926536  0.0000000000  0.0000076303  -0.0150694322
414.0619117431  3.1415926536  0.0000000000  0.0000076087  -0.0150236996
415.3185488046  3.1415926536  0.0000000000  0.0000075873  -0.0149782437
416.5751858660  3.1415926536  0.0000000000  0.0000075660  -0.0149330621
417.8318229274  3.1415926536  0.0000000000  0.0000075447  -0.0148881522
419.0884599889  3.1415926536  0.0000000000  0.0000075236  -0.0148435116
420.3450970503  3.1415926536  0.0000000000  0.0000075027  -0.0147991379
421.6017341118  3.1415926536  0.0000000000  0.0000074818  -0.0147550288
422.8583711732  3.1415926536  0.0000000000  0.0000074610  -0.0147111818
424.1150082346  3.1415926536  0.0000000000  0.0000074404  -0.0146675946
425.3716452961  3.1415926536  0.0000000000  0.0000074199  -0.0146242649
426.6282823575  3.1415926536  0.0000000000  0.0000073994  -0.0145811904
427.8849194189  3.1415926536  0.0000000000  0.0000073791  -0.0145383690
429.1415564804  3.1415926536  0.0000000000  0.0000073589  -0.0144957983
430.3981935418  3.1415926536  0.0000000000  0.0000073388  -0.0144534762
431.6548306032  3.1415926536  0.0000000000  0.0000073189  -0.0144114005
432.9114676647  3.1415926536  0.0000000000  0.0000072990  -0.0143695691
434.1681047261  3.1415926536  0.0000000000  0.0000072792  -0.0143279798
435.4247417875  3.1415926536  0.0000000000  0.0000072595  -0.0142866305
436.6813788490  3.1415926536  0.0000000000  0.0000072400  -0.0142455193
437.9380159104  3.1415926536  0.0000000000  0.0000072205  -0.0142046439
439.1946529719  3.1415926536  0.0000000000  0.0000072012  -0.0141640024
440.4512900333  3.1415926536  0.0000000000  0.0000071819  -0.0141235929
441.7079270947  3.1415926536  0.0000000000  0.0000071628  -0.0140834132
442.9645641562  3.1415926536  0.0000000000  0.0000071437  -0.0140434615
444.2212012176  3.1415926536  0.0000000000  0.0000071248  -0.0140037359
445.4778382790  3.1415926536  0.0000000000  0.0000071059  -0.0139642343
446.7344753405  3.1415926536  0.0000000000  0.0000070872  -0.0139249550
447.9911124019  3.1415926536  0.0000000000  0.0000070685  -0.0138858960
449.2477494633  3.1415926536  0.0000000000  0.0000070500  -0.0138470555
450.5043865248  3.1415926536  0.0000000000  0.0000070315  -0.0138084317
451.7610235862  3.1415926536  0.0000000000  0.0000070132  -0.0137700227
453.0176606476  3.1415926536  0.0000000000  0.0000069949  -0.0137318269
454.2742977091  3.1415926536  0.0000000000  0.0000069767  -0.0136938423
455.5309347705  3.1415926536  0.0000000000  0.0000069586  -0.0136560673
456.7875718320  3.1415926536  0.0000000000  0.0000069406  -0.0136185001
458.0442088934  3.1415926536  0.0000000000  0.0000069227  -0.0135811391
459.3008459548  3.1415926536  0.0000000000  0.0000069049  -0.0135439825
460.5574830163  3.1415926536  0.0000000000  0.0000068872  -0.0135070286
461.8141200777  3.1415926536  0.0000000000  0.0000068696  -0.0134702759
463.0707571391  3.1415926536  0.0000000000  0.0000068520  -0.0134337226
464.3273942006  3.1415926536  0.0000000000  0.0000068346  -0.0133973671
465.5840312620  3.1415926536  0.0000000000  0.0000068172  -0.0133612079
466.8406683234  3.1415926536  0.0000000000  0.0000067999  -0.0133252434
468.0973053849  3.1415926536  0.0000000000  0.0000067828  -0.0132894719
469.3539424463  3.1415926536  0.0000000000  0.0000067656  -0.0132538920
470.6105795078  3.1415926536  0.0000000000  0.0000067486  -0.0132185021
471.8672165692  3.1415926536  0.0000000000  0.0000067317  -0.0131833006
473.1238536306  3.1415926536  0.0000000000  0.0000067148  -0.0131482862
474.3804906921  3.1415926536  0.0000000000  0.0000066981  -0.0131134573
475.6371277535  3.1415926536  0.0000000000  0.0000066814  -0.0130788123
476.8937648149  3.1415926536  0.0000000000  0.0000066648  -0.0130443500
478.1504018764  3.1415926536  0.0000000000  0.0000066483  -0.0130100688
479.4070389378  3.1415926536  0.0000000000  0.0000066318  -0.0129759673
480.6636759992  3.1415926536  0.0000000000  0.0000066155  -0.0129420441
481.9203130607  3.1415926536  0.0000000000  0.0000065992  -0.0129082978
483.1769501221  3.1415926536  0.0000000000  0.0000065830  -0.0128747271
484.4335871835  3.1415926536  0.0000000000  0.0000065669  -0.0128413305
485.6902242450  3.1415926536  0.0000000000  0.0000065508  -0.0128081067
486.9468613064  3.1415926536  0.0000000000  0.0000065348  -0.0127750544
488.2034983679  3.1415926536  0.0000000000  0.0000065190  -0.0127421722
489.4601354293  3.1415926536  0.0000000000  0.0000065031  -0.0127094588
490.7167724907  3.1415926536  0.0000000000  0.0000064874  -0.0126769131
491.9734095522  3.1415926536  0.0000000000  0.0000064717  -0.0126445335
493.2300466136  3.1415926536  0.0000000000  0.0000064562  -0.0126123190
494.4866836750  3.1415926536  0.0000000000  0.0000064406  -0.0125802681
495.7433207365  3.1415926536  0.0000000000  0.0000064252  -0.0125483798
496.9999577979  3.1415926536  0.0000000000  0.0000064098  -0.0125166527
498.2565948593  3.1415926536  0.0000000000  0.0000063945  -0.0124850856
499.5132319208  3.1415926536  0.0000000000  0.0000063793  -0.0124536774
500.7698689822  3.1415926536  0.0000000000  0.0000063642  -0.0124224268
502.0265060436  3.1415926536  0.0000000000  0.0000063491  -0.0123913326
503.2831431051  3.1415926536  0.0000000000  0.0000063341  -0.0123603937
504.5397801665  3.1415926536  0.0000000000  0.0000063191  -0.0123296089
505.7964172280  3.1415926536  0.0000000000  0.0000063043  -0.0122989771
507.0530542894  3.1415926536  0.0000000000  0.0000062895  -0.0122684971
508.3096913508  3.1415926536  0.0000000000  0.0000062747  -0.0122381678
509.5663284123  3.1415926536  0.0000000000  0.0000062601  -0.0122079880
510.8229654737  3.1415926536  0.0000000000  0.0000062455  -0.0121779568
512.0796025351  3.1415926536  0.0000000000  0.0000062309  -0.0121480729
513.3362395966  3.1415926536  0.0000000000  0.0000062165  -0.0121183354
514.5928766580  3.1415926536  0.0000000000  0.0000062021  -0.0120887431
515.8495137194  3.1415926536  0.0000000000  0.0000061878  -0.0120592949
517.1061507809  3.1415926536  0.0000000000  0.0000061735  -0.0120299899
518.3627878423  3.1415926536  0.0000000000  0.0000061593  -0.0120008270
519.6194249038  3.1415926536  0.0000000000  0.0000061452  -0.0119718051
520.8760619652  3.1415926536  0.0000000000  0.0000061311  -0.0119429232
522.1326990266  3.1415926536  0.0000000000  0.0000061171  -0.0119141804
523.3893360881  3.1415926536  0.0000000000  0.0000061031  -0.0118855756
524.6459731495  3.1415926536  0.0000000000  0.0000060893  -0.0118571078
525.9026102109  3.1415926536  0.0000000000  0.0000060754  -0.0118287760
527.1592472724  3.1415926536  0.0000000000  0.0000060617  -0.0118005793
528.4158843338  3.1415926536  0.0000000000  0.0000060480  -0.0117725167
529.6725213952  3.1415926536  0.0000000000  0.0000060344  -0.0117445873
530.9291584567  3.1415926536  0.0000000000  0.0000060208  -0.0117167901
532.1857955181  3.1415926536  0.0000000000  0.0000060073  -0.0116891241
533.4424325795  3.1415926536  0.0000000000  0.0000059938  -0.0116615885
534.6990696410  3.1415926536  0.0000000000  0.0000059804  -0.0116341823
535.9557067024  3.1415926536  0.0000000000  0.0000059671  -0.0116069046
537.2123437639  3.1415926536  0.0000000000  0.0000059538  -0.0115797545
538.4689808253  3.1415926536  0.0000000000  0.0000059406  -0.0115527312
539.7256178867  3.1415926536  0.0000000000  0.0000059274  -0.0115258337
540.9822549482  3.1415926536  0.0000000000  0.0000059143  -0.0114990611
542.2388920096  3.1415926536  0.0000000000  0.0000059013  -0.0114724126
543.4955290710  3.1415926536  0.0000000000  0.0000058883  -0.0114458874
544.7521661325  3.1415926536  0.0000000000  0.0000058754  -0.0114194845
546.0088031939  3.1415926536  0.0000000000  0.0000058625  -0.0113932031
547.2654402553  3.1415926536  0.0000000000  0.0000058497  -0.0113670425
548.5220773168  3.1415926536  0.0000000000  0.0000058369  -0.0113410017
549.7787143782  3.1415926536  0.0000000000  0.0000058242  -0.0113150799
551.0353514396  3.1415926536  0.0000000000  0.0000058116  -0.0112892764
552.2919885011  3.1415926536  0.0000000000  0.0000057990  -0.0112635903
553.5486255625  3.1415926536  0.0000000000  0.0000057864  -0.0112380208
554.8052626240  3.1415926536  0.0000000000  0.0000057740  -0.0112125671
556.0618996854  3.1415926536  0.0000000000  0.0000057615  -0.0111872285
557.3185367468  3.1415926536  0.0000000000  0.0000057491  -0.0111620041
558.5751738083  3.1415926536  0.0000000000  0.0000057368  -0.0111368932
559.8318108697  3.1415926536  0.0000000000  0.0000057245  -0.0111118951
561.0884479311  3.1415926536  0.0000000000  0.0000057123  -0.0110870089
562.3450849926  3.1415926536  0.0000000000  0.0000057001  -0.0110622340
563.6017220540  3.1415926536  0.0000000000  0.0000056880  -0.0110375695
564.8583591154  3.1415926536  0.0000000000  0.0000056759  -0.0110130148
566.1149961769  3.1415926536  0.0000000000  0.0000056639  -0.0109885690
567.3716332383  3.1415926536  0.0000000000  0.0000056519  -0.0109642316
568.6282702998  3.1415926536  0.0000000000  0.0000056400  -0.0109400017
569.8849073612  3.1415926536  0.0000000000  0.0000056282  -0.0109158787
571.1415444226  3.1415926536  0.0000000000  0.0000056163  -0.0108918618
572.3981814841  3.1415926536  0.0000000000  0.0000056046  -0.0108679504
573.6548185455  3.1415926536  0.0000000000  0.0000055928  -0.0108441437
574.9114556069  3.1415926536  0.0000000000  0.0000055812  -0.0108204411
576.1680926684  3.1415926536  0.0000000000  0.0000055695  -0.0107968419
577.4247297298  3.1415926536  0.0000000000  0.0000055580  -0.0107733454
578.6813667912  3.1415926536  0.0000000000  0.0000055464  -0.0107499510
579.9380038527  3.1415926536  0.0000000000  0.0000055350  -0.0107266579
581.1946409141  3.1415926536  0.0000000000  0.0000055235  -0.0107034655
582.4512779755  3.1415926536  0.0000000000  0.0000055121  -0.0106803733
583.7079150370  3.1415926536  0.0000000000  0.0000055008  -0.0106573804
584.9645520984  3.1415926536  0.0000000000  0.0000054895  -0.0106344864
586.2211891599  3.1415926536  0.0000000000  0.0000054782  -0.0106116904
587.4778262213  3.1415926536  0.0000000000  0.0000054670  -0.0105889920
588.7344632827  3.1415926536  0.0000000000  0.0000054559  -0.0105663906
589.9911003442  3.1415926536  0.0000000000  0.0000054448  -0.0105438853
591.2477374056  3.1415926536  0.0000000000  0.0000054337  -0.0105214758
592.5043744670  3.1415926536  0.0000000000  0.0000054227  -0.0104991613
593.7610115285  3.1415926536  0.0000000000  0.0000054117  -0.0104769412
595.0176485899  3.1415926536  0.0000000000  0.0000054008  -0.0104548150
596.2742856513  3.1415926536  0.0000000000  0.0000053899  -0.0104327821
597.5309227128  3.1415926536  0.0000000000  0.0000053790  -0.0104108418
598.7875597742  3.1415926536  0.0000000000  0.0000053682  -0.0103889936
600.0441968357  3.1415926536  0.0000000000  0.0000053574  -0.0103672369
601.3008338971  3.1415926536  0.0000000000  0.0000053467  -0.0103455712
602.5574709585  3.1415926536  0.0000000000  0.0000053361  -0.0103239958
603.8141080200  3.1415926536  0.0000000000  0.0000053254  -0.0103025102
605.0707450814  3.1415926536  0.0000000000  0.0000053148  -0.0102811139
606.3273821428  3.1415926536  0.0000000000  0.0000053043  -0.0102598063
607.5840192043  3.1415926536  0.0000000000  0.0000052938  -0.0102385867
608.8406562657  3.1415926536  0.0000000000  0.0000052833  -0.0102174548
610.0972933271  3.1415926536  0.0000000000  0.0000052729  -0.0101964100
611.3539303886  3.1415926536  0.0000000000  0.0000052625  -0.0101754516
612.6105674500  3.1415926536  0.0000000000  0.0000052521  -0.0101545792
613.8672045114  3.1415926536  0.0000000000  0.0000052418  -0.0101337923
615.1238415729  3.1415926536  0.0000000000  0.0000052316  -0.0101130903
616.3804786343  3.1415926536  0.0000000000  0.0000052213  -0.0100924727
617.6371156958  3.1415926536  0.0000000000  0.0000052112  -0.0100719391
618.8937527572  3.1415926536  0.0000000000  0.0000052010  -0.0100514887
620.1503898186  3.1415926536  0.0000000000  0.0000051909  -0.0100311213
621.4070268801  3.1415926536  0.0000000000  0.0000051808  -0.0100108363
622.6636639415  3.1415926536  0.0000000000  0.0000051708  -0.0099906331
623.9203010029  3.1415926536  0.0000000000  0.0000051608  -0.0099705113
625.1769380644  3.1415926536  0.0000000000  0.0000051509  -0.0099504704
626.4335751258  3.1415926536  0.0000000000  0.0000051410  -0.0099305099
627.6902121872  3.1415926536  0.0000000000  0.0000051311  -0.0099106293
628.9468492487  3.1415926536  0.0000000000  0.0000000000  0.0000000000
-627.6902121872  3.1415926536  3.1415926536  0.0000000000  0.0000000000
-626.4335751258  3.1415926536  3.1415926536  0.0000000000  0.0000000000
-625.1769380644  3.1415926536  3.1415926536  0.0000000000  0.0000000000
-623.9203010029  3.1415926536  3.1415926536  0.0000000000  0.0000000000
-622.6636639415  3.1415926536  3.1415926536  0.0000000000  0.0000000000
-621.4070268801  3.1415926536  3.1415926536  0.0000000000  0.0000000000
-620.1503898186  3.1415926536  3.1415926536  0.0000000000  0.0000000000
-618.8937527572  3.1415926536  3.1415926536  0.0000000000  0.0000000000
-617.6371156958  3.1415926536  3.1415926536  0.0000000000  0.0000000000
-616.3804786343  3.1415926536  3.1415926536  0.0000000000  0.0000000000
-615.1238415729  3.1415926536  3.1415926536  0.0000000000  0.0000000000
-613.8672045114  3.1415926536  3.1415926536  0.0000000000  0.0000000000
-612.6105674500  3.1415926536  3.1415926536  0.0000000000  0.0000000000
-611.3539303886  3.1415926536  3.1415926536  0.0000000000  0.0000000000
-610.0972933271  3.1415926536  3.1415926536  0.0000000000  0.0000000000
-608.8406562657  3.1415926536  3.1415926536  0.0000000000  0.0000000000
-607.5840192043  3.1415926536  3.1415926536  0.0000000000  0.0000000000
-606.3273821428  3.1415926536  3.1415926536  0.0000000000  0.0000000000
-605.0707450814  3.1415926536  3.1415926536  0.0000000000  0.0000000000
-603.8141080200  3.1415926536  3.1415926536  0.0000000000  0.0000000000
-602.5574709585  3.1415926536  3.1415926536  0.0000000000  0.0000000000
-601.3008338971  3.1415926536  3.1415926536  0.0000000000  0.0000000000
-600.0441968357  3.1415926536  3.1415926536  0.0000000000  0.0000000000
-598.7875597742  3.1415926536  3.1415926536  0.0000000000  0.0000000000
-597.5309227128  3.1415926536  3.1415926536  0.0000000000  0.0000000000
-596.2742856513  3.1415926536  3.1415926536  0.0000000000  0.0000000000
-595.0176485899  3.1415926536  3.1415926536  0.0000000000  0.0000000000
-593.7610115285  3.1415926536  3.1415926536  0.0000000000  0.0000000000
-592.5043744670  3.1415926536  3.1415926536  0.0000000000  0.0000000000
-591.2477374056  3.1415926536  3.1415926536  0.0000000000  0.0000000000
-589.9911003442  3.1415926536  3.1415926536  0.0000000000  0.0000000000
-588.7344632827  3.1415926536  3.1415926536  0.0000000000  0.0000000000
-587.4778262213  3.1415926536  3.1415926536  0.0000000000  0.0000000000
-586.2211891599  3.1415926536  3.1415926536  0.0000000000  0.0000000000
-584.9645520984  3.1415926536  3.1415926536  0.0000000000  0.0000000000
-583.7079150370  3.1415926536  3.1415926536  0.0000000000  0.0000000000
-582.4512779755  3.1415926536  3.1415926536  0.0000000000  0.0000000000
-581.1946409141  3.1415926536  3.1415926536  0.0000000000  0.0000000000
-579.9380038527  3.1415926536  3.1415926536  0.0000000000  0.0000000000
-578.6813667912  3.1415926536  3.1415926536  0.0000000000  0.0000000000
-577.4247297298  3.1415926536  3.1415926536  0.0000000000  0.0000000000
-576.1680926684  3.1415926536  3.1415926536  0.0000000000  0.0000000000
-574.9114556069  3.1415926536  3.1415926536  0.0000000000  0.0000000000
-573.6548185455  3.1415926536  3.1415926536  0.0000000000  0.0000000000
-572.3981814841  3.1415926536  3.1415926536  0.0000000000  0.0000000000
-571.1415444226  3.1415926536  3.1415926536  0.0000000000  0.0000000000
-569.8849073612  3.1415926536  3.1415926536  0.0000000000  0.0000000000
-568.6282702998  3.1415926536  3.1415926536  0.0000000000  0.0000000000
-567.3716332383  3.1415926536  3.1415926536  0.0000000000  0.0000000000
-566.1149961769  3.1415926536  3.1415926536  0.0000000000  0.0000000000
-564.8583591154  3.1415926536  3.1415926536  0.0000000000  0.0000000000
-563.6017220540  3.1415926536  3.1415926536  0.0000000000  0.0000000000
-562.3450849926  3.1415926536  3.1415926536  0.0000000000  0.0000000000
-561.0884479311  3.1415926536  3.1415926536  0.0000000000  0.0000000000
-559.8318108697  3.1415926536  3.1415926536  0.0000000000  0.0000000000
-558.5751738083  3.1415926536  3.1415926536  0.0000000000  0.0000000000
-557.3185367468  3.1415926536  3.1415926536  0.0000000000  0.0000000000
-556.0618996854  3.1415926536  3.1415926536  0.0000000000  0.0000000000
-554.8052626240  3.1415926536  3.1415926536  0.0000000000  0.0000000000
-553.5486255625  3.1415926536  3.1415926536  0.0000000000  0.0000000000
-552.2919885011  3.1415926536  3.1415926536  0.0000000000  0.0000000000
-551.0353514396  3.1415926536  3.1415926536  0.0000000000  0.0000000000
-549.7787143782  3.1415926536  3.1415926536  0.0000000000  0.0000000000
-548.5220773168  3.1415926536  3.1415926536  0.0000000000  0.0000000000
-547.2654402553  3.1415926536  3.1415926536  0.0000000000  0.0000000000
-546.0088031939  3.1415926536  3.1415926536  0.0000000000  0.0000000000
-544.7521661325  3.1415926536  3.1415926536  0.0000000000  0.0000000000
-543.4955290710  3.1415926536  3.1415926536  0.0000000000  0.0000000000
-542.2388920096  3.1415926536  3.1415926536  0.0000000000  0.0000000000
-540.9822549482  3.1415926536  3.1415926536  0.0000000000  0.0000000000
-539.7256178867  3.1415926536  3.1415926536  0.0000000000  0.0000000000
-538.4689808253  3.1415926536  3.1415926536  0.0000000000  0.0000000000
-537.2123437639  3.1415926536  3.1415926536  0.0000000000  0.0000000000
-535.9557067024  3.1415926536  3.1415926536  0.0000000000  0.0000000000
-534.6990696410  3.1415926536  3.1415926536  0.0000000000  0.0000000000
-533.4424325795  3.1415926536  3.1415926536  0.0000000000  0.0000000000
-532.1857955181  3.1415926536  3.1415926536  0.0000000000  0.0000000000
-530.9291584567  3.1415926536  3.1415926536  0.0000000000  0.0000000000
-529.6725213952  3.1415926536  3.1415926536  0.0000000000  0.0000000000
-528.4158843338  3.1415926536  3.1415926536  0.0000000000  0.0000000000
-527.1592472724  3.1415926536  3.1415926536  0.0000000000  0.0000000000
-525.9026102109  3.1415926536  3.1415926536  0.0000000000  0.0000000000
-524.6459731495  3.1415926536  3.1415926536  0.0000000000  0.0000000000
-523.3893360881  3.1415926536  3.1415926536  0.0000000000  0.0000000000
-522.1326990266  3.1415926536  3.1415926536  0.0000000000  0.0000000000
-520.8760619652  3.1415926536  3.1415926536  0.0000000000  0.0000000000
-519.6194249038  3.1415926536  3.1415926536  0.0000000000  0.0000000000
-518.3627878423  3.1415926536  3.1415926536  0.0000000000  0.0000000000
-517.1061507809  3.1415926536  3.1415926536  0.0000000000  0.0000000000
-515.8495137194  3.1415926536  3.1415926536  0.0000000000  0.0000000000
-514.5928766580  3.1415926536  3.1415926536  0.0000000000  0.0000000000
-513.3362395966  3.1415926536  3.1415926536  0.0000000000  0.0000000000
-512.0796025351  3.1415926536  3.1415926536  0.0000000000  0.0000000000
-510.8229654737  3.1415926536  3.1415926536  0.0000000000  0.0000000000
-509.5663284123  3.1415926536  3.1415926536  0.0000000000  0.0000000000
-508.3096913508  3.1415926536  3.1415926536  0.0000000000  0.0000000000
-507.0530542894  3.1415926536  3.1415926536  0.0000000000  0.0000000000
-505.7964172280  3.1415926536  3.1415926536  0.0000000000  0.0000000000
-504.5397801665  3.1415926536  3.1415926536  0.0000000000  0.0000000000
-503.2831431051  3.1415926536  3.1415926536  0.0000000000  0.0000000000
-502.0265060436  3.1415926536  3.1415926536  0.0000000000  0.0000000000
-500.7698689822  3.1415926536  3.1415926536  0.0000000000  0.0000000000
-499.5132319208  3.1415926536  3.1415926536  0.0000000000  0.0000000000
-498.2565948593  3.1415926536  3.1415926536  0.0000000000  0.0000000000
-496.9999577979  3.1415926536  3.1415926536  0.0000000000  0.0000000000
-495.7433207365  3.1415926536  3.1415926536  0.0000000000  0.0000000000
-494.4866836750  3.1415926536  3.1415926536  0.0000000000  0.0000000000
-493.2300466136  3.1415926536  3.1415926536  0.0000000000  0.0000000000
-491.9734095522  3.1415926536  3.1415926536  0.0000000000  0.0000000000
-490.7167724907  3.1415926536  3.1415926536  0.0000000000  0.0000000000
-489.4601354293  3.1415926536  3.1415926536  0.0000000000  0.0000000000
-488.2034983679  3.1415926536  3.1415926536  0.0000000000  0.0000000000
-486.9468613064  3.1415926536  3.1415926536  0.0000000000  0.0000000000
-485.6902242450  3.1415926536  3.1415926536  0.0000000000  0.0000000000
-484.4335871835  3.1415926536  3.1415926536  0.0000000000  0.0000000000
-483.1769501221  3.1415926536  3.1415926536  0.0000000000  0.0000000000
-481.9203130607  3.1415926536  3.1415926536  0.0000000000  0.0000000000
-480.6636759992  3.1415926536  3.1415926536  0.0000000000  0.0000000000
-479.4070389378  3.1415926536  3.1415926536  0.0000000000  0.0000000000
-478.1504018764  3.1415926536  3.1415926536  0.0000000000  0.0000000000
-476.8937648149  3.1415926536  3.1415926536  0.0000000000  0.0000000000
-475.6371277535  3.1415926536  3.1415926536  0.0000000000  0.0000000000
-474.3804906921  3.1415926536  3.1415926536  0.0000000000  0.0000000000
-473.1238536306  3.1415926536  3.1415926536  0.0000000000  0.0000000000
-471.8672165692  3.1415926536  3.1415926536  0.0000000000  0.0000000000
-470.6105795078  3.1415926536  3.1415926536  0.0000000000  0.0000000000
-469.3539424463  3.1415926536  3.1415926536  0.0000000000  0.0000000000
-468.0973053849  3.1415926536  3.1415926536  0.0000000000  0.0000000000
-466.8406683234  3.1415926536  3.1415926536  0.0000000000  0.0000000000
-465.5840312620  3.1415926536  3.1415926536  0.0000000000  0.0000000000
-464.3273942006  3.1415926536  3.1415926536  0.0000000000  0.0000000000
-463.0707571391  3.1415926536  3.1415926536  0.0000000000  0.0000000000
-461.8141200777  3.1415926536  3.1415926536  0.0000000000  0.0000000000
-460.5574830163  3.1415926536  3.1415926536  0.0000000000  0.0000000000
-459.3008459548  3.1415926536  3.1415926536  0.0000000000  0.0000000000
-458.0442088934  3.1415926536  3.1415926536  0.0000000000  0.0000000000
-456.7875718320  3.1415926536  3.1415926536  0.0000000000  0.0000000000
-455.5309347705  3.1415926536  3.1415926536  0.0000000000  0.0000000000
-454.2742977091  3.1415926536  3.1415926536  0.0000000000  0.0000000000
-453.0176606476  3.1415926536  3.1415926536  0.0000000000  0.0000000000
-451.7610235862  3.1415926536  3.1415926536  0.0000000000  0.0000000000
-450.5043865248  3.1415926536  3.1415926536  0.0000000000  0.0000000000
-449.2477494633  3.1415926536  3.1415926536  0.0000000000  0.0000000000
-447.9911124019  3.1415926536  3.1415926536  0.0000000000  0.0000000000
-446.7344753405  3.1415926536  3.1415926536  0.0000000000  0.0000000000
-445.4778382790  3.1415926536  3.1415926536  0.0000000000  0.0000000000
-444.2212012176  3.1415926536  3.1415926536  0.0000000000  0.0000000000
-442.9645641562  3.1415926536  3.1415926536  0.0000000000  0.0000000000
-441.7079270947  3.1415926536  3.1415926536  0.0000000000  0.0000000000
-440.4512900333  3.1415926536  3.1415926536  0.0000000000  0.0000000000
-439.1946529719  3.1415926536  3.1415926536  0.0000000000  0.0000000000
-437.9380159104  3.1415926536  3.1415926536  0.0000000000  0.0000000000
-436.6813788490  3.1415926536  3.1415926536  0.0000000000  0.0000000000
-435.4247417875  3.1415926536  3.1415926536  0.0000000000  0.0000000000
-434.1681047261  3.1415926536  3.1415926536  0.0000000000  0.0000000000
-432.9114676647  3.1415926536  3.1415926536  0.0000000000  0.0000000000
-431.6548306032  3.1415926536  3.1415926536  0.0000000000  0.0000000000
-430.3981935418  3.1415926536  3.1415926536  0.0000000000  0.0000000000
-429.1415564804  3.1415926536  3.1415926536  0.0000000000  0.0000000000
-427.8849194189  3.1415926536  3.1415926536  0.0000000000  0.0000000000
-426.6282823575  3.1415926536  3.1415926536  0.0000000000  0.0000000000
-425.3716452961  3.1415926536  3.1415926536  0.0000000000  0.0000000000
-424.1150082346  3.1415926536  3.1415926536  0.0000000000  0.0000000000
-422.8583711732  3.1415926536  3.1415926536  0.0000000000  0.0000000000
-421.6017341118  3.1415926536  3.1415926536  0.0000000000  0.0000000000
-420.3450970503  3.1415926536  3.1415926536  0.0000000000  0.0000000000
-419.0884599889  3.1415926536  3.1415926536  0.0000000000  0.0000000000
-417.8318229274  3.1415926536  3.1415926536  0.0000000000  0.0000000000
-416.5751858660  3.1415926536  3.1415926536  0.0000000000  0.0000000000
-415.3185488046  3.1415926536  3.1415926536  0.0000000000  0.0000000000
-414.0619117431  3.1415926536  3.1415926536  0.0000000000  0.0000000000
-412.8052746817  3.1415926536  3.1415926536  0.0000000000  0.0000000000
-411.5486376203  3.1415926536  3.1415926536  0.0000000000  0.0000000000
-410.2920005588  3.1415926536  3.1415926536  0.0000000000  0.0000000000
-409.0353634974  3.1415926536  3.1415926536  0.0000000000  0.0000000000
-407.7787264360  3.1415926536  3.1415926536  0.0000000000  0.0000000000
-406.5220893745  3.1415926536  3.1415926536  0.0000000000  0.0000000000
-405.2654523131  3.1415926536  3.1415926536  0.0000000000  0.0000000000
-404.0088152516  3.1415926536  3.1415926536  0.0000000000  0.0000000000
-402.7521781902  3.1415926536  3.1415926536  0.0000000000  0.0000000000
-401.4955411288  3.1415926536  3.1415926536  0.0000000000  0.0000000000
-400.2389040673  3.1415926536  3.1415926536  0.0000000000  0.0000000000
-398.9822670059  3.1415926536  3.1415926536  0.0000000000  0.0000000000
-397.7256299445  3.1415926536  3.1415926536  0.0000000000  0.0000000000
-396.4689928830  3.1415926536  3.1415926536  0.0000000000  0.0000000000
-395.2123558216  3.1415926536  3.1415926536  0.0000000000  0.0000000000
-393.9557187602  3.1415926536  3.1415926536  0.0000000000  0.0000000000
-392.6990816987  3.1415926536  3.1415926536  0.0000000000  0.0000000000
-391.4424446373  3.1415926536  3.1415926536  0.0000000000  0.0000000000
-390.1858075759  3.1415926536  3.1415926536  0.0000000000  0.0000000000
-388.9291705144  3.1415926536  3.1415926536  0.0000000000  0.0000000000
-387.6725334530  3.1415926536  3.1415926536  0.0000000000  0.0000000000
-386.4158963915  3.1415926536  3.1415926536  0.0000000000  0.0000000000
-385.1592593301  3.1415926536  3.1415926536  0.0000000000  0.0000000000
-383.9026222687  3.1415926536  3.1415926536  0.0000000000  0.0000000000
-382.6459852072  3.1415926536  3.1415926536  0.0000000000  0.0000000000
-381.3893481458  3.1415926536  3.1415926536  0.0000000000  0.0000000000
-380.1327110844  3.1415926536  3.1415926536  0.0000000000  0.0000000000
-378.8760740229  3.1415926536  3.1415926536  0.0000000000  0.0000000000
-377.6194369615  3.1415926536  3.1415926536  0.0000000000  0.0000000000
-376.3627999001  3.1415926536  3.1415926536  0.0000000000  0.0000000000
-375.1061628386  3.1415926536  3.1415926536  0.0000000000  0.0000000000
-373.8495257772  3.1415926536  3.1415926536  0.0000000000  0.0000000000
-372.5928887157  3.1415926536  3.1415926536  0.0000000000  0.0000000000
-371.3362516543  3.1415926536  3.1415926536  0.0000000000  0.0000000000
-370.0796145929  3.1415926536  3.1415926536  0.0000000000  0.0000000000
-368.8229775314  3.1415926536  3.1415926536  0.0000000000  0.0000000000
-367.5663404700  3.1415926536  3.1415926536  0.0000000000  0.0000000000
-366.3097034086  3.1415926536  3.1415926536  0.0000000000  0.0000000000
-365.0530663471  3.1415926536  3.1415926536  0.0000000000  0.0000000000
-363.7964292857  3.1415926536  3.1415926536  0.0000000000  0.0000000000
-362.5397922243  3.1415926536  3.1415926536  0.0000000000  0.0000000000
-361.2831551628  3.1415926536  3.1415926536  0.0000000000  0.0000000000
-360.0265181014  3.1415926536  3.1415926536  0.0000000000  0.0000000000
-358.7698810400  3.1415926536  3.1415926536  0.0000000000  0.0000000000
-357.5132439785  3.1415926536  3.1415926536  0.0000000000  0.0000000000
-356.2566069171  3.1415926536  3.1415926536  0.0000000000  0.0000000000
-354.9999698556  3.1415926536  3.1415926536  0.0000000000  0.0000000000
-353.7433327942  3.1415926536  3.1415926536  0.0000000000  0.0000000000
-352.4866957328  3.1415926536  3.1415926536  0.0000000000  0.0000000000
-351.2300586713  3.1415926536  3.1415926536  0.0000000000  0.0000000000
-349.9734216099  3.1415926536  3.1415926536  0.0000000000  0.0000000000
-348.7167845485  3.1415926536  3.1415926536  0.0000000000  0.0000000000
-347.4601474870  3.1415926536  3.1415926536  0.0000000000  0.0000000000
-346.2035104256  3.1415926536  3.1415926536  0.0000000000  0.0000000000
-344.9468733642  3.1415926536  3.1415926536  0.0000000000  0.0000000000
-343.6902363027  3.1415926536  3.1415926536  0.0000000000  0.0000000000
-342.4335992413  3.1415926536  3.1415926536  0.0000000000  0.0000000000
-341.1769621799  3.1415926536  3.1415926536  0.0000000000  0.0000000000
-339.9203251184  3.1415926536  3.1415926536  0.0000000000  0.0000000000
-338.6636880570  3.1415926536  3.1415926536  0.0000000000  0.0000000000
-337.4070509955  3.1415926536  3.1415926536  0.0000000000  0.0000000000
-336.1504139341  3.1415926536  3.1415926536  0.0000000000  0.0000000000
-334.8937768727  3.1415926536  3.1415926536  0.0000000000  0.0000000000
-333.6371398112  3.1415926536  3.1415926536  0.0000000000  0.0000000000
-332.3805027498  3.1415926536  3.1415926536  0.0000000000  0.0000000000
-331.1238656884  3.1415926536  3.1415926536  0.0000000000  0.0000000000
-329.8672286269  3.1415926536  3.1415926536  0.0000000000  0.0000000000
-328.6105915655  3.1415926536  3.1415926536  0.0000000000  0.0000000000
-327.3539545041  3.1415926536  3.1415926536  0.0000000000  0.0000000000
-326.0973174426  3.1415926536  3.1415926536  0.0000000000  0.0000000000
-324.8406803812  3.1415926536  3.1415926536  0.0000000000  0.0000000000
-323.5840433197  3.1415926536  3.1415926536  0.0000000000  0.0000000000
-322.3274062583  3.1415926536  3.1415926536  0.0000000000  0.0000000000
-321.0707691969  3.1415926536  3.1415926536  0.0000000000  0.0000000000
-319.8141321354  3.1415926536  3.1415926536  0.0000000000  0.0000000000
-318.5574950740  3.1415926536  3.1415926536  0.0000000000  0.0000000000
-317.3008580126  3.1415926536  3.1415926536  0.0000000000  0.0000000000
-316.0442209511  3.1415926536  3.1415926536  0.0000000000  0.0000000000
-314.7875838897  3.1415926536  3.1415926536  0.0000000000  0.0000000000
-313.5309468283  3.1415926536  3.1415926536  0.0000000000  0.0000000000
-312.2743097668  3.1415926536  3.1415926536  0.0000000000  0.0000000000
-311.0176727054  3.1415926536  3.1415926536  0.0000000000  0.0000000000
-309.7610356440  3.1415926536  3.1415926536  0.0000000000  0.0000000000
-308.5043985825  3.1415926536  3.1415926536  0.0000000000  0.0000000000
-307.2477615211  3.1415926536  3.1415926536  0.0000000000  0.0000000000
-305.9911244596  3.1415926536  3.1415926536  0.0000000000  0.0000000000
-304.7344873982  3.1415926536  3.1415926536  0.0000000000  0.0000000000
-303.4778503368  3.1415926536  3.1415926536  0.0000000000  0.0000000000
-302.2212132753  3.1415926536  3.1415926536  0.0000000000  0.0000000000
-300.9645762139  3.1415926536  3.1415926536  0.0000000000  0.0000000000
-299.7079391525  3.1415926536  3.1415926536  0.0000000000  0.0000000000
-298.4513020910  3.1415926536  3.1415926536  0.0000000000  0.0000000000
-297.1946650296  3.1415926536  3.1415926536  0.0000000000  0.0000000000
-295.9380279682  3.1415926536  3.1415926536  0.0000000000  0.0000000000
-294.6813909067  3.1415926536  3.1415926536  0.0000000000  0.0000000000
-293.4247538453  3.1415926536  3.1415926536  0.0000000000  0.0000000000
-292.1681167839  3.1415926536  3.1415926536  0.0000000000  0.0000000000
-290.9114797224  3.1415926536  3.1415926536  0.0000000000  0.0000000000
-289.6548426610  3.1415926536  3.1415926536  0.0000000000  0.0000000000
-288.3982055995  3.1415926536  3.1415926536  0.0000000000  0.0000000000
-287.1415685381  3.1415926536  3.1415926536  0.0000000000  0.0000000000
-285.8849314767  3.1415926536  3.1415926536  0.0000000000  0.0000000000
-284.6282944152  3.1415926536  3.1415926536  0.0000000000  0.0000000000
-283.3716573538  3.1415926536  3.1415926536  0.0000000000  0.0000000000
-282.1150202924  3.1415926536  3.1415926536  0.0000000000  0.0000000000
-280.8583832309  3.1415926536  3.1415926536  0.0000000000  0.0000000000
-279.6017461695  3.1415926536  3.1415926536  0.0000000000  0.0000000000
-278.3451091081  3.1415926536  3.1415926536  0.0000000000  0.0000000000
-277.0884720466  3.1415926536  3.1415926536  0.0000000000  0.0000000000
-275.8318349852  3.1415926536  3.1415926536  0.0000000000  0.0000000000
-274.5751979237  3.1415926536  3.1415926536  0.0000000000  0.0000000000
-273.3185608623  3.1415926536  3.1415926536  0.0000000000  0.0000000000
-272.0619238009  3.1415926536  3.1415926536  0.0000000000  0.0000000000
-270.8052867394  3.1415926536  3.1415926536  0.0000000000  0.0000000000
-269.5486496780  3.1415926536  3.1415926536  0.0000000000  0.0000000000
-268.2920126166  3.1415926536  3.1415926536  0.0000000000  0.0000000000
-267.0353755551  3.1415926536  3.1415926536  0.0000000000  0.0000000000
-265.7787384937  3.1415926536  3.1415926536  0.0000000000  0.0000000000
-264.5221014323  3.1415926536  3.1415926536  0.0000000000  0.0000000000
-263.2654643708  3.1415926536  3.1415926536  0.0000000000  0.0000000000
-262.0088273094  3.1415926536  3.1415926536  0.0000000000  0.0000000000
-260.7521902480  3.1415926536  3.1415926536  0.0000000000  0.0000000000
-259.4955531865  3.1415926536  3.1415926536  0.0000000000  0.0000000000
-258.2389161251  3.1415926536  3.1415926536  0.0000000000  0.0000000000
-256.9822790636  3.1415926536  3.1415926536  0.0000000000  0.0000000000
-255.7256420022  3.1415926536  3.1415926536  0.0000000000  0.0000000000
-254.4690049408  3.1415926536  3.1415926536  0.0000000000  0.0000000000
-253.2123678793  3.1415926536  3.1415926536  0.0000000000  0.0000000000
-251.9557308179  3.1415926536  3.1415926536  0.0000000000  0.0000000000
-250.6990937565  3.1415926536  3.1415926536  0.0000000000  0.0000000000
-249.4424566950  3.1415926536  3.1415926536  0.0000000000  0.0000000000
-248.1858196336  3.1415926536  3.1415926536  0.0000000000  0.0000000000
-246.9291825722  3.1415926536  3.1415926536  0.0000000000  0.0000000000
-245.6725455107  3.1415926536  3.1415926536  0.0000000000  0.0000000000
-244.4159084493  3.1415926536  3.1415926536  0.0000000000  0.0000000000
-243.1592713878  3.1415926536  3.1415926536  0.0000000000  0.0000000000
-241.9026343264  3.1415926536  3.1415926536  0.0000000000  0.0000000000
-240.6459972650  3.1415926536  3.1415926536  0.0000000000  0.0000000000
-239.3893602035  3.1415926536  3.1415926536  0.0000000000  0.0000000000
-238.1327231421  3.1415926536  3.1415926536  0.0000000000  0.0000000000
-236.8760860807  3.1415926536  3.1415926536  0.0000000000  0.0000000000
-235.6194490192  3.1415926536  3.1415926536  0.0000000000  0.0000000000
-234.3628119578  3.1415926536  3.1415926536  0.0000000000  0.0000000000
-233.1061748964  3.1415926536  3.1415926536  0.0000000000  0.0000000000
-231.8495378349  3.1415926536  3.1415926536  0.0000000000  0.0000000000
-230.5929007735  3.1415926536  3.1415926536  0.0000000000  0.0000000000
-229.3362637121  3.1415926536  3.1415926536  0.0000000000  0.0000000000
-228.0796266506  3.1415926536  3.1415926536  0.0000000000  0.0000000000
-226.8229895892  3.1415926536  3.1415926536  0.0000000000  0.0000000000
-225.5663525277  3.1415926536  3.1415926536  0.0000000000  0.0000000000
-224.3097154663  3.1415926536  3.1415926536  0.0000000000  0.0000000000
-223.0530784049  3.1415926536  3.1415926536  0.0000000000  0.0000000000
-221.7964413434  3.1415926536  3.1415926536  0.0000000000  0.0000000000
-220.5398042820  3.1415926536  3.1415926536  0.0000000000  0.0000000000
-219.2831672206  3.1415926536  3.1415926536  0.0000000000  0.0000000000
-218.0265301591  3.1415926536  3.1415926536  0.0000000000  0.0000000000
-216.7698930977  3.1415926536  3.1415926536  0.0000000000  0.0000000000
-215.5132560363  3.1415926536  3.1415926536  0.0000000000  0.0000000000
-214.2566189748  3.1415926536  3.1415926536  0.0000000000  0.0000000000
-212.9999819134  3.1415926536  3.1415926536  0.0000000000  0.0000000000
-211.7433448520  3.1415926536  3.1415926536  0.0000000000  0.0000000000
-210.4867077905  3.1415926536  3.1415926536  0.0000000000  0.0000000000
-209.2300707291  3.1415926536  3.1415926536  0.0000000000  0.0000000000
-207.9734336676  3.1415926536  3.1415926536  0.0000000000  0.0000000000
-206.7167966062  3.1415926536  3.1415926536  0.0000000000  0.0000000000
-205.4601595448  3.1415926536  3.1415926536  0.0000000000  0.0000000000
-204.2035224833  3.1415926536  3.1415926536  0.0000000000  0.0000000000
-202.9468854219  3.1415926536  3.1415926536  0.0000000000  0.0000000000
-201.6902483605  3.1415926536  3.1415926536  0.0000000000  0.0000000000
-200.4336112990  3.1415926536  3.1415926536  0.0000000000  0.0000000000
-199.1769742376  3.1415926536  3.1415926536  0.0000000000  0.0000000000
-197.9203371762  3.1415926536  3.1415926536  0.0000000000  0.0000000000
-196.6637001147  3.1415926536  3.1415926536  0.0000000000  0.0000000000
-195.4070630533  3.1415926536  3.1415926536  0.0000000000  0.0000000000
-194.1504259918  3.1415926536  3.1415926536  0.0000000000  0.0000000000
-192.8937889304  3.1415926536  3.1415926536  0.0000000000  0.0000000000
-191.6371518690  3.1415926536  3.1415926536  0.0000000000  0.0000000000
-190.3805148075  3.1415926536  3.1415926536  0.0000000000  0.0000000000
-189.1238777461  3.1415926536  3.1415926536  0.0000000000  0.0000000000
-187.8672406847  3.1415926536  3.1415926536  0.0000000000  0.0000000000
-186.6106036232  3.1415926536  3.1415926536  0.0000000000  0.0000000000
-185.3539665618  3.1415926536  3.1415926536  0.0000000000  0.0000000000
-184.0973295004  3.1415926536  3.1415926536  0.0000000000  0.0000000000
-182.8406924389  3.1415926536  3.1415926536  0.0000000000  0.0000000000
-181.5840553775  3.1415926536  3.1415926536  0.0000000000  0.0000000000
-180.3274183161  3.1415926536  3.1415926536  0.0000000000  0.0000000000
-179.0707812546  3.1415926536  3.1415926536  0.0000000000  0.0000000000
-177.8141441932  3.1415926536  3.1415926536  0.0000000000  0.0000000000
-176.5575071317  3.1415926536  3.1415926536  0.0000000000  0.0000000000
-175.3008700703  3.1415926536  3.1415926536  0.0000000000  0.0000000000
-174.0442330089  3.1415926536  3.1415926536  0.0000000000  0.0000000000
-172.7875959474  3.1415926536  3.1415926536  0.0000000000  0.0000000000
-171.5309588860  3.1415926536  3.1415926536  0.0000000000  0.0000000000
-170.2743218246  3.1415926536  3.1415926536  0.0000000000  0.0000000000
-169.0176847631  3.1415926536  3.1415926536  0.0000000000  0.0000000000
-167.7610477017  3.1415926536  3.1415926536  0.0000000000  0.0000000000
-166.5044106403  3.1415926536  3.1415926536  0.0000000000  0.0000000000
-165.2477735788  3.1415926536  3.1415926536  0.0000000000  0.0000000000
-163.9911365174  3.1415926536  3.1415926536  0.0000000000  0.0000000000
-162.7344994560  3.1415926536  3.1415926536  0.0000000000  0.0000000000
-161.4778623945  3.1415926536  3.1415926536  0.0000000000  0.0000000000
-160.2212253331  3.1415926536  3.1415926536  0.0000000000  0.0000000000
-158.9645882716  3.1415926536  3.1415926536  0.0000000000  0.0000000000
-157.7079512102  3.1415926536  3.1415926536  0.0000000000  0.0000000000
-156.4513141488  3.1415926536  3.1415926536  0.0000000000  0.0000000000
-155.1946770873  3.1415926536  3.1415926536  0.0000000000  0.0000000000
-153.9380400259  3.1415926536  3.1415926536  0.0000000000  0.0000000000
-152.6814029645  3.1415926536  3.1415926536  0.0000000000  0.0000000000
-151.4247659030  3.1415926536  3.1415926536  0.0000000000  0.0000000000
-150.1681288416  3.1415926536  3.1415926536  0.0000000000  0.0000000000
-148.9114917802  3.1415926536  3.1415926536  0.0000000000  0.0000000000
-147.6548547187  3.1415926536  3.1415926536  0.0000000000  0.0000000000
-146.3982176573  3.1415926536  3.1415926536  0.0000000000  0.0000000000
-145.1415805958  3.1415926536  3.1415926536  0.0000000000  0.0000000000
-143.8849435344  3.1415926536  3.1415926536  0.0000000000  0.0000000000
-142.6283064730  3.1415926536  3.1415926536  0.0000000000  0.0000000000
-141.3716694115  3.1415926536  3.1415926536  0.0000000000  0.0000000000
-140.1150323501  3.1415926536  3.1415926536  0.0000000000  0.0000000000
-138.8583952887  3.1415926536  3.1415926536  0.0000000000  0.0000000000
-137.6017582272  3.1415926536  3.1415926536  0.0000000000  0.0000000000
-136.3451211658  3.1415926536  3.1415926536  0.0000000000  0.0000000000
-135.0884841044  3.1415926536  3.1415926536  0.0000000000  0.0000000000
-133.8318470429  3.1415926536  3.1415926536  0.0000000000  0.0000000000
-132.5752099815  3.1415926536  3.1415926536  0.0000000000  0.0000000000
-131.3185729201  3.1415926536  3.1415926536  0.0000000000  0.0000000000
-130.0619358586  3.1415926536  3.1415926536  0.0000000000  0.0000000000
-128.8052987972  3.1415926536  3.1415926536  0.0000000000  0.0000000000
-127.5486617357  3.1415926536  3.1415926536  0.0000000000  0.0000000000
-126.2920246743  3.1415926536  3.1415926536  0.0000000000  0.0000000000
-125.0353876129  3.1415926536  3.1415926536  0.0000000000  0.0000000000
-123.7787505514  3.1415926536  3.1415926536  0.0000000000  0.0000000000
-122.5221134900  3.1415926536  3.1415926536  0.0000000000  0.0000000000
-121.2654764286  3.1415926536  3.1415926536  0.0000000000  0.0000000000
-120.0088393671  3.1415926536  3.1415926536  0.0000000000  0.0000000000
-118.7522023057  3.1415926536  3.1415926536  0.0000000000  0.0000000000
-117.4955652443  3.1415926536  3.1415926536  0.0000000000  0.0000000000
-116.2389281828  3.1415926536  3.1415926536  0.0000000000  0.0000000000
-114.9822911214  3.1415926536  3.1415926536  0.0000000000  0.0000000000
-113.7256540600  3.1415926536  3.1415926536  0.0000000000  0.0000000000
-112.4690169985  3.1415926536  3.1415926536  0.0000000000  0.0000000000
-111.2123799371  3.1415926536  3.1415926536  0.0000000000  0.0000000000
-109.9557428756  3.1415926536  3.1415926536  0.0000000000  0.0000000000
-108.6991058142  3.1415926536  3.1415926536  0.0000000000  0.0000000000
-107.4424687528  3.1415926536  3.1415926536  0.0000000000  0.0000000000
-106.1858316913  3.1415926536  3.1415926536  0.0000000000  0.0000000000
-104.9291946299  3.1415926536  3.1415926536  0.0000000000  0.0000000000
-103.6725575685  3.1415926536  3.1415926536  0.0000000000  0.0000000000
-102.4159205070  3.1415926536  3.1415926536  0.0000000000  0.0000000000
-101.1592834456  3.1415926536  3.1415926536  0.0000000000  0.0000000000
-99.9026463842  3.1415926536  3.1415926536  0.0000000000  0.0000000000
-98.6460093227  3.1415926536  3.1415926536  0.0000000000  0.0000000000
-97.3893722613  3.1415926536  3.1415926536  0.0000000000  0.0000000000
-96.1327351998  3.1415926536  3.1415926536  0.0000000000  0.0000000000
-94.8760981384  3.1415926536  3.1415926536  0.0000000000  0.0000000000
-93.6194610770  3.1415926536  3.1415926536  0.0000000000  0.0000000000
-92.3628240155  3.1415926536  3.1415926536  0.0000000000  0.0000000000
-91.1061869541  3.1415926536  3.1415926536  0.0000000000  0.0000000000
-89.8495498927  3.1415926536  3.1415926536  0.0000000000  0.0000000000
-88.5929128312  3.1415926536  3.1415926536  0.0000000000  0.0000000000
-87.3362757698  3.1415926536  3.1415926536  0.0000000000  0.0000000000
-86.0796387084  3.1415926536  3.1415926536  0.0000000000  0.0000000000
-84.8230016469  3.1415926536  3.1415926536  0.0000000000  0.0000000000
-83.5663645855  3.1415926536  3.1415926536  0.0000000000  0.0000000000
-82.3097275241  3.1415926536  3.1415926536  0.0000000000  0.0000000000
-81.0530904626  3.1415926536  3.1415926536  0.0000000000  0.0000000000
-79.7964534012  3.1415926536  3.1415926536  0.0000000000  0.0000000000
-78.5398163397  3.1415926536  3.1415926536  0.0000000000  0.0000000000
-77.2831792783  3.1415926536  3.1415926536  0.0000000000  0.0000000000
-76.0265422169  3.1415926536  3.1415926536  0.0000000000  0.0000000000
-74.7699051554  3.1415926536  3.1415926536  0.0000000000  0.0000000000
-73.5132680940  3.1415926536  3.1415926536  0.0000000000  0.0000000000
-72.2566310326  3.1415926536  3.1415926536  0.0000000000  0.0000000000
-70.9999939711  3.1415926536  3.1415926536  0.0000000000  0.0000000000
-69.7433569097  3.1415926536  3.1415926536  0.0000000000  0.0000000000
-68.4867198483  3.1415926536  3.1415926536  0.0000000000  0.0000000000
-67.2300827868  3.1415926536  3.1415926536  0.0000000000  0.0000000000
-65.9734457254  3.1415926536  3.1415926536  0.0000000000  0.0000000000
-64.7168086639  3.1415926536  3.1415926536  0.0000000000  0.0000000000
-63.4601716025  3.1415926536  3.1415926536  0.0000000000  0.0000000000
-62.2035345411  3.1415926536  3.1415926536  0.0000000000  0.0000000000
-60.9468974796  3.1415926536  3.1415926536  0.0000000000  0.0000000000
-59.6902604182  3.1415926536  3.1415926536  0.0000000000  0.0000000000
-58.4336233568  3.1415926536  3.1415926536  0.0000000000  0.0000000000
-57.1769862953  3.1415926536  3.1415926536  0.0000000000  0.0000000000
-55.9203492339  3.1415926536  3.1415926536  0.0000000000  0.0000000000
-54.6637121725  3.1415926536  3.1415926536  0.0000000000  0.0000000000
-53.4070751110  3.1415926536  3.1415926536  0.0000000000  0.0000000000
-52.1504380496  3.1415926536  3.1415926536  0.0000000000  0.0000000000
-50.8938009882  3.1415926536  3.1415926536  0.0000000000  0.0000000000
-49.6371639267  3.1415926536  3.1415926536  0.0000000000  0.0000000000
-48.3805268653  3.1415926536  3.1415926536  0.0000000000  0.0000000000
-47.1238898038  3.1415926536  3.1415926536  0.0000000000  0.0000000000
-45.8672527424  3.1415926536  3.1415926536  0.0000000000  0.0000000000
-44.6106156810  3.1415926536  3.1415926536  0.0000000000  0.0000000000
-43.3539786195  3.1415926536  3.1415926536  0.0000000000  0.0000000000
-42.0973415581  3.1415926536  3.1415926536  0.0000000000  0.0000000000
-40.8407044967  3.1415926536  3.1415926536  0.0000000000  0.0000000000
-39.5840674352  3.1415926536  3.1415926536  0.0000000000  0.0000000000
-38.3274303738  3.1415926536  3.1415926536  0.0000000000  0.0000000000
-37.0707933124  3.1415926536  3.1415926536  0.0000000000  0.0000000000
-35.8141562509  3.1415926536  3.1415926536  0.0000000000  0.0000000000
-34.5575191895  3.1415926536  3.1415926536  0.0000000000  0.0000000000
-33.3008821281  3.1415926536  3.1415926536  0.0000000000  0.0000000000
-32.0442450666  3.1415926536  3.1415926536  0.0000000000  0.0000000000
-30.7876080052  3.1415926536  3.1415926536  0.0000000000  0.0000000000
-29.5309709437  3.1415926536  3.1415926536  0.0000000000  0.0000000000
-28.2743338823  3.1415926536  3.1415926536  0.0000000000  0.0000000000
-27.0176968209  3.1415926536  3.1415926536  0.0000000000  0.0000000000
-25.7610597594  3.1415926536  3.1415926536  0.0000000000  0.0000000000
-24.5044226980  3.1415926536  3.1415926536  0.0000000000  0.0000000000
-23.2477856366  3.1415926536  3.1415926536  0.0000000000  0.0000000000
-21.9911485751  3.1415926536  3.1415926536  0.0000000000  0.0000000000
-20.7345115137  3.1415926536  3.1415926536  0.0000000000  0.0000000000
-19.4778744523  3.1415926536  3.1415926536  0.0000000000  0.0000000000
-18.2212373908  3.1415926536  3.1415926536  0.0000000000  0.0000000000
-16.9646003294  3.1415926536  3.1415926536  0.0000000000  0.0000000000
-15.7079632679  3.1415926536  3.1415926536  0.0000000000  0.0000000000
-14.4513262065  3.1415926536  3.1415926536  0.0000000000  0.0000000000
-13.1946891451  3.1415926536  3.1415926536  0.0000000000  0.0000000000
-11.9380520836  3.1415926536  3.1415926536  0.0000000000  0.0000000000
-10.6814150222  3.1415926536  3.1415926536  0.0000000000  0.0000000000
-9.4247779608  3.1415926536  3.1415926536  0.0000000000  0.0000000000
-8.1681408993  3.1415926536  3.1415926536  0.0000000000  0.0000000000
-6.9115038379  3.1415926536  3.1415926536  0.0000000000  0.0000000000
-5.6548667765  3.1415926536  3.1415926536  0.0000000000  0.0000000000
-4.3982297150  3.1415926536  3.1415926536  0.0000000000  0.0000000000
-3.1415926536  3.1415926536  3.1415926536  0.0000000000  0.0000000000
-1.8849555922  3.1415926536  3.1415926536  0.0000000000  -0.0000001574
-0.6283185307  3.1415926536  3.1415926536  -0.0000005067  0.0000000000
0.6283185307  3.1415926536  3.1415926536  0.6440014054  -0.6554155180
1.8849555922  3.1415926536  3.1415926536  0.5298285510  -1.0803868315
3.1415926536  3.1415926536  3.1415926536  0.4060956080  -1.0753697642
4.3982297150  3.1415926536  3.1415926536  0.3112107814  -0.9628007038
5.6548667765  3.1415926536  3.1415926536  0.2433319568  -0.8476293822
6.9115038379  3.1415926536  3.1415926536  0.1937947210  -0.7474182978
8.1681408993  3.1415926536  3.1415926536  0.1566962669  -0.6622753968
9.4247779608  3.1415926536  3.1415926536  0.1285212867  -0.5918290976
10.6814150222  3.1415926536  3.1415926536  0.1068514257  -0.5338631797
11.9380520836  3.1415926536  3.1415926536  0.0899515263  -0.4857600144
13.1946891451  3.1415926536  3.1415926536  0.0765830489  -0.4453054736
14.4513262065  3.1415926536  3.1415926536  0.0658638149  -0.4108249280
15.7079632679  3.1415926536  3.1415926536  0.0571608632  -0.3810879193
16.9646003294  3.1415926536  3.1415926536  0.0500142108  -0.3551847725
18.2212373908  3.1415926536  3.1415926536  0.0440846732  -0.3324298293
19.4778744523  3.1415926536  3.1415926536  0.0391185036  -0.3122947796
20.7345115137  3.1415926536  3.1415926536  0.0349232851  -0.2943642486
21.9911485751  3.1415926536  3.1415926536  0.0313512808  -0.2783060399
23.2477856366  3.1415926536  3.1415926536  0.0282877584  -0.2638507360
24.5044226980  3.1415926536  3.1415926536  0.0256426783  -0.2507773084
25.7610597594  3.1415926536  3.1415926536  0.0233446928  -0.2389026756
27.0176968209  3.1415926536  3.1415926536  0.0213367554  -0.2280739368
28.2743338823  3.1415926536  3.1415926536  0.0195728716  -0.2181624728
29.5309709437  3.1415926536  3.1415926536  0.0180156663  -0.2090593888
30.7876080052  3.1415926536  3.1415926536  0.0166345452  -0.2006719459
32.0442450666  3.1415926536  3.1415926536  0.0154042918  -0.1929207337
33.3008821281  3.1415926536  3.1415926536  0.0143039869  -0.1857374095
34.5575191895  3.1415926536  3.1415926536  0.0133161704  -0.1790628758
35.8141562509  3.1415926536  3.1415926536  0.0124261847  -0.1728458002
37.0707933124  3.1415926536  3.1415926536  0.0116216586  -0.1670414055
38.3274303738  3.1415926536  3.1415926536  0.0108920961  -0.1616104757
39.5840674352  3.1415926536  3.1415926536  0.0102285492  -0.1565185335
40.8407044967  3.1415926536  3.1415926536  0.0096233544  -0.1517351579
42.0973415581  3.1415926536  3.1415926536  0.0090699194  -0.1472334138
43.3539786195  3.1415926536  3.1415926536  0.0085625499  -0.1429893739
44.6106156810  3.1415926536  3.1415926536  0.0080963077  -0.1389817161
45.8672527424  3.1415926536  3.1415926536  0.0076668946  -0.1351913829
47.1238898038  3.1415926536  3.1415926536  0.0072705557  -0.1316012918
48.3805268653  3.1415926536  3.1415926536  0.0069039998  -0.1281960890
49.6371639267  3.1415926536  3.1415926536  0.0065643326  -0.1249619384
50.8938009882  3.1415926536  3.1415926536  0.0062490013  -0.1218863401
52.1504380496  3.1415926536  3.1415926536  0.0059557471  -0.1189579747
53.4070751110  3.1415926536  3.1415926536  0.0056825662  -0.1161665680
54.6637121725  3.1415926536  3.1415926536  0.0054276758  -0.1135027744
55.9203492339  3.1415926536  3.1415926536  0.0051894861  -0.1109580746
57.1769862953  3.1415926536  3.1415926536  0.0049665754  -0.1085246872
58.4336233568  3.1415926536  3.1415926536  0.0047576695  -0.1061954908
59.6902604182  3.1415926536  3.1415926536  0.0045616238  -0.1039639563
60.9468974796  3.1415926536  3.1415926536  0.0043774078  -0.1018240864
62.2035345411  3.1415926536  3.1415926536  0.0042040919  -0.0997703630
63.4601716025  3.1415926536  3.1415926536  0.0040408358  -0.0977977006
64.7168086639  3.1415926536  3.1415926536  0.0038868781  -0.0959014050
65.9734457254  3.1415926536  3.1415926536  0.0037415281  -0.0940771361
67.2300827868  3.1415926536  3.1415926536  0.0036041578  -0.0923208759
68.4867198483  3.1415926536  3.1415926536  0.0034741953  -0.0906288987
69.7433569097  3.1415926536  3.1415926536  0.0033511189  -0.0889977455
70.9999939711  3.1415926536  3.1415926536  0.0032344517  -0.0874242002
72.2566310326  3.1415926536  3.1415926536  0.0031237575  -0.0859052692
73.5132680940  3.1415926536  3.1415926536  0.0030186365  -0.0844381622
74.7699051554  3.1415926536  3.1415926536  0.0029187215  -0.0830202755
76.0265422169  3.1415926536  3.1415926536  0.0028236753  -0.0816491766
77.2831792783  3.1415926536  3.1415926536  0.0027331872  -0.0803225902
78.5398163397  3.1415926536  3.1415926536  0.0026469709  -0.0790383860
79.7964534012  3.1415926536  3.1415926536  0.0025647624  -0.0777945675
81.0530904626  3.1415926536  3.1415926536  0.0024863176  -0.0765892611
82.3097275241  3.1415926536  3.1415926536  0.0024114105  -0.0754207073
83.5663645855  3.1415926536  3.1415926536  0.0023398320  -0.0742872522
84.8230016469  3.1415926536  3.1415926536  0.0022713882  -0.0731873393
86.0796387084  3.1415926536  3.1415926536  0.0022058990  -0.0721195028
87.3362757698  3.1415926536  3.1415926536  0.0021431969  -0.0710823609
88.5929128312  3.1415926536  3.1415926536  0.0020831264  -0.0700746099
89.8495498927  3.1415926536  3.1415926536  0.0020255425  -0.0690950190
91.1061869541  3.1415926536  3.1415926536  0.0019703099  -0.0681424250
92.3628240155  3.1415926536  3.1415926536  0.0019173027  -0.0672157278
93.6194610770  3.1415926536  3.1415926536  0.0018664029  -0.0663138862
94.8760981384  3.1415926536  3.1415926536  0.0018175006  -0.0654359142
96.1327351998  3.1415926536  3.1415926536  0.0017704927  -0.0645808771
97.3893722613  3.1415926536  3.1415926536  0.0017252828  -0.0637478882
98.6460093227  3.1415926536  3.1415926536  0.0016817803  -0.0629361061
99.9026463842  3.1415926536  3.1415926536  0.0016399006  -0.0621447316
101.1592834456  3.1415926536  3.1415926536  0.0015995640  -0.0613730050
102.4159205070  3.1415926536  3.1415926536  0.0015606957  -0.0606202040
103.6725575685  3.1415926536  3.1415926536  0.0015232254  -0.0598856412
104.9291946299  3.1415926536  3.1415926536  0.0014870870  -0.0591686620
106.1858316913  3.1415926536  3.1415926536  0.0014522180  -0.0584686427
107.4424687528  3.1415926536  3.1415926536  0.0014185599  -0.0577849889
108.6991058142  3.1415926536  3.1415926536  0.0013860572  -0.0571171336
109.9557428756  3.1415926536  3.1415926536  0.0013546578  -0.0564645355
111.2123799371  3.1415926536  3.1415926536  0.0013243122  -0.0558266780
112.4690169985  3.1415926536  3.1415926536  0.0012949740  -0.0552030674
113.7256540600  3.1415926536  3.1415926536  0.0012665990  -0.0545932317
114.9822911214  3.1415926536  3.1415926536  0.0012391457  -0.0539967197
116.2389281828  3.1415926536  3.1415926536  0.0012125744  -0.0534130996
117.4955652443  3.1415926536  3.1415926536  0.0011868480  -0.0528419581
118.7522023057  3.1415926536  3.1415926536  0.0011619309  -0.0522828993
120.0088393671  3.1415926536  3.1415926536  0.0011377897  -0.0517355440
121.2654764286  3.1415926536  3.1415926536  0.0011143925  -0.0511995284
122.5221134900  3.1415926536  3.1415926536  0.0010917089  -0.0506745039
123.7787505514  3.1415926536  3.1415926536  0.0010697104  -0.0501601360
125.0353876129  3.1415926536  3.1415926536  0.0010483697  -0.0496561036
126.2920246743  3.1415926536  3.1415926536  0.0010276607  -0.0491620983
127.5486617357  3.1415926536  3.1415926536  0.0010075589  -0.0486778239
128.8052987972  3.1415926536  3.1415926536  0.0009880407  -0.0482029958
130.0619358586  3.1415926536  3.1415926536  0.0009690838  -0.0477373402
131.3185729201  3.1415926536  3.1415926536  0.0009506668  -0.0472805941
132.5752099815  3.1415926536  3.1415926536  0.0009327695  -0.0468325041
133.8318470429  3.1415926536  3.1415926536  0.0009153726  -0.0463928267
135.0884841044  3.1415926536  3.1415926536  0.0008984575  -0.0459613270
136.3451211658  3.1415926536  3.1415926536  0.0008820067  -0.0455377791
137.6017582272  3.1415926536  3.1415926536  0.0008660033  -0.0451219653
138.8583952887  3.1415926536  3.1415926536  0.0008504312  -0.0447136756
140.1150323501  3.1415926536  3.1415926536  0.0008352751  -0.0443127077
141.3716694115  3.1415926536  3.1415926536  0.0008205204  -0.0439188664
142.6283064730  3.1415926536  3.1415926536  0.0008061529  -0.0435319634
143.8849435344  3.1415926536  3.1415926536  0.0007921593  -0.0431518171
145.1415805958  3.1415926536  3.1415926536  0.0007785267  -0.0427782519
146.3982176573  3.1415926536  3.1415926536  0.0007652427  -0.0424110985
147.6548547187  3.1415926536  3.1415926536  0.0007522957  -0.0420501932
148.9114917802  3.1415926536  3.1415926536  0.0007396744  -0.0416953778
150.1681288416  3.1415926536  3.1415926536  0.0007273678  -0.0413464997
151.4247659030  3.1415926536  3.1415926536  0.0007153656  -0.0410034109
152.6814029645  3.1415926536  3.1415926536  0.0007036580  -0.0406659686
153.9380400259  3.1415926536  3.1415926536  0.0006922352  -0.0403340345
155.1946770873  3.1415926536  3.1415926536  0.0006810882  -0.0400074749
156.4513141488  3.1415926536  3.1415926536  0.0006702082  -0.0396861603
157.7079512102  3.1415926536  3.1415926536  0.0006595866  -0.0393699654
158.9645882716  3.1415926536  3.1415926536  0.0006492155  -0.0390587688
160.2212253331  3.1415926536  3.1415926536  0.0006390869  -0.0387524529
161.4778623945  3.1415926536  3.1415926536  0.0006291934  -0.0384509038
162.7344994560  3.1415926536  3.1415926536  0.0006195278  -0.0381540111
163.9911365174  3.1415926536  3.1415926536  0.0006100830  -0.0378616677
165.2477735788  3.1415926536  3.1415926536  0.0006008526  -0.0375737700
166.5044106403  3.1415926536  3.1415926536  0.0005918299  -0.0372902173
167.7610477017  3.1415926536  3.1415926536  0.0005830089  -0.0370109119
169.0176847631  3.1415926536  3.1415926536  0.0005743835  -0.0367357592
170.2743218246  3.1415926536  3.1415926536  0.0005659480  -0.0364646673
171.5309588860  3.1415926536  3.1415926536  0.0005576970  -0.0361975468
172.7875959474  3.1415926536  3.1415926536  0.0005496250  -0.0359343112
174.0442330089  3.1415926536  3.1415926536  0.0005417269  -0.0356748764
175.3008700703  3.1415926536  3.1415926536  0.0005339977  -0.0354191605
176.5575071317  3.1415926536  3.1415926536  0.0005264328  -0.0351670843
177.8141441932  3.1415926536  3.1415926536  0.0005190274  -0.0349185706
179.0707812546  3.1415926536  3.1415926536  0.0005117771  -0.0346735444
180.3274183161  3.1415926536  3.1415926536  0.0005046776  -0.0344319328
181.5840553775  3.1415926536  3.1415926536  0.0004977248  -0.0341936649
182.8406924389  3.1415926536  3.1415926536  0.0004909146  -0.0339586717
184.0973295004  3.1415926536  3.1415926536  0.0004842431  -0.0337268864
185.3539665618  3.1415926536  3.1415926536  0.0004777067  -0.0334982435
186.6106036232  3.1415926536  3.1415926536  0.0004713018  -0.0332726797
187.8672406847  3.1415926536  3.1415926536  0.0004650247  -0.0330501331
189.1238777461  3.1415926536  3.1415926536  0.0004588721  -0.0328305437
190.3805148075  3.1415926536  3.1415926536  0.0004528408  -0.0326138528
191.6371518690  3.1415926536  3.1415926536  0.0004469276  -0.0324000035
192.8937889304  3.1415926536  3.1415926536  0.0004411294  -0.0321889402
194.1504259918  3.1415926536  3.1415926536  0.0004354433  -0.0319806089
195.4070630533  3.1415926536  3.1415926536  0.0004298664  -0.0317749569
196.6637001147  3.1415926536  3.1415926536  0.0004243960  -0.0315719327
197.9203371762  3.1415926536  3.1415926536  0.0004190292  -0.0313714864
199.1769742376  3.1415926536  3.1415926536  0.0004137636  -0.0311735691
200.4336112990  3.1415926536  3.1415926536  0.0004085965  -0.0309781334
201.6902483605  3.1415926536  3.1415926536  0.0004035257  -0.0307851327
202.9468854219  3.1415926536  3.1415926536  0.0003985486  -0.0305945220
204.2035224833  3.1415926536  3.1415926536  0.0003936630  -0.0304062571
205.4601595448  3.1415926536  3.1415926536  0.0003888667  -0.0302202949
206.7167966062  3.1415926536  3.1415926536  0.0003841574  -0.0300365934
207.9734336676  3.1415926536  3.1415926536  0.0003795332  -0.0298551118
209.2300707291  3.1415926536  3.1415926536  0.0003749919  -0.0296758099
210.4867077905  3.1415926536  3.1415926536  0.0003705317  -0.0294986488
211.7433448520  3.1415926536  3.1415926536  0.0003661505  -0.0293235903
212.9999819134  3.1415926536  3.1415926536  0.0003618465  -0.0291505973
214.2566189748  3.1415926536  3.1415926536  0.0003576180  -0.0289796333
215.5132560363  3.1415926536  3.1415926536  0.0003534632  -0.0288106630
216.7698930977  3.1415926536  3.1415926536  0.0003493803  -0.0286436516
218.0265301591  3.1415926536  3.1415926536  0.0003453677  -0.0284785652
219.2831672206  3.1415926536  3.1415926536  0.0003414238  -0.0283153709
220.5398042820  3.1415926536  3.1415926536  0.0003375471  -0.0281540361
221.7964413434  3.1415926536  3.1415926536  0.0003337361  -0.0279945294
223.0530784049  3.1415926536  3.1415926536  0.0003299892  -0.0278368199
224.3097154663  3.1415926536  3.1415926536  0.0003263050  -0.0276808773
225.5663525277  3.1415926536  3.1415926536  0.0003226821  -0.0275266721
226.8229895892  3.1415926536  3.1415926536  0.0003191193  -0.0273741754
228.0796266506  3.1415926536  3.1415926536  0.0003156151  -0.0272233590
229.3362637121  3.1415926536  3.1415926536  0.0003121683  -0.0270741953
230.5929007735  3.1415926536  3.1415926536  0.0003087777  -0.0269266573
231.8495378349  3.1415926536  3.1415926536  0.0003054420  -0.0267807185
233.1061748964  3.1415926536  3.1415926536  0.0003021600  -0.0266363531
234.3628119578  3.1415926536  3.1415926536  0.0002989306  -0.0264935357
235.6194490192  3.1415926536  3.1415926536  0.0002957528  -0.0263522417
236.8760860807  3.1415926536  3.1415926536  0.0002926253  -0.0262124467
238.1327231421  3.1415926536  3.1415926536  0.0002895471  -0.0260741270
239.3893602035  3.1415926536  3.1415926536  0.0002865173  -0.0259372594
240.6459972650  3.1415926536  3.1415926536  0.0002835347  -0.0258018212
241.9026343264  3.1415926536  3.1415926536  0.0002805985  -0.0256677900
243.1592713878  3.1415926536  3.1415926536  0.0002777076  -0.0255351441
244.4159084493  3.1415926536  3.1415926536  0.0002748612  -0.0254038621
245.6725455107  3.1415926536  3.1415926536  0.0002720583  -0.0252739231
246.9291825722  3.1415926536  3.1415926536  0.0002692981  -0.0251453065
248.1858196336  3.1415926536  3.1415926536  0.0002665796  -0.0250179923
249.4424566950  3.1415926536  3.1415926536  0.0002639021  -0.0248919608
250.6990937565  3.1415926536  3.1415926536  0.0002612647  -0.0247671928
251.9557308179  3.1415926536  3.1415926536  0.0002586667  -0.0246436692
253.2123678793  3.1415926536  3.1415926536  0.0002561072  -0.0245213716
254.4690049408  3.1415926536  3.1415926536  0.0002535855  -0.0244002819
255.7256420022  3.1415926536  3.1415926536  0.0002511008  -0.0242803821
256.9822790636  3.1415926536  3.1415926536  0.0002486525  -0.0241616549
258.2389161251  3.1415926536  3.1415926536  0.0002462398  -0.0240440832
259.4955531865  3.1415926536  3.1415926536  0.0002438620  -0.0239276501
260.7521902480  3.1415926536  3.1415926536  0.0002415186  -0.0238123392
262.0088273094  3.1415926536  3.1415926536  0.0002392087  -0.0236981344
263.2654643708  3.1415926536  3.1415926536  0.0002369318  -0.0235850197
264.5221014323  3.1415926536  3.1415926536  0.0002346872  -0.0234729798
265.7787384937  3.1415926536  3.1415926536  0.0002324744  -0.0233619993
267.0353755551  3.1415926536  3.1415926536  0.0002302928  -0.0232520632
268.2920126166  3.1415926536  3.1415926536  0.0002281417  -0.0231431570
269.5486496780  3.1415926536  3.1415926536  0.0002260206  -0.0230352662
270.8052867394  3.1415926536  3.1415926536  0.0002239289  -0.0229283766
272.0619238009  3.1415926536  3.1415926536  0.0002218661  -0.0228224744
273.3185608623  3.1415926536  3.1415926536  0.0002198317  -0.0227175460
274.5751979237  3.1415926536  3.1415926536  0.0002178251  -0.0226135780
275.8318349852  3.1415926536  3.1415926536  0.0002158459  -0.0225105573
277.0884720466  3.1415926536  3.1415926536  0.0002138936  -0.0224084710
278.3451091081  3.1415926536  3.1415926536  0.0002119676  -0.0223073064
279.6017461695  3.1415926536  3.1415926536  0.0002100675  -0.0222070512
280.8583832309  3.1415926536  3.1415926536  0.0002081928  -0.0221076930
282.1150202924  3.1415926536  3.1415926536  0.0002063431  -0.0220092199
283.3716573538  3.1415926536  3.1415926536  0.0002045179  -0.0219116202
284.6282944152  3.1415926536  3.1415926536  0.0002027169  -0.0218148823
285.8849314767  3.1415926536  3.1415926536  0.0002009395  -0.0217189948
287.1415685381  3.1415926536  3.1415926536  0.0001991854  -0.0216239465
288.3982055995  3.1415926536  3.1415926536  0.0001974542  -0.0215297265
289.6548426610  3.1415926536  3.1415926536  0.0001957454  -0.0214363240
290.9114797224  3.1415926536  3.1415926536  0.0001940587  -0.0213437285
292.1681167839  3.1415926536  3.1415926536  0.0001923937  -0.0212519294
293.4247538453  3.1415926536  3.1415926536  0.0001907501  -0.0211609165
294.6813909067  3.1415926536  3.1415926536  0.0001891274  -0.0210706799
295.9380279682  3.1415926536  3.1415926536  0.0001875254  -0.0209812096
297.1946650296  3.1415926536  3.1415926536  0.0001859436  -0.0208924959
298.4513020910  3.1415926536  3.1415926536  0.0001843817  -0.0208045292
299.7079391525  3.1415926536  3.1415926536  0.0001828394  -0.0207173002
300.9645762139  3.1415926536  3.1415926536  0.0001813164  -0.0206307996
302.2212132753  3.1415926536  3.1415926536  0.0001798124  -0.0205450182
303.4778503368  3.1415926536  3.1415926536  0.0001783269  -0.0204599473
304.7344873982  3.1415926536  3.1415926536  0.0001768598  -0.0203755780
305.9911244596  3.1415926536  3.1415926536  0.0001754108  -0.0202919016
307.2477615211  3.1415926536  3.1415926536  0.0001739794  -0.0202089097
308.5043985825  3.1415926536  3.1415926536  0.0001725655  -0.0201265938
309.7610356440  3.1415926536  3.1415926536  0.0001711688  -0.0200449458
311.0176727054  3.1415926536  3.1415926536  0.0001697890  -0.0199639576
312.2743097668  3.1415926536  3.1415926536  0.0001684258  -0.0198836212
313.5309468283  3.1415926536  3.1415926536  0.0001670789  -0.0198039287
314.7875838897  3.1415926536  3.1415926536  0.0001657481  -0.0197248725
316.0442209511  3.1415926536  3.1415926536  0.0001644332  -0.0196464449
317.3008580126  3.1415926536  3.1415926536  0.0001631338  -0.0195686385
318.5574950740  3.1415926536  3.1415926536  0.0001618498  -0.0194914460
319.8141321354  3.1415926536  3.1415926536  0.0001605808  -0.0194148601
321.0707691969  3.1415926536  3.1415926536  0.0001593268  -0.0193388736
322.3274062583  3.1415926536  3.1415926536  0.0001580873  -0.0192634797
323.5840433197  3.1415926536  3.1415926536  0.0001568623  -0.0191886713
324.8406803812  3.1415926536  3.1415926536  0.0001556515  -0.0191144416
326.0973174426  3.1415926536  3.1415926536  0.0001544546  -0.0190407841
327.3539545041  3.1415926536  3.1415926536  0.0001532715  -0.0189676920
328.6105915655  3.1415926536  3.1415926536  0.0001521019  -0.0188951590
329.8672286269  3.1415926536  3.1415926536  0.0001509456  -0.0188231786
331.1238656884  3.1415926536  3.1415926536  0.0001498025  -0.0187517445
332.3805027498  3.1415926536  3.1415926536  0.0001486723  -0.0186808505
333.6371398112  3.1415926536  3.1415926536  0.0001475549  -0.0186104906
334.8937768727  3.1415926536  3.1415926536  0.0001464500  -0.0185406586
336.1504139341  3.1415926536  3.1415926536  0.0001453574  -0.0184713488
337.4070509955  3.1415926536  3.1415926536  0.0001442771  -0.0184025552
338.6636880570  3.1415926536  3.1415926536  0.0001432087  -0.0183342722
339.9203251184  3.1415926536  3.1415926536  0.0001421522  -0.0182664940
341.1769621799  3.1415926536  3.1415926536  0.0001411073  -0.0181992151
342.4335992413  3.1415926536  3.1415926536  0.0001400739  -0.0181324299
343.6902363027  3.1415926536  3.1415926536  0.0001390518  -0.0180661331
344.9468733642  3.1415926536  3.1415926536  0.0001380408  -0.0180003194
346.2035104256  3.1415926536  3.1415926536  0.0001370409  -0.0179349834
347.4601474870  3.1415926536  3.1415926536  0.0001360517  -0.0178701200
348.7167845485  3.1415926536  3.1415926536  0.0001350732  -0.0178057241
349.9734216099  3.1415926536  3.1415926536  0.0001341053  -0.0177417906
351.2300586713  3.1415926536  3.1415926536  0.0001331477  -0.0176783145
352.4866957328  3.1415926536  3.1415926536  0.0001322003  -0.0176152911
353.7433327942  3.1415926536  3.1415926536  0.0001312630  -0.0175527154
354.9999698556  3.1415926536  3.1415926536  0.0001303357  -0.0174905828
356.2566069171  3.1415926536  3.1415926536  0.0001294181  -0.0174288884
357.5132439785  3.1415926536  3.1415926536  0.0001285102  -0.0173676277
358.7698810400  3.1415926536  3.1415926536  0.0001276118  -0.0173067962
360.0265181014  3.1415926536  3.1415926536  0.0001267227  -0.0172463893
361.2831551628  3.1415926536  3.1415926536  0.0001258430  -0.0171864027
362.5397922243  3.1415926536  3.1415926536  0.0001249724  -0.0171268318
363.7964292857  3.1415926536  3.1415926536  0.0001241107  -0.0170676725
365.0530663471  3.1415926536  3.1415926536  0.0001232580  -0.0170089205
366.3097034086  3.1415926536  3.1415926536  0.0001224140  -0.0169505716
367.5663404700  3.1415926536  3.1415926536  0.0001215787  -0.0168926217
368.8229775314  3.1415926536  3.1415926536  0.0001207518  -0.0168350666
370.0796145929  3.1415926536  3.1415926536  0.0001199334  -0.0167779024
371.3362516543  3.1415926536  3.1415926536  0.0001191233  -0.0167211251
372.5928887157  3.1415926536  3.1415926536  0.0001183213  -0.0166647307
373.8495257772  3.1415926536  3.1415926536  0.0001175274  -0.0166087155
375.1061628386  3.1415926536  3.1415926536  0.0001167415  -0.0165530756
376.3627999001  3.1415926536  3.1415926536  0.0001159635  -0.0164978072
377.6194369615  3.1415926536  3.1415926536  0.0001151931  -0.0164429066
378.8760740229  3.1415926536  3.1415926536  0.0001144305  -0.0163883703
380.1327110844  3.1415926536  3.1415926536  0.0001136754  -0.0163341944
381.3893481458  3.1415926536  3.1415926536  0.0001129277  -0.0162803756
382.6459852072  3.1415926536  3.1415926536  0.0001121874  -0.0162269103
383.9026222687  3.1415926536  3.1415926536  0.0001114543  -0.0161737950
385.1592593301  3.1415926536  3.1415926536  0.0001107284  -0.0161210263
386.4158963915  3.1415926536  3.1415926536  0.0001100096  -0.0160686008
387.6725334530  3.1415926536  3.1415926536  0.0001092978  -0.0160165151
388.9291705144  3.1415926536  3.1415926536  0.0001085928  -0.0159647660
390.1858075759  3.1415926536  3.1415926536  0.0001078946  -0.0159133503
391.4424446373  3.1415926536  3.1415926536  0.0001072032  -0.0158622646
392.6990816987  3.1415926536  3.1415926536  0.0001065183  -0.0158115059
393.9557187602  3.1415926536  3.1415926536  0.0001058401  -0.0157610710
395.2123558216  3.1415926536  3.1415926536  0.0001051682  -0.0157109569
396.4689928830  3.1415926536  3.1415926536  0.0001045028  -0.0156611604
397.7256299445  3.1415926536  3.1415926536  0.0001038436  -0.0156116786
398.9822670059  3.1415926536  3.1415926536  0.0001031907  -0.0155625084
400.2389040673  3.1415926536  3.1415926536  0.0001025438  -0.0155136471
401.4955411288  3.1415926536  3.1415926536  0.0001019031  -0.0154650916
402.7521781902  3.1415926536  3.1415926536  0.0001012683  -0.0154168390
404.0088152516  3.1415926536  3.1415926536  0.0001006395  -0.0153688867
405.2654523131  3.1415926536  3.1415926536  0.0001000165  -0.0153212317
406.5220893745  3.1415926536  3.1415926536  0.0000993993  -0.0152738713
407.7787264360  3.1415926536  3.1415926536  0.0000987877  -0.0152268028
409.0353634974  3.1415926536  3.1415926536  0.0000981818  -0.0151800236
410.2920005588  3.1415926536  3.1415926536  0.0000975814  -0.0151335308
411.5486376203  3.1415926536  3.1415926536  0.0000969866  -0.0150873220
412.8052746817  3.1415926536  3.1415926536  0.0000963971  -0.0150413946
414.0619117431  3.1415926536  3.1415926536  0.0000958130  -0.0149957458
415.3185488046  3.1415926536  3.1415926536  0.0000952342  -0.0149503734
416.5751858660  3.1415926536  3.1415926536  0.0000946606  -0.0149052746
417.8318229274  3.1415926536  3.1415926536  0.0000940922  -0.0148604472
419.0884599889  3.1415926536  3.1415926536  0.0000935289  -0.0148158885
420.3450970503  3.1415926536  3.1415926536  0.0000929707  -0.0147715963
421.6017341118  3.1415926536  3.1415926536  0.0000924174  -0.0147275681
422.8583711732  3.1415926536  3.1415926536  0.0000918691  -0.0146838016
424.1150082346  3.1415926536  3.1415926536  0.0000913256  -0.0146402944
425.3716452961  3.1415926536  3.1415926536  0.0000907869  -0.0145970443
426.6282823575  3.1415926536  3.1415926536  0.0000902530  -0.0145540490
427.8849194189  3.1415926536  3.1415926536  0.0000897237  -0.0145113062
429.1415564804  3.1415926536  3.1415926536  0.0000891991  -0.0144688137
430.3981935418  3.1415926536  3.1415926536  0.0000886791  -0.0144265694
431.6548306032  3.1415926536  3.1415926536  0.0000881637  -0.0143845710
432.9114676647  3.1415926536  3.1415926536  0.0000876527  -0.0143428164
434.1681047261  3.1415926536  3.1415926536  0.0000871461  -0.0143013036
435.4247417875  3.1415926536  3.1415926536  0.0000866439  -0.0142600303
436.6813788490  3.1415926536  3.1415926536  0.0000861461  -0.0142189946
437.9380159104  3.1415926536  3.1415926536  0.0000856525  -0.0141781944
439.1946529719  3.1415926536  3.1415926536  0.0000851632  -0.0141376277
440.4512900333  3.1415926536  3.1415926536  0.0000846780  -0.0140972924
441.7079270947  3.1415926536  3.1415926536  0.0000841970  -0.0140571867
442.9645641562  3.1415926536  3.1415926536  0.0000837200  -0.0140173085
444.2212012176  3.1415926536  3.1415926536  0.0000832471  -0.0139776559
445.4778382790  3.1415926536  3.1415926536  0.0000827782  -0.0139382270
446.7344753405  3.1415926536  3.1415926536  0.0000823133  -0.0138990199
447.9911124019  3.1415926536  3.1415926536  0.0000818522  -0.0138600328
449.2477494633  3.1415926536  3.1415926536  0.0000813950  -0.0138212638
450.5043865248  3.1415926536  3.1415926536  0.0000809417  -0.0137827110
451.7610235862  3.1415926536  3.1415926536  0.0000804921  -0.0137443728
453.0176606476  3.1415926536  3.1415926536  0.0000800462  -0.0137062472
454.2742977091  3.1415926536  3.1415926536  0.0000796041  -0.0136683326
455.5309347705  3.1415926536  3.1415926536  0.0000791656  -0.0136306271
456.7875718320  3.1415926536  3.1415926536  0.0000787307  -0.0135931292
458.0442088934  3.1415926536  3.1415926536  0.0000782993  -0.0135558369
459.3008459548  3.1415926536  3.1415926536  0.0000778716  -0.0135187487
460.5574830163  3.1415926536  3.1415926536  0.0000774473  -0.0134818629
461.8141200777  3.1415926536  3.1415926536  0.0000770264  -0.0134451779
463.0707571391  3.1415926536  3.1415926536  0.0000766090  -0.0134086919
464.3273942006  3.1415926536  3.1415926536  0.0000761950  -0.0133724034
465.5840312620  3.1415926536  3.1415926536  0.0000757843  -0.0133363108
466.8406683234  3.1415926536  3.1415926536  0.0000753769  -0.0133004126
468.0973053849  3.1415926536  3.1415926536  0.0000749729  -0.0132647070
469.3539424463  3.1415926536  3.1415926536  0.0000745720  -0.0132291927
470.6105795078  3.1415926536  3.1415926536  0.0000741744  -0.0131938680
471.8672165692  3.1415926536  3.1415926536  0.0000737799  -0.0131587314
473.1238536306  3.1415926536  3.1415926536  0.0000733885  -0.0131237815
474.3804906921  3.1415926536  3.1415926536  0.0000730003  -0.0130890168
475.6371277535  3.1415926536  3.1415926536  0.0000726151  -0.0130544358
476.8937648149  3.1415926536  3.1415926536  0.0000722330  -0.0130200370
478.1504018764  3.1415926536  3.1415926536  0.0000718539  -0.0129858190
479.4070389378  3.1415926536  3.1415926536  0.0000714778  -0.0129517804
480.6636759992  3.1415926536  3.1415926536  0.0000711046  -0.0129179197
481.9203130607  3.1415926536  3.1415926536  0.0000707343  -0.0128842357
483.1769501221  3.1415926536  3.1415926536  0.0000703669  -0.0128507269
484.4335871835  3.1415926536  3.1415926536  0.0000700024  -0.0128173919
485.6902242450  3.1415926536  3.1415926536  0.0000696407  -0.0127842294
486.9468613064  3.1415926536  3.1415926536  0.0000692818  -0.0127512380
488.2034983679  3.1415926536  3.1415926536  0.0000689256  -0.0127184165
489.4601354293  3.1415926536  3.1415926536  0.0000685722  -0.0126857636
490.7167724907  3.1415926536  3.1415926536  0.0000682215  -0.0126532778
491.9734095522  3.1415926536  3.1415926536  0.0000678735  -0.0126209581
493.2300466136  3.1415926536  3.1415926536  0.0000675282  -0.0125888030
494.4866836750  3.1415926536  3.1415926536  0.0000671854  -0.0125568113
495.7433207365  3.1415926536  3.1415926536  0.0000668453  -0.0125249818
496.9999577979  3.1415926536  3.1415926536  0.0000665077  -0.0124933133
498.2565948593  3.1415926536  3.1415926536  0.0000661728  -0.0124618045
499.5132319208  3.1415926536  3.1415926536  0.0000658403  -0.0124304543
500.7698689822  3.1415926536  3.1415926536  0.0000655103  -0.0123992614
502.0265060436  3.1415926536  3.1415926536  0.0000651828  -0.0123682246
503.2831431051  3.1415926536  3.1415926536  0.0000648577  -0.0123373429
504.5397801665  3.1415926536  3.1415926536  0.0000645351  -0.0123066149
505.7964172280  3.1415926536  3.1415926536  0.0000642149  -0.0122760397
507.0530542894  3.1415926536  3.1415926536  0.0000638971  -0.0122456160
508.3096913508  3.1415926536  3.1415926536  0.0000635816  -0.0122153427
509.5663284123  3.1415926536  3.1415926536  0.0000632684  -0.0121852187
510.8229654737  3.1415926536  3.1415926536  0.0000629575  -0.0121552430
512.0796025351  3.1415926536  3.1415926536  0.0000626490  -0.0121254143
513.3362395966  3.1415926536  3.1415926536  0.0000623427  -0.0120957317
514.5928766580  3.1415926536  3.1415926536  0.0000620386  -0.0120661941
515.8495137194  3.1415926536  3.1415926536  0.0000617368  -0.0120368004
517.1061507809  3.1415926536  3.1415926536  0.0000614371  -0.0120075495
518.3627878423  3.1415926536  3.1415926536  0.0000611396  -0.0119784405
519.6194249038  3.1415926536  3.1415926536  0.0000608443  -0.0119494723
520.8760619652  3.1415926536  3.1415926536  0.0000605511  -0.0119206438
522.1326990266  3.1415926536  3.1415926536  0.0000602601  -0.0118919541
523.3893360881  3.1415926536  3.1415926536  0.0000599711  -0.0118634021
524.6459731495  3.1415926536  3.1415926536  0.0000596842  -0.0118349870
525.9026102109  3.1415926536  3.1415926536  0.0000593993  -0.0118067076
527.1592472724  3.1415926536  3.1415926536  0.0000591165  -0.0117785630
528.4158843338  3.1415926536  3.1415926536  0.0000588357  -0.0117505523
529.6725213952  3.1415926536  3.1415926536  0.0000585569  -0.0117226746
530.9291584567  3.1415926536  3.1415926536  0.0000582801  -0.0116949287
532.1857955181  3.1415926536  3.1415926536  0.0000580052  -0.0116673140
533.4424325795  3.1415926536  3.1415926536  0.0000577323  -0.0116398293
534.6990696410  3.1415926536  3.1415926536  0.0000574613  -0.0116124738
535.9557067024  3.1415926536  3.1415926536  0.0000571922  -0.0115852466
537.2123437639  3.1415926536  3.1415926536  0.0000569250  -0.0115581467
538.4689808253  3.1415926536  3.1415926536  0.0000566596  -0.0115311734
539.7256178867  3.1415926536  3.1415926536  0.0000563961  -0.0115043256
540.9822549482  3.1415926536  3.1415926536  0.0000561345  -0.0114776026
542.2388920096  3.1415926536  3.1415926536  0.0000558746  -0.0114510034
543.4955290710  3.1415926536  3.1415926536  0.0000556166  -0.0114245272
544.7521661325  3.1415926536  3.1415926536  0.0000553603  -0.0113981732
546.0088031939  3.1415926536  3.1415926536  0.0000551058  -0.0113719405
547.2654402553  3.1415926536  3.1415926536  0.0000548531  -0.0113458283
548.5220773168  3.1415926536  3.1415926536  0.0000546020  -0.0113198357
549.7787143782  3.1415926536  3.1415926536  0.0000543527  -0.0112939619
551.0353514396  3.1415926536  3.1415926536  0.0000541052  -0.0112682061
552.2919885011  3.1415926536  3.1415926536  0.0000538593  -0.0112425676
553.5486255625  3.1415926536  3.1415926536  0.0000536150  -0.0112170454
554.8052626240  3.1415926536  3.1415926536  0.0000533725  -0.0111916389
556.0618996854  3.1415926536  3.1415926536  0.0000531315  -0.0111663472
557.3185367468  3.1415926536  3.1415926536  0.0000528922  -0.0111411695
558.5751738083  3.1415926536  3.1415926536  0.0000526545  -0.0111161052
559.8318108697  3.1415926536  3.1415926536  0.0000524184  -0.0110911533
561.0884479311  3.1415926536  3.1415926536  0.0000521839  -0.0110663132
562.3450849926  3.1415926536  3.1415926536  0.0000519510  -0.0110415842
563.6017220540  3.1415926536  3.1415926536  0.0000517196  -0.0110169654
564.8583591154  3.1415926536  3.1415926536  0.0000514898  -0.0109924561
566.1149961769  3.1415926536  3.1415926536  0.0000512615  -0.0109680557
567.3716332383  3.1415926536  3.1415926536  0.0000510347  -0.0109437633
568.6282702998  3.1415926536  3.1415926536  0.0000508094  -0.0109195783
569.8849073612  3.1415926536  3.1415926536  0.0000505856  -0.0108955000
571.1415444226  3.1415926536  3.1415926536  0.0000503633  -0.0108715276
572.3981814841  3.1415926536  3.1415926536  0.0000501424  -0.0108476605
573.6548185455  3.1415926536  3.1415926536  0.0000499230  -0.0108238979
574.9114556069  3.1415926536  3.1415926536  0.0000497050  -0.0108002392
576.1680926684  3.1415926536  3.1415926536  0.0000494885  -0.0107766837
577.4247297298  3.1415926536  3.1415926536  0.0000492733  -0.0107532308
578.6813667912  3.1415926536  3.1415926536  0.0000490596  -0.0107298797
579.9380038527  3.1415926536  3.1415926536  0.0000488472  -0.0107066298
581.1946409141  3.1415926536  3.1415926536  0.0000486362  -0.0106834804
582.4512779755  3.1415926536  3.1415926536  0.0000484266  -0.0106604310
583.7079150370  3.1415926536  3.1415926536  0.0000482184  -0.0106374807
584.9645520984  3.1415926536  3.1415926536  0.0000480114  -0.0106146291
586.2211891599  3.1415926536  3.1415926536  0.0000478058  -0.0105918755
587.4778262213  3.1415926536  3.1415926536  0.0000476016  -0.0105692191
588.7344632827  3.1415926536  3.1415926536  0.0000473986  -0.0105466595
589.9911003442  3.1415926536  3.1415926536  0.0000471969  -0.0105241960
591.2477374056  3.1415926536  3.1415926536  0.0000469965  -0.0105018280
592.5043744670  3.1415926536  3.1415926536  0.0000467974  -0.0104795549
593.7610115285  3.1415926536  3.1415926536  0.0000465996  -0.0104573761
595.0176485899  3.1415926536  3.1415926536  0.0000464030  -0.0104352909
596.2742856513  3.1415926536  3.1415926536  0.0000462076  -0.0104132988
597.5309227128  3.1415926536  3.1415926536  0.0000460135  -0.0103913992
598.7875597742  3.1415926536  3.1415926536  0.0000458206  -0.0103695915
600.0441968357  3.1415926536  3.1415926536  0.0000456289  -0.0103478752
601.3008338971  3.1415926536  3.1415926536  0.0000454384  -0.0103262497
602.5574709585  3.1415926536  3.1415926536  0.0000452491  -0.0103047143
603.8141080200  3.1415926536  3.1415926536  0.0000450609  -0.0102832686
605.0707450814  3.1415926536  3.1415926536  0.0000448740  -0.0102619119
606.3273821428  3.1415926536  3.1415926536  0.0000446882  -0.0102406438
607.5840192043  3.1415926536  3.1415926536  0.0000445036  -0.0102194637
608.8406562657  3.1415926536  3.1415926536  0.0000443201  -0.0101983710
610.0972933271  3.1415926536  3.1415926536  0.0000441377  -0.0101773651
611.3539303886  3.1415926536  3.1415926536  0.0000439564  -0.0101564457
612.6105674500  3.1415926536  3.1415926536  0.0000437763  -0.0101356120
613.8672045114  3.1415926536  3.1415926536  0.0000435973  -0.0101148637
615.1238415729  3.1415926536  3.1415926536  0.0000434194  -0.0100942001
616.3804786343  3.1415926536  3.1415926536  0.0000432425  -0.0100736208
617.6371156958  3.1415926536  3.1415926536  0.0000430667  -0.0100531252
618.8937527572  3.1415926536  3.1415926536  0.0000428921  -0.0100327128
620.1503898186  3.1415926536  3.1415926536  0.0000427184  -0.0100123832
621.4070268801  3.1415926536  3.1415926536  0.0000425458  -0.0099921358
622.6636639415  3.1415926536  3.1415926536  0.0000423743  -0.0099719701
623.9203010029  3.1415926536  3.1415926536  0.0000422038  -0.0099518857
625.1769380644  3.1415926536  3.1415926536  0.0000420343  -0.0099318820
626.4335751258  3.1415926536  3.1415926536  0.0000418659  -0.0099119585
627.6902121872  3.1415926536  3.1415926536  0.0000416984  -0.0098921148
628.9468492487  3.1415926536  3.1415926536  0.0000000000  0.0000000000
